transaction_id,account_id,merchant_id,type,amount,channel,timestamp,status,is_fraud
TXN20240315000000,ACCT203903,MERCH300153,purchase,21.43,mobile,2024-03-15 12:56:13,approved,False
TXN20240315000001,ACCT203316,MERCH300298,purchase,35.09,mobile,2024-03-15 16:45:17,approved,False
TXN20240315000002,ACCT200328,MERCH300254,transfer,81.27,web,2024-03-15 14:41:53,approved,False
TXN20240315000003,ACCT206024,MERCH300149,transfer,24.63,mobile,2024-03-15 14:20:26,approved,False
TXN20240315000004,ACCT202850,MERCH300008,purchase,19.15,in_person,2024-03-15 11:08:40,approved,False
TXN20240315000005,ACCT201261,MERCH300284,deposit,180.46,web,2024-03-15 11:00:17,approved,False
TXN20240315000006,ACCT202834,MERCH300176,purchase,54.89,web,2024-03-15 13:41:09,approved,False
TXN20240315000007,ACCT201222,MERCH300279,purchase,12.98,web,2024-03-15 09:22:01,approved,False
TXN20240315000008,ACCT200685,MERCH300052,transfer,49.21,in_person,2024-03-15 02:31:14,approved,False
TXN20240315000009,ACCT204918,MERCH300031,deposit,58.91,mobile,2024-03-15 09:56:33,approved,False
TXN20240315000010,ACCT204004,MERCH300008,purchase,113.98,web,2024-03-15 15:24:20,approved,False
TXN20240315000011,ACCT200586,MERCH300227,purchase,60.49,in_person,2024-03-15 23:45:10,approved,False
TXN20240315000012,ACCT205496,MERCH300223,purchase,110.61,web,2024-03-15 18:48:37,approved,False
TXN20240315000013,ACCT206401,MERCH300207,transfer,16.3,in_person,2024-03-15 15:37:55,approved,False
TXN20240315000014,ACCT202425,MERCH300065,purchase,55.03,atm,2024-03-15 20:19:10,approved,False
TXN20240315000015,ACCT204289,MERCH300074,purchase,146.51,in_person,2024-03-15 02:35:58,approved,False
TXN20240315000016,ACCT206096,MERCH300172,purchase,177.6,web,2024-03-15 15:03:39,approved,True
TXN20240315000017,ACCT204412,MERCH300019,purchase,20.33,web,2024-03-15 15:36:55,approved,False
TXN20240315000018,ACCT202850,MERCH300141,transfer,20.97,mobile,2024-03-15 13:09:41,approved,False
TXN20240315000019,ACCT205405,MERCH300170,withdrawal,24.68,mobile,2024-03-15 05:24:59,approved,False
TXN20240315000020,ACCT205564,MERCH300050,transfer,134.32,web,2024-03-15 11:22:54,approved,False
TXN20240315000021,ACCT204804,MERCH300034,purchase,48.99,web,2024-03-15 09:54:23,approved,False
TXN20240315000022,ACCT204465,MERCH300293,transfer,22.24,web,2024-03-15 01:26:44,approved,True
TXN20240315000023,ACCT202958,MERCH300260,purchase,62.82,in_person,2024-03-15 18:45:57,approved,False
TXN20240315000024,ACCT205148,MERCH300211,purchase,29.38,web,2024-03-15 15:47:51,approved,False
TXN20240315000025,ACCT204149,MERCH300147,purchase,76.94,in_person,2024-03-15 17:18:08,approved,False
TXN20240315000026,ACCT205208,MERCH300038,purchase,12.47,in_person,2024-03-15 23:41:40,approved,False
TXN20240315000027,ACCT204191,MERCH300288,purchase,20.26,mobile,2024-03-15 09:23:44,approved,False
TXN20240315000028,ACCT203669,MERCH300192,purchase,30.8,web,2024-03-15 02:19:52,approved,False
TXN20240315000029,ACCT205267,MERCH300133,purchase,52.78,web,2024-03-15 16:37:21,approved,False
TXN20240315000030,ACCT204434,MERCH300262,withdrawal,56.99,in_person,2024-03-15 09:04:07,approved,False
TXN20240315000031,ACCT205979,MERCH300141,transfer,30.72,atm,2024-03-15 16:15:41,approved,False
TXN20240315000032,ACCT204541,MERCH300037,purchase,19.63,in_person,2024-03-15 01:08:45,approved,False
TXN20240315000033,ACCT206135,MERCH300055,purchase,302.28,atm,2024-03-15 23:12:03,declined,False
TXN20240315000034,ACCT205645,MERCH300137,purchase,61.25,web,2024-03-15 17:44:56,approved,False
TXN20240315000035,ACCT206364,MERCH300103,purchase,11.72,in_person,2024-03-15 06:10:34,approved,False
TXN20240315000036,ACCT200445,MERCH300249,purchase,7.14,atm,2024-03-15 12:23:37,approved,False
TXN20240315000037,ACCT204539,MERCH300235,transfer,51.09,in_person,2024-03-15 11:40:36,declined,False
TXN20240315000038,ACCT203579,MERCH300123,withdrawal,29.52,in_person,2024-03-15 16:55:14,approved,False
TXN20240315000039,ACCT201625,MERCH300025,purchase,32.81,mobile,2024-03-15 11:08:30,approved,False
TXN20240315000040,ACCT204472,MERCH300156,transfer,17.33,mobile,2024-03-15 18:29:06,approved,False
TXN20240315000041,ACCT204139,MERCH300084,transfer,93.44,mobile,2024-03-15 01:53:53,approved,False
TXN20240315000042,ACCT205848,MERCH300208,purchase,130.03,in_person,2024-03-15 14:20:38,approved,False
TXN20240315000043,ACCT202291,MERCH300035,transfer,53.26,mobile,2024-03-15 06:37:41,approved,False
TXN20240315000044,ACCT201513,MERCH300026,transfer,113.76,in_person,2024-03-15 05:55:26,approved,False
TXN20240315000045,ACCT205853,MERCH300067,withdrawal,37.88,atm,2024-03-15 21:36:23,approved,False
TXN20240315000046,ACCT201452,MERCH300228,purchase,18.14,in_person,2024-03-15 11:02:32,approved,False
TXN20240315000047,ACCT205419,MERCH300155,purchase,11.9,web,2024-03-15 04:20:22,approved,False
TXN20240315000048,ACCT203438,MERCH300172,purchase,55.36,atm,2024-03-15 07:37:12,approved,False
TXN20240315000049,ACCT202826,MERCH300239,deposit,124.14,web,2024-03-15 15:19:36,approved,False
TXN20240315000050,ACCT202331,MERCH300251,purchase,37.16,in_person,2024-03-15 22:31:26,approved,False
TXN20240315000051,ACCT205539,MERCH300236,deposit,39.74,mobile,2024-03-15 21:29:32,approved,False
TXN20240315000052,ACCT205432,MERCH300238,purchase,6.29,web,2024-03-15 15:48:34,declined,False
TXN20240315000053,ACCT203439,MERCH300091,transfer,21.65,web,2024-03-15 18:54:37,approved,False
TXN20240315000054,ACCT202601,MERCH300169,purchase,55.12,in_person,2024-03-15 14:47:41,approved,False
TXN20240315000055,ACCT201570,MERCH300234,purchase,51.8,web,2024-03-15 20:04:51,approved,False
TXN20240315000056,ACCT204412,MERCH300132,purchase,19.73,in_person,2024-03-15 09:47:02,reversed,False
TXN20240315000057,ACCT203327,MERCH300067,withdrawal,77.24,web,2024-03-15 19:53:10,declined,False
TXN20240315000058,ACCT202626,MERCH300031,deposit,35.98,web,2024-03-15 03:27:28,approved,False
TXN20240315000059,ACCT203833,MERCH300099,purchase,17.34,mobile,2024-03-15 22:14:57,declined,False
TXN20240315000060,ACCT205280,MERCH300174,withdrawal,89.95,in_person,2024-03-15 17:32:40,approved,False
TXN20240315000061,ACCT201232,MERCH300177,purchase,149.31,in_person,2024-03-15 18:46:41,declined,False
TXN20240315000062,ACCT203197,MERCH300070,purchase,17.69,web,2024-03-15 01:43:25,approved,False
TXN20240315000063,ACCT202715,MERCH300174,purchase,20.61,mobile,2024-03-15 13:42:23,approved,False
TXN20240315000064,ACCT203782,MERCH300164,purchase,64.89,atm,2024-03-15 09:36:04,approved,False
TXN20240315000065,ACCT200055,MERCH300097,purchase,26.84,web,2024-03-15 20:29:11,approved,False
TXN20240315000066,ACCT205330,MERCH300040,purchase,11.32,mobile,2024-03-15 19:14:50,approved,False
TXN20240315000067,ACCT202424,MERCH300089,purchase,11.76,web,2024-03-15 02:04:04,approved,False
TXN20240315000068,ACCT203641,MERCH300247,transfer,24.99,mobile,2024-03-15 10:39:04,approved,False
TXN20240315000069,ACCT203606,MERCH300119,purchase,29.91,mobile,2024-03-15 04:16:58,approved,False
TXN20240315000070,ACCT201212,MERCH300176,purchase,18.03,web,2024-03-15 04:11:07,approved,False
TXN20240315000071,ACCT202214,MERCH300235,transfer,97.06,web,2024-03-15 14:47:25,approved,False
TXN20240315000072,ACCT205878,MERCH300067,deposit,101.12,web,2024-03-15 06:47:00,approved,False
TXN20240315000073,ACCT202108,MERCH300020,withdrawal,11.61,mobile,2024-03-15 06:13:48,approved,False
TXN20240315000074,ACCT201261,MERCH300213,purchase,88.34,in_person,2024-03-15 11:10:35,approved,False
TXN20240315000075,ACCT201355,MERCH300247,purchase,13.7,web,2024-03-15 12:17:40,approved,False
TXN20240315000076,ACCT203473,MERCH300126,purchase,13.51,mobile,2024-03-15 00:21:44,approved,False
TXN20240315000077,ACCT204902,MERCH300128,purchase,43.47,atm,2024-03-15 22:12:31,approved,False
TXN20240315000078,ACCT201974,MERCH300031,deposit,60.62,in_person,2024-03-15 07:01:20,approved,False
TXN20240315000079,ACCT202790,MERCH300221,purchase,10.37,web,2024-03-15 08:24:59,approved,False
TXN20240315000080,ACCT205007,MERCH300151,purchase,51.72,mobile,2024-03-15 14:50:56,approved,False
TXN20240315000081,ACCT201685,MERCH300130,purchase,55.3,in_person,2024-03-15 12:38:27,approved,False
TXN20240315000082,ACCT203450,MERCH300000,purchase,24.9,mobile,2024-03-15 05:42:48,approved,False
TXN20240315000083,ACCT201505,MERCH300272,transfer,290.45,web,2024-03-15 13:46:24,approved,False
TXN20240315000084,ACCT201897,MERCH300136,purchase,122.64,in_person,2024-03-15 10:09:57,approved,False
TXN20240315000085,ACCT200188,MERCH300284,purchase,17.55,mobile,2024-03-15 20:08:54,approved,False
TXN20240315000086,ACCT204634,MERCH300006,withdrawal,80.16,mobile,2024-03-15 00:56:02,approved,False
TXN20240315000087,ACCT204216,MERCH300130,purchase,17.34,in_person,2024-03-15 13:59:58,approved,False
TXN20240315000088,ACCT205395,MERCH300268,purchase,17.44,in_person,2024-03-15 00:21:16,reversed,False
TXN20240315000089,ACCT200055,MERCH300241,purchase,37.49,web,2024-03-15 12:31:33,approved,False
TXN20240315000090,ACCT200164,MERCH300194,purchase,17.39,web,2024-03-15 13:25:30,approved,False
TXN20240315000091,ACCT204732,MERCH300203,purchase,488.48,in_person,2024-03-15 16:42:43,approved,False
TXN20240315000092,ACCT203165,MERCH300171,purchase,32.47,mobile,2024-03-15 16:43:26,approved,False
TXN20240315000093,ACCT205967,MERCH300013,deposit,28.38,in_person,2024-03-15 15:08:00,approved,False
TXN20240315000094,ACCT206026,MERCH300031,transfer,34.05,mobile,2024-03-15 23:56:22,approved,False
TXN20240315000095,ACCT203389,MERCH300099,purchase,56.27,web,2024-03-15 11:55:59,approved,False
TXN20240315000096,ACCT202494,MERCH300201,purchase,33.28,mobile,2024-03-15 21:46:43,approved,False
TXN20240315000097,ACCT203236,MERCH300057,purchase,112.8,in_person,2024-03-15 21:27:59,approved,False
TXN20240315000098,ACCT201326,MERCH300276,purchase,9.02,web,2024-03-15 20:01:26,approved,False
TXN20240315000099,ACCT206396,MERCH300038,purchase,160.37,in_person,2024-03-15 18:55:43,approved,False
TXN20240315000100,ACCT203126,MERCH300177,purchase,36.27,in_person,2024-03-15 16:50:49,approved,False
TXN20240315000101,ACCT202560,MERCH300117,transfer,50.76,mobile,2024-03-15 17:12:38,approved,False
TXN20240315000102,ACCT202215,MERCH300018,deposit,39.2,web,2024-03-15 20:31:38,approved,False
TXN20240315000103,ACCT201200,MERCH300028,purchase,31.72,in_person,2024-03-15 08:08:48,approved,False
TXN20240315000104,ACCT200838,MERCH300128,purchase,10.0,mobile,2024-03-15 05:28:00,reversed,False
TXN20240315000105,ACCT203908,MERCH300263,purchase,46.17,in_person,2024-03-15 04:15:03,approved,False
TXN20240315000106,ACCT204418,MERCH300026,withdrawal,70.56,mobile,2024-03-15 12:29:03,approved,False
TXN20240315000107,ACCT203973,MERCH300108,purchase,68.11,in_person,2024-03-15 02:01:27,approved,False
TXN20240315000108,ACCT200442,MERCH300138,withdrawal,11.52,in_person,2024-03-15 19:09:47,approved,False
TXN20240315000109,ACCT201608,MERCH300166,purchase,4.28,web,2024-03-15 15:03:04,approved,False
TXN20240315000110,ACCT201393,MERCH300030,purchase,79.22,in_person,2024-03-15 10:39:55,approved,False
TXN20240315000111,ACCT202213,MERCH300165,transfer,55.56,in_person,2024-03-15 06:20:21,approved,False
TXN20240315000112,ACCT203414,MERCH300130,deposit,66.05,in_person,2024-03-15 05:45:07,approved,False
TXN20240315000113,ACCT206404,MERCH300203,purchase,104.67,mobile,2024-03-15 01:47:41,approved,False
TXN20240315000114,ACCT202007,MERCH300058,purchase,39.84,web,2024-03-15 13:25:19,approved,False
TXN20240315000115,ACCT203613,MERCH300103,transfer,21.82,atm,2024-03-15 19:54:12,approved,False
TXN20240315000116,ACCT200553,MERCH300093,withdrawal,12.14,in_person,2024-03-15 14:52:43,approved,False
TXN20240315000117,ACCT202594,MERCH300128,purchase,8.18,in_person,2024-03-15 09:39:02,approved,False
TXN20240315000118,ACCT205646,MERCH300161,purchase,13.21,web,2024-03-15 00:49:04,approved,False
TXN20240315000119,ACCT205150,MERCH300065,purchase,76.25,atm,2024-03-15 20:05:34,approved,False
TXN20240315000120,ACCT204589,MERCH300085,purchase,150.04,mobile,2024-03-15 13:57:23,approved,False
TXN20240315000121,ACCT205378,MERCH300168,withdrawal,18.7,mobile,2024-03-15 12:46:37,approved,False
TXN20240315000122,ACCT201487,MERCH300135,purchase,123.65,in_person,2024-03-15 18:32:21,approved,False
TXN20240315000123,ACCT202515,MERCH300196,deposit,6.5,mobile,2024-03-15 06:11:48,approved,False
TXN20240315000124,ACCT204636,MERCH300265,purchase,67.9,web,2024-03-15 13:18:54,approved,False
TXN20240315000125,ACCT200260,MERCH300240,transfer,15.03,mobile,2024-03-15 12:18:44,approved,False
TXN20240315000126,ACCT206041,MERCH300100,purchase,26.73,in_person,2024-03-15 19:13:18,approved,False
TXN20240315000127,ACCT203879,MERCH300294,purchase,46.86,atm,2024-03-15 05:41:52,approved,False
TXN20240315000128,ACCT204425,MERCH300036,transfer,37.64,mobile,2024-03-15 23:04:45,approved,False
TXN20240315000129,ACCT205440,MERCH300264,purchase,100.88,mobile,2024-03-15 21:08:50,approved,False
TXN20240315000130,ACCT204802,MERCH300115,purchase,83.45,in_person,2024-03-15 07:10:23,approved,False
TXN20240315000131,ACCT202547,MERCH300267,purchase,43.73,web,2024-03-15 20:27:17,approved,False
TXN20240315000132,ACCT202333,MERCH300231,deposit,20.03,mobile,2024-03-15 02:18:28,approved,False
TXN20240315000133,ACCT200943,MERCH300207,purchase,150.21,in_person,2024-03-15 03:06:00,approved,False
TXN20240315000134,ACCT205858,MERCH300120,transfer,98.36,in_person,2024-03-15 12:14:36,approved,False
TXN20240315000135,ACCT204951,MERCH300296,purchase,23.89,mobile,2024-03-15 19:35:47,approved,False
TXN20240315000136,ACCT206062,MERCH300195,purchase,19.5,mobile,2024-03-15 20:34:17,approved,False
TXN20240315000137,ACCT205282,MERCH300177,purchase,66.71,web,2024-03-15 20:12:38,approved,False
TXN20240315000138,ACCT201800,MERCH300057,purchase,27.65,in_person,2024-03-15 06:51:28,approved,False
TXN20240315000139,ACCT203441,MERCH300066,transfer,30.91,in_person,2024-03-15 23:50:20,approved,False
TXN20240315000140,ACCT201675,MERCH300269,purchase,95.46,web,2024-03-15 03:13:01,approved,False
TXN20240315000141,ACCT202068,MERCH300089,purchase,179.94,mobile,2024-03-15 10:58:17,reversed,False
TXN20240315000142,ACCT203368,MERCH300231,purchase,53.04,atm,2024-03-15 14:58:24,approved,False
TXN20240315000143,ACCT205127,MERCH300163,purchase,40.75,web,2024-03-15 09:19:22,approved,False
TXN20240315000144,ACCT202673,MERCH300251,transfer,33.98,web,2024-03-15 10:34:34,approved,False
TXN20240315000145,ACCT205437,MERCH300076,purchase,53.92,mobile,2024-03-15 19:37:33,declined,False
TXN20240315000146,ACCT201106,MERCH300161,purchase,67.65,in_person,2024-03-15 17:58:22,approved,False
TXN20240315000147,ACCT205214,MERCH300187,purchase,77.23,web,2024-03-15 02:47:45,approved,False
TXN20240315000148,ACCT203255,MERCH300151,purchase,12.19,mobile,2024-03-15 01:14:43,approved,False
TXN20240315000149,ACCT201668,MERCH300197,deposit,73.13,mobile,2024-03-15 05:57:28,approved,False
TXN20240315000150,ACCT203783,MERCH300184,purchase,37.0,web,2024-03-15 06:41:20,approved,False
TXN20240315000151,ACCT203445,MERCH300005,transfer,194.03,mobile,2024-03-15 11:39:19,approved,False
TXN20240315000152,ACCT200864,MERCH300212,purchase,26.7,mobile,2024-03-15 00:19:52,declined,False
TXN20240315000153,ACCT204888,MERCH300115,purchase,28.53,mobile,2024-03-15 18:35:45,approved,False
TXN20240315000154,ACCT202720,MERCH300018,purchase,7.7,in_person,2024-03-15 18:45:08,reversed,False
TXN20240315000155,ACCT204017,MERCH300033,purchase,112.42,mobile,2024-03-15 16:48:35,approved,False
TXN20240315000156,ACCT203572,MERCH300193,purchase,41.14,mobile,2024-03-15 21:43:11,approved,False
TXN20240315000157,ACCT200880,MERCH300268,purchase,49.04,web,2024-03-15 09:15:19,approved,False
TXN20240315000158,ACCT204113,MERCH300205,purchase,60.89,mobile,2024-03-15 00:47:03,approved,False
TXN20240315000159,ACCT206133,MERCH300188,deposit,144.33,in_person,2024-03-15 08:33:27,declined,False
TXN20240315000160,ACCT200010,MERCH300164,purchase,131.59,mobile,2024-03-15 07:16:04,declined,False
TXN20240315000161,ACCT201612,MERCH300052,purchase,39.36,atm,2024-03-15 23:38:52,approved,False
TXN20240315000162,ACCT201347,MERCH300167,purchase,7.44,mobile,2024-03-15 23:48:21,approved,False
TXN20240315000163,ACCT201679,MERCH300032,deposit,16.21,web,2024-03-15 10:55:27,approved,False
TXN20240315000164,ACCT204595,MERCH300105,deposit,80.35,in_person,2024-03-15 09:28:21,approved,False
TXN20240315000165,ACCT202231,MERCH300128,purchase,99.91,in_person,2024-03-15 14:55:05,approved,False
TXN20240315000166,ACCT205614,MERCH300226,purchase,79.83,in_person,2024-03-15 21:37:41,approved,False
TXN20240315000167,ACCT203774,MERCH300199,purchase,33.5,mobile,2024-03-15 17:41:01,approved,False
TXN20240315000168,ACCT202477,MERCH300172,deposit,48.63,in_person,2024-03-15 18:27:07,approved,False
TXN20240315000169,ACCT200095,MERCH300060,withdrawal,11.52,mobile,2024-03-15 11:31:20,approved,False
TXN20240315000170,ACCT204998,MERCH300053,purchase,27.28,mobile,2024-03-15 03:45:47,approved,False
TXN20240315000171,ACCT204724,MERCH300122,purchase,21.9,in_person,2024-03-15 04:26:57,approved,False
TXN20240315000172,ACCT201239,MERCH300071,purchase,23.0,in_person,2024-03-15 17:19:47,approved,False
TXN20240315000173,ACCT202441,MERCH300174,purchase,5.63,web,2024-03-15 21:35:59,approved,False
TXN20240315000174,ACCT202122,MERCH300084,purchase,6.34,atm,2024-03-15 01:58:34,reversed,False
TXN20240315000175,ACCT205505,MERCH300075,transfer,53.64,web,2024-03-15 12:21:53,approved,False
TXN20240315000176,ACCT204165,MERCH300003,purchase,37.24,web,2024-03-15 14:11:43,approved,False
TXN20240315000177,ACCT204478,MERCH300096,purchase,41.29,in_person,2024-03-15 19:12:38,approved,False
TXN20240315000178,ACCT204654,MERCH300193,purchase,8.82,mobile,2024-03-15 05:06:40,approved,False
TXN20240315000179,ACCT202584,MERCH300057,purchase,57.26,mobile,2024-03-15 08:11:53,approved,False
TXN20240315000180,ACCT201260,MERCH300213,withdrawal,16.01,mobile,2024-03-15 08:03:34,approved,False
TXN20240315000181,ACCT202443,MERCH300133,purchase,30.09,web,2024-03-15 14:47:45,approved,False
TXN20240315000182,ACCT202440,MERCH300059,purchase,22.99,in_person,2024-03-15 16:33:38,approved,False
TXN20240315000183,ACCT206401,MERCH300160,purchase,123.41,atm,2024-03-15 23:39:32,approved,False
TXN20240315000184,ACCT202603,MERCH300071,purchase,10.61,web,2024-03-15 10:23:24,approved,False
TXN20240315000185,ACCT201275,MERCH300169,withdrawal,49.5,atm,2024-03-15 17:19:21,approved,False
TXN20240315000186,ACCT203921,MERCH300051,purchase,10.38,atm,2024-03-15 05:54:06,approved,False
TXN20240315000187,ACCT201812,MERCH300082,purchase,56.78,in_person,2024-03-15 05:38:39,approved,False
TXN20240315000188,ACCT206362,MERCH300234,purchase,71.46,atm,2024-03-15 08:06:04,approved,False
TXN20240315000189,ACCT202831,MERCH300115,withdrawal,49.32,mobile,2024-03-15 15:23:57,approved,False
TXN20240315000190,ACCT205864,MERCH300169,purchase,28.36,web,2024-03-15 09:24:36,approved,False
TXN20240315000191,ACCT202234,MERCH300164,purchase,58.58,mobile,2024-03-15 21:49:43,approved,False
TXN20240315000192,ACCT204570,MERCH300252,purchase,68.36,web,2024-03-15 18:54:05,approved,False
TXN20240315000193,ACCT203807,MERCH300009,purchase,3.54,in_person,2024-03-15 22:00:31,approved,False
TXN20240315000194,ACCT202899,MERCH300259,purchase,11.14,mobile,2024-03-15 10:14:16,approved,False
TXN20240315000195,ACCT205446,MERCH300232,transfer,16.67,web,2024-03-15 05:03:45,approved,False
TXN20240315000196,ACCT206070,MERCH300028,purchase,52.88,web,2024-03-15 02:38:10,declined,False
TXN20240315000197,ACCT202169,MERCH300193,withdrawal,86.63,in_person,2024-03-15 09:45:04,approved,False
TXN20240315000198,ACCT204642,MERCH300125,transfer,38.45,web,2024-03-15 16:41:13,approved,False
TXN20240315000199,ACCT205891,MERCH300096,purchase,48.99,in_person,2024-03-15 17:03:56,approved,False
TXN20240315000200,ACCT204736,MERCH300229,withdrawal,12.87,web,2024-03-15 05:51:47,approved,False
TXN20240315000201,ACCT201095,MERCH300295,purchase,54.88,web,2024-03-15 22:46:30,approved,False
TXN20240315000202,ACCT204303,MERCH300178,purchase,16.39,in_person,2024-03-15 06:52:01,approved,False
TXN20240315000203,ACCT200034,MERCH300221,purchase,62.05,mobile,2024-03-15 19:18:17,approved,False
TXN20240315000204,ACCT204379,MERCH300111,purchase,24.13,mobile,2024-03-15 17:08:20,approved,False
TXN20240315000205,ACCT200947,MERCH300248,withdrawal,184.03,mobile,2024-03-15 11:42:43,approved,False
TXN20240315000206,ACCT206323,MERCH300058,deposit,59.33,in_person,2024-03-15 21:54:51,approved,False
TXN20240315000207,ACCT202912,MERCH300244,purchase,11.73,mobile,2024-03-15 04:36:28,approved,False
TXN20240315000208,ACCT206377,MERCH300061,withdrawal,85.82,web,2024-03-15 06:15:25,approved,False
TXN20240315000209,ACCT205942,MERCH300055,transfer,25.45,mobile,2024-03-15 00:03:21,approved,False
TXN20240315000210,ACCT200029,MERCH300011,purchase,8.63,mobile,2024-03-15 05:08:07,approved,False
TXN20240315000211,ACCT206438,MERCH300284,purchase,36.12,mobile,2024-03-15 03:01:34,approved,False
TXN20240315000212,ACCT203892,MERCH300113,purchase,64.03,web,2024-03-15 11:19:42,approved,False
TXN20240315000213,ACCT204862,MERCH300126,deposit,41.45,web,2024-03-15 08:31:10,declined,False
TXN20240315000214,ACCT203821,MERCH300284,deposit,33.24,web,2024-03-15 05:18:39,approved,False
TXN20240315000215,ACCT204351,MERCH300024,deposit,52.65,in_person,2024-03-15 23:45:44,approved,False
TXN20240315000216,ACCT201538,MERCH300056,withdrawal,40.38,in_person,2024-03-15 09:21:48,approved,False
TXN20240315000217,ACCT201481,MERCH300022,purchase,135.15,in_person,2024-03-15 07:18:25,approved,False
TXN20240315000218,ACCT202695,MERCH300006,purchase,11.22,in_person,2024-03-15 04:03:18,approved,False
TXN20240315000219,ACCT202976,MERCH300123,withdrawal,120.06,mobile,2024-03-15 12:24:11,approved,False
TXN20240315000220,ACCT206032,MERCH300113,purchase,56.03,mobile,2024-03-15 20:57:56,approved,False
TXN20240315000221,ACCT204258,MERCH300154,purchase,11.43,web,2024-03-15 10:03:48,approved,False
TXN20240315000222,ACCT205581,MERCH300229,purchase,21.53,mobile,2024-03-15 07:41:21,approved,False
TXN20240315000223,ACCT203480,MERCH300077,purchase,45.0,web,2024-03-15 16:56:17,approved,False
TXN20240315000224,ACCT203081,MERCH300004,purchase,56.15,mobile,2024-03-15 03:02:33,approved,False
TXN20240315000225,ACCT204459,MERCH300283,purchase,117.65,mobile,2024-03-15 01:04:27,approved,False
TXN20240315000226,ACCT204565,MERCH300162,withdrawal,45.55,mobile,2024-03-15 11:18:53,approved,False
TXN20240315000227,ACCT201822,MERCH300274,purchase,35.67,web,2024-03-15 04:06:15,approved,False
TXN20240315000228,ACCT205033,MERCH300209,transfer,30.93,mobile,2024-03-15 11:24:28,approved,False
TXN20240315000229,ACCT202990,MERCH300195,purchase,22.87,in_person,2024-03-15 02:37:05,approved,False
TXN20240315000230,ACCT202282,MERCH300098,transfer,43.91,web,2024-03-15 12:41:34,approved,False
TXN20240315000231,ACCT204457,MERCH300009,withdrawal,35.28,web,2024-03-15 19:14:22,approved,False
TXN20240315000232,ACCT205993,MERCH300129,purchase,20.1,atm,2024-03-15 05:04:27,reversed,False
TXN20240315000233,ACCT204922,MERCH300019,deposit,22.13,in_person,2024-03-15 02:17:15,approved,False
TXN20240315000234,ACCT202886,MERCH300003,purchase,74.49,web,2024-03-15 06:51:44,approved,False
TXN20240315000235,ACCT205375,MERCH300169,purchase,12.65,in_person,2024-03-15 04:05:30,approved,False
TXN20240315000236,ACCT202558,MERCH300267,deposit,65.45,in_person,2024-03-15 03:15:30,approved,False
TXN20240315000237,ACCT205488,MERCH300186,purchase,142.09,in_person,2024-03-15 03:46:26,declined,True
TXN20240315000238,ACCT203620,MERCH300201,transfer,34.98,web,2024-03-15 21:53:31,declined,False
TXN20240315000239,ACCT202516,MERCH300025,purchase,110.61,atm,2024-03-15 10:27:11,approved,False
TXN20240315000240,ACCT203582,MERCH300119,withdrawal,62.63,web,2024-03-15 07:43:33,approved,False
TXN20240315000241,ACCT200817,MERCH300163,purchase,58.17,web,2024-03-15 06:30:21,approved,False
TXN20240315000242,ACCT202211,MERCH300220,purchase,15.94,atm,2024-03-15 08:50:32,approved,False
TXN20240315000243,ACCT201153,MERCH300138,purchase,52.25,mobile,2024-03-15 20:59:44,approved,False
TXN20240315000244,ACCT201500,MERCH300201,deposit,21.27,web,2024-03-15 06:19:27,approved,False
TXN20240315000245,ACCT206086,MERCH300038,purchase,19.57,mobile,2024-03-15 06:53:36,approved,False
TXN20240315000246,ACCT203252,MERCH300266,purchase,20.9,web,2024-03-15 19:41:59,approved,False
TXN20240315000247,ACCT203243,MERCH300104,purchase,10.62,atm,2024-03-15 17:09:55,approved,False
TXN20240315000248,ACCT201776,MERCH300272,purchase,42.59,in_person,2024-03-15 23:09:53,approved,False
TXN20240315000249,ACCT201672,MERCH300106,purchase,58.27,mobile,2024-03-15 13:49:45,approved,False
TXN20240315000250,ACCT205129,MERCH300289,purchase,11.84,web,2024-03-15 10:37:26,approved,False
TXN20240315000251,ACCT205920,MERCH300154,purchase,66.68,mobile,2024-03-15 19:18:15,declined,False
TXN20240315000252,ACCT201368,MERCH300207,purchase,12.23,in_person,2024-03-15 18:41:00,approved,False
TXN20240315000253,ACCT204147,MERCH300216,purchase,67.16,mobile,2024-03-15 13:44:58,approved,False
TXN20240315000254,ACCT204062,MERCH300044,purchase,65.89,mobile,2024-03-15 07:11:47,reversed,False
TXN20240315000255,ACCT200974,MERCH300055,purchase,56.37,mobile,2024-03-15 07:47:55,approved,False
TXN20240315000256,ACCT202319,MERCH300156,purchase,24.39,in_person,2024-03-15 09:54:24,approved,False
TXN20240315000257,ACCT205799,MERCH300269,purchase,92.9,in_person,2024-03-15 15:18:28,approved,False
TXN20240315000258,ACCT202947,MERCH300103,purchase,31.31,mobile,2024-03-15 05:59:31,approved,False
TXN20240315000259,ACCT201125,MERCH300127,transfer,54.23,in_person,2024-03-15 06:20:55,approved,False
TXN20240315000260,ACCT205339,MERCH300064,purchase,31.7,mobile,2024-03-15 00:54:22,approved,False
TXN20240315000261,ACCT205896,MERCH300091,withdrawal,50.3,mobile,2024-03-15 12:23:46,approved,False
TXN20240315000262,ACCT203506,MERCH300162,purchase,225.62,web,2024-03-15 13:29:58,approved,False
TXN20240315000263,ACCT203630,MERCH300098,transfer,5.67,in_person,2024-03-15 14:09:50,approved,False
TXN20240315000264,ACCT200218,MERCH300278,withdrawal,30.56,mobile,2024-03-15 08:23:04,approved,False
TXN20240315000265,ACCT201913,MERCH300174,withdrawal,16.68,atm,2024-03-15 20:54:28,approved,False
TXN20240315000266,ACCT200468,MERCH300035,purchase,50.44,mobile,2024-03-15 00:44:58,approved,False
TXN20240315000267,ACCT201601,MERCH300238,purchase,21.81,mobile,2024-03-15 02:21:25,approved,False
TXN20240315000268,ACCT205846,MERCH300245,purchase,15.63,mobile,2024-03-15 04:11:11,declined,False
TXN20240315000269,ACCT206420,MERCH300113,purchase,12.04,atm,2024-03-15 05:12:10,approved,False
TXN20240315000270,ACCT206391,MERCH300221,purchase,31.67,mobile,2024-03-15 01:04:20,approved,False
TXN20240315000271,ACCT201811,MERCH300164,purchase,68.36,web,2024-03-15 04:59:42,declined,False
TXN20240315000272,ACCT201096,MERCH300251,purchase,23.32,web,2024-03-15 20:56:56,approved,False
TXN20240315000273,ACCT205149,MERCH300095,purchase,37.76,in_person,2024-03-15 14:25:27,approved,False
TXN20240315000274,ACCT203915,MERCH300298,purchase,34.68,mobile,2024-03-15 17:09:04,approved,False
TXN20240315000275,ACCT200130,MERCH300082,withdrawal,10.04,web,2024-03-15 15:30:29,approved,False
TXN20240315000276,ACCT202616,MERCH300045,purchase,59.95,mobile,2024-03-15 05:07:41,reversed,False
TXN20240315000277,ACCT202193,MERCH300220,deposit,6.08,atm,2024-03-15 13:21:42,approved,False
TXN20240315000278,ACCT204120,MERCH300073,deposit,32.11,atm,2024-03-15 17:01:12,approved,False
TXN20240315000279,ACCT203586,MERCH300219,purchase,40.24,atm,2024-03-15 00:08:04,approved,False
TXN20240315000280,ACCT205831,MERCH300027,transfer,66.44,web,2024-03-15 03:47:43,approved,False
TXN20240315000281,ACCT204325,MERCH300243,transfer,24.95,mobile,2024-03-15 16:25:37,approved,False
TXN20240315000282,ACCT202627,MERCH300151,purchase,32.95,in_person,2024-03-15 06:53:31,approved,False
TXN20240315000283,ACCT200648,MERCH300012,purchase,20.42,in_person,2024-03-15 00:39:02,approved,False
TXN20240315000284,ACCT205799,MERCH300046,purchase,31.39,web,2024-03-15 11:19:58,approved,False
TXN20240315000285,ACCT204139,MERCH300024,purchase,80.06,web,2024-03-15 15:46:31,approved,False
TXN20240315000286,ACCT200753,MERCH300229,purchase,50.02,in_person,2024-03-15 05:57:42,approved,False
TXN20240315000287,ACCT203747,MERCH300267,deposit,19.1,atm,2024-03-15 00:05:21,approved,False
TXN20240315000288,ACCT204230,MERCH300114,purchase,28.06,mobile,2024-03-15 08:10:29,approved,False
TXN20240315000289,ACCT205418,MERCH300208,purchase,16.24,in_person,2024-03-15 04:15:38,approved,False
TXN20240315000290,ACCT201492,MERCH300042,purchase,125.53,mobile,2024-03-15 17:29:36,approved,False
TXN20240315000291,ACCT202846,MERCH300262,purchase,15.96,web,2024-03-15 18:11:16,approved,False
TXN20240315000292,ACCT202446,MERCH300018,purchase,13.88,web,2024-03-15 11:47:35,approved,False
TXN20240315000293,ACCT202188,MERCH300115,purchase,8.79,in_person,2024-03-15 02:22:59,approved,False
TXN20240315000294,ACCT205630,MERCH300022,deposit,32.03,mobile,2024-03-15 20:52:29,approved,False
TXN20240315000295,ACCT206269,MERCH300191,purchase,9.24,mobile,2024-03-15 09:03:58,approved,False
TXN20240315000296,ACCT200937,MERCH300165,purchase,226.6,mobile,2024-03-15 21:54:53,approved,False
TXN20240315000297,ACCT204929,MERCH300016,deposit,110.3,in_person,2024-03-15 09:38:17,approved,False
TXN20240315000298,ACCT203539,MERCH300295,purchase,66.8,atm,2024-03-15 10:57:09,approved,False
TXN20240315000299,ACCT205860,MERCH300117,withdrawal,80.08,in_person,2024-03-15 02:12:50,approved,False
TXN20240315000300,ACCT203622,MERCH300202,purchase,144.86,atm,2024-03-15 13:09:43,approved,False
TXN20240315000301,ACCT202213,MERCH300013,purchase,48.42,mobile,2024-03-15 00:47:45,approved,False
TXN20240315000302,ACCT205145,MERCH300195,purchase,33.11,in_person,2024-03-15 00:32:44,approved,False
TXN20240315000303,ACCT200158,MERCH300185,transfer,25.41,atm,2024-03-15 17:25:26,approved,False
TXN20240315000304,ACCT201160,MERCH300111,purchase,6.79,web,2024-03-15 03:02:57,approved,False
TXN20240315000305,ACCT201538,MERCH300157,purchase,40.73,web,2024-03-15 23:33:48,approved,False
TXN20240315000306,ACCT206232,MERCH300228,purchase,62.68,mobile,2024-03-15 15:30:16,approved,False
TXN20240315000307,ACCT205653,MERCH300268,transfer,21.44,in_person,2024-03-15 19:14:08,approved,False
TXN20240315000308,ACCT202126,MERCH300039,withdrawal,364.94,atm,2024-03-15 09:24:49,approved,False
TXN20240315000309,ACCT200998,MERCH300201,purchase,18.34,web,2024-03-15 16:43:26,approved,False
TXN20240315000310,ACCT205718,MERCH300155,purchase,49.02,mobile,2024-03-15 22:26:35,approved,False
TXN20240315000311,ACCT205273,MERCH300001,purchase,6.86,in_person,2024-03-15 06:39:56,approved,False
TXN20240315000312,ACCT203015,MERCH300138,purchase,260.78,mobile,2024-03-15 07:17:38,approved,False
TXN20240315000313,ACCT200952,MERCH300084,withdrawal,28.73,in_person,2024-03-15 22:58:17,approved,False
TXN20240315000314,ACCT205292,MERCH300253,withdrawal,59.78,in_person,2024-03-15 19:08:34,approved,False
TXN20240315000315,ACCT206339,MERCH300090,withdrawal,61.89,atm,2024-03-15 13:45:23,approved,False
TXN20240315000316,ACCT204499,MERCH300136,withdrawal,64.98,mobile,2024-03-15 19:54:33,approved,False
TXN20240315000317,ACCT203212,MERCH300137,purchase,66.49,web,2024-03-15 14:17:09,approved,False
TXN20240315000318,ACCT203194,MERCH300249,transfer,207.2,web,2024-03-15 09:52:33,approved,False
TXN20240315000319,ACCT201460,MERCH300093,purchase,21.09,mobile,2024-03-15 21:10:41,approved,False
TXN20240315000320,ACCT200938,MERCH300289,purchase,144.46,mobile,2024-03-15 01:37:39,approved,False
TXN20240315000321,ACCT205328,MERCH300210,purchase,86.8,mobile,2024-03-15 12:02:12,approved,False
TXN20240315000322,ACCT205342,MERCH300121,deposit,17.85,web,2024-03-15 04:44:44,approved,False
TXN20240315000323,ACCT206156,MERCH300100,withdrawal,19.79,web,2024-03-15 16:16:49,approved,False
TXN20240315000324,ACCT203277,MERCH300094,withdrawal,23.4,mobile,2024-03-15 10:35:26,approved,False
TXN20240315000325,ACCT203159,MERCH300052,purchase,157.03,in_person,2024-03-15 05:17:39,declined,False
TXN20240315000326,ACCT203753,MERCH300017,purchase,201.68,in_person,2024-03-15 23:22:44,approved,False
TXN20240315000327,ACCT206435,MERCH300087,transfer,84.1,in_person,2024-03-15 09:28:22,approved,False
TXN20240315000328,ACCT204185,MERCH300248,purchase,22.76,in_person,2024-03-15 07:46:34,approved,False
TXN20240315000329,ACCT202312,MERCH300247,purchase,29.05,web,2024-03-15 19:27:03,approved,False
TXN20240315000330,ACCT204991,MERCH300214,purchase,101.72,in_person,2024-03-15 20:03:32,approved,False
TXN20240315000331,ACCT201561,MERCH300030,purchase,13.28,web,2024-03-15 17:44:55,approved,False
TXN20240315000332,ACCT200007,MERCH300078,purchase,92.49,in_person,2024-03-15 08:37:40,approved,False
TXN20240315000333,ACCT206287,MERCH300000,purchase,33.86,atm,2024-03-15 20:11:54,approved,False
TXN20240315000334,ACCT205673,MERCH300134,purchase,12.93,in_person,2024-03-15 08:07:01,approved,False
TXN20240315000335,ACCT205465,MERCH300267,deposit,12.51,web,2024-03-15 16:29:38,approved,False
TXN20240315000336,ACCT202622,MERCH300040,purchase,140.31,mobile,2024-03-15 13:00:32,approved,True
TXN20240315000337,ACCT200810,MERCH300041,deposit,11.33,mobile,2024-03-15 10:38:10,approved,False
TXN20240315000338,ACCT204437,MERCH300262,withdrawal,84.0,atm,2024-03-15 02:26:28,approved,False
TXN20240315000339,ACCT200288,MERCH300046,purchase,151.2,in_person,2024-03-15 12:19:25,approved,False
TXN20240315000340,ACCT200474,MERCH300137,deposit,54.14,atm,2024-03-15 09:37:29,approved,False
TXN20240315000341,ACCT204252,MERCH300297,purchase,17.59,web,2024-03-15 19:14:51,approved,False
TXN20240315000342,ACCT202005,MERCH300215,withdrawal,21.72,in_person,2024-03-15 13:54:13,approved,False
TXN20240315000343,ACCT204069,MERCH300247,withdrawal,11.35,in_person,2024-03-15 15:11:42,approved,False
TXN20240315000344,ACCT200677,MERCH300159,purchase,17.06,mobile,2024-03-15 12:20:11,approved,False
TXN20240315000345,ACCT203960,MERCH300003,purchase,15.52,mobile,2024-03-15 04:07:22,approved,False
TXN20240315000346,ACCT202086,MERCH300161,withdrawal,51.84,in_person,2024-03-15 06:21:53,approved,False
TXN20240315000347,ACCT200711,MERCH300073,transfer,66.55,mobile,2024-03-15 01:33:27,approved,False
TXN20240315000348,ACCT200202,MERCH300291,purchase,17.67,in_person,2024-03-15 15:19:50,approved,False
TXN20240315000349,ACCT206222,MERCH300175,purchase,12.86,in_person,2024-03-15 12:17:14,approved,False
TXN20240315000350,ACCT205729,MERCH300216,purchase,52.57,web,2024-03-15 10:45:12,approved,False
TXN20240315000351,ACCT202523,MERCH300172,transfer,267.71,in_person,2024-03-15 03:17:14,approved,False
TXN20240315000352,ACCT205405,MERCH300028,purchase,41.74,in_person,2024-03-15 02:39:09,approved,False
TXN20240315000353,ACCT203358,MERCH300284,purchase,18.65,mobile,2024-03-15 01:26:11,declined,False
TXN20240315000354,ACCT201620,MERCH300161,purchase,42.4,in_person,2024-03-15 20:27:28,approved,False
TXN20240315000355,ACCT202314,MERCH300141,purchase,28.1,mobile,2024-03-15 02:02:10,approved,True
TXN20240315000356,ACCT203047,MERCH300258,purchase,55.71,web,2024-03-15 01:56:55,approved,False
TXN20240315000357,ACCT203752,MERCH300121,purchase,22.98,in_person,2024-03-15 08:51:08,approved,False
TXN20240315000358,ACCT203131,MERCH300285,transfer,113.54,in_person,2024-03-15 15:11:02,approved,False
TXN20240315000359,ACCT206103,MERCH300005,purchase,75.04,mobile,2024-03-15 14:46:58,approved,False
TXN20240315000360,ACCT205631,MERCH300269,transfer,37.67,web,2024-03-15 12:43:59,approved,False
TXN20240315000361,ACCT203607,MERCH300212,deposit,140.59,mobile,2024-03-15 06:18:41,approved,False
TXN20240315000362,ACCT200891,MERCH300276,withdrawal,2.92,web,2024-03-15 01:16:36,approved,False
TXN20240315000363,ACCT201427,MERCH300245,purchase,11.33,atm,2024-03-15 02:01:56,approved,False
TXN20240315000364,ACCT205627,MERCH300015,purchase,29.16,web,2024-03-15 00:33:57,approved,False
TXN20240315000365,ACCT205246,MERCH300059,purchase,62.68,web,2024-03-15 02:57:42,approved,False
TXN20240315000366,ACCT200804,MERCH300287,purchase,57.84,in_person,2024-03-15 16:56:35,approved,False
TXN20240315000367,ACCT203970,MERCH300288,transfer,10.38,in_person,2024-03-15 09:44:42,approved,False
TXN20240315000368,ACCT201865,MERCH300128,purchase,110.53,in_person,2024-03-15 20:15:26,approved,False
TXN20240315000369,ACCT202860,MERCH300269,purchase,87.0,in_person,2024-03-15 22:25:08,approved,False
TXN20240315000370,ACCT200010,MERCH300110,purchase,8.28,in_person,2024-03-15 03:09:04,approved,False
TXN20240315000371,ACCT202410,MERCH300086,deposit,8.5,mobile,2024-03-15 14:14:13,declined,False
TXN20240315000372,ACCT200880,MERCH300024,purchase,40.2,in_person,2024-03-15 17:37:22,approved,False
TXN20240315000373,ACCT202198,MERCH300036,purchase,32.55,web,2024-03-15 19:42:27,approved,False
TXN20240315000374,ACCT205024,MERCH300104,purchase,111.15,web,2024-03-15 21:01:37,reversed,False
TXN20240315000375,ACCT204288,MERCH300294,deposit,88.19,atm,2024-03-15 10:44:43,approved,False
TXN20240315000376,ACCT200881,MERCH300075,transfer,205.01,web,2024-03-15 21:39:32,approved,False
TXN20240315000377,ACCT200497,MERCH300196,purchase,38.63,web,2024-03-15 07:27:47,approved,False
TXN20240315000378,ACCT201876,MERCH300132,purchase,11.8,web,2024-03-15 23:53:38,approved,False
TXN20240315000379,ACCT204886,MERCH300221,purchase,50.9,atm,2024-03-15 03:26:06,approved,False
TXN20240315000380,ACCT201509,MERCH300202,purchase,13.71,web,2024-03-15 16:22:48,approved,False
TXN20240315000381,ACCT206094,MERCH300105,purchase,56.15,atm,2024-03-15 01:13:24,approved,False
TXN20240315000382,ACCT206308,MERCH300226,purchase,94.9,web,2024-03-15 23:43:24,approved,False
TXN20240315000383,ACCT203704,MERCH300116,transfer,7.94,web,2024-03-15 09:58:15,approved,False
TXN20240315000384,ACCT200206,MERCH300277,transfer,16.19,in_person,2024-03-15 01:00:40,approved,False
TXN20240315000385,ACCT201820,MERCH300161,purchase,41.01,web,2024-03-15 10:32:19,approved,False
TXN20240315000386,ACCT206042,MERCH300102,purchase,11.64,in_person,2024-03-15 06:07:16,approved,False
TXN20240315000387,ACCT202352,MERCH300067,purchase,50.64,mobile,2024-03-15 02:02:27,approved,False
TXN20240315000388,ACCT202236,MERCH300216,purchase,104.49,mobile,2024-03-15 17:30:39,declined,False
TXN20240315000389,ACCT203471,MERCH300285,deposit,97.62,web,2024-03-15 03:46:29,approved,False
TXN20240315000390,ACCT201275,MERCH300225,purchase,7.09,in_person,2024-03-15 04:49:31,approved,False
TXN20240315000391,ACCT201013,MERCH300082,purchase,66.97,mobile,2024-03-15 17:18:14,approved,False
TXN20240315000392,ACCT205321,MERCH300180,deposit,8.77,in_person,2024-03-15 14:00:42,approved,False
TXN20240315000393,ACCT200114,MERCH300295,purchase,10.26,web,2024-03-15 03:12:38,approved,False
TXN20240315000394,ACCT202119,MERCH300145,purchase,54.68,in_person,2024-03-15 10:32:02,declined,False
TXN20240315000395,ACCT200405,MERCH300189,withdrawal,66.12,in_person,2024-03-15 11:30:01,approved,False
TXN20240315000396,ACCT200551,MERCH300290,purchase,46.31,in_person,2024-03-15 18:04:13,approved,False
TXN20240315000397,ACCT203754,MERCH300213,purchase,35.09,web,2024-03-15 13:09:36,approved,False
TXN20240315000398,ACCT201724,MERCH300139,purchase,153.7,web,2024-03-15 20:54:33,approved,False
TXN20240315000399,ACCT202987,MERCH300095,purchase,119.28,mobile,2024-03-15 18:51:11,approved,False
TXN20240315000400,ACCT204723,MERCH300233,purchase,99.72,mobile,2024-03-15 16:02:25,approved,False
TXN20240315000401,ACCT202459,MERCH300297,purchase,61.68,mobile,2024-03-15 20:06:49,approved,False
TXN20240315000402,ACCT203394,MERCH300046,deposit,124.87,web,2024-03-15 06:57:26,approved,False
TXN20240315000403,ACCT204793,MERCH300177,deposit,47.72,web,2024-03-15 02:32:53,approved,False
TXN20240315000404,ACCT201312,MERCH300129,purchase,51.59,mobile,2024-03-15 19:40:08,declined,False
TXN20240315000405,ACCT203415,MERCH300133,transfer,19.91,web,2024-03-15 03:52:24,approved,False
TXN20240315000406,ACCT204002,MERCH300103,purchase,87.67,web,2024-03-15 21:27:45,approved,False
TXN20240315000407,ACCT200216,MERCH300268,withdrawal,46.0,web,2024-03-15 04:29:52,approved,False
TXN20240315000408,ACCT204629,MERCH300259,withdrawal,190.31,atm,2024-03-15 03:58:28,approved,False
TXN20240315000409,ACCT202770,MERCH300098,purchase,77.78,mobile,2024-03-15 20:04:11,approved,False
TXN20240315000410,ACCT203881,MERCH300022,purchase,62.77,web,2024-03-15 02:15:29,reversed,False
TXN20240315000411,ACCT200351,MERCH300031,purchase,214.27,web,2024-03-15 21:29:02,approved,False
TXN20240315000412,ACCT200269,MERCH300024,transfer,34.59,in_person,2024-03-15 01:46:09,approved,False
TXN20240315000413,ACCT205781,MERCH300109,purchase,90.56,web,2024-03-15 14:27:35,approved,False
TXN20240315000414,ACCT202560,MERCH300200,purchase,115.35,in_person,2024-03-15 18:37:37,approved,False
TXN20240315000415,ACCT206100,MERCH300210,purchase,34.33,atm,2024-03-15 13:41:34,approved,False
TXN20240315000416,ACCT204060,MERCH300142,deposit,46.32,mobile,2024-03-15 08:28:21,approved,False
TXN20240315000417,ACCT202882,MERCH300069,purchase,88.9,in_person,2024-03-15 16:37:17,approved,False
TXN20240315000418,ACCT202532,MERCH300033,purchase,11.91,in_person,2024-03-15 13:12:30,approved,False
TXN20240315000419,ACCT203709,MERCH300152,deposit,55.58,in_person,2024-03-15 19:13:57,approved,False
TXN20240315000420,ACCT205969,MERCH300231,purchase,48.8,mobile,2024-03-15 18:11:48,approved,False
TXN20240315000421,ACCT203193,MERCH300133,transfer,20.05,mobile,2024-03-15 08:02:27,approved,False
TXN20240315000422,ACCT201737,MERCH300088,purchase,69.25,mobile,2024-03-15 07:15:24,approved,False
TXN20240315000423,ACCT201379,MERCH300149,deposit,28.56,in_person,2024-03-15 07:43:35,approved,False
TXN20240315000424,ACCT203672,MERCH300276,withdrawal,53.46,in_person,2024-03-15 00:24:52,approved,False
TXN20240315000425,ACCT205874,MERCH300143,purchase,17.05,web,2024-03-15 16:53:16,approved,False
TXN20240315000426,ACCT204673,MERCH300236,purchase,54.97,atm,2024-03-15 20:20:24,approved,False
TXN20240315000427,ACCT200683,MERCH300145,purchase,146.84,mobile,2024-03-15 05:46:21,approved,False
TXN20240315000428,ACCT202982,MERCH300232,purchase,13.73,atm,2024-03-15 01:03:22,approved,False
TXN20240315000429,ACCT202358,MERCH300248,deposit,17.39,mobile,2024-03-15 05:39:48,approved,False
TXN20240315000430,ACCT206473,MERCH300018,transfer,89.52,in_person,2024-03-15 20:45:13,approved,False
TXN20240315000431,ACCT204196,MERCH300176,purchase,35.72,in_person,2024-03-15 04:53:57,approved,False
TXN20240315000432,ACCT206057,MERCH300294,purchase,29.79,mobile,2024-03-15 14:20:48,approved,False
TXN20240315000433,ACCT201593,MERCH300072,purchase,11.37,in_person,2024-03-15 08:30:07,approved,False
TXN20240315000434,ACCT203817,MERCH300229,transfer,10.31,mobile,2024-03-15 18:21:54,approved,False
TXN20240315000435,ACCT201343,MERCH300263,purchase,16.34,in_person,2024-03-15 08:19:44,approved,False
TXN20240315000436,ACCT200376,MERCH300220,purchase,107.34,atm,2024-03-15 21:18:15,approved,False
TXN20240315000437,ACCT205777,MERCH300221,purchase,92.95,in_person,2024-03-15 06:00:25,approved,False
TXN20240315000438,ACCT206420,MERCH300118,deposit,59.83,in_person,2024-03-15 09:30:39,approved,False
TXN20240315000439,ACCT204804,MERCH300289,transfer,178.1,mobile,2024-03-15 13:09:45,approved,False
TXN20240315000440,ACCT205239,MERCH300047,transfer,14.99,in_person,2024-03-15 04:13:23,approved,False
TXN20240315000441,ACCT200497,MERCH300095,purchase,53.64,mobile,2024-03-15 19:36:31,approved,False
TXN20240315000442,ACCT204736,MERCH300073,deposit,3.6,in_person,2024-03-15 02:58:30,approved,False
TXN20240315000443,ACCT204045,MERCH300189,purchase,20.19,in_person,2024-03-15 12:28:12,approved,False
TXN20240315000444,ACCT205141,MERCH300095,purchase,157.29,web,2024-03-15 22:18:19,approved,False
TXN20240315000445,ACCT203882,MERCH300054,purchase,17.41,in_person,2024-03-15 05:42:32,approved,False
TXN20240315000446,ACCT202703,MERCH300208,purchase,103.39,in_person,2024-03-15 16:59:27,approved,False
TXN20240315000447,ACCT203509,MERCH300044,purchase,85.77,web,2024-03-15 01:12:13,approved,False
TXN20240315000448,ACCT204248,MERCH300264,purchase,110.75,mobile,2024-03-15 12:25:16,approved,False
TXN20240315000449,ACCT205428,MERCH300265,purchase,54.84,in_person,2024-03-15 18:18:41,approved,False
TXN20240315000450,ACCT202661,MERCH300107,purchase,13.9,mobile,2024-03-15 23:42:27,approved,False
TXN20240315000451,ACCT205191,MERCH300120,transfer,57.25,mobile,2024-03-15 18:03:26,approved,False
TXN20240315000452,ACCT204898,MERCH300067,deposit,87.22,in_person,2024-03-15 13:57:46,approved,False
TXN20240315000453,ACCT206267,MERCH300242,transfer,6.31,mobile,2024-03-15 00:58:36,approved,False
TXN20240315000454,ACCT203722,MERCH300176,deposit,16.03,mobile,2024-03-15 17:26:34,declined,False
TXN20240315000455,ACCT201249,MERCH300125,deposit,33.85,web,2024-03-15 18:35:04,declined,False
TXN20240315000456,ACCT200274,MERCH300183,purchase,21.34,in_person,2024-03-15 01:04:54,approved,False
TXN20240315000457,ACCT201858,MERCH300142,purchase,72.66,mobile,2024-03-15 08:52:56,approved,False
TXN20240315000458,ACCT202936,MERCH300058,purchase,39.18,in_person,2024-03-15 19:30:10,declined,False
TXN20240315000459,ACCT200364,MERCH300077,purchase,96.33,web,2024-03-15 05:43:52,approved,False
TXN20240315000460,ACCT202999,MERCH300154,purchase,106.26,in_person,2024-03-15 01:48:48,approved,False
TXN20240315000461,ACCT200537,MERCH300175,purchase,39.0,web,2024-03-15 17:54:39,approved,False
TXN20240315000462,ACCT206275,MERCH300098,transfer,20.67,web,2024-03-15 15:33:09,approved,False
TXN20240315000463,ACCT206010,MERCH300169,transfer,190.52,web,2024-03-15 20:36:13,approved,False
TXN20240315000464,ACCT202379,MERCH300042,withdrawal,43.67,mobile,2024-03-15 16:51:55,approved,False
TXN20240315000465,ACCT205501,MERCH300057,withdrawal,67.34,web,2024-03-15 06:38:22,approved,False
TXN20240315000466,ACCT200377,MERCH300075,purchase,8.93,in_person,2024-03-15 11:35:18,approved,False
TXN20240315000467,ACCT201089,MERCH300058,transfer,101.34,in_person,2024-03-15 05:33:01,approved,False
TXN20240315000468,ACCT200864,MERCH300266,transfer,44.99,mobile,2024-03-15 12:31:23,approved,False
TXN20240315000469,ACCT205921,MERCH300101,purchase,39.75,in_person,2024-03-15 23:45:36,approved,False
TXN20240315000470,ACCT206252,MERCH300281,purchase,15.69,mobile,2024-03-15 10:54:12,approved,False
TXN20240315000471,ACCT203389,MERCH300233,purchase,48.45,web,2024-03-15 23:01:20,approved,False
TXN20240315000472,ACCT204971,MERCH300126,transfer,6.44,mobile,2024-03-15 21:00:58,approved,False
TXN20240315000473,ACCT204702,MERCH300225,transfer,36.77,in_person,2024-03-15 20:13:13,approved,False
TXN20240315000474,ACCT204093,MERCH300118,purchase,34.7,atm,2024-03-15 07:23:07,approved,False
TXN20240315000475,ACCT205295,MERCH300053,purchase,28.29,mobile,2024-03-15 17:35:45,approved,False
TXN20240315000476,ACCT202646,MERCH300031,purchase,6.38,atm,2024-03-15 09:13:07,approved,False
TXN20240315000477,ACCT206298,MERCH300200,purchase,15.79,mobile,2024-03-15 03:49:38,approved,False
TXN20240315000478,ACCT201606,MERCH300270,purchase,184.36,mobile,2024-03-15 06:13:54,approved,False
TXN20240315000479,ACCT204886,MERCH300242,withdrawal,131.25,web,2024-03-15 10:34:27,approved,False
TXN20240315000480,ACCT201813,MERCH300228,purchase,42.3,mobile,2024-03-15 04:49:21,approved,False
TXN20240315000481,ACCT205071,MERCH300136,purchase,41.94,mobile,2024-03-15 11:50:07,approved,False
TXN20240315000482,ACCT201886,MERCH300137,withdrawal,80.73,atm,2024-03-15 22:25:01,approved,False
TXN20240315000483,ACCT204297,MERCH300133,purchase,37.27,in_person,2024-03-15 06:13:50,approved,False
TXN20240315000484,ACCT201705,MERCH300073,withdrawal,54.39,atm,2024-03-15 19:45:56,approved,False
TXN20240315000485,ACCT203359,MERCH300273,purchase,78.68,in_person,2024-03-15 17:03:40,approved,False
TXN20240315000486,ACCT200436,MERCH300033,purchase,64.09,web,2024-03-15 06:07:02,approved,False
TXN20240315000487,ACCT202596,MERCH300124,purchase,186.03,mobile,2024-03-15 11:49:52,approved,False
TXN20240315000488,ACCT203818,MERCH300222,purchase,292.22,in_person,2024-03-15 00:39:37,approved,False
TXN20240315000489,ACCT201107,MERCH300013,withdrawal,131.26,mobile,2024-03-15 06:44:07,approved,False
TXN20240315000490,ACCT203275,MERCH300224,transfer,68.33,atm,2024-03-15 21:17:37,approved,False
TXN20240315000491,ACCT206417,MERCH300291,purchase,26.93,atm,2024-03-15 14:31:36,approved,False
TXN20240315000492,ACCT202933,MERCH300039,withdrawal,15.18,in_person,2024-03-15 07:21:54,approved,False
TXN20240315000493,ACCT202443,MERCH300225,purchase,53.17,mobile,2024-03-15 10:23:07,approved,False
TXN20240315000494,ACCT203679,MERCH300216,purchase,41.47,in_person,2024-03-15 20:01:39,approved,False
TXN20240315000495,ACCT201766,MERCH300233,withdrawal,8.02,web,2024-03-15 09:27:02,declined,False
TXN20240315000496,ACCT203539,MERCH300032,purchase,65.59,mobile,2024-03-15 19:03:17,approved,False
TXN20240315000497,ACCT202299,MERCH300286,deposit,234.22,web,2024-03-15 01:31:46,approved,False
TXN20240315000498,ACCT202910,MERCH300120,purchase,12.27,in_person,2024-03-15 12:02:10,approved,False
TXN20240315000499,ACCT200327,MERCH300083,purchase,56.46,web,2024-03-15 18:24:03,approved,False
TXN20240315000500,ACCT201425,MERCH300297,purchase,101.71,atm,2024-03-15 07:54:47,declined,False
TXN20240315000501,ACCT203893,MERCH300221,deposit,46.39,mobile,2024-03-15 21:52:45,approved,False
TXN20240315000502,ACCT202078,MERCH300237,purchase,19.62,in_person,2024-03-15 07:08:40,approved,False
TXN20240315000503,ACCT200871,MERCH300163,purchase,83.72,web,2024-03-15 00:27:16,approved,False
TXN20240315000504,ACCT204024,MERCH300184,purchase,80.6,web,2024-03-15 22:25:51,approved,False
TXN20240315000505,ACCT203354,MERCH300075,purchase,102.5,mobile,2024-03-15 18:11:13,approved,False
TXN20240315000506,ACCT201238,MERCH300034,withdrawal,35.65,web,2024-03-15 18:28:31,approved,False
TXN20240315000507,ACCT204326,MERCH300010,purchase,18.37,in_person,2024-03-15 11:16:04,approved,False
TXN20240315000508,ACCT202157,MERCH300089,purchase,28.47,in_person,2024-03-15 12:59:42,approved,False
TXN20240315000509,ACCT202175,MERCH300247,purchase,79.94,in_person,2024-03-15 06:15:32,approved,False
TXN20240315000510,ACCT203688,MERCH300168,purchase,34.82,in_person,2024-03-15 14:05:19,approved,False
TXN20240315000511,ACCT204519,MERCH300056,purchase,37.43,in_person,2024-03-15 18:54:58,approved,False
TXN20240315000512,ACCT200797,MERCH300194,purchase,40.72,mobile,2024-03-15 06:23:13,approved,False
TXN20240315000513,ACCT204736,MERCH300178,deposit,10.41,web,2024-03-15 18:42:09,approved,False
TXN20240315000514,ACCT205902,MERCH300241,deposit,27.45,web,2024-03-15 07:35:19,approved,False
TXN20240315000515,ACCT202901,MERCH300292,transfer,128.07,web,2024-03-15 08:33:18,approved,False
TXN20240315000516,ACCT203273,MERCH300142,purchase,218.39,mobile,2024-03-15 16:36:15,approved,False
TXN20240315000517,ACCT200901,MERCH300281,purchase,21.59,atm,2024-03-15 06:33:30,approved,False
TXN20240315000518,ACCT206088,MERCH300149,purchase,64.41,mobile,2024-03-15 16:59:16,approved,False
TXN20240315000519,ACCT202920,MERCH300219,purchase,73.46,in_person,2024-03-15 23:11:00,declined,False
TXN20240315000520,ACCT203060,MERCH300231,purchase,124.41,in_person,2024-03-15 19:41:49,approved,False
TXN20240315000521,ACCT202365,MERCH300139,deposit,42.77,in_person,2024-03-15 20:41:57,approved,False
TXN20240315000522,ACCT204649,MERCH300025,deposit,24.18,mobile,2024-03-15 07:51:04,approved,False
TXN20240315000523,ACCT204289,MERCH300039,withdrawal,147.62,in_person,2024-03-15 04:40:04,approved,False
TXN20240315000524,ACCT205148,MERCH300015,transfer,85.95,web,2024-03-15 19:00:50,approved,False
TXN20240315000525,ACCT200955,MERCH300192,transfer,5.95,mobile,2024-03-15 22:22:24,approved,False
TXN20240315000526,ACCT201642,MERCH300099,purchase,125.14,web,2024-03-15 06:03:59,approved,False
TXN20240315000527,ACCT203381,MERCH300268,purchase,15.84,web,2024-03-15 23:15:51,declined,False
TXN20240315000528,ACCT204726,MERCH300254,purchase,39.01,mobile,2024-03-15 20:40:13,approved,False
TXN20240315000529,ACCT201708,MERCH300088,purchase,123.89,in_person,2024-03-15 06:08:57,declined,False
TXN20240315000530,ACCT203668,MERCH300047,purchase,90.37,in_person,2024-03-15 13:35:15,approved,False
TXN20240315000531,ACCT200254,MERCH300228,withdrawal,43.61,in_person,2024-03-15 10:29:24,reversed,False
TXN20240315000532,ACCT206038,MERCH300264,transfer,16.41,in_person,2024-03-15 08:55:57,approved,False
TXN20240315000533,ACCT204824,MERCH300169,purchase,35.23,in_person,2024-03-15 20:51:03,approved,False
TXN20240315000534,ACCT200352,MERCH300224,transfer,29.77,in_person,2024-03-15 15:05:04,approved,False
TXN20240315000535,ACCT200543,MERCH300154,purchase,74.59,in_person,2024-03-15 01:42:31,approved,False
TXN20240315000536,ACCT205366,MERCH300098,purchase,7.4,in_person,2024-03-15 14:58:19,approved,False
TXN20240315000537,ACCT202210,MERCH300220,withdrawal,48.63,web,2024-03-15 01:05:29,approved,False
TXN20240315000538,ACCT202159,MERCH300278,transfer,39.14,in_person,2024-03-15 17:48:56,approved,False
TXN20240315000539,ACCT201796,MERCH300200,withdrawal,42.26,mobile,2024-03-15 23:44:55,approved,False
TXN20240315000540,ACCT206153,MERCH300075,purchase,121.29,atm,2024-03-15 06:01:14,approved,False
TXN20240315000541,ACCT205341,MERCH300082,purchase,7.5,atm,2024-03-15 21:42:19,approved,False
TXN20240315000542,ACCT203510,MERCH300081,purchase,128.32,web,2024-03-15 00:22:50,approved,False
TXN20240315000543,ACCT205876,MERCH300077,purchase,71.46,web,2024-03-15 02:05:59,approved,False
TXN20240315000544,ACCT205522,MERCH300017,purchase,69.32,mobile,2024-03-15 21:12:42,approved,False
TXN20240315000545,ACCT205653,MERCH300103,purchase,47.47,mobile,2024-03-15 22:46:47,approved,False
TXN20240315000546,ACCT204350,MERCH300073,purchase,33.07,atm,2024-03-15 10:49:56,approved,False
TXN20240315000547,ACCT203927,MERCH300019,purchase,41.1,in_person,2024-03-15 11:58:02,approved,False
TXN20240315000548,ACCT201703,MERCH300254,purchase,267.82,web,2024-03-15 04:44:11,approved,False
TXN20240315000549,ACCT202942,MERCH300247,transfer,267.05,atm,2024-03-15 11:18:47,approved,False
TXN20240315000550,ACCT203521,MERCH300078,purchase,85.66,web,2024-03-15 03:21:20,approved,False
TXN20240315000551,ACCT205858,MERCH300129,purchase,14.04,web,2024-03-15 11:26:31,approved,False
TXN20240315000552,ACCT206036,MERCH300206,purchase,11.31,web,2024-03-15 11:16:02,approved,False
TXN20240315000553,ACCT205058,MERCH300076,purchase,54.39,atm,2024-03-15 17:07:28,approved,False
TXN20240315000554,ACCT204664,MERCH300272,purchase,29.62,mobile,2024-03-15 12:24:01,approved,False
TXN20240315000555,ACCT203660,MERCH300048,transfer,30.04,web,2024-03-15 19:21:24,declined,False
TXN20240315000556,ACCT205469,MERCH300018,purchase,31.95,web,2024-03-15 09:59:33,approved,False
TXN20240315000557,ACCT206154,MERCH300257,purchase,20.87,web,2024-03-15 05:03:30,approved,False
TXN20240315000558,ACCT202896,MERCH300062,transfer,49.85,atm,2024-03-15 06:57:40,approved,False
TXN20240315000559,ACCT205000,MERCH300044,purchase,56.51,web,2024-03-15 02:26:21,approved,False
TXN20240315000560,ACCT204374,MERCH300097,transfer,3.66,in_person,2024-03-15 11:32:46,approved,False
TXN20240315000561,ACCT204015,MERCH300070,purchase,130.02,in_person,2024-03-15 23:44:45,approved,False
TXN20240315000562,ACCT201139,MERCH300130,deposit,25.38,web,2024-03-15 18:53:19,approved,False
TXN20240315000563,ACCT202912,MERCH300153,purchase,48.85,in_person,2024-03-15 02:23:44,approved,False
TXN20240315000564,ACCT204364,MERCH300195,purchase,17.18,in_person,2024-03-15 05:39:53,approved,False
TXN20240315000565,ACCT205279,MERCH300216,transfer,13.94,web,2024-03-15 01:03:36,approved,False
TXN20240315000566,ACCT201136,MERCH300011,purchase,52.01,in_person,2024-03-15 19:37:45,approved,False
TXN20240315000567,ACCT202842,MERCH300259,purchase,46.68,web,2024-03-15 15:30:31,approved,False
TXN20240315000568,ACCT204701,MERCH300293,transfer,11.89,in_person,2024-03-15 06:01:42,approved,False
TXN20240315000569,ACCT202588,MERCH300147,purchase,110.32,mobile,2024-03-15 17:42:34,approved,False
TXN20240315000570,ACCT204931,MERCH300218,purchase,26.7,web,2024-03-15 22:22:07,approved,False
TXN20240315000571,ACCT203092,MERCH300002,purchase,112.09,in_person,2024-03-15 22:02:10,approved,False
TXN20240315000572,ACCT203495,MERCH300271,purchase,30.38,mobile,2024-03-15 22:16:01,approved,False
TXN20240315000573,ACCT205080,MERCH300167,purchase,63.98,in_person,2024-03-15 16:54:37,approved,False
TXN20240315000574,ACCT202781,MERCH300191,transfer,108.11,web,2024-03-15 02:16:48,approved,False
TXN20240315000575,ACCT204924,MERCH300082,purchase,6.93,web,2024-03-15 03:24:20,approved,False
TXN20240315000576,ACCT202236,MERCH300256,withdrawal,66.78,web,2024-03-15 18:04:31,approved,False
TXN20240315000577,ACCT201327,MERCH300207,transfer,36.05,web,2024-03-15 17:20:47,approved,False
TXN20240315000578,ACCT205863,MERCH300254,transfer,17.07,web,2024-03-15 21:00:59,approved,False
TXN20240315000579,ACCT202161,MERCH300158,purchase,173.02,in_person,2024-03-15 17:43:23,approved,False
TXN20240315000580,ACCT201707,MERCH300295,transfer,6.89,mobile,2024-03-15 09:24:22,approved,False
TXN20240315000581,ACCT204099,MERCH300154,transfer,271.28,in_person,2024-03-15 20:19:28,approved,False
TXN20240315000582,ACCT203698,MERCH300098,transfer,19.2,in_person,2024-03-15 23:06:43,approved,False
TXN20240315000583,ACCT205834,MERCH300219,purchase,36.44,web,2024-03-15 15:54:29,approved,False
TXN20240315000584,ACCT201925,MERCH300145,purchase,30.79,web,2024-03-15 16:43:14,approved,False
TXN20240315000585,ACCT202816,MERCH300015,purchase,32.21,atm,2024-03-15 11:40:41,approved,False
TXN20240315000586,ACCT204071,MERCH300195,deposit,23.52,mobile,2024-03-15 05:48:20,approved,False
TXN20240315000587,ACCT200484,MERCH300044,purchase,6.61,in_person,2024-03-15 19:42:28,approved,False
TXN20240315000588,ACCT205617,MERCH300293,purchase,212.58,in_person,2024-03-15 01:51:43,approved,False
TXN20240315000589,ACCT202126,MERCH300257,transfer,107.02,in_person,2024-03-15 07:34:11,approved,False
TXN20240315000590,ACCT201568,MERCH300033,withdrawal,23.68,in_person,2024-03-15 23:24:41,approved,False
TXN20240315000591,ACCT203266,MERCH300282,transfer,16.02,in_person,2024-03-15 18:22:43,approved,False
TXN20240315000592,ACCT205331,MERCH300114,purchase,76.64,in_person,2024-03-15 04:07:27,approved,False
TXN20240315000593,ACCT205299,MERCH300174,purchase,18.73,web,2024-03-15 22:30:49,approved,False
TXN20240315000594,ACCT202421,MERCH300066,purchase,11.82,atm,2024-03-15 20:42:41,declined,False
TXN20240315000595,ACCT200423,MERCH300228,purchase,36.78,in_person,2024-03-15 06:12:10,approved,False
TXN20240315000596,ACCT204874,MERCH300177,withdrawal,190.7,in_person,2024-03-15 09:19:59,approved,False
TXN20240315000597,ACCT206071,MERCH300178,purchase,13.67,atm,2024-03-15 01:44:36,approved,False
TXN20240315000598,ACCT201641,MERCH300268,purchase,157.93,in_person,2024-03-15 01:53:28,approved,False
TXN20240315000599,ACCT205516,MERCH300169,purchase,11.2,in_person,2024-03-15 09:24:50,approved,False
TXN20240315000600,ACCT206430,MERCH300248,purchase,21.12,web,2024-03-15 09:01:16,approved,False
TXN20240315000601,ACCT201062,MERCH300172,purchase,13.35,web,2024-03-15 00:32:17,approved,False
TXN20240315000602,ACCT201228,MERCH300207,transfer,46.52,in_person,2024-03-15 01:40:37,approved,False
TXN20240315000603,ACCT204923,MERCH300017,transfer,42.64,in_person,2024-03-15 00:48:49,approved,False
TXN20240315000604,ACCT204772,MERCH300238,transfer,17.35,in_person,2024-03-15 17:36:10,approved,False
TXN20240315000605,ACCT205885,MERCH300145,purchase,24.58,web,2024-03-15 06:48:16,approved,False
TXN20240315000606,ACCT202141,MERCH300223,purchase,6.56,mobile,2024-03-15 00:56:36,approved,False
TXN20240315000607,ACCT204113,MERCH300212,purchase,95.27,in_person,2024-03-15 05:20:09,approved,False
TXN20240315000608,ACCT201925,MERCH300013,withdrawal,18.51,in_person,2024-03-15 02:00:30,approved,False
TXN20240315000609,ACCT205035,MERCH300077,purchase,54.46,web,2024-03-15 04:47:23,approved,False
TXN20240315000610,ACCT205796,MERCH300060,transfer,97.51,in_person,2024-03-15 22:41:00,approved,False
TXN20240315000611,ACCT205658,MERCH300076,purchase,49.41,web,2024-03-15 14:03:17,approved,False
TXN20240315000612,ACCT201989,MERCH300038,purchase,21.48,web,2024-03-15 15:24:46,declined,False
TXN20240315000613,ACCT202670,MERCH300032,withdrawal,49.78,in_person,2024-03-15 08:27:55,approved,False
TXN20240315000614,ACCT201281,MERCH300296,purchase,108.1,mobile,2024-03-15 10:23:32,approved,False
TXN20240315000615,ACCT205558,MERCH300061,deposit,64.01,mobile,2024-03-15 23:06:02,approved,False
TXN20240315000616,ACCT204281,MERCH300169,transfer,28.17,in_person,2024-03-15 03:40:48,approved,False
TXN20240315000617,ACCT200647,MERCH300156,purchase,22.24,web,2024-03-15 13:05:09,declined,False
TXN20240315000618,ACCT205519,MERCH300276,withdrawal,28.54,mobile,2024-03-15 13:59:59,approved,False
TXN20240315000619,ACCT206026,MERCH300251,purchase,61.55,in_person,2024-03-15 22:35:09,approved,False
TXN20240315000620,ACCT205033,MERCH300020,withdrawal,16.9,web,2024-03-15 20:04:22,declined,False
TXN20240315000621,ACCT202285,MERCH300111,purchase,29.61,in_person,2024-03-15 00:13:07,approved,False
TXN20240315000622,ACCT201946,MERCH300215,purchase,18.45,in_person,2024-03-15 00:02:21,approved,False
TXN20240315000623,ACCT205452,MERCH300090,withdrawal,38.69,web,2024-03-15 14:45:48,approved,False
TXN20240315000624,ACCT203064,MERCH300064,purchase,31.2,atm,2024-03-15 00:33:14,approved,False
TXN20240315000625,ACCT202978,MERCH300193,purchase,22.05,web,2024-03-15 01:12:55,approved,False
TXN20240315000626,ACCT204153,MERCH300207,deposit,578.81,atm,2024-03-15 12:10:23,approved,False
TXN20240315000627,ACCT200577,MERCH300125,purchase,79.94,mobile,2024-03-15 18:51:03,approved,False
TXN20240315000628,ACCT200195,MERCH300069,deposit,53.19,mobile,2024-03-15 15:57:18,approved,False
TXN20240315000629,ACCT202553,MERCH300071,purchase,23.77,in_person,2024-03-15 16:08:59,approved,False
TXN20240315000630,ACCT202944,MERCH300168,purchase,13.16,web,2024-03-15 11:44:10,approved,False
TXN20240315000631,ACCT205828,MERCH300289,purchase,20.74,mobile,2024-03-15 18:51:47,approved,False
TXN20240315000632,ACCT204764,MERCH300086,purchase,67.63,in_person,2024-03-15 04:43:43,approved,False
TXN20240315000633,ACCT206396,MERCH300018,purchase,199.51,web,2024-03-15 08:07:06,approved,False
TXN20240315000634,ACCT200789,MERCH300273,purchase,11.05,mobile,2024-03-15 19:24:09,approved,False
TXN20240315000635,ACCT205718,MERCH300054,deposit,45.96,atm,2024-03-15 01:31:49,approved,False
TXN20240315000636,ACCT204579,MERCH300004,transfer,13.39,atm,2024-03-15 14:05:01,approved,False
TXN20240315000637,ACCT206000,MERCH300063,purchase,45.42,atm,2024-03-15 19:59:57,approved,False
TXN20240315000638,ACCT202665,MERCH300106,purchase,14.13,web,2024-03-15 18:51:41,approved,False
TXN20240315000639,ACCT201811,MERCH300092,purchase,44.54,atm,2024-03-15 05:48:13,approved,False
TXN20240315000640,ACCT204849,MERCH300047,purchase,43.74,in_person,2024-03-15 01:30:21,approved,False
TXN20240315000641,ACCT201257,MERCH300139,purchase,11.51,web,2024-03-15 06:01:14,approved,False
TXN20240315000642,ACCT201650,MERCH300049,purchase,58.57,in_person,2024-03-15 05:03:20,approved,False
TXN20240315000643,ACCT203281,MERCH300249,transfer,216.1,in_person,2024-03-15 03:23:20,approved,False
TXN20240315000644,ACCT201458,MERCH300274,purchase,26.52,web,2024-03-15 14:24:05,approved,False
TXN20240315000645,ACCT203256,MERCH300013,purchase,9.22,mobile,2024-03-15 02:25:18,declined,False
TXN20240315000646,ACCT204983,MERCH300274,deposit,185.37,in_person,2024-03-15 18:59:51,approved,False
TXN20240315000647,ACCT202766,MERCH300295,purchase,47.81,in_person,2024-03-15 09:26:29,approved,False
TXN20240315000648,ACCT204476,MERCH300025,purchase,65.86,in_person,2024-03-15 10:00:35,approved,False
TXN20240315000649,ACCT204809,MERCH300159,purchase,19.42,atm,2024-03-15 06:42:09,approved,False
TXN20240315000650,ACCT203315,MERCH300128,purchase,310.34,in_person,2024-03-15 14:56:00,approved,False
TXN20240315000651,ACCT202858,MERCH300141,purchase,11.55,in_person,2024-03-15 15:51:31,approved,False
TXN20240315000652,ACCT205686,MERCH300232,purchase,161.63,in_person,2024-03-15 10:54:43,approved,False
TXN20240315000653,ACCT200105,MERCH300054,purchase,123.92,mobile,2024-03-15 16:03:34,approved,False
TXN20240315000654,ACCT203021,MERCH300262,withdrawal,554.63,in_person,2024-03-15 15:12:09,approved,False
TXN20240315000655,ACCT201227,MERCH300148,purchase,11.4,web,2024-03-15 21:11:20,approved,False
TXN20240315000656,ACCT205569,MERCH300011,deposit,27.77,mobile,2024-03-15 15:43:41,approved,False
TXN20240315000657,ACCT201700,MERCH300094,purchase,323.57,web,2024-03-15 17:33:37,reversed,False
TXN20240315000658,ACCT201922,MERCH300198,transfer,58.12,web,2024-03-15 20:37:38,approved,False
TXN20240315000659,ACCT202910,MERCH300030,purchase,15.97,atm,2024-03-15 23:47:31,approved,False
TXN20240315000660,ACCT205886,MERCH300182,withdrawal,111.77,web,2024-03-15 13:08:56,approved,False
TXN20240315000661,ACCT206273,MERCH300082,purchase,19.51,web,2024-03-15 00:19:38,approved,False
TXN20240315000662,ACCT204383,MERCH300157,purchase,69.13,mobile,2024-03-15 10:10:44,approved,False
TXN20240315000663,ACCT200161,MERCH300215,purchase,313.93,web,2024-03-15 05:30:36,approved,False
TXN20240315000664,ACCT205100,MERCH300218,deposit,22.85,in_person,2024-03-15 02:53:48,approved,False
TXN20240315000665,ACCT200032,MERCH300102,deposit,6.31,mobile,2024-03-15 22:04:39,approved,False
TXN20240315000666,ACCT202639,MERCH300282,purchase,15.71,in_person,2024-03-15 10:43:35,approved,False
TXN20240315000667,ACCT204151,MERCH300051,transfer,116.82,in_person,2024-03-15 05:41:19,approved,False
TXN20240315000668,ACCT201448,MERCH300181,transfer,28.15,atm,2024-03-15 22:27:10,approved,False
TXN20240315000669,ACCT205876,MERCH300027,purchase,37.05,in_person,2024-03-15 04:07:27,approved,False
TXN20240315000670,ACCT203566,MERCH300240,purchase,62.78,in_person,2024-03-15 18:39:42,reversed,False
TXN20240315000671,ACCT206036,MERCH300005,purchase,20.28,in_person,2024-03-15 06:10:30,approved,False
TXN20240315000672,ACCT200750,MERCH300068,withdrawal,16.04,in_person,2024-03-15 02:38:25,approved,False
TXN20240315000673,ACCT204057,MERCH300116,transfer,97.74,mobile,2024-03-15 16:31:33,approved,False
TXN20240315000674,ACCT202982,MERCH300104,purchase,46.7,atm,2024-03-15 04:31:31,approved,False
TXN20240315000675,ACCT205693,MERCH300209,purchase,15.98,mobile,2024-03-15 14:35:30,approved,False
TXN20240315000676,ACCT204281,MERCH300291,deposit,12.53,in_person,2024-03-15 08:28:23,approved,False
TXN20240315000677,ACCT201635,MERCH300046,transfer,18.02,in_person,2024-03-15 23:01:04,approved,False
TXN20240315000678,ACCT202922,MERCH300278,purchase,12.29,in_person,2024-03-15 21:34:16,approved,False
TXN20240315000679,ACCT204700,MERCH300159,transfer,17.86,in_person,2024-03-15 01:25:55,approved,False
TXN20240315000680,ACCT201573,MERCH300190,transfer,24.28,web,2024-03-15 08:10:28,approved,False
TXN20240315000681,ACCT206118,MERCH300191,purchase,28.34,web,2024-03-15 14:56:33,approved,False
TXN20240315000682,ACCT200982,MERCH300236,transfer,9.52,mobile,2024-03-15 14:02:52,approved,False
TXN20240315000683,ACCT206119,MERCH300191,purchase,78.16,web,2024-03-15 01:39:00,declined,False
TXN20240315000684,ACCT204648,MERCH300253,transfer,58.22,web,2024-03-15 21:45:54,approved,False
TXN20240315000685,ACCT202125,MERCH300141,purchase,33.73,web,2024-03-15 12:52:06,approved,False
TXN20240315000686,ACCT204825,MERCH300167,purchase,4.54,mobile,2024-03-15 08:35:56,approved,False
TXN20240315000687,ACCT206011,MERCH300138,purchase,43.76,atm,2024-03-15 18:15:17,approved,False
TXN20240315000688,ACCT201131,MERCH300038,transfer,4.75,mobile,2024-03-15 18:50:38,approved,False
TXN20240315000689,ACCT202239,MERCH300079,transfer,264.14,mobile,2024-03-15 10:46:13,approved,False
TXN20240315000690,ACCT201606,MERCH300057,purchase,102.95,web,2024-03-15 04:17:03,approved,False
TXN20240315000691,ACCT200943,MERCH300202,purchase,326.13,web,2024-03-15 11:32:58,approved,False
TXN20240315000692,ACCT202187,MERCH300226,transfer,166.94,atm,2024-03-15 04:50:59,approved,False
TXN20240315000693,ACCT204058,MERCH300246,purchase,9.57,in_person,2024-03-15 19:38:55,approved,False
TXN20240315000694,ACCT202457,MERCH300014,purchase,189.6,web,2024-03-15 10:38:25,approved,False
TXN20240315000695,ACCT200713,MERCH300193,purchase,39.77,web,2024-03-15 01:15:11,declined,False
TXN20240315000696,ACCT201814,MERCH300252,purchase,19.04,web,2024-03-15 06:49:09,approved,False
TXN20240315000697,ACCT205136,MERCH300217,purchase,224.19,mobile,2024-03-15 07:55:19,approved,False
TXN20240315000698,ACCT204283,MERCH300012,purchase,57.64,mobile,2024-03-15 14:35:37,approved,False
TXN20240315000699,ACCT201293,MERCH300256,deposit,41.2,in_person,2024-03-15 06:47:22,approved,False
TXN20240315000700,ACCT206298,MERCH300177,purchase,11.13,web,2024-03-15 23:12:51,declined,False
TXN20240315000701,ACCT205842,MERCH300046,purchase,47.3,in_person,2024-03-15 11:52:23,approved,False
TXN20240315000702,ACCT202786,MERCH300143,deposit,44.95,mobile,2024-03-15 16:25:42,approved,False
TXN20240315000703,ACCT204914,MERCH300046,purchase,58.79,in_person,2024-03-15 23:39:38,approved,False
TXN20240315000704,ACCT203905,MERCH300171,purchase,52.19,web,2024-03-15 14:56:59,approved,False
TXN20240315000705,ACCT200379,MERCH300255,purchase,17.44,web,2024-03-15 11:09:10,approved,False
TXN20240315000706,ACCT203886,MERCH300088,purchase,31.31,web,2024-03-15 21:37:55,reversed,False
TXN20240315000707,ACCT200942,MERCH300152,purchase,64.41,in_person,2024-03-15 02:42:03,approved,False
TXN20240315000708,ACCT203496,MERCH300106,transfer,192.11,atm,2024-03-15 19:44:09,approved,False
TXN20240315000709,ACCT203120,MERCH300233,purchase,150.27,atm,2024-03-15 09:52:35,approved,False
TXN20240315000710,ACCT205887,MERCH300216,deposit,17.45,atm,2024-03-15 15:10:14,approved,False
TXN20240315000711,ACCT204907,MERCH300286,deposit,86.62,web,2024-03-15 02:38:36,approved,False
TXN20240315000712,ACCT201653,MERCH300130,purchase,75.38,in_person,2024-03-15 20:19:03,approved,False
TXN20240315000713,ACCT201229,MERCH300057,purchase,28.06,web,2024-03-15 00:18:08,approved,False
TXN20240315000714,ACCT203849,MERCH300017,purchase,36.14,web,2024-03-15 00:10:27,approved,False
TXN20240315000715,ACCT202665,MERCH300281,transfer,23.75,in_person,2024-03-15 00:51:53,approved,False
TXN20240315000716,ACCT202388,MERCH300040,purchase,23.89,in_person,2024-03-15 13:08:44,approved,False
TXN20240315000717,ACCT203219,MERCH300293,deposit,262.23,mobile,2024-03-15 14:55:22,approved,False
TXN20240315000718,ACCT202298,MERCH300038,purchase,44.62,web,2024-03-15 23:48:37,approved,False
TXN20240315000719,ACCT201087,MERCH300163,deposit,33.83,web,2024-03-15 18:13:28,approved,False
TXN20240315000720,ACCT201340,MERCH300089,purchase,5.46,in_person,2024-03-15 00:25:43,approved,False
TXN20240315000721,ACCT203769,MERCH300030,purchase,7.49,web,2024-03-15 02:26:30,approved,False
TXN20240315000722,ACCT202929,MERCH300160,purchase,23.56,web,2024-03-15 12:14:52,approved,False
TXN20240315000723,ACCT202541,MERCH300280,purchase,13.23,mobile,2024-03-15 22:39:07,approved,False
TXN20240315000724,ACCT200393,MERCH300202,purchase,30.32,web,2024-03-15 19:21:40,approved,False
TXN20240315000725,ACCT202863,MERCH300207,purchase,65.11,mobile,2024-03-15 01:46:39,approved,False
TXN20240315000726,ACCT206425,MERCH300000,purchase,117.84,mobile,2024-03-15 16:23:33,approved,False
TXN20240315000727,ACCT205185,MERCH300060,deposit,27.89,web,2024-03-15 19:08:08,approved,False
TXN20240315000728,ACCT204337,MERCH300124,purchase,33.31,in_person,2024-03-15 05:13:46,approved,False
TXN20240315000729,ACCT203831,MERCH300215,purchase,5.07,in_person,2024-03-15 00:10:48,approved,False
TXN20240315000730,ACCT205740,MERCH300112,purchase,45.59,mobile,2024-03-15 20:02:24,approved,False
TXN20240315000731,ACCT203805,MERCH300275,transfer,90.02,in_person,2024-03-15 16:05:27,reversed,False
TXN20240315000732,ACCT201167,MERCH300133,purchase,21.12,mobile,2024-03-15 10:07:55,approved,False
TXN20240315000733,ACCT203119,MERCH300010,purchase,50.95,mobile,2024-03-15 15:39:08,approved,False
TXN20240315000734,ACCT202207,MERCH300078,purchase,63.32,in_person,2024-03-15 08:02:10,approved,False
TXN20240315000735,ACCT204303,MERCH300008,transfer,34.09,web,2024-03-15 17:42:21,approved,False
TXN20240315000736,ACCT203042,MERCH300114,deposit,39.87,in_person,2024-03-15 17:17:11,approved,False
TXN20240315000737,ACCT203490,MERCH300088,purchase,4.72,web,2024-03-15 19:56:58,approved,False
TXN20240315000738,ACCT201245,MERCH300069,purchase,17.0,in_person,2024-03-15 19:38:56,approved,False
TXN20240315000739,ACCT203814,MERCH300069,purchase,141.8,web,2024-03-15 13:33:42,declined,False
TXN20240315000740,ACCT202091,MERCH300281,purchase,91.45,web,2024-03-15 17:38:28,approved,False
TXN20240315000741,ACCT205466,MERCH300125,purchase,178.74,in_person,2024-03-15 03:58:23,approved,False
TXN20240315000742,ACCT205251,MERCH300287,withdrawal,37.79,in_person,2024-03-15 11:49:56,approved,False
TXN20240315000743,ACCT205755,MERCH300223,purchase,54.37,in_person,2024-03-15 17:07:39,approved,False
TXN20240315000744,ACCT205046,MERCH300105,purchase,84.72,web,2024-03-15 06:23:50,approved,False
TXN20240315000745,ACCT204444,MERCH300299,purchase,23.96,in_person,2024-03-15 09:06:36,approved,False
TXN20240315000746,ACCT201251,MERCH300296,purchase,25.19,mobile,2024-03-15 23:45:38,approved,False
TXN20240315000747,ACCT206204,MERCH300014,purchase,53.54,in_person,2024-03-15 22:48:56,approved,False
TXN20240315000748,ACCT202872,MERCH300020,transfer,22.79,in_person,2024-03-15 11:53:20,approved,False
TXN20240315000749,ACCT201823,MERCH300182,purchase,386.94,in_person,2024-03-15 04:38:11,approved,False
TXN20240315000750,ACCT202248,MERCH300038,transfer,44.39,mobile,2024-03-15 00:21:31,declined,False
TXN20240315000751,ACCT200562,MERCH300012,purchase,10.82,in_person,2024-03-15 08:56:48,approved,False
TXN20240315000752,ACCT202399,MERCH300264,purchase,25.88,mobile,2024-03-15 09:18:53,approved,False
TXN20240315000753,ACCT202193,MERCH300276,purchase,11.27,atm,2024-03-15 16:46:24,approved,False
TXN20240315000754,ACCT204748,MERCH300263,transfer,21.05,mobile,2024-03-15 20:10:08,approved,False
TXN20240315000755,ACCT206358,MERCH300063,purchase,20.95,mobile,2024-03-15 02:20:58,approved,False
TXN20240315000756,ACCT204446,MERCH300266,purchase,131.69,web,2024-03-15 14:34:32,approved,False
TXN20240315000757,ACCT205380,MERCH300072,purchase,16.5,atm,2024-03-15 23:44:36,approved,False
TXN20240315000758,ACCT205202,MERCH300142,withdrawal,62.41,in_person,2024-03-15 14:05:22,approved,False
TXN20240315000759,ACCT203172,MERCH300056,transfer,32.38,mobile,2024-03-15 23:36:02,approved,False
TXN20240315000760,ACCT201242,MERCH300031,purchase,28.34,web,2024-03-15 13:30:46,approved,False
TXN20240315000761,ACCT201104,MERCH300180,purchase,25.12,in_person,2024-03-15 20:36:23,approved,False
TXN20240315000762,ACCT202299,MERCH300084,transfer,131.2,mobile,2024-03-15 23:05:31,approved,False
TXN20240315000763,ACCT205821,MERCH300121,purchase,39.59,web,2024-03-15 00:14:59,approved,False
TXN20240315000764,ACCT203369,MERCH300270,purchase,198.0,web,2024-03-15 03:13:38,approved,False
TXN20240315000765,ACCT202210,MERCH300249,deposit,34.43,mobile,2024-03-15 13:15:32,approved,False
TXN20240315000766,ACCT201727,MERCH300038,withdrawal,50.86,mobile,2024-03-15 01:34:14,approved,False
TXN20240315000767,ACCT205276,MERCH300092,purchase,34.83,web,2024-03-15 11:38:55,approved,False
TXN20240315000768,ACCT202801,MERCH300048,withdrawal,67.21,in_person,2024-03-15 04:42:29,approved,True
TXN20240315000769,ACCT202938,MERCH300298,purchase,33.18,mobile,2024-03-15 02:08:52,approved,False
TXN20240315000770,ACCT203968,MERCH300119,purchase,101.64,in_person,2024-03-15 14:03:23,approved,False
TXN20240315000771,ACCT205839,MERCH300159,purchase,19.93,mobile,2024-03-15 04:40:44,approved,False
TXN20240315000772,ACCT202740,MERCH300014,purchase,24.18,web,2024-03-15 16:25:55,approved,False
TXN20240315000773,ACCT204568,MERCH300059,transfer,45.43,in_person,2024-03-15 06:50:55,approved,False
TXN20240315000774,ACCT205193,MERCH300263,purchase,87.18,web,2024-03-15 03:22:17,approved,False
TXN20240315000775,ACCT202233,MERCH300135,purchase,37.34,in_person,2024-03-15 10:06:54,approved,False
TXN20240315000776,ACCT204147,MERCH300211,purchase,41.64,web,2024-03-15 14:11:41,approved,False
TXN20240315000777,ACCT203243,MERCH300025,purchase,21.85,mobile,2024-03-15 01:24:28,approved,False
TXN20240315000778,ACCT203060,MERCH300005,transfer,65.18,in_person,2024-03-15 00:48:14,approved,False
TXN20240315000779,ACCT204859,MERCH300234,purchase,83.33,mobile,2024-03-15 17:52:20,approved,False
TXN20240315000780,ACCT201998,MERCH300225,purchase,25.59,in_person,2024-03-15 06:50:15,approved,False
TXN20240315000781,ACCT200215,MERCH300259,deposit,315.31,web,2024-03-15 06:14:08,approved,False
TXN20240315000782,ACCT204447,MERCH300282,deposit,45.06,mobile,2024-03-15 12:48:53,approved,False
TXN20240315000783,ACCT205669,MERCH300254,purchase,10.19,in_person,2024-03-15 09:57:49,approved,False
TXN20240315000784,ACCT201159,MERCH300272,purchase,106.34,mobile,2024-03-15 10:19:15,approved,False
TXN20240315000785,ACCT200496,MERCH300058,purchase,74.58,atm,2024-03-15 17:04:58,approved,False
TXN20240315000786,ACCT206085,MERCH300088,deposit,37.47,web,2024-03-15 03:57:39,approved,False
TXN20240315000787,ACCT205509,MERCH300034,deposit,27.78,web,2024-03-15 07:57:08,approved,False
TXN20240315000788,ACCT201496,MERCH300075,deposit,88.34,mobile,2024-03-15 07:23:24,approved,False
TXN20240315000789,ACCT202174,MERCH300166,transfer,13.77,mobile,2024-03-15 01:29:08,approved,False
TXN20240315000790,ACCT200541,MERCH300272,transfer,16.95,web,2024-03-15 06:35:26,approved,False
TXN20240315000791,ACCT203613,MERCH300225,purchase,13.3,in_person,2024-03-15 03:35:46,approved,False
TXN20240315000792,ACCT202278,MERCH300091,purchase,37.28,in_person,2024-03-15 19:08:50,approved,False
TXN20240315000793,ACCT203063,MERCH300259,transfer,11.55,mobile,2024-03-15 04:25:36,approved,False
TXN20240315000794,ACCT201971,MERCH300227,deposit,52.41,in_person,2024-03-15 15:11:48,approved,False
TXN20240315000795,ACCT205054,MERCH300295,purchase,10.31,web,2024-03-15 07:44:14,approved,False
TXN20240315000796,ACCT201211,MERCH300068,purchase,18.44,in_person,2024-03-15 17:37:59,approved,False
TXN20240315000797,ACCT205870,MERCH300291,purchase,65.29,mobile,2024-03-15 20:08:39,approved,False
TXN20240315000798,ACCT206271,MERCH300284,deposit,20.77,in_person,2024-03-15 00:15:31,approved,False
TXN20240315000799,ACCT200319,MERCH300261,purchase,43.0,web,2024-03-15 11:25:50,approved,False
TXN20240315000800,ACCT202545,MERCH300152,purchase,6.61,web,2024-03-15 05:53:56,approved,False
TXN20240315000801,ACCT205375,MERCH300135,purchase,19.73,in_person,2024-03-15 01:01:47,approved,False
TXN20240315000802,ACCT204753,MERCH300226,purchase,12.77,in_person,2024-03-15 18:56:05,approved,False
TXN20240315000803,ACCT205827,MERCH300241,withdrawal,39.13,web,2024-03-15 05:54:10,approved,False
TXN20240315000804,ACCT206136,MERCH300243,purchase,15.42,web,2024-03-15 16:53:17,approved,False
TXN20240315000805,ACCT205124,MERCH300218,purchase,50.46,mobile,2024-03-15 22:13:41,approved,False
TXN20240315000806,ACCT204656,MERCH300260,transfer,15.66,web,2024-03-15 12:58:36,approved,False
TXN20240315000807,ACCT204195,MERCH300081,purchase,66.9,mobile,2024-03-15 09:19:06,approved,False
TXN20240315000808,ACCT201972,MERCH300003,transfer,140.42,in_person,2024-03-15 19:06:01,reversed,False
TXN20240315000809,ACCT205693,MERCH300036,purchase,88.08,mobile,2024-03-15 11:06:54,reversed,False
TXN20240315000810,ACCT202377,MERCH300161,purchase,214.9,web,2024-03-15 23:24:59,approved,False
TXN20240315000811,ACCT202226,MERCH300114,purchase,14.67,in_person,2024-03-15 12:28:27,approved,False
TXN20240315000812,ACCT200480,MERCH300128,withdrawal,20.1,web,2024-03-15 03:28:18,approved,False
TXN20240315000813,ACCT203742,MERCH300182,purchase,55.91,web,2024-03-15 03:32:25,approved,False
TXN20240315000814,ACCT201740,MERCH300016,transfer,14.27,in_person,2024-03-15 10:15:32,approved,False
TXN20240315000815,ACCT202095,MERCH300163,transfer,83.71,atm,2024-03-15 16:19:24,approved,False
TXN20240315000816,ACCT200633,MERCH300012,purchase,64.82,in_person,2024-03-15 07:52:38,approved,True
TXN20240315000817,ACCT205575,MERCH300124,purchase,133.91,mobile,2024-03-15 15:20:03,declined,False
TXN20240315000818,ACCT206278,MERCH300041,purchase,74.39,web,2024-03-15 21:36:10,approved,False
TXN20240315000819,ACCT202382,MERCH300048,transfer,22.83,mobile,2024-03-15 11:34:50,approved,False
TXN20240315000820,ACCT203732,MERCH300136,purchase,50.35,mobile,2024-03-15 21:32:10,approved,False
TXN20240315000821,ACCT204528,MERCH300157,withdrawal,35.29,in_person,2024-03-15 16:55:05,approved,False
TXN20240315000822,ACCT202691,MERCH300296,purchase,20.65,in_person,2024-03-15 14:28:42,approved,False
TXN20240315000823,ACCT200581,MERCH300026,purchase,47.07,web,2024-03-15 18:08:14,approved,False
TXN20240315000824,ACCT205569,MERCH300099,purchase,63.88,in_person,2024-03-15 16:44:51,approved,False
TXN20240315000825,ACCT203794,MERCH300134,purchase,14.31,in_person,2024-03-15 20:22:30,approved,False
TXN20240315000826,ACCT201675,MERCH300243,purchase,69.35,atm,2024-03-15 01:50:47,approved,False
TXN20240315000827,ACCT206410,MERCH300006,purchase,51.79,in_person,2024-03-15 00:06:49,approved,False
TXN20240315000828,ACCT202534,MERCH300172,purchase,107.93,atm,2024-03-15 04:38:32,approved,False
TXN20240315000829,ACCT205132,MERCH300260,purchase,2.04,mobile,2024-03-15 04:37:02,approved,False
TXN20240315000830,ACCT202490,MERCH300245,purchase,89.44,mobile,2024-03-15 17:01:10,approved,False
TXN20240315000831,ACCT203177,MERCH300155,purchase,8.67,mobile,2024-03-15 06:07:14,approved,False
TXN20240315000832,ACCT200334,MERCH300218,transfer,17.81,mobile,2024-03-15 16:04:25,approved,False
TXN20240315000833,ACCT206418,MERCH300071,withdrawal,41.31,in_person,2024-03-15 12:37:18,approved,False
TXN20240315000834,ACCT203268,MERCH300247,transfer,46.75,in_person,2024-03-15 21:38:35,approved,False
TXN20240315000835,ACCT204600,MERCH300170,purchase,17.67,in_person,2024-03-15 20:30:00,approved,False
TXN20240315000836,ACCT200393,MERCH300152,purchase,61.94,in_person,2024-03-15 12:44:02,approved,False
TXN20240315000837,ACCT205894,MERCH300201,transfer,135.67,atm,2024-03-15 18:40:35,approved,False
TXN20240315000838,ACCT201130,MERCH300236,transfer,62.44,atm,2024-03-15 17:38:44,approved,False
TXN20240315000839,ACCT202214,MERCH300126,purchase,82.49,mobile,2024-03-15 03:13:28,approved,True
TXN20240315000840,ACCT206328,MERCH300258,purchase,58.86,mobile,2024-03-15 16:59:34,approved,False
TXN20240315000841,ACCT205375,MERCH300131,transfer,24.36,mobile,2024-03-15 12:39:48,approved,False
TXN20240315000842,ACCT202903,MERCH300221,purchase,28.18,mobile,2024-03-15 20:13:51,approved,False
TXN20240315000843,ACCT201224,MERCH300052,purchase,53.36,atm,2024-03-15 04:22:47,approved,False
TXN20240315000844,ACCT205639,MERCH300040,transfer,93.99,atm,2024-03-15 11:40:57,approved,False
TXN20240315000845,ACCT204546,MERCH300043,purchase,194.75,in_person,2024-03-15 15:31:26,approved,False
TXN20240315000846,ACCT200107,MERCH300060,purchase,17.5,web,2024-03-15 08:11:17,approved,False
TXN20240315000847,ACCT200275,MERCH300281,purchase,4.73,web,2024-03-15 23:32:15,approved,False
TXN20240315000848,ACCT202805,MERCH300259,transfer,93.2,in_person,2024-03-15 07:52:09,approved,False
TXN20240315000849,ACCT202456,MERCH300001,purchase,29.6,web,2024-03-15 04:08:34,approved,False
TXN20240315000850,ACCT203239,MERCH300065,transfer,9.56,web,2024-03-15 17:30:13,approved,False
TXN20240315000851,ACCT205981,MERCH300239,purchase,22.62,mobile,2024-03-15 16:40:21,approved,False
TXN20240315000852,ACCT201550,MERCH300082,transfer,10.5,in_person,2024-03-15 17:13:26,approved,False
TXN20240315000853,ACCT206110,MERCH300050,transfer,93.89,atm,2024-03-15 17:19:33,approved,False
TXN20240315000854,ACCT201088,MERCH300013,purchase,22.59,web,2024-03-15 06:25:15,approved,False
TXN20240315000855,ACCT201334,MERCH300149,purchase,13.57,in_person,2024-03-15 02:23:48,approved,False
TXN20240315000856,ACCT201459,MERCH300007,transfer,21.02,atm,2024-03-15 20:15:48,approved,False
TXN20240315000857,ACCT203600,MERCH300257,purchase,33.83,web,2024-03-15 17:13:43,approved,False
TXN20240315000858,ACCT200155,MERCH300179,transfer,52.09,mobile,2024-03-15 21:26:06,approved,False
TXN20240315000859,ACCT205972,MERCH300243,transfer,41.93,atm,2024-03-15 07:48:20,approved,False
TXN20240315000860,ACCT205780,MERCH300180,deposit,185.77,web,2024-03-15 19:55:23,approved,False
TXN20240315000861,ACCT205990,MERCH300197,purchase,28.69,web,2024-03-15 10:22:50,approved,False
TXN20240315000862,ACCT203378,MERCH300153,purchase,41.9,atm,2024-03-15 19:55:18,approved,False
TXN20240315000863,ACCT205564,MERCH300093,purchase,79.37,in_person,2024-03-15 12:01:46,approved,False
TXN20240315000864,ACCT201466,MERCH300138,deposit,15.4,web,2024-03-15 12:12:05,approved,False
TXN20240315000865,ACCT200461,MERCH300238,deposit,160.42,web,2024-03-15 13:06:44,approved,False
TXN20240315000866,ACCT203010,MERCH300126,transfer,39.85,web,2024-03-15 02:26:21,approved,False
TXN20240315000867,ACCT202235,MERCH300263,withdrawal,4.62,mobile,2024-03-15 03:18:30,approved,False
TXN20240315000868,ACCT202958,MERCH300294,deposit,169.71,in_person,2024-03-15 05:49:12,approved,False
TXN20240315000869,ACCT204096,MERCH300077,transfer,36.81,in_person,2024-03-15 04:59:55,approved,False
TXN20240315000870,ACCT202367,MERCH300005,purchase,28.24,in_person,2024-03-15 16:14:47,approved,False
TXN20240315000871,ACCT201991,MERCH300139,purchase,31.61,web,2024-03-15 16:19:35,approved,False
TXN20240315000872,ACCT200086,MERCH300114,purchase,38.69,web,2024-03-15 08:58:03,approved,False
TXN20240315000873,ACCT201202,MERCH300080,transfer,4.57,mobile,2024-03-15 04:48:14,approved,False
TXN20240315000874,ACCT205176,MERCH300074,transfer,31.96,mobile,2024-03-15 03:13:31,approved,False
TXN20240315000875,ACCT202976,MERCH300222,withdrawal,115.48,in_person,2024-03-15 11:02:56,approved,False
TXN20240315000876,ACCT201300,MERCH300286,deposit,18.14,in_person,2024-03-15 01:29:17,approved,False
TXN20240315000877,ACCT206099,MERCH300268,purchase,8.03,web,2024-03-15 07:13:03,approved,True
TXN20240315000878,ACCT202280,MERCH300240,purchase,22.31,mobile,2024-03-15 18:06:56,approved,False
TXN20240315000879,ACCT200515,MERCH300208,withdrawal,23.23,in_person,2024-03-15 04:38:30,approved,True
TXN20240315000880,ACCT202961,MERCH300014,purchase,76.41,web,2024-03-15 18:24:10,approved,False
TXN20240315000881,ACCT203459,MERCH300069,purchase,108.66,in_person,2024-03-15 20:34:28,approved,False
TXN20240315000882,ACCT201380,MERCH300172,transfer,24.32,in_person,2024-03-15 00:01:50,approved,False
TXN20240315000883,ACCT202515,MERCH300125,purchase,2.95,in_person,2024-03-15 12:28:02,approved,False
TXN20240315000884,ACCT203889,MERCH300013,purchase,38.57,mobile,2024-03-15 08:59:08,declined,False
TXN20240315000885,ACCT204132,MERCH300083,purchase,58.88,mobile,2024-03-15 06:44:30,approved,False
TXN20240315000886,ACCT206407,MERCH300044,purchase,24.55,web,2024-03-15 17:06:29,approved,False
TXN20240315000887,ACCT200521,MERCH300161,purchase,62.34,web,2024-03-15 16:54:09,approved,False
TXN20240315000888,ACCT202020,MERCH300034,purchase,26.2,mobile,2024-03-15 11:39:18,approved,False
TXN20240315000889,ACCT205860,MERCH300237,transfer,327.13,mobile,2024-03-15 21:37:15,approved,False
TXN20240315000890,ACCT206117,MERCH300291,purchase,63.57,mobile,2024-03-15 04:48:20,approved,False
TXN20240315000891,ACCT202446,MERCH300138,purchase,12.35,mobile,2024-03-15 07:11:30,approved,False
TXN20240315000892,ACCT201275,MERCH300041,purchase,27.83,in_person,2024-03-15 02:02:28,approved,False
TXN20240315000893,ACCT203295,MERCH300204,purchase,18.24,web,2024-03-15 05:13:58,approved,False
TXN20240315000894,ACCT202447,MERCH300074,withdrawal,49.97,in_person,2024-03-15 19:44:57,approved,False
TXN20240315000895,ACCT201449,MERCH300085,withdrawal,13.62,atm,2024-03-15 02:22:12,approved,False
TXN20240315000896,ACCT203985,MERCH300159,deposit,17.09,web,2024-03-15 18:57:29,approved,False
TXN20240315000897,ACCT203432,MERCH300032,purchase,20.53,in_person,2024-03-15 06:28:56,approved,False
TXN20240315000898,ACCT203763,MERCH300052,purchase,44.42,mobile,2024-03-15 12:10:44,approved,False
TXN20240315000899,ACCT202085,MERCH300158,transfer,22.83,atm,2024-03-15 03:11:54,approved,False
TXN20240315000900,ACCT205528,MERCH300220,purchase,82.34,web,2024-03-15 08:10:04,approved,False
TXN20240315000901,ACCT200323,MERCH300133,purchase,38.09,mobile,2024-03-15 06:05:35,approved,False
TXN20240315000902,ACCT206200,MERCH300034,purchase,41.0,in_person,2024-03-15 03:25:19,approved,False
TXN20240315000903,ACCT205897,MERCH300050,withdrawal,3.71,in_person,2024-03-15 07:47:51,approved,False
TXN20240315000904,ACCT204700,MERCH300163,purchase,47.8,mobile,2024-03-15 18:13:38,approved,False
TXN20240315000905,ACCT202399,MERCH300092,purchase,35.82,atm,2024-03-15 05:21:31,approved,False
TXN20240315000906,ACCT202122,MERCH300167,transfer,25.19,web,2024-03-15 23:21:42,approved,False
TXN20240315000907,ACCT202198,MERCH300192,purchase,75.25,in_person,2024-03-15 14:44:19,approved,False
TXN20240315000908,ACCT203777,MERCH300016,purchase,44.35,atm,2024-03-15 14:58:16,approved,False
TXN20240315000909,ACCT201355,MERCH300071,purchase,16.7,web,2024-03-15 23:00:02,approved,False
TXN20240315000910,ACCT200717,MERCH300006,transfer,65.77,web,2024-03-15 00:07:09,approved,False
TXN20240315000911,ACCT204170,MERCH300091,purchase,29.36,web,2024-03-15 12:47:15,approved,False
TXN20240315000912,ACCT203550,MERCH300277,purchase,246.3,web,2024-03-15 21:23:11,approved,False
TXN20240315000913,ACCT201546,MERCH300142,purchase,17.28,atm,2024-03-15 14:21:47,approved,False
TXN20240315000914,ACCT204270,MERCH300037,transfer,179.28,web,2024-03-15 18:13:18,approved,False
TXN20240315000915,ACCT203205,MERCH300281,purchase,59.08,web,2024-03-15 14:43:47,approved,False
TXN20240315000916,ACCT202190,MERCH300196,purchase,82.44,in_person,2024-03-15 07:55:36,approved,False
TXN20240315000917,ACCT201475,MERCH300037,purchase,48.79,mobile,2024-03-15 16:27:09,approved,False
TXN20240315000918,ACCT204415,MERCH300233,purchase,63.68,mobile,2024-03-15 16:28:45,approved,False
TXN20240315000919,ACCT200225,MERCH300188,purchase,126.76,in_person,2024-03-15 09:57:37,approved,False
TXN20240315000920,ACCT204170,MERCH300086,purchase,75.53,web,2024-03-15 10:42:03,declined,False
TXN20240315000921,ACCT203461,MERCH300233,purchase,131.67,in_person,2024-03-15 04:21:45,approved,False
TXN20240315000922,ACCT202507,MERCH300091,purchase,12.41,in_person,2024-03-15 18:58:17,approved,False
TXN20240315000923,ACCT202360,MERCH300171,purchase,40.05,mobile,2024-03-15 03:18:49,approved,False
TXN20240315000924,ACCT204985,MERCH300189,purchase,35.93,mobile,2024-03-15 13:29:01,approved,False
TXN20240315000925,ACCT202474,MERCH300082,purchase,190.81,in_person,2024-03-15 21:28:01,approved,False
TXN20240315000926,ACCT201673,MERCH300046,transfer,47.06,in_person,2024-03-15 22:55:51,approved,False
TXN20240315000927,ACCT205038,MERCH300297,purchase,13.95,in_person,2024-03-15 05:04:57,approved,False
TXN20240315000928,ACCT201535,MERCH300178,purchase,51.96,mobile,2024-03-15 12:53:39,approved,False
TXN20240315000929,ACCT204752,MERCH300072,transfer,76.76,in_person,2024-03-15 10:37:45,approved,False
TXN20240315000930,ACCT203002,MERCH300153,purchase,49.57,web,2024-03-15 13:39:43,approved,False
TXN20240315000931,ACCT206252,MERCH300267,transfer,24.32,mobile,2024-03-15 03:05:28,approved,False
TXN20240315000932,ACCT204102,MERCH300116,purchase,51.57,mobile,2024-03-15 23:10:10,approved,False
TXN20240315000933,ACCT203801,MERCH300084,purchase,149.66,in_person,2024-03-15 17:20:06,approved,False
TXN20240315000934,ACCT204425,MERCH300182,deposit,101.39,web,2024-03-15 07:59:36,approved,False
TXN20240315000935,ACCT202349,MERCH300202,purchase,155.27,web,2024-03-15 20:21:13,approved,False
TXN20240315000936,ACCT205247,MERCH300233,purchase,8.92,web,2024-03-15 22:40:30,approved,False
TXN20240315000937,ACCT202590,MERCH300118,transfer,12.79,atm,2024-03-15 01:58:34,approved,False
TXN20240315000938,ACCT203532,MERCH300029,purchase,27.98,web,2024-03-15 12:32:45,approved,False
TXN20240315000939,ACCT202170,MERCH300163,transfer,39.3,mobile,2024-03-15 17:57:48,reversed,False
TXN20240315000940,ACCT205531,MERCH300109,purchase,37.45,in_person,2024-03-15 22:29:42,approved,False
TXN20240315000941,ACCT204580,MERCH300103,purchase,56.4,mobile,2024-03-15 22:04:03,approved,False
TXN20240315000942,ACCT200831,MERCH300257,withdrawal,17.43,mobile,2024-03-15 04:53:59,approved,False
TXN20240315000943,ACCT202901,MERCH300285,purchase,31.09,mobile,2024-03-15 19:35:34,approved,False
TXN20240315000944,ACCT200603,MERCH300223,withdrawal,50.32,atm,2024-03-15 02:17:38,approved,True
TXN20240315000945,ACCT200387,MERCH300129,purchase,15.98,mobile,2024-03-15 10:07:42,approved,False
TXN20240315000946,ACCT203359,MERCH300132,purchase,8.44,atm,2024-03-15 13:01:29,declined,False
TXN20240315000947,ACCT202158,MERCH300032,withdrawal,75.32,web,2024-03-15 12:40:29,approved,False
TXN20240315000948,ACCT203588,MERCH300076,purchase,43.9,in_person,2024-03-15 23:23:50,approved,False
TXN20240315000949,ACCT203815,MERCH300296,purchase,26.18,atm,2024-03-15 05:51:55,approved,False
TXN20240315000950,ACCT205787,MERCH300023,purchase,56.88,web,2024-03-15 08:57:35,approved,False
TXN20240315000951,ACCT202565,MERCH300074,withdrawal,38.93,mobile,2024-03-15 19:47:19,approved,False
TXN20240315000952,ACCT206368,MERCH300143,purchase,8.52,in_person,2024-03-15 17:44:09,approved,False
TXN20240315000953,ACCT201888,MERCH300138,purchase,83.18,mobile,2024-03-15 19:16:40,approved,False
TXN20240315000954,ACCT204089,MERCH300189,transfer,73.3,in_person,2024-03-15 12:23:43,approved,False
TXN20240315000955,ACCT205405,MERCH300097,purchase,43.96,mobile,2024-03-15 14:10:54,approved,False
TXN20240315000956,ACCT202592,MERCH300212,withdrawal,18.62,web,2024-03-15 22:11:20,approved,False
TXN20240315000957,ACCT206398,MERCH300189,purchase,58.71,in_person,2024-03-15 17:46:05,approved,False
TXN20240315000958,ACCT201347,MERCH300147,withdrawal,13.4,in_person,2024-03-15 05:26:34,declined,False
TXN20240315000959,ACCT202017,MERCH300137,deposit,57.18,web,2024-03-15 01:59:30,approved,False
TXN20240315000960,ACCT202134,MERCH300064,deposit,114.89,in_person,2024-03-15 07:32:00,approved,False
TXN20240315000961,ACCT201401,MERCH300234,withdrawal,57.41,web,2024-03-15 23:08:35,approved,False
TXN20240315000962,ACCT205527,MERCH300093,purchase,63.79,atm,2024-03-15 12:02:31,approved,False
TXN20240315000963,ACCT202326,MERCH300233,purchase,71.02,in_person,2024-03-15 18:05:53,approved,False
TXN20240315000964,ACCT205013,MERCH300146,purchase,28.32,mobile,2024-03-15 21:14:07,approved,True
TXN20240315000965,ACCT206189,MERCH300099,purchase,15.7,web,2024-03-15 16:07:05,approved,False
TXN20240315000966,ACCT205258,MERCH300057,transfer,428.23,web,2024-03-15 04:34:31,approved,False
TXN20240315000967,ACCT202744,MERCH300193,purchase,19.59,in_person,2024-03-15 09:52:11,approved,False
TXN20240315000968,ACCT202694,MERCH300165,purchase,15.88,mobile,2024-03-15 23:57:33,approved,False
TXN20240315000969,ACCT203105,MERCH300235,deposit,64.51,atm,2024-03-15 11:06:49,approved,False
TXN20240315000970,ACCT201780,MERCH300169,purchase,30.53,in_person,2024-03-15 09:39:08,approved,False
TXN20240315000971,ACCT200700,MERCH300197,purchase,16.98,in_person,2024-03-15 03:42:44,declined,False
TXN20240315000972,ACCT200308,MERCH300194,deposit,10.35,in_person,2024-03-15 13:34:01,approved,False
TXN20240315000973,ACCT202546,MERCH300270,purchase,142.08,web,2024-03-15 13:16:09,approved,False
TXN20240315000974,ACCT205070,MERCH300289,withdrawal,67.83,mobile,2024-03-15 11:21:27,approved,False
TXN20240315000975,ACCT200253,MERCH300271,purchase,17.96,web,2024-03-15 14:27:46,approved,False
TXN20240315000976,ACCT205570,MERCH300047,purchase,47.9,mobile,2024-03-15 15:50:12,approved,False
TXN20240315000977,ACCT204600,MERCH300286,transfer,35.14,web,2024-03-15 00:47:25,approved,False
TXN20240315000978,ACCT202915,MERCH300251,purchase,12.9,mobile,2024-03-15 13:26:13,approved,False
TXN20240315000979,ACCT205374,MERCH300031,purchase,93.25,mobile,2024-03-15 18:05:38,approved,False
TXN20240315000980,ACCT203459,MERCH300103,purchase,181.54,web,2024-03-15 17:50:39,approved,False
TXN20240315000981,ACCT201109,MERCH300148,purchase,17.83,mobile,2024-03-15 01:37:51,approved,False
TXN20240315000982,ACCT202237,MERCH300059,withdrawal,16.82,web,2024-03-15 10:08:12,approved,False
TXN20240315000983,ACCT200217,MERCH300188,purchase,26.85,atm,2024-03-15 01:25:50,declined,False
TXN20240315000984,ACCT202253,MERCH300022,purchase,133.28,mobile,2024-03-15 19:43:31,approved,False
TXN20240315000985,ACCT200559,MERCH300195,purchase,7.43,mobile,2024-03-15 04:28:50,approved,False
TXN20240315000986,ACCT203630,MERCH300170,purchase,13.46,web,2024-03-15 07:34:00,approved,False
TXN20240315000987,ACCT203084,MERCH300098,withdrawal,57.35,web,2024-03-15 16:45:58,approved,False
TXN20240315000988,ACCT200341,MERCH300274,purchase,23.05,web,2024-03-15 15:06:50,approved,False
TXN20240315000989,ACCT202366,MERCH300205,purchase,13.03,web,2024-03-15 17:15:56,approved,False
TXN20240315000990,ACCT205898,MERCH300172,purchase,16.37,mobile,2024-03-15 17:53:48,approved,False
TXN20240315000991,ACCT205644,MERCH300198,purchase,53.22,mobile,2024-03-15 01:58:15,approved,False
TXN20240315000992,ACCT203349,MERCH300170,deposit,101.18,atm,2024-03-15 05:14:32,approved,False
TXN20240315000993,ACCT202261,MERCH300180,transfer,30.35,atm,2024-03-15 00:20:30,approved,False
TXN20240315000994,ACCT202258,MERCH300149,purchase,14.48,mobile,2024-03-15 01:08:44,approved,False
TXN20240315000995,ACCT206445,MERCH300125,transfer,15.51,in_person,2024-03-15 22:10:25,approved,False
TXN20240315000996,ACCT200810,MERCH300148,purchase,22.73,mobile,2024-03-15 05:19:34,approved,False
TXN20240315000997,ACCT202841,MERCH300050,purchase,11.4,in_person,2024-03-15 11:35:43,approved,False
TXN20240315000998,ACCT201691,MERCH300141,purchase,16.24,in_person,2024-03-15 10:11:47,approved,False
TXN20240315000999,ACCT203476,MERCH300095,purchase,66.81,web,2024-03-15 19:35:08,approved,False
TXN20240315001000,ACCT205523,MERCH300252,transfer,222.85,web,2024-03-15 18:20:47,approved,False
TXN20240315001001,ACCT201314,MERCH300267,deposit,42.25,in_person,2024-03-15 21:04:20,approved,False
TXN20240315001002,ACCT200583,MERCH300015,purchase,31.39,mobile,2024-03-15 14:20:40,declined,False
TXN20240315001003,ACCT205910,MERCH300120,purchase,46.16,mobile,2024-03-15 11:39:37,approved,False
TXN20240315001004,ACCT205243,MERCH300098,purchase,22.96,web,2024-03-15 10:33:26,approved,False
TXN20240315001005,ACCT203672,MERCH300250,purchase,18.95,mobile,2024-03-15 05:47:56,approved,False
TXN20240315001006,ACCT201712,MERCH300051,purchase,17.19,web,2024-03-15 16:04:05,approved,False
TXN20240315001007,ACCT203101,MERCH300198,transfer,4.16,in_person,2024-03-15 09:01:44,approved,False
TXN20240315001008,ACCT204722,MERCH300236,purchase,15.01,in_person,2024-03-15 01:09:42,approved,False
TXN20240315001009,ACCT202508,MERCH300123,purchase,24.02,mobile,2024-03-15 10:22:07,approved,False
TXN20240315001010,ACCT205460,MERCH300152,purchase,37.3,web,2024-03-15 14:52:43,approved,False
TXN20240315001011,ACCT202232,MERCH300167,withdrawal,84.93,web,2024-03-15 13:18:20,approved,False
TXN20240315001012,ACCT202556,MERCH300040,purchase,9.03,in_person,2024-03-15 08:24:27,approved,False
TXN20240315001013,ACCT201639,MERCH300269,transfer,36.39,in_person,2024-03-15 22:52:28,approved,False
TXN20240315001014,ACCT205154,MERCH300237,deposit,14.64,mobile,2024-03-15 22:32:40,approved,False
TXN20240315001015,ACCT205113,MERCH300167,purchase,34.43,in_person,2024-03-15 11:21:35,approved,False
TXN20240315001016,ACCT202580,MERCH300277,transfer,57.44,in_person,2024-03-15 18:02:43,approved,False
TXN20240315001017,ACCT202201,MERCH300025,purchase,12.8,in_person,2024-03-15 10:34:21,approved,False
TXN20240315001018,ACCT204397,MERCH300092,purchase,26.44,in_person,2024-03-15 16:57:00,approved,False
TXN20240315001019,ACCT204407,MERCH300132,transfer,19.37,in_person,2024-03-15 00:46:17,approved,False
TXN20240315001020,ACCT201342,MERCH300294,purchase,60.17,in_person,2024-03-15 02:34:12,approved,False
TXN20240315001021,ACCT200527,MERCH300071,purchase,30.65,in_person,2024-03-15 19:03:03,approved,False
TXN20240315001022,ACCT204114,MERCH300055,purchase,53.16,in_person,2024-03-15 00:11:00,approved,True
TXN20240315001023,ACCT206079,MERCH300234,transfer,24.4,in_person,2024-03-15 23:28:45,approved,False
TXN20240315001024,ACCT202643,MERCH300274,purchase,72.21,mobile,2024-03-15 21:44:25,approved,False
TXN20240315001025,ACCT202907,MERCH300137,purchase,28.24,mobile,2024-03-15 02:09:32,approved,True
TXN20240315001026,ACCT204129,MERCH300095,purchase,8.17,web,2024-03-15 02:18:46,approved,False
TXN20240315001027,ACCT204241,MERCH300168,purchase,58.71,in_person,2024-03-15 20:45:07,approved,False
TXN20240315001028,ACCT204943,MERCH300245,transfer,68.95,mobile,2024-03-15 04:24:53,approved,False
TXN20240315001029,ACCT206268,MERCH300168,withdrawal,15.26,web,2024-03-15 04:06:35,approved,False
TXN20240315001030,ACCT206156,MERCH300096,purchase,71.27,in_person,2024-03-15 05:29:00,approved,False
TXN20240315001031,ACCT203628,MERCH300232,purchase,21.73,in_person,2024-03-15 15:35:40,approved,False
TXN20240315001032,ACCT202466,MERCH300100,deposit,13.78,atm,2024-03-15 17:55:16,approved,False
TXN20240315001033,ACCT201109,MERCH300257,deposit,86.22,atm,2024-03-15 00:20:40,approved,True
TXN20240315001034,ACCT202588,MERCH300052,transfer,94.86,web,2024-03-15 12:03:46,approved,False
TXN20240315001035,ACCT205831,MERCH300226,purchase,17.71,in_person,2024-03-15 06:47:31,approved,False
TXN20240315001036,ACCT202889,MERCH300110,deposit,32.6,mobile,2024-03-15 04:15:55,approved,False
TXN20240315001037,ACCT203043,MERCH300078,purchase,22.92,web,2024-03-15 00:24:32,approved,False
TXN20240315001038,ACCT204629,MERCH300202,purchase,117.8,in_person,2024-03-15 15:11:22,approved,False
TXN20240315001039,ACCT201672,MERCH300156,withdrawal,266.96,mobile,2024-03-15 05:06:39,approved,False
TXN20240315001040,ACCT200864,MERCH300292,transfer,39.51,mobile,2024-03-15 19:48:23,approved,False
TXN20240315001041,ACCT204490,MERCH300231,transfer,30.12,web,2024-03-15 22:12:58,approved,False
TXN20240315001042,ACCT204212,MERCH300210,purchase,38.87,mobile,2024-03-15 15:26:56,approved,False
TXN20240315001043,ACCT203179,MERCH300275,purchase,37.63,in_person,2024-03-15 23:14:49,approved,False
TXN20240315001044,ACCT203937,MERCH300115,transfer,46.32,mobile,2024-03-15 00:43:59,approved,False
TXN20240315001045,ACCT200750,MERCH300017,purchase,40.47,web,2024-03-15 01:34:07,approved,False
TXN20240315001046,ACCT200043,MERCH300020,transfer,53.75,in_person,2024-03-15 04:14:31,approved,False
TXN20240315001047,ACCT200264,MERCH300021,transfer,38.62,web,2024-03-15 17:24:37,approved,False
TXN20240315001048,ACCT206298,MERCH300152,purchase,14.34,in_person,2024-03-15 14:47:35,approved,False
TXN20240315001049,ACCT200263,MERCH300233,purchase,35.04,atm,2024-03-15 16:55:34,approved,False
TXN20240315001050,ACCT204568,MERCH300067,deposit,21.92,mobile,2024-03-15 07:13:14,approved,False
TXN20240315001051,ACCT201308,MERCH300162,purchase,20.66,in_person,2024-03-15 10:19:12,approved,False
TXN20240315001052,ACCT201157,MERCH300076,withdrawal,93.76,web,2024-03-15 11:15:18,approved,False
TXN20240315001053,ACCT200397,MERCH300103,purchase,36.56,web,2024-03-15 09:41:26,approved,False
TXN20240315001054,ACCT200286,MERCH300042,purchase,12.3,mobile,2024-03-15 00:48:33,approved,False
TXN20240315001055,ACCT204410,MERCH300172,purchase,155.01,web,2024-03-15 15:44:36,approved,False
TXN20240315001056,ACCT205277,MERCH300273,transfer,58.6,mobile,2024-03-15 22:09:49,approved,False
TXN20240315001057,ACCT204510,MERCH300114,purchase,21.33,in_person,2024-03-15 09:20:46,approved,False
TXN20240315001058,ACCT204578,MERCH300041,purchase,173.59,web,2024-03-15 19:20:54,approved,False
TXN20240315001059,ACCT203929,MERCH300024,withdrawal,33.92,in_person,2024-03-15 15:28:08,approved,False
TXN20240315001060,ACCT201504,MERCH300047,transfer,83.57,in_person,2024-03-15 04:14:22,approved,False
TXN20240315001061,ACCT203904,MERCH300202,purchase,66.69,atm,2024-03-15 04:56:15,approved,False
TXN20240315001062,ACCT205222,MERCH300085,withdrawal,1127.24,mobile,2024-03-15 23:27:34,approved,False
TXN20240315001063,ACCT205150,MERCH300055,purchase,64.7,mobile,2024-03-15 21:22:37,approved,False
TXN20240315001064,ACCT200209,MERCH300012,purchase,22.89,web,2024-03-15 14:48:12,approved,False
TXN20240315001065,ACCT204513,MERCH300122,deposit,22.38,in_person,2024-03-15 23:25:37,approved,False
TXN20240315001066,ACCT202029,MERCH300044,purchase,45.41,web,2024-03-15 07:39:14,approved,False
TXN20240315001067,ACCT202065,MERCH300127,purchase,273.98,in_person,2024-03-15 04:17:29,approved,False
TXN20240315001068,ACCT204335,MERCH300255,deposit,38.77,in_person,2024-03-15 19:32:12,approved,False
TXN20240315001069,ACCT206328,MERCH300266,purchase,41.14,in_person,2024-03-15 10:45:41,approved,False
TXN20240315001070,ACCT202084,MERCH300071,deposit,26.43,in_person,2024-03-15 01:29:57,approved,False
TXN20240315001071,ACCT202848,MERCH300280,purchase,335.42,mobile,2024-03-15 02:19:15,approved,False
TXN20240315001072,ACCT200363,MERCH300222,purchase,60.32,atm,2024-03-15 22:46:53,approved,False
TXN20240315001073,ACCT203445,MERCH300247,purchase,20.31,mobile,2024-03-15 06:36:02,approved,False
TXN20240315001074,ACCT201834,MERCH300009,purchase,22.36,web,2024-03-15 08:38:02,approved,False
TXN20240315001075,ACCT204039,MERCH300205,purchase,5.76,in_person,2024-03-15 17:11:41,declined,False
TXN20240315001076,ACCT204464,MERCH300140,purchase,51.3,mobile,2024-03-15 06:19:22,approved,False
TXN20240315001077,ACCT204396,MERCH300207,purchase,21.38,web,2024-03-15 09:58:34,approved,False
TXN20240315001078,ACCT202218,MERCH300038,purchase,22.64,web,2024-03-15 23:05:25,approved,False
TXN20240315001079,ACCT205546,MERCH300228,purchase,18.0,mobile,2024-03-15 09:09:51,approved,False
TXN20240315001080,ACCT202524,MERCH300260,purchase,41.29,web,2024-03-15 16:02:57,approved,False
TXN20240315001081,ACCT203519,MERCH300027,purchase,106.92,web,2024-03-15 02:27:40,approved,False
TXN20240315001082,ACCT205413,MERCH300126,purchase,90.02,mobile,2024-03-15 21:47:17,approved,False
TXN20240315001083,ACCT204221,MERCH300242,purchase,23.19,web,2024-03-15 01:15:48,approved,False
TXN20240315001084,ACCT202771,MERCH300033,transfer,28.71,atm,2024-03-15 20:46:39,approved,False
TXN20240315001085,ACCT202965,MERCH300192,deposit,34.28,in_person,2024-03-15 12:36:07,reversed,False
TXN20240315001086,ACCT200176,MERCH300197,purchase,43.01,mobile,2024-03-15 10:04:51,approved,False
TXN20240315001087,ACCT202640,MERCH300120,withdrawal,27.38,in_person,2024-03-15 23:26:05,approved,False
TXN20240315001088,ACCT201496,MERCH300051,purchase,18.98,atm,2024-03-15 08:40:27,approved,False
TXN20240315001089,ACCT203558,MERCH300016,purchase,53.98,atm,2024-03-15 12:38:25,approved,False
TXN20240315001090,ACCT205860,MERCH300072,purchase,309.98,in_person,2024-03-15 02:23:29,approved,False
TXN20240315001091,ACCT200488,MERCH300270,withdrawal,109.03,in_person,2024-03-15 05:59:43,approved,False
TXN20240315001092,ACCT205196,MERCH300089,withdrawal,40.94,web,2024-03-15 16:54:02,approved,False
TXN20240315001093,ACCT200619,MERCH300121,transfer,19.93,mobile,2024-03-15 07:33:49,approved,False
TXN20240315001094,ACCT200444,MERCH300037,purchase,15.49,in_person,2024-03-15 20:05:08,approved,False
TXN20240315001095,ACCT200364,MERCH300046,purchase,95.15,in_person,2024-03-15 02:54:12,approved,False
TXN20240315001096,ACCT203864,MERCH300265,purchase,24.83,in_person,2024-03-15 09:30:32,approved,False
TXN20240315001097,ACCT205088,MERCH300122,transfer,16.96,in_person,2024-03-15 03:07:38,approved,False
TXN20240315001098,ACCT202252,MERCH300293,purchase,22.62,in_person,2024-03-15 23:27:25,approved,False
TXN20240315001099,ACCT201445,MERCH300198,transfer,56.72,mobile,2024-03-15 22:44:30,approved,False
TXN20240315001100,ACCT200117,MERCH300145,transfer,38.09,mobile,2024-03-15 01:40:07,approved,False
TXN20240315001101,ACCT200720,MERCH300287,purchase,46.13,mobile,2024-03-15 15:54:55,approved,False
TXN20240315001102,ACCT204928,MERCH300171,transfer,18.22,web,2024-03-15 05:05:19,approved,False
TXN20240315001103,ACCT200834,MERCH300025,purchase,55.76,web,2024-03-15 13:07:09,approved,False
TXN20240315001104,ACCT205276,MERCH300291,purchase,30.63,web,2024-03-15 17:19:03,approved,False
TXN20240315001105,ACCT201065,MERCH300101,withdrawal,86.48,web,2024-03-15 02:10:00,approved,False
TXN20240315001106,ACCT202248,MERCH300110,deposit,161.74,in_person,2024-03-15 14:17:52,approved,False
TXN20240315001107,ACCT200838,MERCH300190,purchase,98.41,web,2024-03-15 15:39:24,approved,False
TXN20240315001108,ACCT201750,MERCH300243,purchase,12.93,in_person,2024-03-15 17:34:24,approved,False
TXN20240315001109,ACCT204292,MERCH300057,purchase,57.36,in_person,2024-03-15 18:39:51,approved,False
TXN20240315001110,ACCT201943,MERCH300094,deposit,12.9,web,2024-03-15 15:58:16,approved,False
TXN20240315001111,ACCT200560,MERCH300009,transfer,55.14,web,2024-03-15 00:53:36,approved,False
TXN20240315001112,ACCT200058,MERCH300168,transfer,168.29,mobile,2024-03-15 10:12:40,approved,False
TXN20240315001113,ACCT201801,MERCH300289,purchase,70.28,web,2024-03-15 14:35:19,approved,False
TXN20240315001114,ACCT206062,MERCH300006,deposit,36.87,in_person,2024-03-15 21:24:58,approved,False
TXN20240315001115,ACCT200077,MERCH300242,purchase,40.28,in_person,2024-03-15 01:29:34,approved,False
TXN20240315001116,ACCT201122,MERCH300097,purchase,22.77,atm,2024-03-15 02:51:21,approved,False
TXN20240315001117,ACCT205852,MERCH300109,deposit,27.84,web,2024-03-15 11:13:27,approved,False
TXN20240315001118,ACCT203047,MERCH300057,withdrawal,92.4,mobile,2024-03-15 03:01:55,approved,False
TXN20240315001119,ACCT201514,MERCH300195,purchase,26.68,web,2024-03-15 23:49:36,approved,False
TXN20240315001120,ACCT204304,MERCH300274,purchase,4.27,in_person,2024-03-15 00:20:17,approved,False
TXN20240315001121,ACCT203047,MERCH300214,purchase,61.55,mobile,2024-03-15 21:54:10,approved,False
TXN20240315001122,ACCT203207,MERCH300146,purchase,44.55,mobile,2024-03-15 11:39:02,approved,False
TXN20240315001123,ACCT202210,MERCH300266,purchase,15.69,web,2024-03-15 19:27:00,approved,False
TXN20240315001124,ACCT203426,MERCH300036,deposit,333.76,in_person,2024-03-15 21:47:02,reversed,False
TXN20240315001125,ACCT206138,MERCH300224,purchase,11.57,in_person,2024-03-15 19:28:47,approved,False
TXN20240315001126,ACCT202474,MERCH300035,purchase,31.11,mobile,2024-03-15 14:29:20,approved,False
TXN20240315001127,ACCT201727,MERCH300207,purchase,68.52,in_person,2024-03-15 11:17:33,approved,False
TXN20240315001128,ACCT202069,MERCH300198,withdrawal,31.13,web,2024-03-15 18:17:17,approved,False
TXN20240315001129,ACCT203909,MERCH300192,purchase,50.54,web,2024-03-15 09:31:30,approved,False
TXN20240315001130,ACCT203918,MERCH300280,purchase,5.93,atm,2024-03-15 17:30:50,approved,False
TXN20240315001131,ACCT203126,MERCH300057,deposit,8.24,in_person,2024-03-15 06:22:27,approved,False
TXN20240315001132,ACCT202301,MERCH300223,purchase,38.85,in_person,2024-03-15 22:53:39,approved,False
TXN20240315001133,ACCT204118,MERCH300282,purchase,205.57,mobile,2024-03-15 20:45:17,approved,False
TXN20240315001134,ACCT202913,MERCH300169,purchase,27.74,mobile,2024-03-15 15:27:03,approved,False
TXN20240315001135,ACCT202464,MERCH300148,purchase,57.14,mobile,2024-03-15 03:38:56,approved,False
TXN20240315001136,ACCT204852,MERCH300124,purchase,16.31,in_person,2024-03-15 14:55:14,approved,False
TXN20240315001137,ACCT202695,MERCH300197,purchase,5.56,web,2024-03-15 02:15:09,approved,False
TXN20240315001138,ACCT206232,MERCH300026,purchase,13.21,in_person,2024-03-15 22:05:02,approved,False
TXN20240315001139,ACCT204224,MERCH300078,purchase,43.63,mobile,2024-03-15 10:07:12,approved,False
TXN20240315001140,ACCT200975,MERCH300107,purchase,12.29,in_person,2024-03-15 12:11:24,approved,False
TXN20240315001141,ACCT201388,MERCH300015,purchase,7.05,mobile,2024-03-15 17:02:47,approved,False
TXN20240315001142,ACCT200728,MERCH300279,purchase,30.83,mobile,2024-03-15 03:00:31,approved,False
TXN20240315001143,ACCT201683,MERCH300249,purchase,20.59,web,2024-03-15 16:10:31,approved,False
TXN20240315001144,ACCT203244,MERCH300215,purchase,12.33,in_person,2024-03-15 20:09:28,approved,False
TXN20240315001145,ACCT203822,MERCH300183,transfer,13.89,in_person,2024-03-15 03:24:41,approved,False
TXN20240315001146,ACCT202457,MERCH300261,purchase,138.39,in_person,2024-03-15 21:44:58,approved,False
TXN20240315001147,ACCT204867,MERCH300255,purchase,25.62,web,2024-03-15 17:53:56,reversed,False
TXN20240315001148,ACCT200507,MERCH300278,withdrawal,22.22,in_person,2024-03-15 13:34:54,approved,False
TXN20240315001149,ACCT201345,MERCH300209,purchase,4.83,web,2024-03-15 18:26:20,approved,False
TXN20240315001150,ACCT202225,MERCH300224,purchase,15.55,web,2024-03-15 12:10:54,approved,False
TXN20240315001151,ACCT203153,MERCH300197,purchase,97.32,in_person,2024-03-15 14:18:44,approved,False
TXN20240315001152,ACCT205392,MERCH300245,purchase,20.88,in_person,2024-03-15 00:52:00,approved,False
TXN20240315001153,ACCT204578,MERCH300125,transfer,117.79,web,2024-03-15 10:47:45,approved,False
TXN20240315001154,ACCT202767,MERCH300185,withdrawal,68.97,in_person,2024-03-15 10:14:30,approved,False
TXN20240315001155,ACCT203640,MERCH300191,transfer,48.08,atm,2024-03-15 08:29:56,declined,False
TXN20240315001156,ACCT206248,MERCH300246,purchase,14.32,web,2024-03-15 14:21:58,approved,False
TXN20240315001157,ACCT204513,MERCH300183,transfer,20.98,mobile,2024-03-15 21:50:09,approved,False
TXN20240315001158,ACCT201626,MERCH300105,transfer,202.87,web,2024-03-15 09:20:22,approved,False
TXN20240315001159,ACCT205073,MERCH300033,deposit,170.5,mobile,2024-03-15 09:29:50,approved,False
TXN20240315001160,ACCT202198,MERCH300114,purchase,113.18,mobile,2024-03-15 23:16:20,approved,False
TXN20240315001161,ACCT204283,MERCH300223,purchase,22.78,web,2024-03-15 15:35:04,approved,False
TXN20240315001162,ACCT205666,MERCH300002,purchase,21.76,in_person,2024-03-15 09:42:26,approved,False
TXN20240315001163,ACCT204608,MERCH300192,purchase,202.67,mobile,2024-03-15 11:21:53,approved,False
TXN20240315001164,ACCT205591,MERCH300194,purchase,22.08,in_person,2024-03-15 16:16:23,declined,False
TXN20240315001165,ACCT205544,MERCH300294,transfer,9.54,mobile,2024-03-15 15:59:40,reversed,False
TXN20240315001166,ACCT205569,MERCH300228,purchase,38.57,mobile,2024-03-15 03:04:06,approved,False
TXN20240315001167,ACCT201263,MERCH300019,deposit,30.45,in_person,2024-03-15 20:20:09,approved,False
TXN20240315001168,ACCT201827,MERCH300006,transfer,24.27,in_person,2024-03-15 02:09:34,approved,False
TXN20240315001169,ACCT202195,MERCH300067,transfer,2.72,in_person,2024-03-15 10:10:06,approved,False
TXN20240315001170,ACCT206341,MERCH300011,purchase,99.32,in_person,2024-03-15 15:49:22,approved,False
TXN20240315001171,ACCT204663,MERCH300029,purchase,15.64,in_person,2024-03-15 22:04:10,approved,False
TXN20240315001172,ACCT205803,MERCH300292,withdrawal,15.72,in_person,2024-03-15 01:17:38,reversed,False
TXN20240315001173,ACCT205830,MERCH300163,withdrawal,134.51,atm,2024-03-15 16:52:38,approved,False
TXN20240315001174,ACCT206211,MERCH300195,transfer,56.11,in_person,2024-03-15 22:10:38,approved,False
TXN20240315001175,ACCT200351,MERCH300008,transfer,34.29,mobile,2024-03-15 04:26:30,approved,False
TXN20240315001176,ACCT203353,MERCH300251,purchase,22.31,in_person,2024-03-15 13:47:17,approved,False
TXN20240315001177,ACCT204605,MERCH300192,transfer,51.3,mobile,2024-03-15 21:03:15,approved,False
TXN20240315001178,ACCT204342,MERCH300218,purchase,180.43,mobile,2024-03-15 03:28:11,approved,False
TXN20240315001179,ACCT204100,MERCH300085,purchase,45.18,atm,2024-03-15 17:01:08,approved,False
TXN20240315001180,ACCT206304,MERCH300159,transfer,91.97,mobile,2024-03-15 10:08:59,approved,False
TXN20240315001181,ACCT203497,MERCH300070,purchase,437.12,mobile,2024-03-15 18:31:01,approved,False
TXN20240315001182,ACCT205607,MERCH300070,transfer,67.02,in_person,2024-03-15 07:39:13,approved,False
TXN20240315001183,ACCT203158,MERCH300260,transfer,44.11,in_person,2024-03-15 04:46:36,approved,False
TXN20240315001184,ACCT200019,MERCH300113,deposit,3.38,mobile,2024-03-15 22:46:02,approved,False
TXN20240315001185,ACCT202179,MERCH300013,purchase,12.92,web,2024-03-15 23:09:24,approved,False
TXN20240315001186,ACCT203730,MERCH300038,purchase,18.08,in_person,2024-03-15 05:57:25,approved,False
TXN20240315001187,ACCT200187,MERCH300168,purchase,93.77,in_person,2024-03-15 23:03:47,approved,False
TXN20240315001188,ACCT200056,MERCH300126,purchase,6.7,in_person,2024-03-15 13:54:45,approved,False
TXN20240315001189,ACCT205570,MERCH300098,transfer,77.57,in_person,2024-03-15 13:44:55,approved,False
TXN20240315001190,ACCT204705,MERCH300263,purchase,25.47,in_person,2024-03-15 12:46:56,approved,False
TXN20240315001191,ACCT200693,MERCH300190,purchase,15.08,in_person,2024-03-15 08:16:22,approved,False
TXN20240315001192,ACCT202979,MERCH300219,purchase,32.81,atm,2024-03-15 14:42:43,approved,False
TXN20240315001193,ACCT202957,MERCH300016,purchase,162.05,in_person,2024-03-15 19:29:50,approved,False
TXN20240315001194,ACCT204395,MERCH300070,purchase,28.09,atm,2024-03-15 05:26:32,approved,False
TXN20240315001195,ACCT206114,MERCH300009,deposit,29.61,in_person,2024-03-15 01:23:00,approved,False
TXN20240315001196,ACCT200350,MERCH300229,purchase,53.43,mobile,2024-03-15 01:50:15,approved,False
TXN20240315001197,ACCT200784,MERCH300299,purchase,122.37,web,2024-03-15 16:29:04,approved,False
TXN20240315001198,ACCT203482,MERCH300021,purchase,16.39,in_person,2024-03-15 05:35:45,approved,False
TXN20240315001199,ACCT203475,MERCH300026,transfer,21.94,in_person,2024-03-15 11:26:09,approved,False
TXN20240315001200,ACCT205500,MERCH300104,purchase,81.0,in_person,2024-03-15 12:22:53,approved,False
TXN20240315001201,ACCT203653,MERCH300238,transfer,33.5,web,2024-03-15 06:43:06,approved,False
TXN20240315001202,ACCT204875,MERCH300214,purchase,50.68,mobile,2024-03-15 19:29:35,approved,False
TXN20240315001203,ACCT202111,MERCH300014,purchase,73.63,in_person,2024-03-15 07:18:39,approved,False
TXN20240315001204,ACCT205495,MERCH300086,purchase,10.57,web,2024-03-15 18:57:27,approved,False
TXN20240315001205,ACCT202327,MERCH300003,withdrawal,43.48,in_person,2024-03-15 13:34:04,approved,False
TXN20240315001206,ACCT203052,MERCH300251,purchase,99.49,web,2024-03-15 08:41:10,approved,False
TXN20240315001207,ACCT201260,MERCH300184,purchase,15.26,mobile,2024-03-15 13:13:12,approved,False
TXN20240315001208,ACCT203228,MERCH300235,purchase,12.25,web,2024-03-15 11:47:32,approved,False
TXN20240315001209,ACCT200738,MERCH300228,purchase,9.48,in_person,2024-03-15 12:13:25,approved,False
TXN20240315001210,ACCT203778,MERCH300166,transfer,20.36,web,2024-03-15 22:30:22,approved,False
TXN20240315001211,ACCT202028,MERCH300200,purchase,26.51,in_person,2024-03-15 09:14:08,approved,False
TXN20240315001212,ACCT203518,MERCH300261,transfer,43.82,web,2024-03-15 15:52:28,approved,False
TXN20240315001213,ACCT205075,MERCH300196,transfer,12.0,atm,2024-03-15 10:43:54,approved,False
TXN20240315001214,ACCT205541,MERCH300078,purchase,16.38,in_person,2024-03-15 05:36:59,reversed,False
TXN20240315001215,ACCT203957,MERCH300279,purchase,114.14,mobile,2024-03-15 14:11:18,approved,False
TXN20240315001216,ACCT204191,MERCH300171,purchase,20.8,mobile,2024-03-15 06:26:13,approved,False
TXN20240315001217,ACCT202806,MERCH300212,purchase,54.66,in_person,2024-03-15 21:15:17,approved,False
TXN20240315001218,ACCT205562,MERCH300081,purchase,22.26,mobile,2024-03-15 09:03:09,approved,False
TXN20240315001219,ACCT205593,MERCH300010,purchase,14.2,web,2024-03-15 20:28:42,approved,False
TXN20240315001220,ACCT200301,MERCH300032,purchase,71.87,web,2024-03-15 11:41:47,approved,False
TXN20240315001221,ACCT205672,MERCH300059,purchase,77.66,in_person,2024-03-15 21:33:09,approved,False
TXN20240315001222,ACCT201432,MERCH300051,deposit,14.4,web,2024-03-15 22:54:06,approved,False
TXN20240315001223,ACCT205337,MERCH300109,purchase,44.83,mobile,2024-03-15 10:38:57,declined,False
TXN20240315001224,ACCT205141,MERCH300117,deposit,136.19,web,2024-03-15 19:25:20,approved,False
TXN20240315001225,ACCT202258,MERCH300031,purchase,48.62,mobile,2024-03-15 18:09:19,approved,False
TXN20240315001226,ACCT203740,MERCH300033,purchase,183.74,in_person,2024-03-15 14:00:52,approved,False
TXN20240315001227,ACCT202265,MERCH300149,purchase,38.19,in_person,2024-03-15 12:42:24,approved,False
TXN20240315001228,ACCT200808,MERCH300011,purchase,32.15,in_person,2024-03-15 21:20:38,approved,False
TXN20240315001229,ACCT204536,MERCH300068,purchase,84.82,atm,2024-03-15 18:20:49,approved,False
TXN20240315001230,ACCT202269,MERCH300219,purchase,40.41,mobile,2024-03-15 14:14:44,approved,False
TXN20240315001231,ACCT205191,MERCH300292,withdrawal,43.35,mobile,2024-03-15 22:58:03,approved,False
TXN20240315001232,ACCT201692,MERCH300059,deposit,41.13,in_person,2024-03-15 20:49:06,approved,False
TXN20240315001233,ACCT201692,MERCH300047,purchase,230.67,in_person,2024-03-15 23:43:15,approved,False
TXN20240315001234,ACCT203189,MERCH300096,transfer,323.92,mobile,2024-03-15 13:14:31,approved,False
TXN20240315001235,ACCT201736,MERCH300086,transfer,19.11,in_person,2024-03-15 12:10:23,approved,False
TXN20240315001236,ACCT204060,MERCH300138,purchase,134.23,mobile,2024-03-15 15:45:03,approved,False
TXN20240315001237,ACCT204695,MERCH300208,deposit,15.18,web,2024-03-15 10:41:22,approved,False
TXN20240315001238,ACCT203088,MERCH300101,purchase,12.55,in_person,2024-03-15 23:40:56,declined,False
TXN20240315001239,ACCT204490,MERCH300235,transfer,86.66,mobile,2024-03-15 12:49:24,approved,False
TXN20240315001240,ACCT205486,MERCH300062,deposit,62.2,atm,2024-03-15 00:36:28,approved,False
TXN20240315001241,ACCT204794,MERCH300066,purchase,50.27,in_person,2024-03-15 10:44:37,approved,False
TXN20240315001242,ACCT204480,MERCH300201,withdrawal,7.42,web,2024-03-15 23:00:26,declined,False
TXN20240315001243,ACCT204189,MERCH300268,purchase,106.19,mobile,2024-03-15 01:28:15,approved,False
TXN20240315001244,ACCT201859,MERCH300213,deposit,67.69,web,2024-03-15 15:59:14,approved,False
TXN20240315001245,ACCT206413,MERCH300222,deposit,14.96,web,2024-03-15 09:14:19,approved,False
TXN20240315001246,ACCT205953,MERCH300075,purchase,71.18,web,2024-03-15 23:07:40,approved,False
TXN20240315001247,ACCT202879,MERCH300100,purchase,152.75,mobile,2024-03-15 01:54:00,approved,False
TXN20240315001248,ACCT205578,MERCH300190,purchase,174.53,web,2024-03-15 12:06:18,approved,False
TXN20240315001249,ACCT205876,MERCH300261,purchase,55.4,mobile,2024-03-15 14:27:10,approved,False
TXN20240315001250,ACCT206293,MERCH300044,withdrawal,91.57,atm,2024-03-15 15:53:14,approved,False
TXN20240315001251,ACCT204057,MERCH300028,purchase,21.65,mobile,2024-03-15 13:39:30,approved,False
TXN20240315001252,ACCT201527,MERCH300198,purchase,8.26,in_person,2024-03-15 04:23:54,approved,False
TXN20240315001253,ACCT204687,MERCH300189,purchase,60.93,in_person,2024-03-15 23:37:24,approved,False
TXN20240315001254,ACCT204033,MERCH300004,purchase,90.71,in_person,2024-03-15 08:43:56,approved,False
TXN20240315001255,ACCT202119,MERCH300132,purchase,246.17,atm,2024-03-15 20:44:51,approved,False
TXN20240315001256,ACCT200316,MERCH300091,purchase,6.07,mobile,2024-03-15 08:34:13,approved,False
TXN20240315001257,ACCT204208,MERCH300208,purchase,33.57,in_person,2024-03-15 02:01:48,approved,False
TXN20240315001258,ACCT200959,MERCH300116,transfer,97.56,web,2024-03-15 17:54:14,approved,False
TXN20240315001259,ACCT201079,MERCH300085,purchase,28.16,mobile,2024-03-15 10:27:09,approved,False
TXN20240315001260,ACCT204722,MERCH300024,purchase,53.31,mobile,2024-03-15 09:18:58,approved,False
TXN20240315001261,ACCT204693,MERCH300273,purchase,71.93,mobile,2024-03-15 16:04:43,approved,False
TXN20240315001262,ACCT206243,MERCH300274,withdrawal,41.46,atm,2024-03-15 13:11:22,declined,False
TXN20240315001263,ACCT205696,MERCH300270,transfer,20.07,in_person,2024-03-15 08:31:13,approved,False
TXN20240315001264,ACCT201190,MERCH300245,transfer,286.05,mobile,2024-03-15 21:08:21,approved,False
TXN20240315001265,ACCT201564,MERCH300014,withdrawal,15.37,mobile,2024-03-15 14:12:09,approved,False
TXN20240315001266,ACCT200109,MERCH300206,purchase,78.3,in_person,2024-03-15 10:56:32,approved,False
TXN20240315001267,ACCT203832,MERCH300050,purchase,230.3,web,2024-03-15 11:56:54,approved,False
TXN20240315001268,ACCT201270,MERCH300172,purchase,59.76,web,2024-03-15 00:54:27,approved,False
TXN20240315001269,ACCT200775,MERCH300177,withdrawal,43.67,in_person,2024-03-15 11:20:48,approved,False
TXN20240315001270,ACCT205846,MERCH300022,transfer,12.78,mobile,2024-03-15 14:04:20,approved,False
TXN20240315001271,ACCT206266,MERCH300277,purchase,24.6,atm,2024-03-15 20:08:50,approved,False
TXN20240315001272,ACCT202779,MERCH300108,withdrawal,8.69,in_person,2024-03-15 04:51:41,approved,False
TXN20240315001273,ACCT205501,MERCH300204,transfer,162.73,web,2024-03-15 21:58:56,approved,False
TXN20240315001274,ACCT204527,MERCH300079,purchase,18.62,mobile,2024-03-15 21:39:00,declined,False
TXN20240315001275,ACCT200526,MERCH300210,transfer,116.13,in_person,2024-03-15 21:45:35,reversed,False
TXN20240315001276,ACCT202955,MERCH300004,purchase,29.09,mobile,2024-03-15 00:45:30,approved,False
TXN20240315001277,ACCT201289,MERCH300178,deposit,89.18,web,2024-03-15 09:03:30,declined,False
TXN20240315001278,ACCT201729,MERCH300138,deposit,17.29,mobile,2024-03-15 06:27:24,declined,False
TXN20240315001279,ACCT201507,MERCH300014,purchase,18.38,atm,2024-03-15 23:46:54,approved,False
TXN20240315001280,ACCT205573,MERCH300100,purchase,59.15,web,2024-03-15 04:40:24,approved,False
TXN20240315001281,ACCT201512,MERCH300033,purchase,149.79,atm,2024-03-15 00:29:21,approved,False
TXN20240315001282,ACCT204061,MERCH300257,transfer,11.0,in_person,2024-03-15 22:40:13,approved,False
TXN20240315001283,ACCT200434,MERCH300182,purchase,61.88,in_person,2024-03-15 07:02:46,approved,False
TXN20240315001284,ACCT205827,MERCH300028,transfer,7.73,in_person,2024-03-15 09:16:01,approved,False
TXN20240315001285,ACCT202114,MERCH300148,purchase,173.78,web,2024-03-15 03:13:16,approved,False
TXN20240315001286,ACCT206359,MERCH300247,purchase,31.71,web,2024-03-15 02:42:49,approved,False
TXN20240315001287,ACCT200983,MERCH300184,purchase,70.27,web,2024-03-15 04:00:13,declined,False
TXN20240315001288,ACCT205822,MERCH300134,purchase,29.74,web,2024-03-15 16:31:41,approved,False
TXN20240315001289,ACCT204042,MERCH300102,withdrawal,23.38,web,2024-03-15 04:53:42,approved,False
TXN20240315001290,ACCT204778,MERCH300118,transfer,22.17,web,2024-03-15 03:47:51,approved,False
TXN20240315001291,ACCT204553,MERCH300232,purchase,83.55,mobile,2024-03-15 16:24:30,approved,False
TXN20240315001292,ACCT206328,MERCH300280,withdrawal,39.91,in_person,2024-03-15 23:45:40,approved,False
TXN20240315001293,ACCT202134,MERCH300145,purchase,191.41,web,2024-03-15 02:37:38,approved,False
TXN20240315001294,ACCT204062,MERCH300017,purchase,59.77,web,2024-03-15 19:01:22,approved,False
TXN20240315001295,ACCT202141,MERCH300087,purchase,14.61,in_person,2024-03-15 06:17:23,approved,False
TXN20240315001296,ACCT200837,MERCH300193,purchase,71.81,in_person,2024-03-15 18:20:52,approved,False
TXN20240315001297,ACCT202277,MERCH300287,purchase,27.06,mobile,2024-03-15 20:11:31,approved,False
TXN20240315001298,ACCT205124,MERCH300224,purchase,9.38,atm,2024-03-15 17:33:45,approved,False
TXN20240315001299,ACCT205512,MERCH300119,purchase,70.7,web,2024-03-15 10:18:49,approved,False
TXN20240315001300,ACCT200370,MERCH300268,transfer,37.05,in_person,2024-03-15 16:10:06,approved,False
TXN20240315001301,ACCT201059,MERCH300063,purchase,91.81,atm,2024-03-15 14:56:43,declined,False
TXN20240315001302,ACCT206323,MERCH300131,withdrawal,66.26,mobile,2024-03-15 21:59:38,approved,False
TXN20240315001303,ACCT205117,MERCH300166,purchase,25.07,in_person,2024-03-15 10:54:22,approved,False
TXN20240315001304,ACCT205252,MERCH300298,deposit,13.1,mobile,2024-03-15 12:58:39,approved,False
TXN20240315001305,ACCT202195,MERCH300042,purchase,10.29,in_person,2024-03-15 01:25:51,approved,False
TXN20240315001306,ACCT200642,MERCH300029,withdrawal,170.7,atm,2024-03-15 07:07:10,reversed,False
TXN20240315001307,ACCT206416,MERCH300255,transfer,85.72,atm,2024-03-15 04:17:47,approved,False
TXN20240315001308,ACCT200671,MERCH300147,purchase,20.17,atm,2024-03-15 06:30:27,approved,False
TXN20240315001309,ACCT205709,MERCH300109,purchase,37.05,mobile,2024-03-15 14:39:31,approved,False
TXN20240315001310,ACCT202602,MERCH300093,transfer,17.88,atm,2024-03-15 06:50:01,approved,True
TXN20240315001311,ACCT200855,MERCH300186,purchase,57.9,in_person,2024-03-15 13:48:05,declined,False
TXN20240315001312,ACCT204192,MERCH300036,deposit,33.09,mobile,2024-03-15 02:46:01,approved,False
TXN20240315001313,ACCT203215,MERCH300048,purchase,69.45,web,2024-03-15 13:16:39,approved,False
TXN20240315001314,ACCT200102,MERCH300107,purchase,28.48,in_person,2024-03-15 11:17:33,approved,False
TXN20240315001315,ACCT203729,MERCH300001,purchase,19.84,in_person,2024-03-15 06:15:39,approved,False
TXN20240315001316,ACCT203987,MERCH300145,purchase,22.76,web,2024-03-15 04:37:03,approved,False
TXN20240315001317,ACCT203641,MERCH300036,transfer,18.26,web,2024-03-15 13:07:43,approved,False
TXN20240315001318,ACCT205560,MERCH300174,purchase,137.75,in_person,2024-03-15 00:19:25,approved,False
TXN20240315001319,ACCT202621,MERCH300067,purchase,92.63,web,2024-03-15 13:35:06,approved,False
TXN20240315001320,ACCT201910,MERCH300133,transfer,27.39,in_person,2024-03-15 02:26:40,approved,False
TXN20240315001321,ACCT203832,MERCH300082,purchase,229.7,mobile,2024-03-15 13:05:13,approved,False
TXN20240315001322,ACCT204827,MERCH300083,purchase,69.69,in_person,2024-03-15 14:24:51,approved,False
TXN20240315001323,ACCT203535,MERCH300048,purchase,16.0,in_person,2024-03-15 04:26:05,approved,False
TXN20240315001324,ACCT202041,MERCH300049,purchase,73.13,web,2024-03-15 04:42:44,approved,False
TXN20240315001325,ACCT200172,MERCH300268,deposit,48.44,mobile,2024-03-15 23:51:19,approved,False
TXN20240315001326,ACCT201926,MERCH300260,deposit,131.03,atm,2024-03-15 09:14:18,approved,False
TXN20240315001327,ACCT202774,MERCH300068,deposit,3.34,in_person,2024-03-15 18:12:27,approved,False
TXN20240315001328,ACCT205017,MERCH300064,withdrawal,8.84,atm,2024-03-15 22:01:40,approved,False
TXN20240315001329,ACCT206379,MERCH300218,purchase,34.45,in_person,2024-03-15 13:42:46,approved,False
TXN20240315001330,ACCT204685,MERCH300285,purchase,45.15,in_person,2024-03-15 22:32:51,approved,False
TXN20240315001331,ACCT201649,MERCH300043,transfer,35.04,mobile,2024-03-15 00:24:38,approved,False
TXN20240315001332,ACCT203650,MERCH300209,transfer,24.97,mobile,2024-03-15 12:02:51,reversed,False
TXN20240315001333,ACCT202378,MERCH300264,purchase,45.79,web,2024-03-15 04:17:55,approved,False
TXN20240315001334,ACCT202324,MERCH300267,transfer,59.24,mobile,2024-03-15 14:21:36,approved,False
TXN20240315001335,ACCT205460,MERCH300137,purchase,20.26,mobile,2024-03-15 08:08:42,approved,False
TXN20240315001336,ACCT204230,MERCH300270,purchase,14.52,mobile,2024-03-15 09:04:26,approved,False
TXN20240315001337,ACCT200143,MERCH300059,deposit,64.66,in_person,2024-03-15 20:38:22,approved,False
TXN20240315001338,ACCT200372,MERCH300216,purchase,16.08,mobile,2024-03-15 02:09:00,approved,False
TXN20240315001339,ACCT204143,MERCH300191,purchase,120.34,in_person,2024-03-15 02:48:10,approved,False
TXN20240315001340,ACCT204369,MERCH300213,purchase,55.77,mobile,2024-03-15 17:30:44,approved,False
TXN20240315001341,ACCT200207,MERCH300280,purchase,70.5,mobile,2024-03-15 06:15:50,approved,False
TXN20240315001342,ACCT203193,MERCH300096,purchase,18.25,mobile,2024-03-15 04:54:34,approved,False
TXN20240315001343,ACCT202390,MERCH300144,purchase,11.33,web,2024-03-15 06:45:16,declined,False
TXN20240315001344,ACCT200330,MERCH300141,deposit,26.71,in_person,2024-03-15 00:43:37,approved,False
TXN20240315001345,ACCT202376,MERCH300255,transfer,43.31,in_person,2024-03-15 16:55:14,approved,False
TXN20240315001346,ACCT202770,MERCH300283,purchase,129.89,web,2024-03-15 22:38:35,approved,False
TXN20240315001347,ACCT202182,MERCH300098,transfer,62.79,web,2024-03-15 16:19:48,approved,False
TXN20240315001348,ACCT200526,MERCH300276,deposit,358.79,mobile,2024-03-15 13:47:14,approved,False
TXN20240315001349,ACCT201123,MERCH300100,purchase,86.59,web,2024-03-15 08:30:12,approved,False
TXN20240315001350,ACCT200939,MERCH300171,purchase,82.74,web,2024-03-15 22:23:04,approved,False
TXN20240315001351,ACCT202882,MERCH300101,purchase,40.53,mobile,2024-03-15 09:57:26,approved,False
TXN20240315001352,ACCT205171,MERCH300029,purchase,102.57,in_person,2024-03-15 05:32:03,approved,False
TXN20240315001353,ACCT205430,MERCH300287,purchase,25.44,atm,2024-03-15 08:18:50,approved,False
TXN20240315001354,ACCT205346,MERCH300175,purchase,158.65,web,2024-03-15 21:25:31,approved,False
TXN20240315001355,ACCT203632,MERCH300035,purchase,96.11,mobile,2024-03-15 07:38:04,approved,False
TXN20240315001356,ACCT205888,MERCH300239,purchase,22.96,mobile,2024-03-15 22:21:45,approved,False
TXN20240315001357,ACCT205634,MERCH300238,withdrawal,3.45,web,2024-03-15 17:36:22,approved,False
TXN20240315001358,ACCT200252,MERCH300170,purchase,5.93,atm,2024-03-15 11:27:40,approved,False
TXN20240315001359,ACCT202515,MERCH300146,transfer,7.32,web,2024-03-15 20:26:48,approved,False
TXN20240315001360,ACCT203927,MERCH300116,withdrawal,7.71,web,2024-03-15 05:31:10,approved,False
TXN20240315001361,ACCT204638,MERCH300038,purchase,20.76,web,2024-03-15 22:39:17,approved,False
TXN20240315001362,ACCT203994,MERCH300269,purchase,12.5,in_person,2024-03-15 11:35:41,approved,False
TXN20240315001363,ACCT204171,MERCH300133,purchase,95.34,in_person,2024-03-15 04:22:03,approved,True
TXN20240315001364,ACCT200053,MERCH300276,purchase,10.9,mobile,2024-03-15 22:52:36,approved,False
TXN20240315001365,ACCT202040,MERCH300123,purchase,5.78,web,2024-03-15 00:16:07,approved,False
TXN20240315001366,ACCT201832,MERCH300096,purchase,44.11,web,2024-03-15 13:56:06,approved,False
TXN20240315001367,ACCT201180,MERCH300159,purchase,72.39,in_person,2024-03-15 23:35:44,approved,False
TXN20240315001368,ACCT202731,MERCH300209,purchase,92.23,in_person,2024-03-15 13:40:34,approved,False
TXN20240315001369,ACCT203503,MERCH300276,transfer,18.57,in_person,2024-03-15 14:15:09,approved,False
TXN20240315001370,ACCT203381,MERCH300122,withdrawal,39.75,web,2024-03-15 03:46:39,approved,False
TXN20240315001371,ACCT200021,MERCH300149,purchase,47.47,in_person,2024-03-15 23:16:57,approved,False
TXN20240315001372,ACCT205117,MERCH300155,purchase,10.39,web,2024-03-15 09:33:00,approved,False
TXN20240315001373,ACCT202546,MERCH300135,purchase,59.52,mobile,2024-03-15 11:38:03,approved,False
TXN20240315001374,ACCT203843,MERCH300274,transfer,31.93,in_person,2024-03-15 17:27:37,approved,False
TXN20240315001375,ACCT202504,MERCH300133,transfer,163.95,web,2024-03-15 15:33:59,approved,False
TXN20240315001376,ACCT203259,MERCH300060,withdrawal,4.7,web,2024-03-15 08:41:46,approved,False
TXN20240315001377,ACCT202781,MERCH300132,purchase,66.85,web,2024-03-15 09:35:35,approved,False
TXN20240315001378,ACCT206178,MERCH300163,purchase,196.29,mobile,2024-03-15 06:02:31,approved,False
TXN20240315001379,ACCT206138,MERCH300264,purchase,38.89,in_person,2024-03-15 14:51:14,approved,False
TXN20240315001380,ACCT202117,MERCH300223,purchase,32.53,in_person,2024-03-15 02:56:00,approved,False
TXN20240315001381,ACCT201050,MERCH300172,purchase,92.98,web,2024-03-15 10:00:06,approved,False
TXN20240315001382,ACCT204212,MERCH300051,deposit,97.32,in_person,2024-03-15 05:26:32,approved,False
TXN20240315001383,ACCT203627,MERCH300275,withdrawal,13.42,mobile,2024-03-15 18:13:45,approved,False
TXN20240315001384,ACCT202115,MERCH300079,purchase,107.04,web,2024-03-15 08:55:05,approved,False
TXN20240315001385,ACCT200598,MERCH300131,purchase,19.87,in_person,2024-03-15 17:50:05,approved,False
TXN20240315001386,ACCT204413,MERCH300142,purchase,29.05,in_person,2024-03-15 07:50:29,approved,False
TXN20240315001387,ACCT200748,MERCH300001,transfer,43.13,mobile,2024-03-15 02:30:23,approved,False
TXN20240315001388,ACCT204669,MERCH300240,withdrawal,87.21,in_person,2024-03-15 17:36:48,approved,False
TXN20240315001389,ACCT200651,MERCH300093,purchase,53.22,web,2024-03-15 10:51:48,declined,False
TXN20240315001390,ACCT202740,MERCH300053,deposit,31.55,in_person,2024-03-15 09:46:45,approved,False
TXN20240315001391,ACCT200047,MERCH300140,purchase,50.02,atm,2024-03-15 09:43:24,approved,False
TXN20240315001392,ACCT204807,MERCH300086,purchase,45.99,mobile,2024-03-15 00:13:30,approved,False
TXN20240315001393,ACCT203700,MERCH300172,transfer,105.04,web,2024-03-15 06:21:29,declined,False
TXN20240315001394,ACCT206266,MERCH300055,purchase,38.17,in_person,2024-03-15 09:24:00,approved,False
TXN20240315001395,ACCT205479,MERCH300005,purchase,88.84,web,2024-03-15 00:12:44,approved,False
TXN20240315001396,ACCT202651,MERCH300235,deposit,16.94,in_person,2024-03-15 02:57:30,approved,False
TXN20240315001397,ACCT205763,MERCH300027,purchase,190.58,atm,2024-03-15 08:56:16,declined,False
TXN20240315001398,ACCT205613,MERCH300088,purchase,384.69,in_person,2024-03-15 17:32:58,approved,False
TXN20240315001399,ACCT202454,MERCH300085,purchase,230.25,web,2024-03-15 15:48:47,approved,False
TXN20240315001400,ACCT201336,MERCH300092,purchase,65.36,in_person,2024-03-15 03:31:45,approved,False
TXN20240315001401,ACCT204157,MERCH300118,withdrawal,47.94,web,2024-03-15 20:15:08,approved,False
TXN20240315001402,ACCT200616,MERCH300266,purchase,47.9,atm,2024-03-15 03:34:28,approved,False
TXN20240315001403,ACCT200902,MERCH300035,deposit,24.43,in_person,2024-03-15 11:29:56,approved,False
TXN20240315001404,ACCT206197,MERCH300201,purchase,51.13,in_person,2024-03-15 06:06:48,approved,False
TXN20240315001405,ACCT206104,MERCH300061,purchase,26.17,mobile,2024-03-15 13:20:44,approved,False
TXN20240315001406,ACCT200574,MERCH300164,purchase,15.19,web,2024-03-15 22:44:14,approved,False
TXN20240315001407,ACCT200535,MERCH300139,deposit,9.42,web,2024-03-15 17:15:33,approved,False
TXN20240315001408,ACCT204475,MERCH300293,deposit,4.97,in_person,2024-03-15 18:06:02,approved,False
TXN20240315001409,ACCT202921,MERCH300017,transfer,12.71,mobile,2024-03-15 00:44:34,approved,False
TXN20240315001410,ACCT205787,MERCH300012,purchase,51.62,in_person,2024-03-15 16:41:05,approved,False
TXN20240315001411,ACCT203791,MERCH300238,purchase,7.39,mobile,2024-03-15 04:20:17,declined,False
TXN20240315001412,ACCT206178,MERCH300109,transfer,152.66,in_person,2024-03-15 20:41:05,declined,True
TXN20240315001413,ACCT203478,MERCH300118,transfer,48.31,in_person,2024-03-15 16:03:29,approved,False
TXN20240315001414,ACCT203763,MERCH300129,purchase,38.41,mobile,2024-03-15 05:37:30,approved,False
TXN20240315001415,ACCT202111,MERCH300060,purchase,145.67,in_person,2024-03-15 10:33:36,approved,False
TXN20240315001416,ACCT203497,MERCH300286,purchase,27.45,web,2024-03-15 23:59:22,approved,False
TXN20240315001417,ACCT203657,MERCH300100,purchase,15.48,web,2024-03-15 00:27:31,approved,False
TXN20240315001418,ACCT206079,MERCH300175,transfer,43.77,mobile,2024-03-15 21:40:34,approved,False
TXN20240315001419,ACCT202563,MERCH300138,purchase,46.04,in_person,2024-03-15 21:28:10,approved,False
TXN20240315001420,ACCT201487,MERCH300261,purchase,87.0,in_person,2024-03-15 22:32:50,approved,False
TXN20240315001421,ACCT201205,MERCH300124,purchase,122.95,mobile,2024-03-15 20:48:37,approved,False
TXN20240315001422,ACCT204154,MERCH300128,deposit,32.91,mobile,2024-03-15 07:41:51,approved,False
TXN20240315001423,ACCT203900,MERCH300195,purchase,6.97,mobile,2024-03-15 07:18:46,approved,False
TXN20240315001424,ACCT202087,MERCH300275,purchase,34.3,mobile,2024-03-15 23:59:50,approved,False
TXN20240315001425,ACCT202457,MERCH300133,purchase,140.52,mobile,2024-03-15 12:26:07,approved,False
TXN20240315001426,ACCT201104,MERCH300053,withdrawal,47.37,web,2024-03-15 18:03:29,approved,False
TXN20240315001427,ACCT202091,MERCH300039,purchase,15.03,in_person,2024-03-15 16:36:58,approved,False
TXN20240315001428,ACCT202063,MERCH300080,purchase,122.45,mobile,2024-03-15 15:15:24,approved,False
TXN20240315001429,ACCT202059,MERCH300027,purchase,74.75,mobile,2024-03-15 22:27:25,approved,False
TXN20240315001430,ACCT200171,MERCH300187,purchase,13.22,atm,2024-03-15 04:53:12,approved,False
TXN20240315001431,ACCT205568,MERCH300224,purchase,145.8,web,2024-03-15 02:04:00,declined,False
TXN20240315001432,ACCT206135,MERCH300032,purchase,164.26,mobile,2024-03-15 06:59:55,approved,False
TXN20240315001433,ACCT200268,MERCH300009,purchase,30.51,mobile,2024-03-15 01:09:06,approved,False
TXN20240315001434,ACCT205315,MERCH300130,purchase,40.84,web,2024-03-15 07:41:06,approved,False
TXN20240315001435,ACCT203596,MERCH300209,purchase,65.21,in_person,2024-03-15 00:39:42,approved,False
TXN20240315001436,ACCT203121,MERCH300024,transfer,166.29,mobile,2024-03-15 05:18:12,approved,False
TXN20240315001437,ACCT204084,MERCH300239,purchase,112.78,web,2024-03-15 10:36:16,approved,False
TXN20240315001438,ACCT203718,MERCH300298,purchase,5.97,web,2024-03-15 06:21:36,approved,False
TXN20240315001439,ACCT205909,MERCH300194,purchase,14.07,web,2024-03-15 17:21:46,approved,False
TXN20240315001440,ACCT204729,MERCH300170,purchase,40.75,in_person,2024-03-15 20:18:25,declined,False
TXN20240315001441,ACCT205815,MERCH300046,purchase,131.75,mobile,2024-03-15 16:49:22,approved,False
TXN20240315001442,ACCT202071,MERCH300009,purchase,22.66,in_person,2024-03-15 09:39:03,approved,False
TXN20240315001443,ACCT203294,MERCH300007,purchase,23.92,web,2024-03-15 21:45:21,approved,False
TXN20240315001444,ACCT202134,MERCH300071,purchase,107.0,in_person,2024-03-15 21:13:01,approved,False
TXN20240315001445,ACCT205216,MERCH300052,purchase,2.51,in_person,2024-03-15 16:47:30,approved,False
TXN20240315001446,ACCT205171,MERCH300151,purchase,170.0,atm,2024-03-15 08:26:25,approved,False
TXN20240315001447,ACCT203169,MERCH300277,deposit,99.12,mobile,2024-03-15 07:36:13,approved,False
TXN20240315001448,ACCT202117,MERCH300153,purchase,27.97,web,2024-03-15 20:24:43,approved,False
TXN20240315001449,ACCT202751,MERCH300244,purchase,16.05,in_person,2024-03-15 21:58:41,approved,False
TXN20240315001450,ACCT204407,MERCH300186,deposit,110.79,atm,2024-03-15 12:48:01,approved,False
TXN20240315001451,ACCT200462,MERCH300062,purchase,66.23,mobile,2024-03-15 11:30:05,approved,False
TXN20240315001452,ACCT206100,MERCH300267,withdrawal,79.62,mobile,2024-03-15 01:32:35,approved,False
TXN20240315001453,ACCT203124,MERCH300227,purchase,13.57,in_person,2024-03-15 15:08:47,approved,False
TXN20240315001454,ACCT202218,MERCH300202,transfer,13.35,web,2024-03-15 12:52:05,approved,False
TXN20240315001455,ACCT204732,MERCH300283,withdrawal,216.66,in_person,2024-03-15 05:55:16,declined,False
TXN20240315001456,ACCT202320,MERCH300121,deposit,16.39,mobile,2024-03-15 08:23:57,approved,False
TXN20240315001457,ACCT203666,MERCH300255,purchase,16.7,web,2024-03-15 11:16:06,approved,False
TXN20240315001458,ACCT203677,MERCH300024,purchase,57.04,mobile,2024-03-15 00:51:39,approved,False
TXN20240315001459,ACCT202780,MERCH300094,purchase,63.42,web,2024-03-15 16:34:28,approved,False
TXN20240315001460,ACCT204741,MERCH300259,purchase,44.01,mobile,2024-03-15 03:25:07,approved,False
TXN20240315001461,ACCT205897,MERCH300191,purchase,4.77,in_person,2024-03-15 23:12:04,approved,False
TXN20240315001462,ACCT200477,MERCH300241,deposit,6.39,in_person,2024-03-15 08:19:22,approved,False
TXN20240315001463,ACCT205685,MERCH300031,purchase,29.6,mobile,2024-03-15 00:11:57,approved,False
TXN20240315001464,ACCT200308,MERCH300277,purchase,17.32,mobile,2024-03-15 22:47:42,approved,False
TXN20240315001465,ACCT201694,MERCH300212,purchase,131.72,atm,2024-03-15 05:06:56,approved,False
TXN20240315001466,ACCT200314,MERCH300200,purchase,6.55,mobile,2024-03-15 19:02:54,approved,False
TXN20240315001467,ACCT200175,MERCH300088,purchase,15.68,in_person,2024-03-15 12:56:13,approved,False
TXN20240315001468,ACCT206447,MERCH300075,purchase,36.91,web,2024-03-15 18:41:03,approved,False
TXN20240315001469,ACCT202750,MERCH300079,withdrawal,9.73,in_person,2024-03-15 04:48:45,approved,False
TXN20240315001470,ACCT206358,MERCH300104,purchase,39.72,web,2024-03-15 22:12:02,approved,False
TXN20240315001471,ACCT204914,MERCH300295,purchase,80.95,in_person,2024-03-15 12:19:30,declined,False
TXN20240315001472,ACCT200495,MERCH300254,purchase,14.64,atm,2024-03-15 02:14:20,approved,False
TXN20240315001473,ACCT206078,MERCH300133,deposit,60.34,in_person,2024-03-15 17:26:00,approved,False
TXN20240315001474,ACCT205338,MERCH300056,purchase,123.75,mobile,2024-03-15 05:52:44,approved,False
TXN20240315001475,ACCT203278,MERCH300091,purchase,44.73,mobile,2024-03-15 13:55:47,approved,False
TXN20240315001476,ACCT204559,MERCH300068,deposit,49.53,in_person,2024-03-15 17:53:17,approved,False
TXN20240315001477,ACCT202787,MERCH300260,purchase,105.89,in_person,2024-03-15 20:43:18,approved,False
TXN20240315001478,ACCT205049,MERCH300038,purchase,9.24,in_person,2024-03-15 00:32:18,approved,False
TXN20240315001479,ACCT202927,MERCH300117,purchase,21.56,mobile,2024-03-15 12:56:09,approved,False
TXN20240315001480,ACCT206006,MERCH300206,purchase,14.09,in_person,2024-03-15 01:48:28,approved,False
TXN20240315001481,ACCT200638,MERCH300036,transfer,77.69,web,2024-03-15 04:34:02,approved,False
TXN20240315001482,ACCT201025,MERCH300081,purchase,6.25,in_person,2024-03-15 01:36:08,approved,False
TXN20240315001483,ACCT201068,MERCH300279,purchase,187.49,mobile,2024-03-15 21:34:55,reversed,False
TXN20240315001484,ACCT202224,MERCH300004,purchase,166.98,web,2024-03-15 08:52:31,approved,False
TXN20240315001485,ACCT200024,MERCH300190,purchase,48.45,mobile,2024-03-15 22:30:49,approved,False
TXN20240315001486,ACCT203211,MERCH300036,deposit,88.85,mobile,2024-03-15 11:48:46,approved,False
TXN20240315001487,ACCT200479,MERCH300040,purchase,29.6,mobile,2024-03-15 14:47:28,approved,False
TXN20240315001488,ACCT204516,MERCH300128,purchase,9.83,mobile,2024-03-15 01:55:47,approved,False
TXN20240315001489,ACCT203782,MERCH300144,withdrawal,39.39,mobile,2024-03-15 00:42:31,approved,False
TXN20240315001490,ACCT201220,MERCH300173,purchase,46.67,mobile,2024-03-15 05:00:14,approved,False
TXN20240315001491,ACCT201865,MERCH300241,purchase,409.21,mobile,2024-03-15 22:44:35,approved,False
TXN20240315001492,ACCT201808,MERCH300123,purchase,68.29,in_person,2024-03-15 15:59:13,approved,False
TXN20240315001493,ACCT204661,MERCH300284,purchase,13.04,in_person,2024-03-15 19:44:46,approved,False
TXN20240315001494,ACCT202916,MERCH300110,purchase,25.06,in_person,2024-03-15 10:01:33,approved,False
TXN20240315001495,ACCT205791,MERCH300218,purchase,103.17,in_person,2024-03-15 21:14:09,approved,False
TXN20240315001496,ACCT202658,MERCH300270,transfer,114.53,web,2024-03-15 22:52:27,approved,False
TXN20240315001497,ACCT201761,MERCH300030,purchase,33.67,mobile,2024-03-15 01:21:12,approved,False
TXN20240315001498,ACCT202289,MERCH300031,purchase,33.76,web,2024-03-15 18:51:08,approved,False
TXN20240315001499,ACCT202925,MERCH300029,deposit,62.57,mobile,2024-03-15 18:27:11,approved,False
TXN20240315001500,ACCT201088,MERCH300072,purchase,21.39,atm,2024-03-15 07:40:00,approved,False
TXN20240315001501,ACCT203255,MERCH300223,deposit,90.27,in_person,2024-03-15 09:57:51,approved,False
TXN20240315001502,ACCT205829,MERCH300167,deposit,86.57,mobile,2024-03-15 17:56:59,approved,False
TXN20240315001503,ACCT200665,MERCH300014,purchase,62.39,web,2024-03-15 04:41:21,approved,False
TXN20240315001504,ACCT204660,MERCH300130,transfer,22.34,web,2024-03-15 05:08:29,approved,False
TXN20240315001505,ACCT205107,MERCH300224,withdrawal,49.38,mobile,2024-03-15 15:30:58,declined,False
TXN20240315001506,ACCT204832,MERCH300244,purchase,237.93,in_person,2024-03-15 05:34:09,approved,False
TXN20240315001507,ACCT203494,MERCH300018,purchase,102.59,in_person,2024-03-15 10:42:04,approved,False
TXN20240315001508,ACCT204292,MERCH300037,purchase,104.85,web,2024-03-15 02:06:03,approved,False
TXN20240315001509,ACCT206166,MERCH300290,deposit,27.96,in_person,2024-03-15 03:20:52,approved,False
TXN20240315001510,ACCT202152,MERCH300205,purchase,94.67,mobile,2024-03-15 03:16:03,approved,False
TXN20240315001511,ACCT206381,MERCH300297,transfer,26.39,mobile,2024-03-15 03:42:08,approved,False
TXN20240315001512,ACCT202621,MERCH300080,purchase,45.23,mobile,2024-03-15 13:35:18,approved,False
TXN20240315001513,ACCT204136,MERCH300005,withdrawal,74.44,mobile,2024-03-15 01:28:40,approved,False
TXN20240315001514,ACCT201001,MERCH300273,transfer,20.84,in_person,2024-03-15 08:12:20,approved,False
TXN20240315001515,ACCT202062,MERCH300276,purchase,51.86,mobile,2024-03-15 09:15:27,approved,False
TXN20240315001516,ACCT201575,MERCH300067,purchase,36.35,mobile,2024-03-15 19:49:14,approved,False
TXN20240315001517,ACCT204799,MERCH300133,purchase,32.5,in_person,2024-03-15 10:49:50,approved,False
TXN20240315001518,ACCT201030,MERCH300055,purchase,35.23,web,2024-03-15 05:13:05,approved,False
TXN20240315001519,ACCT201953,MERCH300032,transfer,35.68,web,2024-03-15 14:40:45,approved,False
TXN20240315001520,ACCT204952,MERCH300087,purchase,75.56,mobile,2024-03-15 09:37:29,approved,False
TXN20240315001521,ACCT202217,MERCH300258,withdrawal,126.68,mobile,2024-03-15 21:49:18,reversed,False
TXN20240315001522,ACCT201068,MERCH300114,purchase,357.35,in_person,2024-03-15 04:41:21,approved,False
TXN20240315001523,ACCT203575,MERCH300246,withdrawal,93.19,in_person,2024-03-15 09:21:22,approved,False
TXN20240315001524,ACCT203062,MERCH300264,purchase,19.93,in_person,2024-03-15 04:07:05,approved,False
TXN20240315001525,ACCT203939,MERCH300265,purchase,53.6,mobile,2024-03-15 21:15:52,approved,False
TXN20240315001526,ACCT201604,MERCH300197,purchase,44.46,atm,2024-03-15 12:38:10,approved,False
TXN20240315001527,ACCT200164,MERCH300110,deposit,37.19,web,2024-03-15 05:52:44,approved,False
TXN20240315001528,ACCT201602,MERCH300172,purchase,17.59,atm,2024-03-15 15:40:13,approved,False
TXN20240315001529,ACCT204575,MERCH300034,withdrawal,58.98,in_person,2024-03-15 23:04:05,approved,False
TXN20240315001530,ACCT201189,MERCH300272,purchase,14.35,mobile,2024-03-15 18:20:55,approved,False
TXN20240315001531,ACCT205760,MERCH300063,purchase,59.04,mobile,2024-03-15 02:00:57,approved,False
TXN20240315001532,ACCT204137,MERCH300192,purchase,29.15,atm,2024-03-15 15:36:34,approved,False
TXN20240315001533,ACCT205357,MERCH300239,withdrawal,4.38,mobile,2024-03-15 01:34:47,approved,False
TXN20240315001534,ACCT203245,MERCH300117,purchase,16.99,atm,2024-03-15 10:53:39,approved,False
TXN20240315001535,ACCT201176,MERCH300115,purchase,44.3,in_person,2024-03-15 15:03:50,approved,False
TXN20240315001536,ACCT202851,MERCH300110,transfer,21.06,mobile,2024-03-15 11:23:44,approved,False
TXN20240315001537,ACCT203728,MERCH300118,purchase,64.51,mobile,2024-03-15 12:41:32,approved,False
TXN20240315001538,ACCT201533,MERCH300293,purchase,54.36,in_person,2024-03-15 19:35:45,approved,False
TXN20240315001539,ACCT204928,MERCH300159,deposit,40.83,web,2024-03-15 17:33:20,approved,False
TXN20240315001540,ACCT202321,MERCH300110,purchase,28.98,mobile,2024-03-15 00:37:25,approved,False
TXN20240315001541,ACCT202763,MERCH300287,transfer,104.49,web,2024-03-15 04:33:00,approved,False
TXN20240315001542,ACCT200333,MERCH300231,purchase,166.11,atm,2024-03-15 18:46:47,approved,False
TXN20240315001543,ACCT205790,MERCH300170,purchase,18.83,web,2024-03-15 09:55:12,approved,False
TXN20240315001544,ACCT203476,MERCH300275,purchase,67.18,mobile,2024-03-15 17:09:08,approved,False
TXN20240315001545,ACCT201940,MERCH300168,purchase,81.25,mobile,2024-03-15 07:37:24,approved,False
TXN20240315001546,ACCT200766,MERCH300211,purchase,13.69,mobile,2024-03-15 09:21:22,approved,False
TXN20240315001547,ACCT202039,MERCH300277,purchase,1.52,web,2024-03-15 05:36:13,approved,False
TXN20240315001548,ACCT203167,MERCH300034,purchase,133.28,in_person,2024-03-15 21:38:46,approved,False
TXN20240315001549,ACCT202230,MERCH300277,purchase,28.68,web,2024-03-15 06:44:10,approved,False
TXN20240315001550,ACCT201519,MERCH300130,deposit,18.86,in_person,2024-03-15 09:00:57,approved,False
TXN20240315001551,ACCT202005,MERCH300094,purchase,23.6,mobile,2024-03-15 04:35:20,approved,False
TXN20240315001552,ACCT205467,MERCH300126,purchase,25.94,in_person,2024-03-15 20:59:25,approved,False
TXN20240315001553,ACCT205904,MERCH300124,transfer,23.44,in_person,2024-03-15 20:57:51,approved,False
TXN20240315001554,ACCT206012,MERCH300108,deposit,40.83,mobile,2024-03-15 10:01:59,approved,False
TXN20240315001555,ACCT204960,MERCH300007,purchase,19.22,mobile,2024-03-15 02:52:24,approved,False
TXN20240315001556,ACCT203685,MERCH300296,transfer,89.34,in_person,2024-03-15 23:00:33,approved,False
TXN20240315001557,ACCT205784,MERCH300042,purchase,24.93,in_person,2024-03-15 11:44:13,approved,False
TXN20240315001558,ACCT200098,MERCH300103,withdrawal,18.94,atm,2024-03-15 03:57:40,approved,False
TXN20240315001559,ACCT202957,MERCH300064,purchase,48.79,in_person,2024-03-15 03:54:56,approved,False
TXN20240315001560,ACCT204751,MERCH300287,purchase,79.24,web,2024-03-15 21:12:23,approved,False
TXN20240315001561,ACCT202044,MERCH300004,withdrawal,37.54,in_person,2024-03-15 15:53:05,approved,False
TXN20240315001562,ACCT206068,MERCH300103,purchase,35.3,in_person,2024-03-15 03:21:25,approved,False
TXN20240315001563,ACCT204123,MERCH300237,purchase,31.16,web,2024-03-15 22:57:49,approved,False
TXN20240315001564,ACCT205426,MERCH300220,purchase,61.87,in_person,2024-03-15 19:27:36,approved,False
TXN20240315001565,ACCT200360,MERCH300025,purchase,99.46,web,2024-03-15 03:26:06,approved,False
TXN20240315001566,ACCT205023,MERCH300285,purchase,68.84,mobile,2024-03-15 16:37:09,declined,False
TXN20240315001567,ACCT201004,MERCH300183,purchase,12.58,web,2024-03-15 22:35:27,approved,False
TXN20240315001568,ACCT202047,MERCH300189,purchase,11.89,mobile,2024-03-15 19:05:56,approved,False
TXN20240315001569,ACCT200223,MERCH300126,withdrawal,46.49,atm,2024-03-15 17:19:05,approved,False
TXN20240315001570,ACCT205742,MERCH300198,transfer,88.66,mobile,2024-03-15 07:51:24,approved,False
TXN20240315001571,ACCT204637,MERCH300291,purchase,12.95,mobile,2024-03-15 10:16:12,approved,False
TXN20240315001572,ACCT201748,MERCH300138,purchase,37.13,web,2024-03-15 22:28:12,approved,False
TXN20240315001573,ACCT202142,MERCH300081,transfer,81.54,web,2024-03-15 22:13:46,approved,False
TXN20240315001574,ACCT203014,MERCH300000,purchase,30.22,in_person,2024-03-15 18:19:37,approved,False
TXN20240315001575,ACCT204292,MERCH300256,withdrawal,67.06,in_person,2024-03-15 16:48:01,approved,False
TXN20240315001576,ACCT206388,MERCH300116,transfer,99.84,web,2024-03-15 05:46:54,approved,False
TXN20240315001577,ACCT204097,MERCH300164,purchase,109.03,mobile,2024-03-15 13:42:59,approved,False
TXN20240315001578,ACCT204767,MERCH300295,purchase,69.29,mobile,2024-03-15 12:20:55,approved,False
TXN20240315001579,ACCT200484,MERCH300159,purchase,13.73,in_person,2024-03-15 01:54:25,approved,False
TXN20240315001580,ACCT203770,MERCH300290,purchase,22.43,in_person,2024-03-15 14:15:53,approved,False
TXN20240315001581,ACCT206136,MERCH300119,transfer,33.2,in_person,2024-03-15 18:16:16,approved,False
TXN20240315001582,ACCT205886,MERCH300001,purchase,29.93,atm,2024-03-15 06:14:30,approved,False
TXN20240315001583,ACCT203510,MERCH300194,purchase,22.91,atm,2024-03-15 16:20:44,approved,False
TXN20240315001584,ACCT200559,MERCH300148,purchase,32.01,mobile,2024-03-15 18:18:19,approved,True
TXN20240315001585,ACCT203888,MERCH300051,purchase,27.01,web,2024-03-15 18:40:59,approved,False
TXN20240315001586,ACCT200364,MERCH300096,purchase,44.18,in_person,2024-03-15 16:45:04,approved,False
TXN20240315001587,ACCT203557,MERCH300218,deposit,43.36,mobile,2024-03-15 11:49:17,approved,False
TXN20240315001588,ACCT200579,MERCH300296,purchase,20.31,web,2024-03-15 11:51:25,approved,False
TXN20240315001589,ACCT200947,MERCH300068,purchase,8.58,in_person,2024-03-15 09:10:00,declined,False
TXN20240315001590,ACCT204167,MERCH300251,purchase,9.25,in_person,2024-03-15 22:48:02,approved,False
TXN20240315001591,ACCT203618,MERCH300068,withdrawal,46.48,mobile,2024-03-15 07:33:25,approved,False
TXN20240315001592,ACCT201669,MERCH300208,purchase,30.18,web,2024-03-15 09:51:40,approved,False
TXN20240315001593,ACCT201624,MERCH300299,purchase,10.61,web,2024-03-15 07:07:23,declined,False
TXN20240315001594,ACCT205032,MERCH300232,purchase,29.15,web,2024-03-15 07:08:54,reversed,False
TXN20240315001595,ACCT201115,MERCH300046,purchase,14.98,mobile,2024-03-15 12:26:11,declined,False
TXN20240315001596,ACCT206246,MERCH300118,purchase,32.76,atm,2024-03-15 22:39:28,approved,False
TXN20240315001597,ACCT203526,MERCH300100,purchase,33.93,in_person,2024-03-15 14:00:31,approved,False
TXN20240315001598,ACCT201360,MERCH300120,purchase,46.85,mobile,2024-03-15 21:57:44,approved,False
TXN20240315001599,ACCT202800,MERCH300009,withdrawal,10.83,atm,2024-03-15 01:31:17,declined,False
TXN20240315001600,ACCT206022,MERCH300142,purchase,47.68,mobile,2024-03-15 09:07:27,approved,False
TXN20240315001601,ACCT203060,MERCH300217,transfer,32.63,web,2024-03-15 01:17:25,approved,False
TXN20240315001602,ACCT204796,MERCH300262,purchase,10.62,in_person,2024-03-15 20:43:35,approved,False
TXN20240315001603,ACCT205522,MERCH300143,withdrawal,117.68,mobile,2024-03-15 07:41:18,declined,False
TXN20240315001604,ACCT202605,MERCH300139,purchase,10.52,atm,2024-03-15 18:39:24,approved,False
TXN20240315001605,ACCT200144,MERCH300176,purchase,17.97,in_person,2024-03-15 06:42:01,approved,False
TXN20240315001606,ACCT202059,MERCH300024,withdrawal,190.15,web,2024-03-15 06:20:13,approved,False
TXN20240315001607,ACCT203279,MERCH300273,purchase,62.27,mobile,2024-03-15 10:14:01,approved,False
TXN20240315001608,ACCT201823,MERCH300211,purchase,229.2,in_person,2024-03-15 00:35:17,approved,False
TXN20240315001609,ACCT202451,MERCH300243,purchase,28.51,in_person,2024-03-15 08:02:43,approved,False
TXN20240315001610,ACCT201925,MERCH300256,transfer,84.16,in_person,2024-03-15 23:01:55,declined,False
TXN20240315001611,ACCT204386,MERCH300265,transfer,9.4,web,2024-03-15 23:37:37,declined,False
TXN20240315001612,ACCT206450,MERCH300074,transfer,42.59,web,2024-03-15 16:02:36,approved,False
TXN20240315001613,ACCT203359,MERCH300031,transfer,23.14,mobile,2024-03-15 19:53:07,approved,False
TXN20240315001614,ACCT205706,MERCH300052,purchase,43.61,web,2024-03-15 17:53:45,approved,False
TXN20240315001615,ACCT201255,MERCH300265,transfer,42.33,in_person,2024-03-15 12:09:13,approved,False
TXN20240315001616,ACCT200087,MERCH300273,purchase,33.61,mobile,2024-03-15 23:58:32,approved,False
TXN20240315001617,ACCT200491,MERCH300007,withdrawal,31.07,in_person,2024-03-15 00:10:47,approved,False
TXN20240315001618,ACCT202309,MERCH300165,purchase,48.0,web,2024-03-15 02:15:20,declined,False
TXN20240315001619,ACCT200075,MERCH300018,transfer,269.1,in_person,2024-03-15 20:06:19,approved,False
TXN20240315001620,ACCT203530,MERCH300076,purchase,53.0,mobile,2024-03-15 08:28:53,approved,False
TXN20240315001621,ACCT203920,MERCH300007,purchase,52.24,mobile,2024-03-15 11:08:56,approved,False
TXN20240315001622,ACCT200488,MERCH300273,purchase,80.02,web,2024-03-15 20:44:01,declined,False
TXN20240315001623,ACCT201424,MERCH300106,purchase,3.4,atm,2024-03-15 00:58:28,declined,False
TXN20240315001624,ACCT201305,MERCH300204,deposit,22.93,atm,2024-03-15 17:12:29,approved,False
TXN20240315001625,ACCT203694,MERCH300054,transfer,72.7,web,2024-03-15 01:14:34,approved,False
TXN20240315001626,ACCT203299,MERCH300008,purchase,33.26,in_person,2024-03-15 18:52:33,approved,False
TXN20240315001627,ACCT204668,MERCH300061,deposit,72.59,web,2024-03-15 03:04:20,approved,False
TXN20240315001628,ACCT201334,MERCH300249,transfer,10.38,web,2024-03-15 19:01:27,approved,False
TXN20240315001629,ACCT206042,MERCH300046,purchase,10.41,web,2024-03-15 04:29:59,approved,False
TXN20240315001630,ACCT206069,MERCH300050,purchase,5.65,in_person,2024-03-15 22:28:11,approved,False
TXN20240315001631,ACCT202815,MERCH300020,purchase,38.44,in_person,2024-03-15 02:17:53,approved,False
TXN20240315001632,ACCT201090,MERCH300097,deposit,5.05,atm,2024-03-15 08:26:31,approved,False
TXN20240315001633,ACCT205177,MERCH300224,deposit,84.28,in_person,2024-03-15 07:15:58,approved,False
TXN20240315001634,ACCT202454,MERCH300163,purchase,80.99,web,2024-03-15 19:53:47,approved,False
TXN20240315001635,ACCT201299,MERCH300167,purchase,12.08,atm,2024-03-15 17:56:59,approved,False
TXN20240315001636,ACCT201110,MERCH300275,purchase,19.48,mobile,2024-03-15 09:32:14,approved,False
TXN20240315001637,ACCT204706,MERCH300060,purchase,8.04,in_person,2024-03-15 04:36:35,approved,False
TXN20240315001638,ACCT202276,MERCH300290,purchase,90.79,in_person,2024-03-15 16:47:31,approved,False
TXN20240315001639,ACCT201571,MERCH300203,purchase,47.21,atm,2024-03-15 23:13:54,approved,False
TXN20240315001640,ACCT206418,MERCH300069,purchase,32.43,in_person,2024-03-15 06:13:52,approved,False
TXN20240315001641,ACCT202026,MERCH300136,withdrawal,47.56,in_person,2024-03-15 15:43:02,approved,False
TXN20240315001642,ACCT205120,MERCH300006,purchase,327.81,in_person,2024-03-15 01:25:22,approved,False
TXN20240315001643,ACCT200677,MERCH300183,purchase,17.47,web,2024-03-15 13:00:04,approved,False
TXN20240315001644,ACCT203144,MERCH300028,transfer,13.12,atm,2024-03-15 00:03:58,approved,False
TXN20240315001645,ACCT200025,MERCH300096,deposit,86.25,in_person,2024-03-15 18:50:58,approved,False
TXN20240315001646,ACCT205194,MERCH300129,deposit,18.57,web,2024-03-15 03:55:51,approved,False
TXN20240315001647,ACCT203596,MERCH300159,deposit,41.38,atm,2024-03-15 10:35:20,approved,False
TXN20240315001648,ACCT204406,MERCH300098,purchase,25.22,web,2024-03-15 23:24:48,approved,False
TXN20240315001649,ACCT200386,MERCH300004,purchase,11.76,web,2024-03-15 10:55:13,approved,False
TXN20240315001650,ACCT205706,MERCH300282,purchase,77.26,in_person,2024-03-15 09:27:14,approved,False
TXN20240315001651,ACCT201618,MERCH300282,purchase,24.98,atm,2024-03-15 09:28:46,approved,False
TXN20240315001652,ACCT202726,MERCH300266,purchase,200.84,atm,2024-03-15 15:19:25,approved,False
TXN20240315001653,ACCT200096,MERCH300248,purchase,39.22,in_person,2024-03-15 23:49:49,approved,False
TXN20240315001654,ACCT206292,MERCH300261,deposit,25.55,web,2024-03-15 12:36:17,approved,False
TXN20240315001655,ACCT204522,MERCH300101,purchase,80.18,web,2024-03-15 14:23:30,approved,False
TXN20240315001656,ACCT204767,MERCH300194,purchase,46.47,in_person,2024-03-15 14:04:08,approved,False
TXN20240315001657,ACCT206017,MERCH300227,purchase,8.69,web,2024-03-15 21:58:18,approved,False
TXN20240315001658,ACCT203769,MERCH300153,purchase,15.38,in_person,2024-03-15 14:33:47,approved,False
TXN20240315001659,ACCT203697,MERCH300091,purchase,23.67,in_person,2024-03-15 14:43:09,approved,False
TXN20240315001660,ACCT201605,MERCH300039,deposit,14.99,web,2024-03-15 12:05:35,approved,False
TXN20240315001661,ACCT204301,MERCH300168,transfer,47.31,web,2024-03-15 10:19:11,approved,False
TXN20240315001662,ACCT200271,MERCH300188,purchase,57.24,atm,2024-03-15 21:24:41,approved,False
TXN20240315001663,ACCT205025,MERCH300015,purchase,103.38,web,2024-03-15 22:58:27,approved,False
TXN20240315001664,ACCT200273,MERCH300072,withdrawal,76.81,in_person,2024-03-15 13:19:24,approved,False
TXN20240315001665,ACCT201515,MERCH300149,withdrawal,21.63,mobile,2024-03-15 04:30:26,approved,False
TXN20240315001666,ACCT202289,MERCH300150,withdrawal,154.48,web,2024-03-15 04:24:48,approved,False
TXN20240315001667,ACCT200125,MERCH300146,transfer,34.79,mobile,2024-03-15 20:22:26,approved,False
TXN20240315001668,ACCT203569,MERCH300013,withdrawal,9.33,web,2024-03-15 07:29:25,approved,False
TXN20240315001669,ACCT201367,MERCH300294,transfer,193.3,in_person,2024-03-15 07:17:38,approved,False
TXN20240315001670,ACCT201168,MERCH300230,purchase,63.65,in_person,2024-03-15 04:25:18,approved,False
TXN20240315001671,ACCT200060,MERCH300157,purchase,81.74,in_person,2024-03-15 14:34:13,approved,False
TXN20240315001672,ACCT201260,MERCH300045,purchase,32.21,atm,2024-03-15 10:19:12,approved,False
TXN20240315001673,ACCT203188,MERCH300267,purchase,10.09,web,2024-03-15 17:09:17,approved,False
TXN20240315001674,ACCT204741,MERCH300064,purchase,31.15,web,2024-03-15 08:54:23,approved,False
TXN20240315001675,ACCT204117,MERCH300007,withdrawal,5.39,in_person,2024-03-15 22:25:30,approved,False
TXN20240315001676,ACCT206246,MERCH300232,purchase,25.21,web,2024-03-15 22:16:55,approved,False
TXN20240315001677,ACCT201790,MERCH300075,purchase,95.65,web,2024-03-15 23:41:58,approved,False
TXN20240315001678,ACCT203816,MERCH300134,purchase,116.39,in_person,2024-03-15 22:53:33,approved,False
TXN20240315001679,ACCT202197,MERCH300138,purchase,169.06,in_person,2024-03-15 15:30:33,approved,False
TXN20240315001680,ACCT205320,MERCH300179,deposit,19.37,mobile,2024-03-15 22:20:30,approved,False
TXN20240315001681,ACCT200946,MERCH300142,purchase,13.63,mobile,2024-03-15 16:23:56,approved,True
TXN20240315001682,ACCT201734,MERCH300123,purchase,47.31,in_person,2024-03-15 18:20:25,approved,False
TXN20240315001683,ACCT203736,MERCH300279,purchase,168.57,atm,2024-03-15 10:42:55,approved,False
TXN20240315001684,ACCT205610,MERCH300070,purchase,24.17,web,2024-03-15 02:52:16,approved,False
TXN20240315001685,ACCT200443,MERCH300091,purchase,34.32,web,2024-03-15 16:50:26,approved,False
TXN20240315001686,ACCT201588,MERCH300272,transfer,23.57,atm,2024-03-15 16:44:10,approved,False
TXN20240315001687,ACCT201835,MERCH300163,transfer,35.3,in_person,2024-03-15 08:54:20,approved,False
TXN20240315001688,ACCT204503,MERCH300261,purchase,114.64,mobile,2024-03-15 02:25:10,approved,False
TXN20240315001689,ACCT203620,MERCH300029,purchase,53.11,in_person,2024-03-15 16:11:04,approved,False
TXN20240315001690,ACCT204203,MERCH300273,transfer,286.08,in_person,2024-03-15 01:27:39,approved,False
TXN20240315001691,ACCT200494,MERCH300048,transfer,45.4,web,2024-03-15 13:43:20,approved,False
TXN20240315001692,ACCT204251,MERCH300099,deposit,48.29,in_person,2024-03-15 15:22:16,approved,False
TXN20240315001693,ACCT204595,MERCH300151,transfer,25.28,web,2024-03-15 18:46:33,approved,False
TXN20240315001694,ACCT202928,MERCH300155,purchase,63.06,web,2024-03-15 08:08:13,approved,False
TXN20240315001695,ACCT203713,MERCH300001,purchase,23.64,mobile,2024-03-15 19:23:14,approved,False
TXN20240315001696,ACCT205202,MERCH300153,purchase,58.24,web,2024-03-15 04:31:18,approved,False
TXN20240315001697,ACCT204227,MERCH300218,deposit,21.13,in_person,2024-03-15 23:44:46,approved,False
TXN20240315001698,ACCT200269,MERCH300224,transfer,13.08,atm,2024-03-15 08:27:02,approved,False
TXN20240315001699,ACCT202009,MERCH300282,transfer,19.87,in_person,2024-03-15 22:35:43,approved,False
TXN20240315001700,ACCT206340,MERCH300156,purchase,28.54,web,2024-03-15 19:05:23,approved,False
TXN20240315001701,ACCT202244,MERCH300127,purchase,69.13,in_person,2024-03-15 15:59:09,approved,False
TXN20240315001702,ACCT202225,MERCH300198,purchase,16.76,web,2024-03-15 20:30:46,approved,False
TXN20240315001703,ACCT203830,MERCH300011,purchase,15.59,web,2024-03-15 23:47:30,approved,False
TXN20240315001704,ACCT203398,MERCH300275,transfer,49.95,atm,2024-03-15 22:38:26,approved,False
TXN20240315001705,ACCT200852,MERCH300276,withdrawal,36.68,atm,2024-03-15 18:49:38,approved,False
TXN20240315001706,ACCT204719,MERCH300274,transfer,26.57,web,2024-03-15 17:09:54,approved,False
TXN20240315001707,ACCT204028,MERCH300102,withdrawal,24.08,mobile,2024-03-15 15:42:13,approved,False
TXN20240315001708,ACCT205872,MERCH300049,deposit,15.51,in_person,2024-03-15 19:55:10,approved,False
TXN20240315001709,ACCT203379,MERCH300244,deposit,78.08,mobile,2024-03-15 21:00:24,approved,False
TXN20240315001710,ACCT201099,MERCH300037,purchase,32.08,in_person,2024-03-15 11:06:39,reversed,False
TXN20240315001711,ACCT205740,MERCH300132,purchase,32.76,in_person,2024-03-15 23:38:50,approved,False
TXN20240315001712,ACCT201159,MERCH300146,deposit,58.73,web,2024-03-15 03:34:08,approved,False
TXN20240315001713,ACCT203897,MERCH300204,purchase,45.14,web,2024-03-15 02:52:24,approved,False
TXN20240315001714,ACCT205388,MERCH300193,purchase,5.93,atm,2024-03-15 11:18:12,approved,False
TXN20240315001715,ACCT203956,MERCH300253,purchase,72.26,web,2024-03-15 22:23:47,approved,False
TXN20240315001716,ACCT202224,MERCH300116,purchase,80.23,in_person,2024-03-15 20:24:33,declined,False
TXN20240315001717,ACCT204455,MERCH300115,deposit,17.91,atm,2024-03-15 05:22:08,approved,False
TXN20240315001718,ACCT206348,MERCH300049,purchase,26.42,in_person,2024-03-15 07:28:58,approved,False
TXN20240315001719,ACCT201359,MERCH300062,purchase,34.51,web,2024-03-15 15:22:33,approved,False
TXN20240315001720,ACCT204376,MERCH300068,transfer,6.1,mobile,2024-03-15 15:34:53,approved,False
TXN20240315001721,ACCT200165,MERCH300131,withdrawal,42.92,web,2024-03-15 08:08:25,reversed,False
TXN20240315001722,ACCT204567,MERCH300252,purchase,37.75,mobile,2024-03-15 18:06:58,declined,False
TXN20240315001723,ACCT202323,MERCH300248,purchase,24.39,web,2024-03-15 08:20:12,approved,False
TXN20240315001724,ACCT201629,MERCH300251,transfer,18.68,in_person,2024-03-15 18:00:48,declined,False
TXN20240315001725,ACCT200768,MERCH300084,purchase,89.98,mobile,2024-03-15 12:16:37,approved,False
TXN20240315001726,ACCT204154,MERCH300015,purchase,60.97,mobile,2024-03-15 06:11:48,approved,False
TXN20240315001727,ACCT201914,MERCH300017,purchase,152.71,atm,2024-03-15 21:08:22,approved,False
TXN20240315001728,ACCT204536,MERCH300015,purchase,28.55,web,2024-03-15 10:02:22,approved,False
TXN20240315001729,ACCT203858,MERCH300084,purchase,11.7,in_person,2024-03-15 07:46:53,approved,False
TXN20240315001730,ACCT200925,MERCH300139,purchase,108.71,web,2024-03-15 04:12:31,approved,False
TXN20240315001731,ACCT206469,MERCH300068,purchase,88.33,web,2024-03-15 21:27:41,approved,False
TXN20240315001732,ACCT204821,MERCH300150,transfer,21.05,mobile,2024-03-15 10:43:09,declined,False
TXN20240315001733,ACCT202765,MERCH300003,withdrawal,38.77,mobile,2024-03-15 19:52:59,approved,False
TXN20240315001734,ACCT205651,MERCH300132,purchase,20.82,atm,2024-03-15 01:49:59,approved,False
TXN20240315001735,ACCT205183,MERCH300042,transfer,37.36,web,2024-03-15 18:10:25,approved,False
TXN20240315001736,ACCT204981,MERCH300005,withdrawal,56.67,web,2024-03-15 05:24:40,approved,False
TXN20240315001737,ACCT206258,MERCH300232,purchase,55.02,in_person,2024-03-15 12:37:51,approved,False
TXN20240315001738,ACCT203966,MERCH300126,transfer,8.55,mobile,2024-03-15 01:45:30,approved,False
TXN20240315001739,ACCT204717,MERCH300097,transfer,72.19,atm,2024-03-15 02:03:53,approved,False
TXN20240315001740,ACCT200904,MERCH300039,purchase,13.35,in_person,2024-03-15 21:43:10,approved,False
TXN20240315001741,ACCT200744,MERCH300019,deposit,123.61,web,2024-03-15 23:49:08,approved,False
TXN20240315001742,ACCT206068,MERCH300170,purchase,27.96,web,2024-03-15 18:05:02,approved,False
TXN20240315001743,ACCT202769,MERCH300206,purchase,58.08,web,2024-03-15 15:47:31,approved,False
TXN20240315001744,ACCT201853,MERCH300130,transfer,3.94,mobile,2024-03-15 23:08:21,reversed,False
TXN20240315001745,ACCT200977,MERCH300054,purchase,56.95,web,2024-03-15 22:53:02,approved,False
TXN20240315001746,ACCT205508,MERCH300106,purchase,22.04,web,2024-03-15 15:56:22,approved,False
TXN20240315001747,ACCT205657,MERCH300013,purchase,13.1,in_person,2024-03-15 18:12:03,approved,False
TXN20240315001748,ACCT204560,MERCH300105,transfer,9.38,in_person,2024-03-15 21:24:34,approved,False
TXN20240315001749,ACCT204624,MERCH300086,purchase,92.02,web,2024-03-15 21:12:02,approved,False
TXN20240315001750,ACCT205332,MERCH300297,purchase,11.41,in_person,2024-03-15 09:01:54,approved,False
TXN20240315001751,ACCT201389,MERCH300029,purchase,29.43,in_person,2024-03-15 07:35:54,approved,False
TXN20240315001752,ACCT203647,MERCH300136,purchase,39.57,web,2024-03-15 07:35:03,approved,False
TXN20240315001753,ACCT202659,MERCH300027,purchase,90.87,mobile,2024-03-15 13:11:57,approved,False
TXN20240315001754,ACCT205678,MERCH300106,purchase,26.8,web,2024-03-15 04:50:27,approved,False
TXN20240315001755,ACCT201224,MERCH300045,purchase,44.04,web,2024-03-15 08:05:54,approved,False
TXN20240315001756,ACCT203284,MERCH300211,withdrawal,64.55,mobile,2024-03-15 14:08:09,approved,False
TXN20240315001757,ACCT203252,MERCH300149,withdrawal,131.32,in_person,2024-03-15 15:06:13,approved,False
TXN20240315001758,ACCT203510,MERCH300221,purchase,69.19,mobile,2024-03-15 17:27:43,approved,False
TXN20240315001759,ACCT202332,MERCH300213,transfer,22.84,web,2024-03-15 23:25:06,approved,False
TXN20240315001760,ACCT204664,MERCH300237,purchase,29.04,in_person,2024-03-15 02:02:40,approved,False
TXN20240315001761,ACCT204202,MERCH300119,deposit,78.45,web,2024-03-15 10:54:47,approved,False
TXN20240315001762,ACCT203629,MERCH300223,deposit,112.76,web,2024-03-15 18:14:54,approved,False
TXN20240315001763,ACCT200201,MERCH300018,transfer,16.8,web,2024-03-15 02:38:37,approved,False
TXN20240315001764,ACCT202670,MERCH300283,purchase,58.23,mobile,2024-03-15 07:12:52,reversed,False
TXN20240315001765,ACCT202679,MERCH300104,purchase,25.87,web,2024-03-15 01:45:47,approved,False
TXN20240315001766,ACCT201672,MERCH300141,transfer,72.77,web,2024-03-15 08:29:43,approved,False
TXN20240315001767,ACCT200110,MERCH300008,transfer,3.94,mobile,2024-03-15 03:22:28,approved,False
TXN20240315001768,ACCT205765,MERCH300214,purchase,26.98,mobile,2024-03-15 12:21:26,approved,False
TXN20240315001769,ACCT204178,MERCH300241,purchase,165.82,web,2024-03-15 23:10:37,declined,False
TXN20240315001770,ACCT205674,MERCH300275,purchase,298.18,web,2024-03-15 12:07:31,approved,False
TXN20240315001771,ACCT202160,MERCH300045,purchase,14.86,web,2024-03-15 20:54:05,approved,False
TXN20240315001772,ACCT203505,MERCH300011,withdrawal,53.41,in_person,2024-03-15 13:16:38,approved,False
TXN20240315001773,ACCT204122,MERCH300155,purchase,14.35,in_person,2024-03-15 06:17:28,declined,False
TXN20240315001774,ACCT201966,MERCH300062,purchase,131.53,atm,2024-03-15 10:13:30,approved,False
TXN20240315001775,ACCT205514,MERCH300097,purchase,12.97,mobile,2024-03-15 05:47:06,approved,False
TXN20240315001776,ACCT203446,MERCH300138,transfer,10.51,in_person,2024-03-15 15:18:47,approved,False
TXN20240315001777,ACCT205591,MERCH300125,purchase,11.35,web,2024-03-15 23:32:39,approved,False
TXN20240315001778,ACCT201948,MERCH300281,transfer,56.24,web,2024-03-15 15:53:32,declined,False
TXN20240315001779,ACCT202228,MERCH300101,purchase,96.1,mobile,2024-03-15 18:08:46,approved,False
TXN20240315001780,ACCT202503,MERCH300036,deposit,80.74,mobile,2024-03-15 04:32:46,approved,False
TXN20240315001781,ACCT201163,MERCH300248,purchase,35.61,web,2024-03-15 06:07:39,approved,False
TXN20240315001782,ACCT203369,MERCH300147,purchase,21.54,in_person,2024-03-15 21:30:44,approved,False
TXN20240315001783,ACCT201923,MERCH300158,withdrawal,31.7,web,2024-03-15 19:10:07,approved,False
TXN20240315001784,ACCT201644,MERCH300063,withdrawal,2.04,mobile,2024-03-15 06:18:12,approved,False
TXN20240315001785,ACCT203606,MERCH300211,purchase,11.45,mobile,2024-03-15 22:50:40,approved,False
TXN20240315001786,ACCT201707,MERCH300046,transfer,23.31,in_person,2024-03-15 18:36:17,approved,False
TXN20240315001787,ACCT206381,MERCH300176,deposit,35.33,mobile,2024-03-15 12:28:46,approved,False
TXN20240315001788,ACCT205651,MERCH300134,purchase,38.81,in_person,2024-03-15 07:08:44,approved,False
TXN20240315001789,ACCT202821,MERCH300253,transfer,10.9,in_person,2024-03-15 20:21:25,approved,False
TXN20240315001790,ACCT205752,MERCH300061,purchase,54.54,web,2024-03-15 02:54:39,approved,False
TXN20240315001791,ACCT205479,MERCH300243,transfer,159.56,in_person,2024-03-15 13:14:50,approved,False
TXN20240315001792,ACCT205149,MERCH300103,withdrawal,31.79,mobile,2024-03-15 18:18:17,approved,False
TXN20240315001793,ACCT203590,MERCH300031,transfer,74.59,web,2024-03-15 13:08:33,approved,False
TXN20240315001794,ACCT201353,MERCH300066,purchase,34.56,mobile,2024-03-15 13:13:56,approved,False
TXN20240315001795,ACCT202972,MERCH300069,withdrawal,40.31,web,2024-03-15 05:28:57,approved,False
TXN20240315001796,ACCT204232,MERCH300187,withdrawal,71.61,in_person,2024-03-15 08:02:40,approved,False
TXN20240315001797,ACCT203985,MERCH300123,purchase,84.75,in_person,2024-03-15 16:00:10,approved,False
TXN20240315001798,ACCT204687,MERCH300049,purchase,252.47,in_person,2024-03-15 02:25:01,approved,False
TXN20240315001799,ACCT202942,MERCH300194,deposit,155.08,in_person,2024-03-15 22:33:29,approved,False
TXN20240315001800,ACCT205793,MERCH300068,purchase,3.66,in_person,2024-03-15 23:43:46,declined,False
TXN20240315001801,ACCT201304,MERCH300232,purchase,8.33,mobile,2024-03-15 09:52:41,declined,False
TXN20240315001802,ACCT200205,MERCH300058,purchase,31.77,mobile,2024-03-15 00:47:31,approved,False
TXN20240315001803,ACCT200711,MERCH300108,purchase,196.95,mobile,2024-03-15 19:57:56,approved,False
TXN20240315001804,ACCT205207,MERCH300064,purchase,61.21,in_person,2024-03-15 22:58:23,approved,False
TXN20240315001805,ACCT203902,MERCH300095,purchase,4.33,mobile,2024-03-15 04:06:23,approved,True
TXN20240315001806,ACCT206147,MERCH300278,purchase,56.9,web,2024-03-15 01:54:08,approved,False
TXN20240315001807,ACCT205710,MERCH300176,purchase,238.46,web,2024-03-15 15:53:11,approved,False
TXN20240315001808,ACCT204534,MERCH300013,purchase,25.56,mobile,2024-03-15 22:30:26,declined,False
TXN20240315001809,ACCT200009,MERCH300149,purchase,46.6,in_person,2024-03-15 02:45:27,approved,False
TXN20240315001810,ACCT201457,MERCH300156,purchase,14.65,mobile,2024-03-15 08:42:38,approved,False
TXN20240315001811,ACCT204204,MERCH300197,deposit,23.28,web,2024-03-15 03:38:01,approved,False
TXN20240315001812,ACCT202950,MERCH300169,purchase,27.66,in_person,2024-03-15 11:18:09,approved,False
TXN20240315001813,ACCT201409,MERCH300244,transfer,25.62,mobile,2024-03-15 20:16:26,approved,False
TXN20240315001814,ACCT203368,MERCH300105,purchase,235.53,web,2024-03-15 23:00:36,approved,False
TXN20240315001815,ACCT204904,MERCH300249,purchase,9.86,web,2024-03-15 22:55:52,approved,False
TXN20240315001816,ACCT200660,MERCH300186,deposit,56.32,web,2024-03-15 17:31:59,approved,False
TXN20240315001817,ACCT203414,MERCH300232,purchase,149.23,in_person,2024-03-15 12:22:55,approved,False
TXN20240315001818,ACCT200247,MERCH300155,purchase,60.12,in_person,2024-03-15 07:41:19,approved,False
TXN20240315001819,ACCT202121,MERCH300051,deposit,51.37,web,2024-03-15 09:24:53,approved,False
TXN20240315001820,ACCT201967,MERCH300002,purchase,27.66,web,2024-03-15 10:08:36,approved,False
TXN20240315001821,ACCT202207,MERCH300005,purchase,74.06,in_person,2024-03-15 23:51:24,approved,False
TXN20240315001822,ACCT205497,MERCH300070,transfer,135.65,web,2024-03-15 23:48:14,approved,False
TXN20240315001823,ACCT204465,MERCH300029,purchase,28.11,in_person,2024-03-15 09:03:32,approved,False
TXN20240315001824,ACCT202134,MERCH300024,deposit,116.21,web,2024-03-15 23:11:46,approved,False
TXN20240315001825,ACCT202947,MERCH300077,purchase,16.16,mobile,2024-03-15 18:02:55,approved,False
TXN20240315001826,ACCT201310,MERCH300134,purchase,4.78,web,2024-03-15 06:38:25,approved,False
TXN20240315001827,ACCT202085,MERCH300295,transfer,25.82,mobile,2024-03-15 03:56:08,approved,False
TXN20240315001828,ACCT200614,MERCH300070,deposit,47.17,web,2024-03-15 17:54:00,approved,False
TXN20240315001829,ACCT203476,MERCH300076,transfer,58.04,web,2024-03-15 18:29:13,approved,False
TXN20240315001830,ACCT204199,MERCH300143,purchase,37.54,mobile,2024-03-15 12:40:04,approved,False
TXN20240315001831,ACCT204110,MERCH300232,transfer,9.94,in_person,2024-03-15 00:39:17,approved,False
TXN20240315001832,ACCT201042,MERCH300280,transfer,25.45,in_person,2024-03-15 06:34:10,approved,False
TXN20240315001833,ACCT204348,MERCH300069,purchase,101.93,mobile,2024-03-15 19:03:16,approved,False
TXN20240315001834,ACCT203096,MERCH300122,purchase,58.66,mobile,2024-03-15 11:59:31,approved,False
TXN20240315001835,ACCT204448,MERCH300009,transfer,325.61,in_person,2024-03-15 11:40:10,approved,False
TXN20240315001836,ACCT200846,MERCH300199,purchase,31.14,web,2024-03-15 17:59:21,reversed,False
TXN20240315001837,ACCT201096,MERCH300131,withdrawal,12.66,in_person,2024-03-15 23:10:17,approved,False
TXN20240315001838,ACCT201745,MERCH300172,deposit,88.36,web,2024-03-15 14:23:04,approved,False
TXN20240315001839,ACCT200866,MERCH300157,purchase,76.47,mobile,2024-03-15 15:03:58,approved,False
TXN20240315001840,ACCT204264,MERCH300099,purchase,58.44,web,2024-03-15 23:49:00,approved,False
TXN20240315001841,ACCT203404,MERCH300195,transfer,207.89,in_person,2024-03-15 05:19:56,approved,False
TXN20240315001842,ACCT201800,MERCH300204,withdrawal,56.54,mobile,2024-03-15 15:26:40,declined,False
TXN20240315001843,ACCT204116,MERCH300029,purchase,60.74,in_person,2024-03-15 07:19:39,approved,False
TXN20240315001844,ACCT200811,MERCH300168,purchase,59.44,mobile,2024-03-15 15:38:32,approved,False
TXN20240315001845,ACCT203379,MERCH300124,purchase,94.45,in_person,2024-03-15 22:18:02,approved,False
TXN20240315001846,ACCT200195,MERCH300184,deposit,26.87,in_person,2024-03-15 06:07:18,approved,False
TXN20240315001847,ACCT205741,MERCH300036,withdrawal,32.35,atm,2024-03-15 05:18:47,approved,False
TXN20240315001848,ACCT206076,MERCH300005,purchase,67.88,in_person,2024-03-15 10:48:05,approved,False
TXN20240315001849,ACCT205662,MERCH300087,deposit,8.28,web,2024-03-15 07:19:26,approved,False
TXN20240315001850,ACCT202541,MERCH300152,purchase,44.62,mobile,2024-03-15 21:13:19,approved,False
TXN20240315001851,ACCT202491,MERCH300027,purchase,73.21,mobile,2024-03-15 07:15:24,approved,False
TXN20240315001852,ACCT202896,MERCH300084,deposit,47.12,in_person,2024-03-15 16:26:46,approved,False
TXN20240315001853,ACCT206471,MERCH300194,purchase,24.63,mobile,2024-03-15 16:21:08,approved,False
TXN20240315001854,ACCT202496,MERCH300112,withdrawal,67.87,in_person,2024-03-15 21:24:50,approved,False
TXN20240315001855,ACCT205325,MERCH300231,purchase,100.73,in_person,2024-03-15 07:17:55,reversed,False
TXN20240315001856,ACCT201218,MERCH300159,transfer,58.87,web,2024-03-15 03:47:35,approved,False
TXN20240315001857,ACCT204431,MERCH300244,purchase,28.27,web,2024-03-15 05:12:23,approved,False
TXN20240315001858,ACCT203960,MERCH300163,purchase,9.48,atm,2024-03-15 20:28:55,approved,False
TXN20240315001859,ACCT202588,MERCH300001,purchase,88.61,web,2024-03-15 07:44:44,approved,False
TXN20240315001860,ACCT200839,MERCH300050,purchase,13.65,mobile,2024-03-15 01:49:03,approved,False
TXN20240315001861,ACCT203165,MERCH300167,purchase,12.74,in_person,2024-03-15 04:51:00,approved,False
TXN20240315001862,ACCT206058,MERCH300012,purchase,21.04,in_person,2024-03-15 13:41:43,approved,False
TXN20240315001863,ACCT202193,MERCH300056,withdrawal,33.17,web,2024-03-15 06:40:19,approved,False
TXN20240315001864,ACCT202215,MERCH300096,purchase,41.3,web,2024-03-15 09:50:20,approved,False
TXN20240315001865,ACCT202505,MERCH300100,purchase,39.28,web,2024-03-15 10:01:37,approved,False
TXN20240315001866,ACCT202263,MERCH300287,withdrawal,27.65,web,2024-03-15 19:07:24,approved,False
TXN20240315001867,ACCT205378,MERCH300282,transfer,17.78,web,2024-03-15 01:19:33,approved,False
TXN20240315001868,ACCT203369,MERCH300040,purchase,253.46,in_person,2024-03-15 17:15:07,approved,False
TXN20240315001869,ACCT200366,MERCH300152,purchase,25.67,web,2024-03-15 04:05:13,approved,False
TXN20240315001870,ACCT203274,MERCH300044,purchase,7.61,in_person,2024-03-15 22:07:00,approved,False
TXN20240315001871,ACCT202807,MERCH300015,withdrawal,83.7,mobile,2024-03-15 09:14:43,approved,False
TXN20240315001872,ACCT202800,MERCH300085,purchase,5.38,mobile,2024-03-15 18:42:18,declined,False
TXN20240315001873,ACCT206473,MERCH300137,purchase,46.51,atm,2024-03-15 05:47:09,approved,False
TXN20240315001874,ACCT204610,MERCH300136,deposit,48.3,web,2024-03-15 11:10:33,approved,False
TXN20240315001875,ACCT201108,MERCH300253,transfer,30.29,in_person,2024-03-15 08:59:02,approved,False
TXN20240315001876,ACCT204315,MERCH300127,purchase,29.85,in_person,2024-03-15 08:55:31,reversed,False
TXN20240315001877,ACCT204280,MERCH300092,purchase,40.27,in_person,2024-03-15 09:47:06,approved,False
TXN20240315001878,ACCT202158,MERCH300138,transfer,223.33,web,2024-03-15 07:13:06,approved,False
TXN20240315001879,ACCT202196,MERCH300098,deposit,61.39,in_person,2024-03-15 00:51:37,approved,False
TXN20240315001880,ACCT201788,MERCH300289,purchase,71.67,mobile,2024-03-15 23:33:27,approved,False
TXN20240315001881,ACCT202477,MERCH300148,purchase,73.35,web,2024-03-15 07:26:32,approved,False
TXN20240315001882,ACCT201995,MERCH300091,purchase,62.24,mobile,2024-03-15 06:15:44,approved,False
TXN20240315001883,ACCT203763,MERCH300175,purchase,41.76,in_person,2024-03-15 09:27:09,approved,False
TXN20240315001884,ACCT206093,MERCH300212,purchase,7.95,in_person,2024-03-15 23:24:31,approved,False
TXN20240315001885,ACCT204551,MERCH300040,deposit,22.97,mobile,2024-03-15 01:09:43,approved,False
TXN20240315001886,ACCT201882,MERCH300151,deposit,100.43,in_person,2024-03-15 07:06:03,approved,False
TXN20240315001887,ACCT200178,MERCH300139,withdrawal,16.19,in_person,2024-03-15 15:33:10,approved,False
TXN20240315001888,ACCT203385,MERCH300036,purchase,90.81,web,2024-03-15 07:45:50,approved,False
TXN20240315001889,ACCT202165,MERCH300180,purchase,22.55,mobile,2024-03-15 02:01:18,approved,False
TXN20240315001890,ACCT205782,MERCH300232,purchase,52.65,in_person,2024-03-15 16:39:07,approved,False
TXN20240315001891,ACCT201167,MERCH300082,purchase,22.82,web,2024-03-15 11:54:48,approved,False
TXN20240315001892,ACCT204593,MERCH300015,withdrawal,46.14,atm,2024-03-15 06:15:21,approved,False
TXN20240315001893,ACCT205459,MERCH300075,purchase,88.96,web,2024-03-15 18:49:38,approved,False
TXN20240315001894,ACCT205051,MERCH300179,withdrawal,32.41,web,2024-03-15 19:11:27,approved,False
TXN20240315001895,ACCT203736,MERCH300216,purchase,172.95,in_person,2024-03-15 19:45:59,approved,False
TXN20240315001896,ACCT203474,MERCH300201,deposit,43.33,in_person,2024-03-15 19:19:17,approved,False
TXN20240315001897,ACCT202057,MERCH300069,purchase,282.09,web,2024-03-15 09:48:41,approved,False
TXN20240315001898,ACCT200277,MERCH300245,purchase,152.77,in_person,2024-03-15 06:57:57,approved,False
TXN20240315001899,ACCT204345,MERCH300139,withdrawal,8.07,mobile,2024-03-15 21:03:22,approved,False
TXN20240315001900,ACCT201311,MERCH300004,purchase,180.17,mobile,2024-03-15 12:44:37,approved,False
TXN20240315001901,ACCT205958,MERCH300282,purchase,55.97,web,2024-03-15 13:18:39,approved,False
TXN20240315001902,ACCT203524,MERCH300268,transfer,13.23,in_person,2024-03-15 23:14:39,approved,False
TXN20240315001903,ACCT201603,MERCH300199,purchase,15.75,mobile,2024-03-15 15:30:20,approved,False
TXN20240315001904,ACCT205584,MERCH300262,purchase,32.22,in_person,2024-03-15 17:26:59,approved,False
TXN20240315001905,ACCT201903,MERCH300216,transfer,80.28,mobile,2024-03-15 07:58:26,approved,False
TXN20240315001906,ACCT200534,MERCH300041,purchase,12.44,in_person,2024-03-15 14:57:34,approved,False
TXN20240315001907,ACCT206347,MERCH300258,purchase,39.33,mobile,2024-03-15 06:27:24,declined,False
TXN20240315001908,ACCT204597,MERCH300043,transfer,42.36,mobile,2024-03-15 21:12:16,approved,False
TXN20240315001909,ACCT204915,MERCH300040,purchase,36.64,web,2024-03-15 13:48:20,approved,False
TXN20240315001910,ACCT202915,MERCH300267,purchase,16.14,mobile,2024-03-15 13:14:53,approved,False
TXN20240315001911,ACCT202638,MERCH300212,purchase,34.92,mobile,2024-03-15 15:52:53,approved,False
TXN20240315001912,ACCT203160,MERCH300024,deposit,23.53,mobile,2024-03-15 00:42:23,approved,False
TXN20240315001913,ACCT203853,MERCH300170,purchase,121.35,in_person,2024-03-15 01:41:33,approved,False
TXN20240315001914,ACCT201523,MERCH300298,purchase,24.94,mobile,2024-03-15 23:31:53,approved,False
TXN20240315001915,ACCT201904,MERCH300204,purchase,58.32,web,2024-03-15 14:38:03,approved,False
TXN20240315001916,ACCT201872,MERCH300029,deposit,21.13,mobile,2024-03-15 21:30:38,reversed,False
TXN20240315001917,ACCT202483,MERCH300138,purchase,45.46,in_person,2024-03-15 09:18:02,approved,False
TXN20240315001918,ACCT202541,MERCH300126,purchase,13.95,in_person,2024-03-15 04:58:54,approved,True
TXN20240315001919,ACCT202011,MERCH300058,purchase,46.82,web,2024-03-15 20:20:36,approved,False
TXN20240315001920,ACCT206261,MERCH300233,transfer,252.88,web,2024-03-15 23:57:50,approved,True
TXN20240315001921,ACCT203391,MERCH300120,purchase,70.17,mobile,2024-03-15 20:03:54,approved,False
TXN20240315001922,ACCT200117,MERCH300245,purchase,41.81,web,2024-03-15 00:55:05,approved,False
TXN20240315001923,ACCT200218,MERCH300034,purchase,42.47,atm,2024-03-15 02:59:21,approved,False
TXN20240315001924,ACCT204834,MERCH300075,purchase,18.04,web,2024-03-15 07:02:51,approved,False
TXN20240315001925,ACCT204656,MERCH300155,purchase,17.09,in_person,2024-03-15 23:46:36,approved,False
TXN20240315001926,ACCT202819,MERCH300064,purchase,54.21,mobile,2024-03-15 16:43:28,approved,False
TXN20240315001927,ACCT201248,MERCH300036,purchase,138.92,in_person,2024-03-15 02:50:24,approved,False
TXN20240315001928,ACCT204969,MERCH300074,transfer,15.66,in_person,2024-03-15 19:43:21,approved,False
TXN20240315001929,ACCT206475,MERCH300043,withdrawal,91.82,web,2024-03-15 10:10:52,approved,False
TXN20240315001930,ACCT203204,MERCH300024,deposit,525.48,atm,2024-03-15 20:05:52,approved,True
TXN20240315001931,ACCT204932,MERCH300159,purchase,230.49,atm,2024-03-15 12:17:58,approved,False
TXN20240315001932,ACCT205211,MERCH300022,purchase,33.7,atm,2024-03-15 22:32:49,approved,False
TXN20240315001933,ACCT202435,MERCH300126,purchase,107.31,in_person,2024-03-15 04:26:41,approved,False
TXN20240315001934,ACCT201460,MERCH300078,purchase,63.86,in_person,2024-03-15 23:06:31,approved,False
TXN20240315001935,ACCT201988,MERCH300010,purchase,71.3,web,2024-03-15 05:44:39,approved,False
TXN20240315001936,ACCT201230,MERCH300122,purchase,91.22,in_person,2024-03-15 19:25:57,approved,False
TXN20240315001937,ACCT204720,MERCH300203,purchase,8.88,atm,2024-03-15 22:57:34,approved,False
TXN20240315001938,ACCT200587,MERCH300083,purchase,19.64,in_person,2024-03-15 04:26:52,approved,False
TXN20240315001939,ACCT202352,MERCH300035,deposit,21.48,in_person,2024-03-15 00:47:11,approved,False
TXN20240315001940,ACCT200823,MERCH300193,purchase,3.58,in_person,2024-03-15 03:24:10,approved,False
TXN20240315001941,ACCT205629,MERCH300070,purchase,18.59,in_person,2024-03-15 02:54:45,approved,False
TXN20240315001942,ACCT200240,MERCH300115,purchase,15.97,web,2024-03-15 07:14:01,approved,False
TXN20240315001943,ACCT204633,MERCH300244,purchase,28.75,mobile,2024-03-15 13:34:14,approved,False
TXN20240315001944,ACCT201444,MERCH300116,purchase,68.72,in_person,2024-03-15 01:33:45,approved,False
TXN20240315001945,ACCT206188,MERCH300033,purchase,29.73,mobile,2024-03-15 20:45:42,approved,False
TXN20240315001946,ACCT201269,MERCH300299,purchase,40.52,web,2024-03-15 05:40:03,approved,False
TXN20240315001947,ACCT203283,MERCH300238,purchase,182.34,atm,2024-03-15 11:30:51,approved,False
TXN20240315001948,ACCT201650,MERCH300236,purchase,26.57,atm,2024-03-15 11:08:28,declined,False
TXN20240315001949,ACCT204554,MERCH300015,purchase,76.88,web,2024-03-15 00:48:25,approved,False
TXN20240315001950,ACCT204573,MERCH300093,purchase,182.45,mobile,2024-03-15 22:11:12,approved,False
TXN20240315001951,ACCT205443,MERCH300205,purchase,52.19,in_person,2024-03-15 00:51:17,approved,False
TXN20240315001952,ACCT203145,MERCH300216,withdrawal,63.57,atm,2024-03-15 23:28:59,approved,False
TXN20240315001953,ACCT201304,MERCH300092,transfer,31.84,in_person,2024-03-15 18:23:46,approved,False
TXN20240315001954,ACCT205191,MERCH300125,purchase,60.82,web,2024-03-15 03:12:04,approved,False
TXN20240315001955,ACCT200491,MERCH300096,transfer,112.83,atm,2024-03-15 18:23:06,approved,False
TXN20240315001956,ACCT202294,MERCH300220,purchase,10.25,web,2024-03-15 09:35:48,approved,False
TXN20240315001957,ACCT204638,MERCH300058,purchase,35.07,in_person,2024-03-15 09:19:05,approved,False
TXN20240315001958,ACCT205483,MERCH300273,purchase,19.41,in_person,2024-03-15 21:04:28,approved,False
TXN20240315001959,ACCT206305,MERCH300110,transfer,38.65,mobile,2024-03-15 22:00:10,approved,False
TXN20240315001960,ACCT203372,MERCH300180,purchase,763.96,mobile,2024-03-15 20:58:32,approved,False
TXN20240315001961,ACCT205950,MERCH300002,purchase,108.82,web,2024-03-15 19:24:10,approved,False
TXN20240315001962,ACCT204434,MERCH300115,purchase,15.8,in_person,2024-03-15 13:58:40,approved,False
TXN20240315001963,ACCT205556,MERCH300030,deposit,10.42,web,2024-03-15 19:15:43,approved,False
TXN20240315001964,ACCT201538,MERCH300092,purchase,62.4,mobile,2024-03-15 15:20:50,approved,False
TXN20240315001965,ACCT204425,MERCH300133,withdrawal,140.03,mobile,2024-03-15 05:58:22,approved,False
TXN20240315001966,ACCT200867,MERCH300089,purchase,23.16,web,2024-03-15 02:30:27,approved,False
TXN20240315001967,ACCT205728,MERCH300225,purchase,19.61,in_person,2024-03-15 06:16:58,approved,False
TXN20240315001968,ACCT205010,MERCH300158,purchase,27.79,in_person,2024-03-15 10:40:18,approved,False
TXN20240315001969,ACCT201663,MERCH300251,purchase,18.43,in_person,2024-03-15 23:29:02,approved,False
TXN20240315001970,ACCT202436,MERCH300109,purchase,32.77,atm,2024-03-15 10:55:58,approved,False
TXN20240315001971,ACCT205600,MERCH300029,purchase,12.68,atm,2024-03-15 19:01:48,approved,False
TXN20240315001972,ACCT202723,MERCH300165,transfer,306.93,web,2024-03-15 22:26:07,declined,False
TXN20240315001973,ACCT200787,MERCH300288,purchase,19.46,in_person,2024-03-15 19:45:25,approved,False
TXN20240315001974,ACCT202337,MERCH300129,purchase,40.88,in_person,2024-03-15 18:35:49,approved,False
TXN20240315001975,ACCT200785,MERCH300118,purchase,8.77,mobile,2024-03-15 09:32:32,approved,False
TXN20240315001976,ACCT203445,MERCH300289,withdrawal,85.33,in_person,2024-03-15 02:51:23,approved,False
TXN20240315001977,ACCT205302,MERCH300110,transfer,16.0,mobile,2024-03-15 20:00:41,declined,False
TXN20240315001978,ACCT200758,MERCH300137,withdrawal,69.57,in_person,2024-03-15 00:35:52,approved,False
TXN20240315001979,ACCT201954,MERCH300016,purchase,23.28,atm,2024-03-15 06:45:50,approved,False
TXN20240315001980,ACCT205842,MERCH300148,purchase,45.89,in_person,2024-03-15 19:50:31,approved,False
TXN20240315001981,ACCT202719,MERCH300200,purchase,58.65,web,2024-03-15 07:23:51,approved,False
TXN20240315001982,ACCT205616,MERCH300161,withdrawal,78.4,web,2024-03-15 20:15:25,approved,False
TXN20240315001983,ACCT203107,MERCH300261,deposit,30.37,web,2024-03-15 17:22:43,declined,False
TXN20240315001984,ACCT206161,MERCH300120,withdrawal,22.23,web,2024-03-15 09:35:32,approved,False
TXN20240315001985,ACCT205239,MERCH300234,purchase,5.97,atm,2024-03-15 08:43:19,approved,False
TXN20240315001986,ACCT205414,MERCH300197,purchase,8.32,in_person,2024-03-15 14:15:22,approved,False
TXN20240315001987,ACCT201010,MERCH300079,transfer,94.14,mobile,2024-03-15 23:02:01,approved,False
TXN20240315001988,ACCT200525,MERCH300076,transfer,179.63,mobile,2024-03-15 04:51:21,approved,False
TXN20240315001989,ACCT201241,MERCH300096,purchase,8.59,mobile,2024-03-15 12:26:11,approved,False
TXN20240315001990,ACCT205232,MERCH300222,purchase,19.38,web,2024-03-15 02:26:03,approved,False
TXN20240315001991,ACCT204334,MERCH300260,purchase,14.85,in_person,2024-03-15 01:48:57,approved,False
TXN20240315001992,ACCT202772,MERCH300298,deposit,60.12,web,2024-03-15 02:42:05,approved,False
TXN20240315001993,ACCT202334,MERCH300188,purchase,28.61,web,2024-03-15 23:21:33,approved,False
TXN20240315001994,ACCT201432,MERCH300157,purchase,17.3,mobile,2024-03-15 22:24:17,approved,False
TXN20240315001995,ACCT206441,MERCH300054,deposit,51.19,in_person,2024-03-15 14:46:17,approved,False
TXN20240315001996,ACCT204815,MERCH300079,purchase,8.83,mobile,2024-03-15 05:58:46,approved,False
TXN20240315001997,ACCT206168,MERCH300272,transfer,21.97,mobile,2024-03-15 13:10:59,approved,False
TXN20240315001998,ACCT202466,MERCH300066,purchase,33.44,in_person,2024-03-15 03:33:22,approved,False
TXN20240315001999,ACCT203402,MERCH300072,deposit,25.25,web,2024-03-15 07:03:03,approved,False
TXN20240315002000,ACCT205548,MERCH300179,purchase,100.19,web,2024-03-15 16:30:55,approved,False
TXN20240315002001,ACCT202244,MERCH300277,purchase,63.79,mobile,2024-03-15 22:33:05,approved,False
TXN20240315002002,ACCT200583,MERCH300042,purchase,18.96,mobile,2024-03-15 10:16:02,approved,False
TXN20240315002003,ACCT205017,MERCH300103,purchase,55.33,atm,2024-03-15 15:03:55,approved,False
TXN20240315002004,ACCT202860,MERCH300102,purchase,139.01,mobile,2024-03-15 20:51:43,approved,False
TXN20240315002005,ACCT201392,MERCH300014,withdrawal,29.13,atm,2024-03-15 11:38:38,approved,False
TXN20240315002006,ACCT206049,MERCH300269,purchase,140.65,mobile,2024-03-15 04:16:50,approved,False
TXN20240315002007,ACCT204477,MERCH300122,withdrawal,18.41,web,2024-03-15 19:05:24,declined,False
TXN20240315002008,ACCT202959,MERCH300162,deposit,44.92,mobile,2024-03-15 20:18:50,approved,False
TXN20240315002009,ACCT203967,MERCH300052,purchase,158.81,mobile,2024-03-15 14:14:21,approved,False
TXN20240315002010,ACCT204598,MERCH300160,transfer,11.24,mobile,2024-03-15 15:47:20,approved,False
TXN20240315002011,ACCT204680,MERCH300220,purchase,39.04,atm,2024-03-15 10:22:49,approved,False
TXN20240315002012,ACCT205596,MERCH300126,purchase,57.48,web,2024-03-15 07:54:09,approved,False
TXN20240315002013,ACCT202053,MERCH300158,purchase,11.59,mobile,2024-03-15 16:38:27,approved,False
TXN20240315002014,ACCT200007,MERCH300267,deposit,24.69,atm,2024-03-15 21:21:52,approved,False
TXN20240315002015,ACCT202102,MERCH300074,purchase,39.08,mobile,2024-03-15 23:17:38,approved,False
TXN20240315002016,ACCT200100,MERCH300123,deposit,68.07,in_person,2024-03-15 11:27:21,approved,False
TXN20240315002017,ACCT204088,MERCH300186,purchase,50.29,web,2024-03-15 02:41:26,approved,False
TXN20240315002018,ACCT204763,MERCH300041,purchase,12.01,in_person,2024-03-15 02:37:42,approved,True
TXN20240315002019,ACCT204147,MERCH300033,transfer,45.2,atm,2024-03-15 13:58:04,approved,False
TXN20240315002020,ACCT201519,MERCH300213,purchase,64.69,in_person,2024-03-15 16:18:12,approved,False
TXN20240315002021,ACCT201827,MERCH300284,purchase,8.19,web,2024-03-15 19:17:37,approved,False
TXN20240315002022,ACCT205111,MERCH300033,purchase,15.0,web,2024-03-15 23:50:24,approved,False
TXN20240315002023,ACCT200817,MERCH300133,transfer,66.42,web,2024-03-15 10:59:01,approved,False
TXN20240315002024,ACCT204248,MERCH300073,withdrawal,52.93,web,2024-03-15 10:20:08,approved,False
TXN20240315002025,ACCT201630,MERCH300057,purchase,44.22,web,2024-03-15 02:20:40,approved,False
TXN20240315002026,ACCT202455,MERCH300099,purchase,55.41,in_person,2024-03-15 23:03:00,approved,False
TXN20240315002027,ACCT201576,MERCH300181,withdrawal,56.87,in_person,2024-03-15 18:24:12,approved,False
TXN20240315002028,ACCT202040,MERCH300293,transfer,5.38,in_person,2024-03-15 11:35:48,approved,False
TXN20240315002029,ACCT200072,MERCH300068,purchase,35.84,web,2024-03-15 14:29:07,approved,False
TXN20240315002030,ACCT202527,MERCH300235,purchase,133.86,in_person,2024-03-15 01:55:13,approved,False
TXN20240315002031,ACCT204996,MERCH300034,purchase,35.39,in_person,2024-03-15 16:54:04,approved,False
TXN20240315002032,ACCT201007,MERCH300049,purchase,26.02,atm,2024-03-15 10:45:52,approved,False
TXN20240315002033,ACCT204113,MERCH300055,purchase,24.77,mobile,2024-03-15 10:30:32,approved,False
TXN20240315002034,ACCT203229,MERCH300132,purchase,27.21,mobile,2024-03-15 01:25:17,approved,False
TXN20240315002035,ACCT206150,MERCH300200,purchase,24.55,mobile,2024-03-15 04:28:27,approved,False
TXN20240315002036,ACCT201836,MERCH300049,purchase,29.45,atm,2024-03-15 21:33:03,approved,False
TXN20240315002037,ACCT203653,MERCH300291,withdrawal,21.51,in_person,2024-03-15 15:44:37,approved,False
TXN20240315002038,ACCT205784,MERCH300256,purchase,24.89,web,2024-03-15 23:00:47,approved,False
TXN20240315002039,ACCT204952,MERCH300181,transfer,54.89,mobile,2024-03-15 20:35:21,approved,False
TXN20240315002040,ACCT200468,MERCH300218,withdrawal,36.95,atm,2024-03-15 05:26:08,declined,False
TXN20240315002041,ACCT203787,MERCH300212,transfer,19.15,in_person,2024-03-15 11:34:39,approved,False
TXN20240315002042,ACCT201488,MERCH300169,purchase,51.02,in_person,2024-03-15 12:59:36,approved,False
TXN20240315002043,ACCT203541,MERCH300087,purchase,13.26,mobile,2024-03-15 03:17:08,approved,False
TXN20240315002044,ACCT202634,MERCH300014,purchase,54.5,in_person,2024-03-15 21:05:41,approved,False
TXN20240315002045,ACCT200610,MERCH300181,purchase,34.93,in_person,2024-03-15 21:09:53,declined,False
TXN20240315002046,ACCT203432,MERCH300165,purchase,11.18,atm,2024-03-15 08:17:17,declined,False
TXN20240315002047,ACCT205471,MERCH300209,purchase,93.59,in_person,2024-03-15 03:12:16,approved,False
TXN20240315002048,ACCT206411,MERCH300291,purchase,53.5,web,2024-03-15 20:47:17,approved,False
TXN20240315002049,ACCT204125,MERCH300051,purchase,85.51,in_person,2024-03-15 15:14:35,declined,False
TXN20240315002050,ACCT201391,MERCH300177,purchase,44.01,mobile,2024-03-15 08:44:19,approved,False
TXN20240315002051,ACCT202145,MERCH300167,purchase,81.87,web,2024-03-15 08:57:41,approved,True
TXN20240315002052,ACCT201826,MERCH300115,purchase,51.8,mobile,2024-03-15 01:42:25,reversed,False
TXN20240315002053,ACCT205235,MERCH300294,transfer,35.73,web,2024-03-15 05:54:07,approved,False
TXN20240315002054,ACCT202284,MERCH300204,transfer,122.81,mobile,2024-03-15 21:36:39,approved,False
TXN20240315002055,ACCT204116,MERCH300209,purchase,59.0,web,2024-03-15 23:35:21,approved,False
TXN20240315002056,ACCT201730,MERCH300291,purchase,28.72,in_person,2024-03-15 12:19:10,approved,False
TXN20240315002057,ACCT203061,MERCH300080,purchase,154.62,atm,2024-03-15 21:00:30,approved,False
TXN20240315002058,ACCT202270,MERCH300251,purchase,94.23,web,2024-03-15 15:01:58,approved,False
TXN20240315002059,ACCT204341,MERCH300088,transfer,41.74,web,2024-03-15 02:46:10,approved,False
TXN20240315002060,ACCT201669,MERCH300150,transfer,28.51,atm,2024-03-15 01:03:24,approved,False
TXN20240315002061,ACCT203788,MERCH300146,transfer,16.83,web,2024-03-15 11:30:07,approved,False
TXN20240315002062,ACCT204983,MERCH300208,deposit,790.44,web,2024-03-15 17:44:53,approved,False
TXN20240315002063,ACCT205867,MERCH300121,transfer,15.65,web,2024-03-15 02:24:09,approved,False
TXN20240315002064,ACCT202368,MERCH300051,purchase,28.06,in_person,2024-03-15 16:25:35,approved,False
TXN20240315002065,ACCT203911,MERCH300027,purchase,68.74,atm,2024-03-15 04:40:31,approved,False
TXN20240315002066,ACCT202936,MERCH300191,purchase,140.15,web,2024-03-15 05:39:47,approved,False
TXN20240315002067,ACCT200520,MERCH300025,purchase,224.86,in_person,2024-03-15 21:17:44,approved,False
TXN20240315002068,ACCT200908,MERCH300092,purchase,20.84,web,2024-03-15 03:24:12,approved,False
TXN20240315002069,ACCT205832,MERCH300034,purchase,46.79,in_person,2024-03-15 02:38:21,approved,False
TXN20240315002070,ACCT204897,MERCH300050,withdrawal,64.06,web,2024-03-15 08:33:03,approved,False
TXN20240315002071,ACCT205511,MERCH300214,purchase,8.76,in_person,2024-03-15 20:07:47,approved,False
TXN20240315002072,ACCT205192,MERCH300171,purchase,31.43,mobile,2024-03-15 02:04:06,approved,False
TXN20240315002073,ACCT203987,MERCH300246,withdrawal,33.12,web,2024-03-15 21:36:13,approved,False
TXN20240315002074,ACCT203624,MERCH300270,deposit,76.91,in_person,2024-03-15 19:04:33,approved,False
TXN20240315002075,ACCT200281,MERCH300118,purchase,68.71,atm,2024-03-15 05:22:10,approved,False
TXN20240315002076,ACCT205899,MERCH300019,purchase,6.98,mobile,2024-03-15 20:08:27,approved,False
TXN20240315002077,ACCT201419,MERCH300079,purchase,15.3,web,2024-03-15 13:56:08,declined,False
TXN20240315002078,ACCT201409,MERCH300279,purchase,33.21,web,2024-03-15 01:30:18,approved,False
TXN20240315002079,ACCT200060,MERCH300081,transfer,132.32,mobile,2024-03-15 20:39:09,approved,False
TXN20240315002080,ACCT204809,MERCH300088,deposit,21.62,in_person,2024-03-15 21:22:49,approved,False
TXN20240315002081,ACCT205984,MERCH300062,transfer,121.5,web,2024-03-15 01:27:21,approved,True
TXN20240315002082,ACCT205851,MERCH300069,deposit,42.55,web,2024-03-15 00:09:04,approved,False
TXN20240315002083,ACCT204243,MERCH300026,transfer,31.18,in_person,2024-03-15 03:58:13,approved,False
TXN20240315002084,ACCT201929,MERCH300215,purchase,42.99,mobile,2024-03-15 14:21:03,approved,False
TXN20240315002085,ACCT200620,MERCH300235,purchase,54.89,web,2024-03-15 20:55:32,approved,False
TXN20240315002086,ACCT200443,MERCH300297,deposit,94.03,web,2024-03-15 02:43:04,approved,True
TXN20240315002087,ACCT205420,MERCH300236,purchase,91.58,in_person,2024-03-15 12:25:46,approved,False
TXN20240315002088,ACCT205113,MERCH300247,purchase,28.85,in_person,2024-03-15 15:59:33,approved,False
TXN20240315002089,ACCT204426,MERCH300210,purchase,27.04,web,2024-03-15 04:52:32,declined,False
TXN20240315002090,ACCT203960,MERCH300028,transfer,4.74,in_person,2024-03-15 06:52:53,approved,False
TXN20240315002091,ACCT202921,MERCH300055,purchase,94.28,web,2024-03-15 12:59:36,approved,False
TXN20240315002092,ACCT204257,MERCH300213,purchase,74.34,atm,2024-03-15 16:08:40,approved,False
TXN20240315002093,ACCT202993,MERCH300226,purchase,27.8,in_person,2024-03-15 06:49:20,approved,False
TXN20240315002094,ACCT202395,MERCH300049,purchase,9.41,mobile,2024-03-15 22:42:51,approved,False
TXN20240315002095,ACCT204192,MERCH300119,transfer,20.42,atm,2024-03-15 21:20:48,approved,False
TXN20240315002096,ACCT205767,MERCH300266,purchase,98.12,web,2024-03-15 02:22:49,approved,False
TXN20240315002097,ACCT202183,MERCH300295,purchase,233.87,in_person,2024-03-15 20:48:10,approved,False
TXN20240315002098,ACCT204257,MERCH300182,purchase,61.46,web,2024-03-15 12:10:06,approved,False
TXN20240315002099,ACCT204385,MERCH300037,purchase,35.17,in_person,2024-03-15 19:10:40,declined,False
TXN20240315002100,ACCT205166,MERCH300144,purchase,106.47,in_person,2024-03-15 17:31:08,approved,False
TXN20240315002101,ACCT200559,MERCH300184,transfer,2.65,in_person,2024-03-15 07:56:22,approved,False
TXN20240315002102,ACCT201729,MERCH300273,transfer,25.92,in_person,2024-03-15 17:09:15,approved,False
TXN20240315002103,ACCT203099,MERCH300152,transfer,38.17,web,2024-03-15 15:06:35,approved,False
TXN20240315002104,ACCT204088,MERCH300283,purchase,29.59,in_person,2024-03-15 15:58:17,approved,False
TXN20240315002105,ACCT202068,MERCH300171,purchase,68.59,mobile,2024-03-15 19:58:59,approved,False
TXN20240315002106,ACCT205909,MERCH300196,purchase,11.36,mobile,2024-03-15 12:25:53,approved,False
TXN20240315002107,ACCT201782,MERCH300139,purchase,80.76,atm,2024-03-15 19:21:27,approved,False
TXN20240315002108,ACCT202857,MERCH300250,purchase,12.39,in_person,2024-03-15 04:25:21,approved,False
TXN20240315002109,ACCT206467,MERCH300107,purchase,94.2,web,2024-03-15 06:56:15,approved,False
TXN20240315002110,ACCT203048,MERCH300107,transfer,62.5,in_person,2024-03-15 00:07:36,approved,False
TXN20240315002111,ACCT204164,MERCH300257,purchase,67.28,mobile,2024-03-15 17:48:18,approved,False
TXN20240315002112,ACCT200424,MERCH300209,transfer,34.46,in_person,2024-03-15 04:36:26,approved,False
TXN20240315002113,ACCT204276,MERCH300181,transfer,50.86,mobile,2024-03-15 04:08:00,approved,False
TXN20240315002114,ACCT204859,MERCH300285,purchase,53.21,in_person,2024-03-15 17:01:28,approved,False
TXN20240315002115,ACCT202203,MERCH300082,purchase,80.56,web,2024-03-15 19:00:26,declined,False
TXN20240315002116,ACCT204424,MERCH300004,purchase,53.79,web,2024-03-15 05:03:46,approved,False
TXN20240315002117,ACCT204898,MERCH300052,purchase,289.81,web,2024-03-15 12:55:04,approved,False
TXN20240315002118,ACCT203814,MERCH300136,purchase,54.46,web,2024-03-15 11:58:12,approved,False
TXN20240315002119,ACCT205406,MERCH300122,purchase,114.7,web,2024-03-15 01:30:59,declined,False
TXN20240315002120,ACCT201693,MERCH300124,deposit,173.98,in_person,2024-03-15 04:20:25,approved,False
TXN20240315002121,ACCT203204,MERCH300293,purchase,264.69,in_person,2024-03-15 04:43:52,approved,False
TXN20240315002122,ACCT203108,MERCH300067,purchase,16.78,in_person,2024-03-15 13:41:51,approved,False
TXN20240315002123,ACCT205367,MERCH300156,transfer,65.92,in_person,2024-03-15 02:59:25,approved,False
TXN20240315002124,ACCT201023,MERCH300218,purchase,26.74,in_person,2024-03-15 21:33:45,approved,False
TXN20240315002125,ACCT206159,MERCH300104,purchase,5.91,in_person,2024-03-15 10:37:45,approved,False
TXN20240315002126,ACCT200476,MERCH300016,withdrawal,28.53,mobile,2024-03-15 09:32:48,approved,False
TXN20240315002127,ACCT202991,MERCH300019,purchase,5.11,web,2024-03-15 14:03:28,approved,False
TXN20240315002128,ACCT203481,MERCH300218,purchase,56.48,web,2024-03-15 20:12:18,approved,False
TXN20240315002129,ACCT201622,MERCH300040,purchase,27.13,in_person,2024-03-15 19:19:20,approved,False
TXN20240315002130,ACCT201705,MERCH300147,purchase,90.26,in_person,2024-03-15 18:37:37,approved,False
TXN20240315002131,ACCT205818,MERCH300217,purchase,257.74,web,2024-03-15 13:03:33,approved,False
TXN20240315002132,ACCT204705,MERCH300253,purchase,84.33,web,2024-03-15 15:23:16,approved,False
TXN20240315002133,ACCT203140,MERCH300149,deposit,23.07,in_person,2024-03-15 11:33:20,approved,False
TXN20240315002134,ACCT205030,MERCH300184,purchase,76.4,mobile,2024-03-15 23:21:15,approved,False
TXN20240315002135,ACCT200513,MERCH300027,purchase,19.44,in_person,2024-03-15 08:33:54,approved,False
TXN20240315002136,ACCT204883,MERCH300084,purchase,77.4,web,2024-03-15 10:11:20,approved,False
TXN20240315002137,ACCT205251,MERCH300171,transfer,73.99,web,2024-03-15 15:39:48,approved,False
TXN20240315002138,ACCT205566,MERCH300028,purchase,35.57,mobile,2024-03-15 15:55:49,approved,False
TXN20240315002139,ACCT203816,MERCH300123,purchase,7.48,web,2024-03-15 09:29:03,approved,False
TXN20240315002140,ACCT202646,MERCH300105,purchase,6.57,in_person,2024-03-15 04:18:04,approved,False
TXN20240315002141,ACCT204717,MERCH300067,transfer,19.12,web,2024-03-15 11:36:12,approved,False
TXN20240315002142,ACCT205441,MERCH300018,purchase,17.94,web,2024-03-15 07:33:03,approved,False
TXN20240315002143,ACCT202778,MERCH300269,purchase,56.97,in_person,2024-03-15 13:29:23,declined,False
TXN20240315002144,ACCT206091,MERCH300180,purchase,53.78,in_person,2024-03-15 10:04:45,approved,False
TXN20240315002145,ACCT206043,MERCH300261,purchase,34.45,in_person,2024-03-15 08:49:26,approved,False
TXN20240315002146,ACCT202428,MERCH300033,purchase,45.37,in_person,2024-03-15 22:12:30,approved,False
TXN20240315002147,ACCT200829,MERCH300121,purchase,320.14,in_person,2024-03-15 10:57:38,approved,False
TXN20240315002148,ACCT200256,MERCH300198,purchase,16.57,mobile,2024-03-15 21:48:07,approved,False
TXN20240315002149,ACCT200345,MERCH300083,purchase,34.05,mobile,2024-03-15 08:05:01,approved,False
TXN20240315002150,ACCT206209,MERCH300219,purchase,16.57,mobile,2024-03-15 11:10:03,approved,False
TXN20240315002151,ACCT200563,MERCH300265,purchase,18.36,atm,2024-03-15 21:44:42,approved,False
TXN20240315002152,ACCT202516,MERCH300298,purchase,86.36,in_person,2024-03-15 09:46:59,approved,False
TXN20240315002153,ACCT206290,MERCH300007,deposit,44.88,in_person,2024-03-15 05:38:58,declined,False
TXN20240315002154,ACCT203892,MERCH300100,transfer,102.6,mobile,2024-03-15 03:13:05,approved,False
TXN20240315002155,ACCT204580,MERCH300028,purchase,25.6,in_person,2024-03-15 03:47:24,approved,False
TXN20240315002156,ACCT204038,MERCH300237,withdrawal,7.27,mobile,2024-03-15 00:06:02,approved,False
TXN20240315002157,ACCT204340,MERCH300202,transfer,42.08,web,2024-03-15 14:44:20,approved,False
TXN20240315002158,ACCT204063,MERCH300131,deposit,202.69,web,2024-03-15 01:46:50,approved,False
TXN20240315002159,ACCT203944,MERCH300216,purchase,37.62,web,2024-03-15 14:24:04,approved,False
TXN20240315002160,ACCT202089,MERCH300253,transfer,175.8,web,2024-03-15 07:09:37,approved,False
TXN20240315002161,ACCT201823,MERCH300036,purchase,286.3,mobile,2024-03-15 09:16:31,approved,False
TXN20240315002162,ACCT202646,MERCH300093,purchase,5.61,in_person,2024-03-15 20:22:04,approved,False
TXN20240315002163,ACCT201764,MERCH300255,purchase,32.76,web,2024-03-15 06:41:21,approved,False
TXN20240315002164,ACCT204727,MERCH300137,transfer,17.39,mobile,2024-03-15 01:45:32,approved,False
TXN20240315002165,ACCT206460,MERCH300048,deposit,28.4,in_person,2024-03-15 01:52:03,approved,False
TXN20240315002166,ACCT205557,MERCH300139,purchase,7.01,in_person,2024-03-15 20:10:23,approved,False
TXN20240315002167,ACCT202282,MERCH300026,purchase,85.69,in_person,2024-03-15 11:36:07,approved,False
TXN20240315002168,ACCT200848,MERCH300166,purchase,27.12,web,2024-03-15 01:23:19,approved,False
TXN20240315002169,ACCT201374,MERCH300071,purchase,112.96,in_person,2024-03-15 16:48:02,approved,False
TXN20240315002170,ACCT205894,MERCH300044,purchase,39.8,in_person,2024-03-15 12:56:53,approved,False
TXN20240315002171,ACCT203785,MERCH300275,purchase,14.57,mobile,2024-03-15 19:57:10,approved,False
TXN20240315002172,ACCT201132,MERCH300057,withdrawal,69.13,web,2024-03-15 10:24:25,approved,False
TXN20240315002173,ACCT202735,MERCH300212,transfer,14.15,mobile,2024-03-15 10:53:40,approved,False
TXN20240315002174,ACCT200487,MERCH300242,purchase,125.9,in_person,2024-03-15 15:19:38,approved,False
TXN20240315002175,ACCT200367,MERCH300194,withdrawal,133.21,mobile,2024-03-15 16:25:35,approved,False
TXN20240315002176,ACCT205422,MERCH300147,purchase,30.96,in_person,2024-03-15 18:08:41,approved,False
TXN20240315002177,ACCT206063,MERCH300188,purchase,51.39,in_person,2024-03-15 08:28:44,approved,False
TXN20240315002178,ACCT201180,MERCH300230,purchase,17.17,web,2024-03-15 19:49:59,approved,False
TXN20240315002179,ACCT202309,MERCH300123,purchase,33.67,web,2024-03-15 13:45:31,approved,False
TXN20240315002180,ACCT206331,MERCH300242,purchase,56.91,web,2024-03-15 22:22:30,approved,False
TXN20240315002181,ACCT203240,MERCH300118,purchase,15.84,in_person,2024-03-15 08:22:15,approved,False
TXN20240315002182,ACCT203150,MERCH300050,purchase,148.14,mobile,2024-03-15 07:58:02,approved,False
TXN20240315002183,ACCT200942,MERCH300089,transfer,121.33,in_person,2024-03-15 08:30:44,approved,False
TXN20240315002184,ACCT205316,MERCH300144,purchase,18.19,mobile,2024-03-15 06:30:41,approved,False
TXN20240315002185,ACCT202945,MERCH300294,transfer,16.37,web,2024-03-15 03:37:04,approved,True
TXN20240315002186,ACCT203136,MERCH300024,withdrawal,77.24,in_person,2024-03-15 07:38:03,approved,False
TXN20240315002187,ACCT201133,MERCH300196,purchase,65.46,atm,2024-03-15 11:59:08,approved,False
TXN20240315002188,ACCT204489,MERCH300151,purchase,17.9,mobile,2024-03-15 22:53:59,approved,False
TXN20240315002189,ACCT203702,MERCH300093,withdrawal,73.05,web,2024-03-15 07:48:23,approved,False
TXN20240315002190,ACCT204504,MERCH300108,transfer,23.93,web,2024-03-15 05:40:03,approved,False
TXN20240315002191,ACCT203946,MERCH300258,purchase,39.34,web,2024-03-15 17:29:31,approved,False
TXN20240315002192,ACCT205322,MERCH300276,withdrawal,4.34,mobile,2024-03-15 15:09:49,approved,False
TXN20240315002193,ACCT203658,MERCH300183,purchase,106.42,in_person,2024-03-15 11:47:24,approved,False
TXN20240315002194,ACCT202329,MERCH300184,purchase,40.15,in_person,2024-03-15 18:42:45,approved,False
TXN20240315002195,ACCT203567,MERCH300192,purchase,127.41,mobile,2024-03-15 15:13:10,approved,False
TXN20240315002196,ACCT202622,MERCH300048,transfer,15.41,in_person,2024-03-15 15:03:08,approved,False
TXN20240315002197,ACCT203254,MERCH300054,purchase,54.65,in_person,2024-03-15 23:43:13,approved,False
TXN20240315002198,ACCT206037,MERCH300226,purchase,28.31,web,2024-03-15 19:37:38,approved,False
TXN20240315002199,ACCT201000,MERCH300016,deposit,36.32,mobile,2024-03-15 18:36:28,approved,False
TXN20240315002200,ACCT205246,MERCH300184,purchase,18.28,mobile,2024-03-15 04:37:17,approved,False
TXN20240315002201,ACCT204924,MERCH300117,transfer,4.48,mobile,2024-03-15 08:30:03,approved,False
TXN20240315002202,ACCT202199,MERCH300133,withdrawal,6.3,in_person,2024-03-15 13:00:55,approved,False
TXN20240315002203,ACCT204379,MERCH300107,purchase,233.83,atm,2024-03-15 17:27:38,approved,False
TXN20240315002204,ACCT202339,MERCH300169,deposit,27.83,web,2024-03-15 00:52:12,approved,False
TXN20240315002205,ACCT202543,MERCH300158,purchase,8.89,mobile,2024-03-15 15:52:21,approved,False
TXN20240315002206,ACCT205334,MERCH300227,withdrawal,7.08,web,2024-03-15 21:39:16,approved,False
TXN20240315002207,ACCT205668,MERCH300045,purchase,7.95,web,2024-03-15 22:50:37,approved,False
TXN20240315002208,ACCT205248,MERCH300293,purchase,41.98,atm,2024-03-15 07:36:35,approved,False
TXN20240315002209,ACCT205989,MERCH300298,withdrawal,279.64,web,2024-03-15 22:35:27,approved,False
TXN20240315002210,ACCT203574,MERCH300225,transfer,10.85,in_person,2024-03-15 11:57:07,approved,False
TXN20240315002211,ACCT202312,MERCH300103,purchase,24.12,web,2024-03-15 09:02:55,reversed,False
TXN20240315002212,ACCT201452,MERCH300037,purchase,18.58,atm,2024-03-15 02:37:16,approved,False
TXN20240315002213,ACCT204216,MERCH300115,purchase,18.39,web,2024-03-15 02:36:18,approved,False
TXN20240315002214,ACCT200688,MERCH300100,transfer,27.16,web,2024-03-15 07:54:08,approved,False
TXN20240315002215,ACCT202603,MERCH300121,deposit,37.31,web,2024-03-15 09:18:49,approved,False
TXN20240315002216,ACCT201151,MERCH300119,purchase,26.43,mobile,2024-03-15 07:21:46,approved,False
TXN20240315002217,ACCT206267,MERCH300239,transfer,54.87,in_person,2024-03-15 17:37:31,approved,False
TXN20240315002218,ACCT204726,MERCH300288,transfer,24.35,atm,2024-03-15 18:27:53,approved,False
TXN20240315002219,ACCT201797,MERCH300265,purchase,19.68,in_person,2024-03-15 16:42:05,approved,False
TXN20240315002220,ACCT205462,MERCH300051,purchase,12.93,web,2024-03-15 10:08:49,approved,False
TXN20240315002221,ACCT204802,MERCH300261,purchase,10.23,web,2024-03-15 16:10:42,approved,False
TXN20240315002222,ACCT201489,MERCH300199,purchase,55.99,web,2024-03-15 14:17:21,approved,False
TXN20240315002223,ACCT201861,MERCH300129,purchase,75.71,mobile,2024-03-15 00:10:57,approved,False
TXN20240315002224,ACCT204873,MERCH300055,purchase,70.87,in_person,2024-03-15 17:04:02,approved,False
TXN20240315002225,ACCT206471,MERCH300141,purchase,70.46,web,2024-03-15 01:05:55,approved,False
TXN20240315002226,ACCT200455,MERCH300091,withdrawal,109.67,web,2024-03-15 16:32:32,approved,False
TXN20240315002227,ACCT203473,MERCH300120,purchase,76.82,web,2024-03-15 20:54:39,approved,False
TXN20240315002228,ACCT201954,MERCH300080,purchase,41.79,in_person,2024-03-15 10:27:09,approved,False
TXN20240315002229,ACCT200877,MERCH300245,purchase,100.24,web,2024-03-15 05:14:12,approved,False
TXN20240315002230,ACCT204614,MERCH300277,purchase,13.15,web,2024-03-15 21:34:55,approved,False
TXN20240315002231,ACCT200758,MERCH300046,deposit,61.95,web,2024-03-15 20:24:29,approved,False
TXN20240315002232,ACCT202280,MERCH300044,purchase,8.26,in_person,2024-03-15 22:33:17,declined,False
TXN20240315002233,ACCT200212,MERCH300111,purchase,51.73,in_person,2024-03-15 14:39:05,approved,False
TXN20240315002234,ACCT200908,MERCH300268,purchase,21.38,in_person,2024-03-15 19:29:48,approved,False
TXN20240315002235,ACCT201518,MERCH300246,purchase,7.08,atm,2024-03-15 14:15:05,approved,False
TXN20240315002236,ACCT205954,MERCH300287,withdrawal,102.55,in_person,2024-03-15 21:51:33,approved,False
TXN20240315002237,ACCT201527,MERCH300252,deposit,5.04,in_person,2024-03-15 15:56:50,approved,False
TXN20240315002238,ACCT204575,MERCH300021,purchase,55.69,mobile,2024-03-15 18:13:24,approved,False
TXN20240315002239,ACCT205095,MERCH300000,purchase,148.88,web,2024-03-15 11:13:23,approved,False
TXN20240315002240,ACCT200150,MERCH300001,purchase,34.72,web,2024-03-15 04:22:16,approved,False
TXN20240315002241,ACCT200326,MERCH300013,purchase,22.26,mobile,2024-03-15 00:05:25,approved,False
TXN20240315002242,ACCT205873,MERCH300041,purchase,27.56,in_person,2024-03-15 21:10:22,approved,False
TXN20240315002243,ACCT203590,MERCH300057,purchase,242.65,web,2024-03-15 06:17:13,approved,False
TXN20240315002244,ACCT200572,MERCH300006,purchase,71.79,in_person,2024-03-15 12:07:16,approved,False
TXN20240315002245,ACCT204236,MERCH300241,purchase,97.22,in_person,2024-03-15 22:09:49,approved,False
TXN20240315002246,ACCT204409,MERCH300164,purchase,32.89,web,2024-03-15 11:08:07,approved,False
TXN20240315002247,ACCT200183,MERCH300084,purchase,17.46,mobile,2024-03-15 20:13:01,approved,False
TXN20240315002248,ACCT203357,MERCH300232,purchase,28.57,in_person,2024-03-15 20:14:11,approved,False
TXN20240315002249,ACCT202066,MERCH300192,purchase,126.1,mobile,2024-03-15 09:20:38,approved,False
TXN20240315002250,ACCT201338,MERCH300297,transfer,18.89,in_person,2024-03-15 07:09:45,approved,False
TXN20240315002251,ACCT201869,MERCH300190,transfer,24.29,mobile,2024-03-15 15:07:48,approved,False
TXN20240315002252,ACCT200282,MERCH300229,transfer,4.94,in_person,2024-03-15 05:27:58,approved,False
TXN20240315002253,ACCT200208,MERCH300256,deposit,104.58,atm,2024-03-15 05:13:01,approved,False
TXN20240315002254,ACCT204328,MERCH300007,purchase,108.59,web,2024-03-15 16:57:16,approved,False
TXN20240315002255,ACCT204217,MERCH300191,deposit,46.4,web,2024-03-15 17:47:34,approved,False
TXN20240315002256,ACCT202201,MERCH300182,purchase,16.03,in_person,2024-03-15 22:03:05,approved,False
TXN20240315002257,ACCT203223,MERCH300112,purchase,19.72,web,2024-03-15 21:55:00,approved,False
TXN20240315002258,ACCT206384,MERCH300002,transfer,28.67,mobile,2024-03-15 08:43:50,declined,False
TXN20240315002259,ACCT203168,MERCH300172,purchase,22.5,web,2024-03-15 18:12:41,approved,False
TXN20240315002260,ACCT205182,MERCH300011,transfer,150.8,in_person,2024-03-15 21:11:58,approved,False
TXN20240315002261,ACCT202190,MERCH300063,purchase,76.67,web,2024-03-15 18:13:10,approved,False
TXN20240315002262,ACCT204370,MERCH300072,deposit,31.69,in_person,2024-03-15 16:51:42,approved,False
TXN20240315002263,ACCT200120,MERCH300171,purchase,22.69,in_person,2024-03-15 19:06:54,approved,False
TXN20240315002264,ACCT202473,MERCH300277,transfer,70.57,web,2024-03-15 05:39:55,approved,False
TXN20240315002265,ACCT203115,MERCH300115,transfer,150.57,mobile,2024-03-15 01:06:25,approved,False
TXN20240315002266,ACCT200401,MERCH300035,purchase,100.73,in_person,2024-03-15 10:22:19,approved,False
TXN20240315002267,ACCT205469,MERCH300280,purchase,55.42,atm,2024-03-15 20:25:05,approved,False
TXN20240315002268,ACCT201802,MERCH300150,transfer,64.06,in_person,2024-03-15 23:57:00,approved,False
TXN20240315002269,ACCT204465,MERCH300100,purchase,22.51,web,2024-03-15 17:56:58,approved,False
TXN20240315002270,ACCT205476,MERCH300070,purchase,47.1,web,2024-03-15 19:58:33,approved,False
TXN20240315002271,ACCT201027,MERCH300184,purchase,11.53,web,2024-03-15 03:56:34,approved,False
TXN20240315002272,ACCT203603,MERCH300136,deposit,36.31,in_person,2024-03-15 22:45:41,approved,False
TXN20240315002273,ACCT204419,MERCH300140,purchase,50.28,mobile,2024-03-15 16:05:13,approved,False
TXN20240315002274,ACCT200328,MERCH300190,purchase,125.69,web,2024-03-15 19:38:15,approved,False
TXN20240315002275,ACCT206051,MERCH300224,purchase,112.8,in_person,2024-03-15 19:06:38,approved,False
TXN20240315002276,ACCT205014,MERCH300198,purchase,36.88,mobile,2024-03-15 21:53:02,approved,False
TXN20240315002277,ACCT200767,MERCH300052,deposit,118.12,atm,2024-03-15 21:48:12,approved,False
TXN20240315002278,ACCT202945,MERCH300243,withdrawal,12.87,in_person,2024-03-15 12:34:11,approved,False
TXN20240315002279,ACCT200025,MERCH300236,purchase,69.09,in_person,2024-03-15 10:14:30,approved,False
TXN20240315002280,ACCT204733,MERCH300284,deposit,24.25,in_person,2024-03-15 18:35:47,approved,False
TXN20240315002281,ACCT202112,MERCH300006,purchase,13.99,in_person,2024-03-15 03:14:08,approved,True
TXN20240315002282,ACCT205682,MERCH300069,purchase,5.81,atm,2024-03-15 23:33:38,approved,False
TXN20240315002283,ACCT204827,MERCH300296,purchase,142.62,mobile,2024-03-15 10:18:22,approved,False
TXN20240315002284,ACCT204753,MERCH300102,purchase,26.7,in_person,2024-03-15 06:30:29,reversed,False
TXN20240315002285,ACCT205177,MERCH300164,transfer,98.39,in_person,2024-03-15 01:04:40,approved,False
TXN20240315002286,ACCT205448,MERCH300032,transfer,64.8,web,2024-03-15 13:16:47,approved,False
TXN20240315002287,ACCT204488,MERCH300167,purchase,37.58,atm,2024-03-15 13:12:33,approved,False
TXN20240315002288,ACCT202820,MERCH300214,deposit,68.39,in_person,2024-03-15 16:50:40,approved,False
TXN20240315002289,ACCT203044,MERCH300076,purchase,29.7,web,2024-03-15 08:38:42,approved,False
TXN20240315002290,ACCT203003,MERCH300102,transfer,6.38,mobile,2024-03-15 13:41:19,approved,False
TXN20240315002291,ACCT201787,MERCH300150,purchase,50.32,in_person,2024-03-15 16:16:42,approved,False
TXN20240315002292,ACCT205622,MERCH300152,deposit,42.07,web,2024-03-15 22:54:44,approved,False
TXN20240315002293,ACCT203147,MERCH300117,purchase,22.02,web,2024-03-15 20:56:37,approved,False
TXN20240315002294,ACCT203407,MERCH300292,purchase,23.79,web,2024-03-15 05:25:04,approved,False
TXN20240315002295,ACCT202227,MERCH300178,purchase,14.4,mobile,2024-03-15 11:11:56,approved,False
TXN20240315002296,ACCT201166,MERCH300254,transfer,100.57,mobile,2024-03-15 09:20:04,approved,False
TXN20240315002297,ACCT203276,MERCH300059,deposit,87.46,atm,2024-03-15 18:27:10,approved,False
TXN20240315002298,ACCT201736,MERCH300001,purchase,10.89,mobile,2024-03-15 09:32:36,approved,False
TXN20240315002299,ACCT201783,MERCH300227,purchase,52.53,mobile,2024-03-15 18:14:46,approved,False
TXN20240315002300,ACCT201897,MERCH300014,purchase,99.22,web,2024-03-15 12:10:30,approved,False
TXN20240315002301,ACCT205238,MERCH300058,purchase,18.42,in_person,2024-03-15 08:27:12,approved,False
TXN20240315002302,ACCT200870,MERCH300287,purchase,143.16,web,2024-03-15 05:50:48,approved,False
TXN20240315002303,ACCT203884,MERCH300155,withdrawal,9.47,in_person,2024-03-15 10:49:41,approved,False
TXN20240315002304,ACCT202282,MERCH300046,transfer,30.63,mobile,2024-03-15 06:03:51,approved,False
TXN20240315002305,ACCT203503,MERCH300028,purchase,33.99,web,2024-03-15 15:37:40,reversed,False
TXN20240315002306,ACCT200442,MERCH300085,purchase,22.01,web,2024-03-15 07:25:51,approved,False
TXN20240315002307,ACCT205143,MERCH300257,purchase,53.81,in_person,2024-03-15 02:47:19,approved,False
TXN20240315002308,ACCT200875,MERCH300294,purchase,57.27,web,2024-03-15 13:05:36,approved,False
TXN20240315002309,ACCT204516,MERCH300121,purchase,10.29,mobile,2024-03-15 04:49:02,approved,False
TXN20240315002310,ACCT202584,MERCH300050,purchase,42.87,mobile,2024-03-15 19:47:26,approved,False
TXN20240315002311,ACCT200099,MERCH300069,purchase,178.91,web,2024-03-15 10:27:14,approved,False
TXN20240315002312,ACCT204229,MERCH300170,purchase,39.85,web,2024-03-15 02:55:42,approved,False
TXN20240315002313,ACCT201591,MERCH300284,purchase,38.09,web,2024-03-15 10:15:07,approved,False
TXN20240315002314,ACCT203182,MERCH300217,purchase,103.34,in_person,2024-03-15 04:49:38,declined,False
TXN20240315002315,ACCT205389,MERCH300018,purchase,41.13,web,2024-03-15 18:44:31,approved,False
TXN20240315002316,ACCT203745,MERCH300068,purchase,30.26,in_person,2024-03-15 13:43:47,approved,False
TXN20240315002317,ACCT200428,MERCH300185,transfer,21.45,web,2024-03-15 08:52:01,approved,False
TXN20240315002318,ACCT202219,MERCH300051,purchase,10.15,mobile,2024-03-15 09:48:25,approved,False
TXN20240315002319,ACCT204075,MERCH300272,withdrawal,93.08,web,2024-03-15 08:08:47,approved,False
TXN20240315002320,ACCT205842,MERCH300025,purchase,70.91,in_person,2024-03-15 10:12:54,approved,False
TXN20240315002321,ACCT203508,MERCH300082,purchase,45.13,in_person,2024-03-15 22:34:26,approved,False
TXN20240315002322,ACCT204844,MERCH300192,deposit,199.91,in_person,2024-03-15 17:22:43,approved,False
TXN20240315002323,ACCT202977,MERCH300194,purchase,5.9,in_person,2024-03-15 21:11:04,approved,False
TXN20240315002324,ACCT200129,MERCH300185,purchase,71.95,in_person,2024-03-15 03:57:28,approved,False
TXN20240315002325,ACCT205559,MERCH300299,transfer,98.73,mobile,2024-03-15 19:40:40,approved,False
TXN20240315002326,ACCT202494,MERCH300109,transfer,32.34,atm,2024-03-15 20:47:33,approved,False
TXN20240315002327,ACCT204340,MERCH300080,purchase,22.72,atm,2024-03-15 14:47:24,approved,False
TXN20240315002328,ACCT201002,MERCH300084,purchase,268.52,in_person,2024-03-15 17:54:17,approved,False
TXN20240315002329,ACCT201223,MERCH300195,purchase,24.83,web,2024-03-15 17:46:21,approved,False
TXN20240315002330,ACCT202501,MERCH300056,withdrawal,104.45,mobile,2024-03-15 11:45:56,approved,True
TXN20240315002331,ACCT201385,MERCH300094,purchase,84.87,web,2024-03-15 19:57:48,approved,False
TXN20240315002332,ACCT204638,MERCH300209,purchase,64.61,in_person,2024-03-15 21:02:53,approved,False
TXN20240315002333,ACCT202330,MERCH300277,purchase,167.08,in_person,2024-03-15 13:20:00,approved,False
TXN20240315002334,ACCT206407,MERCH300265,purchase,8.91,in_person,2024-03-15 12:24:48,approved,False
TXN20240315002335,ACCT204758,MERCH300296,transfer,101.29,atm,2024-03-15 11:39:51,approved,False
TXN20240315002336,ACCT204149,MERCH300209,withdrawal,40.82,in_person,2024-03-15 02:06:18,approved,False
TXN20240315002337,ACCT202210,MERCH300163,purchase,20.58,atm,2024-03-15 23:28:37,approved,False
TXN20240315002338,ACCT205316,MERCH300146,purchase,5.07,in_person,2024-03-15 19:06:53,approved,False
TXN20240315002339,ACCT203083,MERCH300255,transfer,27.34,in_person,2024-03-15 09:20:01,approved,False
TXN20240315002340,ACCT205341,MERCH300254,purchase,7.33,mobile,2024-03-15 12:28:00,approved,False
TXN20240315002341,ACCT200754,MERCH300271,withdrawal,111.25,mobile,2024-03-15 13:29:13,approved,False
TXN20240315002342,ACCT204047,MERCH300004,purchase,68.6,in_person,2024-03-15 14:24:52,approved,False
TXN20240315002343,ACCT205510,MERCH300269,deposit,17.27,web,2024-03-15 13:27:59,approved,False
TXN20240315002344,ACCT202310,MERCH300014,deposit,24.43,web,2024-03-15 20:34:47,declined,False
TXN20240315002345,ACCT204764,MERCH300279,purchase,46.25,in_person,2024-03-15 12:00:52,approved,False
TXN20240315002346,ACCT202521,MERCH300090,deposit,65.61,in_person,2024-03-15 21:46:24,approved,False
TXN20240315002347,ACCT200997,MERCH300292,purchase,34.44,in_person,2024-03-15 18:57:56,approved,False
TXN20240315002348,ACCT204571,MERCH300034,transfer,145.01,mobile,2024-03-15 07:19:36,approved,False
TXN20240315002349,ACCT205588,MERCH300113,purchase,42.21,web,2024-03-15 14:53:08,approved,False
TXN20240315002350,ACCT205831,MERCH300149,purchase,65.84,web,2024-03-15 03:34:09,approved,False
TXN20240315002351,ACCT203852,MERCH300237,purchase,16.56,web,2024-03-15 16:08:45,approved,False
TXN20240315002352,ACCT205480,MERCH300096,withdrawal,60.4,mobile,2024-03-15 14:29:28,approved,False
TXN20240315002353,ACCT204891,MERCH300035,purchase,47.26,web,2024-03-15 22:22:55,reversed,False
TXN20240315002354,ACCT206305,MERCH300263,purchase,47.7,web,2024-03-15 04:51:32,approved,False
TXN20240315002355,ACCT205618,MERCH300166,purchase,24.23,mobile,2024-03-15 09:13:33,approved,False
TXN20240315002356,ACCT205095,MERCH300219,transfer,42.49,in_person,2024-03-15 09:50:37,approved,False
TXN20240315002357,ACCT205661,MERCH300011,withdrawal,59.24,in_person,2024-03-15 22:06:36,approved,False
TXN20240315002358,ACCT201439,MERCH300260,withdrawal,33.49,in_person,2024-03-15 13:26:53,approved,False
TXN20240315002359,ACCT203749,MERCH300289,purchase,39.84,mobile,2024-03-15 17:41:03,approved,False
TXN20240315002360,ACCT200445,MERCH300056,purchase,14.18,in_person,2024-03-15 16:30:16,approved,False
TXN20240315002361,ACCT205174,MERCH300016,purchase,133.8,mobile,2024-03-15 18:19:06,approved,False
TXN20240315002362,ACCT202000,MERCH300288,purchase,16.84,in_person,2024-03-15 08:11:43,approved,False
TXN20240315002363,ACCT200412,MERCH300211,transfer,66.62,mobile,2024-03-15 23:05:49,approved,False
TXN20240315002364,ACCT202496,MERCH300236,purchase,98.81,web,2024-03-15 01:55:22,approved,False
TXN20240315002365,ACCT206065,MERCH300172,purchase,236.71,mobile,2024-03-15 03:19:59,approved,False
TXN20240315002366,ACCT202923,MERCH300247,purchase,23.39,atm,2024-03-15 19:10:55,approved,False
TXN20240315002367,ACCT202581,MERCH300081,purchase,7.85,mobile,2024-03-15 08:20:16,approved,False
TXN20240315002368,ACCT200421,MERCH300205,purchase,206.58,in_person,2024-03-15 21:33:17,approved,False
TXN20240315002369,ACCT205573,MERCH300180,purchase,55.0,in_person,2024-03-15 23:50:27,approved,False
TXN20240315002370,ACCT200766,MERCH300186,withdrawal,46.95,web,2024-03-15 03:55:14,approved,False
TXN20240315002371,ACCT205627,MERCH300129,purchase,20.35,mobile,2024-03-15 08:55:52,approved,False
TXN20240315002372,ACCT204238,MERCH300120,purchase,12.41,in_person,2024-03-15 10:07:37,approved,False
TXN20240315002373,ACCT206057,MERCH300027,purchase,49.92,in_person,2024-03-15 00:02:28,declined,False
TXN20240315002374,ACCT203129,MERCH300230,transfer,25.82,mobile,2024-03-15 07:18:38,approved,False
TXN20240315002375,ACCT204724,MERCH300074,purchase,9.04,mobile,2024-03-15 00:12:00,approved,False
TXN20240315002376,ACCT200509,MERCH300100,purchase,37.24,mobile,2024-03-15 00:22:42,approved,False
TXN20240315002377,ACCT201432,MERCH300158,deposit,34.31,atm,2024-03-15 07:35:59,declined,False
TXN20240315002378,ACCT206312,MERCH300009,purchase,127.27,web,2024-03-15 23:43:55,approved,False
TXN20240315002379,ACCT203584,MERCH300063,purchase,66.83,web,2024-03-15 15:39:04,approved,False
TXN20240315002380,ACCT205674,MERCH300290,purchase,206.86,web,2024-03-15 19:15:07,approved,False
TXN20240315002381,ACCT200939,MERCH300104,purchase,24.84,in_person,2024-03-15 03:42:56,approved,False
TXN20240315002382,ACCT205548,MERCH300077,withdrawal,119.67,web,2024-03-15 19:30:13,approved,False
TXN20240315002383,ACCT202356,MERCH300210,transfer,8.94,atm,2024-03-15 05:29:35,approved,False
TXN20240315002384,ACCT202581,MERCH300148,purchase,43.21,in_person,2024-03-15 05:19:34,approved,False
TXN20240315002385,ACCT205257,MERCH300122,transfer,20.19,web,2024-03-15 22:17:08,approved,False
TXN20240315002386,ACCT204967,MERCH300031,purchase,16.13,web,2024-03-15 01:17:13,approved,False
TXN20240315002387,ACCT201182,MERCH300029,purchase,10.36,mobile,2024-03-15 06:47:58,approved,False
TXN20240315002388,ACCT202436,MERCH300039,withdrawal,21.93,in_person,2024-03-15 12:05:51,approved,False
TXN20240315002389,ACCT204669,MERCH300136,purchase,14.49,in_person,2024-03-15 12:45:33,approved,False
TXN20240315002390,ACCT205228,MERCH300203,purchase,36.04,in_person,2024-03-15 06:27:14,approved,False
TXN20240315002391,ACCT201900,MERCH300159,transfer,34.65,in_person,2024-03-15 08:54:20,approved,False
TXN20240315002392,ACCT202777,MERCH300010,purchase,54.55,atm,2024-03-15 13:13:52,reversed,False
TXN20240315002393,ACCT200338,MERCH300171,purchase,12.09,in_person,2024-03-15 00:13:56,approved,False
TXN20240315002394,ACCT205129,MERCH300280,withdrawal,26.67,mobile,2024-03-15 23:58:40,approved,False
TXN20240315002395,ACCT204898,MERCH300221,purchase,51.34,web,2024-03-15 23:57:21,approved,False
TXN20240315002396,ACCT205140,MERCH300243,purchase,20.49,web,2024-03-15 18:11:15,approved,False
TXN20240315002397,ACCT202117,MERCH300190,purchase,39.27,in_person,2024-03-15 01:53:41,approved,False
TXN20240315002398,ACCT203629,MERCH300286,purchase,82.61,web,2024-03-15 10:27:08,approved,False
TXN20240315002399,ACCT202857,MERCH300134,purchase,11.15,web,2024-03-15 20:37:21,approved,False
TXN20240315002400,ACCT204552,MERCH300006,purchase,25.36,mobile,2024-03-15 07:12:35,approved,False
TXN20240315002401,ACCT205979,MERCH300078,purchase,29.95,web,2024-03-15 18:18:29,approved,False
TXN20240315002402,ACCT203850,MERCH300202,purchase,7.78,web,2024-03-15 14:37:35,approved,False
TXN20240315002403,ACCT206240,MERCH300244,transfer,25.95,in_person,2024-03-15 17:14:12,approved,False
TXN20240315002404,ACCT204157,MERCH300256,withdrawal,41.45,in_person,2024-03-15 22:49:53,approved,False
TXN20240315002405,ACCT202325,MERCH300113,deposit,41.47,atm,2024-03-15 11:51:06,approved,False
TXN20240315002406,ACCT200312,MERCH300253,purchase,135.46,in_person,2024-03-15 01:35:14,approved,False
TXN20240315002407,ACCT200104,MERCH300047,purchase,9.06,in_person,2024-03-15 22:55:53,approved,False
TXN20240315002408,ACCT202035,MERCH300074,purchase,38.12,web,2024-03-15 01:26:15,approved,False
TXN20240315002409,ACCT200158,MERCH300013,purchase,26.89,web,2024-03-15 15:37:23,approved,False
TXN20240315002410,ACCT205133,MERCH300034,deposit,85.85,in_person,2024-03-15 16:18:59,declined,False
TXN20240315002411,ACCT204832,MERCH300227,purchase,218.14,in_person,2024-03-15 17:19:22,approved,False
TXN20240315002412,ACCT200533,MERCH300136,purchase,20.01,web,2024-03-15 11:21:03,approved,False
TXN20240315002413,ACCT205035,MERCH300091,withdrawal,136.78,in_person,2024-03-15 06:40:06,approved,False
TXN20240315002414,ACCT205296,MERCH300033,purchase,25.55,mobile,2024-03-15 12:28:19,approved,False
TXN20240315002415,ACCT202661,MERCH300240,purchase,6.02,in_person,2024-03-15 13:18:28,approved,False
TXN20240315002416,ACCT200146,MERCH300091,purchase,75.45,web,2024-03-15 15:32:23,approved,False
TXN20240315002417,ACCT204428,MERCH300089,transfer,30.99,mobile,2024-03-15 06:54:10,approved,False
TXN20240315002418,ACCT201748,MERCH300214,purchase,19.19,web,2024-03-15 04:58:12,approved,False
TXN20240315002419,ACCT203675,MERCH300035,purchase,3.3,in_person,2024-03-15 13:08:49,approved,False
TXN20240315002420,ACCT200968,MERCH300184,deposit,111.75,in_person,2024-03-15 16:41:16,approved,False
TXN20240315002421,ACCT204502,MERCH300080,purchase,156.6,atm,2024-03-15 23:41:46,approved,False
TXN20240315002422,ACCT205800,MERCH300103,purchase,29.66,atm,2024-03-15 02:29:19,approved,False
TXN20240315002423,ACCT204310,MERCH300020,purchase,187.26,atm,2024-03-15 20:58:36,approved,False
TXN20240315002424,ACCT202107,MERCH300090,withdrawal,21.73,atm,2024-03-15 07:10:57,approved,False
TXN20240315002425,ACCT204044,MERCH300051,purchase,35.99,mobile,2024-03-15 04:03:06,approved,False
TXN20240315002426,ACCT201603,MERCH300144,purchase,22.78,mobile,2024-03-15 12:41:07,approved,False
TXN20240315002427,ACCT200782,MERCH300068,purchase,78.27,mobile,2024-03-15 09:20:57,approved,False
TXN20240315002428,ACCT203876,MERCH300133,purchase,80.97,mobile,2024-03-15 11:13:59,approved,False
TXN20240315002429,ACCT202227,MERCH300046,purchase,13.66,in_person,2024-03-15 04:11:05,approved,False
TXN20240315002430,ACCT204298,MERCH300244,purchase,33.66,in_person,2024-03-15 05:24:42,approved,False
TXN20240315002431,ACCT201779,MERCH300236,purchase,20.94,atm,2024-03-15 02:03:57,approved,False
TXN20240315002432,ACCT201092,MERCH300201,purchase,43.06,in_person,2024-03-15 03:16:28,approved,False
TXN20240315002433,ACCT202235,MERCH300030,purchase,4.91,mobile,2024-03-15 17:47:32,approved,False
TXN20240315002434,ACCT205719,MERCH300269,transfer,28.38,atm,2024-03-15 19:04:15,approved,False
TXN20240315002435,ACCT204001,MERCH300162,purchase,19.58,in_person,2024-03-15 07:10:21,approved,False
TXN20240315002436,ACCT201887,MERCH300181,purchase,8.79,in_person,2024-03-15 17:10:41,approved,False
TXN20240315002437,ACCT201669,MERCH300015,purchase,13.28,mobile,2024-03-15 11:41:48,approved,False
TXN20240315002438,ACCT203717,MERCH300298,purchase,21.11,mobile,2024-03-15 02:46:17,approved,False
TXN20240315002439,ACCT203072,MERCH300017,purchase,4.93,web,2024-03-15 00:12:25,approved,False
TXN20240315002440,ACCT201316,MERCH300189,purchase,69.34,mobile,2024-03-15 13:46:09,approved,False
TXN20240315002441,ACCT203000,MERCH300179,purchase,80.15,in_person,2024-03-15 12:11:02,approved,False
TXN20240315002442,ACCT202929,MERCH300013,transfer,49.34,in_person,2024-03-15 16:44:58,approved,False
TXN20240315002443,ACCT203320,MERCH300058,purchase,61.63,web,2024-03-15 03:44:13,approved,False
TXN20240315002444,ACCT206192,MERCH300280,purchase,11.49,in_person,2024-03-15 08:26:23,approved,False
TXN20240315002445,ACCT205519,MERCH300200,purchase,16.05,web,2024-03-15 17:46:25,approved,False
TXN20240315002446,ACCT203701,MERCH300098,withdrawal,91.33,in_person,2024-03-15 20:45:50,approved,False
TXN20240315002447,ACCT205394,MERCH300230,withdrawal,12.49,web,2024-03-15 05:56:53,approved,False
TXN20240315002448,ACCT200451,MERCH300113,transfer,36.64,web,2024-03-15 19:17:34,approved,False
TXN20240315002449,ACCT204519,MERCH300190,purchase,35.07,in_person,2024-03-15 08:53:15,approved,False
TXN20240315002450,ACCT205491,MERCH300057,purchase,25.2,atm,2024-03-15 22:11:16,declined,False
TXN20240315002451,ACCT200738,MERCH300040,deposit,2.54,in_person,2024-03-15 07:06:28,approved,False
TXN20240315002452,ACCT206241,MERCH300287,purchase,57.07,web,2024-03-15 10:05:27,approved,False
TXN20240315002453,ACCT204189,MERCH300154,purchase,125.97,in_person,2024-03-15 11:51:50,approved,False
TXN20240315002454,ACCT205324,MERCH300093,transfer,8.34,in_person,2024-03-15 17:13:36,approved,False
TXN20240315002455,ACCT200492,MERCH300061,purchase,21.96,in_person,2024-03-15 23:35:49,approved,False
TXN20240315002456,ACCT202591,MERCH300116,purchase,131.3,atm,2024-03-15 23:24:22,approved,False
TXN20240315002457,ACCT204096,MERCH300220,transfer,34.45,mobile,2024-03-15 21:58:52,declined,False
TXN20240315002458,ACCT205377,MERCH300246,purchase,17.91,atm,2024-03-15 15:50:53,approved,False
TXN20240315002459,ACCT204860,MERCH300109,purchase,63.65,mobile,2024-03-15 02:50:59,approved,False
TXN20240315002460,ACCT200272,MERCH300182,transfer,52.08,web,2024-03-15 16:02:26,approved,False
TXN20240315002461,ACCT205271,MERCH300045,purchase,22.51,web,2024-03-15 08:31:55,approved,False
TXN20240315002462,ACCT204065,MERCH300145,purchase,48.1,in_person,2024-03-15 03:29:55,approved,False
TXN20240315002463,ACCT203372,MERCH300120,deposit,253.95,in_person,2024-03-15 08:26:25,approved,False
TXN20240315002464,ACCT206359,MERCH300162,purchase,18.17,web,2024-03-15 10:26:02,declined,False
TXN20240315002465,ACCT202420,MERCH300267,purchase,19.04,mobile,2024-03-15 15:01:55,approved,False
TXN20240315002466,ACCT200980,MERCH300173,purchase,17.99,web,2024-03-15 23:19:12,approved,False
TXN20240315002467,ACCT203221,MERCH300175,purchase,5.76,in_person,2024-03-15 02:44:08,approved,False
TXN20240315002468,ACCT205231,MERCH300086,purchase,134.41,web,2024-03-15 11:36:44,approved,False
TXN20240315002469,ACCT201156,MERCH300132,purchase,181.94,mobile,2024-03-15 01:12:11,approved,False
TXN20240315002470,ACCT200309,MERCH300031,transfer,13.65,in_person,2024-03-15 20:47:33,approved,False
TXN20240315002471,ACCT206341,MERCH300044,purchase,31.39,web,2024-03-15 12:00:12,approved,False
TXN20240315002472,ACCT200377,MERCH300072,withdrawal,34.18,atm,2024-03-15 18:33:34,approved,False
TXN20240315002473,ACCT204300,MERCH300222,purchase,47.16,mobile,2024-03-15 18:01:54,approved,False
TXN20240315002474,ACCT204370,MERCH300076,deposit,31.18,in_person,2024-03-15 20:00:14,approved,False
TXN20240315002475,ACCT202798,MERCH300033,deposit,10.86,atm,2024-03-15 07:08:55,approved,False
TXN20240315002476,ACCT200102,MERCH300060,purchase,37.78,web,2024-03-15 18:55:37,approved,False
TXN20240315002477,ACCT203517,MERCH300167,purchase,28.11,in_person,2024-03-15 06:48:33,approved,False
TXN20240315002478,ACCT201514,MERCH300246,withdrawal,58.51,web,2024-03-15 13:16:17,approved,False
TXN20240315002479,ACCT206148,MERCH300051,purchase,15.87,web,2024-03-15 16:56:41,approved,False
TXN20240315002480,ACCT201897,MERCH300104,purchase,232.49,in_person,2024-03-15 01:31:17,approved,True
TXN20240315002481,ACCT203108,MERCH300182,purchase,31.33,atm,2024-03-15 07:45:55,approved,False
TXN20240315002482,ACCT200499,MERCH300040,purchase,12.4,web,2024-03-15 21:49:26,approved,False
TXN20240315002483,ACCT200322,MERCH300120,purchase,16.76,atm,2024-03-15 09:45:58,approved,False
TXN20240315002484,ACCT200427,MERCH300229,purchase,31.09,mobile,2024-03-15 05:22:37,approved,False
TXN20240315002485,ACCT202472,MERCH300045,purchase,57.67,in_person,2024-03-15 23:42:27,approved,False
TXN20240315002486,ACCT204927,MERCH300292,purchase,26.17,in_person,2024-03-15 03:48:42,approved,False
TXN20240315002487,ACCT206184,MERCH300192,purchase,20.12,mobile,2024-03-15 05:02:47,approved,False
TXN20240315002488,ACCT203225,MERCH300035,deposit,22.87,mobile,2024-03-15 13:35:16,approved,False
TXN20240315002489,ACCT202133,MERCH300273,purchase,99.87,web,2024-03-15 09:03:04,approved,False
TXN20240315002490,ACCT205603,MERCH300063,deposit,62.63,web,2024-03-15 04:16:20,declined,False
TXN20240315002491,ACCT204550,MERCH300024,purchase,12.65,mobile,2024-03-15 07:37:51,approved,False
TXN20240315002492,ACCT205810,MERCH300227,purchase,41.32,in_person,2024-03-15 03:49:29,approved,False
TXN20240315002493,ACCT201362,MERCH300110,purchase,8.88,mobile,2024-03-15 12:25:42,approved,False
TXN20240315002494,ACCT205471,MERCH300227,purchase,42.86,in_person,2024-03-15 04:01:02,approved,False
TXN20240315002495,ACCT206244,MERCH300177,purchase,19.39,atm,2024-03-15 23:46:57,approved,False
TXN20240315002496,ACCT206452,MERCH300003,purchase,76.49,web,2024-03-15 08:29:30,approved,False
TXN20240315002497,ACCT204844,MERCH300174,purchase,35.98,web,2024-03-15 10:14:12,approved,False
TXN20240315002498,ACCT203048,MERCH300245,deposit,79.26,in_person,2024-03-15 11:18:31,approved,False
TXN20240315002499,ACCT203453,MERCH300217,purchase,31.36,mobile,2024-03-15 17:11:03,approved,False
TXN20240315002500,ACCT205455,MERCH300283,purchase,132.43,in_person,2024-03-15 05:36:36,approved,False
TXN20240315002501,ACCT206117,MERCH300036,purchase,30.45,mobile,2024-03-15 16:05:11,approved,False
TXN20240315002502,ACCT201971,MERCH300137,transfer,21.13,mobile,2024-03-15 03:35:12,approved,False
TXN20240315002503,ACCT201783,MERCH300187,purchase,130.99,in_person,2024-03-15 16:08:54,approved,False
TXN20240315002504,ACCT201899,MERCH300025,withdrawal,16.21,in_person,2024-03-15 22:23:28,approved,False
TXN20240315002505,ACCT200521,MERCH300150,purchase,49.01,web,2024-03-15 04:15:34,approved,False
TXN20240315002506,ACCT200857,MERCH300147,purchase,9.27,in_person,2024-03-15 15:27:19,approved,False
TXN20240315002507,ACCT200690,MERCH300145,purchase,132.07,mobile,2024-03-15 12:20:20,approved,False
TXN20240315002508,ACCT204126,MERCH300111,purchase,16.58,atm,2024-03-15 22:40:05,approved,False
TXN20240315002509,ACCT204867,MERCH300184,purchase,7.3,web,2024-03-15 10:28:12,approved,False
TXN20240315002510,ACCT205769,MERCH300060,purchase,141.62,in_person,2024-03-15 22:36:41,approved,False
TXN20240315002511,ACCT205459,MERCH300244,purchase,89.8,in_person,2024-03-15 00:50:30,approved,False
TXN20240315002512,ACCT201308,MERCH300239,purchase,59.12,in_person,2024-03-15 17:58:30,approved,False
TXN20240315002513,ACCT202210,MERCH300242,purchase,65.81,in_person,2024-03-15 20:41:13,approved,False
TXN20240315002514,ACCT203947,MERCH300284,purchase,37.58,in_person,2024-03-15 05:24:27,approved,False
TXN20240315002515,ACCT202790,MERCH300161,purchase,9.26,web,2024-03-15 15:01:11,approved,False
TXN20240315002516,ACCT203835,MERCH300204,purchase,14.83,web,2024-03-15 19:14:27,approved,False
TXN20240315002517,ACCT206213,MERCH300163,transfer,78.64,web,2024-03-15 13:31:56,approved,False
TXN20240315002518,ACCT205646,MERCH300120,purchase,60.61,in_person,2024-03-15 05:52:34,approved,False
TXN20240315002519,ACCT205822,MERCH300204,transfer,7.92,in_person,2024-03-15 23:44:04,approved,False
TXN20240315002520,ACCT202246,MERCH300085,deposit,46.45,in_person,2024-03-15 14:01:50,approved,False
TXN20240315002521,ACCT202986,MERCH300225,transfer,13.29,atm,2024-03-15 17:37:42,approved,False
TXN20240315002522,ACCT202481,MERCH300043,purchase,9.83,in_person,2024-03-15 04:39:30,approved,False
TXN20240315002523,ACCT202643,MERCH300087,deposit,23.45,web,2024-03-15 09:04:59,approved,False
TXN20240315002524,ACCT204940,MERCH300117,purchase,69.57,web,2024-03-15 11:09:11,approved,False
TXN20240315002525,ACCT202925,MERCH300129,purchase,65.74,web,2024-03-15 06:06:57,approved,False
TXN20240315002526,ACCT202441,MERCH300266,withdrawal,8.08,in_person,2024-03-15 19:55:19,approved,False
TXN20240315002527,ACCT205545,MERCH300071,purchase,70.12,in_person,2024-03-15 15:44:03,approved,False
TXN20240315002528,ACCT200008,MERCH300190,transfer,168.99,in_person,2024-03-15 15:31:42,approved,False
TXN20240315002529,ACCT200866,MERCH300285,purchase,18.17,web,2024-03-15 19:36:34,approved,False
TXN20240315002530,ACCT203121,MERCH300125,transfer,154.44,atm,2024-03-15 21:30:15,approved,False
TXN20240315002531,ACCT201684,MERCH300093,purchase,117.52,web,2024-03-15 06:58:39,approved,False
TXN20240315002532,ACCT205975,MERCH300212,withdrawal,200.5,in_person,2024-03-15 18:37:29,approved,False
TXN20240315002533,ACCT205405,MERCH300249,withdrawal,31.3,mobile,2024-03-15 22:41:45,approved,False
TXN20240315002534,ACCT201602,MERCH300212,purchase,3.12,in_person,2024-03-15 02:14:03,approved,False
TXN20240315002535,ACCT204243,MERCH300044,transfer,39.69,web,2024-03-15 16:49:28,approved,False
TXN20240315002536,ACCT201362,MERCH300167,purchase,59.93,web,2024-03-15 09:49:31,reversed,False
TXN20240315002537,ACCT202515,MERCH300278,purchase,20.44,mobile,2024-03-15 10:40:35,approved,False
TXN20240315002538,ACCT203228,MERCH300003,withdrawal,5.85,web,2024-03-15 13:22:59,approved,False
TXN20240315002539,ACCT205477,MERCH300151,purchase,60.16,in_person,2024-03-15 05:46:35,approved,False
TXN20240315002540,ACCT202361,MERCH300230,purchase,10.05,mobile,2024-03-15 02:12:37,approved,False
TXN20240315002541,ACCT205569,MERCH300234,purchase,20.13,web,2024-03-15 20:08:38,approved,False
TXN20240315002542,ACCT206443,MERCH300110,purchase,22.32,atm,2024-03-15 03:32:03,approved,False
TXN20240315002543,ACCT206446,MERCH300132,withdrawal,13.15,mobile,2024-03-15 06:06:23,approved,False
TXN20240315002544,ACCT205969,MERCH300154,purchase,45.8,web,2024-03-15 20:24:40,approved,False
TXN20240315002545,ACCT204650,MERCH300289,purchase,54.77,in_person,2024-03-15 01:41:50,approved,False
TXN20240315002546,ACCT201008,MERCH300125,purchase,29.08,mobile,2024-03-15 05:42:18,approved,False
TXN20240315002547,ACCT205726,MERCH300124,purchase,10.06,mobile,2024-03-15 19:50:48,approved,False
TXN20240315002548,ACCT202677,MERCH300030,transfer,109.86,web,2024-03-15 04:31:26,approved,False
TXN20240315002549,ACCT206085,MERCH300022,purchase,43.75,web,2024-03-15 15:48:24,reversed,False
TXN20240315002550,ACCT201896,MERCH300151,purchase,9.4,web,2024-03-15 00:48:59,approved,False
TXN20240315002551,ACCT203818,MERCH300024,transfer,80.17,mobile,2024-03-15 00:43:07,approved,False
TXN20240315002552,ACCT202689,MERCH300171,purchase,11.89,mobile,2024-03-15 18:42:16,approved,False
TXN20240315002553,ACCT201888,MERCH300072,purchase,115.65,atm,2024-03-15 22:56:45,approved,False
TXN20240315002554,ACCT203509,MERCH300209,withdrawal,41.48,mobile,2024-03-15 17:01:16,approved,False
TXN20240315002555,ACCT205865,MERCH300243,purchase,25.1,in_person,2024-03-15 18:02:46,approved,False
TXN20240315002556,ACCT203066,MERCH300196,purchase,25.72,web,2024-03-15 06:14:18,approved,False
TXN20240315002557,ACCT205531,MERCH300027,purchase,141.08,web,2024-03-15 17:03:00,approved,False
TXN20240315002558,ACCT202900,MERCH300184,purchase,34.93,web,2024-03-15 19:10:47,approved,False
TXN20240315002559,ACCT201591,MERCH300221,purchase,60.75,mobile,2024-03-15 17:20:19,approved,False
TXN20240315002560,ACCT200495,MERCH300222,purchase,15.11,in_person,2024-03-15 09:19:42,approved,False
TXN20240315002561,ACCT204974,MERCH300079,deposit,13.76,atm,2024-03-15 07:18:24,approved,False
TXN20240315002562,ACCT202188,MERCH300062,withdrawal,18.61,web,2024-03-15 10:54:36,approved,False
TXN20240315002563,ACCT203122,MERCH300184,transfer,17.1,mobile,2024-03-15 00:06:59,approved,False
TXN20240315002564,ACCT205623,MERCH300256,transfer,9.43,web,2024-03-15 17:18:43,approved,False
TXN20240315002565,ACCT206262,MERCH300006,purchase,31.2,mobile,2024-03-15 03:27:00,declined,False
TXN20240315002566,ACCT200778,MERCH300219,purchase,7.09,web,2024-03-15 14:02:34,approved,False
TXN20240315002567,ACCT200762,MERCH300189,deposit,69.99,in_person,2024-03-15 14:25:14,approved,False
TXN20240315002568,ACCT204845,MERCH300290,purchase,24.96,web,2024-03-15 22:34:10,approved,False
TXN20240315002569,ACCT201231,MERCH300169,withdrawal,26.71,web,2024-03-15 19:14:41,approved,False
TXN20240315002570,ACCT203347,MERCH300028,transfer,12.1,mobile,2024-03-15 16:56:52,approved,False
TXN20240315002571,ACCT204993,MERCH300156,purchase,106.15,mobile,2024-03-15 13:04:45,approved,False
TXN20240315002572,ACCT202400,MERCH300042,transfer,13.22,mobile,2024-03-15 01:12:28,approved,False
TXN20240315002573,ACCT204787,MERCH300201,withdrawal,70.14,in_person,2024-03-15 16:48:32,approved,False
TXN20240315002574,ACCT205285,MERCH300202,purchase,135.81,in_person,2024-03-15 10:48:23,approved,False
TXN20240315002575,ACCT201839,MERCH300003,purchase,27.49,atm,2024-03-15 20:16:50,approved,False
TXN20240315002576,ACCT200160,MERCH300201,purchase,75.67,in_person,2024-03-15 22:36:47,approved,False
TXN20240315002577,ACCT206060,MERCH300153,purchase,3.98,in_person,2024-03-15 19:53:53,approved,False
TXN20240315002578,ACCT205101,MERCH300169,purchase,150.06,in_person,2024-03-15 12:02:40,approved,False
TXN20240315002579,ACCT205079,MERCH300182,purchase,43.7,in_person,2024-03-15 18:27:48,approved,False
TXN20240315002580,ACCT201616,MERCH300053,transfer,138.93,in_person,2024-03-15 00:38:02,reversed,False
TXN20240315002581,ACCT205167,MERCH300172,purchase,50.03,atm,2024-03-15 04:33:16,approved,False
TXN20240315002582,ACCT200668,MERCH300138,purchase,199.02,in_person,2024-03-15 09:39:33,approved,False
TXN20240315002583,ACCT204796,MERCH300041,purchase,20.75,mobile,2024-03-15 13:20:03,approved,False
TXN20240315002584,ACCT203515,MERCH300195,purchase,27.47,mobile,2024-03-15 05:17:39,approved,False
TXN20240315002585,ACCT200769,MERCH300172,purchase,14.64,mobile,2024-03-15 12:59:09,approved,False
TXN20240315002586,ACCT202178,MERCH300252,purchase,17.76,in_person,2024-03-15 02:59:09,approved,False
TXN20240315002587,ACCT202098,MERCH300003,purchase,29.96,in_person,2024-03-15 19:43:16,approved,False
TXN20240315002588,ACCT201703,MERCH300147,purchase,153.21,web,2024-03-15 11:01:02,approved,False
TXN20240315002589,ACCT204893,MERCH300189,purchase,54.98,in_person,2024-03-15 09:21:18,approved,False
TXN20240315002590,ACCT206028,MERCH300299,deposit,158.86,in_person,2024-03-15 06:25:31,approved,False
TXN20240315002591,ACCT200668,MERCH300210,purchase,86.09,web,2024-03-15 21:56:23,approved,False
TXN20240315002592,ACCT204921,MERCH300190,deposit,10.4,web,2024-03-15 12:02:43,approved,False
TXN20240315002593,ACCT205024,MERCH300194,withdrawal,80.33,in_person,2024-03-15 18:44:27,approved,False
TXN20240315002594,ACCT203743,MERCH300229,deposit,49.02,in_person,2024-03-15 12:36:47,approved,False
TXN20240315002595,ACCT206361,MERCH300250,withdrawal,10.46,in_person,2024-03-15 00:59:19,approved,False
TXN20240315002596,ACCT204198,MERCH300285,purchase,102.01,atm,2024-03-15 12:08:19,approved,False
TXN20240315002597,ACCT201435,MERCH300130,purchase,121.43,in_person,2024-03-15 12:28:11,approved,False
TXN20240315002598,ACCT203832,MERCH300090,transfer,317.23,in_person,2024-03-15 03:31:21,approved,False
TXN20240315002599,ACCT205564,MERCH300120,transfer,148.16,mobile,2024-03-15 01:19:52,approved,False
TXN20240315002600,ACCT204020,MERCH300260,transfer,13.1,in_person,2024-03-15 02:10:38,approved,False
TXN20240315002601,ACCT206261,MERCH300150,purchase,35.13,web,2024-03-15 01:45:55,approved,False
TXN20240315002602,ACCT202866,MERCH300237,transfer,45.17,in_person,2024-03-15 16:52:04,approved,False
TXN20240315002603,ACCT203614,MERCH300046,withdrawal,4.93,web,2024-03-15 12:32:08,approved,False
TXN20240315002604,ACCT205692,MERCH300108,purchase,132.75,in_person,2024-03-15 03:09:39,approved,False
TXN20240315002605,ACCT204523,MERCH300094,purchase,17.49,mobile,2024-03-15 16:16:09,approved,False
TXN20240315002606,ACCT206181,MERCH300094,withdrawal,48.19,web,2024-03-15 12:03:48,approved,False
TXN20240315002607,ACCT201260,MERCH300284,deposit,23.93,in_person,2024-03-15 21:31:15,approved,False
TXN20240315002608,ACCT206014,MERCH300014,transfer,12.61,in_person,2024-03-15 22:37:09,declined,False
TXN20240315002609,ACCT206474,MERCH300012,purchase,60.28,mobile,2024-03-15 14:12:40,approved,False
TXN20240315002610,ACCT204288,MERCH300120,purchase,82.97,web,2024-03-15 16:00:26,declined,False
TXN20240315002611,ACCT201655,MERCH300015,purchase,9.08,web,2024-03-15 09:57:42,approved,False
TXN20240315002612,ACCT201863,MERCH300195,purchase,77.83,in_person,2024-03-15 23:28:14,approved,False
TXN20240315002613,ACCT204694,MERCH300105,purchase,96.49,web,2024-03-15 06:54:27,approved,False
TXN20240315002614,ACCT203841,MERCH300049,purchase,17.88,web,2024-03-15 06:05:10,approved,False
TXN20240315002615,ACCT206226,MERCH300139,deposit,18.24,in_person,2024-03-15 02:47:02,approved,False
TXN20240315002616,ACCT203404,MERCH300238,purchase,134.67,web,2024-03-15 00:43:27,approved,False
TXN20240315002617,ACCT200175,MERCH300201,purchase,9.6,atm,2024-03-15 22:39:42,approved,False
TXN20240315002618,ACCT205843,MERCH300063,purchase,81.8,mobile,2024-03-15 20:48:25,approved,False
TXN20240315002619,ACCT200770,MERCH300248,purchase,29.74,in_person,2024-03-15 04:05:53,approved,False
TXN20240315002620,ACCT205148,MERCH300262,purchase,51.88,atm,2024-03-15 09:34:07,approved,False
TXN20240315002621,ACCT206198,MERCH300014,purchase,31.54,mobile,2024-03-15 22:41:59,approved,False
TXN20240315002622,ACCT205504,MERCH300107,purchase,159.26,in_person,2024-03-15 09:24:05,approved,False
TXN20240315002623,ACCT204056,MERCH300192,purchase,169.16,in_person,2024-03-15 02:29:16,approved,False
TXN20240315002624,ACCT202591,MERCH300136,purchase,82.89,in_person,2024-03-15 14:25:07,approved,False
TXN20240315002625,ACCT204705,MERCH300165,purchase,131.81,mobile,2024-03-15 04:13:25,approved,False
TXN20240315002626,ACCT202474,MERCH300143,purchase,67.28,web,2024-03-15 19:15:52,approved,False
TXN20240315002627,ACCT202990,MERCH300058,purchase,609.99,in_person,2024-03-15 03:25:47,approved,False
TXN20240315002628,ACCT203920,MERCH300242,purchase,132.7,mobile,2024-03-15 00:38:05,approved,False
TXN20240315002629,ACCT204883,MERCH300061,deposit,437.67,web,2024-03-15 07:11:29,approved,False
TXN20240315002630,ACCT202579,MERCH300201,purchase,24.75,mobile,2024-03-15 02:46:54,approved,False
TXN20240315002631,ACCT201618,MERCH300226,deposit,44.13,web,2024-03-15 03:38:07,approved,False
TXN20240315002632,ACCT206054,MERCH300039,purchase,101.6,mobile,2024-03-15 21:40:31,approved,False
TXN20240315002633,ACCT201220,MERCH300285,withdrawal,26.88,web,2024-03-15 00:04:34,approved,False
TXN20240315002634,ACCT202602,MERCH300098,purchase,60.47,web,2024-03-15 23:32:33,approved,False
TXN20240315002635,ACCT205641,MERCH300253,purchase,39.57,web,2024-03-15 11:24:35,approved,False
TXN20240315002636,ACCT206276,MERCH300143,purchase,161.67,web,2024-03-15 00:19:50,approved,True
TXN20240315002637,ACCT202115,MERCH300210,purchase,123.57,mobile,2024-03-15 12:50:13,approved,False
TXN20240315002638,ACCT201596,MERCH300239,purchase,6.98,in_person,2024-03-15 07:35:55,approved,False
TXN20240315002639,ACCT203723,MERCH300040,purchase,47.88,in_person,2024-03-15 15:17:13,approved,False
TXN20240315002640,ACCT202108,MERCH300176,purchase,5.08,mobile,2024-03-15 18:14:52,approved,False
TXN20240315002641,ACCT204429,MERCH300028,purchase,87.14,web,2024-03-15 10:18:32,approved,False
TXN20240315002642,ACCT204467,MERCH300219,withdrawal,51.28,web,2024-03-15 23:47:56,approved,False
TXN20240315002643,ACCT204784,MERCH300139,purchase,217.54,mobile,2024-03-15 15:52:07,approved,False
TXN20240315002644,ACCT204075,MERCH300200,deposit,48.95,atm,2024-03-15 21:52:18,approved,False
TXN20240315002645,ACCT206328,MERCH300291,purchase,81.38,in_person,2024-03-15 21:16:47,approved,False
TXN20240315002646,ACCT205132,MERCH300048,transfer,14.69,atm,2024-03-15 19:53:03,approved,False
TXN20240315002647,ACCT200987,MERCH300044,purchase,28.06,web,2024-03-15 19:42:48,approved,False
TXN20240315002648,ACCT204187,MERCH300169,purchase,15.83,mobile,2024-03-15 23:04:37,approved,False
TXN20240315002649,ACCT204100,MERCH300179,purchase,51.52,atm,2024-03-15 02:55:14,approved,False
TXN20240315002650,ACCT205258,MERCH300063,purchase,322.66,web,2024-03-15 03:03:30,approved,False
TXN20240315002651,ACCT203304,MERCH300004,deposit,60.18,atm,2024-03-15 07:17:24,approved,False
TXN20240315002652,ACCT205797,MERCH300175,purchase,36.67,web,2024-03-15 15:45:52,approved,False
TXN20240315002653,ACCT202549,MERCH300215,purchase,39.45,mobile,2024-03-15 05:50:44,approved,False
TXN20240315002654,ACCT201149,MERCH300197,purchase,56.91,mobile,2024-03-15 11:53:26,approved,False
TXN20240315002655,ACCT202843,MERCH300265,purchase,2.71,in_person,2024-03-15 16:01:11,approved,False
TXN20240315002656,ACCT203035,MERCH300163,transfer,115.93,in_person,2024-03-15 03:22:21,approved,False
TXN20240315002657,ACCT202135,MERCH300251,purchase,26.83,web,2024-03-15 06:40:24,approved,False
TXN20240315002658,ACCT205436,MERCH300011,purchase,43.34,web,2024-03-15 10:10:11,approved,False
TXN20240315002659,ACCT202367,MERCH300189,purchase,33.17,mobile,2024-03-15 21:30:42,approved,False
TXN20240315002660,ACCT205475,MERCH300126,purchase,27.83,web,2024-03-15 21:50:30,reversed,False
TXN20240315002661,ACCT202851,MERCH300263,transfer,11.14,mobile,2024-03-15 07:44:52,approved,False
TXN20240315002662,ACCT205365,MERCH300264,withdrawal,13.85,mobile,2024-03-15 11:20:36,approved,False
TXN20240315002663,ACCT205680,MERCH300021,purchase,173.11,in_person,2024-03-15 15:05:48,approved,False
TXN20240315002664,ACCT201828,MERCH300150,purchase,28.46,in_person,2024-03-15 12:30:20,approved,False
TXN20240315002665,ACCT201271,MERCH300227,purchase,12.26,web,2024-03-15 02:15:31,approved,False
TXN20240315002666,ACCT203283,MERCH300258,purchase,24.34,web,2024-03-15 21:20:32,approved,False
TXN20240315002667,ACCT204772,MERCH300138,withdrawal,13.21,atm,2024-03-15 23:08:53,approved,False
TXN20240315002668,ACCT200808,MERCH300227,purchase,22.9,mobile,2024-03-15 12:05:52,approved,False
TXN20240315002669,ACCT203485,MERCH300197,purchase,74.58,mobile,2024-03-15 04:49:34,approved,False
TXN20240315002670,ACCT200203,MERCH300048,purchase,69.71,atm,2024-03-15 09:27:07,approved,False
TXN20240315002671,ACCT201542,MERCH300089,purchase,86.6,mobile,2024-03-15 03:16:42,approved,False
TXN20240315002672,ACCT206249,MERCH300241,purchase,19.65,in_person,2024-03-15 22:35:01,approved,False
TXN20240315002673,ACCT201326,MERCH300214,purchase,24.2,in_person,2024-03-15 15:13:23,approved,False
TXN20240315002674,ACCT202218,MERCH300022,withdrawal,8.78,in_person,2024-03-15 16:26:00,approved,False
TXN20240315002675,ACCT205000,MERCH300086,purchase,49.37,web,2024-03-15 12:32:19,approved,False
TXN20240315002676,ACCT205469,MERCH300162,purchase,26.38,web,2024-03-15 09:09:43,approved,False
TXN20240315002677,ACCT204974,MERCH300096,deposit,18.03,mobile,2024-03-15 12:06:13,approved,False
TXN20240315002678,ACCT200180,MERCH300013,deposit,20.7,web,2024-03-15 10:24:45,approved,False
TXN20240315002679,ACCT206411,MERCH300074,purchase,42.37,in_person,2024-03-15 06:42:21,approved,False
TXN20240315002680,ACCT204964,MERCH300049,purchase,93.93,web,2024-03-15 12:06:00,approved,False
TXN20240315002681,ACCT200820,MERCH300132,purchase,9.84,in_person,2024-03-15 20:53:04,approved,False
TXN20240315002682,ACCT206020,MERCH300119,transfer,17.31,web,2024-03-15 00:38:26,approved,False
TXN20240315002683,ACCT200485,MERCH300261,purchase,26.85,in_person,2024-03-15 07:30:48,approved,False
TXN20240315002684,ACCT204136,MERCH300218,purchase,24.26,mobile,2024-03-15 00:15:34,approved,False
TXN20240315002685,ACCT205661,MERCH300288,transfer,141.72,mobile,2024-03-15 06:41:48,approved,False
TXN20240315002686,ACCT203991,MERCH300003,deposit,121.36,in_person,2024-03-15 06:43:20,declined,False
TXN20240315002687,ACCT205306,MERCH300074,purchase,18.87,mobile,2024-03-15 22:31:16,approved,False
TXN20240315002688,ACCT205760,MERCH300089,purchase,21.25,web,2024-03-15 21:36:03,approved,False
TXN20240315002689,ACCT202810,MERCH300087,purchase,71.21,in_person,2024-03-15 16:51:28,declined,False
TXN20240315002690,ACCT204763,MERCH300124,transfer,28.08,in_person,2024-03-15 13:36:02,approved,False
TXN20240315002691,ACCT201653,MERCH300052,purchase,56.82,mobile,2024-03-15 04:13:05,approved,False
TXN20240315002692,ACCT205817,MERCH300213,purchase,29.91,in_person,2024-03-15 15:09:39,approved,False
TXN20240315002693,ACCT205703,MERCH300078,purchase,17.33,in_person,2024-03-15 19:20:44,approved,False
TXN20240315002694,ACCT202806,MERCH300069,purchase,144.95,atm,2024-03-15 16:50:58,approved,False
TXN20240315002695,ACCT201977,MERCH300078,purchase,73.84,in_person,2024-03-15 00:11:18,declined,False
TXN20240315002696,ACCT206354,MERCH300198,purchase,27.93,in_person,2024-03-15 11:50:48,approved,False
TXN20240315002697,ACCT202720,MERCH300142,purchase,27.35,in_person,2024-03-15 12:54:49,approved,False
TXN20240315002698,ACCT204262,MERCH300200,purchase,85.46,mobile,2024-03-15 01:07:18,approved,False
TXN20240315002699,ACCT200835,MERCH300070,purchase,35.51,in_person,2024-03-15 08:33:23,approved,False
TXN20240315002700,ACCT204789,MERCH300008,purchase,76.06,web,2024-03-15 09:44:24,approved,False
TXN20240315002701,ACCT203602,MERCH300293,purchase,18.82,in_person,2024-03-15 21:31:12,approved,False
TXN20240315002702,ACCT202298,MERCH300115,purchase,68.06,in_person,2024-03-15 17:37:22,approved,False
TXN20240315002703,ACCT200344,MERCH300274,purchase,28.57,mobile,2024-03-15 13:14:29,approved,False
TXN20240315002704,ACCT202363,MERCH300091,transfer,38.57,web,2024-03-15 01:38:15,approved,False
TXN20240315002705,ACCT203469,MERCH300119,purchase,28.5,mobile,2024-03-15 19:18:28,approved,False
TXN20240315002706,ACCT200761,MERCH300114,purchase,181.39,mobile,2024-03-15 14:02:33,approved,False
TXN20240315002707,ACCT201946,MERCH300066,transfer,14.22,mobile,2024-03-15 00:31:32,approved,False
TXN20240315002708,ACCT203353,MERCH300016,purchase,12.77,mobile,2024-03-15 09:45:54,approved,False
TXN20240315002709,ACCT205107,MERCH300179,purchase,34.12,in_person,2024-03-15 11:50:07,approved,False
TXN20240315002710,ACCT205488,MERCH300005,deposit,151.13,in_person,2024-03-15 20:00:28,approved,True
TXN20240315002711,ACCT206363,MERCH300051,transfer,13.62,mobile,2024-03-15 14:39:47,approved,False
TXN20240315002712,ACCT200077,MERCH300222,transfer,17.13,web,2024-03-15 15:44:02,approved,False
TXN20240315002713,ACCT201388,MERCH300167,deposit,19.0,in_person,2024-03-15 03:45:30,approved,False
TXN20240315002714,ACCT200082,MERCH300014,withdrawal,2.87,in_person,2024-03-15 20:08:59,approved,False
TXN20240315002715,ACCT201855,MERCH300146,deposit,78.34,web,2024-03-15 23:01:29,approved,False
TXN20240315002716,ACCT202017,MERCH300087,purchase,13.23,mobile,2024-03-15 18:32:14,approved,False
TXN20240315002717,ACCT205315,MERCH300281,transfer,113.72,in_person,2024-03-15 22:37:19,approved,False
TXN20240315002718,ACCT204704,MERCH300137,purchase,58.41,web,2024-03-15 10:59:52,approved,False
TXN20240315002719,ACCT202775,MERCH300281,purchase,17.81,web,2024-03-15 19:01:15,approved,False
TXN20240315002720,ACCT202717,MERCH300263,withdrawal,43.76,web,2024-03-15 14:32:17,approved,False
TXN20240315002721,ACCT201111,MERCH300156,purchase,23.52,web,2024-03-15 20:54:55,approved,False
TXN20240315002722,ACCT203251,MERCH300140,purchase,15.89,in_person,2024-03-15 04:48:07,approved,False
TXN20240315002723,ACCT200758,MERCH300292,purchase,11.51,web,2024-03-15 16:13:14,approved,False
TXN20240315002724,ACCT202429,MERCH300066,purchase,4.15,mobile,2024-03-15 18:10:10,approved,False
TXN20240315002725,ACCT204287,MERCH300248,deposit,17.98,atm,2024-03-15 03:11:07,approved,False
TXN20240315002726,ACCT204487,MERCH300298,purchase,18.05,in_person,2024-03-15 08:57:59,approved,False
TXN20240315002727,ACCT200011,MERCH300185,purchase,25.69,in_person,2024-03-15 09:08:19,reversed,False
TXN20240315002728,ACCT201851,MERCH300285,purchase,67.96,in_person,2024-03-15 07:51:35,approved,False
TXN20240315002729,ACCT202603,MERCH300036,purchase,31.08,in_person,2024-03-15 08:52:40,declined,False
TXN20240315002730,ACCT206084,MERCH300130,transfer,10.18,mobile,2024-03-15 09:06:12,declined,False
TXN20240315002731,ACCT204606,MERCH300105,purchase,90.23,mobile,2024-03-15 17:12:41,approved,False
TXN20240315002732,ACCT203473,MERCH300284,transfer,37.34,mobile,2024-03-15 19:54:45,approved,False
TXN20240315002733,ACCT204903,MERCH300017,purchase,82.23,mobile,2024-03-15 06:06:00,approved,False
TXN20240315002734,ACCT201472,MERCH300050,purchase,63.86,mobile,2024-03-15 04:39:37,declined,False
TXN20240315002735,ACCT200197,MERCH300249,purchase,33.51,web,2024-03-15 15:08:53,approved,False
TXN20240315002736,ACCT202942,MERCH300224,transfer,129.22,mobile,2024-03-15 08:41:14,approved,False
TXN20240315002737,ACCT205425,MERCH300147,deposit,133.46,mobile,2024-03-15 13:04:41,approved,False
TXN20240315002738,ACCT204859,MERCH300023,withdrawal,118.62,mobile,2024-03-15 09:46:12,approved,False
TXN20240315002739,ACCT204802,MERCH300145,purchase,36.63,web,2024-03-15 08:48:37,approved,False
TXN20240315002740,ACCT203869,MERCH300074,purchase,161.56,web,2024-03-15 08:02:51,approved,False
TXN20240315002741,ACCT205305,MERCH300074,transfer,15.81,in_person,2024-03-15 03:23:13,approved,False
TXN20240315002742,ACCT203896,MERCH300003,purchase,4.45,mobile,2024-03-15 10:25:31,approved,False
TXN20240315002743,ACCT205171,MERCH300186,deposit,169.26,atm,2024-03-15 23:39:03,approved,False
TXN20240315002744,ACCT201943,MERCH300145,purchase,48.5,in_person,2024-03-15 21:07:32,approved,False
TXN20240315002745,ACCT203834,MERCH300005,purchase,35.15,web,2024-03-15 04:21:40,declined,False
TXN20240315002746,ACCT202440,MERCH300147,purchase,29.33,mobile,2024-03-15 20:21:15,approved,False
TXN20240315002747,ACCT205836,MERCH300280,purchase,13.98,in_person,2024-03-15 06:51:56,approved,False
TXN20240315002748,ACCT201894,MERCH300186,purchase,46.31,mobile,2024-03-15 07:36:34,approved,False
TXN20240315002749,ACCT201826,MERCH300068,purchase,56.0,mobile,2024-03-15 13:38:39,approved,False
TXN20240315002750,ACCT204223,MERCH300107,purchase,38.26,in_person,2024-03-15 13:53:30,approved,False
TXN20240315002751,ACCT201919,MERCH300090,purchase,27.26,mobile,2024-03-15 19:50:36,approved,False
TXN20240315002752,ACCT202045,MERCH300056,purchase,34.58,atm,2024-03-15 02:19:02,approved,False
TXN20240315002753,ACCT204465,MERCH300042,purchase,30.88,in_person,2024-03-15 13:57:02,approved,False
TXN20240315002754,ACCT201359,MERCH300150,purchase,10.94,in_person,2024-03-15 06:34:51,approved,False
TXN20240315002755,ACCT200931,MERCH300192,purchase,112.86,web,2024-03-15 09:35:06,approved,False
TXN20240315002756,ACCT202370,MERCH300188,purchase,18.45,in_person,2024-03-15 09:53:15,approved,False
TXN20240315002757,ACCT205084,MERCH300091,transfer,54.48,in_person,2024-03-15 05:23:51,declined,False
TXN20240315002758,ACCT205838,MERCH300204,transfer,8.2,in_person,2024-03-15 06:13:15,approved,False
TXN20240315002759,ACCT206028,MERCH300229,transfer,58.8,web,2024-03-15 04:26:01,declined,False
TXN20240315002760,ACCT204835,MERCH300202,purchase,54.81,in_person,2024-03-15 17:39:57,approved,False
TXN20240315002761,ACCT200058,MERCH300220,withdrawal,41.9,web,2024-03-15 04:28:20,approved,False
TXN20240315002762,ACCT202695,MERCH300292,purchase,5.88,mobile,2024-03-15 12:23:59,approved,False
TXN20240315002763,ACCT200209,MERCH300130,transfer,52.44,atm,2024-03-15 16:05:16,approved,False
TXN20240315002764,ACCT204824,MERCH300098,purchase,32.75,in_person,2024-03-15 12:28:42,approved,False
TXN20240315002765,ACCT201232,MERCH300240,purchase,87.09,mobile,2024-03-15 02:52:33,approved,False
TXN20240315002766,ACCT201769,MERCH300124,purchase,29.02,in_person,2024-03-15 00:05:46,approved,False
TXN20240315002767,ACCT202078,MERCH300178,purchase,15.51,web,2024-03-15 22:22:29,approved,False
TXN20240315002768,ACCT205075,MERCH300140,purchase,24.83,in_person,2024-03-15 01:14:56,approved,False
TXN20240315002769,ACCT202213,MERCH300223,purchase,45.73,mobile,2024-03-15 10:39:54,reversed,False
TXN20240315002770,ACCT200887,MERCH300290,purchase,32.53,in_person,2024-03-15 13:59:11,approved,False
TXN20240315002771,ACCT202987,MERCH300248,withdrawal,23.69,web,2024-03-15 22:54:21,approved,False
TXN20240315002772,ACCT204192,MERCH300053,purchase,49.02,in_person,2024-03-15 04:46:56,approved,False
TXN20240315002773,ACCT205864,MERCH300225,deposit,215.49,web,2024-03-15 10:55:56,approved,False
TXN20240315002774,ACCT202671,MERCH300140,transfer,105.06,mobile,2024-03-15 17:42:26,approved,False
TXN20240315002775,ACCT201990,MERCH300152,purchase,22.48,web,2024-03-15 23:17:39,approved,False
TXN20240315002776,ACCT203342,MERCH300181,withdrawal,49.77,atm,2024-03-15 00:48:36,approved,False
TXN20240315002777,ACCT201393,MERCH300086,deposit,17.54,mobile,2024-03-15 12:51:35,approved,False
TXN20240315002778,ACCT202328,MERCH300135,purchase,73.51,web,2024-03-15 04:03:43,approved,False
TXN20240315002779,ACCT204227,MERCH300091,deposit,20.93,in_person,2024-03-15 04:34:45,approved,False
TXN20240315002780,ACCT200103,MERCH300180,purchase,41.72,web,2024-03-15 10:51:29,approved,False
TXN20240315002781,ACCT203322,MERCH300173,purchase,28.05,mobile,2024-03-15 18:35:03,approved,False
TXN20240315002782,ACCT203183,MERCH300010,purchase,15.29,web,2024-03-15 06:25:01,approved,False
TXN20240315002783,ACCT200444,MERCH300202,transfer,99.84,in_person,2024-03-15 12:04:39,approved,False
TXN20240315002784,ACCT204410,MERCH300202,purchase,88.5,in_person,2024-03-15 21:08:06,approved,False
TXN20240315002785,ACCT201482,MERCH300214,purchase,55.64,mobile,2024-03-15 11:03:53,approved,False
TXN20240315002786,ACCT205458,MERCH300203,purchase,43.35,atm,2024-03-15 14:09:40,approved,False
TXN20240315002787,ACCT205819,MERCH300262,transfer,49.37,in_person,2024-03-15 19:38:09,approved,False
TXN20240315002788,ACCT202235,MERCH300038,withdrawal,5.1,mobile,2024-03-15 20:45:20,approved,False
TXN20240315002789,ACCT203925,MERCH300273,purchase,15.77,web,2024-03-15 12:04:54,approved,False
TXN20240315002790,ACCT206050,MERCH300107,purchase,31.26,in_person,2024-03-15 20:09:59,approved,False
TXN20240315002791,ACCT201461,MERCH300294,transfer,140.31,web,2024-03-15 05:19:40,approved,False
TXN20240315002792,ACCT201681,MERCH300100,purchase,42.29,in_person,2024-03-15 07:08:46,approved,False
TXN20240315002793,ACCT201473,MERCH300222,purchase,2.73,in_person,2024-03-15 05:59:28,approved,False
TXN20240315002794,ACCT202532,MERCH300128,transfer,18.12,web,2024-03-15 11:18:31,approved,False
TXN20240315002795,ACCT205058,MERCH300034,deposit,409.17,mobile,2024-03-15 05:26:42,approved,False
TXN20240315002796,ACCT201790,MERCH300014,transfer,59.24,web,2024-03-15 18:31:54,approved,False
TXN20240315002797,ACCT203253,MERCH300158,purchase,141.79,web,2024-03-15 09:23:41,approved,False
TXN20240315002798,ACCT205633,MERCH300156,withdrawal,30.34,web,2024-03-15 15:16:25,declined,False
TXN20240315002799,ACCT203041,MERCH300248,transfer,4.8,web,2024-03-15 00:44:29,approved,False
TXN20240315002800,ACCT205602,MERCH300188,deposit,15.41,web,2024-03-15 05:23:13,approved,False
TXN20240315002801,ACCT201380,MERCH300002,deposit,22.13,in_person,2024-03-15 22:51:54,approved,False
TXN20240315002802,ACCT204709,MERCH300112,transfer,31.94,in_person,2024-03-15 11:54:14,reversed,False
TXN20240315002803,ACCT205193,MERCH300205,purchase,23.87,web,2024-03-15 04:56:31,approved,False
TXN20240315002804,ACCT201013,MERCH300210,purchase,132.04,in_person,2024-03-15 23:42:55,approved,False
TXN20240315002805,ACCT206287,MERCH300078,purchase,50.18,mobile,2024-03-15 17:58:33,approved,False
TXN20240315002806,ACCT205360,MERCH300277,purchase,57.82,in_person,2024-03-15 03:03:14,approved,False
TXN20240315002807,ACCT204120,MERCH300243,transfer,5.31,in_person,2024-03-15 06:54:46,approved,False
TXN20240315002808,ACCT205412,MERCH300003,deposit,125.78,web,2024-03-15 09:25:07,approved,False
TXN20240315002809,ACCT200119,MERCH300017,deposit,276.35,atm,2024-03-15 20:06:04,approved,False
TXN20240315002810,ACCT203566,MERCH300248,deposit,193.06,in_person,2024-03-15 05:30:15,approved,False
TXN20240315002811,ACCT202655,MERCH300118,purchase,47.35,in_person,2024-03-15 01:56:43,approved,False
TXN20240315002812,ACCT200689,MERCH300165,purchase,27.12,mobile,2024-03-15 10:08:26,approved,False
TXN20240315002813,ACCT205012,MERCH300185,purchase,86.92,mobile,2024-03-15 22:06:05,approved,False
TXN20240315002814,ACCT202184,MERCH300104,purchase,54.17,web,2024-03-15 21:18:49,approved,False
TXN20240315002815,ACCT202076,MERCH300187,purchase,17.46,mobile,2024-03-15 10:07:36,approved,False
TXN20240315002816,ACCT204535,MERCH300202,purchase,80.19,atm,2024-03-15 12:05:02,approved,False
TXN20240315002817,ACCT205110,MERCH300223,transfer,21.84,atm,2024-03-15 09:56:39,approved,False
TXN20240315002818,ACCT204469,MERCH300257,purchase,41.79,mobile,2024-03-15 22:54:51,approved,False
TXN20240315002819,ACCT201973,MERCH300294,purchase,15.99,mobile,2024-03-15 18:41:13,approved,False
TXN20240315002820,ACCT203025,MERCH300180,purchase,39.31,web,2024-03-15 17:49:48,approved,False
TXN20240315002821,ACCT201950,MERCH300218,purchase,105.66,mobile,2024-03-15 02:59:43,approved,False
TXN20240315002822,ACCT202055,MERCH300206,purchase,6.3,in_person,2024-03-15 18:25:42,approved,False
TXN20240315002823,ACCT202254,MERCH300115,purchase,236.78,web,2024-03-15 03:58:03,approved,False
TXN20240315002824,ACCT202856,MERCH300228,withdrawal,29.75,in_person,2024-03-15 22:58:10,approved,False
TXN20240315002825,ACCT203017,MERCH300058,purchase,73.26,mobile,2024-03-15 07:21:28,approved,False
TXN20240315002826,ACCT203924,MERCH300088,purchase,23.34,mobile,2024-03-15 18:11:52,declined,False
TXN20240315002827,ACCT202618,MERCH300292,purchase,34.96,web,2024-03-15 23:19:19,approved,False
TXN20240315002828,ACCT201173,MERCH300209,withdrawal,168.39,web,2024-03-15 14:04:34,approved,False
TXN20240315002829,ACCT203164,MERCH300040,purchase,32.03,mobile,2024-03-15 14:08:33,approved,False
TXN20240315002830,ACCT200080,MERCH300013,purchase,34.7,atm,2024-03-15 20:14:40,approved,False
TXN20240315002831,ACCT206213,MERCH300039,withdrawal,60.08,web,2024-03-15 04:37:20,approved,False
TXN20240315002832,ACCT206091,MERCH300071,deposit,53.51,web,2024-03-15 01:27:27,approved,False
TXN20240315002833,ACCT204710,MERCH300269,transfer,21.07,mobile,2024-03-15 00:22:56,approved,False
TXN20240315002834,ACCT200014,MERCH300083,purchase,42.6,in_person,2024-03-15 15:39:02,approved,False
TXN20240315002835,ACCT205653,MERCH300291,transfer,13.34,web,2024-03-15 21:38:31,declined,False
TXN20240315002836,ACCT205112,MERCH300076,withdrawal,61.71,web,2024-03-15 20:06:49,approved,False
TXN20240315002837,ACCT206316,MERCH300061,purchase,13.82,in_person,2024-03-15 05:06:47,approved,False
TXN20240315002838,ACCT205015,MERCH300032,purchase,45.23,in_person,2024-03-15 01:13:36,approved,False
TXN20240315002839,ACCT203075,MERCH300256,purchase,17.49,web,2024-03-15 23:40:29,approved,False
TXN20240315002840,ACCT205043,MERCH300130,purchase,35.55,atm,2024-03-15 02:05:52,approved,False
TXN20240315002841,ACCT203802,MERCH300185,purchase,89.31,in_person,2024-03-15 14:24:47,approved,False
TXN20240315002842,ACCT205314,MERCH300198,purchase,78.72,web,2024-03-15 00:35:24,approved,False
TXN20240315002843,ACCT202312,MERCH300180,transfer,81.08,in_person,2024-03-15 15:01:28,declined,False
TXN20240315002844,ACCT204890,MERCH300108,purchase,88.57,in_person,2024-03-15 23:01:49,approved,False
TXN20240315002845,ACCT206091,MERCH300112,purchase,35.14,mobile,2024-03-15 17:55:08,approved,False
TXN20240315002846,ACCT206306,MERCH300262,purchase,33.8,web,2024-03-15 11:04:15,reversed,False
TXN20240315002847,ACCT202274,MERCH300079,purchase,17.0,in_person,2024-03-15 14:55:53,approved,False
TXN20240315002848,ACCT202227,MERCH300081,deposit,20.51,in_person,2024-03-15 13:35:03,approved,False
TXN20240315002849,ACCT205763,MERCH300217,deposit,120.69,web,2024-03-15 09:57:05,approved,False
TXN20240315002850,ACCT206036,MERCH300294,purchase,10.92,web,2024-03-15 12:06:54,approved,False
TXN20240315002851,ACCT202740,MERCH300258,withdrawal,60.7,web,2024-03-15 22:01:29,approved,False
TXN20240315002852,ACCT202967,MERCH300075,transfer,58.26,web,2024-03-15 21:20:03,approved,False
TXN20240315002853,ACCT204998,MERCH300060,transfer,24.01,web,2024-03-15 09:32:19,approved,False
TXN20240315002854,ACCT206267,MERCH300243,purchase,24.81,web,2024-03-15 04:35:36,approved,False
TXN20240315002855,ACCT205389,MERCH300116,transfer,147.84,web,2024-03-15 09:02:59,approved,False
TXN20240315002856,ACCT204186,MERCH300169,purchase,8.87,in_person,2024-03-15 03:45:05,approved,False
TXN20240315002857,ACCT201573,MERCH300115,purchase,59.72,web,2024-03-15 16:59:15,approved,False
TXN20240315002858,ACCT202114,MERCH300294,deposit,117.29,in_person,2024-03-15 16:01:36,approved,False
TXN20240315002859,ACCT202467,MERCH300267,purchase,6.71,web,2024-03-15 10:50:31,approved,False
TXN20240315002860,ACCT204294,MERCH300291,purchase,17.24,in_person,2024-03-15 18:06:37,approved,False
TXN20240315002861,ACCT205522,MERCH300089,purchase,31.08,in_person,2024-03-15 23:24:34,approved,False
TXN20240315002862,ACCT203895,MERCH300039,purchase,25.07,mobile,2024-03-15 06:02:12,approved,False
TXN20240315002863,ACCT202891,MERCH300084,transfer,21.15,in_person,2024-03-15 01:31:14,approved,False
TXN20240315002864,ACCT203566,MERCH300103,purchase,79.75,web,2024-03-15 09:33:18,approved,False
TXN20240315002865,ACCT205386,MERCH300207,deposit,10.77,web,2024-03-15 19:58:23,approved,False
TXN20240315002866,ACCT205784,MERCH300184,purchase,9.02,mobile,2024-03-15 07:15:40,approved,False
TXN20240315002867,ACCT201377,MERCH300052,purchase,5.2,in_person,2024-03-15 17:09:11,approved,False
TXN20240315002868,ACCT200021,MERCH300298,withdrawal,84.45,web,2024-03-15 14:08:20,approved,False
TXN20240315002869,ACCT206184,MERCH300113,deposit,19.88,in_person,2024-03-15 20:18:08,approved,False
TXN20240315002870,ACCT201128,MERCH300022,withdrawal,69.95,in_person,2024-03-15 02:49:19,approved,False
TXN20240315002871,ACCT204406,MERCH300173,transfer,18.46,in_person,2024-03-15 20:57:19,approved,False
TXN20240315002872,ACCT203237,MERCH300001,purchase,915.58,mobile,2024-03-15 11:27:37,approved,False
TXN20240315002873,ACCT205193,MERCH300168,purchase,27.1,atm,2024-03-15 22:51:59,approved,False
TXN20240315002874,ACCT203273,MERCH300209,transfer,96.91,web,2024-03-15 04:14:13,declined,False
TXN20240315002875,ACCT200333,MERCH300059,purchase,201.69,web,2024-03-15 07:18:58,approved,False
TXN20240315002876,ACCT205546,MERCH300124,purchase,12.44,in_person,2024-03-15 07:28:26,approved,False
TXN20240315002877,ACCT202050,MERCH300048,purchase,130.06,in_person,2024-03-15 04:46:08,approved,True
TXN20240315002878,ACCT204729,MERCH300296,purchase,11.53,web,2024-03-15 08:16:03,approved,False
TXN20240315002879,ACCT200975,MERCH300035,purchase,16.32,in_person,2024-03-15 12:49:01,approved,False
TXN20240315002880,ACCT202523,MERCH300284,withdrawal,187.0,web,2024-03-15 11:27:59,approved,False
TXN20240315002881,ACCT200941,MERCH300270,transfer,46.69,web,2024-03-15 21:54:43,approved,False
TXN20240315002882,ACCT201358,MERCH300004,deposit,49.02,atm,2024-03-15 12:43:51,approved,False
TXN20240315002883,ACCT204446,MERCH300276,purchase,82.04,mobile,2024-03-15 23:39:25,declined,False
TXN20240315002884,ACCT202176,MERCH300172,withdrawal,17.3,in_person,2024-03-15 23:31:36,approved,False
TXN20240315002885,ACCT205918,MERCH300178,purchase,76.97,mobile,2024-03-15 14:14:14,approved,False
TXN20240315002886,ACCT203322,MERCH300011,purchase,39.07,mobile,2024-03-15 07:18:50,declined,False
TXN20240315002887,ACCT200954,MERCH300233,transfer,50.42,web,2024-03-15 20:51:14,approved,False
TXN20240315002888,ACCT204953,MERCH300290,purchase,45.71,in_person,2024-03-15 15:44:21,approved,False
TXN20240315002889,ACCT205201,MERCH300115,transfer,8.6,web,2024-03-15 15:15:55,approved,False
TXN20240315002890,ACCT200192,MERCH300084,purchase,24.11,mobile,2024-03-15 20:26:33,approved,True
TXN20240315002891,ACCT200804,MERCH300060,purchase,18.66,atm,2024-03-15 17:30:29,approved,False
TXN20240315002892,ACCT205409,MERCH300226,purchase,22.72,mobile,2024-03-15 11:00:40,approved,False
TXN20240315002893,ACCT201913,MERCH300151,purchase,36.15,web,2024-03-15 00:32:27,declined,False
TXN20240315002894,ACCT200517,MERCH300183,purchase,57.6,web,2024-03-15 15:06:57,approved,False
TXN20240315002895,ACCT200054,MERCH300258,withdrawal,7.25,web,2024-03-15 06:05:37,approved,False
TXN20240315002896,ACCT202879,MERCH300054,withdrawal,155.27,in_person,2024-03-15 20:00:57,approved,False
TXN20240315002897,ACCT200223,MERCH300129,purchase,148.91,in_person,2024-03-15 11:52:06,approved,False
TXN20240315002898,ACCT202739,MERCH300266,purchase,56.58,in_person,2024-03-15 09:19:11,approved,False
TXN20240315002899,ACCT203311,MERCH300018,purchase,49.97,web,2024-03-15 10:10:39,approved,False
TXN20240315002900,ACCT205161,MERCH300126,purchase,134.65,in_person,2024-03-15 17:05:47,approved,False
TXN20240315002901,ACCT203285,MERCH300294,withdrawal,37.61,web,2024-03-15 05:24:49,approved,False
TXN20240315002902,ACCT205774,MERCH300223,purchase,18.24,atm,2024-03-15 15:20:38,declined,False
TXN20240315002903,ACCT205212,MERCH300184,deposit,85.98,in_person,2024-03-15 06:02:16,approved,False
TXN20240315002904,ACCT203952,MERCH300234,deposit,79.64,in_person,2024-03-15 15:07:53,approved,False
TXN20240315002905,ACCT200609,MERCH300228,purchase,56.85,mobile,2024-03-15 06:14:04,approved,False
TXN20240315002906,ACCT203457,MERCH300229,purchase,24.7,mobile,2024-03-15 12:03:13,approved,False
TXN20240315002907,ACCT205476,MERCH300190,purchase,52.59,mobile,2024-03-15 18:06:09,approved,False
TXN20240315002908,ACCT200797,MERCH300028,transfer,21.95,in_person,2024-03-15 02:43:59,approved,False
TXN20240315002909,ACCT205335,MERCH300050,purchase,23.36,in_person,2024-03-15 17:17:56,approved,False
TXN20240315002910,ACCT202013,MERCH300057,transfer,30.35,mobile,2024-03-15 14:31:35,approved,False
TXN20240315002911,ACCT202280,MERCH300186,purchase,15.48,in_person,2024-03-15 03:37:54,approved,False
TXN20240315002912,ACCT200255,MERCH300148,deposit,27.25,in_person,2024-03-15 01:23:14,approved,False
TXN20240315002913,ACCT203021,MERCH300009,withdrawal,170.5,mobile,2024-03-15 08:31:41,reversed,False
TXN20240315002914,ACCT204210,MERCH300158,purchase,21.81,web,2024-03-15 10:49:16,approved,False
TXN20240315002915,ACCT200141,MERCH300138,purchase,84.83,web,2024-03-15 07:22:31,approved,False
TXN20240315002916,ACCT205081,MERCH300222,purchase,34.91,web,2024-03-15 04:24:43,approved,False
TXN20240315002917,ACCT201871,MERCH300142,purchase,29.16,in_person,2024-03-15 09:19:31,approved,False
TXN20240315002918,ACCT205223,MERCH300063,purchase,101.06,in_person,2024-03-15 11:37:24,approved,False
TXN20240315002919,ACCT200578,MERCH300111,purchase,29.0,atm,2024-03-15 17:36:01,approved,False
TXN20240315002920,ACCT205968,MERCH300267,purchase,39.42,in_person,2024-03-15 16:47:28,approved,False
TXN20240315002921,ACCT205987,MERCH300290,withdrawal,16.68,in_person,2024-03-15 15:52:04,approved,False
TXN20240315002922,ACCT205614,MERCH300053,purchase,43.06,web,2024-03-15 04:32:54,approved,False
TXN20240315002923,ACCT200902,MERCH300285,deposit,11.7,mobile,2024-03-15 13:18:09,approved,False
TXN20240315002924,ACCT204524,MERCH300102,purchase,41.87,in_person,2024-03-15 11:26:52,approved,False
TXN20240315002925,ACCT204752,MERCH300275,transfer,90.88,atm,2024-03-15 07:06:05,declined,False
TXN20240315002926,ACCT203331,MERCH300191,withdrawal,23.74,web,2024-03-15 12:31:53,approved,False
TXN20240315002927,ACCT202406,MERCH300179,purchase,53.63,in_person,2024-03-15 00:29:38,approved,False
TXN20240315002928,ACCT200671,MERCH300104,purchase,25.08,atm,2024-03-15 18:21:50,approved,False
TXN20240315002929,ACCT202478,MERCH300069,deposit,15.07,web,2024-03-15 20:43:08,approved,False
TXN20240315002930,ACCT206422,MERCH300177,purchase,352.79,in_person,2024-03-15 08:08:24,approved,False
TXN20240315002931,ACCT201340,MERCH300218,purchase,12.05,atm,2024-03-15 02:34:43,approved,False
TXN20240315002932,ACCT201373,MERCH300023,purchase,99.81,in_person,2024-03-15 17:01:23,approved,False
TXN20240315002933,ACCT206084,MERCH300287,withdrawal,33.59,web,2024-03-15 11:46:51,approved,False
TXN20240315002934,ACCT204733,MERCH300072,purchase,55.25,in_person,2024-03-15 22:35:33,approved,False
TXN20240315002935,ACCT204313,MERCH300195,withdrawal,15.87,in_person,2024-03-15 18:50:15,approved,False
TXN20240315002936,ACCT203509,MERCH300041,purchase,23.05,web,2024-03-15 20:49:33,approved,False
TXN20240315002937,ACCT200403,MERCH300151,purchase,10.88,in_person,2024-03-15 15:44:43,approved,False
TXN20240315002938,ACCT201868,MERCH300279,purchase,78.37,web,2024-03-15 14:48:39,approved,False
TXN20240315002939,ACCT204523,MERCH300001,purchase,14.4,web,2024-03-15 10:50:06,approved,False
TXN20240315002940,ACCT204696,MERCH300286,purchase,94.34,web,2024-03-15 10:47:25,approved,False
TXN20240315002941,ACCT205882,MERCH300134,deposit,31.08,atm,2024-03-15 20:22:48,approved,False
TXN20240315002942,ACCT203766,MERCH300206,transfer,9.58,atm,2024-03-15 06:23:46,declined,False
TXN20240315002943,ACCT206025,MERCH300273,purchase,79.34,web,2024-03-15 10:26:12,approved,False
TXN20240315002944,ACCT200924,MERCH300125,deposit,48.38,in_person,2024-03-15 07:39:26,approved,False
TXN20240315002945,ACCT203268,MERCH300221,purchase,90.04,web,2024-03-15 14:43:57,approved,False
TXN20240315002946,ACCT203901,MERCH300240,transfer,93.45,web,2024-03-15 02:32:05,approved,False
TXN20240315002947,ACCT200262,MERCH300085,purchase,17.45,web,2024-03-15 04:58:14,approved,False
TXN20240315002948,ACCT200327,MERCH300245,purchase,32.68,mobile,2024-03-15 13:50:05,approved,False
TXN20240315002949,ACCT202229,MERCH300133,purchase,20.09,web,2024-03-15 15:37:54,approved,False
TXN20240315002950,ACCT203543,MERCH300283,withdrawal,229.96,web,2024-03-15 18:48:32,approved,False
TXN20240315002951,ACCT203678,MERCH300153,purchase,63.72,web,2024-03-15 17:41:29,approved,False
TXN20240315002952,ACCT202451,MERCH300141,purchase,22.71,in_person,2024-03-15 21:06:07,approved,False
TXN20240315002953,ACCT200736,MERCH300209,withdrawal,10.12,in_person,2024-03-15 18:07:36,approved,False
TXN20240315002954,ACCT205168,MERCH300094,purchase,20.62,web,2024-03-15 10:57:30,approved,False
TXN20240315002955,ACCT206323,MERCH300215,withdrawal,24.52,in_person,2024-03-15 11:56:01,approved,False
TXN20240315002956,ACCT200221,MERCH300152,purchase,30.77,in_person,2024-03-15 14:10:10,approved,False
TXN20240315002957,ACCT203458,MERCH300258,purchase,153.67,mobile,2024-03-15 08:43:14,approved,False
TXN20240315002958,ACCT201058,MERCH300108,purchase,143.32,mobile,2024-03-15 00:10:24,approved,False
TXN20240315002959,ACCT203778,MERCH300050,transfer,102.66,web,2024-03-15 19:21:52,approved,False
TXN20240315002960,ACCT203610,MERCH300113,purchase,28.45,web,2024-03-15 21:03:02,approved,False
TXN20240315002961,ACCT200536,MERCH300107,transfer,162.76,mobile,2024-03-15 02:57:28,approved,True
TXN20240315002962,ACCT204226,MERCH300285,deposit,44.35,atm,2024-03-15 17:17:35,approved,False
TXN20240315002963,ACCT203871,MERCH300223,purchase,31.59,mobile,2024-03-15 08:21:08,approved,False
TXN20240315002964,ACCT202194,MERCH300076,purchase,104.75,in_person,2024-03-15 19:59:13,approved,False
TXN20240315002965,ACCT200544,MERCH300274,purchase,22.27,in_person,2024-03-15 04:58:04,approved,False
TXN20240315002966,ACCT203164,MERCH300120,purchase,46.54,mobile,2024-03-15 17:40:49,approved,False
TXN20240315002967,ACCT205875,MERCH300048,purchase,14.87,in_person,2024-03-15 15:30:14,approved,False
TXN20240315002968,ACCT204752,MERCH300125,transfer,31.26,mobile,2024-03-15 03:26:32,approved,False
TXN20240315002969,ACCT205536,MERCH300251,deposit,3.09,mobile,2024-03-15 18:55:42,approved,False
TXN20240315002970,ACCT204639,MERCH300004,deposit,18.04,mobile,2024-03-15 19:32:30,approved,False
TXN20240315002971,ACCT201328,MERCH300120,transfer,48.33,web,2024-03-15 06:28:32,approved,False
TXN20240315002972,ACCT202956,MERCH300224,transfer,41.3,mobile,2024-03-15 09:26:56,approved,False
TXN20240315002973,ACCT201512,MERCH300203,purchase,114.93,web,2024-03-15 10:31:36,approved,False
TXN20240315002974,ACCT203500,MERCH300050,purchase,213.69,web,2024-03-15 22:21:24,approved,False
TXN20240315002975,ACCT202490,MERCH300079,purchase,55.66,web,2024-03-15 06:57:24,approved,False
TXN20240315002976,ACCT205646,MERCH300170,transfer,45.47,in_person,2024-03-15 15:34:46,approved,False
TXN20240315002977,ACCT203822,MERCH300085,transfer,9.39,web,2024-03-15 13:03:48,approved,False
TXN20240315002978,ACCT204263,MERCH300006,purchase,31.58,mobile,2024-03-15 05:32:12,approved,False
TXN20240315002979,ACCT204685,MERCH300037,deposit,234.74,atm,2024-03-15 00:44:31,approved,False
TXN20240315002980,ACCT203584,MERCH300156,purchase,33.82,atm,2024-03-15 04:25:55,approved,False
TXN20240315002981,ACCT204251,MERCH300165,purchase,40.59,mobile,2024-03-15 13:03:50,approved,False
TXN20240315002982,ACCT204598,MERCH300141,purchase,8.35,mobile,2024-03-15 07:58:55,approved,False
TXN20240315002983,ACCT204104,MERCH300025,purchase,9.73,in_person,2024-03-15 07:29:20,approved,False
TXN20240315002984,ACCT200793,MERCH300016,purchase,157.61,in_person,2024-03-15 13:10:38,approved,False
TXN20240315002985,ACCT206125,MERCH300142,purchase,83.05,in_person,2024-03-15 20:24:15,approved,False
TXN20240315002986,ACCT201794,MERCH300184,purchase,107.38,web,2024-03-15 04:37:27,approved,False
TXN20240315002987,ACCT206119,MERCH300253,purchase,71.07,web,2024-03-15 03:22:27,approved,False
TXN20240315002988,ACCT201504,MERCH300245,purchase,147.74,in_person,2024-03-15 15:42:06,approved,False
TXN20240315002989,ACCT206113,MERCH300222,transfer,153.02,mobile,2024-03-15 09:15:35,approved,False
TXN20240315002990,ACCT200459,MERCH300059,withdrawal,82.01,web,2024-03-15 09:34:11,approved,False
TXN20240315002991,ACCT202130,MERCH300066,purchase,14.41,mobile,2024-03-15 19:47:08,approved,False
TXN20240315002992,ACCT200878,MERCH300039,purchase,115.14,mobile,2024-03-15 15:41:57,approved,False
TXN20240315002993,ACCT204625,MERCH300069,withdrawal,23.33,web,2024-03-15 21:46:47,approved,False
TXN20240315002994,ACCT205038,MERCH300147,purchase,61.16,mobile,2024-03-15 07:26:52,approved,False
TXN20240315002995,ACCT204654,MERCH300295,withdrawal,20.41,mobile,2024-03-15 15:03:40,approved,False
TXN20240315002996,ACCT201571,MERCH300057,purchase,125.8,in_person,2024-03-15 19:23:23,approved,False
TXN20240315002997,ACCT201049,MERCH300249,purchase,41.94,web,2024-03-15 19:55:52,declined,False
TXN20240315002998,ACCT206116,MERCH300257,purchase,28.65,web,2024-03-15 19:50:55,approved,False
TXN20240315002999,ACCT201697,MERCH300168,purchase,58.66,mobile,2024-03-15 18:17:06,approved,False
TXN20240315003000,ACCT202297,MERCH300035,purchase,43.94,mobile,2024-03-15 04:20:30,approved,False
TXN20240315003001,ACCT204019,MERCH300045,transfer,104.73,in_person,2024-03-15 01:27:55,approved,False
TXN20240315003002,ACCT204647,MERCH300147,purchase,11.18,mobile,2024-03-15 05:51:47,approved,False
TXN20240315003003,ACCT202338,MERCH300037,deposit,37.83,web,2024-03-15 19:25:15,reversed,False
TXN20240315003004,ACCT204248,MERCH300276,purchase,79.57,web,2024-03-15 07:55:07,approved,False
TXN20240315003005,ACCT202987,MERCH300166,purchase,74.13,atm,2024-03-15 15:37:39,approved,False
TXN20240315003006,ACCT206166,MERCH300092,purchase,7.2,in_person,2024-03-15 01:51:13,approved,False
TXN20240315003007,ACCT204701,MERCH300287,deposit,16.35,in_person,2024-03-15 11:16:16,approved,False
TXN20240315003008,ACCT205168,MERCH300195,withdrawal,219.44,web,2024-03-15 09:29:38,approved,False
TXN20240315003009,ACCT203174,MERCH300121,transfer,16.38,web,2024-03-15 14:25:22,approved,False
TXN20240315003010,ACCT203444,MERCH300007,purchase,33.58,in_person,2024-03-15 21:08:23,approved,False
TXN20240315003011,ACCT201052,MERCH300071,purchase,16.84,web,2024-03-15 00:05:15,approved,False
TXN20240315003012,ACCT206122,MERCH300128,purchase,41.33,in_person,2024-03-15 20:19:29,approved,False
TXN20240315003013,ACCT204584,MERCH300243,purchase,50.04,web,2024-03-15 16:33:25,approved,False
TXN20240315003014,ACCT200023,MERCH300128,purchase,4.82,in_person,2024-03-15 20:28:55,approved,False
TXN20240315003015,ACCT206365,MERCH300014,transfer,41.96,mobile,2024-03-15 01:13:38,approved,False
TXN20240315003016,ACCT201132,MERCH300040,deposit,302.23,atm,2024-03-15 09:46:29,approved,False
TXN20240315003017,ACCT204527,MERCH300043,purchase,43.32,web,2024-03-15 02:05:34,approved,False
TXN20240315003018,ACCT203581,MERCH300046,purchase,7.15,web,2024-03-15 14:06:10,approved,False
TXN20240315003019,ACCT205303,MERCH300013,purchase,31.94,atm,2024-03-15 06:52:47,approved,False
TXN20240315003020,ACCT206380,MERCH300143,purchase,36.94,atm,2024-03-15 08:35:40,approved,False
TXN20240315003021,ACCT204463,MERCH300016,purchase,32.15,mobile,2024-03-15 08:04:54,approved,False
TXN20240315003022,ACCT200424,MERCH300212,transfer,25.71,web,2024-03-15 04:09:30,approved,False
TXN20240315003023,ACCT202629,MERCH300276,purchase,44.97,in_person,2024-03-15 08:34:28,approved,False
TXN20240315003024,ACCT204573,MERCH300170,deposit,161.71,web,2024-03-15 22:15:04,approved,False
TXN20240315003025,ACCT205314,MERCH300081,withdrawal,62.5,mobile,2024-03-15 14:04:54,approved,False
TXN20240315003026,ACCT201663,MERCH300003,purchase,34.28,web,2024-03-15 12:32:29,approved,False
TXN20240315003027,ACCT201073,MERCH300079,transfer,27.16,atm,2024-03-15 02:06:25,approved,False
TXN20240315003028,ACCT204436,MERCH300190,purchase,97.57,mobile,2024-03-15 12:11:54,approved,False
TXN20240315003029,ACCT202425,MERCH300075,withdrawal,48.88,mobile,2024-03-15 19:05:34,approved,False
TXN20240315003030,ACCT204568,MERCH300062,purchase,13.43,web,2024-03-15 14:59:11,approved,False
TXN20240315003031,ACCT202886,MERCH300075,purchase,37.96,web,2024-03-15 15:05:00,approved,False
TXN20240315003032,ACCT202310,MERCH300185,purchase,106.05,atm,2024-03-15 18:54:30,approved,False
TXN20240315003033,ACCT202232,MERCH300059,transfer,39.59,mobile,2024-03-15 13:25:42,approved,False
TXN20240315003034,ACCT205460,MERCH300012,purchase,66.17,web,2024-03-15 03:43:48,approved,False
TXN20240315003035,ACCT200271,MERCH300298,deposit,100.22,web,2024-03-15 09:35:08,approved,False
TXN20240315003036,ACCT204288,MERCH300004,transfer,90.87,web,2024-03-15 20:24:18,approved,False
TXN20240315003037,ACCT204015,MERCH300143,purchase,85.64,web,2024-03-15 17:16:44,approved,False
TXN20240315003038,ACCT205283,MERCH300221,withdrawal,221.65,mobile,2024-03-15 04:17:55,approved,False
TXN20240315003039,ACCT201005,MERCH300147,withdrawal,104.55,in_person,2024-03-15 08:19:00,approved,False
TXN20240315003040,ACCT202627,MERCH300031,purchase,27.72,in_person,2024-03-15 02:00:46,approved,False
TXN20240315003041,ACCT201523,MERCH300164,purchase,75.88,in_person,2024-03-15 13:11:07,approved,False
TXN20240315003042,ACCT206019,MERCH300067,purchase,205.83,web,2024-03-15 05:08:17,approved,False
TXN20240315003043,ACCT205527,MERCH300187,transfer,33.98,web,2024-03-15 12:35:58,approved,False
TXN20240315003044,ACCT202427,MERCH300005,withdrawal,295.37,web,2024-03-15 02:23:45,reversed,False
TXN20240315003045,ACCT205194,MERCH300296,purchase,7.33,in_person,2024-03-15 06:48:42,approved,False
TXN20240315003046,ACCT203093,MERCH300262,deposit,18.38,in_person,2024-03-15 19:47:16,approved,False
TXN20240315003047,ACCT204905,MERCH300019,deposit,13.16,in_person,2024-03-15 16:08:09,approved,False
TXN20240315003048,ACCT203416,MERCH300264,purchase,75.6,atm,2024-03-15 10:24:45,approved,False
TXN20240315003049,ACCT204685,MERCH300026,withdrawal,160.58,in_person,2024-03-15 03:18:58,approved,False
TXN20240315003050,ACCT203111,MERCH300052,transfer,28.32,mobile,2024-03-15 18:38:05,approved,False
TXN20240315003051,ACCT205373,MERCH300263,deposit,24.13,web,2024-03-15 04:29:42,approved,False
TXN20240315003052,ACCT202719,MERCH300199,purchase,50.15,mobile,2024-03-15 19:59:49,approved,False
TXN20240315003053,ACCT204436,MERCH300280,purchase,21.06,web,2024-03-15 21:58:05,approved,False
TXN20240315003054,ACCT204758,MERCH300140,purchase,77.79,web,2024-03-15 01:55:09,approved,False
TXN20240315003055,ACCT202142,MERCH300123,withdrawal,68.81,mobile,2024-03-15 05:53:47,approved,False
TXN20240315003056,ACCT204100,MERCH300002,purchase,121.66,mobile,2024-03-15 21:18:01,approved,False
TXN20240315003057,ACCT200466,MERCH300005,purchase,52.76,in_person,2024-03-15 12:37:47,approved,False
TXN20240315003058,ACCT204060,MERCH300213,purchase,31.48,in_person,2024-03-15 21:45:40,approved,False
TXN20240315003059,ACCT204159,MERCH300073,purchase,23.63,web,2024-03-15 01:49:00,approved,False
TXN20240315003060,ACCT200089,MERCH300297,purchase,48.73,mobile,2024-03-15 09:46:26,approved,False
TXN20240315003061,ACCT202831,MERCH300179,purchase,134.01,in_person,2024-03-15 04:24:51,approved,False
TXN20240315003062,ACCT206069,MERCH300295,purchase,16.46,in_person,2024-03-15 07:14:48,approved,False
TXN20240315003063,ACCT204193,MERCH300146,purchase,100.37,in_person,2024-03-15 18:53:38,approved,False
TXN20240315003064,ACCT204622,MERCH300096,purchase,52.24,web,2024-03-15 21:25:34,approved,False
TXN20240315003065,ACCT201832,MERCH300054,transfer,81.02,web,2024-03-15 09:00:55,approved,False
TXN20240315003066,ACCT206187,MERCH300166,withdrawal,29.9,in_person,2024-03-15 17:41:01,approved,False
TXN20240315003067,ACCT205519,MERCH300219,deposit,40.71,web,2024-03-15 06:35:43,approved,False
TXN20240315003068,ACCT204724,MERCH300038,purchase,8.09,web,2024-03-15 18:06:06,approved,False
TXN20240315003069,ACCT203265,MERCH300208,purchase,87.46,web,2024-03-15 10:47:04,approved,False
TXN20240315003070,ACCT202854,MERCH300070,purchase,56.35,in_person,2024-03-15 20:17:50,approved,False
TXN20240315003071,ACCT201790,MERCH300074,purchase,129.39,web,2024-03-15 15:04:05,approved,False
TXN20240315003072,ACCT200267,MERCH300064,deposit,40.96,in_person,2024-03-15 05:56:48,approved,False
TXN20240315003073,ACCT206169,MERCH300025,purchase,26.92,web,2024-03-15 03:04:32,approved,False
TXN20240315003074,ACCT204623,MERCH300104,purchase,13.0,web,2024-03-15 21:22:19,approved,False
TXN20240315003075,ACCT202780,MERCH300231,withdrawal,84.09,web,2024-03-15 10:38:24,approved,False
TXN20240315003076,ACCT201730,MERCH300074,purchase,34.06,in_person,2024-03-15 11:32:03,approved,False
TXN20240315003077,ACCT203814,MERCH300181,purchase,43.05,mobile,2024-03-15 06:24:01,approved,False
TXN20240315003078,ACCT206294,MERCH300097,purchase,61.27,in_person,2024-03-15 05:53:28,approved,False
TXN20240315003079,ACCT205406,MERCH300055,purchase,111.97,web,2024-03-15 02:43:05,approved,False
TXN20240315003080,ACCT201272,MERCH300142,purchase,27.52,mobile,2024-03-15 00:11:20,approved,False
TXN20240315003081,ACCT201032,MERCH300182,purchase,57.59,in_person,2024-03-15 10:20:47,approved,False
TXN20240315003082,ACCT206083,MERCH300281,purchase,47.18,in_person,2024-03-15 05:50:30,approved,False
TXN20240315003083,ACCT204469,MERCH300188,transfer,43.44,web,2024-03-15 14:37:15,approved,False
TXN20240315003084,ACCT203878,MERCH300164,transfer,9.31,web,2024-03-15 07:55:26,approved,False
TXN20240315003085,ACCT206000,MERCH300010,transfer,12.04,in_person,2024-03-15 17:16:40,approved,False
TXN20240315003086,ACCT204995,MERCH300123,transfer,3.34,in_person,2024-03-15 15:50:02,approved,False
TXN20240315003087,ACCT202403,MERCH300277,transfer,122.95,in_person,2024-03-15 13:27:34,approved,False
TXN20240315003088,ACCT200869,MERCH300247,purchase,65.62,mobile,2024-03-15 09:37:42,approved,False
TXN20240315003089,ACCT205716,MERCH300174,purchase,87.13,in_person,2024-03-15 17:57:49,approved,False
TXN20240315003090,ACCT204750,MERCH300255,withdrawal,18.73,web,2024-03-15 03:59:52,approved,True
TXN20240315003091,ACCT200929,MERCH300278,purchase,39.1,in_person,2024-03-15 20:42:08,approved,False
TXN20240315003092,ACCT200340,MERCH300153,purchase,91.51,web,2024-03-15 14:56:47,approved,False
TXN20240315003093,ACCT204680,MERCH300037,purchase,33.1,mobile,2024-03-15 23:22:03,approved,False
TXN20240315003094,ACCT201902,MERCH300004,transfer,200.06,atm,2024-03-15 22:25:26,approved,False
TXN20240315003095,ACCT204633,MERCH300238,purchase,48.0,in_person,2024-03-15 02:54:39,approved,False
TXN20240315003096,ACCT202122,MERCH300020,purchase,35.51,web,2024-03-15 12:04:46,approved,False
TXN20240315003097,ACCT204001,MERCH300244,purchase,30.75,mobile,2024-03-15 23:33:29,approved,False
TXN20240315003098,ACCT204869,MERCH300126,withdrawal,3.39,in_person,2024-03-15 12:58:28,approved,False
TXN20240315003099,ACCT201910,MERCH300295,purchase,23.53,web,2024-03-15 11:58:31,approved,False
TXN20240315003100,ACCT201836,MERCH300240,withdrawal,13.21,in_person,2024-03-15 16:48:03,approved,False
TXN20240315003101,ACCT205048,MERCH300016,transfer,409.26,in_person,2024-03-15 04:12:47,approved,False
TXN20240315003102,ACCT205757,MERCH300170,purchase,189.23,in_person,2024-03-15 23:39:01,approved,False
TXN20240315003103,ACCT206465,MERCH300205,purchase,10.32,atm,2024-03-15 12:21:54,approved,False
TXN20240315003104,ACCT200915,MERCH300276,withdrawal,45.74,web,2024-03-15 23:00:28,approved,False
TXN20240315003105,ACCT204894,MERCH300161,purchase,125.27,in_person,2024-03-15 12:57:46,approved,False
TXN20240315003106,ACCT201498,MERCH300241,purchase,76.6,web,2024-03-15 19:31:16,approved,False
TXN20240315003107,ACCT205735,MERCH300039,purchase,5.09,atm,2024-03-15 19:33:03,approved,False
TXN20240315003108,ACCT202749,MERCH300037,purchase,24.59,in_person,2024-03-15 20:45:08,approved,False
TXN20240315003109,ACCT204674,MERCH300125,purchase,55.09,in_person,2024-03-15 08:46:22,approved,False
TXN20240315003110,ACCT205520,MERCH300158,purchase,42.51,mobile,2024-03-15 08:08:53,approved,False
TXN20240315003111,ACCT202004,MERCH300122,transfer,30.19,mobile,2024-03-15 03:43:45,approved,False
TXN20240315003112,ACCT205748,MERCH300164,purchase,14.62,mobile,2024-03-15 16:58:00,approved,False
TXN20240315003113,ACCT203223,MERCH300181,deposit,41.03,web,2024-03-15 06:36:00,approved,False
TXN20240315003114,ACCT205881,MERCH300180,purchase,24.07,in_person,2024-03-15 13:20:08,approved,False
TXN20240315003115,ACCT202361,MERCH300194,purchase,21.54,mobile,2024-03-15 13:16:08,approved,False
TXN20240315003116,ACCT200402,MERCH300134,deposit,30.61,mobile,2024-03-15 15:20:30,approved,False
TXN20240315003117,ACCT201080,MERCH300051,withdrawal,55.03,in_person,2024-03-15 02:42:59,approved,False
TXN20240315003118,ACCT201228,MERCH300225,purchase,24.58,mobile,2024-03-15 07:17:04,approved,False
TXN20240315003119,ACCT202545,MERCH300241,purchase,4.89,web,2024-03-15 22:03:24,approved,False
TXN20240315003120,ACCT203115,MERCH300103,purchase,179.53,mobile,2024-03-15 03:29:31,approved,False
TXN20240315003121,ACCT206250,MERCH300182,withdrawal,23.33,web,2024-03-15 08:22:26,approved,False
TXN20240315003122,ACCT203394,MERCH300045,purchase,203.94,atm,2024-03-15 01:07:35,approved,False
TXN20240315003123,ACCT204300,MERCH300278,transfer,20.56,mobile,2024-03-15 05:36:55,approved,False
TXN20240315003124,ACCT204854,MERCH300138,withdrawal,31.39,web,2024-03-15 19:37:06,approved,False
TXN20240315003125,ACCT201018,MERCH300249,purchase,19.55,web,2024-03-15 12:35:48,approved,False
TXN20240315003126,ACCT205891,MERCH300149,deposit,18.39,atm,2024-03-15 01:44:15,approved,False
TXN20240315003127,ACCT203712,MERCH300245,transfer,66.0,web,2024-03-15 21:35:21,approved,False
TXN20240315003128,ACCT205859,MERCH300104,purchase,101.86,mobile,2024-03-15 21:39:50,approved,False
TXN20240315003129,ACCT202162,MERCH300120,purchase,17.5,mobile,2024-03-15 09:50:52,approved,False
TXN20240315003130,ACCT203762,MERCH300159,transfer,133.02,atm,2024-03-15 15:41:45,approved,False
TXN20240315003131,ACCT204679,MERCH300116,purchase,7.52,in_person,2024-03-15 22:13:13,approved,False
TXN20240315003132,ACCT200307,MERCH300195,purchase,22.94,web,2024-03-15 17:28:55,approved,False
TXN20240315003133,ACCT204184,MERCH300089,purchase,10.87,web,2024-03-15 07:56:11,declined,False
TXN20240315003134,ACCT206252,MERCH300201,purchase,56.78,atm,2024-03-15 08:12:20,approved,False
TXN20240315003135,ACCT202485,MERCH300108,deposit,26.24,web,2024-03-15 12:25:15,approved,False
TXN20240315003136,ACCT204038,MERCH300196,purchase,53.96,web,2024-03-15 15:15:38,approved,False
TXN20240315003137,ACCT205652,MERCH300056,purchase,96.15,in_person,2024-03-15 13:51:20,approved,False
TXN20240315003138,ACCT200581,MERCH300037,withdrawal,19.29,in_person,2024-03-15 02:51:08,declined,False
TXN20240315003139,ACCT203435,MERCH300106,purchase,8.52,in_person,2024-03-15 08:31:43,approved,False
TXN20240315003140,ACCT201093,MERCH300254,purchase,65.15,web,2024-03-15 22:13:40,approved,False
TXN20240315003141,ACCT203817,MERCH300132,purchase,10.67,web,2024-03-15 16:18:30,approved,False
TXN20240315003142,ACCT206447,MERCH300098,purchase,9.14,mobile,2024-03-15 22:52:11,approved,False
TXN20240315003143,ACCT203225,MERCH300076,transfer,31.23,in_person,2024-03-15 02:55:41,approved,False
TXN20240315003144,ACCT204026,MERCH300234,purchase,89.84,mobile,2024-03-15 08:16:19,approved,False
TXN20240315003145,ACCT201211,MERCH300215,purchase,17.33,web,2024-03-15 07:24:56,approved,False
TXN20240315003146,ACCT204137,MERCH300227,transfer,19.98,web,2024-03-15 20:45:26,approved,False
TXN20240315003147,ACCT203011,MERCH300054,withdrawal,40.95,mobile,2024-03-15 19:48:25,approved,False
TXN20240315003148,ACCT200624,MERCH300114,withdrawal,45.03,mobile,2024-03-15 18:42:01,approved,False
TXN20240315003149,ACCT201905,MERCH300067,transfer,3.57,in_person,2024-03-15 07:59:04,approved,False
TXN20240315003150,ACCT202820,MERCH300061,transfer,13.66,in_person,2024-03-15 10:00:25,approved,False
TXN20240315003151,ACCT202051,MERCH300007,purchase,44.85,web,2024-03-15 18:46:41,approved,False
TXN20240315003152,ACCT201927,MERCH300143,withdrawal,42.7,in_person,2024-03-15 09:08:02,approved,False
TXN20240315003153,ACCT201430,MERCH300059,purchase,61.91,in_person,2024-03-15 08:21:21,approved,False
TXN20240315003154,ACCT202535,MERCH300144,purchase,19.19,in_person,2024-03-15 02:36:45,approved,False
TXN20240315003155,ACCT202496,MERCH300149,purchase,209.94,web,2024-03-15 23:11:13,approved,False
TXN20240315003156,ACCT203246,MERCH300031,purchase,105.8,web,2024-03-15 17:11:40,approved,False
TXN20240315003157,ACCT201306,MERCH300076,purchase,95.02,web,2024-03-15 01:32:47,approved,False
TXN20240315003158,ACCT202864,MERCH300288,purchase,47.58,web,2024-03-15 18:28:51,approved,False
TXN20240315003159,ACCT201159,MERCH300192,purchase,40.21,in_person,2024-03-15 16:09:17,approved,False
TXN20240315003160,ACCT206025,MERCH300167,purchase,112.03,web,2024-03-15 01:52:23,approved,True
TXN20240315003161,ACCT205197,MERCH300114,transfer,40.58,web,2024-03-15 04:19:26,approved,False
TXN20240315003162,ACCT206222,MERCH300021,purchase,9.64,mobile,2024-03-15 09:50:22,approved,False
TXN20240315003163,ACCT203409,MERCH300273,purchase,10.21,in_person,2024-03-15 16:35:15,approved,False
TXN20240315003164,ACCT203154,MERCH300180,purchase,14.91,web,2024-03-15 06:45:00,approved,False
TXN20240315003165,ACCT200768,MERCH300271,purchase,139.74,in_person,2024-03-15 04:51:32,approved,False
TXN20240315003166,ACCT201851,MERCH300121,purchase,35.21,atm,2024-03-15 12:00:56,approved,False
TXN20240315003167,ACCT202917,MERCH300289,deposit,16.55,atm,2024-03-15 15:32:03,approved,False
TXN20240315003168,ACCT202326,MERCH300081,purchase,75.3,atm,2024-03-15 02:45:21,approved,False
TXN20240315003169,ACCT201724,MERCH300126,purchase,871.6,web,2024-03-15 08:16:38,approved,False
TXN20240315003170,ACCT205980,MERCH300183,withdrawal,43.89,mobile,2024-03-15 16:28:08,approved,False
TXN20240315003171,ACCT204246,MERCH300023,purchase,95.33,in_person,2024-03-15 18:31:20,approved,False
TXN20240315003172,ACCT202886,MERCH300262,purchase,162.41,atm,2024-03-15 20:42:37,approved,False
TXN20240315003173,ACCT201566,MERCH300013,purchase,29.63,in_person,2024-03-15 13:42:22,approved,False
TXN20240315003174,ACCT205770,MERCH300098,purchase,35.74,web,2024-03-15 17:10:06,approved,False
TXN20240315003175,ACCT202085,MERCH300151,purchase,95.52,in_person,2024-03-15 09:52:20,approved,False
TXN20240315003176,ACCT204590,MERCH300246,purchase,12.43,mobile,2024-03-15 02:24:50,approved,False
TXN20240315003177,ACCT203480,MERCH300144,purchase,25.82,in_person,2024-03-15 07:24:31,approved,False
TXN20240315003178,ACCT203511,MERCH300079,transfer,22.82,web,2024-03-15 22:53:11,approved,False
TXN20240315003179,ACCT202734,MERCH300005,deposit,140.0,atm,2024-03-15 16:17:45,approved,False
TXN20240315003180,ACCT203641,MERCH300250,withdrawal,54.31,in_person,2024-03-15 06:01:42,approved,False
TXN20240315003181,ACCT203015,MERCH300052,transfer,76.01,in_person,2024-03-15 18:47:07,approved,False
TXN20240315003182,ACCT204325,MERCH300011,purchase,25.8,web,2024-03-15 07:16:51,approved,False
TXN20240315003183,ACCT206323,MERCH300233,purchase,58.3,web,2024-03-15 13:26:38,approved,False
TXN20240315003184,ACCT203522,MERCH300040,purchase,28.99,in_person,2024-03-15 16:40:04,approved,False
TXN20240315003185,ACCT205187,MERCH300198,purchase,16.49,mobile,2024-03-15 10:58:37,approved,False
TXN20240315003186,ACCT201710,MERCH300149,transfer,19.83,mobile,2024-03-15 20:05:46,approved,False
TXN20240315003187,ACCT200600,MERCH300196,purchase,60.22,in_person,2024-03-15 04:50:57,approved,False
TXN20240315003188,ACCT203160,MERCH300142,purchase,17.2,web,2024-03-15 19:50:54,approved,False
TXN20240315003189,ACCT205482,MERCH300003,purchase,49.93,web,2024-03-15 11:43:08,approved,False
TXN20240315003190,ACCT200836,MERCH300103,purchase,57.59,in_person,2024-03-15 22:50:42,approved,False
TXN20240315003191,ACCT203463,MERCH300144,withdrawal,97.84,mobile,2024-03-15 17:48:34,approved,False
TXN20240315003192,ACCT201934,MERCH300220,purchase,200.3,in_person,2024-03-15 19:03:03,declined,False
TXN20240315003193,ACCT205406,MERCH300254,transfer,55.41,web,2024-03-15 14:07:02,approved,False
TXN20240315003194,ACCT202650,MERCH300008,purchase,24.0,in_person,2024-03-15 15:38:38,approved,False
TXN20240315003195,ACCT201488,MERCH300222,purchase,23.45,in_person,2024-03-15 00:11:06,approved,False
TXN20240315003196,ACCT201239,MERCH300016,deposit,12.85,web,2024-03-15 12:39:12,approved,False
TXN20240315003197,ACCT201271,MERCH300153,purchase,11.6,mobile,2024-03-15 11:02:28,approved,False
TXN20240315003198,ACCT203938,MERCH300200,purchase,6.2,web,2024-03-15 17:50:46,approved,False
TXN20240315003199,ACCT204428,MERCH300278,purchase,60.4,in_person,2024-03-15 10:54:05,approved,False
TXN20240315003200,ACCT206307,MERCH300087,purchase,38.67,in_person,2024-03-15 03:08:28,approved,False
TXN20240315003201,ACCT200154,MERCH300224,purchase,348.24,web,2024-03-15 16:36:10,declined,False
TXN20240315003202,ACCT204345,MERCH300053,transfer,37.71,in_person,2024-03-15 21:55:44,approved,False
TXN20240315003203,ACCT201538,MERCH300182,purchase,93.1,in_person,2024-03-15 14:35:57,approved,False
TXN20240315003204,ACCT200787,MERCH300290,deposit,70.52,mobile,2024-03-15 22:38:04,approved,False
TXN20240315003205,ACCT204691,MERCH300083,purchase,14.13,in_person,2024-03-15 23:33:58,approved,False
TXN20240315003206,ACCT205118,MERCH300238,purchase,55.75,mobile,2024-03-15 23:52:15,approved,False
TXN20240315003207,ACCT205186,MERCH300049,purchase,134.62,in_person,2024-03-15 02:02:57,approved,False
TXN20240315003208,ACCT201164,MERCH300061,purchase,44.43,mobile,2024-03-15 19:55:43,approved,False
TXN20240315003209,ACCT203569,MERCH300235,purchase,15.31,in_person,2024-03-15 11:40:20,approved,False
TXN20240315003210,ACCT202121,MERCH300273,purchase,46.55,mobile,2024-03-15 14:12:56,approved,False
TXN20240315003211,ACCT205418,MERCH300181,deposit,16.76,web,2024-03-15 06:05:02,approved,False
TXN20240315003212,ACCT203437,MERCH300069,purchase,7.69,mobile,2024-03-15 08:57:29,approved,False
TXN20240315003213,ACCT200956,MERCH300184,transfer,37.38,mobile,2024-03-15 22:04:01,approved,False
TXN20240315003214,ACCT202341,MERCH300143,purchase,16.98,web,2024-03-15 09:21:04,approved,False
TXN20240315003215,ACCT203150,MERCH300037,deposit,386.95,mobile,2024-03-15 02:00:01,approved,False
TXN20240315003216,ACCT205575,MERCH300048,purchase,176.39,in_person,2024-03-15 11:59:50,approved,False
TXN20240315003217,ACCT204529,MERCH300291,purchase,23.38,in_person,2024-03-15 14:52:21,approved,False
TXN20240315003218,ACCT202168,MERCH300137,purchase,28.7,in_person,2024-03-15 05:15:36,approved,True
TXN20240315003219,ACCT205291,MERCH300053,purchase,8.32,in_person,2024-03-15 06:07:51,approved,False
TXN20240315003220,ACCT203856,MERCH300063,purchase,95.04,mobile,2024-03-15 22:15:47,approved,False
TXN20240315003221,ACCT201753,MERCH300261,purchase,131.59,web,2024-03-15 00:32:39,approved,False
TXN20240315003222,ACCT204941,MERCH300149,purchase,34.24,in_person,2024-03-15 13:57:19,approved,False
TXN20240315003223,ACCT203328,MERCH300188,transfer,22.56,web,2024-03-15 21:20:07,approved,False
TXN20240315003224,ACCT206237,MERCH300240,withdrawal,47.69,mobile,2024-03-15 21:27:18,approved,False
TXN20240315003225,ACCT203037,MERCH300092,purchase,48.82,atm,2024-03-15 03:14:46,approved,False
TXN20240315003226,ACCT201048,MERCH300079,withdrawal,105.43,mobile,2024-03-15 10:45:40,approved,False
TXN20240315003227,ACCT203518,MERCH300060,purchase,26.01,in_person,2024-03-15 10:28:27,declined,False
TXN20240315003228,ACCT200618,MERCH300297,deposit,3.69,in_person,2024-03-15 22:01:25,declined,False
TXN20240315003229,ACCT201571,MERCH300245,purchase,271.0,in_person,2024-03-15 22:56:05,approved,False
TXN20240315003230,ACCT201819,MERCH300013,transfer,67.37,mobile,2024-03-15 16:39:55,approved,False
TXN20240315003231,ACCT204726,MERCH300093,purchase,37.33,atm,2024-03-15 16:37:49,approved,True
TXN20240315003232,ACCT202363,MERCH300272,purchase,53.41,web,2024-03-15 19:20:38,approved,False
TXN20240315003233,ACCT206301,MERCH300144,purchase,66.43,in_person,2024-03-15 10:40:46,approved,False
TXN20240315003234,ACCT202088,MERCH300021,purchase,63.73,mobile,2024-03-15 01:38:14,approved,False
TXN20240315003235,ACCT205554,MERCH300058,transfer,23.15,in_person,2024-03-15 17:47:17,approved,False
TXN20240315003236,ACCT204261,MERCH300017,purchase,9.37,web,2024-03-15 16:37:52,approved,False
TXN20240315003237,ACCT202085,MERCH300139,purchase,98.21,mobile,2024-03-15 22:11:42,declined,False
TXN20240315003238,ACCT204751,MERCH300219,deposit,106.55,in_person,2024-03-15 12:27:37,approved,False
TXN20240315003239,ACCT202717,MERCH300134,purchase,54.06,mobile,2024-03-15 19:24:04,reversed,False
TXN20240315003240,ACCT200345,MERCH300265,purchase,33.37,in_person,2024-03-15 10:58:12,approved,False
TXN20240315003241,ACCT200109,MERCH300168,deposit,24.14,web,2024-03-15 13:41:15,approved,False
TXN20240315003242,ACCT205735,MERCH300196,purchase,12.38,atm,2024-03-15 20:17:50,approved,False
TXN20240315003243,ACCT204798,MERCH300094,transfer,101.05,in_person,2024-03-15 08:01:25,approved,False
TXN20240315003244,ACCT203684,MERCH300159,purchase,49.97,in_person,2024-03-15 19:29:57,approved,False
TXN20240315003245,ACCT203904,MERCH300135,purchase,88.04,in_person,2024-03-15 16:13:59,approved,False
TXN20240315003246,ACCT201166,MERCH300058,purchase,48.03,in_person,2024-03-15 11:36:04,approved,False
TXN20240315003247,ACCT202147,MERCH300262,purchase,38.1,in_person,2024-03-15 13:54:29,approved,False
TXN20240315003248,ACCT200500,MERCH300284,purchase,9.89,web,2024-03-15 03:07:24,approved,False
TXN20240315003249,ACCT204160,MERCH300244,purchase,18.0,web,2024-03-15 19:29:02,approved,False
TXN20240315003250,ACCT205869,MERCH300239,withdrawal,24.66,mobile,2024-03-15 23:31:55,approved,False
TXN20240315003251,ACCT204599,MERCH300279,deposit,59.85,web,2024-03-15 12:39:25,approved,False
TXN20240315003252,ACCT204109,MERCH300102,transfer,58.81,web,2024-03-15 01:24:37,reversed,False
TXN20240315003253,ACCT205971,MERCH300134,deposit,20.57,atm,2024-03-15 06:56:58,declined,False
TXN20240315003254,ACCT205927,MERCH300062,purchase,45.39,web,2024-03-15 18:45:07,approved,False
TXN20240315003255,ACCT202467,MERCH300110,purchase,17.09,atm,2024-03-15 17:20:17,approved,False
TXN20240315003256,ACCT205130,MERCH300162,transfer,29.11,mobile,2024-03-15 12:06:46,approved,True
TXN20240315003257,ACCT205211,MERCH300230,deposit,7.75,web,2024-03-15 11:25:50,approved,False
TXN20240315003258,ACCT201023,MERCH300293,purchase,97.92,web,2024-03-15 14:29:47,approved,False
TXN20240315003259,ACCT205017,MERCH300294,deposit,41.11,in_person,2024-03-15 16:55:19,approved,False
TXN20240315003260,ACCT201989,MERCH300225,purchase,37.08,in_person,2024-03-15 11:11:42,approved,False
TXN20240315003261,ACCT206473,MERCH300158,purchase,116.34,mobile,2024-03-15 05:20:27,approved,False
TXN20240315003262,ACCT206172,MERCH300032,purchase,25.46,in_person,2024-03-15 01:28:48,approved,False
TXN20240315003263,ACCT206004,MERCH300284,purchase,116.17,in_person,2024-03-15 12:54:27,approved,False
TXN20240315003264,ACCT200168,MERCH300299,transfer,191.18,in_person,2024-03-15 20:21:28,approved,False
TXN20240315003265,ACCT201810,MERCH300016,purchase,23.52,in_person,2024-03-15 12:09:03,approved,False
TXN20240315003266,ACCT204307,MERCH300124,transfer,45.62,mobile,2024-03-15 03:23:11,declined,False
TXN20240315003267,ACCT201224,MERCH300137,purchase,87.3,mobile,2024-03-15 07:15:53,approved,False
TXN20240315003268,ACCT202590,MERCH300277,purchase,17.01,in_person,2024-03-15 09:19:30,approved,False
TXN20240315003269,ACCT200626,MERCH300027,transfer,22.35,web,2024-03-15 08:37:56,approved,False
TXN20240315003270,ACCT200250,MERCH300058,purchase,20.41,in_person,2024-03-15 19:55:14,approved,False
TXN20240315003271,ACCT201607,MERCH300145,deposit,12.03,mobile,2024-03-15 03:27:40,declined,False
TXN20240315003272,ACCT203581,MERCH300288,withdrawal,7.13,web,2024-03-15 18:17:25,approved,False
TXN20240315003273,ACCT205847,MERCH300115,purchase,12.95,in_person,2024-03-15 10:34:46,approved,False
TXN20240315003274,ACCT204817,MERCH300052,purchase,87.49,web,2024-03-15 03:32:50,approved,False
TXN20240315003275,ACCT200174,MERCH300003,purchase,52.72,mobile,2024-03-15 13:07:17,approved,False
TXN20240315003276,ACCT201117,MERCH300172,purchase,8.04,in_person,2024-03-15 21:51:07,approved,False
TXN20240315003277,ACCT205786,MERCH300293,deposit,74.36,web,2024-03-15 22:15:57,approved,False
TXN20240315003278,ACCT202387,MERCH300028,transfer,36.73,in_person,2024-03-15 19:09:38,declined,False
TXN20240315003279,ACCT200126,MERCH300090,purchase,39.04,atm,2024-03-15 23:20:47,approved,False
TXN20240315003280,ACCT202488,MERCH300032,purchase,27.23,in_person,2024-03-15 03:08:14,approved,False
TXN20240315003281,ACCT201269,MERCH300201,withdrawal,11.55,in_person,2024-03-15 02:24:59,approved,False
TXN20240315003282,ACCT200882,MERCH300113,deposit,29.15,web,2024-03-15 04:31:48,declined,False
TXN20240315003283,ACCT204616,MERCH300181,purchase,28.41,mobile,2024-03-15 04:57:40,approved,False
TXN20240315003284,ACCT203883,MERCH300230,purchase,20.98,atm,2024-03-15 16:19:42,declined,False
TXN20240315003285,ACCT203593,MERCH300134,purchase,98.02,web,2024-03-15 14:02:08,declined,False
TXN20240315003286,ACCT201757,MERCH300285,purchase,33.55,atm,2024-03-15 09:23:22,approved,False
TXN20240315003287,ACCT200178,MERCH300083,deposit,32.14,mobile,2024-03-15 17:34:13,approved,True
TXN20240315003288,ACCT202826,MERCH300238,purchase,68.48,atm,2024-03-15 05:17:36,approved,False
TXN20240315003289,ACCT200459,MERCH300258,transfer,68.03,in_person,2024-03-15 14:39:32,approved,False
TXN20240315003290,ACCT201749,MERCH300139,purchase,24.35,in_person,2024-03-15 19:56:08,approved,False
TXN20240315003291,ACCT203156,MERCH300242,transfer,98.67,in_person,2024-03-15 22:51:34,approved,False
TXN20240315003292,ACCT205204,MERCH300106,purchase,23.65,web,2024-03-15 18:58:02,approved,False
TXN20240315003293,ACCT203973,MERCH300275,purchase,22.32,mobile,2024-03-15 01:41:27,approved,False
TXN20240315003294,ACCT205529,MERCH300051,purchase,253.89,in_person,2024-03-15 17:50:55,approved,False
TXN20240315003295,ACCT203583,MERCH300056,deposit,47.19,in_person,2024-03-15 23:14:58,approved,False
TXN20240315003296,ACCT203808,MERCH300270,deposit,5.88,in_person,2024-03-15 06:17:17,approved,False
TXN20240315003297,ACCT200709,MERCH300258,purchase,109.82,atm,2024-03-15 20:51:18,approved,False
TXN20240315003298,ACCT200477,MERCH300129,purchase,21.02,web,2024-03-15 01:17:09,approved,False
TXN20240315003299,ACCT201316,MERCH300170,transfer,78.96,in_person,2024-03-15 14:13:25,approved,False
TXN20240315003300,ACCT201417,MERCH300298,purchase,11.18,in_person,2024-03-15 02:24:01,approved,False
TXN20240315003301,ACCT200381,MERCH300052,withdrawal,19.52,in_person,2024-03-15 20:32:27,approved,False
TXN20240315003302,ACCT206169,MERCH300164,purchase,9.99,in_person,2024-03-15 09:34:27,approved,False
TXN20240315003303,ACCT205121,MERCH300025,purchase,13.93,in_person,2024-03-15 05:20:01,approved,False
TXN20240315003304,ACCT200596,MERCH300021,purchase,53.25,atm,2024-03-15 07:33:48,approved,False
TXN20240315003305,ACCT202974,MERCH300065,transfer,382.89,atm,2024-03-15 04:04:55,approved,False
TXN20240315003306,ACCT203859,MERCH300053,purchase,14.21,in_person,2024-03-15 15:39:17,approved,False
TXN20240315003307,ACCT200983,MERCH300253,purchase,25.76,web,2024-03-15 19:49:10,approved,False
TXN20240315003308,ACCT204276,MERCH300002,transfer,28.81,atm,2024-03-15 22:42:25,approved,False
TXN20240315003309,ACCT204302,MERCH300168,withdrawal,47.95,web,2024-03-15 07:56:59,approved,False
TXN20240315003310,ACCT204818,MERCH300127,transfer,47.05,in_person,2024-03-15 15:29:50,approved,False
TXN20240315003311,ACCT205589,MERCH300083,purchase,21.45,mobile,2024-03-15 09:34:20,approved,False
TXN20240315003312,ACCT204311,MERCH300112,purchase,160.01,atm,2024-03-15 21:42:27,approved,False
TXN20240315003313,ACCT200290,MERCH300190,transfer,9.75,in_person,2024-03-15 21:54:07,declined,False
TXN20240315003314,ACCT202350,MERCH300235,purchase,142.5,mobile,2024-03-15 20:31:38,approved,False
TXN20240315003315,ACCT201079,MERCH300064,withdrawal,68.46,web,2024-03-15 15:28:25,approved,False
TXN20240315003316,ACCT205036,MERCH300099,purchase,53.16,web,2024-03-15 01:09:41,approved,False
TXN20240315003317,ACCT204017,MERCH300129,purchase,57.2,in_person,2024-03-15 12:02:09,approved,False
TXN20240315003318,ACCT201270,MERCH300202,withdrawal,50.39,mobile,2024-03-15 20:00:18,approved,False
TXN20240315003319,ACCT205681,MERCH300063,purchase,21.1,in_person,2024-03-15 03:54:51,approved,False
TXN20240315003320,ACCT201570,MERCH300005,purchase,78.62,in_person,2024-03-15 13:58:04,approved,False
TXN20240315003321,ACCT205182,MERCH300205,transfer,89.05,in_person,2024-03-15 15:50:04,approved,False
TXN20240315003322,ACCT204393,MERCH300123,purchase,34.12,web,2024-03-15 05:41:30,approved,False
TXN20240315003323,ACCT202883,MERCH300026,purchase,112.61,mobile,2024-03-15 09:49:04,approved,False
TXN20240315003324,ACCT202749,MERCH300088,withdrawal,88.54,mobile,2024-03-15 01:17:59,approved,False
TXN20240315003325,ACCT203280,MERCH300281,purchase,14.41,atm,2024-03-15 17:39:14,approved,False
TXN20240315003326,ACCT205882,MERCH300245,deposit,65.87,web,2024-03-15 11:57:17,approved,False
TXN20240315003327,ACCT203669,MERCH300139,purchase,22.03,in_person,2024-03-15 06:07:12,approved,False
TXN20240315003328,ACCT206095,MERCH300153,withdrawal,31.95,mobile,2024-03-15 09:38:31,approved,False
TXN20240315003329,ACCT200940,MERCH300145,withdrawal,99.7,mobile,2024-03-15 05:24:49,approved,False
TXN20240315003330,ACCT200771,MERCH300046,purchase,95.22,in_person,2024-03-15 11:20:15,approved,False
TXN20240315003331,ACCT204045,MERCH300062,purchase,16.8,in_person,2024-03-15 00:20:23,approved,False
TXN20240315003332,ACCT204766,MERCH300213,transfer,56.04,mobile,2024-03-15 21:30:39,approved,False
TXN20240315003333,ACCT205708,MERCH300069,purchase,17.21,atm,2024-03-15 01:56:08,approved,False
TXN20240315003334,ACCT200194,MERCH300188,transfer,38.21,mobile,2024-03-15 14:40:18,approved,False
TXN20240315003335,ACCT205882,MERCH300140,purchase,52.21,mobile,2024-03-15 12:25:38,approved,False
TXN20240315003336,ACCT204242,MERCH300229,purchase,37.66,mobile,2024-03-15 05:24:25,approved,False
TXN20240315003337,ACCT206362,MERCH300063,purchase,96.7,web,2024-03-15 02:29:18,approved,False
TXN20240315003338,ACCT206401,MERCH300246,purchase,31.59,mobile,2024-03-15 12:20:11,approved,False
TXN20240315003339,ACCT200071,MERCH300129,purchase,35.46,mobile,2024-03-15 06:51:44,approved,False
TXN20240315003340,ACCT204385,MERCH300103,purchase,60.54,mobile,2024-03-15 22:17:58,approved,False
TXN20240315003341,ACCT202164,MERCH300265,purchase,31.0,mobile,2024-03-15 05:00:08,approved,False
TXN20240315003342,ACCT205085,MERCH300240,purchase,14.58,web,2024-03-15 14:08:54,approved,False
TXN20240315003343,ACCT200343,MERCH300087,purchase,9.02,in_person,2024-03-15 06:23:03,reversed,False
TXN20240315003344,ACCT200782,MERCH300245,purchase,39.13,web,2024-03-15 02:04:00,approved,False
TXN20240315003345,ACCT200847,MERCH300295,purchase,62.46,in_person,2024-03-15 23:20:07,approved,False
TXN20240315003346,ACCT200333,MERCH300287,purchase,47.72,in_person,2024-03-15 20:23:53,approved,False
TXN20240315003347,ACCT203759,MERCH300175,purchase,59.47,web,2024-03-15 03:40:25,approved,False
TXN20240315003348,ACCT202201,MERCH300247,purchase,9.32,web,2024-03-15 11:06:19,approved,False
TXN20240315003349,ACCT201846,MERCH300018,withdrawal,12.25,mobile,2024-03-15 16:19:35,approved,False
TXN20240315003350,ACCT201758,MERCH300167,withdrawal,29.62,mobile,2024-03-15 00:50:54,approved,False
TXN20240315003351,ACCT205302,MERCH300049,deposit,26.15,web,2024-03-15 23:00:41,approved,False
TXN20240315003352,ACCT200740,MERCH300255,purchase,7.65,in_person,2024-03-15 16:36:42,approved,False
TXN20240315003353,ACCT200030,MERCH300214,purchase,38.14,in_person,2024-03-15 03:30:39,approved,False
TXN20240315003354,ACCT205286,MERCH300105,purchase,132.83,web,2024-03-15 17:28:04,approved,False
TXN20240315003355,ACCT202899,MERCH300097,purchase,83.34,atm,2024-03-15 04:44:21,approved,False
TXN20240315003356,ACCT203727,MERCH300129,deposit,19.12,in_person,2024-03-15 21:32:07,approved,False
TXN20240315003357,ACCT206329,MERCH300079,purchase,38.55,in_person,2024-03-15 23:31:52,approved,False
TXN20240315003358,ACCT202179,MERCH300057,purchase,9.91,web,2024-03-15 03:29:08,declined,False
TXN20240315003359,ACCT204246,MERCH300197,purchase,51.8,in_person,2024-03-15 23:57:09,approved,False
TXN20240315003360,ACCT202952,MERCH300028,purchase,54.54,in_person,2024-03-15 09:33:13,approved,False
TXN20240315003361,ACCT202320,MERCH300006,purchase,22.59,mobile,2024-03-15 22:41:00,approved,False
TXN20240315003362,ACCT205656,MERCH300137,transfer,53.35,in_person,2024-03-15 12:35:24,approved,False
TXN20240315003363,ACCT200869,MERCH300248,purchase,54.22,in_person,2024-03-15 09:34:36,approved,False
TXN20240315003364,ACCT201379,MERCH300162,withdrawal,17.85,mobile,2024-03-15 11:51:15,approved,False
TXN20240315003365,ACCT203277,MERCH300078,purchase,15.02,mobile,2024-03-15 14:48:44,approved,False
TXN20240315003366,ACCT203394,MERCH300191,purchase,119.03,in_person,2024-03-15 16:12:31,approved,False
TXN20240315003367,ACCT203786,MERCH300043,withdrawal,122.45,in_person,2024-03-15 05:59:51,approved,False
TXN20240315003368,ACCT202483,MERCH300090,purchase,51.21,atm,2024-03-15 11:42:57,approved,False
TXN20240315003369,ACCT205617,MERCH300137,purchase,116.99,in_person,2024-03-15 04:07:17,approved,False
TXN20240315003370,ACCT200944,MERCH300027,purchase,101.8,web,2024-03-15 17:27:21,approved,False
TXN20240315003371,ACCT203137,MERCH300252,deposit,30.75,atm,2024-03-15 15:42:23,approved,False
TXN20240315003372,ACCT204169,MERCH300015,purchase,37.01,mobile,2024-03-15 14:44:33,approved,False
TXN20240315003373,ACCT204793,MERCH300153,transfer,34.62,web,2024-03-15 16:10:19,approved,False
TXN20240315003374,ACCT201663,MERCH300191,purchase,10.22,web,2024-03-15 06:04:28,approved,False
TXN20240315003375,ACCT202468,MERCH300249,purchase,24.37,atm,2024-03-15 06:57:18,approved,False
TXN20240315003376,ACCT204503,MERCH300125,withdrawal,311.2,in_person,2024-03-15 23:13:03,approved,False
TXN20240315003377,ACCT205607,MERCH300009,purchase,21.95,in_person,2024-03-15 05:30:24,approved,False
TXN20240315003378,ACCT205043,MERCH300255,purchase,5.76,mobile,2024-03-15 23:37:03,approved,False
TXN20240315003379,ACCT203424,MERCH300191,withdrawal,11.82,atm,2024-03-15 11:13:12,approved,False
TXN20240315003380,ACCT200931,MERCH300263,purchase,37.48,in_person,2024-03-15 23:09:44,declined,False
TXN20240315003381,ACCT205839,MERCH300153,purchase,43.34,web,2024-03-15 13:28:46,approved,False
TXN20240315003382,ACCT203025,MERCH300100,purchase,55.9,web,2024-03-15 17:45:08,approved,False
TXN20240315003383,ACCT202784,MERCH300145,transfer,40.85,web,2024-03-15 23:41:36,approved,False
TXN20240315003384,ACCT200684,MERCH300105,purchase,44.22,web,2024-03-15 18:05:59,approved,False
TXN20240315003385,ACCT200033,MERCH300240,purchase,31.34,web,2024-03-15 11:59:50,approved,False
TXN20240315003386,ACCT204326,MERCH300175,deposit,31.24,web,2024-03-15 17:20:32,declined,False
TXN20240315003387,ACCT202449,MERCH300101,purchase,263.63,web,2024-03-15 11:51:49,approved,False
TXN20240315003388,ACCT200482,MERCH300093,transfer,40.02,mobile,2024-03-15 13:40:16,approved,False
TXN20240315003389,ACCT206149,MERCH300035,transfer,7.64,in_person,2024-03-15 07:36:52,approved,False
TXN20240315003390,ACCT204668,MERCH300221,purchase,63.57,web,2024-03-15 02:26:54,approved,False
TXN20240315003391,ACCT200166,MERCH300264,transfer,60.85,in_person,2024-03-15 06:41:57,approved,False
TXN20240315003392,ACCT204702,MERCH300152,deposit,6.73,mobile,2024-03-15 19:57:23,approved,False
TXN20240315003393,ACCT204402,MERCH300220,deposit,55.28,web,2024-03-15 06:44:23,approved,False
TXN20240315003394,ACCT204037,MERCH300165,deposit,11.55,in_person,2024-03-15 23:19:32,approved,False
TXN20240315003395,ACCT202040,MERCH300262,purchase,5.62,mobile,2024-03-15 02:12:52,approved,False
TXN20240315003396,ACCT202696,MERCH300225,purchase,81.01,mobile,2024-03-15 03:06:23,declined,False
TXN20240315003397,ACCT204742,MERCH300188,purchase,49.98,mobile,2024-03-15 18:18:38,approved,False
TXN20240315003398,ACCT201480,MERCH300065,withdrawal,33.38,web,2024-03-15 10:56:16,approved,False
TXN20240315003399,ACCT205040,MERCH300166,purchase,122.27,web,2024-03-15 23:53:57,approved,False
TXN20240315003400,ACCT200319,MERCH300271,transfer,130.65,atm,2024-03-15 07:42:50,approved,False
TXN20240315003401,ACCT205096,MERCH300173,purchase,114.67,atm,2024-03-15 08:24:16,approved,False
TXN20240315003402,ACCT202903,MERCH300127,purchase,11.11,in_person,2024-03-15 08:47:05,approved,False
TXN20240315003403,ACCT204611,MERCH300174,deposit,80.6,web,2024-03-15 02:38:36,approved,False
TXN20240315003404,ACCT200143,MERCH300150,purchase,149.24,mobile,2024-03-15 20:07:20,approved,False
TXN20240315003405,ACCT203167,MERCH300155,purchase,121.79,atm,2024-03-15 16:52:49,approved,False
TXN20240315003406,ACCT201671,MERCH300045,purchase,21.01,mobile,2024-03-15 05:04:37,approved,False
TXN20240315003407,ACCT203763,MERCH300256,purchase,15.11,atm,2024-03-15 11:28:20,approved,False
TXN20240315003408,ACCT200083,MERCH300163,purchase,90.23,web,2024-03-15 21:01:01,approved,False
TXN20240315003409,ACCT203002,MERCH300061,purchase,121.3,in_person,2024-03-15 17:15:10,approved,False
TXN20240315003410,ACCT200988,MERCH300215,withdrawal,5.31,in_person,2024-03-15 14:54:11,approved,False
TXN20240315003411,ACCT202754,MERCH300033,purchase,39.61,in_person,2024-03-15 21:55:36,approved,False
TXN20240315003412,ACCT204396,MERCH300024,transfer,23.25,mobile,2024-03-15 11:37:37,approved,False
TXN20240315003413,ACCT204497,MERCH300001,purchase,92.42,in_person,2024-03-15 15:57:40,approved,False
TXN20240315003414,ACCT200490,MERCH300024,purchase,270.45,atm,2024-03-15 00:40:58,approved,True
TXN20240315003415,ACCT203724,MERCH300083,purchase,20.38,mobile,2024-03-15 03:17:47,approved,False
TXN20240315003416,ACCT204550,MERCH300161,purchase,25.96,in_person,2024-03-15 02:02:48,approved,False
TXN20240315003417,ACCT202197,MERCH300187,purchase,39.63,in_person,2024-03-15 21:26:28,approved,False
TXN20240315003418,ACCT201185,MERCH300289,withdrawal,55.5,atm,2024-03-15 12:04:05,approved,False
TXN20240315003419,ACCT206368,MERCH300068,deposit,33.33,web,2024-03-15 07:46:50,approved,False
TXN20240315003420,ACCT203855,MERCH300185,purchase,177.84,in_person,2024-03-15 11:03:35,approved,False
TXN20240315003421,ACCT203978,MERCH300044,transfer,41.75,web,2024-03-15 00:38:44,approved,False
TXN20240315003422,ACCT204808,MERCH300112,transfer,99.59,mobile,2024-03-15 01:51:34,approved,True
TXN20240315003423,ACCT203805,MERCH300198,withdrawal,27.01,in_person,2024-03-15 03:21:44,declined,False
TXN20240315003424,ACCT203535,MERCH300041,purchase,42.64,web,2024-03-15 05:05:11,approved,False
TXN20240315003425,ACCT200582,MERCH300055,purchase,84.73,in_person,2024-03-15 10:13:05,approved,False
TXN20240315003426,ACCT200438,MERCH300054,withdrawal,102.86,mobile,2024-03-15 12:47:35,approved,False
TXN20240315003427,ACCT200491,MERCH300048,purchase,44.62,in_person,2024-03-15 05:28:04,approved,False
TXN20240315003428,ACCT205350,MERCH300252,purchase,74.93,atm,2024-03-15 19:28:17,approved,False
TXN20240315003429,ACCT204916,MERCH300098,purchase,71.01,in_person,2024-03-15 22:38:46,approved,False
TXN20240315003430,ACCT205900,MERCH300055,withdrawal,30.63,in_person,2024-03-15 12:44:21,approved,False
TXN20240315003431,ACCT205398,MERCH300105,purchase,16.01,in_person,2024-03-15 11:16:14,approved,False
TXN20240315003432,ACCT200944,MERCH300110,purchase,37.2,atm,2024-03-15 00:06:23,approved,False
TXN20240315003433,ACCT205251,MERCH300011,transfer,18.47,mobile,2024-03-15 18:45:35,approved,False
TXN20240315003434,ACCT204044,MERCH300296,purchase,34.95,in_person,2024-03-15 18:34:19,approved,False
TXN20240315003435,ACCT201553,MERCH300020,purchase,23.35,web,2024-03-15 20:13:02,approved,False
TXN20240315003436,ACCT205752,MERCH300012,purchase,47.01,web,2024-03-15 20:44:06,approved,False
TXN20240315003437,ACCT201773,MERCH300134,purchase,31.38,in_person,2024-03-15 03:37:06,approved,False
TXN20240315003438,ACCT200918,MERCH300234,purchase,55.84,web,2024-03-15 23:08:48,declined,False
TXN20240315003439,ACCT200799,MERCH300014,purchase,10.72,in_person,2024-03-15 02:14:33,approved,False
TXN20240315003440,ACCT200572,MERCH300274,withdrawal,22.75,mobile,2024-03-15 08:18:15,approved,False
TXN20240315003441,ACCT200009,MERCH300298,purchase,46.13,web,2024-03-15 06:22:58,approved,False
TXN20240315003442,ACCT201561,MERCH300168,purchase,24.12,web,2024-03-15 06:23:04,approved,False
TXN20240315003443,ACCT204064,MERCH300015,purchase,94.6,atm,2024-03-15 02:41:34,approved,False
TXN20240315003444,ACCT204827,MERCH300112,withdrawal,55.72,mobile,2024-03-15 15:17:31,approved,False
TXN20240315003445,ACCT205818,MERCH300182,transfer,52.54,mobile,2024-03-15 18:46:03,approved,False
TXN20240315003446,ACCT205852,MERCH300219,deposit,12.73,web,2024-03-15 02:30:07,approved,False
TXN20240315003447,ACCT201275,MERCH300178,purchase,35.7,in_person,2024-03-15 04:15:43,approved,False
TXN20240315003448,ACCT204805,MERCH300250,transfer,29.08,web,2024-03-15 17:50:11,approved,False
TXN20240315003449,ACCT202075,MERCH300025,withdrawal,49.08,mobile,2024-03-15 18:56:13,approved,False
TXN20240315003450,ACCT201474,MERCH300180,purchase,36.55,mobile,2024-03-15 18:54:03,approved,False
TXN20240315003451,ACCT201775,MERCH300147,transfer,17.14,in_person,2024-03-15 03:41:10,reversed,False
TXN20240315003452,ACCT200898,MERCH300027,purchase,10.06,mobile,2024-03-15 16:15:51,approved,False
TXN20240315003453,ACCT205742,MERCH300071,transfer,52.1,mobile,2024-03-15 11:10:48,approved,False
TXN20240315003454,ACCT201672,MERCH300029,purchase,50.69,in_person,2024-03-15 07:23:42,approved,False
TXN20240315003455,ACCT203330,MERCH300000,purchase,62.66,atm,2024-03-15 14:14:46,approved,False
TXN20240315003456,ACCT204575,MERCH300278,purchase,45.14,atm,2024-03-15 01:03:53,approved,False
TXN20240315003457,ACCT200117,MERCH300113,purchase,23.99,in_person,2024-03-15 23:27:05,approved,False
TXN20240315003458,ACCT202510,MERCH300265,transfer,70.9,mobile,2024-03-15 06:09:00,approved,False
TXN20240315003459,ACCT206294,MERCH300026,deposit,110.67,in_person,2024-03-15 10:49:36,approved,False
TXN20240315003460,ACCT200749,MERCH300271,purchase,6.48,in_person,2024-03-15 22:06:55,approved,False
TXN20240315003461,ACCT206460,MERCH300285,purchase,46.34,web,2024-03-15 07:47:20,approved,False
TXN20240315003462,ACCT200925,MERCH300017,transfer,45.9,web,2024-03-15 04:03:33,approved,False
TXN20240315003463,ACCT200031,MERCH300037,withdrawal,78.35,mobile,2024-03-15 15:06:33,declined,False
TXN20240315003464,ACCT201218,MERCH300200,purchase,29.72,web,2024-03-15 12:41:36,declined,False
TXN20240315003465,ACCT204475,MERCH300189,purchase,35.94,web,2024-03-15 21:50:14,approved,False
TXN20240315003466,ACCT204875,MERCH300050,purchase,38.87,in_person,2024-03-15 03:51:53,approved,False
TXN20240315003467,ACCT202561,MERCH300036,purchase,61.79,mobile,2024-03-15 04:37:50,approved,False
TXN20240315003468,ACCT201260,MERCH300035,purchase,15.7,in_person,2024-03-15 15:00:43,approved,False
TXN20240315003469,ACCT206328,MERCH300166,purchase,43.75,in_person,2024-03-15 20:25:23,approved,False
TXN20240315003470,ACCT203411,MERCH300207,purchase,6.35,web,2024-03-15 23:25:05,approved,False
TXN20240315003471,ACCT204332,MERCH300166,purchase,80.06,mobile,2024-03-15 00:29:15,approved,False
TXN20240315003472,ACCT201431,MERCH300130,deposit,31.95,web,2024-03-15 03:52:22,approved,True
TXN20240315003473,ACCT204090,MERCH300044,deposit,53.91,in_person,2024-03-15 11:16:35,approved,True
TXN20240315003474,ACCT204905,MERCH300032,withdrawal,15.62,in_person,2024-03-15 14:49:30,approved,False
TXN20240315003475,ACCT202903,MERCH300029,purchase,9.37,in_person,2024-03-15 05:59:08,approved,False
TXN20240315003476,ACCT203608,MERCH300079,purchase,53.35,web,2024-03-15 11:50:15,approved,False
TXN20240315003477,ACCT202064,MERCH300015,purchase,100.02,mobile,2024-03-15 01:47:20,declined,False
TXN20240315003478,ACCT201597,MERCH300048,transfer,16.58,in_person,2024-03-15 09:36:08,approved,False
TXN20240315003479,ACCT204215,MERCH300170,purchase,22.49,mobile,2024-03-15 02:29:57,approved,False
TXN20240315003480,ACCT204392,MERCH300072,purchase,41.75,in_person,2024-03-15 14:48:36,approved,False
TXN20240315003481,ACCT204177,MERCH300248,purchase,28.81,in_person,2024-03-15 16:57:52,approved,False
TXN20240315003482,ACCT201230,MERCH300157,deposit,184.36,mobile,2024-03-15 19:45:44,approved,False
TXN20240315003483,ACCT202022,MERCH300023,withdrawal,5.73,in_person,2024-03-15 02:01:45,approved,False
TXN20240315003484,ACCT202658,MERCH300163,purchase,82.97,web,2024-03-15 00:57:34,approved,False
TXN20240315003485,ACCT204197,MERCH300216,purchase,90.41,web,2024-03-15 08:31:36,reversed,False
TXN20240315003486,ACCT204498,MERCH300273,purchase,17.38,mobile,2024-03-15 20:26:30,approved,False
TXN20240315003487,ACCT203441,MERCH300125,transfer,20.43,mobile,2024-03-15 20:29:41,approved,False
TXN20240315003488,ACCT206210,MERCH300061,transfer,29.73,web,2024-03-15 21:49:55,approved,False
TXN20240315003489,ACCT201759,MERCH300293,purchase,16.59,mobile,2024-03-15 21:50:12,declined,False
TXN20240315003490,ACCT201190,MERCH300084,transfer,164.12,in_person,2024-03-15 03:23:35,approved,False
TXN20240315003491,ACCT203703,MERCH300212,purchase,5.94,web,2024-03-15 06:32:50,approved,False
TXN20240315003492,ACCT205589,MERCH300196,transfer,27.86,in_person,2024-03-15 17:07:58,approved,False
TXN20240315003493,ACCT200748,MERCH300151,purchase,45.88,in_person,2024-03-15 18:56:59,declined,False
TXN20240315003494,ACCT203844,MERCH300062,deposit,127.68,mobile,2024-03-15 14:16:21,approved,False
TXN20240315003495,ACCT202460,MERCH300194,purchase,47.94,web,2024-03-15 05:42:05,approved,False
TXN20240315003496,ACCT201751,MERCH300224,withdrawal,19.63,in_person,2024-03-15 11:28:37,declined,False
TXN20240315003497,ACCT201902,MERCH300288,transfer,71.27,mobile,2024-03-15 04:41:37,approved,False
TXN20240315003498,ACCT201016,MERCH300161,withdrawal,131.67,web,2024-03-15 12:11:05,approved,False
TXN20240315003499,ACCT200180,MERCH300190,purchase,17.32,mobile,2024-03-15 05:22:16,approved,False
TXN20240315003500,ACCT200622,MERCH300046,purchase,48.05,web,2024-03-15 19:02:59,approved,False
TXN20240315003501,ACCT202582,MERCH300207,purchase,38.34,in_person,2024-03-15 07:31:27,approved,False
TXN20240315003502,ACCT203399,MERCH300069,deposit,73.91,atm,2024-03-15 05:12:18,approved,False
TXN20240315003503,ACCT201608,MERCH300296,withdrawal,11.55,web,2024-03-15 19:24:57,approved,False
TXN20240315003504,ACCT205478,MERCH300177,transfer,25.52,web,2024-03-15 04:19:29,approved,False
TXN20240315003505,ACCT201277,MERCH300264,purchase,17.62,in_person,2024-03-15 10:08:37,approved,False
TXN20240315003506,ACCT201128,MERCH300179,purchase,133.87,web,2024-03-15 03:34:05,approved,False
TXN20240315003507,ACCT203779,MERCH300021,purchase,98.64,in_person,2024-03-15 15:26:52,approved,False
TXN20240315003508,ACCT204108,MERCH300137,transfer,24.41,in_person,2024-03-15 06:29:07,approved,False
TXN20240315003509,ACCT203846,MERCH300219,purchase,28.38,in_person,2024-03-15 11:21:47,approved,False
TXN20240315003510,ACCT202160,MERCH300149,transfer,14.81,in_person,2024-03-15 01:42:35,approved,False
TXN20240315003511,ACCT205934,MERCH300056,purchase,27.9,mobile,2024-03-15 19:50:04,approved,False
TXN20240315003512,ACCT204352,MERCH300255,deposit,34.36,in_person,2024-03-15 16:56:55,approved,False
TXN20240315003513,ACCT203772,MERCH300237,purchase,120.71,in_person,2024-03-15 07:44:28,approved,False
TXN20240315003514,ACCT201703,MERCH300062,purchase,79.52,mobile,2024-03-15 14:39:09,approved,False
TXN20240315003515,ACCT205285,MERCH300276,purchase,86.54,mobile,2024-03-15 00:32:11,approved,False
TXN20240315003516,ACCT204728,MERCH300215,withdrawal,40.57,atm,2024-03-15 06:09:31,approved,False
TXN20240315003517,ACCT202907,MERCH300093,purchase,21.8,mobile,2024-03-15 16:15:44,declined,False
TXN20240315003518,ACCT204429,MERCH300076,deposit,83.91,web,2024-03-15 07:19:01,approved,False
TXN20240315003519,ACCT200990,MERCH300021,purchase,16.12,atm,2024-03-15 13:38:35,approved,False
TXN20240315003520,ACCT206305,MERCH300186,purchase,83.97,in_person,2024-03-15 09:42:39,approved,False
TXN20240315003521,ACCT204366,MERCH300083,purchase,39.18,in_person,2024-03-15 14:12:26,approved,False
TXN20240315003522,ACCT203771,MERCH300195,purchase,31.65,web,2024-03-15 01:19:47,approved,False
TXN20240315003523,ACCT200229,MERCH300206,deposit,38.91,mobile,2024-03-15 21:31:13,approved,False
TXN20240315003524,ACCT200835,MERCH300019,purchase,25.55,in_person,2024-03-15 17:20:34,approved,False
TXN20240315003525,ACCT204844,MERCH300051,purchase,293.89,atm,2024-03-15 16:05:13,approved,False
TXN20240315003526,ACCT202510,MERCH300122,purchase,8.28,atm,2024-03-15 13:59:47,approved,False
TXN20240315003527,ACCT202914,MERCH300276,purchase,13.11,atm,2024-03-15 02:49:18,approved,False
TXN20240315003528,ACCT205603,MERCH300107,transfer,32.53,mobile,2024-03-15 19:01:45,approved,False
TXN20240315003529,ACCT205125,MERCH300041,withdrawal,18.48,mobile,2024-03-15 04:26:11,approved,False
TXN20240315003530,ACCT206437,MERCH300070,purchase,19.4,atm,2024-03-15 18:19:07,approved,False
TXN20240315003531,ACCT205815,MERCH300237,purchase,45.88,in_person,2024-03-15 10:15:01,approved,False
TXN20240315003532,ACCT203722,MERCH300132,purchase,52.47,in_person,2024-03-15 20:14:47,reversed,False
TXN20240315003533,ACCT201143,MERCH300117,purchase,60.85,in_person,2024-03-15 09:30:05,approved,False
TXN20240315003534,ACCT204900,MERCH300099,purchase,22.61,atm,2024-03-15 15:15:47,approved,False
TXN20240315003535,ACCT201524,MERCH300208,purchase,120.64,in_person,2024-03-15 05:31:10,approved,False
TXN20240315003536,ACCT203982,MERCH300009,deposit,58.88,atm,2024-03-15 00:03:23,declined,False
TXN20240315003537,ACCT202107,MERCH300215,purchase,44.71,in_person,2024-03-15 02:53:04,approved,False
TXN20240315003538,ACCT200191,MERCH300111,deposit,33.21,in_person,2024-03-15 04:27:05,approved,False
TXN20240315003539,ACCT200977,MERCH300113,withdrawal,110.48,in_person,2024-03-15 09:40:12,approved,False
TXN20240315003540,ACCT203295,MERCH300285,purchase,23.2,mobile,2024-03-15 16:16:26,approved,False
TXN20240315003541,ACCT203507,MERCH300098,purchase,64.85,web,2024-03-15 16:37:53,approved,False
TXN20240315003542,ACCT205325,MERCH300234,transfer,66.79,web,2024-03-15 19:34:13,approved,False
TXN20240315003543,ACCT206426,MERCH300163,withdrawal,14.76,mobile,2024-03-15 00:50:14,approved,False
TXN20240315003544,ACCT204312,MERCH300139,purchase,39.03,atm,2024-03-15 11:49:08,approved,False
TXN20240315003545,ACCT200198,MERCH300067,purchase,88.68,in_person,2024-03-15 23:05:20,approved,False
TXN20240315003546,ACCT200393,MERCH300261,withdrawal,63.39,web,2024-03-15 19:42:20,approved,False
TXN20240315003547,ACCT201230,MERCH300292,transfer,115.07,mobile,2024-03-15 11:50:58,approved,False
TXN20240315003548,ACCT204795,MERCH300215,purchase,21.25,in_person,2024-03-15 20:33:07,approved,False
TXN20240315003549,ACCT200443,MERCH300170,purchase,18.23,atm,2024-03-15 07:00:42,approved,False
TXN20240315003550,ACCT201986,MERCH300147,purchase,85.54,in_person,2024-03-15 14:07:37,approved,False
TXN20240315003551,ACCT202938,MERCH300135,withdrawal,9.53,web,2024-03-15 01:34:51,approved,False
TXN20240315003552,ACCT204658,MERCH300021,purchase,23.79,mobile,2024-03-15 14:04:19,declined,False
TXN20240315003553,ACCT206053,MERCH300298,purchase,23.43,web,2024-03-15 00:40:26,approved,False
TXN20240315003554,ACCT203486,MERCH300158,purchase,28.73,in_person,2024-03-15 23:01:00,approved,False
TXN20240315003555,ACCT201827,MERCH300181,purchase,12.1,atm,2024-03-15 03:46:54,approved,False
TXN20240315003556,ACCT201649,MERCH300147,purchase,37.03,web,2024-03-15 01:12:43,approved,False
TXN20240315003557,ACCT205981,MERCH300094,purchase,14.59,in_person,2024-03-15 14:43:36,approved,False
TXN20240315003558,ACCT204817,MERCH300142,purchase,40.43,atm,2024-03-15 02:13:59,approved,False
TXN20240315003559,ACCT203347,MERCH300082,purchase,35.3,in_person,2024-03-15 22:07:42,approved,False
TXN20240315003560,ACCT201876,MERCH300053,purchase,12.04,atm,2024-03-15 22:42:00,approved,False
TXN20240315003561,ACCT202013,MERCH300217,purchase,13.35,atm,2024-03-15 05:08:54,approved,False
TXN20240315003562,ACCT202437,MERCH300162,purchase,22.15,web,2024-03-15 10:20:54,approved,False
TXN20240315003563,ACCT205094,MERCH300080,purchase,89.34,in_person,2024-03-15 01:52:33,approved,False
TXN20240315003564,ACCT202933,MERCH300130,purchase,76.12,in_person,2024-03-15 16:52:33,approved,False
TXN20240315003565,ACCT203517,MERCH300290,deposit,45.19,web,2024-03-15 02:10:45,approved,False
TXN20240315003566,ACCT203244,MERCH300281,transfer,15.02,web,2024-03-15 04:17:52,approved,False
TXN20240315003567,ACCT200407,MERCH300020,purchase,56.11,web,2024-03-15 19:33:02,approved,False
TXN20240315003568,ACCT201741,MERCH300191,purchase,16.01,in_person,2024-03-15 22:24:37,approved,False
TXN20240315003569,ACCT202586,MERCH300291,purchase,39.42,web,2024-03-15 01:34:57,approved,False
TXN20240315003570,ACCT202786,MERCH300189,purchase,35.88,mobile,2024-03-15 05:16:06,approved,False
TXN20240315003571,ACCT203296,MERCH300107,purchase,109.25,mobile,2024-03-15 05:13:21,approved,False
TXN20240315003572,ACCT205979,MERCH300111,purchase,43.32,in_person,2024-03-15 19:42:15,approved,False
TXN20240315003573,ACCT201917,MERCH300043,purchase,28.82,web,2024-03-15 14:25:38,approved,False
TXN20240315003574,ACCT204636,MERCH300075,purchase,44.33,in_person,2024-03-15 10:14:08,approved,False
TXN20240315003575,ACCT204036,MERCH300061,purchase,22.71,mobile,2024-03-15 03:46:00,approved,False
TXN20240315003576,ACCT201657,MERCH300149,purchase,33.19,in_person,2024-03-15 23:49:16,declined,False
TXN20240315003577,ACCT201977,MERCH300192,transfer,58.61,in_person,2024-03-15 21:27:04,approved,False
TXN20240315003578,ACCT201656,MERCH300027,deposit,16.12,web,2024-03-15 17:55:47,approved,False
TXN20240315003579,ACCT201121,MERCH300047,purchase,27.37,in_person,2024-03-15 21:19:29,approved,False
TXN20240315003580,ACCT202364,MERCH300192,withdrawal,20.17,in_person,2024-03-15 17:53:36,approved,False
TXN20240315003581,ACCT205147,MERCH300154,purchase,4.63,in_person,2024-03-15 03:20:58,approved,False
TXN20240315003582,ACCT205074,MERCH300089,purchase,12.36,web,2024-03-15 15:09:16,approved,False
TXN20240315003583,ACCT202376,MERCH300036,withdrawal,12.27,in_person,2024-03-15 07:12:06,approved,False
TXN20240315003584,ACCT204593,MERCH300150,deposit,245.53,web,2024-03-15 03:21:02,approved,False
TXN20240315003585,ACCT206149,MERCH300293,withdrawal,16.8,atm,2024-03-15 12:49:42,approved,False
TXN20240315003586,ACCT201683,MERCH300155,purchase,10.11,mobile,2024-03-15 00:18:41,approved,False
TXN20240315003587,ACCT205278,MERCH300202,purchase,68.45,in_person,2024-03-15 07:18:46,approved,False
TXN20240315003588,ACCT204606,MERCH300270,transfer,12.77,in_person,2024-03-15 06:30:52,approved,False
TXN20240315003589,ACCT204286,MERCH300030,withdrawal,69.6,mobile,2024-03-15 00:38:26,approved,False
TXN20240315003590,ACCT200005,MERCH300081,purchase,93.33,atm,2024-03-15 18:14:10,approved,False
TXN20240315003591,ACCT203000,MERCH300295,purchase,40.94,in_person,2024-03-15 00:53:03,declined,False
TXN20240315003592,ACCT205586,MERCH300110,withdrawal,15.49,in_person,2024-03-15 06:33:36,approved,False
TXN20240315003593,ACCT200683,MERCH300188,purchase,34.52,web,2024-03-15 10:11:43,approved,False
TXN20240315003594,ACCT201782,MERCH300250,purchase,67.76,atm,2024-03-15 15:28:36,reversed,False
TXN20240315003595,ACCT205200,MERCH300237,withdrawal,31.4,in_person,2024-03-15 06:02:46,approved,False
TXN20240315003596,ACCT205472,MERCH300250,transfer,32.43,in_person,2024-03-15 05:16:31,approved,False
TXN20240315003597,ACCT202543,MERCH300232,purchase,19.72,mobile,2024-03-15 23:25:55,approved,False
TXN20240315003598,ACCT206019,MERCH300104,withdrawal,302.72,web,2024-03-15 08:14:31,approved,False
TXN20240315003599,ACCT204625,MERCH300059,purchase,103.34,in_person,2024-03-15 12:51:14,approved,False
TXN20240315003600,ACCT201024,MERCH300161,transfer,96.51,in_person,2024-03-15 17:39:53,approved,False
TXN20240315003601,ACCT206459,MERCH300156,purchase,19.99,atm,2024-03-15 22:37:17,approved,False
TXN20240315003602,ACCT203741,MERCH300069,purchase,29.95,in_person,2024-03-15 14:25:31,approved,False
TXN20240315003603,ACCT201071,MERCH300188,purchase,203.7,mobile,2024-03-15 11:02:22,approved,False
TXN20240315003604,ACCT203393,MERCH300139,transfer,28.38,in_person,2024-03-15 06:08:46,approved,False
TXN20240315003605,ACCT200542,MERCH300039,deposit,99.5,web,2024-03-15 10:35:18,approved,False
TXN20240315003606,ACCT200932,MERCH300170,purchase,145.34,in_person,2024-03-15 14:32:52,approved,False
TXN20240315003607,ACCT204288,MERCH300268,withdrawal,32.76,web,2024-03-15 13:15:56,declined,True
TXN20240315003608,ACCT203288,MERCH300254,transfer,266.22,web,2024-03-15 16:47:11,declined,False
TXN20240315003609,ACCT203004,MERCH300248,withdrawal,378.42,mobile,2024-03-15 08:32:19,approved,False
TXN20240315003610,ACCT201055,MERCH300259,purchase,27.96,in_person,2024-03-15 07:28:23,approved,False
TXN20240315003611,ACCT200347,MERCH300027,deposit,19.61,in_person,2024-03-15 20:53:33,approved,False
TXN20240315003612,ACCT200823,MERCH300036,transfer,12.91,web,2024-03-15 14:07:50,declined,False
TXN20240315003613,ACCT204108,MERCH300168,purchase,38.33,in_person,2024-03-15 09:25:52,approved,False
TXN20240315003614,ACCT205401,MERCH300249,purchase,21.51,in_person,2024-03-15 05:27:40,approved,False
TXN20240315003615,ACCT204948,MERCH300128,purchase,126.62,in_person,2024-03-15 12:07:32,approved,False
TXN20240315003616,ACCT201729,MERCH300296,purchase,23.49,in_person,2024-03-15 20:37:56,approved,False
TXN20240315003617,ACCT205963,MERCH300249,purchase,17.8,web,2024-03-15 07:28:54,declined,False
TXN20240315003618,ACCT204519,MERCH300185,purchase,20.3,mobile,2024-03-15 05:12:03,approved,False
TXN20240315003619,ACCT206350,MERCH300029,deposit,36.87,in_person,2024-03-15 01:10:55,approved,True
TXN20240315003620,ACCT205080,MERCH300107,withdrawal,40.95,atm,2024-03-15 01:01:16,approved,False
TXN20240315003621,ACCT206026,MERCH300239,purchase,35.46,web,2024-03-15 04:01:58,approved,False
TXN20240315003622,ACCT200790,MERCH300268,purchase,155.22,in_person,2024-03-15 05:56:58,approved,False
TXN20240315003623,ACCT203864,MERCH300137,deposit,30.48,in_person,2024-03-15 07:53:58,approved,False
TXN20240315003624,ACCT202386,MERCH300281,purchase,7.2,web,2024-03-15 12:35:17,approved,False
TXN20240315003625,ACCT205152,MERCH300116,purchase,26.53,in_person,2024-03-15 03:27:10,approved,False
TXN20240315003626,ACCT201618,MERCH300023,withdrawal,27.27,web,2024-03-15 13:27:19,approved,False
TXN20240315003627,ACCT203710,MERCH300079,transfer,13.69,atm,2024-03-15 14:00:11,approved,False
TXN20240315003628,ACCT200127,MERCH300178,purchase,11.07,in_person,2024-03-15 22:37:14,approved,False
TXN20240315003629,ACCT204177,MERCH300089,transfer,40.89,web,2024-03-15 23:32:21,approved,False
TXN20240315003630,ACCT201610,MERCH300200,transfer,211.3,web,2024-03-15 22:03:13,approved,True
TXN20240315003631,ACCT202105,MERCH300033,deposit,44.04,in_person,2024-03-15 17:38:23,approved,False
TXN20240315003632,ACCT205846,MERCH300055,purchase,55.08,web,2024-03-15 17:13:52,approved,False
TXN20240315003633,ACCT200988,MERCH300137,purchase,42.07,mobile,2024-03-15 12:47:32,approved,False
TXN20240315003634,ACCT200199,MERCH300130,deposit,101.46,mobile,2024-03-15 22:34:36,approved,False
TXN20240315003635,ACCT206307,MERCH300256,purchase,21.9,in_person,2024-03-15 22:48:03,approved,False
TXN20240315003636,ACCT201244,MERCH300028,withdrawal,49.24,mobile,2024-03-15 11:37:35,approved,False
TXN20240315003637,ACCT204850,MERCH300111,purchase,173.94,web,2024-03-15 17:53:00,approved,True
TXN20240315003638,ACCT200807,MERCH300070,withdrawal,70.78,mobile,2024-03-15 15:40:56,approved,False
TXN20240315003639,ACCT200141,MERCH300036,deposit,140.41,in_person,2024-03-15 05:10:47,approved,False
TXN20240315003640,ACCT200397,MERCH300174,purchase,46.34,web,2024-03-15 01:41:29,approved,False
TXN20240315003641,ACCT205377,MERCH300132,purchase,13.31,in_person,2024-03-15 00:53:19,approved,False
TXN20240315003642,ACCT204398,MERCH300089,withdrawal,20.69,web,2024-03-15 12:31:14,approved,False
TXN20240315003643,ACCT204277,MERCH300209,purchase,47.55,web,2024-03-15 08:23:51,approved,False
TXN20240315003644,ACCT200430,MERCH300203,deposit,19.4,mobile,2024-03-15 05:55:30,approved,False
TXN20240315003645,ACCT202218,MERCH300233,transfer,12.59,atm,2024-03-15 22:44:18,approved,False
TXN20240315003646,ACCT204954,MERCH300137,purchase,14.61,mobile,2024-03-15 13:31:47,approved,False
TXN20240315003647,ACCT201893,MERCH300195,purchase,27.7,web,2024-03-15 21:42:35,approved,False
TXN20240315003648,ACCT206418,MERCH300049,transfer,185.0,web,2024-03-15 20:54:46,approved,False
TXN20240315003649,ACCT205579,MERCH300019,withdrawal,26.29,web,2024-03-15 06:50:32,approved,False
TXN20240315003650,ACCT200884,MERCH300188,purchase,28.44,web,2024-03-15 15:03:30,approved,False
TXN20240315003651,ACCT206398,MERCH300191,purchase,32.25,in_person,2024-03-15 01:29:55,approved,False
TXN20240315003652,ACCT200110,MERCH300183,purchase,17.55,mobile,2024-03-15 13:32:30,approved,False
TXN20240315003653,ACCT200197,MERCH300165,deposit,67.42,mobile,2024-03-15 13:45:11,approved,False
TXN20240315003654,ACCT205038,MERCH300208,purchase,8.9,web,2024-03-15 09:43:01,approved,False
TXN20240315003655,ACCT203189,MERCH300167,transfer,41.78,atm,2024-03-15 02:32:42,approved,False
TXN20240315003656,ACCT203141,MERCH300167,purchase,29.71,mobile,2024-03-15 03:56:43,approved,False
TXN20240315003657,ACCT205323,MERCH300109,transfer,103.96,mobile,2024-03-15 03:26:15,approved,False
TXN20240315003658,ACCT206132,MERCH300198,purchase,9.78,mobile,2024-03-15 08:01:05,approved,False
TXN20240315003659,ACCT203479,MERCH300049,withdrawal,10.0,mobile,2024-03-15 18:25:32,approved,False
TXN20240315003660,ACCT202176,MERCH300161,purchase,108.5,mobile,2024-03-15 13:43:20,approved,False
TXN20240315003661,ACCT203832,MERCH300266,purchase,414.97,mobile,2024-03-15 11:22:37,declined,False
TXN20240315003662,ACCT201796,MERCH300196,transfer,35.13,mobile,2024-03-15 20:16:19,approved,False
TXN20240315003663,ACCT200020,MERCH300003,purchase,68.51,atm,2024-03-15 11:33:09,approved,False
TXN20240315003664,ACCT203770,MERCH300276,purchase,41.3,in_person,2024-03-15 08:06:14,approved,False
TXN20240315003665,ACCT202474,MERCH300017,withdrawal,77.83,mobile,2024-03-15 02:09:00,approved,False
TXN20240315003666,ACCT202504,MERCH300158,deposit,124.27,in_person,2024-03-15 00:00:29,declined,False
TXN20240315003667,ACCT202802,MERCH300171,deposit,12.31,web,2024-03-15 14:49:26,approved,False
TXN20240315003668,ACCT200420,MERCH300073,purchase,25.97,web,2024-03-15 22:02:57,approved,False
TXN20240315003669,ACCT201270,MERCH300292,deposit,162.71,in_person,2024-03-15 01:36:55,approved,False
TXN20240315003670,ACCT202679,MERCH300051,transfer,22.1,web,2024-03-15 09:45:48,declined,False
TXN20240315003671,ACCT205749,MERCH300001,withdrawal,11.48,in_person,2024-03-15 13:43:19,approved,False
TXN20240315003672,ACCT204174,MERCH300282,deposit,3.16,web,2024-03-15 20:24:20,approved,False
TXN20240315003673,ACCT205654,MERCH300092,withdrawal,39.76,web,2024-03-15 01:20:35,approved,False
TXN20240315003674,ACCT202568,MERCH300281,purchase,21.01,web,2024-03-15 09:11:23,approved,False
TXN20240315003675,ACCT202738,MERCH300164,transfer,74.74,in_person,2024-03-15 13:11:30,approved,False
TXN20240315003676,ACCT201198,MERCH300033,withdrawal,60.52,in_person,2024-03-15 01:01:05,declined,False
TXN20240315003677,ACCT203422,MERCH300199,withdrawal,21.61,mobile,2024-03-15 15:51:11,approved,False
TXN20240315003678,ACCT202439,MERCH300054,withdrawal,138.76,mobile,2024-03-15 09:32:11,approved,False
TXN20240315003679,ACCT200314,MERCH300135,purchase,2.37,web,2024-03-15 07:20:02,approved,False
TXN20240315003680,ACCT204324,MERCH300004,purchase,223.2,mobile,2024-03-15 17:03:49,reversed,False
TXN20240315003681,ACCT201174,MERCH300150,purchase,22.02,in_person,2024-03-15 14:45:04,declined,False
TXN20240315003682,ACCT203485,MERCH300001,purchase,28.61,mobile,2024-03-15 14:40:56,approved,False
TXN20240315003683,ACCT201560,MERCH300068,purchase,72.67,web,2024-03-15 21:46:02,approved,False
TXN20240315003684,ACCT206423,MERCH300198,purchase,111.33,web,2024-03-15 19:22:15,approved,False
TXN20240315003685,ACCT202276,MERCH300075,purchase,82.69,web,2024-03-15 04:35:08,approved,False
TXN20240315003686,ACCT204062,MERCH300088,purchase,41.4,web,2024-03-15 04:58:15,reversed,False
TXN20240315003687,ACCT203590,MERCH300217,purchase,226.5,web,2024-03-15 15:28:15,approved,False
TXN20240315003688,ACCT205898,MERCH300216,withdrawal,18.66,in_person,2024-03-15 15:15:16,approved,False
TXN20240315003689,ACCT204995,MERCH300150,purchase,16.89,mobile,2024-03-15 08:40:53,approved,False
TXN20240315003690,ACCT203810,MERCH300058,transfer,86.73,mobile,2024-03-15 12:28:02,approved,False
TXN20240315003691,ACCT201272,MERCH300296,purchase,112.88,mobile,2024-03-15 10:39:50,approved,False
TXN20240315003692,ACCT202432,MERCH300211,purchase,121.77,in_person,2024-03-15 11:50:07,approved,False
TXN20240315003693,ACCT202064,MERCH300014,withdrawal,37.17,mobile,2024-03-15 01:21:58,approved,False
TXN20240315003694,ACCT200351,MERCH300273,purchase,151.02,mobile,2024-03-15 19:15:25,approved,False
TXN20240315003695,ACCT204218,MERCH300007,purchase,54.59,in_person,2024-03-15 04:52:21,approved,False
TXN20240315003696,ACCT203263,MERCH300109,purchase,21.0,in_person,2024-03-15 21:58:12,approved,False
TXN20240315003697,ACCT201809,MERCH300080,withdrawal,50.26,mobile,2024-03-15 00:54:25,approved,False
TXN20240315003698,ACCT206185,MERCH300112,purchase,89.22,in_person,2024-03-15 10:23:52,approved,False
TXN20240315003699,ACCT206475,MERCH300204,withdrawal,420.28,in_person,2024-03-15 01:09:37,approved,False
TXN20240315003700,ACCT203495,MERCH300080,purchase,12.55,mobile,2024-03-15 05:44:47,approved,False
TXN20240315003701,ACCT201549,MERCH300143,withdrawal,17.99,mobile,2024-03-15 13:12:26,approved,False
TXN20240315003702,ACCT206063,MERCH300188,purchase,104.12,mobile,2024-03-15 20:58:40,approved,False
TXN20240315003703,ACCT204526,MERCH300298,deposit,52.04,web,2024-03-15 20:28:25,approved,False
TXN20240315003704,ACCT202674,MERCH300200,purchase,412.94,mobile,2024-03-15 10:15:17,approved,False
TXN20240315003705,ACCT204816,MERCH300258,purchase,235.09,web,2024-03-15 17:57:09,approved,False
TXN20240315003706,ACCT203821,MERCH300154,purchase,58.79,web,2024-03-15 18:06:32,approved,False
TXN20240315003707,ACCT203553,MERCH300241,transfer,16.35,in_person,2024-03-15 19:48:02,approved,False
TXN20240315003708,ACCT201899,MERCH300173,purchase,46.62,web,2024-03-15 09:45:59,approved,False
TXN20240315003709,ACCT201267,MERCH300132,purchase,129.79,in_person,2024-03-15 01:43:09,approved,False
TXN20240315003710,ACCT200881,MERCH300000,purchase,221.18,in_person,2024-03-15 15:07:59,approved,False
TXN20240315003711,ACCT201108,MERCH300072,purchase,26.16,in_person,2024-03-15 13:47:35,approved,False
TXN20240315003712,ACCT205463,MERCH300049,purchase,25.57,in_person,2024-03-15 17:13:57,approved,False
TXN20240315003713,ACCT201184,MERCH300015,purchase,31.27,web,2024-03-15 14:17:51,approved,False
TXN20240315003714,ACCT204097,MERCH300031,deposit,42.33,web,2024-03-15 00:33:13,approved,False
TXN20240315003715,ACCT203068,MERCH300210,purchase,71.73,atm,2024-03-15 02:18:40,approved,False
TXN20240315003716,ACCT200824,MERCH300066,purchase,30.27,web,2024-03-15 01:33:26,approved,False
TXN20240315003717,ACCT203737,MERCH300249,purchase,22.58,web,2024-03-15 13:38:06,approved,False
TXN20240315003718,ACCT201291,MERCH300176,purchase,70.51,web,2024-03-15 20:11:09,approved,False
TXN20240315003719,ACCT201607,MERCH300099,purchase,7.25,mobile,2024-03-15 13:09:10,approved,False
TXN20240315003720,ACCT201736,MERCH300134,deposit,38.74,in_person,2024-03-15 00:06:23,declined,False
TXN20240315003721,ACCT200629,MERCH300049,purchase,84.61,in_person,2024-03-15 20:54:42,approved,False
TXN20240315003722,ACCT202707,MERCH300086,purchase,35.19,in_person,2024-03-15 09:21:29,approved,False
TXN20240315003723,ACCT202371,MERCH300138,purchase,15.2,mobile,2024-03-15 00:40:16,approved,False
TXN20240315003724,ACCT204088,MERCH300268,transfer,51.3,web,2024-03-15 10:43:54,approved,False
TXN20240315003725,ACCT201315,MERCH300227,purchase,36.42,in_person,2024-03-15 06:35:19,approved,False
TXN20240315003726,ACCT201754,MERCH300268,deposit,55.57,in_person,2024-03-15 08:23:55,approved,False
TXN20240315003727,ACCT200581,MERCH300078,withdrawal,24.07,atm,2024-03-15 18:08:39,approved,False
TXN20240315003728,ACCT202385,MERCH300179,purchase,17.08,web,2024-03-15 16:50:00,approved,False
TXN20240315003729,ACCT206351,MERCH300000,purchase,7.96,mobile,2024-03-15 09:27:41,approved,False
TXN20240315003730,ACCT200923,MERCH300229,purchase,45.37,web,2024-03-15 00:31:55,approved,False
TXN20240315003731,ACCT201755,MERCH300193,deposit,53.82,in_person,2024-03-15 19:27:40,approved,False
TXN20240315003732,ACCT204122,MERCH300094,purchase,57.95,web,2024-03-15 02:59:40,approved,False
TXN20240315003733,ACCT203411,MERCH300194,deposit,48.27,web,2024-03-15 20:12:47,approved,False
TXN20240315003734,ACCT203481,MERCH300126,purchase,99.98,mobile,2024-03-15 01:16:07,approved,False
TXN20240315003735,ACCT200537,MERCH300004,purchase,28.49,atm,2024-03-15 14:15:23,approved,False
TXN20240315003736,ACCT200700,MERCH300295,purchase,37.73,web,2024-03-15 19:18:20,approved,False
TXN20240315003737,ACCT204243,MERCH300226,purchase,42.87,web,2024-03-15 00:16:09,approved,False
TXN20240315003738,ACCT201618,MERCH300185,purchase,23.91,web,2024-03-15 08:33:53,approved,False
TXN20240315003739,ACCT203439,MERCH300268,transfer,10.94,web,2024-03-15 20:11:02,approved,True
TXN20240315003740,ACCT204867,MERCH300202,purchase,6.03,web,2024-03-15 23:19:08,reversed,False
TXN20240315003741,ACCT201026,MERCH300024,purchase,201.15,mobile,2024-03-15 05:33:56,approved,False
TXN20240315003742,ACCT202663,MERCH300086,purchase,51.79,in_person,2024-03-15 13:20:38,approved,False
TXN20240315003743,ACCT203465,MERCH300114,purchase,107.82,in_person,2024-03-15 02:24:40,approved,False
TXN20240315003744,ACCT202355,MERCH300177,deposit,6.96,mobile,2024-03-15 12:36:04,approved,False
TXN20240315003745,ACCT204132,MERCH300070,purchase,61.1,web,2024-03-15 11:34:21,reversed,False
TXN20240315003746,ACCT205568,MERCH300131,deposit,99.31,web,2024-03-15 21:23:12,approved,False
TXN20240315003747,ACCT201908,MERCH300175,purchase,63.8,web,2024-03-15 11:23:31,approved,False
TXN20240315003748,ACCT203561,MERCH300189,purchase,36.02,web,2024-03-15 03:50:55,approved,False
TXN20240315003749,ACCT203223,MERCH300175,transfer,19.93,mobile,2024-03-15 23:57:13,approved,False
TXN20240315003750,ACCT205105,MERCH300048,deposit,152.16,in_person,2024-03-15 14:37:36,approved,False
TXN20240315003751,ACCT202994,MERCH300264,transfer,29.63,web,2024-03-15 06:40:52,approved,False
TXN20240315003752,ACCT204226,MERCH300125,purchase,25.35,in_person,2024-03-15 04:47:32,approved,False
TXN20240315003753,ACCT200044,MERCH300290,purchase,108.42,web,2024-03-15 02:41:03,approved,False
TXN20240315003754,ACCT205111,MERCH300152,withdrawal,39.43,web,2024-03-15 00:17:57,approved,False
TXN20240315003755,ACCT201442,MERCH300283,purchase,11.22,atm,2024-03-15 03:44:46,approved,False
TXN20240315003756,ACCT202821,MERCH300182,transfer,54.86,atm,2024-03-15 10:41:23,approved,False
TXN20240315003757,ACCT201735,MERCH300078,purchase,18.3,in_person,2024-03-15 00:29:21,approved,False
TXN20240315003758,ACCT205448,MERCH300060,purchase,70.43,in_person,2024-03-15 01:16:46,approved,False
TXN20240315003759,ACCT201306,MERCH300014,purchase,23.38,atm,2024-03-15 17:51:36,approved,False
TXN20240315003760,ACCT202682,MERCH300002,purchase,102.8,in_person,2024-03-15 21:51:39,approved,False
TXN20240315003761,ACCT200755,MERCH300226,purchase,154.19,in_person,2024-03-15 15:21:02,approved,False
TXN20240315003762,ACCT206240,MERCH300278,purchase,53.06,in_person,2024-03-15 00:58:59,approved,False
TXN20240315003763,ACCT203403,MERCH300176,purchase,48.81,mobile,2024-03-15 15:36:33,approved,False
TXN20240315003764,ACCT204459,MERCH300028,purchase,49.68,atm,2024-03-15 15:05:14,approved,False
TXN20240315003765,ACCT204661,MERCH300018,purchase,15.63,in_person,2024-03-15 16:09:53,approved,False
TXN20240315003766,ACCT200573,MERCH300071,purchase,56.25,atm,2024-03-15 18:04:44,approved,False
TXN20240315003767,ACCT201915,MERCH300109,purchase,17.29,web,2024-03-15 23:12:20,approved,False
TXN20240315003768,ACCT200475,MERCH300188,deposit,52.62,in_person,2024-03-15 19:37:05,approved,False
TXN20240315003769,ACCT201502,MERCH300005,purchase,24.47,in_person,2024-03-15 09:21:04,approved,False
TXN20240315003770,ACCT206079,MERCH300025,purchase,198.16,atm,2024-03-15 12:03:44,reversed,False
TXN20240315003771,ACCT202171,MERCH300186,purchase,24.6,web,2024-03-15 11:35:10,declined,False
TXN20240315003772,ACCT205378,MERCH300294,transfer,13.05,in_person,2024-03-15 16:11:30,approved,False
TXN20240315003773,ACCT202598,MERCH300247,purchase,54.54,in_person,2024-03-15 02:32:15,approved,False
TXN20240315003774,ACCT205231,MERCH300074,purchase,79.36,mobile,2024-03-15 10:38:04,approved,False
TXN20240315003775,ACCT201688,MERCH300202,transfer,29.9,in_person,2024-03-15 14:22:40,declined,False
TXN20240315003776,ACCT200111,MERCH300135,purchase,73.73,web,2024-03-15 06:27:19,approved,False
TXN20240315003777,ACCT204530,MERCH300109,purchase,53.75,in_person,2024-03-15 19:12:09,approved,False
TXN20240315003778,ACCT204654,MERCH300230,purchase,14.07,atm,2024-03-15 17:49:23,approved,True
TXN20240315003779,ACCT200601,MERCH300002,purchase,49.39,web,2024-03-15 07:18:05,approved,False
TXN20240315003780,ACCT201084,MERCH300152,purchase,64.34,web,2024-03-15 16:04:30,approved,False
TXN20240315003781,ACCT204864,MERCH300202,deposit,26.8,in_person,2024-03-15 12:36:36,approved,False
TXN20240315003782,ACCT206247,MERCH300245,withdrawal,16.78,in_person,2024-03-15 09:09:45,approved,False
TXN20240315003783,ACCT201789,MERCH300160,purchase,25.98,web,2024-03-15 15:41:56,declined,False
TXN20240315003784,ACCT201474,MERCH300071,purchase,14.44,web,2024-03-15 02:57:09,approved,False
TXN20240315003785,ACCT205215,MERCH300289,deposit,34.45,in_person,2024-03-15 10:46:54,approved,False
TXN20240315003786,ACCT205475,MERCH300279,deposit,29.91,web,2024-03-15 07:02:28,approved,False
TXN20240315003787,ACCT200025,MERCH300022,purchase,23.36,mobile,2024-03-15 15:58:11,approved,False
TXN20240315003788,ACCT206331,MERCH300055,purchase,179.82,mobile,2024-03-15 16:47:09,approved,False
TXN20240315003789,ACCT203777,MERCH300280,purchase,20.54,web,2024-03-15 06:00:08,approved,False
TXN20240315003790,ACCT201598,MERCH300242,deposit,20.8,web,2024-03-15 06:55:44,approved,False
TXN20240315003791,ACCT203393,MERCH300227,purchase,17.17,in_person,2024-03-15 18:31:55,approved,False
TXN20240315003792,ACCT204671,MERCH300190,purchase,19.26,in_person,2024-03-15 18:41:24,approved,False
TXN20240315003793,ACCT206418,MERCH300223,purchase,65.61,atm,2024-03-15 17:06:57,approved,False
TXN20240315003794,ACCT201199,MERCH300216,purchase,27.66,mobile,2024-03-15 01:54:15,approved,False
TXN20240315003795,ACCT204766,MERCH300207,purchase,94.35,web,2024-03-15 19:29:53,approved,False
TXN20240315003796,ACCT203218,MERCH300241,transfer,157.64,web,2024-03-15 11:05:14,approved,False
TXN20240315003797,ACCT200267,MERCH300169,purchase,4.97,in_person,2024-03-15 17:00:10,approved,False
TXN20240315003798,ACCT205081,MERCH300142,purchase,21.99,mobile,2024-03-15 16:42:54,approved,False
TXN20240315003799,ACCT200751,MERCH300071,purchase,33.5,mobile,2024-03-15 11:59:11,declined,True
TXN20240315003800,ACCT200738,MERCH300152,purchase,2.82,in_person,2024-03-15 08:12:11,approved,False
TXN20240315003801,ACCT203665,MERCH300200,withdrawal,14.88,web,2024-03-15 15:05:56,approved,False
TXN20240315003802,ACCT204317,MERCH300098,purchase,744.1,web,2024-03-15 10:32:53,approved,False
TXN20240315003803,ACCT205361,MERCH300088,transfer,49.97,mobile,2024-03-15 18:50:31,approved,False
TXN20240315003804,ACCT202701,MERCH300271,deposit,128.34,mobile,2024-03-15 15:36:05,approved,False
TXN20240315003805,ACCT201219,MERCH300133,purchase,16.4,web,2024-03-15 21:11:34,approved,False
TXN20240315003806,ACCT205193,MERCH300142,purchase,31.47,in_person,2024-03-15 16:32:54,approved,False
TXN20240315003807,ACCT201333,MERCH300115,withdrawal,21.3,in_person,2024-03-15 20:03:25,approved,False
TXN20240315003808,ACCT206308,MERCH300078,purchase,113.43,web,2024-03-15 09:22:47,approved,False
TXN20240315003809,ACCT202163,MERCH300090,purchase,106.74,mobile,2024-03-15 03:16:29,approved,False
TXN20240315003810,ACCT203399,MERCH300114,purchase,36.41,atm,2024-03-15 05:31:39,approved,False
TXN20240315003811,ACCT201953,MERCH300101,deposit,53.75,in_person,2024-03-15 07:37:57,approved,False
TXN20240315003812,ACCT200966,MERCH300143,transfer,24.2,web,2024-03-15 14:26:35,approved,False
TXN20240315003813,ACCT206407,MERCH300047,purchase,13.68,atm,2024-03-15 06:22:26,approved,False
TXN20240315003814,ACCT202711,MERCH300235,deposit,36.37,mobile,2024-03-15 02:59:28,approved,False
TXN20240315003815,ACCT202082,MERCH300214,purchase,52.61,mobile,2024-03-15 17:10:54,approved,False
TXN20240315003816,ACCT206240,MERCH300239,transfer,3.23,in_person,2024-03-15 10:30:00,approved,False
TXN20240315003817,ACCT203757,MERCH300193,transfer,109.85,web,2024-03-15 10:55:36,approved,False
TXN20240315003818,ACCT200291,MERCH300083,deposit,79.03,web,2024-03-15 12:43:38,approved,False
TXN20240315003819,ACCT204804,MERCH300100,purchase,70.91,web,2024-03-15 14:57:29,approved,False
TXN20240315003820,ACCT203351,MERCH300049,withdrawal,14.58,web,2024-03-15 19:48:21,approved,False
TXN20240315003821,ACCT201378,MERCH300007,purchase,78.0,mobile,2024-03-15 17:08:55,approved,False
TXN20240315003822,ACCT202637,MERCH300151,deposit,84.24,mobile,2024-03-15 06:12:55,approved,False
TXN20240315003823,ACCT205297,MERCH300281,withdrawal,45.89,web,2024-03-15 02:53:33,approved,False
TXN20240315003824,ACCT205619,MERCH300265,purchase,88.31,mobile,2024-03-15 19:55:23,approved,False
TXN20240315003825,ACCT204959,MERCH300229,purchase,134.73,web,2024-03-15 17:55:16,approved,False
TXN20240315003826,ACCT200047,MERCH300060,purchase,170.93,in_person,2024-03-15 20:01:10,approved,False
TXN20240315003827,ACCT204441,MERCH300067,purchase,12.05,atm,2024-03-15 16:34:09,approved,False
TXN20240315003828,ACCT201240,MERCH300254,purchase,42.54,web,2024-03-15 06:46:44,approved,False
TXN20240315003829,ACCT205324,MERCH300021,deposit,23.04,in_person,2024-03-15 06:31:25,approved,False
TXN20240315003830,ACCT201103,MERCH300213,purchase,38.42,in_person,2024-03-15 00:33:54,approved,False
TXN20240315003831,ACCT201515,MERCH300001,purchase,8.92,in_person,2024-03-15 03:20:37,approved,False
TXN20240315003832,ACCT201907,MERCH300297,purchase,37.24,mobile,2024-03-15 06:58:29,approved,False
TXN20240315003833,ACCT205557,MERCH300083,purchase,25.05,web,2024-03-15 14:48:38,approved,False
TXN20240315003834,ACCT204229,MERCH300169,transfer,37.82,in_person,2024-03-15 11:00:12,approved,False
TXN20240315003835,ACCT201822,MERCH300100,purchase,96.26,web,2024-03-15 08:00:00,approved,False
TXN20240315003836,ACCT201768,MERCH300256,purchase,39.33,mobile,2024-03-15 12:45:42,declined,False
TXN20240315003837,ACCT201589,MERCH300230,purchase,37.24,mobile,2024-03-15 15:47:34,approved,False
TXN20240315003838,ACCT205791,MERCH300176,purchase,95.83,in_person,2024-03-15 10:56:32,approved,False
TXN20240315003839,ACCT202489,MERCH300118,withdrawal,27.78,in_person,2024-03-15 17:40:33,approved,False
TXN20240315003840,ACCT200322,MERCH300127,purchase,15.77,mobile,2024-03-15 17:16:29,approved,False
TXN20240315003841,ACCT204660,MERCH300079,purchase,151.95,in_person,2024-03-15 12:48:37,approved,False
TXN20240315003842,ACCT201455,MERCH300042,deposit,107.44,in_person,2024-03-15 08:26:43,approved,False
TXN20240315003843,ACCT201847,MERCH300107,purchase,6.74,mobile,2024-03-15 20:36:54,approved,False
TXN20240315003844,ACCT200410,MERCH300286,purchase,9.86,in_person,2024-03-15 11:32:39,declined,False
TXN20240315003845,ACCT203258,MERCH300265,purchase,39.24,web,2024-03-15 08:47:19,approved,False
TXN20240315003846,ACCT205241,MERCH300154,deposit,161.56,mobile,2024-03-15 18:49:52,approved,False
TXN20240315003847,ACCT202882,MERCH300096,deposit,46.8,mobile,2024-03-15 02:39:56,approved,False
TXN20240315003848,ACCT203303,MERCH300127,purchase,27.97,in_person,2024-03-15 02:48:23,approved,False
TXN20240315003849,ACCT200836,MERCH300274,purchase,120.91,atm,2024-03-15 16:43:19,approved,False
TXN20240315003850,ACCT206329,MERCH300176,purchase,22.76,mobile,2024-03-15 20:38:39,approved,False
TXN20240315003851,ACCT202213,MERCH300245,transfer,30.37,mobile,2024-03-15 10:35:11,approved,False
TXN20240315003852,ACCT206221,MERCH300263,purchase,63.78,web,2024-03-15 21:03:21,approved,False
TXN20240315003853,ACCT201462,MERCH300051,transfer,84.95,mobile,2024-03-15 14:31:58,approved,False
TXN20240315003854,ACCT203861,MERCH300017,purchase,6.53,web,2024-03-15 01:20:22,approved,False
TXN20240315003855,ACCT202534,MERCH300227,deposit,53.29,in_person,2024-03-15 00:30:52,approved,False
TXN20240315003856,ACCT205689,MERCH300107,purchase,7.69,mobile,2024-03-15 10:27:05,approved,False
TXN20240315003857,ACCT203532,MERCH300025,purchase,5.06,in_person,2024-03-15 23:03:46,approved,False
TXN20240315003858,ACCT202872,MERCH300023,purchase,24.28,mobile,2024-03-15 15:22:19,approved,False
TXN20240315003859,ACCT200986,MERCH300164,purchase,34.18,mobile,2024-03-15 15:20:05,approved,False
TXN20240315003860,ACCT201052,MERCH300039,purchase,22.45,mobile,2024-03-15 23:10:17,approved,False
TXN20240315003861,ACCT206396,MERCH300146,deposit,58.7,in_person,2024-03-15 04:29:41,approved,False
TXN20240315003862,ACCT206047,MERCH300046,withdrawal,17.02,mobile,2024-03-15 00:39:29,approved,False
TXN20240315003863,ACCT202501,MERCH300120,purchase,95.33,in_person,2024-03-15 21:10:01,declined,False
TXN20240315003864,ACCT205335,MERCH300239,purchase,18.54,mobile,2024-03-15 08:27:26,approved,False
TXN20240315003865,ACCT202469,MERCH300139,withdrawal,18.61,in_person,2024-03-15 19:41:37,approved,False
TXN20240315003866,ACCT205284,MERCH300084,purchase,46.02,web,2024-03-15 19:49:05,approved,False
TXN20240315003867,ACCT204424,MERCH300123,purchase,51.78,mobile,2024-03-15 14:52:14,approved,False
TXN20240315003868,ACCT201571,MERCH300061,purchase,96.54,mobile,2024-03-15 22:24:30,approved,False
TXN20240315003869,ACCT204052,MERCH300279,purchase,50.46,in_person,2024-03-15 09:33:05,approved,False
TXN20240315003870,ACCT201384,MERCH300076,purchase,10.5,mobile,2024-03-15 00:55:07,approved,False
TXN20240315003871,ACCT203542,MERCH300258,deposit,35.57,in_person,2024-03-15 00:09:27,approved,False
TXN20240315003872,ACCT204231,MERCH300055,purchase,16.07,web,2024-03-15 17:01:16,approved,False
TXN20240315003873,ACCT206057,MERCH300011,withdrawal,13.35,in_person,2024-03-15 10:52:19,approved,False
TXN20240315003874,ACCT200670,MERCH300290,withdrawal,86.46,in_person,2024-03-15 16:40:02,approved,False
TXN20240315003875,ACCT202305,MERCH300027,purchase,6.99,mobile,2024-03-15 05:53:32,approved,False
TXN20240315003876,ACCT202402,MERCH300052,purchase,9.38,mobile,2024-03-15 15:49:45,approved,False
TXN20240315003877,ACCT202276,MERCH300064,purchase,36.48,mobile,2024-03-15 17:04:03,approved,False
TXN20240315003878,ACCT201079,MERCH300295,purchase,45.1,in_person,2024-03-15 12:58:22,approved,False
TXN20240315003879,ACCT201324,MERCH300197,purchase,7.5,web,2024-03-15 21:17:25,approved,False
TXN20240315003880,ACCT202735,MERCH300223,withdrawal,9.95,web,2024-03-15 21:57:20,approved,False
TXN20240315003881,ACCT200959,MERCH300189,purchase,94.63,mobile,2024-03-15 14:20:58,approved,False
TXN20240315003882,ACCT203698,MERCH300168,purchase,34.5,web,2024-03-15 17:17:03,approved,False
TXN20240315003883,ACCT205612,MERCH300008,purchase,86.29,web,2024-03-15 10:06:14,approved,False
TXN20240315003884,ACCT201663,MERCH300274,purchase,13.12,in_person,2024-03-15 21:25:43,approved,False
TXN20240315003885,ACCT201507,MERCH300012,purchase,27.83,mobile,2024-03-15 13:45:53,approved,False
TXN20240315003886,ACCT203283,MERCH300277,withdrawal,29.74,mobile,2024-03-15 23:35:36,approved,False
TXN20240315003887,ACCT204700,MERCH300245,purchase,50.02,web,2024-03-15 10:49:24,approved,False
TXN20240315003888,ACCT206193,MERCH300222,withdrawal,8.61,in_person,2024-03-15 23:27:53,approved,False
TXN20240315003889,ACCT203145,MERCH300243,purchase,132.53,web,2024-03-15 19:49:39,approved,False
TXN20240315003890,ACCT202420,MERCH300071,deposit,31.79,mobile,2024-03-15 04:24:46,approved,False
TXN20240315003891,ACCT200158,MERCH300207,purchase,39.36,web,2024-03-15 01:35:46,approved,False
TXN20240315003892,ACCT201628,MERCH300245,purchase,5.52,web,2024-03-15 02:29:45,approved,False
TXN20240315003893,ACCT205086,MERCH300116,deposit,103.8,in_person,2024-03-15 10:34:06,approved,False
TXN20240315003894,ACCT203673,MERCH300135,purchase,24.08,in_person,2024-03-15 03:35:56,approved,False
TXN20240315003895,ACCT205853,MERCH300091,purchase,18.91,in_person,2024-03-15 07:10:32,approved,False
TXN20240315003896,ACCT202563,MERCH300214,transfer,25.15,web,2024-03-15 06:53:29,reversed,False
TXN20240315003897,ACCT203819,MERCH300072,purchase,80.97,web,2024-03-15 18:30:51,approved,False
TXN20240315003898,ACCT203042,MERCH300274,purchase,59.1,mobile,2024-03-15 01:34:09,approved,False
TXN20240315003899,ACCT200538,MERCH300137,withdrawal,15.86,atm,2024-03-15 11:21:07,approved,False
TXN20240315003900,ACCT203724,MERCH300132,purchase,64.96,web,2024-03-15 18:23:54,approved,False
TXN20240315003901,ACCT204929,MERCH300135,purchase,154.21,web,2024-03-15 07:22:29,approved,False
TXN20240315003902,ACCT200215,MERCH300254,purchase,129.48,web,2024-03-15 03:42:02,approved,False
TXN20240315003903,ACCT200618,MERCH300201,transfer,5.2,web,2024-03-15 21:08:37,approved,False
TXN20240315003904,ACCT204052,MERCH300040,purchase,87.92,in_person,2024-03-15 03:54:52,approved,True
TXN20240315003905,ACCT200357,MERCH300203,withdrawal,20.26,web,2024-03-15 21:54:36,approved,False
TXN20240315003906,ACCT205206,MERCH300113,purchase,104.45,web,2024-03-15 12:40:53,approved,False
TXN20240315003907,ACCT200219,MERCH300102,deposit,31.41,web,2024-03-15 21:57:15,approved,False
TXN20240315003908,ACCT202821,MERCH300034,purchase,23.43,web,2024-03-15 23:35:08,approved,False
TXN20240315003909,ACCT200613,MERCH300265,purchase,15.42,mobile,2024-03-15 04:46:24,approved,False
TXN20240315003910,ACCT201549,MERCH300025,purchase,43.82,atm,2024-03-15 01:34:25,approved,False
TXN20240315003911,ACCT202427,MERCH300121,deposit,258.98,mobile,2024-03-15 15:43:48,approved,False
TXN20240315003912,ACCT201283,MERCH300021,purchase,251.96,mobile,2024-03-15 20:09:23,approved,False
TXN20240315003913,ACCT205607,MERCH300205,purchase,35.01,mobile,2024-03-15 21:47:02,approved,False
TXN20240315003914,ACCT204682,MERCH300030,transfer,121.94,in_person,2024-03-15 00:01:23,approved,False
TXN20240315003915,ACCT200926,MERCH300261,transfer,20.94,mobile,2024-03-15 19:14:55,approved,False
TXN20240315003916,ACCT201755,MERCH300141,transfer,18.68,atm,2024-03-15 23:13:03,approved,False
TXN20240315003917,ACCT205999,MERCH300158,deposit,25.06,web,2024-03-15 09:55:06,approved,False
TXN20240315003918,ACCT206123,MERCH300207,purchase,15.2,web,2024-03-15 01:44:59,approved,False
TXN20240315003919,ACCT202935,MERCH300060,purchase,51.68,atm,2024-03-15 01:26:05,approved,False
TXN20240315003920,ACCT204909,MERCH300222,purchase,85.88,in_person,2024-03-15 04:23:34,approved,False
TXN20240315003921,ACCT203252,MERCH300096,purchase,29.22,atm,2024-03-15 05:06:54,approved,False
TXN20240315003922,ACCT201131,MERCH300226,purchase,10.64,web,2024-03-15 20:15:31,approved,False
TXN20240315003923,ACCT202048,MERCH300211,transfer,70.54,web,2024-03-15 10:11:59,declined,False
TXN20240315003924,ACCT205413,MERCH300121,deposit,77.32,mobile,2024-03-15 17:54:16,approved,False
TXN20240315003925,ACCT202234,MERCH300166,purchase,18.01,mobile,2024-03-15 16:53:32,approved,False
TXN20240315003926,ACCT205474,MERCH300220,purchase,8.65,web,2024-03-15 10:06:41,approved,False
TXN20240315003927,ACCT206152,MERCH300195,purchase,56.14,web,2024-03-15 00:47:50,approved,False
TXN20240315003928,ACCT204258,MERCH300173,deposit,31.41,web,2024-03-15 22:40:21,approved,False
TXN20240315003929,ACCT204677,MERCH300224,purchase,99.75,in_person,2024-03-15 14:54:02,approved,False
TXN20240315003930,ACCT203916,MERCH300008,transfer,122.88,in_person,2024-03-15 21:01:09,approved,False
TXN20240315003931,ACCT206289,MERCH300115,purchase,31.7,web,2024-03-15 00:13:14,approved,False
TXN20240315003932,ACCT205581,MERCH300184,purchase,38.18,web,2024-03-15 14:27:16,approved,False
TXN20240315003933,ACCT203307,MERCH300099,deposit,23.32,in_person,2024-03-15 05:39:18,approved,False
TXN20240315003934,ACCT205907,MERCH300019,purchase,21.17,web,2024-03-15 03:32:54,approved,False
TXN20240315003935,ACCT206260,MERCH300010,purchase,32.56,atm,2024-03-15 23:20:25,approved,False
TXN20240315003936,ACCT203146,MERCH300034,transfer,128.72,web,2024-03-15 16:09:25,approved,False
TXN20240315003937,ACCT206101,MERCH300259,purchase,12.48,mobile,2024-03-15 08:33:07,approved,False
TXN20240315003938,ACCT203709,MERCH300071,purchase,94.92,web,2024-03-15 11:17:32,approved,False
TXN20240315003939,ACCT200023,MERCH300255,transfer,12.76,mobile,2024-03-15 13:46:56,approved,False
TXN20240315003940,ACCT204807,MERCH300123,purchase,52.03,mobile,2024-03-15 18:42:49,approved,False
TXN20240315003941,ACCT205589,MERCH300263,withdrawal,17.93,in_person,2024-03-15 05:20:25,reversed,False
TXN20240315003942,ACCT204597,MERCH300148,purchase,22.41,web,2024-03-15 03:22:05,approved,False
TXN20240315003943,ACCT206374,MERCH300289,purchase,107.98,web,2024-03-15 16:21:49,approved,False
TXN20240315003944,ACCT201651,MERCH300055,deposit,59.16,in_person,2024-03-15 01:55:54,approved,False
TXN20240315003945,ACCT206384,MERCH300126,transfer,44.39,mobile,2024-03-15 11:59:37,approved,False
TXN20240315003946,ACCT203056,MERCH300247,purchase,247.1,in_person,2024-03-15 02:49:15,approved,False
TXN20240315003947,ACCT203676,MERCH300090,purchase,62.51,in_person,2024-03-15 21:21:05,declined,False
TXN20240315003948,ACCT203804,MERCH300077,deposit,65.84,in_person,2024-03-15 14:57:30,approved,False
TXN20240315003949,ACCT204309,MERCH300085,purchase,135.87,web,2024-03-15 10:37:23,approved,False
TXN20240315003950,ACCT204877,MERCH300216,transfer,10.31,mobile,2024-03-15 18:02:54,approved,False
TXN20240315003951,ACCT201876,MERCH300205,purchase,13.43,web,2024-03-15 08:53:58,approved,False
TXN20240315003952,ACCT204307,MERCH300155,purchase,136.32,in_person,2024-03-15 05:50:56,approved,False
TXN20240315003953,ACCT202248,MERCH300095,purchase,141.14,mobile,2024-03-15 04:00:47,declined,False
TXN20240315003954,ACCT203691,MERCH300000,purchase,30.43,in_person,2024-03-15 03:29:44,approved,False
TXN20240315003955,ACCT202733,MERCH300205,withdrawal,13.64,mobile,2024-03-15 19:54:35,approved,False
TXN20240315003956,ACCT206204,MERCH300199,purchase,72.55,atm,2024-03-15 17:52:31,approved,False
TXN20240315003957,ACCT201526,MERCH300020,purchase,211.13,mobile,2024-03-15 16:02:46,reversed,False
TXN20240315003958,ACCT200597,MERCH300022,transfer,16.67,in_person,2024-03-15 07:05:02,approved,False
TXN20240315003959,ACCT202181,MERCH300275,deposit,36.8,atm,2024-03-15 14:28:51,approved,False
TXN20240315003960,ACCT205807,MERCH300146,purchase,12.39,web,2024-03-15 11:05:58,approved,False
TXN20240315003961,ACCT206040,MERCH300052,deposit,41.82,web,2024-03-15 13:42:26,approved,False
TXN20240315003962,ACCT205843,MERCH300168,purchase,29.67,mobile,2024-03-15 23:30:54,approved,False
TXN20240315003963,ACCT201874,MERCH300024,purchase,43.47,mobile,2024-03-15 04:48:01,approved,False
TXN20240315003964,ACCT203309,MERCH300277,purchase,9.02,in_person,2024-03-15 15:02:22,approved,False
TXN20240315003965,ACCT200573,MERCH300129,withdrawal,180.1,atm,2024-03-15 14:02:25,approved,False
TXN20240315003966,ACCT201586,MERCH300225,transfer,15.02,atm,2024-03-15 04:29:07,approved,False
TXN20240315003967,ACCT205779,MERCH300090,purchase,123.92,web,2024-03-15 09:38:12,approved,False
TXN20240315003968,ACCT202466,MERCH300084,purchase,27.11,mobile,2024-03-15 19:01:55,approved,False
TXN20240315003969,ACCT205669,MERCH300016,purchase,22.49,mobile,2024-03-15 20:31:29,approved,False
TXN20240315003970,ACCT200860,MERCH300232,purchase,18.8,in_person,2024-03-15 02:41:32,approved,False
TXN20240315003971,ACCT204270,MERCH300091,purchase,64.79,in_person,2024-03-15 06:45:40,approved,False
TXN20240315003972,ACCT201730,MERCH300116,transfer,18.5,mobile,2024-03-15 15:40:46,approved,False
TXN20240315003973,ACCT200927,MERCH300280,purchase,81.56,web,2024-03-15 06:50:37,approved,False
TXN20240315003974,ACCT203889,MERCH300284,deposit,89.22,mobile,2024-03-15 12:24:28,approved,False
TXN20240315003975,ACCT206212,MERCH300234,withdrawal,13.05,web,2024-03-15 04:03:18,reversed,True
TXN20240315003976,ACCT204057,MERCH300262,purchase,32.79,web,2024-03-15 08:27:28,approved,False
TXN20240315003977,ACCT200010,MERCH300150,purchase,45.18,web,2024-03-15 23:32:04,approved,False
TXN20240315003978,ACCT206180,MERCH300131,purchase,14.5,web,2024-03-15 13:02:58,approved,False
TXN20240315003979,ACCT202045,MERCH300201,transfer,84.98,mobile,2024-03-15 03:59:49,approved,False
TXN20240315003980,ACCT200207,MERCH300164,deposit,42.2,web,2024-03-15 14:27:58,approved,False
TXN20240315003981,ACCT205578,MERCH300155,purchase,58.74,in_person,2024-03-15 01:03:18,approved,False
TXN20240315003982,ACCT204004,MERCH300080,purchase,202.08,in_person,2024-03-15 04:31:31,approved,False
TXN20240315003983,ACCT201232,MERCH300258,purchase,149.03,atm,2024-03-15 17:00:34,approved,False
TXN20240315003984,ACCT203972,MERCH300262,purchase,195.56,web,2024-03-15 19:18:25,approved,False
TXN20240315003985,ACCT201988,MERCH300271,purchase,16.8,in_person,2024-03-15 23:48:13,approved,False
TXN20240315003986,ACCT206406,MERCH300105,deposit,85.58,mobile,2024-03-15 22:24:20,approved,False
TXN20240315003987,ACCT206228,MERCH300206,deposit,28.19,mobile,2024-03-15 23:49:56,approved,False
TXN20240315003988,ACCT200132,MERCH300168,purchase,61.7,web,2024-03-15 06:30:29,approved,False
TXN20240315003989,ACCT204625,MERCH300054,purchase,36.25,mobile,2024-03-15 18:25:47,approved,False
TXN20240315003990,ACCT200248,MERCH300140,purchase,54.79,in_person,2024-03-15 05:40:30,approved,False
TXN20240315003991,ACCT200833,MERCH300239,purchase,31.67,mobile,2024-03-15 14:43:05,approved,False
TXN20240315003992,ACCT203526,MERCH300263,purchase,10.5,mobile,2024-03-15 17:33:40,approved,False
TXN20240315003993,ACCT200774,MERCH300179,purchase,85.15,web,2024-03-15 12:29:18,approved,False
TXN20240315003994,ACCT205926,MERCH300063,purchase,133.24,atm,2024-03-15 23:08:43,approved,False
TXN20240315003995,ACCT202790,MERCH300263,purchase,26.05,mobile,2024-03-15 15:23:10,approved,False
TXN20240315003996,ACCT204350,MERCH300052,purchase,30.97,web,2024-03-15 05:47:16,approved,False
TXN20240315003997,ACCT206229,MERCH300272,purchase,77.17,mobile,2024-03-15 16:09:26,approved,False
TXN20240315003998,ACCT206085,MERCH300219,purchase,45.03,in_person,2024-03-15 06:27:38,approved,False
TXN20240315003999,ACCT205442,MERCH300150,deposit,63.36,in_person,2024-03-15 05:37:36,approved,False
TXN20240315004000,ACCT203316,MERCH300226,purchase,22.84,web,2024-03-15 00:21:53,approved,False
TXN20240315004001,ACCT206363,MERCH300169,deposit,40.46,atm,2024-03-15 20:12:47,approved,False
TXN20240315004002,ACCT202503,MERCH300253,purchase,316.14,web,2024-03-15 08:13:59,approved,False
TXN20240315004003,ACCT205625,MERCH300240,deposit,23.67,web,2024-03-15 06:54:29,approved,False
TXN20240315004004,ACCT203191,MERCH300148,purchase,31.85,mobile,2024-03-15 06:28:51,approved,False
TXN20240315004005,ACCT201803,MERCH300277,purchase,37.13,web,2024-03-15 04:01:47,declined,False
TXN20240315004006,ACCT200192,MERCH300181,purchase,12.29,in_person,2024-03-15 06:03:10,approved,False
TXN20240315004007,ACCT205240,MERCH300004,purchase,8.94,web,2024-03-15 09:05:46,approved,False
TXN20240315004008,ACCT200193,MERCH300083,purchase,47.84,mobile,2024-03-15 15:49:32,approved,False
TXN20240315004009,ACCT201839,MERCH300069,purchase,66.43,in_person,2024-03-15 15:07:31,approved,False
TXN20240315004010,ACCT205184,MERCH300115,purchase,133.76,atm,2024-03-15 04:23:38,approved,False
TXN20240315004011,ACCT206389,MERCH300233,purchase,45.05,in_person,2024-03-15 17:58:27,reversed,False
TXN20240315004012,ACCT205463,MERCH300111,purchase,26.04,in_person,2024-03-15 12:37:12,approved,False
TXN20240315004013,ACCT204409,MERCH300020,deposit,36.53,in_person,2024-03-15 05:23:34,approved,False
TXN20240315004014,ACCT202640,MERCH300150,withdrawal,57.03,web,2024-03-15 01:13:14,approved,False
TXN20240315004015,ACCT201079,MERCH300182,purchase,19.08,web,2024-03-15 22:22:54,approved,False
TXN20240315004016,ACCT202506,MERCH300291,withdrawal,16.43,in_person,2024-03-15 01:51:47,approved,False
TXN20240315004017,ACCT201803,MERCH300216,purchase,69.43,web,2024-03-15 09:54:51,approved,False
TXN20240315004018,ACCT202411,MERCH300211,purchase,333.24,mobile,2024-03-15 20:19:56,approved,False
TXN20240315004019,ACCT203663,MERCH300023,transfer,89.78,web,2024-03-15 23:44:10,approved,False
TXN20240315004020,ACCT200837,MERCH300295,transfer,74.27,in_person,2024-03-15 02:09:01,approved,False
TXN20240315004021,ACCT203269,MERCH300049,purchase,54.74,in_person,2024-03-15 10:15:15,approved,False
TXN20240315004022,ACCT204133,MERCH300174,withdrawal,6.69,web,2024-03-15 13:33:44,approved,False
TXN20240315004023,ACCT205380,MERCH300223,withdrawal,271.85,in_person,2024-03-15 22:59:38,approved,False
TXN20240315004024,ACCT201125,MERCH300255,purchase,95.43,in_person,2024-03-15 19:11:08,declined,False
TXN20240315004025,ACCT200324,MERCH300195,purchase,23.57,mobile,2024-03-15 13:57:37,approved,False
TXN20240315004026,ACCT204811,MERCH300132,purchase,32.8,web,2024-03-15 21:30:01,approved,False
TXN20240315004027,ACCT206314,MERCH300079,purchase,102.31,web,2024-03-15 05:33:36,approved,False
TXN20240315004028,ACCT201888,MERCH300137,transfer,46.52,web,2024-03-15 00:48:57,approved,False
TXN20240315004029,ACCT202201,MERCH300251,purchase,20.45,web,2024-03-15 09:49:21,approved,False
TXN20240315004030,ACCT201397,MERCH300134,purchase,14.31,in_person,2024-03-15 22:57:19,declined,False
TXN20240315004031,ACCT200275,MERCH300182,purchase,7.14,web,2024-03-15 04:31:38,approved,False
TXN20240315004032,ACCT205819,MERCH300243,purchase,65.64,in_person,2024-03-15 05:25:00,approved,False
TXN20240315004033,ACCT200892,MERCH300299,transfer,15.61,mobile,2024-03-15 18:25:32,approved,False
TXN20240315004034,ACCT205844,MERCH300045,purchase,60.05,web,2024-03-15 00:54:39,approved,False
TXN20240315004035,ACCT206091,MERCH300027,deposit,122.72,in_person,2024-03-15 18:32:21,approved,False
TXN20240315004036,ACCT201112,MERCH300283,purchase,71.72,in_person,2024-03-15 01:33:17,approved,False
TXN20240315004037,ACCT201979,MERCH300215,purchase,337.95,in_person,2024-03-15 18:54:34,approved,False
TXN20240315004038,ACCT203526,MERCH300289,purchase,29.13,in_person,2024-03-15 12:52:37,approved,False
TXN20240315004039,ACCT200013,MERCH300111,purchase,82.71,in_person,2024-03-15 23:59:42,approved,False
TXN20240315004040,ACCT201546,MERCH300051,purchase,87.96,in_person,2024-03-15 09:32:51,approved,False
TXN20240315004041,ACCT201731,MERCH300194,purchase,28.76,web,2024-03-15 03:29:42,approved,False
TXN20240315004042,ACCT205213,MERCH300272,purchase,31.03,mobile,2024-03-15 14:47:18,approved,False
TXN20240315004043,ACCT201963,MERCH300150,purchase,10.2,in_person,2024-03-15 21:42:29,approved,False
TXN20240315004044,ACCT203926,MERCH300018,purchase,58.54,mobile,2024-03-15 03:15:07,approved,False
TXN20240315004045,ACCT204978,MERCH300004,purchase,100.55,mobile,2024-03-15 22:51:14,approved,False
TXN20240315004046,ACCT202692,MERCH300062,purchase,11.78,web,2024-03-15 00:07:03,approved,False
TXN20240315004047,ACCT202153,MERCH300024,purchase,146.26,in_person,2024-03-15 13:40:47,approved,False
TXN20240315004048,ACCT202893,MERCH300223,purchase,60.27,in_person,2024-03-15 03:41:03,approved,False
TXN20240315004049,ACCT206173,MERCH300207,purchase,27.81,mobile,2024-03-15 02:09:19,approved,False
TXN20240315004050,ACCT203471,MERCH300028,deposit,58.16,in_person,2024-03-15 04:36:59,approved,False
TXN20240315004051,ACCT200732,MERCH300282,purchase,22.75,web,2024-03-15 07:15:55,approved,False
TXN20240315004052,ACCT202263,MERCH300027,purchase,18.17,mobile,2024-03-15 19:17:25,approved,False
TXN20240315004053,ACCT206189,MERCH300251,withdrawal,8.63,in_person,2024-03-15 16:46:56,approved,False
TXN20240315004054,ACCT204200,MERCH300051,purchase,28.35,in_person,2024-03-15 00:22:17,approved,False
TXN20240315004055,ACCT203912,MERCH300295,transfer,27.83,web,2024-03-15 14:12:11,approved,False
TXN20240315004056,ACCT202754,MERCH300097,deposit,118.99,mobile,2024-03-15 19:39:24,approved,False
TXN20240315004057,ACCT201427,MERCH300176,purchase,17.72,web,2024-03-15 22:52:37,approved,False
TXN20240315004058,ACCT201423,MERCH300142,transfer,13.57,web,2024-03-15 21:48:45,approved,False
TXN20240315004059,ACCT202011,MERCH300258,purchase,30.44,mobile,2024-03-15 19:53:37,approved,False
TXN20240315004060,ACCT206431,MERCH300077,purchase,64.09,web,2024-03-15 08:30:36,approved,False
TXN20240315004061,ACCT202561,MERCH300116,purchase,81.1,mobile,2024-03-15 04:30:59,approved,False
TXN20240315004062,ACCT202111,MERCH300288,purchase,47.58,mobile,2024-03-15 18:03:57,approved,False
TXN20240315004063,ACCT202931,MERCH300071,purchase,19.71,mobile,2024-03-15 03:55:54,approved,False
TXN20240315004064,ACCT204802,MERCH300024,purchase,28.36,atm,2024-03-15 16:17:08,approved,False
TXN20240315004065,ACCT204547,MERCH300113,withdrawal,85.53,in_person,2024-03-15 08:42:49,approved,False
TXN20240315004066,ACCT202769,MERCH300080,purchase,15.37,web,2024-03-15 07:54:08,declined,False
TXN20240315004067,ACCT203747,MERCH300179,purchase,14.26,atm,2024-03-15 11:37:15,approved,False
TXN20240315004068,ACCT201553,MERCH300241,purchase,7.61,web,2024-03-15 21:31:33,approved,False
TXN20240315004069,ACCT201874,MERCH300110,withdrawal,38.06,in_person,2024-03-15 01:38:19,approved,False
TXN20240315004070,ACCT204212,MERCH300082,purchase,36.13,mobile,2024-03-15 13:34:48,approved,False
TXN20240315004071,ACCT205142,MERCH300293,transfer,129.68,mobile,2024-03-15 21:32:53,approved,False
TXN20240315004072,ACCT202258,MERCH300162,purchase,26.96,mobile,2024-03-15 08:17:09,approved,False
TXN20240315004073,ACCT203620,MERCH300133,purchase,37.52,mobile,2024-03-15 21:19:12,approved,False
TXN20240315004074,ACCT204491,MERCH300084,purchase,30.86,mobile,2024-03-15 00:29:04,approved,False
TXN20240315004075,ACCT202150,MERCH300128,purchase,17.06,in_person,2024-03-15 10:50:58,approved,False
TXN20240315004076,ACCT205053,MERCH300086,transfer,9.46,web,2024-03-15 08:46:57,approved,False
TXN20240315004077,ACCT206141,MERCH300181,purchase,53.92,atm,2024-03-15 10:40:04,approved,False
TXN20240315004078,ACCT205052,MERCH300035,withdrawal,20.43,in_person,2024-03-15 19:31:20,approved,False
TXN20240315004079,ACCT204101,MERCH300277,transfer,12.07,in_person,2024-03-15 22:35:24,approved,False
TXN20240315004080,ACCT203818,MERCH300011,purchase,89.47,in_person,2024-03-15 18:25:36,approved,False
TXN20240315004081,ACCT202798,MERCH300240,transfer,10.51,in_person,2024-03-15 02:32:21,approved,False
TXN20240315004082,ACCT205573,MERCH300034,purchase,151.86,mobile,2024-03-15 16:55:08,approved,False
TXN20240315004083,ACCT202496,MERCH300281,transfer,79.27,in_person,2024-03-15 01:45:58,approved,False
TXN20240315004084,ACCT200211,MERCH300202,purchase,131.32,in_person,2024-03-15 20:51:16,approved,False
TXN20240315004085,ACCT200346,MERCH300194,purchase,22.9,in_person,2024-03-15 00:00:56,approved,False
TXN20240315004086,ACCT204961,MERCH300049,purchase,11.76,in_person,2024-03-15 13:16:08,approved,False
TXN20240315004087,ACCT205085,MERCH300211,transfer,12.64,web,2024-03-15 03:52:32,approved,False
TXN20240315004088,ACCT201704,MERCH300130,purchase,43.97,in_person,2024-03-15 08:51:02,approved,False
TXN20240315004089,ACCT202038,MERCH300290,transfer,50.53,mobile,2024-03-15 00:13:31,approved,False
TXN20240315004090,ACCT203335,MERCH300201,transfer,122.83,mobile,2024-03-15 12:27:42,approved,False
TXN20240315004091,ACCT204276,MERCH300166,transfer,24.08,atm,2024-03-15 06:43:03,approved,False
TXN20240315004092,ACCT204667,MERCH300251,purchase,37.76,mobile,2024-03-15 22:22:44,approved,False
TXN20240315004093,ACCT204666,MERCH300229,purchase,8.45,web,2024-03-15 12:40:43,approved,False
TXN20240315004094,ACCT206149,MERCH300194,purchase,7.09,in_person,2024-03-15 13:36:55,reversed,False
TXN20240315004095,ACCT205338,MERCH300129,transfer,70.1,in_person,2024-03-15 14:09:47,reversed,False
TXN20240315004096,ACCT202313,MERCH300071,deposit,80.83,web,2024-03-15 00:07:12,approved,False
TXN20240315004097,ACCT201873,MERCH300024,purchase,10.33,mobile,2024-03-15 15:27:00,approved,False
TXN20240315004098,ACCT200882,MERCH300088,deposit,19.05,web,2024-03-15 06:33:25,approved,False
TXN20240315004099,ACCT205982,MERCH300248,purchase,45.32,in_person,2024-03-15 19:08:15,approved,False
TXN20240315004100,ACCT205844,MERCH300280,purchase,70.95,in_person,2024-03-15 13:18:48,approved,False
TXN20240315004101,ACCT202837,MERCH300151,purchase,160.72,web,2024-03-15 12:54:48,approved,False
TXN20240315004102,ACCT200767,MERCH300115,purchase,49.5,atm,2024-03-15 03:54:03,approved,False
TXN20240315004103,ACCT204597,MERCH300055,purchase,14.35,atm,2024-03-15 23:22:03,approved,False
TXN20240315004104,ACCT200295,MERCH300277,withdrawal,12.77,web,2024-03-15 03:20:32,approved,False
TXN20240315004105,ACCT204894,MERCH300171,purchase,64.19,in_person,2024-03-15 22:34:43,approved,False
TXN20240315004106,ACCT200284,MERCH300094,purchase,35.45,web,2024-03-15 15:23:50,approved,False
TXN20240315004107,ACCT200962,MERCH300151,purchase,48.88,web,2024-03-15 06:34:58,approved,False
TXN20240315004108,ACCT201129,MERCH300141,purchase,73.06,in_person,2024-03-15 18:09:35,approved,False
TXN20240315004109,ACCT200013,MERCH300121,purchase,129.67,mobile,2024-03-15 13:29:27,declined,False
TXN20240315004110,ACCT204811,MERCH300225,deposit,81.2,mobile,2024-03-15 07:42:26,approved,False
TXN20240315004111,ACCT200071,MERCH300276,purchase,36.87,web,2024-03-15 04:56:42,approved,False
TXN20240315004112,ACCT201576,MERCH300081,purchase,10.03,web,2024-03-15 23:31:00,declined,False
TXN20240315004113,ACCT202850,MERCH300210,purchase,26.83,mobile,2024-03-15 21:20:02,approved,False
TXN20240315004114,ACCT204735,MERCH300002,purchase,18.08,web,2024-03-15 12:56:16,approved,False
TXN20240315004115,ACCT205672,MERCH300185,purchase,58.55,web,2024-03-15 22:07:24,approved,False
TXN20240315004116,ACCT205132,MERCH300198,purchase,2.79,in_person,2024-03-15 17:14:45,approved,False
TXN20240315004117,ACCT202627,MERCH300065,purchase,11.45,in_person,2024-03-15 13:05:09,declined,False
TXN20240315004118,ACCT204634,MERCH300135,purchase,60.45,web,2024-03-15 18:27:45,approved,False
TXN20240315004119,ACCT205726,MERCH300160,deposit,8.01,mobile,2024-03-15 05:02:41,approved,False
TXN20240315004120,ACCT202920,MERCH300209,purchase,110.99,in_person,2024-03-15 15:05:40,approved,True
TXN20240315004121,ACCT204652,MERCH300200,purchase,70.31,in_person,2024-03-15 18:52:41,approved,False
TXN20240315004122,ACCT202952,MERCH300004,transfer,25.02,in_person,2024-03-15 07:56:49,approved,False
TXN20240315004123,ACCT205463,MERCH300275,deposit,40.3,in_person,2024-03-15 14:39:51,approved,False
TXN20240315004124,ACCT206353,MERCH300073,purchase,31.36,mobile,2024-03-15 18:01:29,approved,False
TXN20240315004125,ACCT201388,MERCH300123,purchase,16.21,atm,2024-03-15 14:56:53,approved,False
TXN20240315004126,ACCT200375,MERCH300246,purchase,19.67,web,2024-03-15 00:55:07,approved,False
TXN20240315004127,ACCT200903,MERCH300108,purchase,79.23,in_person,2024-03-15 05:04:44,approved,False
TXN20240315004128,ACCT203960,MERCH300099,deposit,12.74,in_person,2024-03-15 16:19:05,approved,False
TXN20240315004129,ACCT205478,MERCH300186,deposit,52.41,web,2024-03-15 17:34:40,approved,False
TXN20240315004130,ACCT203811,MERCH300292,transfer,32.23,in_person,2024-03-15 05:47:29,approved,False
TXN20240315004131,ACCT206065,MERCH300158,deposit,105.75,web,2024-03-15 14:10:00,approved,False
TXN20240315004132,ACCT202181,MERCH300120,purchase,150.94,in_person,2024-03-15 03:45:36,approved,False
TXN20240315004133,ACCT200101,MERCH300244,purchase,33.25,web,2024-03-15 22:49:09,approved,False
TXN20240315004134,ACCT206192,MERCH300221,purchase,62.84,atm,2024-03-15 05:57:24,approved,False
TXN20240315004135,ACCT200167,MERCH300119,purchase,92.0,in_person,2024-03-15 07:40:35,approved,False
TXN20240315004136,ACCT204599,MERCH300233,transfer,22.81,in_person,2024-03-15 10:52:02,approved,False
TXN20240315004137,ACCT203556,MERCH300043,purchase,49.52,mobile,2024-03-15 20:54:24,approved,False
TXN20240315004138,ACCT203975,MERCH300066,transfer,87.68,atm,2024-03-15 09:00:42,approved,False
TXN20240315004139,ACCT204387,MERCH300027,transfer,21.99,web,2024-03-15 03:50:31,approved,False
TXN20240315004140,ACCT202517,MERCH300057,purchase,44.18,in_person,2024-03-15 18:15:30,approved,False
TXN20240315004141,ACCT203180,MERCH300293,purchase,66.43,in_person,2024-03-15 01:22:51,approved,False
TXN20240315004142,ACCT205319,MERCH300113,withdrawal,15.99,atm,2024-03-15 12:03:55,approved,False
TXN20240315004143,ACCT204149,MERCH300005,transfer,24.42,mobile,2024-03-15 17:18:53,approved,True
TXN20240315004144,ACCT205992,MERCH300099,purchase,20.37,mobile,2024-03-15 11:00:46,approved,False
TXN20240315004145,ACCT206099,MERCH300059,purchase,25.04,atm,2024-03-15 22:42:05,approved,False
TXN20240315004146,ACCT203376,MERCH300175,purchase,21.62,in_person,2024-03-15 13:11:12,approved,False
TXN20240315004147,ACCT201899,MERCH300279,deposit,25.26,mobile,2024-03-15 08:38:57,approved,False
TXN20240315004148,ACCT201592,MERCH300192,purchase,359.07,web,2024-03-15 00:16:48,approved,False
TXN20240315004149,ACCT203316,MERCH300033,transfer,51.46,in_person,2024-03-15 12:58:27,approved,False
TXN20240315004150,ACCT202203,MERCH300217,purchase,42.62,mobile,2024-03-15 10:15:38,approved,False
TXN20240315004151,ACCT204898,MERCH300012,purchase,53.3,in_person,2024-03-15 15:17:28,approved,False
TXN20240315004152,ACCT202836,MERCH300143,purchase,27.64,mobile,2024-03-15 00:49:54,approved,False
TXN20240315004153,ACCT203001,MERCH300188,purchase,114.45,web,2024-03-15 04:07:22,approved,False
TXN20240315004154,ACCT204890,MERCH300158,purchase,158.13,web,2024-03-15 00:16:56,approved,False
TXN20240315004155,ACCT206120,MERCH300089,deposit,52.53,mobile,2024-03-15 00:48:43,approved,False
TXN20240315004156,ACCT204527,MERCH300281,deposit,44.92,web,2024-03-15 05:55:11,approved,False
TXN20240315004157,ACCT203479,MERCH300247,purchase,19.08,in_person,2024-03-15 14:14:06,approved,False
TXN20240315004158,ACCT202129,MERCH300204,purchase,12.51,in_person,2024-03-15 17:41:56,approved,False
TXN20240315004159,ACCT204669,MERCH300242,withdrawal,29.04,web,2024-03-15 14:02:06,approved,False
TXN20240315004160,ACCT202476,MERCH300012,purchase,61.99,web,2024-03-15 08:34:32,declined,False
TXN20240315004161,ACCT203614,MERCH300040,withdrawal,6.63,web,2024-03-15 21:31:46,approved,False
TXN20240315004162,ACCT200800,MERCH300038,transfer,283.97,in_person,2024-03-15 06:47:31,declined,False
TXN20240315004163,ACCT203395,MERCH300081,purchase,231.17,in_person,2024-03-15 11:29:28,approved,False
TXN20240315004164,ACCT202920,MERCH300119,deposit,60.93,atm,2024-03-15 19:12:23,approved,False
TXN20240315004165,ACCT205863,MERCH300083,purchase,20.84,in_person,2024-03-15 10:48:47,approved,False
TXN20240315004166,ACCT200464,MERCH300031,withdrawal,138.47,mobile,2024-03-15 00:01:33,approved,False
TXN20240315004167,ACCT200021,MERCH300093,purchase,55.77,mobile,2024-03-15 04:31:10,approved,False
TXN20240315004168,ACCT203280,MERCH300058,transfer,15.38,in_person,2024-03-15 19:15:18,approved,False
TXN20240315004169,ACCT200488,MERCH300291,deposit,49.39,in_person,2024-03-15 01:36:50,approved,False
TXN20240315004170,ACCT200529,MERCH300147,purchase,50.19,mobile,2024-03-15 19:45:51,approved,False
TXN20240315004171,ACCT204324,MERCH300174,purchase,143.4,in_person,2024-03-15 07:07:01,approved,False
TXN20240315004172,ACCT200691,MERCH300148,purchase,11.51,in_person,2024-03-15 08:33:00,approved,False
TXN20240315004173,ACCT200319,MERCH300208,transfer,38.07,mobile,2024-03-15 10:48:07,approved,False
TXN20240315004174,ACCT205164,MERCH300218,purchase,21.83,in_person,2024-03-15 23:40:16,approved,False
TXN20240315004175,ACCT202618,MERCH300057,purchase,47.86,mobile,2024-03-15 23:12:19,approved,False
TXN20240315004176,ACCT204993,MERCH300173,purchase,128.55,in_person,2024-03-15 06:01:04,approved,False
TXN20240315004177,ACCT204946,MERCH300103,purchase,38.84,web,2024-03-15 07:59:30,declined,False
TXN20240315004178,ACCT205993,MERCH300286,transfer,19.99,web,2024-03-15 17:59:26,approved,False
TXN20240315004179,ACCT200704,MERCH300000,purchase,10.35,mobile,2024-03-15 01:41:58,approved,False
TXN20240315004180,ACCT205195,MERCH300212,purchase,28.76,mobile,2024-03-15 13:26:07,declined,False
TXN20240315004181,ACCT204887,MERCH300221,purchase,75.48,mobile,2024-03-15 14:37:29,approved,False
TXN20240315004182,ACCT202342,MERCH300086,purchase,20.42,web,2024-03-15 11:56:10,approved,False
TXN20240315004183,ACCT201199,MERCH300100,purchase,9.64,web,2024-03-15 20:39:57,approved,False
TXN20240315004184,ACCT200508,MERCH300257,purchase,34.36,mobile,2024-03-15 07:20:25,approved,False
TXN20240315004185,ACCT200151,MERCH300081,purchase,34.8,in_person,2024-03-15 12:47:09,approved,False
TXN20240315004186,ACCT205151,MERCH300260,deposit,17.13,in_person,2024-03-15 18:05:16,approved,False
TXN20240315004187,ACCT200781,MERCH300082,withdrawal,49.49,web,2024-03-15 22:39:03,approved,False
TXN20240315004188,ACCT203923,MERCH300212,purchase,118.2,in_person,2024-03-15 03:26:26,approved,False
TXN20240315004189,ACCT205571,MERCH300194,withdrawal,17.42,web,2024-03-15 02:43:33,approved,False
TXN20240315004190,ACCT204014,MERCH300088,transfer,21.52,web,2024-03-15 14:30:08,approved,False
TXN20240315004191,ACCT201787,MERCH300105,purchase,29.91,in_person,2024-03-15 07:18:22,approved,False
TXN20240315004192,ACCT205115,MERCH300007,purchase,17.85,in_person,2024-03-15 12:28:46,reversed,False
TXN20240315004193,ACCT206045,MERCH300245,purchase,46.87,web,2024-03-15 09:42:26,approved,False
TXN20240315004194,ACCT200683,MERCH300293,purchase,3.82,web,2024-03-15 22:03:25,approved,False
TXN20240315004195,ACCT202620,MERCH300120,transfer,138.15,mobile,2024-03-15 16:26:58,declined,False
TXN20240315004196,ACCT200585,MERCH300236,purchase,12.32,mobile,2024-03-15 01:46:31,approved,False
TXN20240315004197,ACCT203088,MERCH300282,purchase,55.59,mobile,2024-03-15 04:35:04,approved,False
TXN20240315004198,ACCT204790,MERCH300067,transfer,92.1,in_person,2024-03-15 22:03:48,approved,False
TXN20240315004199,ACCT202952,MERCH300141,transfer,17.24,in_person,2024-03-15 20:14:03,approved,False
TXN20240315004200,ACCT206429,MERCH300243,transfer,48.5,mobile,2024-03-15 11:08:38,declined,False
TXN20240315004201,ACCT200818,MERCH300097,purchase,12.36,mobile,2024-03-15 04:54:41,approved,False
TXN20240315004202,ACCT202108,MERCH300113,purchase,3.58,mobile,2024-03-15 08:51:21,approved,False
TXN20240315004203,ACCT200686,MERCH300203,purchase,16.66,web,2024-03-15 04:44:43,approved,False
TXN20240315004204,ACCT206080,MERCH300286,purchase,34.41,mobile,2024-03-15 18:17:40,approved,False
TXN20240315004205,ACCT202967,MERCH300134,purchase,80.72,in_person,2024-03-15 01:27:41,approved,False
TXN20240315004206,ACCT201621,MERCH300044,transfer,49.61,in_person,2024-03-15 23:12:13,approved,False
TXN20240315004207,ACCT205378,MERCH300217,purchase,18.8,in_person,2024-03-15 05:54:13,approved,False
TXN20240315004208,ACCT205978,MERCH300050,purchase,5.97,web,2024-03-15 14:44:55,approved,False
TXN20240315004209,ACCT202573,MERCH300022,purchase,215.14,in_person,2024-03-15 23:05:03,approved,False
TXN20240315004210,ACCT202536,MERCH300131,purchase,22.69,in_person,2024-03-15 12:47:47,approved,False
TXN20240315004211,ACCT201711,MERCH300286,withdrawal,39.17,in_person,2024-03-15 14:43:06,approved,False
TXN20240315004212,ACCT201375,MERCH300051,deposit,71.46,in_person,2024-03-15 16:42:05,approved,False
TXN20240315004213,ACCT204307,MERCH300059,purchase,67.38,mobile,2024-03-15 14:45:12,reversed,False
TXN20240315004214,ACCT202449,MERCH300067,purchase,46.93,atm,2024-03-15 10:42:34,approved,False
TXN20240315004215,ACCT201745,MERCH300220,purchase,38.32,mobile,2024-03-15 14:13:35,approved,False
TXN20240315004216,ACCT202398,MERCH300206,purchase,41.08,web,2024-03-15 22:28:49,approved,False
TXN20240315004217,ACCT200001,MERCH300020,deposit,10.74,mobile,2024-03-15 06:48:43,approved,False
TXN20240315004218,ACCT205845,MERCH300112,purchase,73.02,web,2024-03-15 06:45:52,approved,False
TXN20240315004219,ACCT205923,MERCH300266,purchase,340.66,in_person,2024-03-15 09:20:51,approved,False
TXN20240315004220,ACCT204862,MERCH300137,purchase,20.68,web,2024-03-15 22:59:23,approved,False
TXN20240315004221,ACCT202845,MERCH300240,purchase,187.15,atm,2024-03-15 13:00:00,approved,False
TXN20240315004222,ACCT206146,MERCH300016,purchase,195.77,mobile,2024-03-15 07:28:08,approved,False
TXN20240315004223,ACCT201283,MERCH300178,withdrawal,104.69,mobile,2024-03-15 16:10:14,declined,False
TXN20240315004224,ACCT200887,MERCH300238,purchase,11.91,atm,2024-03-15 20:27:34,approved,False
TXN20240315004225,ACCT204017,MERCH300106,purchase,323.8,in_person,2024-03-15 00:18:45,approved,False
TXN20240315004226,ACCT202975,MERCH300173,purchase,45.03,web,2024-03-15 03:17:38,approved,False
TXN20240315004227,ACCT202194,MERCH300294,purchase,135.63,web,2024-03-15 17:10:03,approved,False
TXN20240315004228,ACCT204276,MERCH300087,transfer,10.06,atm,2024-03-15 21:33:55,approved,False
TXN20240315004229,ACCT200411,MERCH300139,purchase,82.75,mobile,2024-03-15 10:44:27,approved,False
TXN20240315004230,ACCT202174,MERCH300073,deposit,27.33,in_person,2024-03-15 20:24:20,declined,False
TXN20240315004231,ACCT200054,MERCH300038,transfer,17.1,mobile,2024-03-15 22:34:42,approved,False
TXN20240315004232,ACCT205363,MERCH300226,purchase,26.16,in_person,2024-03-15 00:34:05,reversed,False
TXN20240315004233,ACCT202546,MERCH300282,transfer,88.92,in_person,2024-03-15 10:59:49,approved,False
TXN20240315004234,ACCT205711,MERCH300184,purchase,207.28,web,2024-03-15 08:51:30,approved,False
TXN20240315004235,ACCT203509,MERCH300204,purchase,94.74,web,2024-03-15 18:04:51,declined,False
TXN20240315004236,ACCT203721,MERCH300109,purchase,66.36,mobile,2024-03-15 11:40:01,approved,False
TXN20240315004237,ACCT204863,MERCH300209,deposit,6.49,web,2024-03-15 14:34:28,approved,False
TXN20240315004238,ACCT200634,MERCH300010,transfer,33.82,web,2024-03-15 02:32:12,approved,False
TXN20240315004239,ACCT206030,MERCH300255,purchase,41.35,in_person,2024-03-15 00:46:30,approved,False
TXN20240315004240,ACCT205609,MERCH300217,withdrawal,20.58,web,2024-03-15 16:18:13,approved,False
TXN20240315004241,ACCT201540,MERCH300091,purchase,39.42,web,2024-03-15 08:56:12,approved,False
TXN20240315004242,ACCT201584,MERCH300255,withdrawal,28.23,in_person,2024-03-15 08:19:58,approved,False
TXN20240315004243,ACCT200954,MERCH300046,transfer,118.22,in_person,2024-03-15 19:19:07,approved,False
TXN20240315004244,ACCT200683,MERCH300066,purchase,31.48,atm,2024-03-15 07:08:07,approved,False
TXN20240315004245,ACCT203841,MERCH300025,transfer,22.0,mobile,2024-03-15 04:18:40,approved,False
TXN20240315004246,ACCT200056,MERCH300175,purchase,42.4,mobile,2024-03-15 11:46:38,approved,True
TXN20240315004247,ACCT201226,MERCH300027,purchase,33.91,web,2024-03-15 07:26:22,approved,False
TXN20240315004248,ACCT202003,MERCH300089,purchase,112.25,in_person,2024-03-15 08:23:32,approved,False
TXN20240315004249,ACCT203040,MERCH300259,purchase,78.36,mobile,2024-03-15 20:41:22,approved,False
TXN20240315004250,ACCT201797,MERCH300247,deposit,24.43,in_person,2024-03-15 11:02:48,approved,False
TXN20240315004251,ACCT200383,MERCH300065,purchase,42.48,mobile,2024-03-15 12:49:12,approved,False
TXN20240315004252,ACCT203164,MERCH300120,purchase,25.31,in_person,2024-03-15 02:07:42,approved,False
TXN20240315004253,ACCT201864,MERCH300218,purchase,80.4,mobile,2024-03-15 09:02:29,approved,False
TXN20240315004254,ACCT203902,MERCH300231,purchase,6.92,atm,2024-03-15 11:23:49,approved,False
TXN20240315004255,ACCT204718,MERCH300281,deposit,31.31,web,2024-03-15 17:53:01,approved,False
TXN20240315004256,ACCT204287,MERCH300168,purchase,31.17,web,2024-03-15 00:11:15,approved,False
TXN20240315004257,ACCT200506,MERCH300268,purchase,25.84,mobile,2024-03-15 04:35:09,approved,False
TXN20240315004258,ACCT203813,MERCH300085,withdrawal,22.32,in_person,2024-03-15 13:40:25,approved,False
TXN20240315004259,ACCT205462,MERCH300209,purchase,41.03,web,2024-03-15 21:10:27,approved,False
TXN20240315004260,ACCT206185,MERCH300072,purchase,66.59,atm,2024-03-15 21:05:42,approved,False
TXN20240315004261,ACCT203135,MERCH300041,purchase,67.37,mobile,2024-03-15 19:45:30,approved,False
TXN20240315004262,ACCT201211,MERCH300082,purchase,32.49,in_person,2024-03-15 15:19:46,approved,False
TXN20240315004263,ACCT202783,MERCH300013,purchase,11.66,mobile,2024-03-15 05:29:11,approved,False
TXN20240315004264,ACCT202768,MERCH300035,purchase,123.12,in_person,2024-03-15 16:07:52,approved,False
TXN20240315004265,ACCT200668,MERCH300142,deposit,61.05,web,2024-03-15 14:54:37,approved,False
TXN20240315004266,ACCT201073,MERCH300016,transfer,72.42,in_person,2024-03-15 09:54:25,approved,False
TXN20240315004267,ACCT200425,MERCH300291,transfer,48.4,mobile,2024-03-15 05:54:01,approved,False
TXN20240315004268,ACCT202814,MERCH300237,withdrawal,2.25,mobile,2024-03-15 13:28:31,approved,False
TXN20240315004269,ACCT204393,MERCH300218,transfer,12.94,in_person,2024-03-15 11:29:58,approved,False
TXN20240315004270,ACCT205425,MERCH300109,purchase,184.18,in_person,2024-03-15 17:39:58,approved,False
TXN20240315004271,ACCT201497,MERCH300010,withdrawal,14.6,mobile,2024-03-15 21:54:01,approved,False
TXN20240315004272,ACCT204853,MERCH300083,purchase,6.97,in_person,2024-03-15 00:55:19,approved,False
TXN20240315004273,ACCT204904,MERCH300017,purchase,16.46,atm,2024-03-15 16:09:38,approved,False
TXN20240315004274,ACCT203951,MERCH300120,purchase,15.78,web,2024-03-15 17:36:52,approved,False
TXN20240315004275,ACCT204269,MERCH300286,purchase,55.32,mobile,2024-03-15 07:27:18,approved,False
TXN20240315004276,ACCT201193,MERCH300115,withdrawal,127.96,web,2024-03-15 07:59:28,approved,False
TXN20240315004277,ACCT204591,MERCH300128,withdrawal,90.03,web,2024-03-15 14:36:44,approved,False
TXN20240315004278,ACCT205720,MERCH300048,deposit,78.1,atm,2024-03-15 17:41:28,approved,False
TXN20240315004279,ACCT205352,MERCH300064,purchase,35.16,in_person,2024-03-15 20:35:35,approved,False
TXN20240315004280,ACCT204269,MERCH300158,purchase,180.4,mobile,2024-03-15 09:25:07,approved,False
TXN20240315004281,ACCT205220,MERCH300186,deposit,276.98,in_person,2024-03-15 08:05:52,approved,False
TXN20240315004282,ACCT204619,MERCH300114,purchase,16.71,web,2024-03-15 05:58:22,approved,False
TXN20240315004283,ACCT202536,MERCH300282,purchase,18.77,mobile,2024-03-15 05:20:37,approved,False
TXN20240315004284,ACCT203253,MERCH300083,purchase,198.16,web,2024-03-15 00:38:20,approved,False
TXN20240315004285,ACCT203868,MERCH300245,deposit,86.73,mobile,2024-03-15 05:14:16,declined,False
TXN20240315004286,ACCT201178,MERCH300030,purchase,343.53,in_person,2024-03-15 02:51:06,approved,False
TXN20240315004287,ACCT205344,MERCH300052,purchase,81.71,web,2024-03-15 01:10:20,approved,False
TXN20240315004288,ACCT200312,MERCH300002,purchase,79.44,atm,2024-03-15 13:06:50,approved,False
TXN20240315004289,ACCT204659,MERCH300228,purchase,21.35,in_person,2024-03-15 18:45:23,approved,False
TXN20240315004290,ACCT202925,MERCH300084,purchase,86.38,in_person,2024-03-15 06:46:38,approved,False
TXN20240315004291,ACCT200948,MERCH300271,purchase,32.75,in_person,2024-03-15 09:25:06,approved,False
TXN20240315004292,ACCT201636,MERCH300020,purchase,35.46,in_person,2024-03-15 00:07:56,approved,False
TXN20240315004293,ACCT206472,MERCH300050,purchase,18.14,in_person,2024-03-15 16:24:03,approved,False
TXN20240315004294,ACCT205777,MERCH300042,purchase,52.98,in_person,2024-03-15 03:02:56,approved,False
TXN20240315004295,ACCT204178,MERCH300270,deposit,58.6,in_person,2024-03-15 14:38:48,approved,False
TXN20240315004296,ACCT200370,MERCH300144,deposit,94.54,mobile,2024-03-15 11:28:36,approved,False
TXN20240315004297,ACCT202975,MERCH300270,purchase,28.86,in_person,2024-03-15 00:53:21,approved,False
TXN20240315004298,ACCT201188,MERCH300170,transfer,41.42,in_person,2024-03-15 20:40:08,approved,False
TXN20240315004299,ACCT202015,MERCH300085,transfer,81.12,mobile,2024-03-15 01:41:13,approved,False
TXN20240315004300,ACCT204319,MERCH300066,purchase,52.41,web,2024-03-15 01:56:34,approved,False
TXN20240315004301,ACCT205796,MERCH300128,purchase,20.93,mobile,2024-03-15 21:44:13,approved,False
TXN20240315004302,ACCT205129,MERCH300155,purchase,29.95,web,2024-03-15 03:47:44,approved,False
TXN20240315004303,ACCT202905,MERCH300261,transfer,16.73,atm,2024-03-15 00:13:00,approved,False
TXN20240315004304,ACCT200919,MERCH300273,purchase,21.05,mobile,2024-03-15 04:53:11,approved,False
TXN20240315004305,ACCT205857,MERCH300075,purchase,25.78,web,2024-03-15 17:46:00,approved,False
TXN20240315004306,ACCT202871,MERCH300200,purchase,18.56,mobile,2024-03-15 08:53:37,approved,False
TXN20240315004307,ACCT204759,MERCH300049,purchase,281.62,mobile,2024-03-15 20:26:32,approved,False
TXN20240315004308,ACCT205185,MERCH300210,withdrawal,19.36,web,2024-03-15 09:52:18,approved,False
TXN20240315004309,ACCT201627,MERCH300142,purchase,134.61,web,2024-03-15 13:39:53,declined,False
TXN20240315004310,ACCT206084,MERCH300273,purchase,21.58,in_person,2024-03-15 03:23:17,approved,False
TXN20240315004311,ACCT203318,MERCH300212,deposit,30.61,web,2024-03-15 11:17:15,approved,False
TXN20240315004312,ACCT201210,MERCH300107,purchase,36.45,in_person,2024-03-15 10:26:12,approved,False
TXN20240315004313,ACCT205678,MERCH300267,purchase,36.19,in_person,2024-03-15 03:43:47,approved,False
TXN20240315004314,ACCT205527,MERCH300255,purchase,26.57,mobile,2024-03-15 10:31:44,approved,False
TXN20240315004315,ACCT203374,MERCH300228,purchase,22.71,in_person,2024-03-15 06:08:36,approved,False
TXN20240315004316,ACCT203190,MERCH300004,purchase,12.38,web,2024-03-15 00:26:15,approved,False
TXN20240315004317,ACCT204322,MERCH300288,transfer,28.03,mobile,2024-03-15 12:02:52,approved,False
TXN20240315004318,ACCT205197,MERCH300002,purchase,20.24,mobile,2024-03-15 22:17:36,approved,False
TXN20240315004319,ACCT202236,MERCH300130,purchase,65.77,web,2024-03-15 16:35:04,approved,False
TXN20240315004320,ACCT201407,MERCH300295,purchase,21.46,atm,2024-03-15 18:10:27,declined,False
TXN20240315004321,ACCT202008,MERCH300235,purchase,19.83,in_person,2024-03-15 04:29:24,approved,False
TXN20240315004322,ACCT201977,MERCH300264,deposit,57.19,web,2024-03-15 07:12:57,approved,False
TXN20240315004323,ACCT204204,MERCH300173,withdrawal,79.31,web,2024-03-15 09:12:34,approved,False
TXN20240315004324,ACCT203519,MERCH300280,purchase,76.46,web,2024-03-15 13:38:22,approved,False
TXN20240315004325,ACCT205485,MERCH300167,purchase,10.05,in_person,2024-03-15 23:18:23,approved,False
TXN20240315004326,ACCT204498,MERCH300190,purchase,22.46,mobile,2024-03-15 01:49:08,approved,False
TXN20240315004327,ACCT205867,MERCH300211,purchase,66.16,in_person,2024-03-15 23:22:56,approved,False
TXN20240315004328,ACCT203274,MERCH300083,purchase,12.99,in_person,2024-03-15 10:33:39,approved,True
TXN20240315004329,ACCT205595,MERCH300157,withdrawal,17.45,web,2024-03-15 15:23:03,approved,False
TXN20240315004330,ACCT200587,MERCH300279,purchase,13.98,in_person,2024-03-15 16:08:58,approved,False
TXN20240315004331,ACCT204315,MERCH300156,purchase,47.3,web,2024-03-15 13:12:08,approved,False
TXN20240315004332,ACCT204724,MERCH300111,purchase,7.54,mobile,2024-03-15 11:28:56,approved,False
TXN20240315004333,ACCT204757,MERCH300016,purchase,11.09,in_person,2024-03-15 21:37:24,approved,False
TXN20240315004334,ACCT203229,MERCH300146,purchase,12.32,web,2024-03-15 22:55:32,approved,False
TXN20240315004335,ACCT203088,MERCH300247,transfer,17.55,web,2024-03-15 22:44:21,approved,False
TXN20240315004336,ACCT202117,MERCH300144,purchase,22.23,in_person,2024-03-15 17:03:23,approved,False
TXN20240315004337,ACCT205266,MERCH300214,transfer,117.41,web,2024-03-15 16:25:43,approved,False
TXN20240315004338,ACCT201485,MERCH300027,purchase,93.28,in_person,2024-03-15 07:33:36,approved,False
TXN20240315004339,ACCT206212,MERCH300262,deposit,63.36,web,2024-03-15 09:48:15,approved,False
TXN20240315004340,ACCT200615,MERCH300115,purchase,75.91,web,2024-03-15 21:12:02,declined,False
TXN20240315004341,ACCT202469,MERCH300141,purchase,25.3,mobile,2024-03-15 16:11:53,approved,False
TXN20240315004342,ACCT200671,MERCH300033,purchase,61.07,mobile,2024-03-15 02:05:00,approved,False
TXN20240315004343,ACCT206188,MERCH300276,deposit,8.86,in_person,2024-03-15 19:46:47,approved,False
TXN20240315004344,ACCT202661,MERCH300065,purchase,34.25,in_person,2024-03-15 19:21:38,approved,False
TXN20240315004345,ACCT201962,MERCH300110,purchase,52.35,web,2024-03-15 07:12:33,approved,False
TXN20240315004346,ACCT203824,MERCH300257,transfer,49.84,in_person,2024-03-15 11:40:14,approved,False
TXN20240315004347,ACCT201667,MERCH300247,purchase,17.86,web,2024-03-15 10:28:42,approved,False
TXN20240315004348,ACCT203074,MERCH300183,withdrawal,53.21,mobile,2024-03-15 04:52:40,approved,False
TXN20240315004349,ACCT205853,MERCH300238,withdrawal,26.38,web,2024-03-15 02:42:36,approved,False
TXN20240315004350,ACCT201154,MERCH300025,withdrawal,31.54,in_person,2024-03-15 05:09:04,approved,False
TXN20240315004351,ACCT204975,MERCH300230,purchase,56.62,atm,2024-03-15 14:24:19,approved,False
TXN20240315004352,ACCT202752,MERCH300132,purchase,72.25,in_person,2024-03-15 11:14:41,approved,False
TXN20240315004353,ACCT204616,MERCH300281,purchase,12.04,mobile,2024-03-15 06:56:49,approved,False
TXN20240315004354,ACCT200145,MERCH300044,withdrawal,20.5,in_person,2024-03-15 15:33:09,approved,False
TXN20240315004355,ACCT200472,MERCH300005,purchase,24.48,web,2024-03-15 15:46:13,approved,False
TXN20240315004356,ACCT204937,MERCH300149,purchase,58.17,web,2024-03-15 18:42:14,approved,False
TXN20240315004357,ACCT200325,MERCH300171,purchase,32.83,web,2024-03-15 01:50:46,approved,False
TXN20240315004358,ACCT201533,MERCH300090,withdrawal,16.02,web,2024-03-15 09:04:33,approved,False
TXN20240315004359,ACCT204464,MERCH300084,purchase,58.78,in_person,2024-03-15 13:36:20,approved,False
TXN20240315004360,ACCT206310,MERCH300054,purchase,70.33,in_person,2024-03-15 08:55:58,approved,False
TXN20240315004361,ACCT206143,MERCH300181,purchase,54.15,in_person,2024-03-15 13:08:08,approved,False
TXN20240315004362,ACCT202075,MERCH300010,deposit,14.58,mobile,2024-03-15 12:11:24,approved,False
TXN20240315004363,ACCT202256,MERCH300294,purchase,24.87,web,2024-03-15 13:13:30,approved,False
TXN20240315004364,ACCT205448,MERCH300094,purchase,40.28,mobile,2024-03-15 04:27:41,approved,False
TXN20240315004365,ACCT201431,MERCH300092,transfer,73.3,in_person,2024-03-15 03:06:28,approved,False
TXN20240315004366,ACCT202174,MERCH300272,withdrawal,20.87,web,2024-03-15 17:42:07,declined,False
TXN20240315004367,ACCT206312,MERCH300233,purchase,46.17,mobile,2024-03-15 09:37:18,approved,False
TXN20240315004368,ACCT206020,MERCH300012,withdrawal,7.82,mobile,2024-03-15 19:48:26,approved,False
TXN20240315004369,ACCT203325,MERCH300290,purchase,11.2,web,2024-03-15 13:49:06,approved,False
TXN20240315004370,ACCT203321,MERCH300219,transfer,230.8,in_person,2024-03-15 21:31:35,approved,False
TXN20240315004371,ACCT206083,MERCH300144,transfer,23.07,web,2024-03-15 11:03:18,approved,False
TXN20240315004372,ACCT206455,MERCH300217,purchase,49.57,atm,2024-03-15 21:45:14,approved,False
TXN20240315004373,ACCT201913,MERCH300226,purchase,40.15,in_person,2024-03-15 17:13:56,approved,False
TXN20240315004374,ACCT204853,MERCH300041,purchase,5.77,atm,2024-03-15 05:10:07,approved,False
TXN20240315004375,ACCT201655,MERCH300236,deposit,32.52,mobile,2024-03-15 08:15:52,approved,False
TXN20240315004376,ACCT203482,MERCH300031,purchase,19.38,web,2024-03-15 19:39:14,reversed,False
TXN20240315004377,ACCT200131,MERCH300118,transfer,47.83,mobile,2024-03-15 08:10:21,approved,False
TXN20240315004378,ACCT200906,MERCH300202,transfer,24.11,mobile,2024-03-15 07:26:14,reversed,False
TXN20240315004379,ACCT202707,MERCH300101,purchase,21.12,web,2024-03-15 14:01:17,approved,False
TXN20240315004380,ACCT201872,MERCH300223,purchase,44.77,mobile,2024-03-15 13:27:43,approved,False
TXN20240315004381,ACCT200330,MERCH300096,purchase,22.72,mobile,2024-03-15 07:45:21,approved,False
TXN20240315004382,ACCT203775,MERCH300185,withdrawal,52.12,web,2024-03-15 23:14:17,approved,False
TXN20240315004383,ACCT204123,MERCH300287,purchase,16.81,mobile,2024-03-15 04:38:50,approved,False
TXN20240315004384,ACCT205970,MERCH300212,purchase,24.17,web,2024-03-15 23:37:11,approved,False
TXN20240315004385,ACCT205113,MERCH300130,transfer,33.41,web,2024-03-15 23:27:41,approved,False
TXN20240315004386,ACCT204890,MERCH300243,purchase,94.19,mobile,2024-03-15 21:42:45,approved,False
TXN20240315004387,ACCT206055,MERCH300076,purchase,197.09,atm,2024-03-15 05:32:13,approved,False
TXN20240315004388,ACCT200259,MERCH300167,purchase,36.28,atm,2024-03-15 23:42:15,approved,False
TXN20240315004389,ACCT202270,MERCH300241,transfer,215.11,in_person,2024-03-15 16:46:36,approved,False
TXN20240315004390,ACCT204373,MERCH300079,purchase,23.44,mobile,2024-03-15 05:44:45,approved,False
TXN20240315004391,ACCT204111,MERCH300101,purchase,71.86,in_person,2024-03-15 02:21:27,approved,False
TXN20240315004392,ACCT203710,MERCH300203,withdrawal,2.43,web,2024-03-15 16:14:10,approved,False
TXN20240315004393,ACCT202395,MERCH300004,withdrawal,36.28,in_person,2024-03-15 14:41:47,reversed,False
TXN20240315004394,ACCT203574,MERCH300135,deposit,23.11,atm,2024-03-15 02:41:16,approved,False
TXN20240315004395,ACCT205023,MERCH300009,purchase,143.07,atm,2024-03-15 23:48:37,declined,False
TXN20240315004396,ACCT202537,MERCH300088,purchase,5.74,mobile,2024-03-15 04:50:27,approved,False
TXN20240315004397,ACCT206043,MERCH300209,purchase,12.23,in_person,2024-03-15 03:29:07,approved,False
TXN20240315004398,ACCT202447,MERCH300276,purchase,34.2,web,2024-03-15 22:24:15,approved,False
TXN20240315004399,ACCT201816,MERCH300224,purchase,35.64,in_person,2024-03-15 11:27:42,approved,False
TXN20240315004400,ACCT200273,MERCH300289,purchase,68.37,in_person,2024-03-15 09:04:48,approved,False
TXN20240315004401,ACCT201937,MERCH300031,purchase,167.29,in_person,2024-03-15 10:32:43,approved,False
TXN20240315004402,ACCT204649,MERCH300133,deposit,15.08,in_person,2024-03-15 08:02:46,approved,False
TXN20240315004403,ACCT204585,MERCH300144,purchase,95.43,in_person,2024-03-15 00:44:10,approved,False
TXN20240315004404,ACCT204390,MERCH300296,purchase,42.57,mobile,2024-03-15 09:06:43,approved,False
TXN20240315004405,ACCT205051,MERCH300224,purchase,8.26,mobile,2024-03-15 08:36:17,approved,False
TXN20240315004406,ACCT205781,MERCH300171,purchase,48.27,in_person,2024-03-15 08:21:39,approved,False
TXN20240315004407,ACCT202944,MERCH300237,transfer,18.36,web,2024-03-15 21:36:11,approved,False
TXN20240315004408,ACCT202344,MERCH300216,transfer,44.19,web,2024-03-15 22:19:33,approved,False
TXN20240315004409,ACCT204197,MERCH300056,purchase,66.89,atm,2024-03-15 19:28:15,approved,False
TXN20240315004410,ACCT204518,MERCH300291,purchase,57.77,mobile,2024-03-15 23:34:43,approved,False
TXN20240315004411,ACCT200250,MERCH300201,purchase,6.93,atm,2024-03-15 07:26:31,approved,False
TXN20240315004412,ACCT205883,MERCH300282,purchase,3.94,web,2024-03-15 03:07:50,approved,False
TXN20240315004413,ACCT203685,MERCH300186,purchase,256.52,in_person,2024-03-15 23:05:33,approved,False
TXN20240315004414,ACCT204810,MERCH300080,purchase,51.3,in_person,2024-03-15 17:41:35,approved,False
TXN20240315004415,ACCT201122,MERCH300144,transfer,46.72,atm,2024-03-15 18:18:48,approved,False
TXN20240315004416,ACCT206101,MERCH300181,transfer,14.7,web,2024-03-15 04:15:59,approved,False
TXN20240315004417,ACCT203766,MERCH300052,transfer,19.0,atm,2024-03-15 12:42:07,approved,False
TXN20240315004418,ACCT203383,MERCH300097,purchase,59.01,mobile,2024-03-15 06:53:38,approved,False
TXN20240315004419,ACCT202991,MERCH300186,transfer,13.0,in_person,2024-03-15 00:08:44,approved,False
TXN20240315004420,ACCT203666,MERCH300098,purchase,17.39,mobile,2024-03-15 12:46:31,approved,False
TXN20240315004421,ACCT206148,MERCH300286,purchase,45.52,in_person,2024-03-15 05:07:10,approved,False
TXN20240315004422,ACCT205133,MERCH300125,purchase,69.65,in_person,2024-03-15 19:30:18,declined,False
TXN20240315004423,ACCT202780,MERCH300102,purchase,60.97,web,2024-03-15 10:17:58,approved,False
TXN20240315004424,ACCT200583,MERCH300217,purchase,31.88,in_person,2024-03-15 06:02:58,approved,False
TXN20240315004425,ACCT200670,MERCH300289,purchase,39.72,in_person,2024-03-15 22:02:25,approved,False
TXN20240315004426,ACCT200328,MERCH300116,transfer,215.63,in_person,2024-03-15 18:54:02,approved,False
TXN20240315004427,ACCT204223,MERCH300230,transfer,89.36,mobile,2024-03-15 10:43:06,approved,False
TXN20240315004428,ACCT204362,MERCH300015,transfer,16.16,web,2024-03-15 01:56:16,approved,False
TXN20240315004429,ACCT202133,MERCH300210,withdrawal,21.07,web,2024-03-15 07:58:43,approved,False
TXN20240315004430,ACCT200847,MERCH300229,purchase,34.59,atm,2024-03-15 07:30:54,approved,False
TXN20240315004431,ACCT202262,MERCH300009,purchase,91.01,atm,2024-03-15 23:05:33,approved,False
TXN20240315004432,ACCT200005,MERCH300108,deposit,78.27,web,2024-03-15 21:36:24,approved,False
TXN20240315004433,ACCT205609,MERCH300286,transfer,59.93,atm,2024-03-15 12:35:52,approved,False
TXN20240315004434,ACCT200512,MERCH300168,purchase,23.46,web,2024-03-15 23:32:26,approved,False
TXN20240315004435,ACCT201934,MERCH300075,withdrawal,161.41,in_person,2024-03-15 11:56:56,approved,False
TXN20240315004436,ACCT203276,MERCH300154,withdrawal,52.46,in_person,2024-03-15 11:42:10,approved,False
TXN20240315004437,ACCT201884,MERCH300270,transfer,54.69,mobile,2024-03-15 14:10:09,approved,False
TXN20240315004438,ACCT202648,MERCH300109,purchase,49.18,web,2024-03-15 22:33:02,approved,False
TXN20240315004439,ACCT201498,MERCH300040,purchase,46.8,web,2024-03-15 02:24:26,approved,False
TXN20240315004440,ACCT202025,MERCH300207,transfer,62.91,in_person,2024-03-15 15:25:00,approved,False
TXN20240315004441,ACCT203834,MERCH300256,deposit,13.17,in_person,2024-03-15 02:12:25,approved,False
TXN20240315004442,ACCT201687,MERCH300060,purchase,13.69,in_person,2024-03-15 21:28:17,approved,False
TXN20240315004443,ACCT202075,MERCH300138,purchase,29.9,in_person,2024-03-15 08:52:57,reversed,False
TXN20240315004444,ACCT206152,MERCH300171,purchase,79.25,web,2024-03-15 05:36:18,approved,False
TXN20240315004445,ACCT201808,MERCH300290,purchase,90.55,in_person,2024-03-15 02:36:49,approved,False
TXN20240315004446,ACCT203150,MERCH300190,purchase,200.96,web,2024-03-15 06:36:12,approved,False
TXN20240315004447,ACCT201641,MERCH300079,purchase,65.46,web,2024-03-15 11:53:44,approved,False
TXN20240315004448,ACCT206242,MERCH300219,transfer,70.64,web,2024-03-15 22:02:19,approved,False
TXN20240315004449,ACCT206323,MERCH300038,purchase,51.42,web,2024-03-15 04:41:30,approved,False
TXN20240315004450,ACCT204972,MERCH300097,purchase,15.87,mobile,2024-03-15 12:36:51,approved,False
TXN20240315004451,ACCT205965,MERCH300022,purchase,3.22,mobile,2024-03-15 07:56:00,approved,False
TXN20240315004452,ACCT205293,MERCH300124,purchase,21.65,in_person,2024-03-15 07:04:51,approved,False
TXN20240315004453,ACCT202408,MERCH300297,purchase,20.57,mobile,2024-03-15 14:07:07,approved,False
TXN20240315004454,ACCT206214,MERCH300019,purchase,62.03,in_person,2024-03-15 00:26:57,approved,False
TXN20240315004455,ACCT206241,MERCH300013,purchase,19.32,atm,2024-03-15 04:30:12,approved,False
TXN20240315004456,ACCT203589,MERCH300234,withdrawal,13.71,in_person,2024-03-15 22:55:17,reversed,False
TXN20240315004457,ACCT200062,MERCH300259,purchase,112.11,web,2024-03-15 08:27:22,approved,False
TXN20240315004458,ACCT201249,MERCH300273,withdrawal,63.71,web,2024-03-15 07:55:28,approved,False
TXN20240315004459,ACCT205974,MERCH300087,transfer,13.39,mobile,2024-03-15 15:20:52,approved,False
TXN20240315004460,ACCT205665,MERCH300267,purchase,23.43,atm,2024-03-15 21:44:26,approved,False
TXN20240315004461,ACCT202735,MERCH300152,purchase,22.15,mobile,2024-03-15 16:04:59,declined,False
TXN20240315004462,ACCT206017,MERCH300242,purchase,27.83,web,2024-03-15 04:48:01,approved,False
TXN20240315004463,ACCT200261,MERCH300253,purchase,54.06,mobile,2024-03-15 16:21:06,approved,False
TXN20240315004464,ACCT202404,MERCH300155,purchase,34.28,atm,2024-03-15 17:20:39,approved,False
TXN20240315004465,ACCT203756,MERCH300196,purchase,50.09,in_person,2024-03-15 07:18:41,approved,False
TXN20240315004466,ACCT204313,MERCH300148,purchase,12.77,in_person,2024-03-15 22:36:05,approved,False
TXN20240315004467,ACCT205329,MERCH300025,withdrawal,41.01,in_person,2024-03-15 03:15:13,approved,False
TXN20240315004468,ACCT201772,MERCH300136,transfer,177.44,mobile,2024-03-15 19:05:02,approved,False
TXN20240315004469,ACCT201839,MERCH300252,withdrawal,23.48,in_person,2024-03-15 01:21:12,approved,False
TXN20240315004470,ACCT202744,MERCH300166,purchase,51.2,web,2024-03-15 15:20:48,approved,False
TXN20240315004471,ACCT201454,MERCH300277,withdrawal,108.11,web,2024-03-15 05:09:54,approved,False
TXN20240315004472,ACCT200285,MERCH300206,withdrawal,20.7,web,2024-03-15 09:45:33,approved,False
TXN20240315004473,ACCT203509,MERCH300236,purchase,101.0,in_person,2024-03-15 21:23:35,approved,False
TXN20240315004474,ACCT201332,MERCH300197,purchase,18.76,in_person,2024-03-15 08:06:29,approved,False
TXN20240315004475,ACCT202840,MERCH300038,purchase,37.07,mobile,2024-03-15 09:48:39,declined,False
TXN20240315004476,ACCT203875,MERCH300273,purchase,120.65,mobile,2024-03-15 05:29:38,approved,False
TXN20240315004477,ACCT205416,MERCH300056,purchase,29.73,mobile,2024-03-15 12:46:57,approved,False
TXN20240315004478,ACCT204420,MERCH300293,purchase,37.27,web,2024-03-15 12:26:56,approved,False
TXN20240315004479,ACCT202593,MERCH300021,purchase,11.26,in_person,2024-03-15 04:29:21,declined,False
TXN20240315004480,ACCT202815,MERCH300295,purchase,58.58,in_person,2024-03-15 00:29:43,approved,True
TXN20240315004481,ACCT202242,MERCH300296,transfer,12.55,mobile,2024-03-15 00:52:51,approved,False
TXN20240315004482,ACCT203834,MERCH300027,purchase,45.95,web,2024-03-15 23:36:32,approved,False
TXN20240315004483,ACCT204246,MERCH300137,purchase,55.8,web,2024-03-15 09:32:24,approved,False
TXN20240315004484,ACCT206398,MERCH300290,purchase,50.06,web,2024-03-15 20:48:33,approved,False
TXN20240315004485,ACCT200866,MERCH300285,purchase,35.94,web,2024-03-15 16:41:57,approved,False
TXN20240315004486,ACCT200002,MERCH300203,purchase,61.19,web,2024-03-15 20:09:07,approved,False
TXN20240315004487,ACCT203392,MERCH300194,transfer,9.53,web,2024-03-15 22:54:54,approved,False
TXN20240315004488,ACCT200284,MERCH300143,purchase,44.54,web,2024-03-15 02:45:28,approved,False
TXN20240315004489,ACCT200490,MERCH300023,purchase,73.07,web,2024-03-15 06:17:14,approved,False
TXN20240315004490,ACCT205707,MERCH300235,withdrawal,160.58,in_person,2024-03-15 11:08:43,approved,False
TXN20240315004491,ACCT201815,MERCH300164,withdrawal,49.36,atm,2024-03-15 00:34:22,approved,False
TXN20240315004492,ACCT204735,MERCH300234,purchase,27.92,in_person,2024-03-15 03:28:28,approved,False
TXN20240315004493,ACCT201291,MERCH300216,purchase,37.83,web,2024-03-15 19:54:25,approved,False
TXN20240315004494,ACCT203361,MERCH300244,purchase,32.07,web,2024-03-15 01:34:22,approved,False
TXN20240315004495,ACCT205877,MERCH300155,withdrawal,15.86,in_person,2024-03-15 20:32:20,approved,False
TXN20240315004496,ACCT200340,MERCH300052,purchase,34.66,mobile,2024-03-15 18:33:58,approved,False
TXN20240315004497,ACCT201448,MERCH300077,purchase,17.91,in_person,2024-03-15 22:00:42,approved,False
TXN20240315004498,ACCT203282,MERCH300096,purchase,19.88,in_person,2024-03-15 09:19:04,approved,False
TXN20240315004499,ACCT200252,MERCH300108,withdrawal,34.7,web,2024-03-15 20:40:35,approved,False
TXN20240315004500,ACCT206119,MERCH300130,purchase,33.68,mobile,2024-03-15 10:20:01,approved,False
TXN20240315004501,ACCT205252,MERCH300209,withdrawal,17.88,in_person,2024-03-15 21:29:24,approved,False
TXN20240315004502,ACCT202589,MERCH300165,purchase,75.4,web,2024-03-15 13:49:25,approved,False
TXN20240315004503,ACCT205106,MERCH300156,purchase,51.93,mobile,2024-03-15 08:31:34,approved,False
TXN20240315004504,ACCT200009,MERCH300145,withdrawal,50.39,web,2024-03-15 06:04:52,approved,False
TXN20240315004505,ACCT204994,MERCH300016,purchase,45.14,web,2024-03-15 02:13:25,approved,False
TXN20240315004506,ACCT205812,MERCH300156,purchase,14.16,atm,2024-03-15 04:25:26,approved,False
TXN20240315004507,ACCT206357,MERCH300107,purchase,25.53,web,2024-03-15 22:04:59,approved,False
TXN20240315004508,ACCT204806,MERCH300038,purchase,73.69,web,2024-03-15 09:45:59,declined,False
TXN20240315004509,ACCT201796,MERCH300272,purchase,58.75,web,2024-03-15 07:40:59,approved,False
TXN20240315004510,ACCT201117,MERCH300290,purchase,30.28,in_person,2024-03-15 03:50:01,approved,False
TXN20240315004511,ACCT201367,MERCH300018,purchase,136.97,mobile,2024-03-15 22:00:36,approved,False
TXN20240315004512,ACCT206310,MERCH300012,deposit,86.6,web,2024-03-15 07:51:05,approved,False
TXN20240315004513,ACCT204750,MERCH300010,purchase,35.47,mobile,2024-03-15 10:51:57,approved,False
TXN20240315004514,ACCT203176,MERCH300265,transfer,14.36,web,2024-03-15 23:28:25,approved,False
TXN20240315004515,ACCT200845,MERCH300229,purchase,51.21,in_person,2024-03-15 11:29:41,approved,False
TXN20240315004516,ACCT200342,MERCH300195,transfer,56.42,web,2024-03-15 13:43:22,approved,False
TXN20240315004517,ACCT204539,MERCH300271,transfer,38.66,mobile,2024-03-15 10:39:58,approved,False
TXN20240315004518,ACCT200700,MERCH300245,transfer,13.86,in_person,2024-03-15 14:42:56,approved,False
TXN20240315004519,ACCT205149,MERCH300242,withdrawal,11.56,in_person,2024-03-15 13:24:05,approved,False
TXN20240315004520,ACCT204707,MERCH300103,transfer,75.4,atm,2024-03-15 19:27:38,approved,False
TXN20240315004521,ACCT201839,MERCH300027,purchase,19.74,in_person,2024-03-15 22:19:13,approved,False
TXN20240315004522,ACCT202061,MERCH300179,purchase,18.56,in_person,2024-03-15 23:35:25,approved,False
TXN20240315004523,ACCT205797,MERCH300159,deposit,11.98,mobile,2024-03-15 14:13:03,declined,False
TXN20240315004524,ACCT200921,MERCH300274,purchase,30.59,in_person,2024-03-15 15:49:19,approved,False
TXN20240315004525,ACCT202689,MERCH300159,purchase,5.76,atm,2024-03-15 00:47:02,approved,False
TXN20240315004526,ACCT205252,MERCH300117,purchase,47.7,atm,2024-03-15 15:06:25,approved,False
TXN20240315004527,ACCT203642,MERCH300083,transfer,17.54,in_person,2024-03-15 17:42:28,approved,False
TXN20240315004528,ACCT201436,MERCH300185,purchase,34.32,web,2024-03-15 20:19:38,reversed,False
TXN20240315004529,ACCT205884,MERCH300098,withdrawal,99.08,web,2024-03-15 01:39:09,approved,False
TXN20240315004530,ACCT202826,MERCH300108,purchase,95.22,mobile,2024-03-15 02:02:56,approved,False
TXN20240315004531,ACCT206001,MERCH300101,purchase,36.93,in_person,2024-03-15 17:26:27,approved,False
TXN20240315004532,ACCT203081,MERCH300137,deposit,41.91,web,2024-03-15 01:43:02,approved,True
TXN20240315004533,ACCT201663,MERCH300157,purchase,32.23,atm,2024-03-15 19:02:48,approved,False
TXN20240315004534,ACCT202324,MERCH300273,purchase,64.94,web,2024-03-15 15:14:22,approved,False
TXN20240315004535,ACCT200238,MERCH300262,purchase,40.18,mobile,2024-03-15 09:25:27,approved,False
TXN20240315004536,ACCT205731,MERCH300233,purchase,9.94,mobile,2024-03-15 21:59:17,approved,False
TXN20240315004537,ACCT200636,MERCH300111,deposit,45.19,in_person,2024-03-15 14:50:24,approved,False
TXN20240315004538,ACCT201586,MERCH300203,transfer,52.17,in_person,2024-03-15 06:28:39,approved,False
TXN20240315004539,ACCT206089,MERCH300053,purchase,89.77,in_person,2024-03-15 14:32:50,approved,False
TXN20240315004540,ACCT200318,MERCH300264,withdrawal,20.94,atm,2024-03-15 20:44:34,approved,False
TXN20240315004541,ACCT202342,MERCH300223,withdrawal,35.18,web,2024-03-15 17:21:47,approved,False
TXN20240315004542,ACCT205263,MERCH300287,transfer,68.05,in_person,2024-03-15 05:25:58,approved,False
TXN20240315004543,ACCT205265,MERCH300067,transfer,112.75,mobile,2024-03-15 19:38:21,approved,False
TXN20240315004544,ACCT201015,MERCH300164,purchase,27.9,atm,2024-03-15 08:04:25,approved,False
TXN20240315004545,ACCT202027,MERCH300260,purchase,22.35,mobile,2024-03-15 17:33:58,declined,False
TXN20240315004546,ACCT204574,MERCH300164,purchase,61.9,mobile,2024-03-15 09:42:31,approved,False
TXN20240315004547,ACCT203504,MERCH300246,deposit,27.62,in_person,2024-03-15 11:24:56,approved,False
TXN20240315004548,ACCT203199,MERCH300125,withdrawal,18.38,mobile,2024-03-15 14:18:14,approved,False
TXN20240315004549,ACCT200938,MERCH300282,purchase,109.11,atm,2024-03-15 07:25:24,approved,False
TXN20240315004550,ACCT205253,MERCH300209,purchase,59.16,atm,2024-03-15 22:04:33,approved,False
TXN20240315004551,ACCT203021,MERCH300203,purchase,200.86,in_person,2024-03-15 04:49:04,approved,False
TXN20240315004552,ACCT204027,MERCH300278,transfer,50.0,web,2024-03-15 07:30:16,approved,False
TXN20240315004553,ACCT202896,MERCH300269,transfer,57.94,in_person,2024-03-15 03:30:01,approved,False
TXN20240315004554,ACCT203870,MERCH300195,withdrawal,111.79,mobile,2024-03-15 08:48:58,approved,False
TXN20240315004555,ACCT201650,MERCH300094,purchase,50.76,mobile,2024-03-15 03:03:15,approved,False
TXN20240315004556,ACCT204426,MERCH300092,transfer,86.43,mobile,2024-03-15 08:39:47,approved,False
TXN20240315004557,ACCT202578,MERCH300226,transfer,17.88,in_person,2024-03-15 13:08:45,approved,False
TXN20240315004558,ACCT201807,MERCH300200,withdrawal,111.3,in_person,2024-03-15 15:47:26,approved,False
TXN20240315004559,ACCT206266,MERCH300029,purchase,11.45,in_person,2024-03-15 04:51:53,approved,False
TXN20240315004560,ACCT206010,MERCH300296,transfer,278.0,mobile,2024-03-15 15:08:32,approved,False
TXN20240315004561,ACCT201771,MERCH300202,purchase,23.28,mobile,2024-03-15 00:59:28,approved,False
TXN20240315004562,ACCT206416,MERCH300145,transfer,245.68,in_person,2024-03-15 06:56:07,approved,False
TXN20240315004563,ACCT205263,MERCH300169,deposit,16.21,in_person,2024-03-15 01:14:28,approved,False
TXN20240315004564,ACCT204820,MERCH300049,purchase,14.47,in_person,2024-03-15 11:28:57,approved,False
TXN20240315004565,ACCT204277,MERCH300179,purchase,46.94,in_person,2024-03-15 17:33:28,approved,False
TXN20240315004566,ACCT205791,MERCH300218,purchase,42.09,mobile,2024-03-15 20:19:13,approved,False
TXN20240315004567,ACCT200677,MERCH300133,purchase,35.71,mobile,2024-03-15 11:14:33,approved,False
TXN20240315004568,ACCT202424,MERCH300159,purchase,33.11,web,2024-03-15 09:19:16,approved,False
TXN20240315004569,ACCT205598,MERCH300193,purchase,46.2,web,2024-03-15 07:57:06,approved,False
TXN20240315004570,ACCT204425,MERCH300169,withdrawal,333.99,atm,2024-03-15 14:03:21,approved,False
TXN20240315004571,ACCT203054,MERCH300276,purchase,33.83,in_person,2024-03-15 09:31:44,approved,False
TXN20240315004572,ACCT203116,MERCH300188,purchase,73.46,mobile,2024-03-15 14:46:23,approved,False
TXN20240315004573,ACCT200745,MERCH300194,purchase,34.51,in_person,2024-03-15 20:16:25,declined,False
TXN20240315004574,ACCT200950,MERCH300068,purchase,34.88,in_person,2024-03-15 10:44:06,approved,False
TXN20240315004575,ACCT200059,MERCH300047,purchase,33.03,in_person,2024-03-15 12:24:06,declined,False
TXN20240315004576,ACCT206479,MERCH300273,purchase,166.59,web,2024-03-15 15:34:21,declined,False
TXN20240315004577,ACCT203876,MERCH300124,purchase,54.51,mobile,2024-03-15 17:22:47,approved,False
TXN20240315004578,ACCT200961,MERCH300299,purchase,23.5,web,2024-03-15 14:42:01,approved,False
TXN20240315004579,ACCT204938,MERCH300130,transfer,225.64,atm,2024-03-15 22:12:59,approved,False
TXN20240315004580,ACCT201734,MERCH300229,withdrawal,62.06,web,2024-03-15 23:33:01,approved,False
TXN20240315004581,ACCT202020,MERCH300297,purchase,45.94,web,2024-03-15 19:35:04,approved,False
TXN20240315004582,ACCT202812,MERCH300021,purchase,14.21,mobile,2024-03-15 12:42:47,approved,False
TXN20240315004583,ACCT206091,MERCH300295,purchase,97.02,in_person,2024-03-15 22:24:29,approved,False
TXN20240315004584,ACCT204378,MERCH300065,withdrawal,4.92,in_person,2024-03-15 22:09:09,approved,False
TXN20240315004585,ACCT204648,MERCH300134,purchase,22.29,mobile,2024-03-15 11:06:28,approved,False
TXN20240315004586,ACCT201783,MERCH300255,withdrawal,116.63,in_person,2024-03-15 20:35:04,approved,False
TXN20240315004587,ACCT204623,MERCH300054,purchase,26.92,mobile,2024-03-15 22:03:28,approved,False
TXN20240315004588,ACCT204597,MERCH300295,purchase,14.13,mobile,2024-03-15 04:26:50,approved,False
TXN20240315004589,ACCT201891,MERCH300000,deposit,35.66,in_person,2024-03-15 15:56:08,approved,False
TXN20240315004590,ACCT203817,MERCH300277,deposit,15.88,web,2024-03-15 20:21:02,approved,False
TXN20240315004591,ACCT200991,MERCH300191,deposit,87.59,web,2024-03-15 23:58:52,approved,False
TXN20240315004592,ACCT205909,MERCH300110,purchase,65.87,web,2024-03-15 06:21:34,approved,False
TXN20240315004593,ACCT206129,MERCH300103,purchase,90.59,mobile,2024-03-15 12:47:52,approved,False
TXN20240315004594,ACCT200850,MERCH300066,deposit,95.32,web,2024-03-15 00:11:01,approved,False
TXN20240315004595,ACCT200222,MERCH300027,transfer,102.05,atm,2024-03-15 18:18:55,approved,False
TXN20240315004596,ACCT202860,MERCH300161,purchase,141.65,web,2024-03-15 15:24:33,approved,False
TXN20240315004597,ACCT203656,MERCH300190,purchase,133.72,mobile,2024-03-15 19:40:37,approved,False
TXN20240315004598,ACCT205494,MERCH300073,withdrawal,19.61,mobile,2024-03-15 22:29:18,approved,False
TXN20240315004599,ACCT201809,MERCH300254,purchase,36.45,mobile,2024-03-15 15:22:17,approved,False
TXN20240315004600,ACCT204258,MERCH300175,purchase,16.9,in_person,2024-03-15 13:14:58,approved,False
TXN20240315004601,ACCT205532,MERCH300114,deposit,36.84,in_person,2024-03-15 17:41:25,reversed,False
TXN20240315004602,ACCT203394,MERCH300207,purchase,139.42,in_person,2024-03-15 10:12:16,approved,False
TXN20240315004603,ACCT206117,MERCH300066,purchase,59.55,atm,2024-03-15 04:59:39,approved,False
TXN20240315004604,ACCT203227,MERCH300125,purchase,3.39,mobile,2024-03-15 16:28:13,approved,False
TXN20240315004605,ACCT202272,MERCH300281,withdrawal,27.2,mobile,2024-03-15 22:48:23,approved,False
TXN20240315004606,ACCT205612,MERCH300012,purchase,56.45,mobile,2024-03-15 19:53:40,approved,False
TXN20240315004607,ACCT204493,MERCH300180,purchase,34.93,in_person,2024-03-15 20:40:45,approved,False
TXN20240315004608,ACCT201895,MERCH300017,purchase,29.95,in_person,2024-03-15 06:45:46,approved,False
TXN20240315004609,ACCT201172,MERCH300046,purchase,24.62,web,2024-03-15 00:10:26,approved,False
TXN20240315004610,ACCT200906,MERCH300078,purchase,18.26,web,2024-03-15 10:29:58,approved,False
TXN20240315004611,ACCT201297,MERCH300239,deposit,25.15,mobile,2024-03-15 11:29:27,approved,False
TXN20240315004612,ACCT202921,MERCH300210,purchase,41.68,in_person,2024-03-15 20:35:45,approved,False
TXN20240315004613,ACCT201117,MERCH300266,transfer,5.56,web,2024-03-15 20:38:24,approved,False
TXN20240315004614,ACCT202214,MERCH300234,deposit,246.76,atm,2024-03-15 15:25:52,approved,True
TXN20240315004615,ACCT200800,MERCH300165,purchase,62.55,in_person,2024-03-15 12:29:48,approved,False
TXN20240315004616,ACCT205687,MERCH300111,purchase,22.87,mobile,2024-03-15 09:22:32,approved,False
TXN20240315004617,ACCT205848,MERCH300247,purchase,50.34,in_person,2024-03-15 21:13:03,approved,False
TXN20240315004618,ACCT205131,MERCH300108,purchase,69.51,mobile,2024-03-15 19:38:04,approved,False
TXN20240315004619,ACCT203046,MERCH300262,purchase,89.91,atm,2024-03-15 03:45:02,approved,False
TXN20240315004620,ACCT203848,MERCH300059,purchase,34.6,in_person,2024-03-15 00:34:27,approved,False
TXN20240315004621,ACCT200176,MERCH300049,purchase,18.05,web,2024-03-15 07:11:49,approved,False
TXN20240315004622,ACCT203503,MERCH300278,withdrawal,9.59,in_person,2024-03-15 04:29:06,approved,False
TXN20240315004623,ACCT205498,MERCH300209,purchase,105.71,in_person,2024-03-15 17:15:58,reversed,False
TXN20240315004624,ACCT205591,MERCH300268,purchase,12.3,mobile,2024-03-15 19:02:48,approved,False
TXN20240315004625,ACCT205043,MERCH300061,purchase,18.36,in_person,2024-03-15 17:11:34,approved,False
TXN20240315004626,ACCT204365,MERCH300139,purchase,14.33,web,2024-03-15 22:55:59,approved,False
TXN20240315004627,ACCT203374,MERCH300141,purchase,27.43,in_person,2024-03-15 03:53:18,approved,False
TXN20240315004628,ACCT203075,MERCH300228,purchase,44.36,web,2024-03-15 20:33:17,approved,False
TXN20240315004629,ACCT202233,MERCH300271,transfer,285.24,mobile,2024-03-15 16:54:45,approved,False
TXN20240315004630,ACCT200556,MERCH300133,purchase,80.41,in_person,2024-03-15 09:06:09,approved,False
TXN20240315004631,ACCT204454,MERCH300106,transfer,62.94,mobile,2024-03-15 22:32:00,approved,False
TXN20240315004632,ACCT205326,MERCH300226,purchase,10.19,web,2024-03-15 02:48:55,approved,False
TXN20240315004633,ACCT201328,MERCH300174,transfer,24.72,atm,2024-03-15 09:38:58,declined,False
TXN20240315004634,ACCT202957,MERCH300222,deposit,149.86,mobile,2024-03-15 02:53:06,approved,False
TXN20240315004635,ACCT204347,MERCH300296,purchase,63.31,mobile,2024-03-15 09:53:02,approved,False
TXN20240315004636,ACCT205151,MERCH300227,purchase,6.25,in_person,2024-03-15 12:12:55,approved,False
TXN20240315004637,ACCT203636,MERCH300029,deposit,132.03,mobile,2024-03-15 10:32:48,approved,False
TXN20240315004638,ACCT202415,MERCH300109,purchase,17.44,in_person,2024-03-15 05:34:16,approved,False
TXN20240315004639,ACCT204312,MERCH300134,withdrawal,52.06,mobile,2024-03-15 04:37:07,approved,False
TXN20240315004640,ACCT200878,MERCH300013,purchase,93.98,atm,2024-03-15 13:30:55,approved,False
TXN20240315004641,ACCT200224,MERCH300171,purchase,49.38,web,2024-03-15 17:49:46,declined,False
TXN20240315004642,ACCT204062,MERCH300215,purchase,72.28,in_person,2024-03-15 23:41:01,approved,False
TXN20240315004643,ACCT205786,MERCH300001,purchase,20.31,in_person,2024-03-15 22:09:04,approved,False
TXN20240315004644,ACCT204774,MERCH300030,purchase,40.62,atm,2024-03-15 12:16:46,reversed,False
TXN20240315004645,ACCT201400,MERCH300086,purchase,47.53,web,2024-03-15 12:48:06,approved,False
TXN20240315004646,ACCT204378,MERCH300017,transfer,27.24,in_person,2024-03-15 05:58:09,approved,False
TXN20240315004647,ACCT203614,MERCH300119,purchase,18.16,mobile,2024-03-15 01:07:09,approved,False
TXN20240315004648,ACCT201978,MERCH300122,purchase,132.2,web,2024-03-15 12:12:15,approved,False
TXN20240315004649,ACCT204501,MERCH300031,purchase,30.71,web,2024-03-15 08:09:12,approved,False
TXN20240315004650,ACCT203353,MERCH300214,purchase,51.07,in_person,2024-03-15 06:17:21,declined,False
TXN20240315004651,ACCT202999,MERCH300118,withdrawal,30.97,in_person,2024-03-15 03:37:16,approved,False
TXN20240315004652,ACCT202281,MERCH300011,deposit,39.12,web,2024-03-15 07:31:07,approved,False
TXN20240315004653,ACCT202159,MERCH300028,purchase,26.41,atm,2024-03-15 08:08:28,approved,False
TXN20240315004654,ACCT204410,MERCH300182,purchase,60.36,web,2024-03-15 12:11:27,approved,False
TXN20240315004655,ACCT201681,MERCH300114,purchase,30.79,in_person,2024-03-15 18:00:20,approved,False
TXN20240315004656,ACCT202940,MERCH300149,transfer,54.83,in_person,2024-03-15 14:10:20,approved,False
TXN20240315004657,ACCT205110,MERCH300268,purchase,28.58,web,2024-03-15 21:53:39,approved,False
TXN20240315004658,ACCT202239,MERCH300123,purchase,55.73,in_person,2024-03-15 23:05:39,approved,False
TXN20240315004659,ACCT202907,MERCH300166,purchase,69.78,atm,2024-03-15 17:19:40,approved,False
TXN20240315004660,ACCT206070,MERCH300250,purchase,16.88,mobile,2024-03-15 00:57:17,approved,False
TXN20240315004661,ACCT201066,MERCH300124,purchase,31.21,in_person,2024-03-15 03:50:22,approved,True
TXN20240315004662,ACCT206148,MERCH300004,purchase,33.54,in_person,2024-03-15 12:13:52,approved,False
TXN20240315004663,ACCT205160,MERCH300156,purchase,41.27,mobile,2024-03-15 09:57:39,approved,False
TXN20240315004664,ACCT200484,MERCH300276,purchase,10.92,in_person,2024-03-15 22:34:52,approved,False
TXN20240315004665,ACCT205707,MERCH300000,withdrawal,237.43,in_person,2024-03-15 01:00:01,approved,False
TXN20240315004666,ACCT206410,MERCH300118,withdrawal,93.33,in_person,2024-03-15 12:57:27,approved,False
TXN20240315004667,ACCT200188,MERCH300030,purchase,46.99,in_person,2024-03-15 06:22:28,approved,False
TXN20240315004668,ACCT203013,MERCH300069,withdrawal,77.57,mobile,2024-03-15 16:46:16,declined,False
TXN20240315004669,ACCT205012,MERCH300249,purchase,16.16,web,2024-03-15 21:04:50,declined,False
TXN20240315004670,ACCT201252,MERCH300256,transfer,44.79,in_person,2024-03-15 10:34:16,approved,False
TXN20240315004671,ACCT200759,MERCH300014,purchase,17.4,in_person,2024-03-15 19:38:37,approved,False
TXN20240315004672,ACCT203005,MERCH300070,purchase,147.62,mobile,2024-03-15 19:54:11,approved,False
TXN20240315004673,ACCT200103,MERCH300268,purchase,242.47,in_person,2024-03-15 06:49:17,declined,False
TXN20240315004674,ACCT205620,MERCH300138,purchase,16.5,mobile,2024-03-15 21:56:33,approved,False
TXN20240315004675,ACCT206277,MERCH300263,purchase,17.03,web,2024-03-15 03:19:48,approved,False
TXN20240315004676,ACCT206183,MERCH300212,purchase,149.05,in_person,2024-03-15 23:45:16,reversed,False
TXN20240315004677,ACCT206392,MERCH300282,withdrawal,157.38,web,2024-03-15 13:18:34,approved,False
TXN20240315004678,ACCT201969,MERCH300052,purchase,53.16,web,2024-03-15 13:23:01,approved,False
TXN20240315004679,ACCT203548,MERCH300098,withdrawal,131.45,web,2024-03-15 00:05:32,approved,True
TXN20240315004680,ACCT203172,MERCH300290,purchase,60.14,mobile,2024-03-15 19:15:01,approved,False
TXN20240315004681,ACCT203364,MERCH300189,purchase,30.33,web,2024-03-15 01:44:35,approved,False
TXN20240315004682,ACCT205392,MERCH300100,purchase,11.49,in_person,2024-03-15 04:35:50,approved,False
TXN20240315004683,ACCT205735,MERCH300203,deposit,24.2,in_person,2024-03-15 20:36:12,approved,False
TXN20240315004684,ACCT205638,MERCH300161,purchase,80.13,mobile,2024-03-15 04:04:12,approved,False
TXN20240315004685,ACCT206233,MERCH300172,purchase,21.29,mobile,2024-03-15 23:24:42,approved,False
TXN20240315004686,ACCT202942,MERCH300022,purchase,120.43,web,2024-03-15 21:03:45,approved,False
TXN20240315004687,ACCT203714,MERCH300177,purchase,109.09,in_person,2024-03-15 17:34:22,approved,False
TXN20240315004688,ACCT200393,MERCH300034,purchase,62.11,mobile,2024-03-15 15:37:44,approved,False
TXN20240315004689,ACCT200880,MERCH300292,deposit,22.12,in_person,2024-03-15 23:35:44,approved,False
TXN20240315004690,ACCT205897,MERCH300224,transfer,6.12,atm,2024-03-15 11:58:14,approved,False
TXN20240315004691,ACCT204944,MERCH300040,purchase,10.62,in_person,2024-03-15 03:32:53,approved,False
TXN20240315004692,ACCT206128,MERCH300139,transfer,28.5,in_person,2024-03-15 11:07:40,approved,False
TXN20240315004693,ACCT200191,MERCH300137,purchase,25.98,atm,2024-03-15 04:17:01,approved,False
TXN20240315004694,ACCT203175,MERCH300195,purchase,97.57,in_person,2024-03-15 19:25:56,approved,False
TXN20240315004695,ACCT203681,MERCH300229,purchase,106.95,web,2024-03-15 08:45:23,approved,False
TXN20240315004696,ACCT200368,MERCH300156,withdrawal,39.75,in_person,2024-03-15 20:02:11,approved,False
TXN20240315004697,ACCT205703,MERCH300200,transfer,51.33,in_person,2024-03-15 03:33:44,approved,False
TXN20240315004698,ACCT203908,MERCH300058,purchase,27.64,mobile,2024-03-15 08:33:24,approved,False
TXN20240315004699,ACCT205111,MERCH300106,purchase,31.69,mobile,2024-03-15 00:24:29,approved,False
TXN20240315004700,ACCT204695,MERCH300159,purchase,124.16,web,2024-03-15 10:11:30,approved,False
TXN20240315004701,ACCT205669,MERCH300225,purchase,28.04,mobile,2024-03-15 01:41:29,approved,False
TXN20240315004702,ACCT204211,MERCH300205,purchase,16.37,in_person,2024-03-15 02:38:07,approved,False
TXN20240315004703,ACCT206338,MERCH300077,transfer,69.73,in_person,2024-03-15 16:20:02,declined,False
TXN20240315004704,ACCT201769,MERCH300088,purchase,17.39,web,2024-03-15 18:30:33,approved,False
TXN20240315004705,ACCT205802,MERCH300128,purchase,59.43,in_person,2024-03-15 03:04:18,approved,False
TXN20240315004706,ACCT205327,MERCH300293,purchase,83.24,atm,2024-03-15 18:45:09,approved,False
TXN20240315004707,ACCT203840,MERCH300056,purchase,19.83,in_person,2024-03-15 04:09:01,approved,False
TXN20240315004708,ACCT204649,MERCH300098,purchase,11.19,mobile,2024-03-15 13:40:14,approved,False
TXN20240315004709,ACCT203978,MERCH300043,purchase,27.44,in_person,2024-03-15 04:31:35,approved,False
TXN20240315004710,ACCT200685,MERCH300257,purchase,66.88,in_person,2024-03-15 07:17:53,approved,False
TXN20240315004711,ACCT204204,MERCH300030,deposit,42.08,mobile,2024-03-15 15:36:18,approved,False
TXN20240315004712,ACCT203800,MERCH300174,purchase,30.84,in_person,2024-03-15 22:11:32,approved,False
TXN20240315004713,ACCT203516,MERCH300100,deposit,35.8,in_person,2024-03-15 15:03:08,approved,False
TXN20240315004714,ACCT201944,MERCH300028,withdrawal,98.95,mobile,2024-03-15 02:58:39,approved,False
TXN20240315004715,ACCT205196,MERCH300088,purchase,20.49,atm,2024-03-15 15:36:58,approved,False
TXN20240315004716,ACCT202319,MERCH300297,purchase,26.34,mobile,2024-03-15 18:02:56,approved,False
TXN20240315004717,ACCT200919,MERCH300207,withdrawal,20.34,mobile,2024-03-15 16:16:01,approved,False
TXN20240315004718,ACCT206188,MERCH300095,purchase,23.15,in_person,2024-03-15 11:30:49,approved,False
TXN20240315004719,ACCT205244,MERCH300285,purchase,50.78,in_person,2024-03-15 15:14:09,reversed,False
TXN20240315004720,ACCT202271,MERCH300076,transfer,55.47,mobile,2024-03-15 19:29:05,approved,False
TXN20240315004721,ACCT201726,MERCH300000,transfer,35.69,in_person,2024-03-15 00:01:42,approved,False
TXN20240315004722,ACCT205117,MERCH300019,deposit,16.47,atm,2024-03-15 19:44:39,approved,False
TXN20240315004723,ACCT201997,MERCH300070,purchase,39.8,in_person,2024-03-15 01:47:39,approved,False
TXN20240315004724,ACCT205897,MERCH300015,purchase,3.44,in_person,2024-03-15 14:11:46,approved,False
TXN20240315004725,ACCT202875,MERCH300276,transfer,14.88,web,2024-03-15 00:37:51,approved,False
TXN20240315004726,ACCT204388,MERCH300114,purchase,43.89,mobile,2024-03-15 21:37:59,approved,False
TXN20240315004727,ACCT200160,MERCH300258,deposit,37.56,in_person,2024-03-15 11:58:44,approved,False
TXN20240315004728,ACCT205835,MERCH300178,purchase,35.12,in_person,2024-03-15 14:02:50,approved,False
TXN20240315004729,ACCT204286,MERCH300029,purchase,42.19,mobile,2024-03-15 14:06:56,approved,False
TXN20240315004730,ACCT203094,MERCH300055,purchase,31.86,atm,2024-03-15 11:27:08,approved,False
TXN20240315004731,ACCT204720,MERCH300124,withdrawal,80.31,in_person,2024-03-15 13:16:42,approved,False
TXN20240315004732,ACCT203048,MERCH300298,transfer,98.68,in_person,2024-03-15 17:14:45,approved,False
TXN20240315004733,ACCT200017,MERCH300282,transfer,55.84,mobile,2024-03-15 15:31:16,approved,False
TXN20240315004734,ACCT204202,MERCH300193,purchase,53.89,mobile,2024-03-15 13:19:59,approved,False
TXN20240315004735,ACCT200990,MERCH300193,purchase,16.29,mobile,2024-03-15 19:31:01,approved,False
TXN20240315004736,ACCT203874,MERCH300009,deposit,41.45,mobile,2024-03-15 13:37:04,approved,False
TXN20240315004737,ACCT201838,MERCH300101,purchase,7.34,web,2024-03-15 00:04:39,approved,False
TXN20240315004738,ACCT205831,MERCH300263,purchase,27.64,web,2024-03-15 16:48:44,approved,False
TXN20240315004739,ACCT201325,MERCH300006,transfer,43.87,in_person,2024-03-15 05:04:20,approved,False
TXN20240315004740,ACCT203864,MERCH300125,deposit,12.95,mobile,2024-03-15 01:08:53,approved,False
TXN20240315004741,ACCT203304,MERCH300227,purchase,76.37,web,2024-03-15 03:06:47,approved,False
TXN20240315004742,ACCT204868,MERCH300271,withdrawal,334.63,mobile,2024-03-15 01:41:08,approved,False
TXN20240315004743,ACCT200360,MERCH300234,purchase,56.32,mobile,2024-03-15 20:40:48,approved,False
TXN20240315004744,ACCT203621,MERCH300203,purchase,11.01,in_person,2024-03-15 00:40:43,approved,False
TXN20240315004745,ACCT202536,MERCH300191,withdrawal,45.96,web,2024-03-15 23:52:01,approved,False
TXN20240315004746,ACCT201813,MERCH300025,purchase,69.72,web,2024-03-15 06:49:24,approved,False
TXN20240315004747,ACCT205977,MERCH300213,purchase,48.91,web,2024-03-15 23:57:30,reversed,False
TXN20240315004748,ACCT204938,MERCH300050,purchase,86.96,web,2024-03-15 14:38:09,approved,False
TXN20240315004749,ACCT201667,MERCH300208,withdrawal,15.57,web,2024-03-15 03:19:30,approved,True
TXN20240315004750,ACCT203110,MERCH300254,transfer,10.36,web,2024-03-15 15:50:03,approved,False
TXN20240315004751,ACCT202475,MERCH300074,transfer,16.31,atm,2024-03-15 18:30:46,approved,False
TXN20240315004752,ACCT204311,MERCH300171,purchase,74.09,in_person,2024-03-15 14:29:21,approved,False
TXN20240315004753,ACCT200945,MERCH300262,deposit,43.42,mobile,2024-03-15 08:14:55,approved,False
TXN20240315004754,ACCT200346,MERCH300219,withdrawal,12.81,web,2024-03-15 18:25:00,approved,False
TXN20240315004755,ACCT205409,MERCH300205,deposit,68.61,in_person,2024-03-15 08:06:14,approved,False
TXN20240315004756,ACCT200054,MERCH300166,purchase,53.82,web,2024-03-15 05:19:43,approved,False
TXN20240315004757,ACCT204708,MERCH300100,purchase,19.47,in_person,2024-03-15 22:32:36,approved,False
TXN20240315004758,ACCT201888,MERCH300124,purchase,37.34,in_person,2024-03-15 01:22:37,approved,True
TXN20240315004759,ACCT200929,MERCH300178,withdrawal,41.86,in_person,2024-03-15 01:26:42,approved,False
TXN20240315004760,ACCT202084,MERCH300025,purchase,38.67,web,2024-03-15 00:48:46,approved,False
TXN20240315004761,ACCT206295,MERCH300153,purchase,60.72,web,2024-03-15 12:19:02,approved,False
TXN20240315004762,ACCT204192,MERCH300083,transfer,51.23,web,2024-03-15 23:38:53,approved,False
TXN20240315004763,ACCT202169,MERCH300273,purchase,87.01,in_person,2024-03-15 00:15:48,approved,False
TXN20240315004764,ACCT204837,MERCH300220,purchase,18.67,mobile,2024-03-15 21:16:48,approved,False
TXN20240315004765,ACCT200758,MERCH300011,purchase,66.54,in_person,2024-03-15 16:07:23,approved,False
TXN20240315004766,ACCT200235,MERCH300205,purchase,18.4,mobile,2024-03-15 04:25:47,approved,False
TXN20240315004767,ACCT203027,MERCH300147,purchase,15.14,mobile,2024-03-15 04:46:51,approved,False
TXN20240315004768,ACCT205879,MERCH300065,deposit,47.75,web,2024-03-15 22:44:05,approved,False
TXN20240315004769,ACCT200250,MERCH300012,purchase,14.99,web,2024-03-15 10:00:00,approved,False
TXN20240315004770,ACCT202189,MERCH300057,purchase,23.39,mobile,2024-03-15 22:53:08,approved,False
TXN20240315004771,ACCT200403,MERCH300033,purchase,165.65,web,2024-03-15 00:56:13,approved,False
TXN20240315004772,ACCT204626,MERCH300250,purchase,80.68,mobile,2024-03-15 23:11:44,approved,False
TXN20240315004773,ACCT205414,MERCH300171,withdrawal,7.39,atm,2024-03-15 18:28:56,approved,False
TXN20240315004774,ACCT205786,MERCH300021,withdrawal,68.66,in_person,2024-03-15 13:55:49,approved,False
TXN20240315004775,ACCT202743,MERCH300082,transfer,32.56,in_person,2024-03-15 01:29:25,approved,False
TXN20240315004776,ACCT200289,MERCH300262,deposit,32.8,in_person,2024-03-15 15:59:31,approved,False
TXN20240315004777,ACCT204804,MERCH300059,deposit,14.85,mobile,2024-03-15 00:44:47,approved,False
TXN20240315004778,ACCT206295,MERCH300082,purchase,47.37,web,2024-03-15 00:33:24,approved,False
TXN20240315004779,ACCT203696,MERCH300011,deposit,71.01,in_person,2024-03-15 16:23:47,approved,False
TXN20240315004780,ACCT202396,MERCH300173,transfer,25.08,mobile,2024-03-15 01:59:08,approved,False
TXN20240315004781,ACCT200022,MERCH300212,purchase,144.16,mobile,2024-03-15 02:52:53,approved,False
TXN20240315004782,ACCT200919,MERCH300002,purchase,13.82,web,2024-03-15 17:24:10,approved,False
TXN20240315004783,ACCT203507,MERCH300281,purchase,105.18,in_person,2024-03-15 16:51:46,approved,False
TXN20240315004784,ACCT204086,MERCH300051,purchase,18.98,web,2024-03-15 10:24:13,approved,False
TXN20240315004785,ACCT201627,MERCH300143,purchase,25.14,atm,2024-03-15 09:28:38,approved,False
TXN20240315004786,ACCT205433,MERCH300200,purchase,48.82,in_person,2024-03-15 18:27:23,approved,False
TXN20240315004787,ACCT202153,MERCH300086,withdrawal,23.43,web,2024-03-15 05:40:53,approved,False
TXN20240315004788,ACCT206452,MERCH300072,deposit,160.13,atm,2024-03-15 11:05:34,approved,False
TXN20240315004789,ACCT200159,MERCH300065,purchase,22.3,web,2024-03-15 02:47:07,approved,False
TXN20240315004790,ACCT201124,MERCH300133,transfer,10.16,atm,2024-03-15 07:20:48,approved,False
TXN20240315004791,ACCT206053,MERCH300067,withdrawal,20.51,in_person,2024-03-15 03:21:16,approved,False
TXN20240315004792,ACCT202616,MERCH300250,purchase,54.73,atm,2024-03-15 16:32:19,approved,False
TXN20240315004793,ACCT206351,MERCH300095,deposit,7.7,in_person,2024-03-15 14:24:40,approved,False
TXN20240315004794,ACCT203993,MERCH300027,withdrawal,41.43,in_person,2024-03-15 10:25:13,approved,False
TXN20240315004795,ACCT204460,MERCH300128,purchase,60.56,web,2024-03-15 20:59:44,declined,False
TXN20240315004796,ACCT201160,MERCH300011,purchase,18.04,web,2024-03-15 18:44:16,approved,False
TXN20240315004797,ACCT203347,MERCH300110,deposit,13.1,web,2024-03-15 12:52:41,approved,True
TXN20240315004798,ACCT205994,MERCH300214,transfer,25.6,in_person,2024-03-15 22:02:28,approved,False
TXN20240315004799,ACCT200245,MERCH300243,purchase,10.52,in_person,2024-03-15 18:06:20,approved,False
TXN20240315004800,ACCT200736,MERCH300247,purchase,17.84,web,2024-03-15 09:09:43,approved,False
TXN20240315004801,ACCT204378,MERCH300122,deposit,20.93,atm,2024-03-15 01:16:53,approved,False
TXN20240315004802,ACCT202821,MERCH300132,purchase,14.9,web,2024-03-15 16:43:24,approved,False
TXN20240315004803,ACCT202923,MERCH300228,transfer,26.91,web,2024-03-15 23:08:49,approved,False
TXN20240315004804,ACCT203342,MERCH300241,withdrawal,37.9,web,2024-03-15 06:33:37,approved,False
TXN20240315004805,ACCT202994,MERCH300006,purchase,19.96,in_person,2024-03-15 05:37:07,approved,False
TXN20240315004806,ACCT200729,MERCH300042,purchase,33.78,mobile,2024-03-15 08:35:05,approved,False
TXN20240315004807,ACCT203985,MERCH300154,purchase,32.65,web,2024-03-15 12:54:55,reversed,False
TXN20240315004808,ACCT200263,MERCH300081,deposit,72.65,mobile,2024-03-15 01:37:38,approved,False
TXN20240315004809,ACCT202891,MERCH300065,purchase,25.87,in_person,2024-03-15 17:56:05,approved,False
TXN20240315004810,ACCT205164,MERCH300207,purchase,40.12,web,2024-03-15 13:50:18,approved,False
TXN20240315004811,ACCT204868,MERCH300207,purchase,178.22,mobile,2024-03-15 20:52:44,approved,False
TXN20240315004812,ACCT201323,MERCH300262,purchase,81.88,in_person,2024-03-15 09:39:04,approved,False
TXN20240315004813,ACCT200017,MERCH300150,withdrawal,25.96,web,2024-03-15 03:07:29,approved,False
TXN20240315004814,ACCT203526,MERCH300091,purchase,15.11,in_person,2024-03-15 14:56:08,declined,False
TXN20240315004815,ACCT203606,MERCH300155,purchase,18.68,mobile,2024-03-15 09:08:38,approved,False
TXN20240315004816,ACCT203773,MERCH300221,purchase,15.35,web,2024-03-15 20:40:47,approved,False
TXN20240315004817,ACCT205071,MERCH300257,purchase,24.77,web,2024-03-15 23:29:26,approved,False
TXN20240315004818,ACCT201727,MERCH300225,purchase,33.44,web,2024-03-15 05:20:23,approved,False
TXN20240315004819,ACCT201711,MERCH300175,deposit,51.11,in_person,2024-03-15 03:22:02,approved,False
TXN20240315004820,ACCT201848,MERCH300212,deposit,137.53,web,2024-03-15 00:54:06,approved,False
TXN20240315004821,ACCT203504,MERCH300134,deposit,18.89,mobile,2024-03-15 22:43:38,approved,False
TXN20240315004822,ACCT201722,MERCH300133,purchase,10.78,atm,2024-03-15 04:53:17,approved,False
TXN20240315004823,ACCT202044,MERCH300165,withdrawal,41.19,atm,2024-03-15 04:35:02,approved,False
TXN20240315004824,ACCT203390,MERCH300024,purchase,61.58,in_person,2024-03-15 06:58:50,approved,False
TXN20240315004825,ACCT200057,MERCH300245,purchase,19.69,web,2024-03-15 17:25:43,approved,False
TXN20240315004826,ACCT204675,MERCH300205,transfer,110.97,in_person,2024-03-15 13:20:16,approved,False
TXN20240315004827,ACCT204077,MERCH300119,purchase,31.75,web,2024-03-15 10:34:57,approved,False
TXN20240315004828,ACCT204960,MERCH300260,purchase,31.34,web,2024-03-15 02:41:00,approved,False
TXN20240315004829,ACCT203381,MERCH300204,purchase,26.93,web,2024-03-15 00:53:44,approved,False
TXN20240315004830,ACCT205228,MERCH300205,purchase,28.38,mobile,2024-03-15 23:40:01,approved,False
TXN20240315004831,ACCT204943,MERCH300205,deposit,168.15,mobile,2024-03-15 03:51:42,approved,False
TXN20240315004832,ACCT202510,MERCH300058,purchase,14.29,atm,2024-03-15 13:13:59,approved,False
TXN20240315004833,ACCT202468,MERCH300032,purchase,50.56,atm,2024-03-15 14:01:07,approved,False
TXN20240315004834,ACCT203266,MERCH300115,transfer,137.33,web,2024-03-15 05:51:59,approved,False
TXN20240315004835,ACCT203359,MERCH300191,purchase,73.06,mobile,2024-03-15 00:10:02,approved,False
TXN20240315004836,ACCT203609,MERCH300192,purchase,47.53,mobile,2024-03-15 10:54:34,approved,False
TXN20240315004837,ACCT201561,MERCH300074,deposit,35.72,mobile,2024-03-15 22:02:04,approved,False
TXN20240315004838,ACCT200835,MERCH300174,purchase,23.75,mobile,2024-03-15 05:58:58,approved,False
TXN20240315004839,ACCT205709,MERCH300014,purchase,89.79,in_person,2024-03-15 07:24:48,approved,False
TXN20240315004840,ACCT204654,MERCH300291,purchase,8.94,web,2024-03-15 14:53:42,approved,False
TXN20240315004841,ACCT201584,MERCH300216,transfer,45.13,atm,2024-03-15 03:33:25,approved,False
TXN20240315004842,ACCT203853,MERCH300200,deposit,64.49,in_person,2024-03-15 18:05:12,approved,False
TXN20240315004843,ACCT203133,MERCH300153,purchase,15.07,web,2024-03-15 08:30:19,approved,False
TXN20240315004844,ACCT203028,MERCH300236,purchase,4.73,atm,2024-03-15 17:25:07,approved,False
TXN20240315004845,ACCT206055,MERCH300009,purchase,178.1,in_person,2024-03-15 23:28:37,approved,False
TXN20240315004846,ACCT201166,MERCH300053,purchase,49.79,in_person,2024-03-15 00:52:29,approved,False
TXN20240315004847,ACCT204845,MERCH300158,purchase,120.84,mobile,2024-03-15 20:30:46,approved,False
TXN20240315004848,ACCT200953,MERCH300239,transfer,52.21,in_person,2024-03-15 07:52:24,approved,False
TXN20240315004849,ACCT202508,MERCH300275,purchase,6.85,mobile,2024-03-15 16:34:32,approved,False
TXN20240315004850,ACCT204046,MERCH300013,purchase,51.14,mobile,2024-03-15 22:48:48,reversed,False
TXN20240315004851,ACCT201468,MERCH300107,purchase,45.01,web,2024-03-15 19:45:16,declined,False
TXN20240315004852,ACCT201508,MERCH300036,purchase,136.02,in_person,2024-03-15 17:59:31,approved,False
TXN20240315004853,ACCT204983,MERCH300221,purchase,133.1,mobile,2024-03-15 07:48:04,approved,False
TXN20240315004854,ACCT204851,MERCH300043,purchase,60.89,in_person,2024-03-15 15:36:29,approved,False
TXN20240315004855,ACCT202083,MERCH300158,purchase,169.53,web,2024-03-15 08:53:23,approved,False
TXN20240315004856,ACCT200908,MERCH300290,deposit,20.9,mobile,2024-03-15 01:04:17,approved,False
TXN20240315004857,ACCT202928,MERCH300153,purchase,69.8,web,2024-03-15 19:22:29,approved,False
TXN20240315004858,ACCT200319,MERCH300069,transfer,35.27,atm,2024-03-15 14:17:56,approved,False
TXN20240315004859,ACCT206148,MERCH300066,deposit,59.13,web,2024-03-15 05:05:12,approved,False
TXN20240315004860,ACCT204680,MERCH300075,transfer,32.53,mobile,2024-03-15 05:03:13,approved,False
TXN20240315004861,ACCT200260,MERCH300226,purchase,4.33,mobile,2024-03-15 23:15:05,approved,False
TXN20240315004862,ACCT201976,MERCH300073,purchase,86.05,web,2024-03-15 20:31:03,approved,False
TXN20240315004863,ACCT200483,MERCH300283,purchase,86.48,mobile,2024-03-15 00:26:53,approved,True
TXN20240315004864,ACCT204261,MERCH300269,purchase,27.02,mobile,2024-03-15 08:32:56,approved,False
TXN20240315004865,ACCT203862,MERCH300217,deposit,519.52,in_person,2024-03-15 20:33:03,approved,False
TXN20240315004866,ACCT202128,MERCH300156,withdrawal,3.11,mobile,2024-03-15 03:04:54,approved,False
TXN20240315004867,ACCT202478,MERCH300106,transfer,25.17,mobile,2024-03-15 16:24:01,approved,False
TXN20240315004868,ACCT201495,MERCH300246,transfer,34.0,in_person,2024-03-15 10:14:16,approved,False
TXN20240315004869,ACCT204424,MERCH300059,purchase,39.79,in_person,2024-03-15 11:34:52,approved,False
TXN20240315004870,ACCT204070,MERCH300203,purchase,23.29,mobile,2024-03-15 17:52:37,approved,False
TXN20240315004871,ACCT201640,MERCH300292,purchase,34.26,atm,2024-03-15 11:57:07,reversed,False
TXN20240315004872,ACCT202672,MERCH300152,purchase,19.02,in_person,2024-03-15 02:02:15,approved,False
TXN20240315004873,ACCT200464,MERCH300106,purchase,66.25,mobile,2024-03-15 05:07:48,approved,False
TXN20240315004874,ACCT206112,MERCH300227,transfer,41.86,mobile,2024-03-15 04:30:56,approved,False
TXN20240315004875,ACCT203396,MERCH300055,purchase,14.32,in_person,2024-03-15 22:21:51,approved,False
TXN20240315004876,ACCT200729,MERCH300214,transfer,16.22,in_person,2024-03-15 05:47:53,approved,False
TXN20240315004877,ACCT200410,MERCH300180,purchase,4.12,in_person,2024-03-15 09:53:53,approved,False
TXN20240315004878,ACCT203989,MERCH300231,purchase,64.12,mobile,2024-03-15 13:02:32,approved,False
TXN20240315004879,ACCT203223,MERCH300153,purchase,24.55,in_person,2024-03-15 17:08:23,approved,False
TXN20240315004880,ACCT200600,MERCH300230,purchase,231.15,in_person,2024-03-15 10:40:45,approved,False
TXN20240315004881,ACCT206262,MERCH300220,purchase,16.6,atm,2024-03-15 11:14:30,approved,False
TXN20240315004882,ACCT204152,MERCH300002,deposit,42.28,atm,2024-03-15 06:13:12,approved,False
TXN20240315004883,ACCT201430,MERCH300285,purchase,20.15,in_person,2024-03-15 12:04:39,approved,False
TXN20240315004884,ACCT200468,MERCH300295,purchase,104.71,in_person,2024-03-15 01:23:08,approved,False
TXN20240315004885,ACCT201384,MERCH300090,purchase,14.05,in_person,2024-03-15 05:47:26,declined,False
TXN20240315004886,ACCT203300,MERCH300175,purchase,48.34,web,2024-03-15 05:31:46,approved,False
TXN20240315004887,ACCT203857,MERCH300217,transfer,44.67,in_person,2024-03-15 09:52:45,approved,False
TXN20240315004888,ACCT205602,MERCH300177,purchase,14.91,mobile,2024-03-15 17:57:18,approved,False
TXN20240315004889,ACCT200994,MERCH300220,transfer,17.76,web,2024-03-15 13:10:57,reversed,False
TXN20240315004890,ACCT204741,MERCH300077,purchase,13.4,mobile,2024-03-15 02:12:51,approved,False
TXN20240315004891,ACCT206449,MERCH300296,purchase,30.73,in_person,2024-03-15 01:18:29,approved,False
TXN20240315004892,ACCT200339,MERCH300034,purchase,30.2,mobile,2024-03-15 05:37:29,approved,False
TXN20240315004893,ACCT200451,MERCH300148,purchase,81.4,web,2024-03-15 20:09:04,approved,False
TXN20240315004894,ACCT202199,MERCH300051,purchase,4.61,in_person,2024-03-15 03:36:06,approved,False
TXN20240315004895,ACCT201055,MERCH300050,purchase,60.22,web,2024-03-15 09:13:33,approved,False
TXN20240315004896,ACCT202746,MERCH300299,deposit,52.73,web,2024-03-15 02:40:13,approved,False
TXN20240315004897,ACCT204490,MERCH300186,purchase,37.34,atm,2024-03-15 10:02:50,approved,False
TXN20240315004898,ACCT206237,MERCH300222,purchase,30.51,in_person,2024-03-15 03:34:08,reversed,False
TXN20240315004899,ACCT205017,MERCH300279,withdrawal,30.65,mobile,2024-03-15 03:59:26,approved,False
TXN20240315004900,ACCT205508,MERCH300024,purchase,15.15,mobile,2024-03-15 04:57:14,approved,False
TXN20240315004901,ACCT206419,MERCH300188,purchase,26.24,atm,2024-03-15 09:59:04,approved,False
TXN20240315004902,ACCT204606,MERCH300289,purchase,41.75,mobile,2024-03-15 14:58:56,approved,False
TXN20240315004903,ACCT203826,MERCH300185,purchase,17.53,in_person,2024-03-15 13:41:27,approved,False
TXN20240315004904,ACCT206092,MERCH300200,purchase,53.22,mobile,2024-03-15 16:32:56,approved,False
TXN20240315004905,ACCT204801,MERCH300232,purchase,68.28,in_person,2024-03-15 15:32:01,reversed,False
TXN20240315004906,ACCT203171,MERCH300069,purchase,79.95,in_person,2024-03-15 13:40:13,approved,True
TXN20240315004907,ACCT204422,MERCH300280,transfer,32.2,web,2024-03-15 21:49:04,approved,False
TXN20240315004908,ACCT204254,MERCH300016,transfer,32.64,in_person,2024-03-15 00:25:31,approved,False
TXN20240315004909,ACCT206461,MERCH300162,deposit,17.32,web,2024-03-15 05:45:53,approved,False
TXN20240315004910,ACCT203150,MERCH300275,purchase,26.58,atm,2024-03-15 02:54:10,approved,False
TXN20240315004911,ACCT203903,MERCH300090,purchase,11.54,in_person,2024-03-15 22:30:01,approved,False
TXN20240315004912,ACCT204193,MERCH300168,purchase,95.58,atm,2024-03-15 17:36:56,approved,False
TXN20240315004913,ACCT206102,MERCH300091,transfer,29.13,web,2024-03-15 06:22:06,approved,False
TXN20240315004914,ACCT202209,MERCH300210,purchase,66.43,mobile,2024-03-15 08:33:45,approved,False
TXN20240315004915,ACCT204223,MERCH300127,deposit,49.02,web,2024-03-15 00:59:15,approved,False
TXN20240315004916,ACCT201979,MERCH300151,withdrawal,113.64,in_person,2024-03-15 07:30:32,approved,False
TXN20240315004917,ACCT204644,MERCH300278,transfer,32.67,web,2024-03-15 22:50:56,approved,False
TXN20240315004918,ACCT202626,MERCH300230,transfer,53.07,in_person,2024-03-15 03:21:35,approved,False
TXN20240315004919,ACCT203527,MERCH300110,purchase,122.58,mobile,2024-03-15 12:37:42,approved,False
TXN20240315004920,ACCT202170,MERCH300261,transfer,35.59,in_person,2024-03-15 02:36:35,approved,False
TXN20240315004921,ACCT202611,MERCH300034,purchase,137.96,web,2024-03-15 08:03:47,declined,False
TXN20240315004922,ACCT202942,MERCH300265,withdrawal,100.71,mobile,2024-03-15 00:56:56,approved,False
TXN20240315004923,ACCT202808,MERCH300297,transfer,17.03,atm,2024-03-15 17:56:57,approved,False
TXN20240315004924,ACCT205672,MERCH300136,purchase,97.67,mobile,2024-03-15 23:52:30,approved,False
TXN20240315004925,ACCT204310,MERCH300241,transfer,29.14,web,2024-03-15 05:22:13,approved,False
TXN20240315004926,ACCT205766,MERCH300151,purchase,6.09,in_person,2024-03-15 00:00:09,approved,False
TXN20240315004927,ACCT205468,MERCH300081,purchase,106.38,web,2024-03-15 08:07:29,approved,False
TXN20240315004928,ACCT203544,MERCH300200,purchase,6.97,in_person,2024-03-15 21:03:30,approved,False
TXN20240315004929,ACCT200094,MERCH300280,purchase,37.91,web,2024-03-15 19:17:59,approved,False
TXN20240315004930,ACCT205433,MERCH300175,purchase,69.61,in_person,2024-03-15 08:49:27,approved,False
TXN20240315004931,ACCT203392,MERCH300284,transfer,3.89,web,2024-03-15 11:20:09,approved,False
TXN20240315004932,ACCT205251,MERCH300010,deposit,28.14,web,2024-03-15 12:54:39,approved,False
TXN20240315004933,ACCT203416,MERCH300120,withdrawal,46.38,web,2024-03-15 11:59:56,approved,False
TXN20240315004934,ACCT201510,MERCH300043,withdrawal,12.5,mobile,2024-03-15 16:36:58,approved,False
TXN20240315004935,ACCT203630,MERCH300124,purchase,51.54,atm,2024-03-15 00:37:39,reversed,False
TXN20240315004936,ACCT203774,MERCH300053,transfer,101.88,web,2024-03-15 08:11:47,approved,False
TXN20240315004937,ACCT205663,MERCH300262,purchase,31.63,mobile,2024-03-15 16:12:24,approved,False
TXN20240315004938,ACCT202711,MERCH300115,withdrawal,19.77,mobile,2024-03-15 00:45:47,approved,False
TXN20240315004939,ACCT205758,MERCH300165,purchase,26.41,atm,2024-03-15 04:27:31,approved,False
TXN20240315004940,ACCT203089,MERCH300130,transfer,16.72,mobile,2024-03-15 18:33:30,approved,False
TXN20240315004941,ACCT200156,MERCH300107,transfer,27.35,web,2024-03-15 08:12:14,approved,False
TXN20240315004942,ACCT203007,MERCH300065,transfer,143.72,in_person,2024-03-15 17:09:14,approved,False
TXN20240315004943,ACCT201585,MERCH300077,deposit,49.67,atm,2024-03-15 22:32:24,reversed,False
TXN20240315004944,ACCT201152,MERCH300046,purchase,114.03,web,2024-03-15 15:07:25,approved,False
TXN20240315004945,ACCT203974,MERCH300035,purchase,22.4,web,2024-03-15 18:02:54,approved,False
TXN20240315004946,ACCT205779,MERCH300253,purchase,60.93,in_person,2024-03-15 05:46:31,declined,False
TXN20240315004947,ACCT205933,MERCH300275,withdrawal,51.0,mobile,2024-03-15 13:14:25,approved,False
TXN20240315004948,ACCT204372,MERCH300173,withdrawal,141.85,in_person,2024-03-15 00:06:10,reversed,False
TXN20240315004949,ACCT202176,MERCH300205,purchase,20.09,web,2024-03-15 22:05:22,reversed,True
TXN20240315004950,ACCT204207,MERCH300201,deposit,2.28,mobile,2024-03-15 17:54:35,approved,False
TXN20240315004951,ACCT206383,MERCH300233,purchase,31.89,web,2024-03-15 19:10:05,approved,False
TXN20240315004952,ACCT205630,MERCH300231,purchase,27.34,atm,2024-03-15 02:20:32,approved,False
TXN20240315004953,ACCT201052,MERCH300005,purchase,38.27,mobile,2024-03-15 11:57:03,approved,False
TXN20240315004954,ACCT205226,MERCH300056,purchase,21.03,mobile,2024-03-15 01:40:16,declined,False
TXN20240315004955,ACCT204500,MERCH300092,transfer,10.4,in_person,2024-03-15 22:43:30,approved,False
TXN20240315004956,ACCT202505,MERCH300039,transfer,89.04,mobile,2024-03-15 15:23:41,approved,False
TXN20240315004957,ACCT202774,MERCH300034,withdrawal,4.87,mobile,2024-03-15 15:53:41,approved,False
TXN20240315004958,ACCT200009,MERCH300268,purchase,86.12,web,2024-03-15 18:37:47,approved,False
TXN20240315004959,ACCT201369,MERCH300139,purchase,43.12,mobile,2024-03-15 11:21:16,approved,False
TXN20240315004960,ACCT201804,MERCH300134,transfer,16.76,mobile,2024-03-15 21:28:47,approved,False
TXN20240315004961,ACCT206043,MERCH300067,withdrawal,48.75,web,2024-03-15 20:10:22,approved,False
TXN20240315004962,ACCT201542,MERCH300020,transfer,67.4,atm,2024-03-15 17:01:11,approved,False
TXN20240315004963,ACCT205566,MERCH300296,transfer,35.36,mobile,2024-03-15 12:45:07,approved,False
TXN20240315004964,ACCT203997,MERCH300239,purchase,29.85,in_person,2024-03-15 00:08:57,approved,False
TXN20240315004965,ACCT202488,MERCH300062,purchase,19.51,mobile,2024-03-15 23:14:08,approved,False
TXN20240315004966,ACCT203006,MERCH300035,transfer,4.25,web,2024-03-15 07:58:54,approved,True
TXN20240315004967,ACCT205787,MERCH300281,purchase,17.98,mobile,2024-03-15 23:35:58,approved,False
TXN20240315004968,ACCT204727,MERCH300288,withdrawal,16.92,web,2024-03-15 00:33:49,approved,False
TXN20240315004969,ACCT202419,MERCH300184,purchase,24.3,mobile,2024-03-15 01:50:51,declined,False
TXN20240315004970,ACCT203688,MERCH300298,deposit,91.48,web,2024-03-15 10:54:29,approved,False
TXN20240315004971,ACCT200944,MERCH300061,purchase,101.32,in_person,2024-03-15 23:05:26,approved,False
TXN20240315004972,ACCT205121,MERCH300142,purchase,26.78,web,2024-03-15 06:20:58,approved,False
TXN20240315004973,ACCT201320,MERCH300087,transfer,15.47,web,2024-03-15 18:57:21,approved,False
TXN20240315004974,ACCT202078,MERCH300003,purchase,22.21,in_person,2024-03-15 06:24:12,approved,False
TXN20240315004975,ACCT204269,MERCH300299,purchase,29.1,in_person,2024-03-15 01:03:51,approved,False
TXN20240315004976,ACCT205922,MERCH300224,purchase,16.92,atm,2024-03-15 13:04:40,approved,False
TXN20240315004977,ACCT202230,MERCH300143,transfer,37.54,mobile,2024-03-15 05:16:29,approved,False
TXN20240315004978,ACCT204766,MERCH300239,transfer,64.02,atm,2024-03-15 23:35:59,approved,False
TXN20240315004979,ACCT206106,MERCH300103,deposit,42.52,in_person,2024-03-15 02:08:52,approved,False
TXN20240315004980,ACCT201560,MERCH300220,deposit,30.96,web,2024-03-15 03:52:23,approved,False
TXN20240315004981,ACCT206340,MERCH300080,purchase,44.74,atm,2024-03-15 10:02:09,declined,False
TXN20240315004982,ACCT202084,MERCH300278,purchase,35.2,in_person,2024-03-15 20:00:12,reversed,False
TXN20240315004983,ACCT200558,MERCH300101,transfer,123.45,in_person,2024-03-15 23:23:55,approved,False
TXN20240315004984,ACCT203103,MERCH300090,purchase,38.63,web,2024-03-15 22:19:02,approved,False
TXN20240315004985,ACCT205646,MERCH300286,purchase,39.8,web,2024-03-15 06:41:36,approved,False
TXN20240315004986,ACCT202117,MERCH300168,purchase,45.28,mobile,2024-03-15 14:33:41,approved,False
TXN20240315004987,ACCT200124,MERCH300079,transfer,39.84,mobile,2024-03-15 20:48:08,approved,False
TXN20240315004988,ACCT200228,MERCH300170,deposit,42.64,in_person,2024-03-15 09:38:18,approved,False
TXN20240315004989,ACCT200951,MERCH300215,transfer,16.62,web,2024-03-15 23:08:12,approved,False
TXN20240315004990,ACCT204523,MERCH300267,purchase,13.01,mobile,2024-03-15 13:23:30,approved,False
TXN20240315004991,ACCT202668,MERCH300219,purchase,58.88,mobile,2024-03-15 19:15:10,approved,False
TXN20240315004992,ACCT203584,MERCH300222,purchase,62.21,web,2024-03-15 11:17:06,approved,False
TXN20240315004993,ACCT201132,MERCH300260,deposit,90.25,web,2024-03-15 03:38:28,approved,False
TXN20240315004994,ACCT202821,MERCH300263,transfer,6.69,mobile,2024-03-15 23:54:27,approved,False
TXN20240315004995,ACCT203504,MERCH300113,purchase,29.54,mobile,2024-03-15 17:17:21,approved,False
TXN20240315004996,ACCT203926,MERCH300138,purchase,75.4,mobile,2024-03-15 17:17:09,approved,False
TXN20240315004997,ACCT203321,MERCH300239,withdrawal,93.1,in_person,2024-03-15 01:00:44,approved,False
TXN20240315004998,ACCT202687,MERCH300267,purchase,56.0,web,2024-03-15 17:26:48,approved,False
TXN20240315004999,ACCT201789,MERCH300128,deposit,90.81,atm,2024-03-15 03:03:20,approved,False
TXN20240315005000,ACCT203618,MERCH300027,withdrawal,125.16,web,2024-03-15 01:29:28,approved,False
TXN20240315005001,ACCT202152,MERCH300041,purchase,114.88,web,2024-03-15 13:07:15,approved,False
TXN20240315005002,ACCT201343,MERCH300277,withdrawal,20.1,mobile,2024-03-15 10:58:41,approved,False
TXN20240315005003,ACCT201304,MERCH300279,purchase,17.25,in_person,2024-03-15 06:05:06,approved,False
TXN20240315005004,ACCT204415,MERCH300272,purchase,27.38,in_person,2024-03-15 22:15:35,approved,False
TXN20240315005005,ACCT205380,MERCH300147,deposit,20.59,web,2024-03-15 20:30:27,approved,False
TXN20240315005006,ACCT200872,MERCH300093,deposit,20.74,atm,2024-03-15 08:26:20,approved,False
TXN20240315005007,ACCT204013,MERCH300205,deposit,28.53,web,2024-03-15 12:33:05,approved,False
TXN20240315005008,ACCT200158,MERCH300136,purchase,20.21,web,2024-03-15 05:10:33,approved,False
TXN20240315005009,ACCT200605,MERCH300023,purchase,35.3,in_person,2024-03-15 10:18:28,approved,False
TXN20240315005010,ACCT202823,MERCH300280,deposit,37.91,mobile,2024-03-15 05:17:21,approved,False
TXN20240315005011,ACCT206094,MERCH300217,transfer,129.96,in_person,2024-03-15 20:55:53,approved,False
TXN20240315005012,ACCT202208,MERCH300164,purchase,158.02,in_person,2024-03-15 13:12:51,approved,False
TXN20240315005013,ACCT200416,MERCH300092,purchase,51.73,web,2024-03-15 17:46:36,approved,False
TXN20240315005014,ACCT203112,MERCH300021,purchase,65.49,in_person,2024-03-15 14:54:46,approved,False
TXN20240315005015,ACCT202429,MERCH300040,purchase,20.31,in_person,2024-03-15 02:59:39,approved,False
TXN20240315005016,ACCT200082,MERCH300146,purchase,14.97,in_person,2024-03-15 23:31:28,approved,False
TXN20240315005017,ACCT204991,MERCH300042,transfer,40.35,web,2024-03-15 06:36:02,approved,False
TXN20240315005018,ACCT203707,MERCH300109,purchase,27.96,in_person,2024-03-15 23:07:07,approved,False
TXN20240315005019,ACCT204891,MERCH300273,withdrawal,47.56,web,2024-03-15 02:53:15,approved,False
TXN20240315005020,ACCT200437,MERCH300064,purchase,12.23,in_person,2024-03-15 08:50:04,approved,False
TXN20240315005021,ACCT204717,MERCH300055,transfer,38.23,web,2024-03-15 19:04:00,approved,False
TXN20240315005022,ACCT204372,MERCH300223,purchase,53.05,in_person,2024-03-15 18:10:11,approved,False
TXN20240315005023,ACCT201023,MERCH300097,purchase,55.25,in_person,2024-03-15 13:34:43,approved,False
TXN20240315005024,ACCT205169,MERCH300031,purchase,55.54,in_person,2024-03-15 06:17:46,approved,False
TXN20240315005025,ACCT200065,MERCH300115,deposit,273.74,web,2024-03-15 15:06:56,approved,False
TXN20240315005026,ACCT204805,MERCH300194,purchase,44.04,in_person,2024-03-15 15:47:25,approved,False
TXN20240315005027,ACCT205635,MERCH300179,purchase,17.97,mobile,2024-03-15 10:26:37,approved,False
TXN20240315005028,ACCT206404,MERCH300193,purchase,82.3,in_person,2024-03-15 02:42:53,approved,False
TXN20240315005029,ACCT204872,MERCH300053,transfer,126.67,web,2024-03-15 07:58:26,approved,False
TXN20240315005030,ACCT203339,MERCH300018,purchase,26.61,web,2024-03-15 17:21:45,approved,False
TXN20240315005031,ACCT205376,MERCH300098,purchase,174.69,mobile,2024-03-15 11:02:46,approved,False
TXN20240315005032,ACCT205980,MERCH300090,purchase,20.67,web,2024-03-15 23:54:40,approved,False
TXN20240315005033,ACCT203977,MERCH300175,purchase,5.2,mobile,2024-03-15 21:20:21,approved,False
TXN20240315005034,ACCT205364,MERCH300101,deposit,27.23,atm,2024-03-15 16:28:36,approved,False
TXN20240315005035,ACCT200264,MERCH300072,transfer,10.4,web,2024-03-15 11:27:51,approved,False
TXN20240315005036,ACCT204299,MERCH300259,purchase,160.57,web,2024-03-15 21:47:55,approved,False
TXN20240315005037,ACCT200746,MERCH300185,transfer,5.75,mobile,2024-03-15 11:15:45,approved,False
TXN20240315005038,ACCT202677,MERCH300222,purchase,12.73,in_person,2024-03-15 03:04:27,declined,False
TXN20240315005039,ACCT203627,MERCH300217,purchase,6.39,mobile,2024-03-15 22:04:05,approved,False
TXN20240315005040,ACCT204917,MERCH300256,purchase,49.28,mobile,2024-03-15 08:17:24,approved,False
TXN20240315005041,ACCT204848,MERCH300033,purchase,36.05,web,2024-03-15 05:47:54,approved,False
TXN20240315005042,ACCT202606,MERCH300029,transfer,35.93,web,2024-03-15 03:27:27,approved,False
TXN20240315005043,ACCT203422,MERCH300189,purchase,46.9,atm,2024-03-15 13:45:33,approved,False
TXN20240315005044,ACCT201492,MERCH300063,deposit,38.77,in_person,2024-03-15 00:29:24,approved,False
TXN20240315005045,ACCT203541,MERCH300225,purchase,10.67,mobile,2024-03-15 03:18:34,approved,False
TXN20240315005046,ACCT202430,MERCH300227,deposit,8.09,mobile,2024-03-15 06:49:21,approved,False
TXN20240315005047,ACCT200746,MERCH300294,purchase,22.39,mobile,2024-03-15 20:26:47,approved,False
TXN20240315005048,ACCT201726,MERCH300185,purchase,31.4,web,2024-03-15 01:52:50,approved,False
TXN20240315005049,ACCT205025,MERCH300188,deposit,23.81,in_person,2024-03-15 07:14:58,approved,False
TXN20240315005050,ACCT205314,MERCH300012,purchase,10.83,atm,2024-03-15 00:27:40,declined,False
TXN20240315005051,ACCT205775,MERCH300215,purchase,12.2,in_person,2024-03-15 14:45:59,declined,False
TXN20240315005052,ACCT203441,MERCH300285,purchase,23.31,atm,2024-03-15 12:59:24,approved,False
TXN20240315005053,ACCT206191,MERCH300282,purchase,5.51,in_person,2024-03-15 17:46:27,declined,False
TXN20240315005054,ACCT204612,MERCH300144,purchase,14.94,web,2024-03-15 08:17:53,approved,False
TXN20240315005055,ACCT205824,MERCH300042,purchase,30.69,in_person,2024-03-15 21:07:36,approved,False
TXN20240315005056,ACCT202337,MERCH300188,deposit,48.4,web,2024-03-15 22:15:19,approved,False
TXN20240315005057,ACCT201612,MERCH300225,purchase,20.18,in_person,2024-03-15 09:01:53,reversed,False
TXN20240315005058,ACCT205117,MERCH300167,transfer,15.49,atm,2024-03-15 00:51:52,approved,False
TXN20240315005059,ACCT203745,MERCH300273,transfer,15.28,in_person,2024-03-15 12:30:10,approved,False
TXN20240315005060,ACCT205425,MERCH300265,purchase,374.39,web,2024-03-15 02:10:42,approved,False
TXN20240315005061,ACCT201357,MERCH300114,transfer,51.1,in_person,2024-03-15 20:22:24,approved,False
TXN20240315005062,ACCT200983,MERCH300157,withdrawal,39.44,web,2024-03-15 18:40:14,approved,False
TXN20240315005063,ACCT202632,MERCH300116,withdrawal,59.22,in_person,2024-03-15 08:39:22,approved,False
TXN20240315005064,ACCT201649,MERCH300005,purchase,203.87,web,2024-03-15 22:34:59,approved,False
TXN20240315005065,ACCT200810,MERCH300104,transfer,58.32,web,2024-03-15 12:47:23,declined,False
TXN20240315005066,ACCT203688,MERCH300166,purchase,29.29,in_person,2024-03-15 20:05:58,approved,False
TXN20240315005067,ACCT203837,MERCH300173,withdrawal,65.49,in_person,2024-03-15 17:10:39,approved,False
TXN20240315005068,ACCT205981,MERCH300212,purchase,15.54,in_person,2024-03-15 01:02:41,approved,False
TXN20240315005069,ACCT203547,MERCH300256,purchase,19.62,in_person,2024-03-15 12:40:09,approved,False
TXN20240315005070,ACCT204910,MERCH300187,purchase,85.64,mobile,2024-03-15 00:08:01,approved,False
TXN20240315005071,ACCT201228,MERCH300168,purchase,15.16,in_person,2024-03-15 02:15:26,approved,False
TXN20240315005072,ACCT206289,MERCH300002,purchase,38.02,in_person,2024-03-15 14:48:15,approved,False
TXN20240315005073,ACCT200454,MERCH300115,transfer,3.18,in_person,2024-03-15 18:43:26,approved,False
TXN20240315005074,ACCT205006,MERCH300257,purchase,42.47,in_person,2024-03-15 15:30:07,declined,True
TXN20240315005075,ACCT203606,MERCH300180,deposit,30.79,in_person,2024-03-15 07:46:20,approved,False
TXN20240315005076,ACCT201379,MERCH300083,deposit,44.52,atm,2024-03-15 12:01:51,approved,False
TXN20240315005077,ACCT205081,MERCH300262,purchase,17.15,in_person,2024-03-15 02:17:10,approved,False
TXN20240315005078,ACCT203100,MERCH300038,purchase,42.63,mobile,2024-03-15 06:13:48,approved,False
TXN20240315005079,ACCT202421,MERCH300125,withdrawal,6.04,in_person,2024-03-15 12:19:49,approved,False
TXN20240315005080,ACCT201041,MERCH300095,withdrawal,34.97,web,2024-03-15 06:24:55,approved,False
TXN20240315005081,ACCT203172,MERCH300188,purchase,47.97,mobile,2024-03-15 02:58:41,approved,False
TXN20240315005082,ACCT200411,MERCH300152,deposit,33.1,in_person,2024-03-15 04:50:07,approved,False
TXN20240315005083,ACCT203957,MERCH300266,transfer,46.08,web,2024-03-15 04:14:48,approved,False
TXN20240315005084,ACCT200032,MERCH300254,withdrawal,5.98,atm,2024-03-15 10:40:48,approved,False
TXN20240315005085,ACCT201039,MERCH300264,purchase,25.4,web,2024-03-15 07:06:07,approved,False
TXN20240315005086,ACCT204500,MERCH300204,deposit,10.88,mobile,2024-03-15 00:39:57,approved,False
TXN20240315005087,ACCT201337,MERCH300002,purchase,227.06,web,2024-03-15 01:38:44,approved,False
TXN20240315005088,ACCT204590,MERCH300288,purchase,47.07,web,2024-03-15 04:19:35,approved,False
TXN20240315005089,ACCT202289,MERCH300140,purchase,37.33,web,2024-03-15 22:14:37,approved,False
TXN20240315005090,ACCT203283,MERCH300237,withdrawal,33.49,mobile,2024-03-15 06:50:52,approved,False
TXN20240315005091,ACCT201799,MERCH300203,purchase,5.82,web,2024-03-15 14:28:38,approved,False
TXN20240315005092,ACCT204123,MERCH300055,purchase,24.49,web,2024-03-15 04:04:47,approved,False
TXN20240315005093,ACCT204459,MERCH300004,purchase,38.86,atm,2024-03-15 09:11:52,approved,False
TXN20240315005094,ACCT203213,MERCH300038,purchase,67.49,atm,2024-03-15 20:28:27,approved,False
TXN20240315005095,ACCT201557,MERCH300056,transfer,8.86,mobile,2024-03-15 10:44:50,approved,False
TXN20240315005096,ACCT203058,MERCH300051,withdrawal,21.82,atm,2024-03-15 04:56:51,approved,False
TXN20240315005097,ACCT203606,MERCH300221,purchase,9.95,web,2024-03-15 18:37:02,approved,False
TXN20240315005098,ACCT203198,MERCH300189,purchase,56.49,web,2024-03-15 09:58:23,approved,False
TXN20240315005099,ACCT205293,MERCH300271,purchase,108.53,mobile,2024-03-15 17:26:19,approved,False
TXN20240315005100,ACCT206178,MERCH300279,purchase,83.22,mobile,2024-03-15 16:17:44,approved,False
TXN20240315005101,ACCT204568,MERCH300251,purchase,19.49,web,2024-03-15 12:38:19,approved,False
TXN20240315005102,ACCT205123,MERCH300297,transfer,110.67,mobile,2024-03-15 17:59:23,approved,False
TXN20240315005103,ACCT205068,MERCH300144,purchase,78.76,in_person,2024-03-15 12:13:25,approved,False
TXN20240315005104,ACCT203125,MERCH300138,purchase,79.9,web,2024-03-15 17:07:15,approved,False
TXN20240315005105,ACCT202674,MERCH300274,withdrawal,46.19,web,2024-03-15 15:05:36,approved,False
TXN20240315005106,ACCT205156,MERCH300239,deposit,111.42,mobile,2024-03-15 02:16:42,approved,False
TXN20240315005107,ACCT203303,MERCH300070,transfer,81.17,in_person,2024-03-15 23:44:34,approved,False
TXN20240315005108,ACCT204684,MERCH300036,purchase,40.17,in_person,2024-03-15 04:31:20,approved,False
TXN20240315005109,ACCT202015,MERCH300110,purchase,26.37,atm,2024-03-15 16:20:21,approved,False
TXN20240315005110,ACCT203578,MERCH300034,purchase,43.61,in_person,2024-03-15 19:39:43,approved,False
TXN20240315005111,ACCT201093,MERCH300108,purchase,37.66,mobile,2024-03-15 10:47:10,approved,False
TXN20240315005112,ACCT204059,MERCH300283,transfer,46.99,in_person,2024-03-15 09:38:36,approved,False
TXN20240315005113,ACCT205621,MERCH300158,withdrawal,37.27,mobile,2024-03-15 06:34:35,approved,False
TXN20240315005114,ACCT202612,MERCH300259,withdrawal,92.5,atm,2024-03-15 22:30:50,approved,False
TXN20240315005115,ACCT200036,MERCH300063,purchase,26.58,web,2024-03-15 22:52:56,approved,False
TXN20240315005116,ACCT204520,MERCH300162,purchase,73.7,in_person,2024-03-15 07:59:42,approved,False
TXN20240315005117,ACCT204200,MERCH300265,purchase,22.09,mobile,2024-03-15 15:16:14,approved,False
TXN20240315005118,ACCT204510,MERCH300107,purchase,43.92,in_person,2024-03-15 12:04:56,approved,False
TXN20240315005119,ACCT206406,MERCH300256,purchase,90.97,web,2024-03-15 01:02:52,approved,False
TXN20240315005120,ACCT205470,MERCH300296,purchase,28.89,web,2024-03-15 04:44:15,approved,False
TXN20240315005121,ACCT206207,MERCH300066,purchase,45.62,in_person,2024-03-15 00:49:15,approved,False
TXN20240315005122,ACCT204487,MERCH300127,purchase,60.82,mobile,2024-03-15 15:10:34,approved,False
TXN20240315005123,ACCT200159,MERCH300033,purchase,20.25,web,2024-03-15 02:24:43,approved,False
TXN20240315005124,ACCT202491,MERCH300171,deposit,18.8,mobile,2024-03-15 19:46:19,approved,False
TXN20240315005125,ACCT205282,MERCH300149,transfer,45.05,web,2024-03-15 19:03:29,approved,False
TXN20240315005126,ACCT202451,MERCH300080,purchase,30.03,in_person,2024-03-15 09:04:11,approved,False
TXN20240315005127,ACCT200796,MERCH300272,deposit,50.76,in_person,2024-03-15 22:06:06,approved,False
TXN20240315005128,ACCT204863,MERCH300056,withdrawal,14.31,web,2024-03-15 14:27:37,declined,False
TXN20240315005129,ACCT200953,MERCH300147,purchase,34.48,mobile,2024-03-15 14:11:45,approved,False
TXN20240315005130,ACCT203290,MERCH300285,deposit,40.04,web,2024-03-15 14:13:34,approved,False
TXN20240315005131,ACCT200546,MERCH300067,transfer,52.67,web,2024-03-15 12:22:31,approved,False
TXN20240315005132,ACCT206406,MERCH300294,purchase,55.26,mobile,2024-03-15 19:59:45,approved,False
TXN20240315005133,ACCT202449,MERCH300099,purchase,61.66,mobile,2024-03-15 14:25:02,approved,False
TXN20240315005134,ACCT201494,MERCH300048,purchase,16.77,in_person,2024-03-15 04:51:22,approved,False
TXN20240315005135,ACCT201459,MERCH300143,purchase,31.72,in_person,2024-03-15 08:07:30,approved,False
TXN20240315005136,ACCT204601,MERCH300219,purchase,17.77,web,2024-03-15 07:07:00,approved,False
TXN20240315005137,ACCT200349,MERCH300174,purchase,18.07,web,2024-03-15 14:01:51,approved,False
TXN20240315005138,ACCT205219,MERCH300221,transfer,181.26,atm,2024-03-15 20:09:53,approved,False
TXN20240315005139,ACCT200174,MERCH300219,purchase,38.08,mobile,2024-03-15 22:09:53,approved,False
TXN20240315005140,ACCT205695,MERCH300230,deposit,151.94,mobile,2024-03-15 04:05:58,approved,False
TXN20240315005141,ACCT206020,MERCH300186,withdrawal,4.92,web,2024-03-15 14:30:48,approved,False
TXN20240315005142,ACCT201691,MERCH300051,purchase,29.21,in_person,2024-03-15 17:54:22,approved,False
TXN20240315005143,ACCT201000,MERCH300189,transfer,90.85,web,2024-03-15 01:17:39,approved,False
TXN20240315005144,ACCT204580,MERCH300233,purchase,52.44,in_person,2024-03-15 09:48:04,declined,False
TXN20240315005145,ACCT203796,MERCH300000,purchase,117.72,mobile,2024-03-15 09:03:00,approved,False
TXN20240315005146,ACCT206461,MERCH300295,purchase,17.23,in_person,2024-03-15 15:02:47,approved,False
TXN20240315005147,ACCT202765,MERCH300263,purchase,57.37,web,2024-03-15 03:20:42,approved,False
TXN20240315005148,ACCT205100,MERCH300087,transfer,22.83,in_person,2024-03-15 17:51:39,approved,False
TXN20240315005149,ACCT203598,MERCH300008,withdrawal,25.72,web,2024-03-15 15:59:57,approved,False
TXN20240315005150,ACCT203094,MERCH300129,withdrawal,20.67,atm,2024-03-15 15:19:07,approved,False
TXN20240315005151,ACCT204559,MERCH300049,withdrawal,53.94,in_person,2024-03-15 07:52:18,approved,False
TXN20240315005152,ACCT204803,MERCH300051,purchase,20.57,web,2024-03-15 12:14:56,approved,False
TXN20240315005153,ACCT201119,MERCH300147,purchase,63.42,web,2024-03-15 12:25:12,approved,False
TXN20240315005154,ACCT201905,MERCH300006,deposit,13.91,mobile,2024-03-15 04:18:23,approved,False
TXN20240315005155,ACCT203697,MERCH300171,purchase,21.57,atm,2024-03-15 03:20:41,approved,False
TXN20240315005156,ACCT205107,MERCH300244,deposit,34.55,in_person,2024-03-15 10:59:59,approved,True
TXN20240315005157,ACCT204184,MERCH300141,withdrawal,16.85,in_person,2024-03-15 04:36:00,approved,False
TXN20240315005158,ACCT200604,MERCH300012,deposit,84.84,in_person,2024-03-15 12:12:37,declined,False
TXN20240315005159,ACCT206433,MERCH300234,purchase,9.97,in_person,2024-03-15 11:03:29,approved,False
TXN20240315005160,ACCT200371,MERCH300221,transfer,13.25,mobile,2024-03-15 18:37:23,declined,False
TXN20240315005161,ACCT205511,MERCH300032,deposit,12.68,mobile,2024-03-15 23:45:29,approved,False
TXN20240315005162,ACCT200676,MERCH300063,purchase,85.22,web,2024-03-15 14:57:55,approved,False
TXN20240315005163,ACCT204729,MERCH300059,transfer,54.76,web,2024-03-15 05:38:17,declined,False
TXN20240315005164,ACCT201423,MERCH300279,purchase,49.13,in_person,2024-03-15 10:07:20,approved,False
TXN20240315005165,ACCT202420,MERCH300118,deposit,46.32,in_person,2024-03-15 02:51:47,approved,False
TXN20240315005166,ACCT206461,MERCH300237,purchase,14.99,atm,2024-03-15 22:46:02,approved,False
TXN20240315005167,ACCT204488,MERCH300139,purchase,45.56,mobile,2024-03-15 18:07:27,approved,False
TXN20240315005168,ACCT202822,MERCH300298,deposit,192.07,mobile,2024-03-15 01:19:36,approved,False
TXN20240315005169,ACCT201870,MERCH300081,withdrawal,42.45,web,2024-03-15 07:29:42,reversed,False
TXN20240315005170,ACCT203338,MERCH300061,purchase,4.19,web,2024-03-15 07:20:23,approved,False
TXN20240315005171,ACCT205488,MERCH300252,purchase,60.91,in_person,2024-03-15 12:08:18,approved,False
TXN20240315005172,ACCT205620,MERCH300150,deposit,51.57,web,2024-03-15 12:36:43,approved,False
TXN20240315005173,ACCT203029,MERCH300034,transfer,62.06,in_person,2024-03-15 12:35:04,approved,False
TXN20240315005174,ACCT202967,MERCH300150,purchase,21.36,mobile,2024-03-15 23:17:42,approved,False
TXN20240315005175,ACCT206359,MERCH300257,purchase,19.49,in_person,2024-03-15 15:16:59,approved,False
TXN20240315005176,ACCT204167,MERCH300188,transfer,55.58,in_person,2024-03-15 18:49:49,approved,False
TXN20240315005177,ACCT203327,MERCH300070,deposit,1110.86,in_person,2024-03-15 05:57:10,approved,False
TXN20240315005178,ACCT200678,MERCH300247,purchase,17.48,mobile,2024-03-15 03:27:52,approved,False
TXN20240315005179,ACCT202878,MERCH300139,purchase,102.47,mobile,2024-03-15 18:41:06,approved,False
TXN20240315005180,ACCT205678,MERCH300007,purchase,31.81,in_person,2024-03-15 06:18:19,approved,False
TXN20240315005181,ACCT203361,MERCH300113,purchase,16.33,in_person,2024-03-15 19:20:10,approved,False
TXN20240315005182,ACCT200204,MERCH300195,purchase,50.67,mobile,2024-03-15 02:24:12,approved,False
TXN20240315005183,ACCT206238,MERCH300294,withdrawal,19.73,atm,2024-03-15 12:11:30,approved,False
TXN20240315005184,ACCT201871,MERCH300268,withdrawal,7.61,web,2024-03-15 05:34:57,approved,False
TXN20240315005185,ACCT202691,MERCH300184,purchase,18.99,web,2024-03-15 12:44:03,approved,False
TXN20240315005186,ACCT200713,MERCH300090,purchase,52.95,in_person,2024-03-15 09:52:06,approved,False
TXN20240315005187,ACCT203127,MERCH300210,transfer,13.12,mobile,2024-03-15 12:16:36,approved,False
TXN20240315005188,ACCT202142,MERCH300290,transfer,65.58,in_person,2024-03-15 22:31:27,approved,False
TXN20240315005189,ACCT202432,MERCH300224,purchase,51.97,in_person,2024-03-15 18:15:38,approved,False
TXN20240315005190,ACCT205482,MERCH300098,deposit,41.58,web,2024-03-15 13:16:30,approved,False
TXN20240315005191,ACCT200530,MERCH300240,withdrawal,206.85,in_person,2024-03-15 04:43:22,approved,False
TXN20240315005192,ACCT202691,MERCH300131,purchase,30.6,in_person,2024-03-15 11:00:18,approved,False
TXN20240315005193,ACCT203042,MERCH300000,purchase,20.05,in_person,2024-03-15 07:16:01,approved,False
TXN20240315005194,ACCT200401,MERCH300084,purchase,46.56,mobile,2024-03-15 14:37:54,approved,False
TXN20240315005195,ACCT206019,MERCH300042,purchase,153.71,web,2024-03-15 02:08:50,approved,False
TXN20240315005196,ACCT201107,MERCH300074,deposit,144.05,mobile,2024-03-15 04:33:48,approved,False
TXN20240315005197,ACCT203000,MERCH300209,purchase,39.72,mobile,2024-03-15 13:22:39,approved,False
TXN20240315005198,ACCT201510,MERCH300014,withdrawal,11.69,atm,2024-03-15 03:59:28,approved,False
TXN20240315005199,ACCT202335,MERCH300209,purchase,27.72,in_person,2024-03-15 03:02:39,approved,False
TXN20240315005200,ACCT205221,MERCH300066,purchase,53.96,in_person,2024-03-15 00:00:49,approved,False
TXN20240315005201,ACCT202129,MERCH300293,purchase,20.51,web,2024-03-15 21:18:53,approved,False
TXN20240315005202,ACCT204286,MERCH300116,purchase,15.07,web,2024-03-15 11:15:35,reversed,False
TXN20240315005203,ACCT202434,MERCH300240,deposit,208.57,in_person,2024-03-15 13:43:21,approved,False
TXN20240315005204,ACCT205467,MERCH300275,deposit,52.53,mobile,2024-03-15 22:43:19,declined,False
TXN20240315005205,ACCT200058,MERCH300252,purchase,15.19,atm,2024-03-15 23:47:01,approved,False
TXN20240315005206,ACCT204030,MERCH300231,purchase,31.1,web,2024-03-15 10:24:25,approved,False
TXN20240315005207,ACCT205587,MERCH300163,purchase,257.67,in_person,2024-03-15 23:41:15,approved,False
TXN20240315005208,ACCT200738,MERCH300274,purchase,5.22,atm,2024-03-15 05:39:56,approved,False
TXN20240315005209,ACCT200224,MERCH300142,withdrawal,51.46,in_person,2024-03-15 22:41:53,approved,False
TXN20240315005210,ACCT202381,MERCH300194,transfer,12.83,in_person,2024-03-15 19:10:19,approved,False
TXN20240315005211,ACCT202401,MERCH300088,purchase,13.21,in_person,2024-03-15 20:10:42,approved,False
TXN20240315005212,ACCT204952,MERCH300165,transfer,65.3,web,2024-03-15 04:49:33,approved,False
TXN20240315005213,ACCT202671,MERCH300209,purchase,66.43,in_person,2024-03-15 18:20:29,approved,False
TXN20240315005214,ACCT200465,MERCH300225,purchase,24.7,web,2024-03-15 13:47:12,approved,False
TXN20240315005215,ACCT203788,MERCH300089,transfer,21.35,web,2024-03-15 00:34:42,approved,False
TXN20240315005216,ACCT203994,MERCH300007,purchase,42.78,in_person,2024-03-15 04:03:30,approved,False
TXN20240315005217,ACCT201023,MERCH300195,purchase,24.93,web,2024-03-15 00:58:36,approved,False
TXN20240315005218,ACCT203782,MERCH300239,purchase,24.11,in_person,2024-03-15 09:02:34,approved,False
TXN20240315005219,ACCT205195,MERCH300018,deposit,54.9,web,2024-03-15 02:53:24,approved,False
TXN20240315005220,ACCT203162,MERCH300015,purchase,201.12,in_person,2024-03-15 02:49:30,approved,False
TXN20240315005221,ACCT201431,MERCH300270,purchase,30.2,web,2024-03-15 18:31:12,approved,False
TXN20240315005222,ACCT201337,MERCH300152,transfer,108.11,mobile,2024-03-15 00:39:46,approved,False
TXN20240315005223,ACCT205315,MERCH300243,purchase,31.03,mobile,2024-03-15 22:12:14,approved,False
TXN20240315005224,ACCT202719,MERCH300155,purchase,73.06,in_person,2024-03-15 11:55:11,approved,False
TXN20240315005225,ACCT202633,MERCH300298,purchase,8.12,in_person,2024-03-15 02:55:03,approved,False
TXN20240315005226,ACCT201996,MERCH300218,purchase,82.3,web,2024-03-15 08:48:58,approved,False
TXN20240315005227,ACCT206184,MERCH300064,purchase,35.0,web,2024-03-15 01:21:07,approved,True
TXN20240315005228,ACCT200178,MERCH300182,deposit,17.04,mobile,2024-03-15 08:48:19,approved,False
TXN20240315005229,ACCT200488,MERCH300217,deposit,22.7,in_person,2024-03-15 20:37:05,approved,False
TXN20240315005230,ACCT203428,MERCH300053,transfer,144.5,in_person,2024-03-15 23:19:59,approved,False
TXN20240315005231,ACCT200191,MERCH300102,deposit,23.94,mobile,2024-03-15 13:19:44,approved,False
TXN20240315005232,ACCT205852,MERCH300079,deposit,55.89,in_person,2024-03-15 19:28:37,approved,False
TXN20240315005233,ACCT206463,MERCH300184,purchase,153.3,in_person,2024-03-15 18:34:33,declined,False
TXN20240315005234,ACCT201925,MERCH300077,purchase,72.98,web,2024-03-15 10:47:25,approved,False
TXN20240315005235,ACCT200175,MERCH300149,purchase,58.87,in_person,2024-03-15 14:54:44,approved,False
TXN20240315005236,ACCT205221,MERCH300048,purchase,78.74,mobile,2024-03-15 19:51:36,declined,False
TXN20240315005237,ACCT202700,MERCH300057,purchase,52.44,in_person,2024-03-15 18:58:35,approved,False
TXN20240315005238,ACCT206065,MERCH300234,deposit,82.64,mobile,2024-03-15 16:49:06,approved,False
TXN20240315005239,ACCT206376,MERCH300122,deposit,143.44,atm,2024-03-15 17:30:56,approved,False
TXN20240315005240,ACCT200926,MERCH300020,transfer,155.61,in_person,2024-03-15 23:34:59,approved,False
TXN20240315005241,ACCT202744,MERCH300112,withdrawal,36.9,web,2024-03-15 11:52:20,approved,False
TXN20240315005242,ACCT205313,MERCH300081,purchase,22.67,web,2024-03-15 21:30:54,declined,False
TXN20240315005243,ACCT204932,MERCH300089,purchase,58.48,web,2024-03-15 18:09:10,approved,False
TXN20240315005244,ACCT203703,MERCH300128,purchase,12.81,in_person,2024-03-15 09:21:23,approved,False
TXN20240315005245,ACCT202974,MERCH300248,deposit,96.66,web,2024-03-15 18:18:51,declined,False
TXN20240315005246,ACCT201536,MERCH300202,transfer,46.3,in_person,2024-03-15 22:37:07,approved,False
TXN20240315005247,ACCT205542,MERCH300120,purchase,87.32,in_person,2024-03-15 11:29:50,approved,False
TXN20240315005248,ACCT204039,MERCH300209,purchase,8.47,atm,2024-03-15 00:08:49,approved,False
TXN20240315005249,ACCT206445,MERCH300155,purchase,55.01,web,2024-03-15 14:47:35,approved,False
TXN20240315005250,ACCT202810,MERCH300193,purchase,66.65,in_person,2024-03-15 21:43:18,approved,False
TXN20240315005251,ACCT201818,MERCH300024,deposit,56.05,mobile,2024-03-15 13:31:51,approved,False
TXN20240315005252,ACCT206022,MERCH300195,transfer,25.87,atm,2024-03-15 04:18:09,approved,False
TXN20240315005253,ACCT204357,MERCH300164,transfer,6.6,atm,2024-03-15 03:27:33,approved,False
TXN20240315005254,ACCT202679,MERCH300227,transfer,28.77,web,2024-03-15 09:31:55,approved,False
TXN20240315005255,ACCT203185,MERCH300107,purchase,24.15,in_person,2024-03-15 00:20:09,approved,False
TXN20240315005256,ACCT202651,MERCH300205,purchase,12.04,in_person,2024-03-15 13:13:14,approved,False
TXN20240315005257,ACCT203733,MERCH300279,purchase,26.58,in_person,2024-03-15 21:34:58,approved,False
TXN20240315005258,ACCT203929,MERCH300109,purchase,68.88,in_person,2024-03-15 22:14:11,approved,False
TXN20240315005259,ACCT205138,MERCH300148,purchase,12.57,web,2024-03-15 19:47:08,approved,False
TXN20240315005260,ACCT202077,MERCH300263,transfer,6.45,in_person,2024-03-15 14:03:52,approved,False
TXN20240315005261,ACCT202525,MERCH300003,purchase,30.5,in_person,2024-03-15 21:19:29,approved,False
TXN20240315005262,ACCT200453,MERCH300106,transfer,27.55,mobile,2024-03-15 10:22:25,approved,False
TXN20240315005263,ACCT205677,MERCH300287,withdrawal,55.56,web,2024-03-15 03:28:34,approved,False
TXN20240315005264,ACCT205595,MERCH300257,purchase,25.33,mobile,2024-03-15 06:09:32,approved,False
TXN20240315005265,ACCT201785,MERCH300155,purchase,11.07,web,2024-03-15 20:11:28,reversed,False
TXN20240315005266,ACCT206095,MERCH300171,purchase,61.4,in_person,2024-03-15 06:44:34,approved,False
TXN20240315005267,ACCT203897,MERCH300055,purchase,61.4,in_person,2024-03-15 03:43:10,approved,False
TXN20240315005268,ACCT205393,MERCH300183,transfer,95.55,atm,2024-03-15 03:25:48,approved,False
TXN20240315005269,ACCT205591,MERCH300023,transfer,19.8,in_person,2024-03-15 06:05:11,approved,False
TXN20240315005270,ACCT205760,MERCH300249,purchase,24.61,web,2024-03-15 18:16:23,approved,False
TXN20240315005271,ACCT204649,MERCH300138,purchase,12.98,in_person,2024-03-15 16:56:18,approved,False
TXN20240315005272,ACCT201021,MERCH300126,purchase,80.91,mobile,2024-03-15 12:12:26,approved,False
TXN20240315005273,ACCT205374,MERCH300065,withdrawal,68.42,in_person,2024-03-15 02:28:33,approved,False
TXN20240315005274,ACCT202900,MERCH300135,withdrawal,37.96,mobile,2024-03-15 11:34:14,approved,False
TXN20240315005275,ACCT202883,MERCH300144,deposit,64.55,web,2024-03-15 04:05:50,approved,False
TXN20240315005276,ACCT205469,MERCH300093,purchase,41.45,mobile,2024-03-15 08:29:46,approved,False
TXN20240315005277,ACCT201302,MERCH300194,withdrawal,7.9,atm,2024-03-15 20:04:40,approved,False
TXN20240315005278,ACCT204378,MERCH300271,transfer,12.3,mobile,2024-03-15 01:58:43,approved,False
TXN20240315005279,ACCT200571,MERCH300205,purchase,25.34,mobile,2024-03-15 03:26:27,approved,False
TXN20240315005280,ACCT203649,MERCH300128,purchase,7.12,mobile,2024-03-15 16:14:21,approved,False
TXN20240315005281,ACCT203159,MERCH300236,transfer,33.95,atm,2024-03-15 16:29:58,approved,False
TXN20240315005282,ACCT204334,MERCH300055,deposit,17.4,web,2024-03-15 02:27:06,approved,False
TXN20240315005283,ACCT204905,MERCH300020,purchase,32.09,in_person,2024-03-15 09:33:25,approved,False
TXN20240315005284,ACCT202038,MERCH300145,purchase,11.88,mobile,2024-03-15 03:30:20,approved,False
TXN20240315005285,ACCT206068,MERCH300047,purchase,45.62,mobile,2024-03-15 21:26:59,approved,False
TXN20240315005286,ACCT205566,MERCH300277,purchase,21.64,web,2024-03-15 11:51:38,approved,False
TXN20240315005287,ACCT201078,MERCH300219,purchase,42.52,in_person,2024-03-15 17:58:31,approved,False
TXN20240315005288,ACCT204243,MERCH300138,withdrawal,15.38,web,2024-03-15 09:07:10,approved,False
TXN20240315005289,ACCT201507,MERCH300038,purchase,46.72,mobile,2024-03-15 06:49:38,approved,False
TXN20240315005290,ACCT204117,MERCH300055,purchase,32.05,web,2024-03-15 05:02:59,approved,False
TXN20240315005291,ACCT204357,MERCH300150,purchase,16.3,in_person,2024-03-15 13:09:50,approved,False
TXN20240315005292,ACCT203345,MERCH300020,transfer,341.59,web,2024-03-15 19:23:01,approved,False
TXN20240315005293,ACCT202951,MERCH300102,purchase,42.19,in_person,2024-03-15 10:47:57,approved,False
TXN20240315005294,ACCT205991,MERCH300118,deposit,23.47,atm,2024-03-15 05:45:25,approved,False
TXN20240315005295,ACCT203450,MERCH300230,purchase,17.97,web,2024-03-15 21:08:58,approved,False
TXN20240315005296,ACCT205008,MERCH300149,purchase,35.14,mobile,2024-03-15 17:25:50,approved,False
TXN20240315005297,ACCT204872,MERCH300164,withdrawal,69.87,web,2024-03-15 09:56:40,approved,False
TXN20240315005298,ACCT204467,MERCH300277,purchase,31.5,web,2024-03-15 08:40:09,approved,False
TXN20240315005299,ACCT200619,MERCH300036,purchase,10.41,web,2024-03-15 11:12:18,approved,False
TXN20240315005300,ACCT205147,MERCH300283,purchase,1.47,web,2024-03-15 07:10:27,approved,False
TXN20240315005301,ACCT203674,MERCH300208,withdrawal,33.34,mobile,2024-03-15 18:50:06,approved,False
TXN20240315005302,ACCT204260,MERCH300066,purchase,13.14,atm,2024-03-15 00:42:02,approved,False
TXN20240315005303,ACCT203900,MERCH300151,transfer,6.13,mobile,2024-03-15 13:28:37,approved,False
TXN20240315005304,ACCT203337,MERCH300214,purchase,16.93,in_person,2024-03-15 00:35:58,approved,False
TXN20240315005305,ACCT203649,MERCH300191,purchase,7.31,web,2024-03-15 06:17:48,approved,False
TXN20240315005306,ACCT203536,MERCH300240,purchase,209.1,mobile,2024-03-15 08:11:23,approved,False
TXN20240315005307,ACCT200413,MERCH300298,purchase,65.28,in_person,2024-03-15 10:55:28,approved,False
TXN20240315005308,ACCT203857,MERCH300260,purchase,114.47,in_person,2024-03-15 00:48:13,approved,False
TXN20240315005309,ACCT206290,MERCH300190,purchase,96.24,web,2024-03-15 22:35:56,approved,False
TXN20240315005310,ACCT203484,MERCH300280,deposit,24.89,web,2024-03-15 01:44:18,approved,False
TXN20240315005311,ACCT205085,MERCH300214,purchase,9.7,atm,2024-03-15 04:17:24,approved,False
TXN20240315005312,ACCT202819,MERCH300198,withdrawal,69.36,mobile,2024-03-15 11:33:46,approved,False
TXN20240315005313,ACCT204278,MERCH300174,deposit,49.17,web,2024-03-15 21:54:24,approved,False
TXN20240315005314,ACCT203285,MERCH300048,purchase,51.22,in_person,2024-03-15 22:42:13,approved,False
TXN20240315005315,ACCT202064,MERCH300235,purchase,50.92,atm,2024-03-15 23:36:30,approved,False
TXN20240315005316,ACCT200998,MERCH300290,purchase,34.67,web,2024-03-15 02:12:59,reversed,False
TXN20240315005317,ACCT205902,MERCH300031,transfer,85.97,mobile,2024-03-15 20:34:35,approved,False
TXN20240315005318,ACCT203393,MERCH300184,withdrawal,38.11,mobile,2024-03-15 01:47:09,approved,False
TXN20240315005319,ACCT205703,MERCH300154,withdrawal,110.26,atm,2024-03-15 04:16:58,approved,False
TXN20240315005320,ACCT203608,MERCH300040,deposit,40.07,web,2024-03-15 15:27:04,approved,False
TXN20240315005321,ACCT205922,MERCH300016,deposit,16.42,atm,2024-03-15 20:38:18,approved,False
TXN20240315005322,ACCT201927,MERCH300018,transfer,23.23,in_person,2024-03-15 07:29:21,approved,False
TXN20240315005323,ACCT200021,MERCH300174,purchase,142.73,in_person,2024-03-15 19:17:30,approved,False
TXN20240315005324,ACCT202974,MERCH300061,purchase,168.12,mobile,2024-03-15 01:13:38,approved,False
TXN20240315005325,ACCT200217,MERCH300120,purchase,8.8,web,2024-03-15 16:06:56,approved,False
TXN20240315005326,ACCT202138,MERCH300198,purchase,82.81,in_person,2024-03-15 18:08:55,approved,False
TXN20240315005327,ACCT204410,MERCH300002,deposit,260.45,in_person,2024-03-15 22:44:30,approved,False
TXN20240315005328,ACCT205593,MERCH300047,purchase,19.02,mobile,2024-03-15 06:03:24,approved,False
TXN20240315005329,ACCT204024,MERCH300234,purchase,34.73,in_person,2024-03-15 20:31:23,approved,False
TXN20240315005330,ACCT205982,MERCH300298,purchase,162.56,in_person,2024-03-15 00:45:19,approved,False
TXN20240315005331,ACCT206014,MERCH300006,purchase,10.09,web,2024-03-15 16:09:42,approved,False
TXN20240315005332,ACCT203148,MERCH300023,purchase,158.1,mobile,2024-03-15 01:58:10,approved,False
TXN20240315005333,ACCT202426,MERCH300055,transfer,16.79,in_person,2024-03-15 12:35:11,approved,False
TXN20240315005334,ACCT205854,MERCH300039,transfer,18.01,mobile,2024-03-15 12:22:09,approved,False
TXN20240315005335,ACCT201837,MERCH300250,transfer,75.16,atm,2024-03-15 14:04:26,approved,False
TXN20240315005336,ACCT206024,MERCH300041,purchase,12.82,atm,2024-03-15 06:29:49,approved,False
TXN20240315005337,ACCT200669,MERCH300153,transfer,50.67,web,2024-03-15 03:19:45,approved,False
TXN20240315005338,ACCT201668,MERCH300073,withdrawal,46.6,in_person,2024-03-15 22:47:07,approved,False
TXN20240315005339,ACCT205461,MERCH300157,purchase,27.32,mobile,2024-03-15 03:37:10,approved,False
TXN20240315005340,ACCT202987,MERCH300180,purchase,144.55,web,2024-03-15 12:32:48,approved,False
TXN20240315005341,ACCT203813,MERCH300296,purchase,18.37,web,2024-03-15 00:54:46,approved,False
TXN20240315005342,ACCT204771,MERCH300185,purchase,10.57,mobile,2024-03-15 19:09:23,approved,False
TXN20240315005343,ACCT200174,MERCH300228,purchase,16.12,web,2024-03-15 04:21:29,approved,False
TXN20240315005344,ACCT202125,MERCH300114,withdrawal,46.53,in_person,2024-03-15 06:34:27,approved,False
TXN20240315005345,ACCT204719,MERCH300039,purchase,9.75,mobile,2024-03-15 08:43:31,approved,False
TXN20240315005346,ACCT200900,MERCH300192,deposit,15.02,web,2024-03-15 10:55:38,approved,False
TXN20240315005347,ACCT200736,MERCH300195,purchase,6.36,web,2024-03-15 21:45:23,approved,False
TXN20240315005348,ACCT205345,MERCH300040,purchase,16.68,web,2024-03-15 04:21:51,approved,True
TXN20240315005349,ACCT203457,MERCH300023,purchase,21.68,mobile,2024-03-15 13:05:36,approved,False
TXN20240315005350,ACCT204936,MERCH300178,purchase,34.82,web,2024-03-15 19:16:07,approved,False
TXN20240315005351,ACCT203911,MERCH300246,withdrawal,50.23,mobile,2024-03-15 03:27:52,approved,False
TXN20240315005352,ACCT204274,MERCH300175,transfer,131.28,in_person,2024-03-15 19:05:04,approved,False
TXN20240315005353,ACCT204423,MERCH300175,purchase,67.14,in_person,2024-03-15 22:26:36,approved,False
TXN20240315005354,ACCT201693,MERCH300042,purchase,171.71,in_person,2024-03-15 11:36:58,approved,True
TXN20240315005355,ACCT206231,MERCH300147,purchase,15.82,mobile,2024-03-15 02:36:53,approved,False
TXN20240315005356,ACCT200443,MERCH300290,purchase,58.53,web,2024-03-15 16:40:54,approved,False
TXN20240315005357,ACCT200811,MERCH300099,purchase,43.0,web,2024-03-15 21:27:46,approved,False
TXN20240315005358,ACCT203277,MERCH300127,transfer,4.25,mobile,2024-03-15 09:01:23,approved,False
TXN20240315005359,ACCT200495,MERCH300100,purchase,15.55,web,2024-03-15 17:58:28,approved,False
TXN20240315005360,ACCT205668,MERCH300275,purchase,6.13,mobile,2024-03-15 15:10:16,approved,False
TXN20240315005361,ACCT204390,MERCH300069,transfer,16.08,mobile,2024-03-15 08:20:53,approved,False
TXN20240315005362,ACCT200814,MERCH300078,deposit,41.64,web,2024-03-15 15:21:50,approved,False
TXN20240315005363,ACCT204211,MERCH300069,transfer,26.6,in_person,2024-03-15 18:42:59,approved,False
TXN20240315005364,ACCT205777,MERCH300027,purchase,84.46,in_person,2024-03-15 03:44:47,approved,False
TXN20240315005365,ACCT201580,MERCH300287,purchase,170.15,in_person,2024-03-15 23:31:01,declined,False
TXN20240315005366,ACCT204269,MERCH300046,transfer,42.1,web,2024-03-15 07:47:43,approved,False
TXN20240315005367,ACCT202777,MERCH300251,purchase,36.91,in_person,2024-03-15 08:17:37,approved,False
TXN20240315005368,ACCT200551,MERCH300175,purchase,80.64,in_person,2024-03-15 03:45:48,approved,False
TXN20240315005369,ACCT201805,MERCH300242,purchase,37.51,mobile,2024-03-15 09:10:42,approved,False
TXN20240315005370,ACCT202741,MERCH300240,purchase,31.46,mobile,2024-03-15 14:31:46,approved,False
TXN20240315005371,ACCT205831,MERCH300019,deposit,44.06,web,2024-03-15 08:43:10,approved,False
TXN20240315005372,ACCT202552,MERCH300118,purchase,10.5,mobile,2024-03-15 22:00:19,approved,False
TXN20240315005373,ACCT203496,MERCH300064,deposit,38.49,in_person,2024-03-15 19:01:47,approved,False
TXN20240315005374,ACCT201708,MERCH300097,purchase,155.82,mobile,2024-03-15 03:48:22,approved,False
TXN20240315005375,ACCT202396,MERCH300256,purchase,9.36,in_person,2024-03-15 09:00:12,approved,False
TXN20240315005376,ACCT204295,MERCH300210,purchase,35.43,in_person,2024-03-15 08:03:31,approved,False
TXN20240315005377,ACCT203902,MERCH300163,transfer,4.18,web,2024-03-15 16:46:57,declined,False
TXN20240315005378,ACCT202468,MERCH300237,purchase,63.12,in_person,2024-03-15 20:47:26,approved,False
TXN20240315005379,ACCT202369,MERCH300052,deposit,31.82,in_person,2024-03-15 10:53:06,approved,False
TXN20240315005380,ACCT203589,MERCH300294,purchase,10.43,in_person,2024-03-15 04:13:27,declined,True
TXN20240315005381,ACCT203094,MERCH300030,purchase,11.58,in_person,2024-03-15 21:10:21,approved,False
TXN20240315005382,ACCT204821,MERCH300052,purchase,34.3,in_person,2024-03-15 22:06:31,approved,False
TXN20240315005383,ACCT203594,MERCH300200,withdrawal,18.34,in_person,2024-03-15 16:45:43,approved,False
TXN20240315005384,ACCT205418,MERCH300190,purchase,16.14,mobile,2024-03-15 17:14:47,approved,False
TXN20240315005385,ACCT202449,MERCH300107,withdrawal,137.79,in_person,2024-03-15 20:36:28,approved,False
TXN20240315005386,ACCT203081,MERCH300257,withdrawal,26.15,in_person,2024-03-15 01:04:16,approved,False
TXN20240315005387,ACCT206217,MERCH300067,withdrawal,89.6,mobile,2024-03-15 03:58:31,approved,False
TXN20240315005388,ACCT204392,MERCH300243,purchase,19.53,atm,2024-03-15 04:43:25,approved,False
TXN20240315005389,ACCT205147,MERCH300013,deposit,8.17,mobile,2024-03-15 21:20:10,approved,False
TXN20240315005390,ACCT204075,MERCH300270,deposit,168.3,atm,2024-03-15 00:51:24,approved,False
TXN20240315005391,ACCT203281,MERCH300019,deposit,47.11,web,2024-03-15 15:23:33,approved,False
TXN20240315005392,ACCT201957,MERCH300016,purchase,23.49,mobile,2024-03-15 04:20:11,approved,False
TXN20240315005393,ACCT205641,MERCH300266,withdrawal,37.08,mobile,2024-03-15 10:26:42,approved,False
TXN20240315005394,ACCT205414,MERCH300158,purchase,12.84,web,2024-03-15 17:29:54,approved,False
TXN20240315005395,ACCT201476,MERCH300088,purchase,64.81,mobile,2024-03-15 05:44:35,approved,False
TXN20240315005396,ACCT203651,MERCH300009,purchase,25.57,in_person,2024-03-15 05:32:35,approved,False
TXN20240315005397,ACCT201219,MERCH300141,deposit,18.51,mobile,2024-03-15 08:16:21,approved,False
TXN20240315005398,ACCT201794,MERCH300037,purchase,85.14,mobile,2024-03-15 02:45:26,approved,False
TXN20240315005399,ACCT202472,MERCH300044,purchase,113.63,in_person,2024-03-15 04:07:13,approved,False
TXN20240315005400,ACCT203740,MERCH300050,purchase,154.36,web,2024-03-15 06:05:32,approved,False
TXN20240315005401,ACCT201149,MERCH300248,withdrawal,60.08,in_person,2024-03-15 21:49:54,approved,False
TXN20240315005402,ACCT204750,MERCH300016,purchase,150.15,mobile,2024-03-15 15:17:47,approved,False
TXN20240315005403,ACCT204718,MERCH300067,purchase,38.28,in_person,2024-03-15 09:05:57,approved,False
TXN20240315005404,ACCT203886,MERCH300146,purchase,20.83,in_person,2024-03-15 10:26:35,approved,False
TXN20240315005405,ACCT203854,MERCH300205,withdrawal,162.13,mobile,2024-03-15 06:39:02,approved,False
TXN20240315005406,ACCT204472,MERCH300092,purchase,21.85,atm,2024-03-15 08:23:30,declined,False
TXN20240315005407,ACCT204891,MERCH300146,transfer,80.52,mobile,2024-03-15 14:21:49,approved,False
TXN20240315005408,ACCT206082,MERCH300192,purchase,24.7,in_person,2024-03-15 21:28:45,approved,False
TXN20240315005409,ACCT202071,MERCH300036,purchase,25.74,web,2024-03-15 21:04:27,declined,False
TXN20240315005410,ACCT203502,MERCH300265,purchase,51.97,atm,2024-03-15 05:22:59,approved,False
TXN20240315005411,ACCT202847,MERCH300146,purchase,12.72,mobile,2024-03-15 15:47:33,approved,False
TXN20240315005412,ACCT204973,MERCH300243,purchase,28.36,in_person,2024-03-15 12:06:05,approved,False
TXN20240315005413,ACCT203713,MERCH300181,purchase,80.53,web,2024-03-15 10:44:59,approved,False
TXN20240315005414,ACCT204595,MERCH300272,purchase,86.88,web,2024-03-15 07:55:37,approved,False
TXN20240315005415,ACCT204028,MERCH300230,purchase,26.2,mobile,2024-03-15 14:32:30,approved,False
TXN20240315005416,ACCT204487,MERCH300180,transfer,55.48,in_person,2024-03-15 03:21:51,declined,False
TXN20240315005417,ACCT201780,MERCH300299,purchase,45.13,web,2024-03-15 02:13:51,approved,False
TXN20240315005418,ACCT203853,MERCH300215,purchase,81.21,web,2024-03-15 14:43:37,approved,False
TXN20240315005419,ACCT203133,MERCH300298,purchase,32.64,web,2024-03-15 13:45:16,approved,False
TXN20240315005420,ACCT200885,MERCH300134,purchase,57.41,in_person,2024-03-15 11:38:56,approved,False
TXN20240315005421,ACCT203047,MERCH300257,purchase,65.38,in_person,2024-03-15 00:06:34,approved,False
TXN20240315005422,ACCT201058,MERCH300268,transfer,59.83,mobile,2024-03-15 05:15:04,approved,False
TXN20240315005423,ACCT200183,MERCH300072,purchase,49.61,in_person,2024-03-15 07:40:31,approved,False
TXN20240315005424,ACCT202234,MERCH300186,purchase,18.27,web,2024-03-15 10:25:25,approved,False
TXN20240315005425,ACCT203901,MERCH300218,purchase,36.54,in_person,2024-03-15 08:02:24,approved,False
TXN20240315005426,ACCT201804,MERCH300127,purchase,19.8,web,2024-03-15 11:54:49,approved,False
TXN20240315005427,ACCT204372,MERCH300240,transfer,32.54,atm,2024-03-15 13:09:23,approved,False
TXN20240315005428,ACCT200548,MERCH300007,purchase,10.3,in_person,2024-03-15 20:52:29,approved,False
TXN20240315005429,ACCT201152,MERCH300192,deposit,197.71,web,2024-03-15 15:07:30,approved,False
TXN20240315005430,ACCT204045,MERCH300174,purchase,20.38,web,2024-03-15 21:06:14,approved,False
TXN20240315005431,ACCT202691,MERCH300208,purchase,32.37,in_person,2024-03-15 16:52:03,approved,False
TXN20240315005432,ACCT201522,MERCH300288,purchase,12.04,web,2024-03-15 14:52:48,approved,False
TXN20240315005433,ACCT205596,MERCH300046,purchase,27.9,mobile,2024-03-15 12:04:07,approved,False
TXN20240315005434,ACCT201142,MERCH300178,purchase,103.23,web,2024-03-15 01:40:44,approved,False
TXN20240315005435,ACCT202424,MERCH300264,purchase,13.59,in_person,2024-03-15 23:02:30,declined,False
TXN20240315005436,ACCT200766,MERCH300146,transfer,21.4,in_person,2024-03-15 21:53:51,approved,False
TXN20240315005437,ACCT202379,MERCH300208,deposit,67.56,in_person,2024-03-15 13:44:27,approved,False
TXN20240315005438,ACCT202406,MERCH300121,purchase,48.3,in_person,2024-03-15 21:47:13,declined,False
TXN20240315005439,ACCT205830,MERCH300226,purchase,110.46,in_person,2024-03-15 10:27:13,approved,False
TXN20240315005440,ACCT202970,MERCH300140,purchase,206.7,mobile,2024-03-15 13:14:59,approved,False
TXN20240315005441,ACCT204829,MERCH300276,purchase,56.27,mobile,2024-03-15 21:46:13,approved,False
TXN20240315005442,ACCT200829,MERCH300068,purchase,86.85,mobile,2024-03-15 08:39:12,approved,False
TXN20240315005443,ACCT204506,MERCH300075,purchase,41.6,atm,2024-03-15 02:42:37,approved,False
TXN20240315005444,ACCT201339,MERCH300138,withdrawal,121.87,in_person,2024-03-15 12:48:41,approved,False
TXN20240315005445,ACCT202530,MERCH300023,deposit,112.58,in_person,2024-03-15 09:17:27,approved,False
TXN20240315005446,ACCT206399,MERCH300231,transfer,31.94,in_person,2024-03-15 11:38:36,approved,False
TXN20240315005447,ACCT204464,MERCH300207,withdrawal,144.99,mobile,2024-03-15 00:00:49,approved,False
TXN20240315005448,ACCT205057,MERCH300208,purchase,30.33,in_person,2024-03-15 12:06:20,approved,False
TXN20240315005449,ACCT200332,MERCH300191,transfer,56.17,web,2024-03-15 17:24:07,approved,False
TXN20240315005450,ACCT202266,MERCH300290,purchase,49.59,web,2024-03-15 09:32:52,approved,False
TXN20240315005451,ACCT204252,MERCH300113,transfer,13.08,in_person,2024-03-15 20:55:10,approved,False
TXN20240315005452,ACCT201979,MERCH300257,purchase,235.3,web,2024-03-15 00:25:04,declined,False
TXN20240315005453,ACCT200377,MERCH300044,purchase,16.26,mobile,2024-03-15 18:09:50,approved,False
TXN20240315005454,ACCT204621,MERCH300022,withdrawal,29.17,in_person,2024-03-15 01:04:32,approved,False
TXN20240315005455,ACCT204346,MERCH300075,purchase,161.94,web,2024-03-15 16:04:49,approved,False
TXN20240315005456,ACCT202777,MERCH300173,purchase,12.28,atm,2024-03-15 03:25:17,approved,False
TXN20240315005457,ACCT202970,MERCH300168,purchase,79.56,mobile,2024-03-15 14:34:02,approved,False
TXN20240315005458,ACCT205675,MERCH300130,purchase,31.23,web,2024-03-15 21:31:28,approved,False
TXN20240315005459,ACCT202266,MERCH300195,purchase,41.85,atm,2024-03-15 04:56:33,approved,False
TXN20240315005460,ACCT203316,MERCH300188,withdrawal,45.84,web,2024-03-15 21:33:12,approved,False
TXN20240315005461,ACCT204467,MERCH300140,purchase,52.02,atm,2024-03-15 06:02:57,declined,False
TXN20240315005462,ACCT205233,MERCH300172,purchase,6.32,in_person,2024-03-15 16:53:09,approved,False
TXN20240315005463,ACCT205557,MERCH300296,purchase,29.45,mobile,2024-03-15 23:26:44,approved,False
TXN20240315005464,ACCT204631,MERCH300245,deposit,16.07,web,2024-03-15 10:03:25,approved,False
TXN20240315005465,ACCT202571,MERCH300233,purchase,61.6,atm,2024-03-15 14:38:14,approved,False
TXN20240315005466,ACCT200824,MERCH300226,withdrawal,18.01,web,2024-03-15 22:13:11,approved,False
TXN20240315005467,ACCT202945,MERCH300067,purchase,5.43,mobile,2024-03-15 09:23:46,approved,False
TXN20240315005468,ACCT205489,MERCH300075,purchase,152.39,mobile,2024-03-15 11:59:24,approved,False
TXN20240315005469,ACCT204132,MERCH300261,purchase,89.38,atm,2024-03-15 01:54:41,approved,False
TXN20240315005470,ACCT202602,MERCH300204,purchase,85.26,mobile,2024-03-15 05:41:14,approved,False
TXN20240315005471,ACCT206294,MERCH300145,purchase,104.89,in_person,2024-03-15 17:39:41,approved,False
TXN20240315005472,ACCT203684,MERCH300076,transfer,89.64,mobile,2024-03-15 19:31:41,approved,False
TXN20240315005473,ACCT206016,MERCH300020,purchase,47.63,atm,2024-03-15 08:58:43,approved,False
TXN20240315005474,ACCT203136,MERCH300175,purchase,239.18,mobile,2024-03-15 08:51:16,approved,False
TXN20240315005475,ACCT203423,MERCH300154,purchase,40.07,in_person,2024-03-15 22:53:26,approved,False
TXN20240315005476,ACCT205352,MERCH300285,purchase,12.68,mobile,2024-03-15 11:04:27,approved,False
TXN20240315005477,ACCT204645,MERCH300220,purchase,130.9,in_person,2024-03-15 07:53:19,approved,False
TXN20240315005478,ACCT206146,MERCH300230,purchase,46.23,in_person,2024-03-15 08:58:19,approved,False
TXN20240315005479,ACCT205221,MERCH300254,purchase,109.85,in_person,2024-03-15 06:55:27,approved,False
TXN20240315005480,ACCT203232,MERCH300035,purchase,9.28,web,2024-03-15 05:59:27,declined,False
TXN20240315005481,ACCT200893,MERCH300289,purchase,251.03,atm,2024-03-15 20:45:52,approved,False
TXN20240315005482,ACCT203590,MERCH300240,purchase,50.65,in_person,2024-03-15 14:28:02,approved,False
TXN20240315005483,ACCT204979,MERCH300004,purchase,55.62,mobile,2024-03-15 05:58:17,approved,False
TXN20240315005484,ACCT203684,MERCH300110,purchase,106.72,in_person,2024-03-15 15:00:16,approved,False
TXN20240315005485,ACCT205615,MERCH300270,purchase,38.19,in_person,2024-03-15 09:55:49,approved,False
TXN20240315005486,ACCT205030,MERCH300146,purchase,44.6,in_person,2024-03-15 20:15:34,approved,False
TXN20240315005487,ACCT205431,MERCH300209,purchase,19.5,mobile,2024-03-15 00:29:51,approved,False
TXN20240315005488,ACCT200490,MERCH300162,purchase,61.29,mobile,2024-03-15 02:48:31,approved,False
TXN20240315005489,ACCT202008,MERCH300178,transfer,13.81,in_person,2024-03-15 01:35:47,approved,False
TXN20240315005490,ACCT205840,MERCH300035,purchase,31.61,in_person,2024-03-15 15:50:25,approved,False
TXN20240315005491,ACCT202152,MERCH300290,withdrawal,98.81,mobile,2024-03-15 11:11:05,approved,False
TXN20240315005492,ACCT204454,MERCH300226,purchase,50.12,mobile,2024-03-15 00:19:51,approved,False
TXN20240315005493,ACCT202187,MERCH300054,deposit,123.7,in_person,2024-03-15 21:54:34,approved,False
TXN20240315005494,ACCT204428,MERCH300276,withdrawal,32.75,in_person,2024-03-15 01:07:19,approved,False
TXN20240315005495,ACCT203635,MERCH300050,transfer,21.22,in_person,2024-03-15 06:04:39,approved,False
TXN20240315005496,ACCT206125,MERCH300245,deposit,40.35,in_person,2024-03-15 22:58:22,approved,False
TXN20240315005497,ACCT202994,MERCH300152,purchase,11.7,web,2024-03-15 11:50:07,approved,False
TXN20240315005498,ACCT200141,MERCH300032,deposit,59.53,web,2024-03-15 12:01:53,approved,False
TXN20240315005499,ACCT203454,MERCH300211,purchase,145.23,mobile,2024-03-15 14:56:50,approved,False
TXN20240315005500,ACCT201521,MERCH300109,withdrawal,89.54,in_person,2024-03-15 14:06:27,approved,False
TXN20240315005501,ACCT206035,MERCH300284,purchase,177.86,in_person,2024-03-15 07:07:45,approved,False
TXN20240315005502,ACCT202772,MERCH300061,withdrawal,30.7,web,2024-03-15 17:43:26,approved,False
TXN20240315005503,ACCT203504,MERCH300195,purchase,7.14,mobile,2024-03-15 22:23:18,approved,False
TXN20240315005504,ACCT205672,MERCH300090,purchase,52.92,mobile,2024-03-15 17:19:58,approved,False
TXN20240315005505,ACCT200137,MERCH300029,purchase,11.8,in_person,2024-03-15 18:27:13,approved,False
TXN20240315005506,ACCT204141,MERCH300048,purchase,103.35,atm,2024-03-15 10:46:13,approved,False
TXN20240315005507,ACCT201975,MERCH300127,transfer,30.09,mobile,2024-03-15 16:35:08,approved,False
TXN20240315005508,ACCT203595,MERCH300109,purchase,107.36,mobile,2024-03-15 09:27:06,approved,False
TXN20240315005509,ACCT200513,MERCH300241,purchase,55.04,in_person,2024-03-15 11:41:37,approved,False
TXN20240315005510,ACCT206197,MERCH300125,purchase,98.54,web,2024-03-15 06:18:29,approved,True
TXN20240315005511,ACCT205305,MERCH300227,purchase,55.47,web,2024-03-15 09:46:29,approved,False
TXN20240315005512,ACCT205688,MERCH300205,purchase,3.5,in_person,2024-03-15 21:18:06,approved,False
TXN20240315005513,ACCT202512,MERCH300143,purchase,21.25,web,2024-03-15 05:13:40,approved,False
TXN20240315005514,ACCT205179,MERCH300294,purchase,25.21,mobile,2024-03-15 14:34:26,approved,False
TXN20240315005515,ACCT205877,MERCH300122,purchase,7.38,web,2024-03-15 02:35:37,approved,False
TXN20240315005516,ACCT205446,MERCH300129,purchase,19.34,web,2024-03-15 03:27:22,approved,False
TXN20240315005517,ACCT200125,MERCH300180,purchase,23.8,in_person,2024-03-15 01:12:00,approved,False
TXN20240315005518,ACCT205115,MERCH300079,deposit,12.87,atm,2024-03-15 04:44:47,approved,False
TXN20240315005519,ACCT200800,MERCH300174,deposit,73.64,in_person,2024-03-15 03:32:44,approved,False
TXN20240315005520,ACCT203526,MERCH300154,transfer,26.73,in_person,2024-03-15 17:38:08,approved,False
TXN20240315005521,ACCT204292,MERCH300077,withdrawal,41.31,atm,2024-03-15 09:28:34,approved,False
TXN20240315005522,ACCT206384,MERCH300182,purchase,47.08,web,2024-03-15 02:12:35,approved,False
TXN20240315005523,ACCT202853,MERCH300082,transfer,13.05,atm,2024-03-15 19:53:41,approved,False
TXN20240315005524,ACCT205868,MERCH300093,transfer,24.55,in_person,2024-03-15 16:59:20,approved,False
TXN20240315005525,ACCT205058,MERCH300277,transfer,96.17,web,2024-03-15 20:03:07,approved,False
TXN20240315005526,ACCT201279,MERCH300254,purchase,29.15,web,2024-03-15 05:08:19,approved,False
TXN20240315005527,ACCT200813,MERCH300040,withdrawal,20.13,mobile,2024-03-15 19:00:38,approved,False
TXN20240315005528,ACCT203436,MERCH300104,purchase,43.0,web,2024-03-15 07:26:40,approved,False
TXN20240315005529,ACCT202180,MERCH300225,purchase,10.33,mobile,2024-03-15 02:22:22,approved,False
TXN20240315005530,ACCT205056,MERCH300107,purchase,77.55,mobile,2024-03-15 03:39:46,approved,False
TXN20240315005531,ACCT205304,MERCH300288,withdrawal,7.42,web,2024-03-15 18:52:15,approved,False
TXN20240315005532,ACCT203163,MERCH300133,withdrawal,25.39,atm,2024-03-15 08:28:17,reversed,False
TXN20240315005533,ACCT204100,MERCH300243,withdrawal,67.78,in_person,2024-03-15 09:32:37,approved,False
TXN20240315005534,ACCT201736,MERCH300016,purchase,42.13,in_person,2024-03-15 08:50:33,approved,False
TXN20240315005535,ACCT203700,MERCH300217,purchase,56.27,web,2024-03-15 16:07:45,approved,False
TXN20240315005536,ACCT206413,MERCH300255,purchase,16.04,in_person,2024-03-15 18:48:21,declined,False
TXN20240315005537,ACCT206421,MERCH300136,transfer,12.79,mobile,2024-03-15 06:23:16,approved,False
TXN20240315005538,ACCT200164,MERCH300244,transfer,62.37,in_person,2024-03-15 13:53:05,approved,False
TXN20240315005539,ACCT204097,MERCH300082,withdrawal,62.25,web,2024-03-15 19:42:06,approved,False
TXN20240315005540,ACCT206186,MERCH300256,purchase,14.34,web,2024-03-15 19:08:10,approved,False
TXN20240315005541,ACCT202911,MERCH300013,purchase,26.74,web,2024-03-15 05:00:48,approved,False
TXN20240315005542,ACCT206362,MERCH300144,purchase,85.45,web,2024-03-15 06:54:48,approved,False
TXN20240315005543,ACCT200821,MERCH300254,transfer,90.9,mobile,2024-03-15 20:02:13,approved,False
TXN20240315005544,ACCT204386,MERCH300009,purchase,9.09,mobile,2024-03-15 00:56:30,approved,False
TXN20240315005545,ACCT203053,MERCH300016,purchase,134.97,mobile,2024-03-15 02:00:21,approved,False
TXN20240315005546,ACCT201764,MERCH300115,purchase,45.89,web,2024-03-15 11:47:01,approved,False
TXN20240315005547,ACCT200176,MERCH300093,transfer,42.21,in_person,2024-03-15 14:52:54,approved,False
TXN20240315005548,ACCT201037,MERCH300103,purchase,37.9,mobile,2024-03-15 20:17:45,approved,False
TXN20240315005549,ACCT205099,MERCH300238,purchase,44.37,web,2024-03-15 13:32:34,approved,False
TXN20240315005550,ACCT204167,MERCH300233,withdrawal,33.14,web,2024-03-15 11:15:43,approved,False
TXN20240315005551,ACCT206345,MERCH300214,deposit,50.8,mobile,2024-03-15 19:20:52,approved,False
TXN20240315005552,ACCT205467,MERCH300160,transfer,17.84,in_person,2024-03-15 18:10:24,approved,False
TXN20240315005553,ACCT206049,MERCH300167,withdrawal,122.45,in_person,2024-03-15 08:33:37,approved,False
TXN20240315005554,ACCT200970,MERCH300159,withdrawal,64.66,mobile,2024-03-15 10:26:52,approved,False
TXN20240315005555,ACCT203714,MERCH300064,purchase,64.57,in_person,2024-03-15 18:04:08,approved,False
TXN20240315005556,ACCT204292,MERCH300161,deposit,37.6,in_person,2024-03-15 06:04:56,approved,False
TXN20240315005557,ACCT204805,MERCH300104,purchase,30.45,in_person,2024-03-15 17:05:59,approved,False
TXN20240315005558,ACCT203059,MERCH300279,withdrawal,102.77,in_person,2024-03-15 20:54:26,approved,False
TXN20240315005559,ACCT202680,MERCH300096,purchase,12.4,atm,2024-03-15 09:18:48,approved,False
TXN20240315005560,ACCT201766,MERCH300163,purchase,27.73,in_person,2024-03-15 12:34:44,approved,False
TXN20240315005561,ACCT200319,MERCH300156,purchase,48.76,web,2024-03-15 14:55:55,approved,False
TXN20240315005562,ACCT203293,MERCH300235,purchase,40.77,in_person,2024-03-15 00:41:28,approved,False
TXN20240315005563,ACCT201307,MERCH300156,purchase,10.3,mobile,2024-03-15 11:41:36,approved,False
TXN20240315005564,ACCT206214,MERCH300022,withdrawal,11.51,in_person,2024-03-15 04:28:51,approved,False
TXN20240315005565,ACCT201576,MERCH300203,purchase,70.38,in_person,2024-03-15 02:07:27,approved,False
TXN20240315005566,ACCT204113,MERCH300277,deposit,82.66,web,2024-03-15 22:59:50,approved,False
TXN20240315005567,ACCT205630,MERCH300268,purchase,59.41,mobile,2024-03-15 22:13:42,approved,False
TXN20240315005568,ACCT204251,MERCH300246,purchase,54.95,atm,2024-03-15 04:33:22,approved,False
TXN20240315005569,ACCT203700,MERCH300120,purchase,44.06,mobile,2024-03-15 04:47:18,approved,False
TXN20240315005570,ACCT200888,MERCH300065,transfer,53.43,web,2024-03-15 05:48:08,reversed,False
TXN20240315005571,ACCT204733,MERCH300164,purchase,29.32,web,2024-03-15 01:17:28,approved,False
TXN20240315005572,ACCT204628,MERCH300175,withdrawal,95.0,mobile,2024-03-15 10:20:57,approved,False
TXN20240315005573,ACCT200666,MERCH300087,purchase,140.55,web,2024-03-15 01:36:04,reversed,False
TXN20240315005574,ACCT206243,MERCH300092,transfer,69.37,in_person,2024-03-15 01:03:54,approved,False
TXN20240315005575,ACCT204671,MERCH300116,purchase,55.98,in_person,2024-03-15 10:29:20,approved,False
TXN20240315005576,ACCT206450,MERCH300040,withdrawal,37.43,mobile,2024-03-15 09:35:28,approved,False
TXN20240315005577,ACCT201138,MERCH300213,purchase,28.9,mobile,2024-03-15 16:11:41,approved,False
TXN20240315005578,ACCT205655,MERCH300012,purchase,21.57,web,2024-03-15 19:45:39,approved,False
TXN20240315005579,ACCT206235,MERCH300244,purchase,5.85,in_person,2024-03-15 11:46:03,approved,False
TXN20240315005580,ACCT201535,MERCH300255,purchase,18.2,atm,2024-03-15 16:35:06,approved,False
TXN20240315005581,ACCT202928,MERCH300097,purchase,125.38,atm,2024-03-15 04:28:05,approved,False
TXN20240315005582,ACCT202067,MERCH300191,purchase,11.1,in_person,2024-03-15 17:43:06,approved,False
TXN20240315005583,ACCT201871,MERCH300033,purchase,36.63,in_person,2024-03-15 17:32:24,approved,False
TXN20240315005584,ACCT202017,MERCH300119,purchase,12.91,web,2024-03-15 09:10:54,approved,False
TXN20240315005585,ACCT203714,MERCH300188,transfer,82.81,in_person,2024-03-15 21:49:32,approved,False
TXN20240315005586,ACCT205471,MERCH300240,purchase,72.76,web,2024-03-15 11:10:11,approved,False
TXN20240315005587,ACCT204536,MERCH300191,purchase,17.75,web,2024-03-15 01:54:09,approved,False
TXN20240315005588,ACCT203882,MERCH300252,purchase,119.76,mobile,2024-03-15 14:54:56,approved,False
TXN20240315005589,ACCT202191,MERCH300213,withdrawal,18.8,mobile,2024-03-15 05:24:43,approved,False
TXN20240315005590,ACCT202702,MERCH300242,transfer,19.31,web,2024-03-15 18:16:59,approved,False
TXN20240315005591,ACCT203434,MERCH300009,purchase,28.4,web,2024-03-15 06:49:47,approved,False
TXN20240315005592,ACCT201291,MERCH300202,purchase,171.92,mobile,2024-03-15 08:49:22,approved,False
TXN20240315005593,ACCT203897,MERCH300042,purchase,32.23,web,2024-03-15 09:35:46,approved,False
TXN20240315005594,ACCT204180,MERCH300139,purchase,36.08,web,2024-03-15 10:14:09,approved,False
TXN20240315005595,ACCT200645,MERCH300261,purchase,66.38,in_person,2024-03-15 20:27:52,approved,False
TXN20240315005596,ACCT200502,MERCH300229,purchase,51.46,web,2024-03-15 11:01:21,approved,False
TXN20240315005597,ACCT202471,MERCH300293,purchase,10.04,web,2024-03-15 07:25:15,declined,False
TXN20240315005598,ACCT204880,MERCH300147,purchase,17.69,mobile,2024-03-15 07:53:16,approved,False
TXN20240315005599,ACCT203674,MERCH300054,purchase,37.77,mobile,2024-03-15 04:18:30,approved,False
TXN20240315005600,ACCT202184,MERCH300056,purchase,73.26,mobile,2024-03-15 01:50:38,approved,False
TXN20240315005601,ACCT205778,MERCH300179,purchase,70.31,web,2024-03-15 20:01:37,approved,False
TXN20240315005602,ACCT200433,MERCH300026,withdrawal,25.55,in_person,2024-03-15 19:26:13,approved,False
TXN20240315005603,ACCT201081,MERCH300199,purchase,19.52,web,2024-03-15 21:44:21,approved,False
TXN20240315005604,ACCT205764,MERCH300146,deposit,62.63,in_person,2024-03-15 15:22:56,approved,False
TXN20240315005605,ACCT201696,MERCH300239,transfer,25.85,in_person,2024-03-15 14:03:43,approved,False
TXN20240315005606,ACCT203143,MERCH300262,purchase,4.34,web,2024-03-15 05:32:21,approved,False
TXN20240315005607,ACCT205192,MERCH300149,purchase,85.51,atm,2024-03-15 00:32:03,approved,False
TXN20240315005608,ACCT201905,MERCH300263,purchase,8.24,web,2024-03-15 07:36:49,approved,False
TXN20240315005609,ACCT206086,MERCH300043,purchase,136.1,mobile,2024-03-15 03:21:53,approved,False
TXN20240315005610,ACCT206410,MERCH300210,purchase,110.97,atm,2024-03-15 01:00:44,approved,False
TXN20240315005611,ACCT200300,MERCH300230,purchase,41.09,in_person,2024-03-15 22:02:11,approved,False
TXN20240315005612,ACCT203100,MERCH300047,purchase,24.98,in_person,2024-03-15 06:53:31,approved,False
TXN20240315005613,ACCT203100,MERCH300062,purchase,78.68,web,2024-03-15 08:25:44,reversed,False
TXN20240315005614,ACCT203582,MERCH300181,transfer,90.01,in_person,2024-03-15 14:46:23,approved,False
TXN20240315005615,ACCT202959,MERCH300144,transfer,12.79,in_person,2024-03-15 08:08:21,approved,False
TXN20240315005616,ACCT204248,MERCH300011,transfer,66.29,in_person,2024-03-15 03:40:16,approved,False
TXN20240315005617,ACCT205369,MERCH300064,purchase,51.65,web,2024-03-15 03:44:39,approved,False
TXN20240315005618,ACCT203568,MERCH300255,purchase,13.37,mobile,2024-03-15 01:54:22,approved,False
TXN20240315005619,ACCT205437,MERCH300072,purchase,26.64,web,2024-03-15 05:46:18,approved,False
TXN20240315005620,ACCT200369,MERCH300263,deposit,35.24,atm,2024-03-15 11:56:08,approved,False
TXN20240315005621,ACCT201366,MERCH300292,withdrawal,180.09,web,2024-03-15 10:19:58,approved,False
TXN20240315005622,ACCT205370,MERCH300105,withdrawal,177.89,in_person,2024-03-15 17:58:42,reversed,False
TXN20240315005623,ACCT202291,MERCH300168,purchase,18.51,mobile,2024-03-15 15:30:28,approved,False
TXN20240315005624,ACCT200877,MERCH300270,transfer,53.23,in_person,2024-03-15 16:37:24,approved,False
TXN20240315005625,ACCT202863,MERCH300078,purchase,72.62,mobile,2024-03-15 06:32:12,approved,False
TXN20240315005626,ACCT206152,MERCH300121,purchase,110.69,web,2024-03-15 16:09:04,approved,False
TXN20240315005627,ACCT205504,MERCH300163,transfer,329.51,mobile,2024-03-15 22:10:59,approved,False
TXN20240315005628,ACCT203865,MERCH300257,transfer,21.22,web,2024-03-15 22:27:40,declined,False
TXN20240315005629,ACCT202087,MERCH300004,purchase,18.12,in_person,2024-03-15 13:45:08,approved,False
TXN20240315005630,ACCT202183,MERCH300012,withdrawal,213.54,mobile,2024-03-15 16:40:47,approved,False
TXN20240315005631,ACCT202045,MERCH300183,purchase,49.26,mobile,2024-03-15 20:24:57,approved,False
TXN20240315005632,ACCT205933,MERCH300141,purchase,26.39,web,2024-03-15 09:38:21,approved,False
TXN20240315005633,ACCT203349,MERCH300249,transfer,112.89,in_person,2024-03-15 22:51:52,approved,False
TXN20240315005634,ACCT202641,MERCH300060,withdrawal,28.41,in_person,2024-03-15 14:08:20,declined,False
TXN20240315005635,ACCT203227,MERCH300169,purchase,8.19,in_person,2024-03-15 12:41:46,declined,False
TXN20240315005636,ACCT204483,MERCH300269,purchase,85.72,in_person,2024-03-15 21:50:33,approved,False
TXN20240315005637,ACCT204704,MERCH300160,purchase,199.8,in_person,2024-03-15 03:36:52,approved,False
TXN20240315005638,ACCT205580,MERCH300267,withdrawal,28.64,web,2024-03-15 08:13:30,approved,False
TXN20240315005639,ACCT204489,MERCH300076,withdrawal,4.59,mobile,2024-03-15 23:45:51,approved,False
TXN20240315005640,ACCT204213,MERCH300084,purchase,16.15,in_person,2024-03-15 18:57:55,approved,False
TXN20240315005641,ACCT202949,MERCH300131,purchase,10.71,in_person,2024-03-15 11:52:46,approved,False
TXN20240315005642,ACCT201477,MERCH300088,purchase,27.37,mobile,2024-03-15 08:56:03,approved,False
TXN20240315005643,ACCT205477,MERCH300012,purchase,11.91,mobile,2024-03-15 15:21:14,approved,False
TXN20240315005644,ACCT202296,MERCH300084,purchase,75.67,in_person,2024-03-15 22:01:46,approved,False
TXN20240315005645,ACCT201929,MERCH300208,purchase,25.89,web,2024-03-15 09:38:07,approved,False
TXN20240315005646,ACCT202569,MERCH300084,purchase,26.68,web,2024-03-15 08:12:02,approved,False
TXN20240315005647,ACCT202405,MERCH300044,purchase,11.47,in_person,2024-03-15 05:46:02,approved,False
TXN20240315005648,ACCT206027,MERCH300268,transfer,54.0,web,2024-03-15 14:48:13,approved,False
TXN20240315005649,ACCT206207,MERCH300111,withdrawal,31.25,atm,2024-03-15 23:38:38,approved,False
TXN20240315005650,ACCT200427,MERCH300188,deposit,21.07,in_person,2024-03-15 13:20:02,approved,False
TXN20240315005651,ACCT202962,MERCH300201,withdrawal,8.1,mobile,2024-03-15 05:13:02,approved,False
TXN20240315005652,ACCT203066,MERCH300275,transfer,47.99,in_person,2024-03-15 20:26:44,approved,False
TXN20240315005653,ACCT203109,MERCH300032,purchase,209.9,atm,2024-03-15 05:34:44,approved,False
TXN20240315005654,ACCT202296,MERCH300157,purchase,117.32,in_person,2024-03-15 18:40:41,approved,False
TXN20240315005655,ACCT200657,MERCH300191,purchase,19.1,mobile,2024-03-15 01:51:54,approved,False
TXN20240315005656,ACCT200255,MERCH300255,withdrawal,62.3,mobile,2024-03-15 01:27:45,approved,False
TXN20240315005657,ACCT204466,MERCH300123,purchase,187.77,in_person,2024-03-15 03:53:34,approved,False
TXN20240315005658,ACCT205781,MERCH300180,transfer,61.91,atm,2024-03-15 18:13:07,approved,True
TXN20240315005659,ACCT205747,MERCH300060,transfer,27.26,in_person,2024-03-15 13:20:03,approved,False
TXN20240315005660,ACCT201131,MERCH300195,purchase,31.54,in_person,2024-03-15 16:13:55,approved,False
TXN20240315005661,ACCT204388,MERCH300238,purchase,81.52,in_person,2024-03-15 17:15:38,approved,False
TXN20240315005662,ACCT203352,MERCH300058,purchase,34.81,atm,2024-03-15 07:40:38,declined,False
TXN20240315005663,ACCT200174,MERCH300009,purchase,50.21,in_person,2024-03-15 12:41:00,approved,False
TXN20240315005664,ACCT200720,MERCH300133,purchase,25.77,web,2024-03-15 09:32:15,approved,False
TXN20240315005665,ACCT204419,MERCH300059,purchase,23.67,web,2024-03-15 21:33:46,approved,False
TXN20240315005666,ACCT201728,MERCH300186,purchase,66.43,mobile,2024-03-15 06:34:12,approved,False
TXN20240315005667,ACCT202387,MERCH300112,purchase,95.54,web,2024-03-15 16:02:06,approved,False
TXN20240315005668,ACCT201390,MERCH300160,purchase,18.81,web,2024-03-15 16:03:31,approved,False
TXN20240315005669,ACCT204325,MERCH300221,transfer,53.31,web,2024-03-15 22:32:09,approved,False
TXN20240315005670,ACCT200195,MERCH300270,purchase,39.42,web,2024-03-15 02:59:10,approved,False
TXN20240315005671,ACCT205005,MERCH300205,purchase,17.71,web,2024-03-15 16:17:37,declined,False
TXN20240315005672,ACCT200912,MERCH300298,purchase,85.98,in_person,2024-03-15 07:19:20,approved,False
TXN20240315005673,ACCT202173,MERCH300175,purchase,18.37,web,2024-03-15 02:21:04,approved,False
TXN20240315005674,ACCT202326,MERCH300137,transfer,144.46,mobile,2024-03-15 16:21:13,approved,False
TXN20240315005675,ACCT202074,MERCH300022,purchase,29.52,in_person,2024-03-15 06:42:39,approved,False
TXN20240315005676,ACCT205681,MERCH300127,deposit,26.52,in_person,2024-03-15 06:11:11,approved,False
TXN20240315005677,ACCT204315,MERCH300183,purchase,11.61,web,2024-03-15 18:39:37,approved,False
TXN20240315005678,ACCT200820,MERCH300201,purchase,4.43,mobile,2024-03-15 16:12:26,approved,False
TXN20240315005679,ACCT204694,MERCH300244,purchase,93.48,atm,2024-03-15 16:28:26,approved,False
TXN20240315005680,ACCT204238,MERCH300233,purchase,96.34,in_person,2024-03-15 18:11:29,approved,False
TXN20240315005681,ACCT200952,MERCH300022,purchase,12.39,web,2024-03-15 10:38:35,approved,False
TXN20240315005682,ACCT203031,MERCH300165,purchase,5.28,atm,2024-03-15 04:13:06,approved,False
TXN20240315005683,ACCT201722,MERCH300219,purchase,11.49,web,2024-03-15 22:19:34,approved,False
TXN20240315005684,ACCT202727,MERCH300085,purchase,21.9,mobile,2024-03-15 21:17:39,approved,False
TXN20240315005685,ACCT203048,MERCH300053,purchase,20.52,mobile,2024-03-15 15:17:46,approved,False
TXN20240315005686,ACCT204046,MERCH300149,withdrawal,81.01,web,2024-03-15 04:50:36,approved,False
TXN20240315005687,ACCT204165,MERCH300035,withdrawal,30.76,mobile,2024-03-15 11:28:42,approved,False
TXN20240315005688,ACCT200173,MERCH300040,deposit,117.41,mobile,2024-03-15 15:05:21,approved,False
TXN20240315005689,ACCT205222,MERCH300299,purchase,441.57,in_person,2024-03-15 10:49:52,approved,False
TXN20240315005690,ACCT204415,MERCH300003,transfer,82.46,web,2024-03-15 20:55:12,approved,False
TXN20240315005691,ACCT202207,MERCH300110,purchase,141.18,in_person,2024-03-15 14:33:11,approved,False
TXN20240315005692,ACCT200093,MERCH300110,purchase,21.22,atm,2024-03-15 05:51:10,approved,False
TXN20240315005693,ACCT202673,MERCH300070,withdrawal,84.66,in_person,2024-03-15 02:00:38,approved,False
TXN20240315005694,ACCT201282,MERCH300259,purchase,10.94,mobile,2024-03-15 05:36:55,approved,False
TXN20240315005695,ACCT202923,MERCH300050,deposit,36.1,mobile,2024-03-15 03:41:14,approved,False
TXN20240315005696,ACCT203895,MERCH300298,purchase,22.0,in_person,2024-03-15 16:18:07,approved,False
TXN20240315005697,ACCT203305,MERCH300261,purchase,100.6,in_person,2024-03-15 11:53:00,approved,False
TXN20240315005698,ACCT201927,MERCH300110,purchase,72.07,web,2024-03-15 18:08:19,declined,True
TXN20240315005699,ACCT202440,MERCH300093,purchase,15.29,in_person,2024-03-15 04:02:33,approved,False
TXN20240315005700,ACCT201839,MERCH300213,transfer,98.06,in_person,2024-03-15 19:54:35,approved,False
TXN20240315005701,ACCT202843,MERCH300042,purchase,4.83,web,2024-03-15 18:10:09,approved,False
TXN20240315005702,ACCT201010,MERCH300026,purchase,46.33,web,2024-03-15 21:12:10,approved,False
TXN20240315005703,ACCT204950,MERCH300158,withdrawal,81.37,in_person,2024-03-15 12:50:24,declined,False
TXN20240315005704,ACCT202244,MERCH300170,purchase,36.43,in_person,2024-03-15 11:56:40,approved,False
TXN20240315005705,ACCT201759,MERCH300197,purchase,31.97,web,2024-03-15 02:41:06,approved,False
TXN20240315005706,ACCT200139,MERCH300072,purchase,55.9,in_person,2024-03-15 16:43:06,approved,False
TXN20240315005707,ACCT204397,MERCH300083,purchase,29.97,web,2024-03-15 06:00:30,approved,False
TXN20240315005708,ACCT206152,MERCH300159,purchase,181.67,in_person,2024-03-15 09:54:35,approved,False
TXN20240315005709,ACCT204967,MERCH300037,purchase,18.32,in_person,2024-03-15 03:45:38,approved,False
TXN20240315005710,ACCT204693,MERCH300041,purchase,47.68,atm,2024-03-15 01:40:26,approved,False
TXN20240315005711,ACCT205389,MERCH300130,purchase,95.35,atm,2024-03-15 06:30:03,declined,False
TXN20240315005712,ACCT206079,MERCH300170,purchase,75.76,mobile,2024-03-15 15:48:08,approved,False
TXN20240315005713,ACCT206224,MERCH300123,purchase,11.58,in_person,2024-03-15 09:38:47,approved,False
TXN20240315005714,ACCT203416,MERCH300278,purchase,37.6,web,2024-03-15 22:19:28,approved,False
TXN20240315005715,ACCT200500,MERCH300060,purchase,11.57,mobile,2024-03-15 04:48:32,approved,False
TXN20240315005716,ACCT201149,MERCH300276,transfer,59.93,mobile,2024-03-15 19:48:07,approved,False
TXN20240315005717,ACCT200045,MERCH300141,purchase,10.07,in_person,2024-03-15 20:22:20,approved,False
TXN20240315005718,ACCT201570,MERCH300084,purchase,70.1,in_person,2024-03-15 17:24:42,approved,False
TXN20240315005719,ACCT201495,MERCH300167,purchase,64.52,web,2024-03-15 03:30:54,approved,False
TXN20240315005720,ACCT201781,MERCH300053,withdrawal,27.44,mobile,2024-03-15 10:50:50,approved,False
TXN20240315005721,ACCT203995,MERCH300189,purchase,50.1,in_person,2024-03-15 09:57:48,approved,False
TXN20240315005722,ACCT203236,MERCH300029,transfer,40.82,in_person,2024-03-15 23:03:56,approved,False
TXN20240315005723,ACCT202175,MERCH300258,purchase,42.75,web,2024-03-15 23:23:31,approved,False
TXN20240315005724,ACCT206380,MERCH300102,purchase,42.97,atm,2024-03-15 15:34:43,approved,False
TXN20240315005725,ACCT204818,MERCH300039,purchase,19.59,web,2024-03-15 07:17:38,approved,False
TXN20240315005726,ACCT201163,MERCH300007,transfer,10.27,web,2024-03-15 06:36:37,approved,False
TXN20240315005727,ACCT201560,MERCH300152,transfer,53.07,in_person,2024-03-15 11:18:22,declined,False
TXN20240315005728,ACCT203732,MERCH300125,withdrawal,10.42,in_person,2024-03-15 21:15:10,approved,False
TXN20240315005729,ACCT205798,MERCH300163,purchase,14.85,in_person,2024-03-15 12:38:40,approved,False
TXN20240315005730,ACCT202117,MERCH300124,purchase,43.74,in_person,2024-03-15 14:49:19,approved,False
TXN20240315005731,ACCT202617,MERCH300094,purchase,23.92,web,2024-03-15 17:21:00,approved,False
TXN20240315005732,ACCT203146,MERCH300233,purchase,34.35,mobile,2024-03-15 21:46:34,approved,False
TXN20240315005733,ACCT205602,MERCH300132,purchase,56.4,atm,2024-03-15 20:15:31,approved,False
TXN20240315005734,ACCT201572,MERCH300145,purchase,127.15,in_person,2024-03-15 08:41:15,approved,False
TXN20240315005735,ACCT201073,MERCH300209,purchase,40.31,mobile,2024-03-15 07:05:35,approved,False
TXN20240315005736,ACCT204224,MERCH300216,purchase,35.03,in_person,2024-03-15 19:26:58,approved,False
TXN20240315005737,ACCT202028,MERCH300198,withdrawal,17.41,in_person,2024-03-15 12:13:54,approved,False
TXN20240315005738,ACCT203000,MERCH300042,transfer,40.35,web,2024-03-15 04:47:07,approved,False
TXN20240315005739,ACCT203388,MERCH300079,withdrawal,36.71,mobile,2024-03-15 22:22:56,approved,False
TXN20240315005740,ACCT200102,MERCH300245,purchase,38.06,atm,2024-03-15 16:42:06,approved,False
TXN20240315005741,ACCT200322,MERCH300178,purchase,50.64,in_person,2024-03-15 20:59:30,approved,False
TXN20240315005742,ACCT200678,MERCH300050,purchase,31.57,web,2024-03-15 15:32:16,approved,False
TXN20240315005743,ACCT201552,MERCH300283,purchase,44.37,web,2024-03-15 02:14:22,declined,False
TXN20240315005744,ACCT202640,MERCH300071,purchase,42.39,web,2024-03-15 09:17:05,approved,False
TXN20240315005745,ACCT204605,MERCH300265,purchase,70.44,atm,2024-03-15 16:55:31,approved,False
TXN20240315005746,ACCT206452,MERCH300071,purchase,84.6,mobile,2024-03-15 12:00:45,approved,False
TXN20240315005747,ACCT201436,MERCH300170,withdrawal,26.35,mobile,2024-03-15 08:10:22,approved,False
TXN20240315005748,ACCT200357,MERCH300053,purchase,48.3,in_person,2024-03-15 01:03:18,approved,False
TXN20240315005749,ACCT202561,MERCH300011,purchase,14.26,mobile,2024-03-15 06:10:44,approved,False
TXN20240315005750,ACCT206332,MERCH300166,purchase,9.25,in_person,2024-03-15 02:38:19,approved,False
TXN20240315005751,ACCT201537,MERCH300043,transfer,17.75,in_person,2024-03-15 04:55:06,approved,False
TXN20240315005752,ACCT201927,MERCH300161,deposit,48.38,in_person,2024-03-15 05:33:32,approved,False
TXN20240315005753,ACCT200377,MERCH300241,transfer,40.06,in_person,2024-03-15 06:39:38,approved,False
TXN20240315005754,ACCT203171,MERCH300147,deposit,47.85,in_person,2024-03-15 23:24:23,approved,False
TXN20240315005755,ACCT204096,MERCH300083,purchase,21.84,mobile,2024-03-15 06:01:46,approved,False
TXN20240315005756,ACCT203126,MERCH300099,deposit,13.54,in_person,2024-03-15 16:57:12,approved,False
TXN20240315005757,ACCT201300,MERCH300036,purchase,24.96,web,2024-03-15 23:29:05,approved,False
TXN20240315005758,ACCT202152,MERCH300112,transfer,100.53,in_person,2024-03-15 09:29:23,approved,False
TXN20240315005759,ACCT202584,MERCH300236,purchase,59.83,mobile,2024-03-15 13:27:29,approved,False
TXN20240315005760,ACCT201847,MERCH300194,purchase,15.49,atm,2024-03-15 05:22:15,approved,False
TXN20240315005761,ACCT204938,MERCH300217,transfer,70.56,mobile,2024-03-15 06:19:50,approved,False
TXN20240315005762,ACCT200401,MERCH300100,purchase,37.49,web,2024-03-15 20:12:27,approved,False
TXN20240315005763,ACCT200468,MERCH300081,purchase,38.69,mobile,2024-03-15 19:13:04,approved,False
TXN20240315005764,ACCT205073,MERCH300245,purchase,100.0,mobile,2024-03-15 12:39:41,approved,False
TXN20240315005765,ACCT202784,MERCH300279,purchase,13.92,web,2024-03-15 02:18:11,approved,False
TXN20240315005766,ACCT206341,MERCH300175,purchase,13.8,web,2024-03-15 22:46:06,approved,False
TXN20240315005767,ACCT204689,MERCH300120,withdrawal,48.22,in_person,2024-03-15 16:14:27,approved,False
TXN20240315005768,ACCT203702,MERCH300262,withdrawal,190.65,web,2024-03-15 17:10:11,approved,False
TXN20240315005769,ACCT203401,MERCH300235,purchase,34.46,mobile,2024-03-15 19:04:36,reversed,False
TXN20240315005770,ACCT200915,MERCH300024,withdrawal,10.75,web,2024-03-15 13:42:03,approved,False
TXN20240315005771,ACCT204139,MERCH300185,transfer,54.05,web,2024-03-15 08:26:32,approved,False
TXN20240315005772,ACCT206420,MERCH300026,purchase,20.45,atm,2024-03-15 10:46:54,approved,False
TXN20240315005773,ACCT200098,MERCH300211,deposit,14.17,in_person,2024-03-15 09:50:16,approved,False
TXN20240315005774,ACCT206293,MERCH300244,purchase,45.7,in_person,2024-03-15 06:04:03,approved,False
TXN20240315005775,ACCT200499,MERCH300119,purchase,26.48,atm,2024-03-15 10:18:47,approved,False
TXN20240315005776,ACCT205140,MERCH300175,purchase,28.11,mobile,2024-03-15 11:24:16,approved,False
TXN20240315005777,ACCT200957,MERCH300145,purchase,26.84,in_person,2024-03-15 23:00:10,approved,False
TXN20240315005778,ACCT204874,MERCH300027,purchase,56.44,in_person,2024-03-15 00:10:41,approved,False
TXN20240315005779,ACCT205187,MERCH300292,purchase,21.46,mobile,2024-03-15 02:46:57,approved,False
TXN20240315005780,ACCT203768,MERCH300261,purchase,72.32,web,2024-03-15 01:47:57,approved,False
TXN20240315005781,ACCT203938,MERCH300024,transfer,12.55,in_person,2024-03-15 22:43:18,approved,True
TXN20240315005782,ACCT203924,MERCH300288,purchase,113.25,in_person,2024-03-15 21:05:48,approved,False
TXN20240315005783,ACCT202297,MERCH300267,deposit,11.53,mobile,2024-03-15 17:20:19,approved,False
TXN20240315005784,ACCT200219,MERCH300077,purchase,9.62,web,2024-03-15 17:33:55,approved,False
TXN20240315005785,ACCT201445,MERCH300284,purchase,34.2,web,2024-03-15 04:48:22,approved,False
TXN20240315005786,ACCT202935,MERCH300068,deposit,16.03,web,2024-03-15 00:24:35,approved,False
TXN20240315005787,ACCT204184,MERCH300012,purchase,12.59,in_person,2024-03-15 06:23:29,approved,False
TXN20240315005788,ACCT203177,MERCH300161,purchase,95.79,web,2024-03-15 00:27:16,approved,False
TXN20240315005789,ACCT203755,MERCH300004,transfer,77.9,in_person,2024-03-15 19:32:54,approved,False
TXN20240315005790,ACCT200884,MERCH300173,purchase,5.63,web,2024-03-15 06:17:46,approved,False
TXN20240315005791,ACCT206183,MERCH300236,purchase,162.72,mobile,2024-03-15 19:58:20,approved,False
TXN20240315005792,ACCT200910,MERCH300297,withdrawal,64.94,atm,2024-03-15 14:24:17,approved,False
TXN20240315005793,ACCT200398,MERCH300073,purchase,69.36,in_person,2024-03-15 19:25:08,approved,False
TXN20240315005794,ACCT203969,MERCH300177,transfer,26.64,in_person,2024-03-15 23:54:07,declined,False
TXN20240315005795,ACCT200584,MERCH300255,withdrawal,94.88,mobile,2024-03-15 01:58:14,approved,False
TXN20240315005796,ACCT201675,MERCH300028,deposit,150.17,in_person,2024-03-15 23:34:23,approved,False
TXN20240315005797,ACCT204460,MERCH300133,transfer,31.74,web,2024-03-15 21:12:36,approved,False
TXN20240315005798,ACCT201630,MERCH300285,transfer,16.03,mobile,2024-03-15 17:46:16,approved,False
TXN20240315005799,ACCT200521,MERCH300254,transfer,41.82,mobile,2024-03-15 02:03:07,approved,False
TXN20240315005800,ACCT201285,MERCH300193,transfer,26.88,in_person,2024-03-15 04:18:13,declined,False
TXN20240315005801,ACCT201136,MERCH300054,purchase,83.0,in_person,2024-03-15 15:18:28,approved,False
TXN20240315005802,ACCT206402,MERCH300188,purchase,24.65,in_person,2024-03-15 11:22:29,approved,False
TXN20240315005803,ACCT201822,MERCH300118,purchase,39.23,web,2024-03-15 15:40:05,declined,False
TXN20240315005804,ACCT204373,MERCH300231,withdrawal,45.4,mobile,2024-03-15 23:46:12,approved,False
TXN20240315005805,ACCT202548,MERCH300077,purchase,15.06,atm,2024-03-15 12:19:06,approved,False
TXN20240315005806,ACCT204099,MERCH300007,purchase,124.18,web,2024-03-15 00:04:40,approved,False
TXN20240315005807,ACCT203860,MERCH300145,withdrawal,61.3,web,2024-03-15 14:23:40,approved,False
TXN20240315005808,ACCT204936,MERCH300147,purchase,64.8,in_person,2024-03-15 12:32:46,approved,False
TXN20240315005809,ACCT205670,MERCH300119,purchase,30.82,in_person,2024-03-15 17:13:41,approved,False
TXN20240315005810,ACCT201584,MERCH300232,purchase,23.13,web,2024-03-15 21:23:37,approved,False
TXN20240315005811,ACCT204023,MERCH300064,withdrawal,57.75,mobile,2024-03-15 19:17:21,approved,False
TXN20240315005812,ACCT200330,MERCH300297,withdrawal,15.48,atm,2024-03-15 16:38:50,approved,False
TXN20240315005813,ACCT206264,MERCH300239,transfer,14.85,in_person,2024-03-15 06:39:40,reversed,False
TXN20240315005814,ACCT205036,MERCH300132,withdrawal,139.88,web,2024-03-15 13:00:04,approved,False
TXN20240315005815,ACCT202886,MERCH300229,purchase,103.85,in_person,2024-03-15 14:19:57,approved,False
TXN20240315005816,ACCT204313,MERCH300273,deposit,16.75,web,2024-03-15 10:48:27,approved,False
TXN20240315005817,ACCT201288,MERCH300234,purchase,3.43,in_person,2024-03-15 14:07:16,approved,False
TXN20240315005818,ACCT206472,MERCH300024,purchase,76.65,in_person,2024-03-15 04:05:35,declined,False
TXN20240315005819,ACCT200307,MERCH300153,purchase,27.82,web,2024-03-15 00:37:09,approved,False
TXN20240315005820,ACCT205936,MERCH300295,purchase,10.65,mobile,2024-03-15 09:48:34,approved,False
TXN20240315005821,ACCT201766,MERCH300040,purchase,18.33,mobile,2024-03-15 01:19:05,approved,False
TXN20240315005822,ACCT200736,MERCH300270,purchase,30.73,mobile,2024-03-15 00:17:05,approved,False
TXN20240315005823,ACCT204299,MERCH300260,purchase,28.27,in_person,2024-03-15 00:20:25,approved,False
TXN20240315005824,ACCT202763,MERCH300119,purchase,95.3,in_person,2024-03-15 19:43:24,approved,False
TXN20240315005825,ACCT203600,MERCH300114,withdrawal,50.66,in_person,2024-03-15 17:23:52,approved,False
TXN20240315005826,ACCT202701,MERCH300240,purchase,35.17,in_person,2024-03-15 21:43:05,approved,False
TXN20240315005827,ACCT200998,MERCH300034,withdrawal,29.47,mobile,2024-03-15 00:14:15,approved,False
TXN20240315005828,ACCT202041,MERCH300094,purchase,213.94,atm,2024-03-15 16:52:57,approved,False
TXN20240315005829,ACCT204486,MERCH300029,purchase,35.97,atm,2024-03-15 13:53:19,approved,False
TXN20240315005830,ACCT203225,MERCH300205,purchase,27.26,web,2024-03-15 07:48:29,approved,False
TXN20240315005831,ACCT200350,MERCH300260,deposit,50.81,mobile,2024-03-15 22:53:20,approved,False
TXN20240315005832,ACCT200823,MERCH300206,purchase,5.82,mobile,2024-03-15 23:03:27,approved,False
TXN20240315005833,ACCT203254,MERCH300050,transfer,69.88,in_person,2024-03-15 11:27:30,approved,False
TXN20240315005834,ACCT205748,MERCH300243,transfer,45.51,in_person,2024-03-15 06:00:52,approved,False
TXN20240315005835,ACCT203878,MERCH300205,transfer,14.78,mobile,2024-03-15 20:35:42,approved,False
TXN20240315005836,ACCT203183,MERCH300254,purchase,30.64,in_person,2024-03-15 14:27:28,approved,False
TXN20240315005837,ACCT200950,MERCH300236,purchase,84.75,atm,2024-03-15 22:03:01,approved,True
TXN20240315005838,ACCT200765,MERCH300059,purchase,14.82,mobile,2024-03-15 09:59:34,approved,False
TXN20240315005839,ACCT202200,MERCH300057,purchase,79.63,in_person,2024-03-15 16:49:40,approved,False
TXN20240315005840,ACCT203806,MERCH300180,transfer,88.29,web,2024-03-15 21:18:10,approved,False
TXN20240315005841,ACCT203548,MERCH300066,purchase,28.36,in_person,2024-03-15 01:15:16,approved,False
TXN20240315005842,ACCT201468,MERCH300014,withdrawal,22.22,mobile,2024-03-15 15:30:25,approved,True
TXN20240315005843,ACCT204773,MERCH300182,purchase,179.9,web,2024-03-15 08:45:51,approved,False
TXN20240315005844,ACCT204064,MERCH300200,purchase,27.6,in_person,2024-03-15 20:38:25,approved,False
TXN20240315005845,ACCT204435,MERCH300043,withdrawal,59.23,in_person,2024-03-15 14:25:00,approved,False
TXN20240315005846,ACCT206134,MERCH300193,purchase,16.0,web,2024-03-15 03:02:34,approved,False
TXN20240315005847,ACCT201695,MERCH300025,purchase,27.23,in_person,2024-03-15 08:38:19,approved,False
TXN20240315005848,ACCT200844,MERCH300271,purchase,21.51,mobile,2024-03-15 18:41:41,approved,False
TXN20240315005849,ACCT202923,MERCH300015,transfer,34.41,in_person,2024-03-15 02:32:07,approved,False
TXN20240315005850,ACCT203779,MERCH300071,purchase,56.99,in_person,2024-03-15 20:00:33,approved,False
TXN20240315005851,ACCT205703,MERCH300190,transfer,51.64,web,2024-03-15 18:31:12,reversed,False
TXN20240315005852,ACCT204833,MERCH300011,purchase,105.33,in_person,2024-03-15 05:05:10,approved,False
TXN20240315005853,ACCT200411,MERCH300120,deposit,130.86,mobile,2024-03-15 05:30:26,approved,False
TXN20240315005854,ACCT203631,MERCH300179,purchase,3.34,atm,2024-03-15 10:21:50,approved,False
TXN20240315005855,ACCT203559,MERCH300183,purchase,33.39,web,2024-03-15 17:26:26,approved,False
TXN20240315005856,ACCT206110,MERCH300006,purchase,220.96,in_person,2024-03-15 23:22:17,approved,False
TXN20240315005857,ACCT204003,MERCH300179,purchase,86.72,in_person,2024-03-15 02:48:20,approved,False
TXN20240315005858,ACCT201143,MERCH300094,purchase,27.66,in_person,2024-03-15 12:51:24,approved,False
TXN20240315005859,ACCT200174,MERCH300249,deposit,47.5,mobile,2024-03-15 04:11:01,approved,False
TXN20240315005860,ACCT202170,MERCH300289,purchase,16.38,in_person,2024-03-15 16:46:38,approved,False
TXN20240315005861,ACCT200828,MERCH300091,deposit,27.06,web,2024-03-15 05:07:48,approved,False
TXN20240315005862,ACCT205578,MERCH300295,purchase,57.58,in_person,2024-03-15 00:07:17,approved,False
TXN20240315005863,ACCT201123,MERCH300005,purchase,42.69,in_person,2024-03-15 01:11:00,approved,False
TXN20240315005864,ACCT201708,MERCH300023,transfer,134.81,atm,2024-03-15 05:22:21,approved,False
TXN20240315005865,ACCT203121,MERCH300033,transfer,39.4,in_person,2024-03-15 05:26:21,approved,False
TXN20240315005866,ACCT202259,MERCH300201,purchase,16.61,mobile,2024-03-15 22:59:54,approved,False
TXN20240315005867,ACCT204795,MERCH300173,purchase,7.98,web,2024-03-15 15:09:57,declined,False
TXN20240315005868,ACCT200430,MERCH300004,purchase,37.92,web,2024-03-15 10:37:46,approved,False
TXN20240315005869,ACCT203143,MERCH300107,transfer,8.81,web,2024-03-15 06:52:11,approved,False
TXN20240315005870,ACCT206035,MERCH300223,transfer,69.84,web,2024-03-15 06:15:00,approved,False
TXN20240315005871,ACCT206342,MERCH300016,deposit,24.2,mobile,2024-03-15 22:32:09,approved,False
TXN20240315005872,ACCT205008,MERCH300272,purchase,69.68,web,2024-03-15 17:11:42,approved,False
TXN20240315005873,ACCT204331,MERCH300199,withdrawal,17.27,in_person,2024-03-15 20:32:16,approved,False
TXN20240315005874,ACCT201421,MERCH300186,purchase,43.71,mobile,2024-03-15 18:22:20,approved,False
TXN20240315005875,ACCT200721,MERCH300215,purchase,40.52,web,2024-03-15 00:58:08,approved,False
TXN20240315005876,ACCT201095,MERCH300207,purchase,13.71,web,2024-03-15 04:55:38,approved,False
TXN20240315005877,ACCT202549,MERCH300080,purchase,18.32,in_person,2024-03-15 10:31:33,approved,False
TXN20240315005878,ACCT203385,MERCH300233,transfer,110.52,mobile,2024-03-15 09:47:51,approved,False
TXN20240315005879,ACCT204952,MERCH300044,purchase,47.29,mobile,2024-03-15 00:07:44,approved,False
TXN20240315005880,ACCT201541,MERCH300003,purchase,16.04,in_person,2024-03-15 07:14:40,approved,False
TXN20240315005881,ACCT201084,MERCH300293,deposit,102.66,web,2024-03-15 13:48:50,approved,False
TXN20240315005882,ACCT203696,MERCH300224,purchase,23.18,atm,2024-03-15 04:08:54,approved,False
TXN20240315005883,ACCT203078,MERCH300061,purchase,65.95,web,2024-03-15 16:21:12,approved,True
TXN20240315005884,ACCT204580,MERCH300005,deposit,12.91,mobile,2024-03-15 06:56:11,approved,False
TXN20240315005885,ACCT204279,MERCH300075,purchase,27.58,mobile,2024-03-15 17:50:16,approved,False
TXN20240315005886,ACCT204447,MERCH300199,withdrawal,261.24,in_person,2024-03-15 12:48:05,approved,False
TXN20240315005887,ACCT206374,MERCH300219,transfer,85.1,mobile,2024-03-15 16:20:33,approved,False
TXN20240315005888,ACCT203125,MERCH300285,purchase,72.92,in_person,2024-03-15 23:39:59,approved,False
TXN20240315005889,ACCT204726,MERCH300211,purchase,37.59,web,2024-03-15 00:53:08,approved,False
TXN20240315005890,ACCT204034,MERCH300120,deposit,31.63,mobile,2024-03-15 16:58:16,approved,False
TXN20240315005891,ACCT204109,MERCH300109,purchase,114.92,in_person,2024-03-15 00:53:40,approved,False
TXN20240315005892,ACCT200898,MERCH300293,purchase,7.79,in_person,2024-03-15 06:58:40,approved,False
TXN20240315005893,ACCT201292,MERCH300213,deposit,37.64,in_person,2024-03-15 13:24:22,approved,False
TXN20240315005894,ACCT201076,MERCH300298,purchase,12.47,in_person,2024-03-15 13:37:50,approved,False
TXN20240315005895,ACCT202839,MERCH300161,purchase,15.54,mobile,2024-03-15 07:54:33,approved,False
TXN20240315005896,ACCT205419,MERCH300216,withdrawal,18.93,mobile,2024-03-15 13:36:39,approved,False
TXN20240315005897,ACCT203610,MERCH300068,purchase,90.55,mobile,2024-03-15 03:27:38,approved,False
TXN20240315005898,ACCT206209,MERCH300071,withdrawal,7.85,web,2024-03-15 05:13:39,reversed,False
TXN20240315005899,ACCT202675,MERCH300021,deposit,33.32,mobile,2024-03-15 16:11:16,approved,False
TXN20240315005900,ACCT206279,MERCH300132,purchase,25.92,in_person,2024-03-15 07:43:24,approved,False
TXN20240315005901,ACCT203835,MERCH300225,deposit,20.16,web,2024-03-15 06:39:43,approved,False
TXN20240315005902,ACCT200584,MERCH300093,purchase,53.84,web,2024-03-15 07:18:53,approved,False
TXN20240315005903,ACCT202575,MERCH300217,transfer,27.58,mobile,2024-03-15 22:38:16,approved,False
TXN20240315005904,ACCT200212,MERCH300076,purchase,19.52,in_person,2024-03-15 09:38:17,approved,False
TXN20240315005905,ACCT201114,MERCH300106,transfer,36.28,atm,2024-03-15 03:21:27,approved,False
TXN20240315005906,ACCT202092,MERCH300091,purchase,74.61,web,2024-03-15 20:07:06,approved,False
TXN20240315005907,ACCT204485,MERCH300148,purchase,328.25,mobile,2024-03-15 10:02:47,approved,False
TXN20240315005908,ACCT202493,MERCH300091,purchase,16.35,mobile,2024-03-15 10:02:03,approved,False
TXN20240315005909,ACCT201370,MERCH300283,transfer,111.08,in_person,2024-03-15 20:28:49,approved,False
TXN20240315005910,ACCT203526,MERCH300120,transfer,14.42,in_person,2024-03-15 14:24:04,approved,False
TXN20240315005911,ACCT200809,MERCH300103,purchase,53.16,mobile,2024-03-15 14:39:49,approved,False
TXN20240315005912,ACCT202587,MERCH300081,transfer,54.39,atm,2024-03-15 13:00:34,approved,False
TXN20240315005913,ACCT203872,MERCH300283,purchase,32.61,in_person,2024-03-15 05:01:10,approved,False
TXN20240315005914,ACCT205072,MERCH300136,purchase,46.97,in_person,2024-03-15 19:23:48,approved,False
TXN20240315005915,ACCT205520,MERCH300078,purchase,37.44,web,2024-03-15 05:12:47,approved,False
TXN20240315005916,ACCT203782,MERCH300229,purchase,41.54,mobile,2024-03-15 21:54:10,approved,False
TXN20240315005917,ACCT206291,MERCH300251,deposit,35.14,in_person,2024-03-15 23:55:35,approved,False
TXN20240315005918,ACCT202857,MERCH300180,withdrawal,7.58,mobile,2024-03-15 19:01:04,approved,False
TXN20240315005919,ACCT200748,MERCH300294,purchase,72.37,mobile,2024-03-15 00:30:37,approved,False
TXN20240315005920,ACCT204672,MERCH300182,purchase,32.46,in_person,2024-03-15 21:41:15,approved,False
TXN20240315005921,ACCT201902,MERCH300216,purchase,52.17,in_person,2024-03-15 16:06:23,approved,False
TXN20240315005922,ACCT202003,MERCH300214,deposit,33.83,in_person,2024-03-15 06:43:50,approved,False
TXN20240315005923,ACCT206290,MERCH300195,purchase,32.86,in_person,2024-03-15 01:05:14,approved,False
TXN20240315005924,ACCT200099,MERCH300093,purchase,36.59,web,2024-03-15 16:22:22,approved,False
TXN20240315005925,ACCT202416,MERCH300143,purchase,150.95,in_person,2024-03-15 00:46:23,approved,False
TXN20240315005926,ACCT201597,MERCH300149,purchase,6.48,web,2024-03-15 21:54:29,approved,False
TXN20240315005927,ACCT201260,MERCH300132,deposit,19.84,atm,2024-03-15 09:22:23,approved,False
TXN20240315005928,ACCT205483,MERCH300124,transfer,30.28,web,2024-03-15 09:00:12,approved,True
TXN20240315005929,ACCT203774,MERCH300099,purchase,118.45,mobile,2024-03-15 02:44:45,approved,False
TXN20240315005930,ACCT204325,MERCH300095,purchase,57.17,web,2024-03-15 12:30:47,approved,False
TXN20240315005931,ACCT201731,MERCH300198,transfer,14.82,in_person,2024-03-15 01:46:01,approved,False
TXN20240315005932,ACCT200149,MERCH300181,withdrawal,18.48,atm,2024-03-15 12:32:32,approved,False
TXN20240315005933,ACCT205822,MERCH300072,purchase,11.99,mobile,2024-03-15 10:35:42,approved,False
TXN20240315005934,ACCT202803,MERCH300070,purchase,29.94,web,2024-03-15 06:24:43,approved,False
TXN20240315005935,ACCT206310,MERCH300229,purchase,36.54,atm,2024-03-15 07:13:42,approved,False
TXN20240315005936,ACCT204559,MERCH300177,withdrawal,72.52,atm,2024-03-15 09:22:12,approved,False
TXN20240315005937,ACCT201624,MERCH300079,purchase,18.83,in_person,2024-03-15 05:58:09,approved,False
TXN20240315005938,ACCT205775,MERCH300213,purchase,12.55,web,2024-03-15 19:59:47,approved,False
TXN20240315005939,ACCT200409,MERCH300284,transfer,18.51,mobile,2024-03-15 20:48:05,approved,False
TXN20240315005940,ACCT203057,MERCH300115,withdrawal,80.53,in_person,2024-03-15 18:06:56,approved,False
TXN20240315005941,ACCT202939,MERCH300006,purchase,30.33,mobile,2024-03-15 02:20:11,approved,False
TXN20240315005942,ACCT201220,MERCH300044,purchase,21.6,web,2024-03-15 08:28:18,approved,False
TXN20240315005943,ACCT200786,MERCH300099,purchase,13.54,mobile,2024-03-15 14:05:10,approved,False
TXN20240315005944,ACCT205747,MERCH300213,purchase,18.21,web,2024-03-15 06:38:58,approved,False
TXN20240315005945,ACCT203826,MERCH300222,deposit,157.51,web,2024-03-15 12:08:15,approved,False
TXN20240315005946,ACCT202665,MERCH300132,purchase,12.9,web,2024-03-15 14:39:22,approved,False
TXN20240315005947,ACCT202207,MERCH300089,purchase,76.96,web,2024-03-15 08:16:18,approved,False
TXN20240315005948,ACCT202512,MERCH300162,purchase,38.29,web,2024-03-15 02:28:03,approved,False
TXN20240315005949,ACCT202296,MERCH300080,purchase,99.3,in_person,2024-03-15 14:07:14,approved,False
TXN20240315005950,ACCT203522,MERCH300282,withdrawal,25.95,in_person,2024-03-15 23:16:11,approved,False
TXN20240315005951,ACCT200284,MERCH300299,withdrawal,88.88,in_person,2024-03-15 18:01:33,approved,False
TXN20240315005952,ACCT202265,MERCH300186,withdrawal,45.24,in_person,2024-03-15 20:59:26,approved,False
TXN20240315005953,ACCT206212,MERCH300024,deposit,25.37,web,2024-03-15 22:37:12,approved,False
TXN20240315005954,ACCT201705,MERCH300145,purchase,227.25,in_person,2024-03-15 02:41:09,approved,False
TXN20240315005955,ACCT203750,MERCH300043,deposit,16.44,in_person,2024-03-15 23:53:17,approved,False
TXN20240315005956,ACCT201168,MERCH300234,purchase,90.18,in_person,2024-03-15 14:45:53,approved,False
TXN20240315005957,ACCT206244,MERCH300171,purchase,28.58,mobile,2024-03-15 20:54:01,approved,False
TXN20240315005958,ACCT203985,MERCH300295,purchase,9.27,mobile,2024-03-15 02:26:59,declined,False
TXN20240315005959,ACCT202954,MERCH300051,purchase,11.56,in_person,2024-03-15 08:21:54,approved,False
TXN20240315005960,ACCT203277,MERCH300262,transfer,27.63,atm,2024-03-15 19:12:22,approved,False
TXN20240315005961,ACCT204259,MERCH300085,purchase,83.01,mobile,2024-03-15 19:00:30,approved,False
TXN20240315005962,ACCT205011,MERCH300151,withdrawal,19.48,atm,2024-03-15 08:08:52,approved,False
TXN20240315005963,ACCT206011,MERCH300292,purchase,21.53,web,2024-03-15 23:42:11,approved,False
TXN20240315005964,ACCT202956,MERCH300266,purchase,80.97,web,2024-03-15 02:49:25,approved,False
TXN20240315005965,ACCT202128,MERCH300168,purchase,24.09,web,2024-03-15 13:22:13,approved,False
TXN20240315005966,ACCT200506,MERCH300254,purchase,32.18,in_person,2024-03-15 16:59:59,approved,False
TXN20240315005967,ACCT201221,MERCH300146,deposit,63.14,web,2024-03-15 00:19:39,approved,False
TXN20240315005968,ACCT200105,MERCH300149,purchase,24.9,atm,2024-03-15 04:46:50,approved,False
TXN20240315005969,ACCT203898,MERCH300241,purchase,22.58,mobile,2024-03-15 01:54:53,approved,False
TXN20240315005970,ACCT201784,MERCH300272,deposit,13.71,mobile,2024-03-15 17:59:31,approved,False
TXN20240315005971,ACCT202981,MERCH300281,transfer,92.28,mobile,2024-03-15 22:40:54,approved,False
TXN20240315005972,ACCT203108,MERCH300192,purchase,21.12,web,2024-03-15 02:00:16,approved,False
TXN20240315005973,ACCT204686,MERCH300280,purchase,57.86,web,2024-03-15 15:03:51,approved,False
TXN20240315005974,ACCT201710,MERCH300091,purchase,6.86,in_person,2024-03-15 06:12:58,declined,False
TXN20240315005975,ACCT202234,MERCH300237,purchase,44.33,web,2024-03-15 23:22:28,approved,False
TXN20240315005976,ACCT204299,MERCH300225,purchase,262.19,mobile,2024-03-15 18:01:09,approved,False
TXN20240315005977,ACCT204362,MERCH300261,purchase,29.89,mobile,2024-03-15 01:21:05,approved,False
TXN20240315005978,ACCT201198,MERCH300080,deposit,60.31,in_person,2024-03-15 10:10:42,approved,False
TXN20240315005979,ACCT200014,MERCH300010,purchase,53.58,in_person,2024-03-15 06:59:05,approved,False
TXN20240315005980,ACCT200587,MERCH300225,purchase,7.46,mobile,2024-03-15 08:48:59,approved,False
TXN20240315005981,ACCT203654,MERCH300225,purchase,15.71,mobile,2024-03-15 04:52:30,approved,False
TXN20240315005982,ACCT201200,MERCH300006,purchase,220.04,in_person,2024-03-15 14:23:48,approved,False
TXN20240315005983,ACCT201058,MERCH300223,purchase,180.53,atm,2024-03-15 10:16:03,approved,False
TXN20240315005984,ACCT201704,MERCH300220,withdrawal,23.14,in_person,2024-03-15 23:58:36,declined,False
TXN20240315005985,ACCT200961,MERCH300298,purchase,17.09,in_person,2024-03-15 16:15:19,approved,False
TXN20240315005986,ACCT201050,MERCH300292,purchase,394.0,mobile,2024-03-15 13:25:04,approved,False
TXN20240315005987,ACCT200279,MERCH300264,purchase,25.77,web,2024-03-15 20:17:03,approved,False
TXN20240315005988,ACCT200007,MERCH300269,transfer,44.38,mobile,2024-03-15 22:49:24,approved,False
TXN20240315005989,ACCT205652,MERCH300183,withdrawal,67.13,mobile,2024-03-15 18:21:59,approved,False
TXN20240315005990,ACCT206192,MERCH300265,purchase,69.68,atm,2024-03-15 18:48:11,approved,False
TXN20240315005991,ACCT204415,MERCH300050,purchase,87.47,in_person,2024-03-15 00:19:32,approved,False
TXN20240315005992,ACCT206426,MERCH300178,purchase,19.99,web,2024-03-15 05:32:22,approved,False
TXN20240315005993,ACCT204762,MERCH300223,purchase,38.41,web,2024-03-15 19:33:47,approved,False
TXN20240315005994,ACCT204502,MERCH300071,purchase,43.7,web,2024-03-15 10:34:51,approved,False
TXN20240315005995,ACCT205143,MERCH300041,purchase,24.44,mobile,2024-03-15 16:56:20,approved,False
TXN20240315005996,ACCT203493,MERCH300216,withdrawal,18.52,web,2024-03-15 04:21:47,reversed,False
TXN20240315005997,ACCT202641,MERCH300260,purchase,40.66,mobile,2024-03-15 09:39:50,approved,False
TXN20240315005998,ACCT202137,MERCH300204,withdrawal,39.56,in_person,2024-03-15 16:44:10,approved,False
TXN20240315005999,ACCT202238,MERCH300208,purchase,13.41,in_person,2024-03-15 18:38:59,approved,False
TXN20240315006000,ACCT205258,MERCH300162,purchase,189.46,mobile,2024-03-15 13:05:47,approved,True
TXN20240315006001,ACCT202050,MERCH300294,withdrawal,63.15,atm,2024-03-15 07:28:24,approved,False
TXN20240315006002,ACCT204287,MERCH300080,purchase,61.68,web,2024-03-15 02:01:02,approved,False
TXN20240315006003,ACCT201948,MERCH300169,deposit,20.57,web,2024-03-15 10:03:59,approved,False
TXN20240315006004,ACCT201579,MERCH300004,purchase,22.41,in_person,2024-03-15 21:28:54,reversed,False
TXN20240315006005,ACCT202364,MERCH300195,withdrawal,36.08,in_person,2024-03-15 19:16:07,approved,False
TXN20240315006006,ACCT200154,MERCH300166,purchase,262.59,web,2024-03-15 05:23:54,approved,False
TXN20240315006007,ACCT200219,MERCH300161,purchase,20.15,web,2024-03-15 09:19:14,approved,False
TXN20240315006008,ACCT200989,MERCH300119,purchase,35.33,mobile,2024-03-15 15:42:07,approved,False
TXN20240315006009,ACCT202972,MERCH300211,purchase,6.57,web,2024-03-15 18:03:12,approved,False
TXN20240315006010,ACCT204372,MERCH300039,transfer,51.15,web,2024-03-15 15:20:34,approved,False
TXN20240315006011,ACCT205401,MERCH300209,purchase,25.17,mobile,2024-03-15 02:54:40,approved,False
TXN20240315006012,ACCT204949,MERCH300134,purchase,39.65,atm,2024-03-15 04:05:54,approved,False
TXN20240315006013,ACCT203457,MERCH300278,purchase,24.15,web,2024-03-15 03:02:32,approved,False
TXN20240315006014,ACCT201612,MERCH300290,purchase,22.88,in_person,2024-03-15 01:40:59,approved,False
TXN20240315006015,ACCT203069,MERCH300156,transfer,105.79,web,2024-03-15 15:04:44,approved,False
TXN20240315006016,ACCT202842,MERCH300233,purchase,67.82,mobile,2024-03-15 21:27:08,approved,False
TXN20240315006017,ACCT201527,MERCH300090,purchase,5.53,in_person,2024-03-15 13:17:34,approved,False
TXN20240315006018,ACCT204348,MERCH300097,transfer,45.67,mobile,2024-03-15 03:00:26,approved,False
TXN20240315006019,ACCT200608,MERCH300119,deposit,59.89,mobile,2024-03-15 14:01:56,approved,False
TXN20240315006020,ACCT200078,MERCH300160,purchase,48.26,web,2024-03-15 11:40:25,approved,False
TXN20240315006021,ACCT203404,MERCH300107,purchase,38.52,in_person,2024-03-15 10:08:00,approved,False
TXN20240315006022,ACCT204806,MERCH300130,deposit,51.86,atm,2024-03-15 19:41:23,approved,False
TXN20240315006023,ACCT204587,MERCH300212,purchase,19.18,mobile,2024-03-15 02:29:57,approved,False
TXN20240315006024,ACCT203108,MERCH300046,withdrawal,22.62,web,2024-03-15 00:18:47,approved,False
TXN20240315006025,ACCT202918,MERCH300141,purchase,45.93,web,2024-03-15 04:10:54,approved,False
TXN20240315006026,ACCT200055,MERCH300084,transfer,32.85,in_person,2024-03-15 08:09:11,approved,False
TXN20240315006027,ACCT205890,MERCH300033,transfer,34.49,mobile,2024-03-15 13:17:53,approved,False
TXN20240315006028,ACCT205885,MERCH300065,purchase,40.88,web,2024-03-15 12:05:11,approved,False
TXN20240315006029,ACCT204970,MERCH300062,purchase,23.17,in_person,2024-03-15 02:00:26,approved,False
TXN20240315006030,ACCT205199,MERCH300222,purchase,25.41,web,2024-03-15 12:52:39,approved,False
TXN20240315006031,ACCT200365,MERCH300045,withdrawal,14.29,web,2024-03-15 18:23:08,approved,False
TXN20240315006032,ACCT202660,MERCH300235,purchase,42.01,web,2024-03-15 08:40:37,approved,False
TXN20240315006033,ACCT204255,MERCH300132,deposit,19.35,web,2024-03-15 21:20:23,approved,False
TXN20240315006034,ACCT201036,MERCH300267,deposit,35.21,in_person,2024-03-15 22:53:54,approved,False
TXN20240315006035,ACCT205227,MERCH300185,purchase,93.17,atm,2024-03-15 17:38:23,approved,False
TXN20240315006036,ACCT204816,MERCH300229,transfer,55.14,web,2024-03-15 08:17:34,approved,False
TXN20240315006037,ACCT206243,MERCH300247,purchase,31.01,web,2024-03-15 08:59:30,approved,False
TXN20240315006038,ACCT200984,MERCH300292,purchase,100.7,in_person,2024-03-15 04:48:40,approved,False
TXN20240315006039,ACCT202779,MERCH300008,purchase,4.96,atm,2024-03-15 17:03:11,approved,False
TXN20240315006040,ACCT200339,MERCH300161,deposit,19.29,atm,2024-03-15 21:00:37,approved,False
TXN20240315006041,ACCT204853,MERCH300171,purchase,7.73,in_person,2024-03-15 14:45:03,approved,False
TXN20240315006042,ACCT203813,MERCH300223,purchase,9.96,in_person,2024-03-15 08:24:49,approved,False
TXN20240315006043,ACCT200605,MERCH300041,purchase,194.5,web,2024-03-15 03:43:01,approved,False
TXN20240315006044,ACCT200257,MERCH300046,purchase,8.09,web,2024-03-15 20:41:43,approved,False
TXN20240315006045,ACCT206084,MERCH300290,withdrawal,24.3,mobile,2024-03-15 14:55:20,approved,False
TXN20240315006046,ACCT204762,MERCH300252,deposit,26.89,in_person,2024-03-15 14:25:36,approved,False
TXN20240315006047,ACCT205832,MERCH300219,purchase,41.6,mobile,2024-03-15 17:38:11,approved,False
TXN20240315006048,ACCT205443,MERCH300268,withdrawal,19.65,mobile,2024-03-15 02:21:29,approved,False
TXN20240315006049,ACCT205207,MERCH300053,purchase,69.67,in_person,2024-03-15 05:28:21,approved,False
TXN20240315006050,ACCT200739,MERCH300205,purchase,58.71,mobile,2024-03-15 01:58:49,approved,False
TXN20240315006051,ACCT202339,MERCH300105,purchase,158.17,in_person,2024-03-15 05:27:21,approved,False
TXN20240315006052,ACCT200188,MERCH300049,purchase,30.14,web,2024-03-15 19:29:34,declined,False
TXN20240315006053,ACCT200083,MERCH300086,purchase,34.13,mobile,2024-03-15 00:29:36,approved,False
TXN20240315006054,ACCT203240,MERCH300231,purchase,8.57,web,2024-03-15 08:02:02,approved,False
TXN20240315006055,ACCT203055,MERCH300271,purchase,58.27,web,2024-03-15 12:27:37,approved,False
TXN20240315006056,ACCT202496,MERCH300028,deposit,86.2,in_person,2024-03-15 22:18:36,approved,False
TXN20240315006057,ACCT200691,MERCH300175,purchase,22.8,in_person,2024-03-15 04:36:05,approved,False
TXN20240315006058,ACCT200054,MERCH300015,purchase,40.74,mobile,2024-03-15 08:08:56,approved,False
TXN20240315006059,ACCT200931,MERCH300147,transfer,28.12,in_person,2024-03-15 22:56:58,approved,False
TXN20240315006060,ACCT204704,MERCH300218,deposit,84.19,in_person,2024-03-15 09:15:53,approved,False
TXN20240315006061,ACCT205761,MERCH300046,withdrawal,78.91,in_person,2024-03-15 03:11:03,reversed,False
TXN20240315006062,ACCT205524,MERCH300166,deposit,32.52,web,2024-03-15 12:06:20,approved,False
TXN20240315006063,ACCT200078,MERCH300070,purchase,85.3,in_person,2024-03-15 03:57:09,approved,False
TXN20240315006064,ACCT200701,MERCH300143,purchase,88.1,in_person,2024-03-15 18:38:15,approved,False
TXN20240315006065,ACCT202596,MERCH300042,purchase,381.27,web,2024-03-15 06:59:56,approved,False
TXN20240315006066,ACCT205781,MERCH300117,purchase,50.39,web,2024-03-15 01:57:23,approved,False
TXN20240315006067,ACCT200388,MERCH300183,purchase,16.01,in_person,2024-03-15 00:31:31,approved,False
TXN20240315006068,ACCT206311,MERCH300072,purchase,41.21,atm,2024-03-15 23:02:15,approved,False
TXN20240315006069,ACCT200534,MERCH300061,purchase,21.86,web,2024-03-15 04:54:03,declined,False
TXN20240315006070,ACCT205004,MERCH300104,purchase,33.85,in_person,2024-03-15 15:40:23,approved,False
TXN20240315006071,ACCT202034,MERCH300052,purchase,71.92,web,2024-03-15 08:24:34,approved,False
TXN20240315006072,ACCT205002,MERCH300126,withdrawal,22.39,web,2024-03-15 13:48:58,approved,False
TXN20240315006073,ACCT201496,MERCH300157,transfer,52.08,web,2024-03-15 07:56:20,approved,False
TXN20240315006074,ACCT204562,MERCH300276,deposit,19.64,web,2024-03-15 00:32:27,approved,False
TXN20240315006075,ACCT201242,MERCH300240,deposit,25.5,mobile,2024-03-15 17:31:33,approved,False
TXN20240315006076,ACCT201190,MERCH300245,purchase,336.09,web,2024-03-15 02:43:59,declined,False
TXN20240315006077,ACCT200954,MERCH300202,transfer,57.41,mobile,2024-03-15 04:14:32,reversed,False
TXN20240315006078,ACCT200230,MERCH300194,purchase,132.95,mobile,2024-03-15 17:05:05,approved,False
TXN20240315006079,ACCT203353,MERCH300170,purchase,41.0,web,2024-03-15 00:54:46,approved,False
TXN20240315006080,ACCT205296,MERCH300005,purchase,15.8,mobile,2024-03-15 08:29:44,approved,False
TXN20240315006081,ACCT205061,MERCH300032,purchase,12.36,in_person,2024-03-15 07:11:12,approved,False
TXN20240315006082,ACCT204711,MERCH300177,transfer,93.64,web,2024-03-15 22:43:01,approved,False
TXN20240315006083,ACCT204262,MERCH300189,purchase,63.53,web,2024-03-15 17:48:23,approved,False
TXN20240315006084,ACCT200113,MERCH300256,purchase,16.29,mobile,2024-03-15 21:46:18,approved,False
TXN20240315006085,ACCT205116,MERCH300067,deposit,22.97,in_person,2024-03-15 05:41:43,approved,False
TXN20240315006086,ACCT206472,MERCH300052,purchase,135.54,web,2024-03-15 22:15:00,approved,False
TXN20240315006087,ACCT202437,MERCH300245,purchase,23.38,mobile,2024-03-15 06:35:08,approved,False
TXN20240315006088,ACCT206359,MERCH300218,deposit,7.57,in_person,2024-03-15 22:08:05,approved,False
TXN20240315006089,ACCT205854,MERCH300160,deposit,27.88,mobile,2024-03-15 14:14:30,approved,False
TXN20240315006090,ACCT203419,MERCH300137,purchase,31.55,mobile,2024-03-15 21:42:36,approved,False
TXN20240315006091,ACCT203251,MERCH300166,withdrawal,41.68,in_person,2024-03-15 09:00:00,approved,False
TXN20240315006092,ACCT201389,MERCH300015,purchase,131.31,web,2024-03-15 02:44:06,approved,False
TXN20240315006093,ACCT202694,MERCH300181,purchase,36.41,atm,2024-03-15 16:12:21,approved,False
TXN20240315006094,ACCT203614,MERCH300251,purchase,21.31,in_person,2024-03-15 07:07:52,approved,False
TXN20240315006095,ACCT200178,MERCH300180,purchase,12.47,in_person,2024-03-15 20:11:39,approved,False
TXN20240315006096,ACCT203954,MERCH300122,transfer,21.13,atm,2024-03-15 13:57:15,approved,False
TXN20240315006097,ACCT205430,MERCH300173,purchase,50.0,in_person,2024-03-15 08:34:51,approved,False
TXN20240315006098,ACCT201438,MERCH300232,purchase,5.28,mobile,2024-03-15 19:42:02,approved,False
TXN20240315006099,ACCT205299,MERCH300017,purchase,12.83,atm,2024-03-15 17:41:06,approved,False
TXN20240315006100,ACCT205207,MERCH300252,purchase,24.98,web,2024-03-15 03:30:53,approved,False
TXN20240315006101,ACCT203016,MERCH300234,purchase,19.74,web,2024-03-15 07:50:44,approved,False
TXN20240315006102,ACCT205793,MERCH300247,purchase,8.92,mobile,2024-03-15 11:46:38,approved,False
TXN20240315006103,ACCT202188,MERCH300003,transfer,23.1,atm,2024-03-15 21:01:10,approved,False
TXN20240315006104,ACCT201536,MERCH300119,purchase,35.87,mobile,2024-03-15 05:29:08,approved,False
TXN20240315006105,ACCT202831,MERCH300035,purchase,73.11,in_person,2024-03-15 19:01:57,approved,False
TXN20240315006106,ACCT206457,MERCH300046,purchase,85.37,web,2024-03-15 05:14:34,approved,False
TXN20240315006107,ACCT201539,MERCH300023,withdrawal,54.32,in_person,2024-03-15 17:10:54,approved,False
TXN20240315006108,ACCT200219,MERCH300001,purchase,44.69,web,2024-03-15 04:44:24,approved,False
TXN20240315006109,ACCT206373,MERCH300275,purchase,40.26,web,2024-03-15 10:53:33,declined,False
TXN20240315006110,ACCT203923,MERCH300230,purchase,63.25,in_person,2024-03-15 17:01:55,approved,False
TXN20240315006111,ACCT201939,MERCH300162,transfer,31.09,mobile,2024-03-15 15:55:37,approved,False
TXN20240315006112,ACCT204446,MERCH300282,purchase,69.87,mobile,2024-03-15 11:30:08,approved,False
TXN20240315006113,ACCT202230,MERCH300089,purchase,24.45,in_person,2024-03-15 08:12:13,approved,False
TXN20240315006114,ACCT205863,MERCH300233,purchase,9.27,mobile,2024-03-15 04:45:14,approved,False
TXN20240315006115,ACCT203451,MERCH300024,purchase,13.08,web,2024-03-15 22:14:48,approved,False
TXN20240315006116,ACCT204518,MERCH300287,deposit,136.81,mobile,2024-03-15 10:08:59,approved,False
TXN20240315006117,ACCT205434,MERCH300075,withdrawal,25.45,web,2024-03-15 13:47:06,approved,False
TXN20240315006118,ACCT202766,MERCH300258,deposit,25.23,in_person,2024-03-15 20:08:27,approved,False
TXN20240315006119,ACCT202427,MERCH300005,purchase,177.12,atm,2024-03-15 06:35:23,approved,False
TXN20240315006120,ACCT200071,MERCH300016,deposit,48.84,mobile,2024-03-15 11:53:23,approved,False
TXN20240315006121,ACCT202378,MERCH300037,purchase,49.25,web,2024-03-15 23:22:19,approved,False
TXN20240315006122,ACCT202208,MERCH300121,purchase,38.06,web,2024-03-15 15:02:55,declined,False
TXN20240315006123,ACCT203629,MERCH300253,deposit,158.37,in_person,2024-03-15 03:56:47,approved,False
TXN20240315006124,ACCT203819,MERCH300131,purchase,15.81,atm,2024-03-15 15:26:50,approved,False
TXN20240315006125,ACCT200289,MERCH300006,purchase,53.79,in_person,2024-03-15 12:56:02,approved,False
TXN20240315006126,ACCT204850,MERCH300114,purchase,201.22,web,2024-03-15 09:34:09,approved,False
TXN20240315006127,ACCT201684,MERCH300227,purchase,41.15,in_person,2024-03-15 22:43:49,approved,False
TXN20240315006128,ACCT200608,MERCH300069,deposit,13.96,mobile,2024-03-15 02:40:17,approved,False
TXN20240315006129,ACCT201199,MERCH300165,purchase,26.0,web,2024-03-15 23:02:07,approved,False
TXN20240315006130,ACCT200440,MERCH300063,deposit,5.98,in_person,2024-03-15 22:06:23,approved,False
TXN20240315006131,ACCT204012,MERCH300146,purchase,95.17,mobile,2024-03-15 13:44:42,approved,False
TXN20240315006132,ACCT200612,MERCH300098,withdrawal,51.04,mobile,2024-03-15 13:50:27,approved,False
TXN20240315006133,ACCT201223,MERCH300233,purchase,15.56,in_person,2024-03-15 10:14:01,approved,False
TXN20240315006134,ACCT205716,MERCH300127,purchase,85.02,in_person,2024-03-15 01:32:47,approved,False
TXN20240315006135,ACCT203357,MERCH300162,transfer,8.91,in_person,2024-03-15 08:03:59,approved,False
TXN20240315006136,ACCT200721,MERCH300047,transfer,46.42,web,2024-03-15 17:33:27,approved,False
TXN20240315006137,ACCT203808,MERCH300243,withdrawal,6.11,mobile,2024-03-15 09:03:01,approved,False
TXN20240315006138,ACCT205855,MERCH300288,deposit,91.76,web,2024-03-15 17:50:38,approved,False
TXN20240315006139,ACCT202302,MERCH300178,purchase,39.58,web,2024-03-15 13:07:19,approved,False
TXN20240315006140,ACCT204042,MERCH300074,purchase,30.65,in_person,2024-03-15 15:43:35,approved,False
TXN20240315006141,ACCT202826,MERCH300128,purchase,68.52,atm,2024-03-15 12:19:05,approved,False
TXN20240315006142,ACCT201721,MERCH300137,purchase,53.56,in_person,2024-03-15 17:57:38,approved,False
TXN20240315006143,ACCT202721,MERCH300073,purchase,30.83,in_person,2024-03-15 05:35:00,approved,False
TXN20240315006144,ACCT202436,MERCH300102,transfer,41.42,in_person,2024-03-15 02:34:16,approved,False
TXN20240315006145,ACCT202318,MERCH300016,transfer,114.25,in_person,2024-03-15 11:20:56,approved,False
TXN20240315006146,ACCT205562,MERCH300141,purchase,18.75,web,2024-03-15 08:01:15,approved,False
TXN20240315006147,ACCT203524,MERCH300260,purchase,10.68,mobile,2024-03-15 22:34:37,approved,False
TXN20240315006148,ACCT203401,MERCH300032,purchase,40.33,in_person,2024-03-15 08:20:37,approved,False
TXN20240315006149,ACCT204170,MERCH300225,transfer,27.09,in_person,2024-03-15 01:20:15,declined,False
TXN20240315006150,ACCT201814,MERCH300184,purchase,22.24,mobile,2024-03-15 00:15:16,approved,False
TXN20240315006151,ACCT205889,MERCH300258,purchase,25.75,mobile,2024-03-15 00:30:36,approved,False
TXN20240315006152,ACCT202108,MERCH300035,withdrawal,6.59,in_person,2024-03-15 05:42:44,approved,False
TXN20240315006153,ACCT204749,MERCH300292,deposit,15.92,in_person,2024-03-15 20:57:47,approved,False
TXN20240315006154,ACCT200739,MERCH300236,purchase,121.76,web,2024-03-15 19:28:03,approved,False
TXN20240315006155,ACCT203883,MERCH300088,purchase,48.33,in_person,2024-03-15 21:31:46,approved,False
TXN20240315006156,ACCT203541,MERCH300157,deposit,4.19,web,2024-03-15 19:07:03,approved,False
TXN20240315006157,ACCT201391,MERCH300179,purchase,27.76,mobile,2024-03-15 11:07:56,approved,False
TXN20240315006158,ACCT202594,MERCH300014,purchase,29.54,atm,2024-03-15 22:54:53,approved,False
TXN20240315006159,ACCT200682,MERCH300078,purchase,128.94,atm,2024-03-15 17:33:37,approved,False
TXN20240315006160,ACCT206207,MERCH300183,purchase,40.4,in_person,2024-03-15 20:34:16,reversed,False
TXN20240315006161,ACCT205764,MERCH300070,withdrawal,16.1,mobile,2024-03-15 13:40:18,approved,False
TXN20240315006162,ACCT205182,MERCH300107,purchase,178.08,in_person,2024-03-15 03:58:45,approved,False
TXN20240315006163,ACCT204251,MERCH300095,deposit,56.31,mobile,2024-03-15 13:04:05,approved,False
TXN20240315006164,ACCT201759,MERCH300169,purchase,9.3,web,2024-03-15 06:44:51,approved,False
TXN20240315006165,ACCT204814,MERCH300063,purchase,62.29,in_person,2024-03-15 11:21:42,approved,False
TXN20240315006166,ACCT200195,MERCH300063,transfer,54.57,in_person,2024-03-15 01:15:44,approved,False
TXN20240315006167,ACCT201739,MERCH300122,purchase,40.45,web,2024-03-15 00:40:34,approved,False
TXN20240315006168,ACCT203137,MERCH300296,deposit,195.98,web,2024-03-15 19:10:58,approved,False
TXN20240315006169,ACCT205027,MERCH300001,purchase,62.86,web,2024-03-15 05:57:36,approved,False
TXN20240315006170,ACCT204760,MERCH300086,transfer,59.08,atm,2024-03-15 21:16:05,approved,False
TXN20240315006171,ACCT200080,MERCH300119,deposit,19.11,mobile,2024-03-15 04:23:10,approved,True
TXN20240315006172,ACCT202570,MERCH300067,purchase,59.3,in_person,2024-03-15 12:27:52,approved,False
TXN20240315006173,ACCT203611,MERCH300128,purchase,149.46,atm,2024-03-15 19:39:46,approved,False
TXN20240315006174,ACCT203137,MERCH300217,purchase,41.69,mobile,2024-03-15 16:32:22,approved,False
TXN20240315006175,ACCT204834,MERCH300058,purchase,21.74,mobile,2024-03-15 08:38:25,approved,False
TXN20240315006176,ACCT202616,MERCH300260,purchase,70.72,web,2024-03-15 01:14:20,approved,False
TXN20240315006177,ACCT201620,MERCH300115,transfer,89.08,atm,2024-03-15 09:04:47,approved,False
TXN20240315006178,ACCT202831,MERCH300187,purchase,79.26,atm,2024-03-15 14:20:08,approved,False
TXN20240315006179,ACCT203010,MERCH300018,purchase,46.68,atm,2024-03-15 11:48:17,approved,False
TXN20240315006180,ACCT200983,MERCH300240,purchase,55.36,in_person,2024-03-15 21:46:29,approved,False
TXN20240315006181,ACCT203426,MERCH300206,purchase,83.0,in_person,2024-03-15 05:01:17,approved,False
TXN20240315006182,ACCT205755,MERCH300250,purchase,33.09,mobile,2024-03-15 20:32:22,approved,False
TXN20240315006183,ACCT201877,MERCH300050,transfer,29.26,mobile,2024-03-15 18:23:46,approved,False
TXN20240315006184,ACCT200205,MERCH300140,deposit,73.49,atm,2024-03-15 18:22:42,approved,False
TXN20240315006185,ACCT205005,MERCH300275,purchase,27.31,in_person,2024-03-15 06:36:58,approved,False
TXN20240315006186,ACCT205687,MERCH300223,purchase,64.57,in_person,2024-03-15 19:56:46,approved,False
TXN20240315006187,ACCT201631,MERCH300037,purchase,910.05,in_person,2024-03-15 16:22:43,approved,False
TXN20240315006188,ACCT204173,MERCH300129,purchase,78.58,mobile,2024-03-15 19:38:05,approved,False
TXN20240315006189,ACCT201464,MERCH300162,deposit,26.18,in_person,2024-03-15 09:25:58,approved,False
TXN20240315006190,ACCT204636,MERCH300193,purchase,38.43,in_person,2024-03-15 20:07:35,approved,False
TXN20240315006191,ACCT205645,MERCH300043,purchase,88.98,in_person,2024-03-15 20:57:50,approved,False
TXN20240315006192,ACCT201404,MERCH300099,purchase,31.84,in_person,2024-03-15 09:10:37,approved,False
TXN20240315006193,ACCT206040,MERCH300022,purchase,42.83,in_person,2024-03-15 08:45:32,approved,False
TXN20240315006194,ACCT205367,MERCH300231,deposit,64.56,in_person,2024-03-15 20:23:20,approved,False
TXN20240315006195,ACCT204669,MERCH300117,transfer,60.92,in_person,2024-03-15 17:27:13,approved,False
TXN20240315006196,ACCT200869,MERCH300020,purchase,67.14,atm,2024-03-15 12:13:13,approved,False
TXN20240315006197,ACCT201781,MERCH300100,purchase,87.67,in_person,2024-03-15 13:16:59,approved,False
TXN20240315006198,ACCT203311,MERCH300021,withdrawal,37.25,web,2024-03-15 07:32:23,approved,False
TXN20240315006199,ACCT206189,MERCH300075,purchase,41.16,mobile,2024-03-15 18:50:36,approved,False
TXN20240315006200,ACCT206335,MERCH300130,purchase,48.37,in_person,2024-03-15 16:22:22,approved,False
TXN20240315006201,ACCT203530,MERCH300222,purchase,58.23,in_person,2024-03-15 10:26:57,approved,False
TXN20240315006202,ACCT206195,MERCH300096,purchase,14.14,web,2024-03-15 02:16:37,approved,False
TXN20240315006203,ACCT200815,MERCH300298,purchase,177.98,in_person,2024-03-15 05:20:48,approved,False
TXN20240315006204,ACCT201734,MERCH300296,purchase,46.6,atm,2024-03-15 19:45:56,approved,False
TXN20240315006205,ACCT201264,MERCH300008,purchase,12.59,web,2024-03-15 09:38:22,approved,False
TXN20240315006206,ACCT201934,MERCH300230,transfer,42.42,atm,2024-03-15 12:22:37,approved,False
TXN20240315006207,ACCT203006,MERCH300044,purchase,11.77,web,2024-03-15 21:35:53,approved,False
TXN20240315006208,ACCT200142,MERCH300082,purchase,6.84,web,2024-03-15 09:23:53,approved,False
TXN20240315006209,ACCT203925,MERCH300168,purchase,10.9,in_person,2024-03-15 15:24:16,approved,False
TXN20240315006210,ACCT205623,MERCH300189,purchase,19.0,web,2024-03-15 01:55:46,approved,False
TXN20240315006211,ACCT202041,MERCH300250,purchase,117.88,in_person,2024-03-15 03:12:08,approved,False
TXN20240315006212,ACCT206218,MERCH300197,purchase,79.34,web,2024-03-15 21:43:27,approved,False
TXN20240315006213,ACCT200475,MERCH300003,purchase,41.4,mobile,2024-03-15 23:50:45,approved,False
TXN20240315006214,ACCT205045,MERCH300241,withdrawal,37.11,web,2024-03-15 21:42:04,approved,False
TXN20240315006215,ACCT203753,MERCH300152,withdrawal,47.1,web,2024-03-15 04:21:18,approved,False
TXN20240315006216,ACCT200813,MERCH300208,purchase,33.52,web,2024-03-15 10:51:50,approved,False
TXN20240315006217,ACCT202779,MERCH300066,purchase,5.21,mobile,2024-03-15 12:02:55,approved,False
TXN20240315006218,ACCT206339,MERCH300017,purchase,189.28,in_person,2024-03-15 07:40:17,approved,False
TXN20240315006219,ACCT201119,MERCH300203,purchase,56.0,mobile,2024-03-15 05:56:14,approved,False
TXN20240315006220,ACCT206306,MERCH300126,purchase,18.23,mobile,2024-03-15 02:20:54,reversed,False
TXN20240315006221,ACCT203997,MERCH300113,purchase,36.75,in_person,2024-03-15 22:59:26,approved,False
TXN20240315006222,ACCT206182,MERCH300124,withdrawal,35.1,mobile,2024-03-15 17:46:06,approved,False
TXN20240315006223,ACCT200557,MERCH300298,transfer,56.56,web,2024-03-15 00:04:29,approved,False
TXN20240315006224,ACCT203854,MERCH300260,purchase,108.58,web,2024-03-15 03:14:05,approved,False
TXN20240315006225,ACCT200833,MERCH300137,transfer,52.91,in_person,2024-03-15 22:27:03,approved,False
TXN20240315006226,ACCT203284,MERCH300088,purchase,46.67,in_person,2024-03-15 01:06:01,approved,False
TXN20240315006227,ACCT205186,MERCH300098,purchase,57.68,in_person,2024-03-15 08:22:34,approved,False
TXN20240315006228,ACCT204169,MERCH300261,withdrawal,80.34,in_person,2024-03-15 17:52:20,approved,False
TXN20240315006229,ACCT201316,MERCH300299,purchase,62.96,web,2024-03-15 01:36:48,approved,False
TXN20240315006230,ACCT201437,MERCH300130,purchase,82.73,web,2024-03-15 23:19:25,approved,False
TXN20240315006231,ACCT201268,MERCH300110,purchase,29.59,mobile,2024-03-15 21:34:17,approved,False
TXN20240315006232,ACCT202537,MERCH300109,withdrawal,20.62,web,2024-03-15 13:20:10,approved,False
TXN20240315006233,ACCT205000,MERCH300094,deposit,217.19,in_person,2024-03-15 07:06:37,approved,False
TXN20240315006234,ACCT205272,MERCH300145,purchase,120.32,web,2024-03-15 03:55:27,approved,False
TXN20240315006235,ACCT205335,MERCH300290,withdrawal,40.38,atm,2024-03-15 01:43:54,approved,False
TXN20240315006236,ACCT203177,MERCH300135,purchase,56.44,in_person,2024-03-15 11:20:26,approved,False
TXN20240315006237,ACCT202201,MERCH300187,purchase,49.91,in_person,2024-03-15 02:22:17,approved,False
TXN20240315006238,ACCT205214,MERCH300211,purchase,19.33,web,2024-03-15 07:38:21,declined,False
TXN20240315006239,ACCT202601,MERCH300262,transfer,62.7,in_person,2024-03-15 16:35:45,approved,False
TXN20240315006240,ACCT200610,MERCH300258,deposit,56.25,in_person,2024-03-15 04:03:12,approved,False
TXN20240315006241,ACCT201658,MERCH300132,purchase,21.78,atm,2024-03-15 04:38:19,declined,False
TXN20240315006242,ACCT203680,MERCH300209,purchase,36.35,web,2024-03-15 18:41:49,approved,False
TXN20240315006243,ACCT206077,MERCH300192,purchase,39.82,in_person,2024-03-15 09:27:07,approved,False
TXN20240315006244,ACCT205399,MERCH300158,purchase,122.03,atm,2024-03-15 23:26:19,declined,False
TXN20240315006245,ACCT201009,MERCH300249,purchase,212.26,web,2024-03-15 07:38:37,approved,False
TXN20240315006246,ACCT200829,MERCH300178,purchase,260.7,atm,2024-03-15 10:41:21,approved,False
TXN20240315006247,ACCT204981,MERCH300262,withdrawal,31.56,web,2024-03-15 04:37:20,approved,False
TXN20240315006248,ACCT200136,MERCH300273,purchase,81.56,web,2024-03-15 12:07:29,approved,False
TXN20240315006249,ACCT200673,MERCH300005,purchase,7.73,in_person,2024-03-15 23:26:48,approved,False
TXN20240315006250,ACCT203229,MERCH300157,purchase,39.44,web,2024-03-15 13:32:18,approved,False
TXN20240315006251,ACCT206139,MERCH300121,purchase,42.82,web,2024-03-15 09:05:55,approved,False
TXN20240315006252,ACCT201388,MERCH300222,purchase,11.91,mobile,2024-03-15 09:50:21,approved,False
TXN20240315006253,ACCT200218,MERCH300006,transfer,19.57,in_person,2024-03-15 10:56:32,approved,False
TXN20240315006254,ACCT202172,MERCH300154,purchase,118.48,mobile,2024-03-15 17:42:53,approved,False
TXN20240315006255,ACCT206112,MERCH300211,purchase,21.01,web,2024-03-15 13:16:37,approved,True
TXN20240315006256,ACCT201841,MERCH300187,purchase,9.79,in_person,2024-03-15 21:27:27,approved,False
TXN20240315006257,ACCT200737,MERCH300213,withdrawal,26.68,web,2024-03-15 00:43:38,approved,False
TXN20240315006258,ACCT200798,MERCH300170,purchase,16.32,in_person,2024-03-15 04:13:49,approved,False
TXN20240315006259,ACCT202658,MERCH300195,purchase,155.79,mobile,2024-03-15 04:09:14,approved,False
TXN20240315006260,ACCT201963,MERCH300221,purchase,26.08,in_person,2024-03-15 05:12:32,approved,False
TXN20240315006261,ACCT202288,MERCH300178,deposit,118.86,web,2024-03-15 17:43:31,approved,False
TXN20240315006262,ACCT203349,MERCH300191,purchase,139.17,web,2024-03-15 09:22:59,approved,False
TXN20240315006263,ACCT200973,MERCH300254,purchase,25.56,in_person,2024-03-15 05:05:41,approved,False
TXN20240315006264,ACCT202123,MERCH300040,purchase,81.03,in_person,2024-03-15 01:18:05,approved,False
TXN20240315006265,ACCT200725,MERCH300065,withdrawal,122.47,mobile,2024-03-15 03:13:37,approved,False
TXN20240315006266,ACCT205464,MERCH300182,purchase,24.54,atm,2024-03-15 21:25:13,approved,False
TXN20240315006267,ACCT204706,MERCH300031,withdrawal,16.39,web,2024-03-15 04:53:45,approved,False
TXN20240315006268,ACCT202899,MERCH300070,purchase,83.71,mobile,2024-03-15 03:47:47,approved,False
TXN20240315006269,ACCT206229,MERCH300264,deposit,40.98,mobile,2024-03-15 23:27:59,approved,False
TXN20240315006270,ACCT205586,MERCH300035,withdrawal,17.47,web,2024-03-15 14:31:46,approved,False
TXN20240315006271,ACCT201672,MERCH300207,deposit,29.61,in_person,2024-03-15 12:16:39,approved,False
TXN20240315006272,ACCT204177,MERCH300072,transfer,56.98,web,2024-03-15 23:32:47,approved,False
TXN20240315006273,ACCT204388,MERCH300085,withdrawal,14.57,mobile,2024-03-15 16:03:54,approved,False
TXN20240315006274,ACCT201744,MERCH300155,deposit,85.99,atm,2024-03-15 17:41:03,approved,False
TXN20240315006275,ACCT201693,MERCH300053,withdrawal,194.8,in_person,2024-03-15 17:33:47,approved,False
TXN20240315006276,ACCT204443,MERCH300173,purchase,8.99,web,2024-03-15 23:29:48,approved,False
TXN20240315006277,ACCT200796,MERCH300039,withdrawal,20.6,in_person,2024-03-15 17:36:26,approved,False
TXN20240315006278,ACCT201594,MERCH300296,purchase,64.03,in_person,2024-03-15 13:48:32,approved,False
TXN20240315006279,ACCT201378,MERCH300164,purchase,60.33,in_person,2024-03-15 03:57:34,approved,False
TXN20240315006280,ACCT206418,MERCH300152,deposit,57.77,mobile,2024-03-15 11:53:38,approved,False
TXN20240315006281,ACCT206148,MERCH300047,purchase,30.39,mobile,2024-03-15 07:01:04,declined,False
TXN20240315006282,ACCT204317,MERCH300239,transfer,255.99,mobile,2024-03-15 04:55:18,approved,False
TXN20240315006283,ACCT202134,MERCH300272,deposit,249.5,mobile,2024-03-15 14:10:13,approved,False
TXN20240315006284,ACCT204773,MERCH300225,deposit,89.86,in_person,2024-03-15 05:01:48,approved,False
TXN20240315006285,ACCT203284,MERCH300002,transfer,71.68,in_person,2024-03-15 13:53:02,approved,False
TXN20240315006286,ACCT202786,MERCH300221,withdrawal,99.67,web,2024-03-15 07:25:52,declined,False
TXN20240315006287,ACCT203994,MERCH300080,purchase,7.81,in_person,2024-03-15 02:47:58,approved,False
TXN20240315006288,ACCT201429,MERCH300232,purchase,7.54,in_person,2024-03-15 09:35:18,approved,False
TXN20240315006289,ACCT206266,MERCH300289,transfer,126.8,mobile,2024-03-15 08:00:17,approved,True
TXN20240315006290,ACCT200058,MERCH300287,purchase,175.15,web,2024-03-15 23:20:08,approved,False
TXN20240315006291,ACCT201863,MERCH300048,purchase,14.05,mobile,2024-03-15 21:02:56,approved,False
TXN20240315006292,ACCT203532,MERCH300105,deposit,9.11,web,2024-03-15 13:52:26,approved,False
TXN20240315006293,ACCT202898,MERCH300141,purchase,66.51,web,2024-03-15 22:59:21,approved,False
TXN20240315006294,ACCT201652,MERCH300042,purchase,30.01,mobile,2024-03-15 01:52:18,approved,False
TXN20240315006295,ACCT202582,MERCH300172,purchase,20.63,in_person,2024-03-15 21:32:36,approved,False
TXN20240315006296,ACCT204033,MERCH300276,purchase,38.39,web,2024-03-15 21:47:28,approved,False
TXN20240315006297,ACCT202863,MERCH300075,transfer,101.85,in_person,2024-03-15 10:26:23,approved,False
TXN20240315006298,ACCT205734,MERCH300189,purchase,31.36,web,2024-03-15 01:45:50,approved,False
TXN20240315006299,ACCT202216,MERCH300284,purchase,20.41,mobile,2024-03-15 10:17:04,declined,False
TXN20240315006300,ACCT200956,MERCH300184,withdrawal,42.17,mobile,2024-03-15 23:57:58,approved,False
TXN20240315006301,ACCT204194,MERCH300217,purchase,21.69,mobile,2024-03-15 08:09:34,approved,False
TXN20240315006302,ACCT205999,MERCH300234,transfer,30.05,web,2024-03-15 03:45:23,approved,False
TXN20240315006303,ACCT205937,MERCH300118,purchase,83.17,web,2024-03-15 21:35:18,declined,False
TXN20240315006304,ACCT206445,MERCH300250,purchase,70.39,web,2024-03-15 09:11:52,approved,False
TXN20240315006305,ACCT201429,MERCH300250,purchase,29.12,in_person,2024-03-15 15:26:34,approved,False
TXN20240315006306,ACCT203298,MERCH300059,transfer,15.33,atm,2024-03-15 19:55:15,reversed,False
TXN20240315006307,ACCT200487,MERCH300014,transfer,58.48,atm,2024-03-15 06:54:45,approved,False
TXN20240315006308,ACCT204017,MERCH300156,purchase,40.92,in_person,2024-03-15 19:53:15,approved,False
TXN20240315006309,ACCT203964,MERCH300288,purchase,116.91,in_person,2024-03-15 08:08:01,approved,False
TXN20240315006310,ACCT202008,MERCH300092,transfer,36.86,mobile,2024-03-15 18:54:35,approved,False
TXN20240315006311,ACCT203714,MERCH300170,purchase,23.35,atm,2024-03-15 17:17:27,approved,False
TXN20240315006312,ACCT205944,MERCH300108,purchase,66.38,mobile,2024-03-15 02:42:34,approved,False
TXN20240315006313,ACCT205351,MERCH300282,purchase,34.02,web,2024-03-15 06:20:21,approved,False
TXN20240315006314,ACCT202819,MERCH300148,purchase,16.24,in_person,2024-03-15 00:21:54,approved,False
TXN20240315006315,ACCT204266,MERCH300047,deposit,9.24,web,2024-03-15 02:18:25,approved,False
TXN20240315006316,ACCT203146,MERCH300150,purchase,15.88,in_person,2024-03-15 18:59:22,approved,False
TXN20240315006317,ACCT200669,MERCH300263,purchase,75.78,web,2024-03-15 22:23:24,approved,False
TXN20240315006318,ACCT206455,MERCH300276,transfer,136.72,atm,2024-03-15 09:37:58,approved,False
TXN20240315006319,ACCT200248,MERCH300065,purchase,160.69,mobile,2024-03-15 17:19:31,approved,False
TXN20240315006320,ACCT200945,MERCH300203,purchase,64.22,in_person,2024-03-15 07:23:58,declined,False
TXN20240315006321,ACCT202079,MERCH300029,purchase,27.53,web,2024-03-15 16:51:38,approved,False
TXN20240315006322,ACCT204439,MERCH300227,transfer,64.27,mobile,2024-03-15 02:10:48,approved,False
TXN20240315006323,ACCT204102,MERCH300174,purchase,11.1,in_person,2024-03-15 22:53:36,approved,False
TXN20240315006324,ACCT202921,MERCH300258,purchase,41.64,in_person,2024-03-15 10:33:41,approved,False
TXN20240315006325,ACCT202265,MERCH300227,purchase,7.81,in_person,2024-03-15 19:53:09,approved,False
TXN20240315006326,ACCT201060,MERCH300299,transfer,330.35,web,2024-03-15 06:00:31,approved,False
TXN20240315006327,ACCT201205,MERCH300113,purchase,35.45,web,2024-03-15 06:15:09,approved,False
TXN20240315006328,ACCT201235,MERCH300001,purchase,50.79,mobile,2024-03-15 11:17:44,approved,False
TXN20240315006329,ACCT206366,MERCH300027,purchase,25.54,mobile,2024-03-15 02:12:02,approved,False
TXN20240315006330,ACCT206171,MERCH300121,deposit,103.24,mobile,2024-03-15 03:41:17,approved,False
TXN20240315006331,ACCT201323,MERCH300119,purchase,29.48,mobile,2024-03-15 06:35:41,approved,False
TXN20240315006332,ACCT204041,MERCH300019,purchase,131.67,in_person,2024-03-15 15:29:11,approved,False
TXN20240315006333,ACCT203613,MERCH300091,purchase,18.51,in_person,2024-03-15 09:47:43,approved,False
TXN20240315006334,ACCT202535,MERCH300171,purchase,14.59,mobile,2024-03-15 19:43:04,approved,False
TXN20240315006335,ACCT202081,MERCH300267,purchase,41.25,web,2024-03-15 04:48:32,approved,False
TXN20240315006336,ACCT201564,MERCH300006,purchase,8.33,web,2024-03-15 15:41:02,approved,False
TXN20240315006337,ACCT203020,MERCH300049,withdrawal,12.74,in_person,2024-03-15 15:06:56,declined,False
TXN20240315006338,ACCT201866,MERCH300144,purchase,37.33,mobile,2024-03-15 06:03:16,approved,False
TXN20240315006339,ACCT202791,MERCH300199,withdrawal,202.46,web,2024-03-15 21:57:45,approved,False
TXN20240315006340,ACCT202847,MERCH300258,purchase,33.01,in_person,2024-03-15 08:08:49,approved,False
TXN20240315006341,ACCT204729,MERCH300184,purchase,27.46,atm,2024-03-15 16:20:59,approved,False
TXN20240315006342,ACCT204780,MERCH300091,purchase,47.68,in_person,2024-03-15 08:15:45,approved,False
TXN20240315006343,ACCT201522,MERCH300205,purchase,25.8,web,2024-03-15 14:41:43,approved,False
TXN20240315006344,ACCT202614,MERCH300076,withdrawal,14.17,in_person,2024-03-15 16:53:29,approved,False
TXN20240315006345,ACCT202182,MERCH300016,purchase,168.6,in_person,2024-03-15 05:04:40,approved,False
TXN20240315006346,ACCT200592,MERCH300249,purchase,44.68,in_person,2024-03-15 21:46:57,approved,False
TXN20240315006347,ACCT205005,MERCH300266,withdrawal,19.51,mobile,2024-03-15 12:58:02,approved,False
TXN20240315006348,ACCT206299,MERCH300213,withdrawal,14.06,atm,2024-03-15 03:04:40,approved,False
TXN20240315006349,ACCT200166,MERCH300159,purchase,28.83,web,2024-03-15 21:39:36,approved,False
TXN20240315006350,ACCT206432,MERCH300077,purchase,28.04,mobile,2024-03-15 14:35:33,approved,False
TXN20240315006351,ACCT204477,MERCH300293,purchase,136.56,mobile,2024-03-15 11:42:07,approved,False
TXN20240315006352,ACCT204619,MERCH300277,purchase,32.11,web,2024-03-15 23:36:23,approved,False
TXN20240315006353,ACCT201387,MERCH300139,withdrawal,31.63,in_person,2024-03-15 08:43:10,approved,False
TXN20240315006354,ACCT200581,MERCH300106,purchase,31.77,web,2024-03-15 10:55:52,approved,False
TXN20240315006355,ACCT204126,MERCH300079,purchase,28.74,mobile,2024-03-15 19:54:04,approved,False
TXN20240315006356,ACCT201623,MERCH300011,withdrawal,5.45,in_person,2024-03-15 22:04:04,approved,False
TXN20240315006357,ACCT205341,MERCH300071,purchase,19.53,mobile,2024-03-15 18:14:36,declined,False
TXN20240315006358,ACCT200901,MERCH300240,deposit,11.19,web,2024-03-15 09:31:26,approved,False
TXN20240315006359,ACCT200926,MERCH300190,transfer,34.02,in_person,2024-03-15 03:40:36,approved,True
TXN20240315006360,ACCT201521,MERCH300234,purchase,110.05,web,2024-03-15 00:40:32,approved,False
TXN20240315006361,ACCT203569,MERCH300030,purchase,18.06,mobile,2024-03-15 12:49:09,declined,False
TXN20240315006362,ACCT202269,MERCH300133,purchase,67.83,mobile,2024-03-15 06:46:58,approved,False
TXN20240315006363,ACCT205583,MERCH300111,purchase,22.64,web,2024-03-15 10:00:43,declined,False
TXN20240315006364,ACCT206039,MERCH300014,withdrawal,59.02,mobile,2024-03-15 12:25:14,approved,False
TXN20240315006365,ACCT203484,MERCH300002,purchase,3.81,in_person,2024-03-15 08:09:38,approved,False
TXN20240315006366,ACCT200080,MERCH300156,purchase,11.7,web,2024-03-15 17:02:22,approved,False
TXN20240315006367,ACCT205031,MERCH300137,transfer,15.44,web,2024-03-15 07:02:17,approved,False
TXN20240315006368,ACCT202319,MERCH300239,purchase,62.33,mobile,2024-03-15 13:51:47,approved,False
TXN20240315006369,ACCT201734,MERCH300196,withdrawal,36.13,in_person,2024-03-15 05:06:29,approved,False
TXN20240315006370,ACCT201018,MERCH300039,transfer,23.71,in_person,2024-03-15 16:09:26,approved,False
TXN20240315006371,ACCT204735,MERCH300019,purchase,15.13,web,2024-03-15 02:54:13,approved,False
TXN20240315006372,ACCT201592,MERCH300078,purchase,159.58,in_person,2024-03-15 02:03:38,approved,False
TXN20240315006373,ACCT204841,MERCH300214,purchase,49.54,atm,2024-03-15 17:47:56,approved,False
TXN20240315006374,ACCT202100,MERCH300056,purchase,45.37,mobile,2024-03-15 04:59:09,approved,False
TXN20240315006375,ACCT203355,MERCH300005,transfer,67.25,web,2024-03-15 14:29:17,approved,False
TXN20240315006376,ACCT201268,MERCH300094,withdrawal,23.7,web,2024-03-15 15:45:17,approved,False
TXN20240315006377,ACCT205968,MERCH300035,deposit,33.26,web,2024-03-15 16:59:08,approved,False
TXN20240315006378,ACCT202473,MERCH300032,deposit,164.76,mobile,2024-03-15 04:29:50,approved,False
TXN20240315006379,ACCT200844,MERCH300210,purchase,7.87,web,2024-03-15 14:36:21,approved,False
TXN20240315006380,ACCT206334,MERCH300094,purchase,27.93,web,2024-03-15 06:22:13,approved,False
TXN20240315006381,ACCT201872,MERCH300151,purchase,33.97,mobile,2024-03-15 21:35:35,approved,False
TXN20240315006382,ACCT203052,MERCH300078,purchase,21.23,web,2024-03-15 04:46:41,approved,False
TXN20240315006383,ACCT204016,MERCH300042,purchase,6.7,mobile,2024-03-15 02:47:39,approved,False
TXN20240315006384,ACCT202035,MERCH300049,purchase,16.74,web,2024-03-15 21:10:58,approved,False
TXN20240315006385,ACCT201177,MERCH300137,purchase,134.98,web,2024-03-15 09:59:41,approved,False
TXN20240315006386,ACCT202321,MERCH300252,purchase,35.16,web,2024-03-15 19:23:08,declined,False
TXN20240315006387,ACCT205437,MERCH300118,transfer,34.66,mobile,2024-03-15 13:41:25,approved,False
TXN20240315006388,ACCT202547,MERCH300021,transfer,28.17,in_person,2024-03-15 13:28:46,approved,False
TXN20240315006389,ACCT200528,MERCH300084,purchase,25.53,web,2024-03-15 06:22:02,approved,False
TXN20240315006390,ACCT205501,MERCH300117,purchase,102.55,mobile,2024-03-15 21:06:43,approved,False
TXN20240315006391,ACCT205599,MERCH300297,deposit,28.75,in_person,2024-03-15 23:54:01,approved,False
TXN20240315006392,ACCT204467,MERCH300266,deposit,69.34,web,2024-03-15 19:34:15,approved,False
TXN20240315006393,ACCT201630,MERCH300256,purchase,45.45,atm,2024-03-15 00:56:50,approved,False
TXN20240315006394,ACCT206016,MERCH300063,purchase,24.9,in_person,2024-03-15 14:35:32,approved,False
TXN20240315006395,ACCT204044,MERCH300045,purchase,86.59,web,2024-03-15 15:17:36,approved,False
TXN20240315006396,ACCT203353,MERCH300184,withdrawal,63.13,atm,2024-03-15 14:46:18,approved,False
TXN20240315006397,ACCT206282,MERCH300212,purchase,28.97,in_person,2024-03-15 17:22:24,approved,False
TXN20240315006398,ACCT205261,MERCH300182,purchase,55.47,in_person,2024-03-15 23:59:23,approved,False
TXN20240315006399,ACCT202806,MERCH300281,transfer,83.07,web,2024-03-15 16:59:02,approved,True
TXN20240315006400,ACCT201970,MERCH300208,purchase,19.2,web,2024-03-15 20:37:46,approved,False
TXN20240315006401,ACCT203428,MERCH300235,withdrawal,18.29,atm,2024-03-15 16:56:54,approved,False
TXN20240315006402,ACCT204424,MERCH300256,transfer,365.54,in_person,2024-03-15 03:06:03,approved,True
TXN20240315006403,ACCT201930,MERCH300028,purchase,3.38,in_person,2024-03-15 03:17:53,declined,False
TXN20240315006404,ACCT204762,MERCH300232,purchase,14.04,web,2024-03-15 16:22:12,reversed,False
TXN20240315006405,ACCT201553,MERCH300232,purchase,31.13,atm,2024-03-15 22:57:21,approved,False
TXN20240315006406,ACCT201415,MERCH300124,withdrawal,119.13,mobile,2024-03-15 03:48:15,declined,False
TXN20240315006407,ACCT204417,MERCH300083,deposit,28.92,mobile,2024-03-15 15:22:49,declined,False
TXN20240315006408,ACCT205977,MERCH300052,purchase,48.22,mobile,2024-03-15 23:29:49,approved,False
TXN20240315006409,ACCT203585,MERCH300082,purchase,27.08,atm,2024-03-15 00:12:13,approved,False
TXN20240315006410,ACCT200232,MERCH300290,transfer,28.86,web,2024-03-15 09:44:39,approved,False
TXN20240315006411,ACCT202842,MERCH300125,purchase,62.01,mobile,2024-03-15 20:50:19,approved,False
TXN20240315006412,ACCT205843,MERCH300147,purchase,31.03,web,2024-03-15 13:15:56,approved,False
TXN20240315006413,ACCT205320,MERCH300061,purchase,311.79,atm,2024-03-15 19:20:17,approved,False
TXN20240315006414,ACCT206297,MERCH300158,deposit,70.94,web,2024-03-15 18:52:17,approved,False
TXN20240315006415,ACCT200105,MERCH300185,purchase,57.63,mobile,2024-03-15 17:34:36,approved,False
TXN20240315006416,ACCT200681,MERCH300181,purchase,8.7,mobile,2024-03-15 14:13:07,approved,False
TXN20240315006417,ACCT203218,MERCH300176,purchase,49.65,mobile,2024-03-15 07:53:06,approved,False
TXN20240315006418,ACCT200251,MERCH300231,purchase,112.59,mobile,2024-03-15 05:00:53,approved,False
TXN20240315006419,ACCT201964,MERCH300030,withdrawal,11.09,in_person,2024-03-15 05:04:19,approved,False
TXN20240315006420,ACCT200405,MERCH300272,purchase,32.66,in_person,2024-03-15 23:40:50,declined,False
TXN20240315006421,ACCT203750,MERCH300179,purchase,32.83,in_person,2024-03-15 17:03:35,approved,False
TXN20240315006422,ACCT203720,MERCH300043,purchase,24.55,in_person,2024-03-15 19:24:10,approved,False
TXN20240315006423,ACCT203048,MERCH300042,purchase,25.66,web,2024-03-15 09:37:46,approved,False
TXN20240315006424,ACCT206199,MERCH300292,transfer,20.3,web,2024-03-15 06:11:43,approved,False
TXN20240315006425,ACCT203055,MERCH300069,transfer,188.67,mobile,2024-03-15 19:30:41,approved,False
TXN20240315006426,ACCT204391,MERCH300101,purchase,66.96,in_person,2024-03-15 23:35:59,declined,False
TXN20240315006427,ACCT201728,MERCH300065,purchase,46.18,in_person,2024-03-15 14:49:11,approved,False
TXN20240315006428,ACCT200606,MERCH300253,purchase,23.73,web,2024-03-15 18:36:12,approved,False
TXN20240315006429,ACCT200234,MERCH300163,purchase,18.2,mobile,2024-03-15 06:32:12,approved,False
TXN20240315006430,ACCT200517,MERCH300084,purchase,25.3,in_person,2024-03-15 19:24:25,approved,False
TXN20240315006431,ACCT203993,MERCH300108,deposit,68.3,web,2024-03-15 12:53:12,approved,False
TXN20240315006432,ACCT206083,MERCH300135,purchase,22.46,web,2024-03-15 18:42:00,approved,False
TXN20240315006433,ACCT204986,MERCH300265,purchase,30.88,in_person,2024-03-15 05:26:00,approved,False
TXN20240315006434,ACCT205742,MERCH300186,purchase,89.63,web,2024-03-15 04:17:02,approved,False
TXN20240315006435,ACCT201736,MERCH300259,purchase,12.5,mobile,2024-03-15 05:39:29,approved,True
TXN20240315006436,ACCT205774,MERCH300186,deposit,10.5,in_person,2024-03-15 08:17:22,approved,False
TXN20240315006437,ACCT203709,MERCH300058,deposit,50.35,mobile,2024-03-15 18:28:44,approved,False
TXN20240315006438,ACCT204065,MERCH300156,withdrawal,14.23,mobile,2024-03-15 15:22:51,approved,False
TXN20240315006439,ACCT200665,MERCH300148,withdrawal,43.95,mobile,2024-03-15 21:33:10,approved,False
TXN20240315006440,ACCT200740,MERCH300246,purchase,22.54,atm,2024-03-15 06:13:43,approved,False
TXN20240315006441,ACCT206330,MERCH300024,purchase,68.1,web,2024-03-15 04:13:52,approved,False
TXN20240315006442,ACCT203194,MERCH300160,purchase,62.19,in_person,2024-03-15 00:07:04,approved,False
TXN20240315006443,ACCT202709,MERCH300275,withdrawal,118.84,in_person,2024-03-15 02:08:37,approved,False
TXN20240315006444,ACCT204081,MERCH300155,deposit,3.19,in_person,2024-03-15 21:11:14,approved,False
TXN20240315006445,ACCT200880,MERCH300229,purchase,28.4,web,2024-03-15 18:25:48,approved,False
TXN20240315006446,ACCT202817,MERCH300019,deposit,89.81,web,2024-03-15 04:51:36,approved,False
TXN20240315006447,ACCT201692,MERCH300156,purchase,38.71,in_person,2024-03-15 12:53:32,approved,False
TXN20240315006448,ACCT206314,MERCH300038,purchase,111.2,in_person,2024-03-15 06:05:26,declined,False
TXN20240315006449,ACCT206331,MERCH300261,purchase,53.33,in_person,2024-03-15 06:50:04,declined,False
TXN20240315006450,ACCT204032,MERCH300073,purchase,15.36,in_person,2024-03-15 19:00:47,approved,False
TXN20240315006451,ACCT200119,MERCH300143,purchase,34.12,in_person,2024-03-15 15:30:16,approved,False
TXN20240315006452,ACCT201955,MERCH300268,transfer,36.0,mobile,2024-03-15 00:32:18,approved,False
TXN20240315006453,ACCT200241,MERCH300218,withdrawal,61.82,in_person,2024-03-15 07:17:03,approved,False
TXN20240315006454,ACCT203022,MERCH300071,transfer,31.32,in_person,2024-03-15 20:44:40,approved,False
TXN20240315006455,ACCT203948,MERCH300109,purchase,10.02,in_person,2024-03-15 11:12:07,reversed,False
TXN20240315006456,ACCT205592,MERCH300118,purchase,37.83,in_person,2024-03-15 07:52:59,approved,False
TXN20240315006457,ACCT204196,MERCH300281,transfer,18.47,in_person,2024-03-15 01:32:20,approved,False
TXN20240315006458,ACCT201777,MERCH300115,purchase,15.2,in_person,2024-03-15 12:27:38,approved,False
TXN20240315006459,ACCT200273,MERCH300239,purchase,162.75,mobile,2024-03-15 07:19:42,approved,False
TXN20240315006460,ACCT205956,MERCH300003,purchase,29.11,mobile,2024-03-15 14:42:51,approved,False
TXN20240315006461,ACCT202861,MERCH300246,purchase,54.68,in_person,2024-03-15 13:55:35,approved,False
TXN20240315006462,ACCT203644,MERCH300168,withdrawal,2.44,mobile,2024-03-15 22:39:29,approved,False
TXN20240315006463,ACCT200947,MERCH300222,purchase,61.94,in_person,2024-03-15 13:55:23,declined,False
TXN20240315006464,ACCT206399,MERCH300165,purchase,46.41,mobile,2024-03-15 13:22:46,approved,False
TXN20240315006465,ACCT205285,MERCH300081,purchase,238.41,in_person,2024-03-15 20:39:25,approved,False
TXN20240315006466,ACCT204532,MERCH300062,purchase,23.33,atm,2024-03-15 15:20:22,approved,False
TXN20240315006467,ACCT206314,MERCH300278,purchase,111.63,web,2024-03-15 04:54:13,approved,False
TXN20240315006468,ACCT200194,MERCH300024,purchase,35.05,web,2024-03-15 07:25:11,approved,False
TXN20240315006469,ACCT200264,MERCH300003,purchase,13.82,web,2024-03-15 14:58:57,approved,False
TXN20240315006470,ACCT200154,MERCH300220,purchase,236.58,mobile,2024-03-15 10:53:27,approved,False
TXN20240315006471,ACCT205280,MERCH300236,withdrawal,89.35,web,2024-03-15 22:07:17,approved,False
TXN20240315006472,ACCT206003,MERCH300162,purchase,103.26,in_person,2024-03-15 13:18:22,approved,False
TXN20240315006473,ACCT203126,MERCH300141,purchase,17.4,mobile,2024-03-15 18:57:06,approved,False
TXN20240315006474,ACCT200044,MERCH300056,purchase,47.3,web,2024-03-15 13:35:03,approved,False
TXN20240315006475,ACCT202147,MERCH300243,purchase,15.32,web,2024-03-15 19:35:21,approved,False
TXN20240315006476,ACCT203364,MERCH300082,purchase,24.38,in_person,2024-03-15 06:35:37,approved,False
TXN20240315006477,ACCT202451,MERCH300150,deposit,69.59,mobile,2024-03-15 18:40:36,approved,False
TXN20240315006478,ACCT203245,MERCH300098,purchase,65.75,in_person,2024-03-15 20:00:19,approved,False
TXN20240315006479,ACCT202998,MERCH300097,purchase,67.2,web,2024-03-15 02:06:09,approved,False
TXN20240315006480,ACCT202256,MERCH300170,purchase,18.39,web,2024-03-15 15:44:41,approved,False
TXN20240315006481,ACCT204760,MERCH300234,purchase,39.37,in_person,2024-03-15 13:44:09,approved,False
TXN20240315006482,ACCT206413,MERCH300166,transfer,48.07,in_person,2024-03-15 01:34:14,declined,False
TXN20240315006483,ACCT201081,MERCH300056,purchase,73.14,in_person,2024-03-15 05:49:08,reversed,False
TXN20240315006484,ACCT200502,MERCH300055,purchase,84.92,in_person,2024-03-15 18:35:53,approved,False
TXN20240315006485,ACCT203840,MERCH300086,transfer,18.08,web,2024-03-15 21:20:54,approved,False
TXN20240315006486,ACCT200459,MERCH300042,purchase,28.7,web,2024-03-15 11:39:47,approved,False
TXN20240315006487,ACCT203357,MERCH300295,purchase,13.68,web,2024-03-15 15:43:57,approved,False
TXN20240315006488,ACCT201126,MERCH300198,purchase,9.43,mobile,2024-03-15 03:10:49,approved,False
TXN20240315006489,ACCT201334,MERCH300001,purchase,5.49,in_person,2024-03-15 02:41:29,approved,False
TXN20240315006490,ACCT200453,MERCH300120,purchase,33.95,atm,2024-03-15 17:18:10,approved,False
TXN20240315006491,ACCT204186,MERCH300283,purchase,6.25,web,2024-03-15 02:26:38,approved,True
TXN20240315006492,ACCT203328,MERCH300138,purchase,40.58,mobile,2024-03-15 00:28:11,approved,False
TXN20240315006493,ACCT201008,MERCH300246,purchase,79.12,mobile,2024-03-15 11:03:13,approved,False
TXN20240315006494,ACCT203610,MERCH300190,purchase,36.59,web,2024-03-15 19:33:41,declined,False
TXN20240315006495,ACCT202189,MERCH300223,withdrawal,15.71,atm,2024-03-15 10:58:10,approved,False
TXN20240315006496,ACCT203154,MERCH300298,purchase,44.43,web,2024-03-15 09:14:06,approved,False
TXN20240315006497,ACCT202286,MERCH300117,withdrawal,17.51,in_person,2024-03-15 15:06:36,approved,False
TXN20240315006498,ACCT200024,MERCH300231,purchase,13.85,in_person,2024-03-15 01:57:23,approved,False
TXN20240315006499,ACCT201263,MERCH300069,purchase,62.53,in_person,2024-03-15 12:21:40,approved,False
TXN20240315006500,ACCT202573,MERCH300209,withdrawal,191.1,in_person,2024-03-15 09:10:28,approved,False
TXN20240315006501,ACCT200364,MERCH300120,purchase,70.82,mobile,2024-03-15 03:50:19,approved,False
TXN20240315006502,ACCT203759,MERCH300138,purchase,138.39,web,2024-03-15 18:08:25,declined,False
TXN20240315006503,ACCT204069,MERCH300124,purchase,9.38,web,2024-03-15 15:36:09,approved,False
TXN20240315006504,ACCT205787,MERCH300061,purchase,41.87,web,2024-03-15 16:48:49,approved,False
TXN20240315006505,ACCT202195,MERCH300091,purchase,8.99,in_person,2024-03-15 07:41:31,approved,False
TXN20240315006506,ACCT200193,MERCH300071,withdrawal,32.02,mobile,2024-03-15 22:13:01,approved,False
TXN20240315006507,ACCT205664,MERCH300247,purchase,89.76,atm,2024-03-15 23:28:54,approved,False
TXN20240315006508,ACCT201262,MERCH300077,transfer,64.96,web,2024-03-15 00:08:51,approved,False
TXN20240315006509,ACCT205389,MERCH300114,transfer,91.49,in_person,2024-03-15 15:43:38,approved,False
TXN20240315006510,ACCT203117,MERCH300283,withdrawal,20.84,mobile,2024-03-15 23:54:58,approved,False
TXN20240315006511,ACCT201178,MERCH300290,purchase,224.43,web,2024-03-15 05:15:17,approved,False
TXN20240315006512,ACCT201090,MERCH300059,purchase,7.29,mobile,2024-03-15 05:36:09,approved,False
TXN20240315006513,ACCT201118,MERCH300231,purchase,67.02,atm,2024-03-15 05:36:30,declined,False
TXN20240315006514,ACCT206413,MERCH300070,purchase,16.27,in_person,2024-03-15 15:34:11,approved,False
TXN20240315006515,ACCT203066,MERCH300145,purchase,29.09,mobile,2024-03-15 10:30:58,approved,False
TXN20240315006516,ACCT200540,MERCH300225,purchase,127.22,in_person,2024-03-15 08:21:25,approved,False
TXN20240315006517,ACCT204657,MERCH300017,purchase,111.5,web,2024-03-15 07:02:16,approved,False
TXN20240315006518,ACCT200204,MERCH300204,withdrawal,65.69,in_person,2024-03-15 14:32:36,approved,False
TXN20240315006519,ACCT201090,MERCH300057,deposit,4.05,in_person,2024-03-15 20:17:04,approved,False
TXN20240315006520,ACCT205185,MERCH300164,transfer,51.22,web,2024-03-15 12:59:09,approved,False
TXN20240315006521,ACCT204754,MERCH300103,withdrawal,32.28,in_person,2024-03-15 14:34:47,approved,False
TXN20240315006522,ACCT206001,MERCH300162,withdrawal,40.69,in_person,2024-03-15 02:42:26,approved,False
TXN20240315006523,ACCT200842,MERCH300015,deposit,15.75,web,2024-03-15 22:48:35,approved,False
TXN20240315006524,ACCT201796,MERCH300147,purchase,30.78,web,2024-03-15 02:47:45,approved,False
TXN20240315006525,ACCT204980,MERCH300175,purchase,62.29,in_person,2024-03-15 01:24:21,approved,False
TXN20240315006526,ACCT205813,MERCH300257,purchase,58.03,mobile,2024-03-15 16:31:13,approved,False
TXN20240315006527,ACCT200339,MERCH300051,purchase,11.9,in_person,2024-03-15 14:58:31,approved,False
TXN20240315006528,ACCT204942,MERCH300023,purchase,43.82,mobile,2024-03-15 03:16:20,approved,False
TXN20240315006529,ACCT203875,MERCH300257,deposit,295.55,web,2024-03-15 08:38:02,approved,False
TXN20240315006530,ACCT205235,MERCH300013,purchase,34.89,web,2024-03-15 06:35:08,approved,False
TXN20240315006531,ACCT205258,MERCH300218,transfer,315.31,web,2024-03-15 14:07:29,approved,False
TXN20240315006532,ACCT205393,MERCH300281,purchase,91.93,in_person,2024-03-15 08:48:50,approved,False
TXN20240315006533,ACCT201509,MERCH300079,purchase,54.43,mobile,2024-03-15 08:20:58,approved,False
TXN20240315006534,ACCT205303,MERCH300250,purchase,105.78,in_person,2024-03-15 16:50:44,approved,False
TXN20240315006535,ACCT202115,MERCH300189,deposit,96.18,in_person,2024-03-15 10:50:09,approved,False
TXN20240315006536,ACCT204746,MERCH300116,purchase,145.45,atm,2024-03-15 22:36:00,approved,False
TXN20240315006537,ACCT200313,MERCH300003,purchase,36.28,web,2024-03-15 17:32:25,approved,False
TXN20240315006538,ACCT205413,MERCH300167,purchase,26.51,in_person,2024-03-15 11:11:23,approved,False
TXN20240315006539,ACCT204815,MERCH300074,withdrawal,32.34,in_person,2024-03-15 19:57:02,approved,False
TXN20240315006540,ACCT204496,MERCH300196,purchase,21.47,in_person,2024-03-15 10:19:58,approved,False
TXN20240315006541,ACCT204837,MERCH300244,purchase,7.14,in_person,2024-03-15 23:56:30,approved,False
TXN20240315006542,ACCT201522,MERCH300000,withdrawal,80.16,web,2024-03-15 13:59:26,approved,False
TXN20240315006543,ACCT201542,MERCH300011,transfer,45.91,in_person,2024-03-15 11:53:00,approved,False
TXN20240315006544,ACCT204532,MERCH300183,deposit,14.1,in_person,2024-03-15 07:27:00,approved,False
TXN20240315006545,ACCT200962,MERCH300141,purchase,33.7,web,2024-03-15 19:33:50,approved,False
TXN20240315006546,ACCT200892,MERCH300278,withdrawal,13.45,web,2024-03-15 16:46:21,approved,False
TXN20240315006547,ACCT203749,MERCH300148,purchase,22.58,atm,2024-03-15 08:52:44,approved,False
TXN20240315006548,ACCT205671,MERCH300222,purchase,31.48,web,2024-03-15 00:05:58,approved,False
TXN20240315006549,ACCT200529,MERCH300268,purchase,97.93,web,2024-03-15 18:50:47,approved,False
TXN20240315006550,ACCT204611,MERCH300174,purchase,64.77,mobile,2024-03-15 18:50:40,approved,False
TXN20240315006551,ACCT200164,MERCH300269,purchase,74.19,web,2024-03-15 14:03:28,approved,False
TXN20240315006552,ACCT201426,MERCH300296,purchase,3.39,mobile,2024-03-15 23:47:25,approved,False
TXN20240315006553,ACCT203916,MERCH300152,withdrawal,80.42,mobile,2024-03-15 19:56:37,approved,False
TXN20240315006554,ACCT205652,MERCH300203,purchase,57.49,in_person,2024-03-15 16:06:19,declined,False
TXN20240315006555,ACCT201353,MERCH300001,withdrawal,16.7,mobile,2024-03-15 00:56:49,approved,False
TXN20240315006556,ACCT201705,MERCH300126,purchase,37.22,web,2024-03-15 07:38:10,approved,False
TXN20240315006557,ACCT200613,MERCH300120,withdrawal,15.13,web,2024-03-15 02:12:01,approved,False
TXN20240315006558,ACCT201090,MERCH300227,withdrawal,16.4,in_person,2024-03-15 22:00:37,approved,False
TXN20240315006559,ACCT206288,MERCH300012,purchase,27.82,mobile,2024-03-15 03:09:55,approved,False
TXN20240315006560,ACCT200332,MERCH300224,transfer,65.67,in_person,2024-03-15 10:07:50,declined,False
TXN20240315006561,ACCT205303,MERCH300114,purchase,41.66,in_person,2024-03-15 07:36:16,approved,False
TXN20240315006562,ACCT201102,MERCH300080,purchase,20.76,web,2024-03-15 15:44:28,reversed,False
TXN20240315006563,ACCT200445,MERCH300133,purchase,25.78,mobile,2024-03-15 03:05:21,approved,False
TXN20240315006564,ACCT202372,MERCH300170,purchase,15.45,web,2024-03-15 13:01:38,approved,False
TXN20240315006565,ACCT205409,MERCH300010,deposit,92.35,in_person,2024-03-15 18:45:51,approved,False
TXN20240315006566,ACCT204573,MERCH300254,purchase,95.38,mobile,2024-03-15 04:30:16,approved,False
TXN20240315006567,ACCT201871,MERCH300157,purchase,13.22,in_person,2024-03-15 21:37:19,approved,False
TXN20240315006568,ACCT205462,MERCH300208,purchase,7.32,web,2024-03-15 23:07:23,approved,False
TXN20240315006569,ACCT203736,MERCH300181,withdrawal,154.1,in_person,2024-03-15 23:19:55,approved,False
TXN20240315006570,ACCT201894,MERCH300261,transfer,11.07,web,2024-03-15 11:01:23,approved,False
TXN20240315006571,ACCT205210,MERCH300258,purchase,33.22,in_person,2024-03-15 14:30:10,approved,False
TXN20240315006572,ACCT201878,MERCH300136,deposit,23.6,atm,2024-03-15 12:19:59,approved,False
TXN20240315006573,ACCT200351,MERCH300124,purchase,75.5,in_person,2024-03-15 04:09:54,approved,False
