transaction_id,account_id,merchant_id,type,amount,channel,timestamp,status,is_fraud
TXN20240101000000,ACCT201318,MERCH300040,withdrawal,45.99,in_person,2024-01-01 08:22:54,approved,False
TXN20240101000001,ACCT204621,MERCH300079,purchase,93.83,in_person,2024-01-01 16:50:03,approved,False
TXN20240101000002,ACCT201710,MERCH300184,purchase,41.93,mobile,2024-01-01 21:20:30,approved,True
TXN20240101000003,ACCT202187,MERCH300059,purchase,190.96,in_person,2024-01-01 20:28:50,approved,False
TXN20240101000004,ACCT202768,MERCH300136,purchase,56.14,mobile,2024-01-01 13:18:18,approved,False
TXN20240101000005,ACCT204672,MERCH300201,transfer,38.93,mobile,2024-01-01 00:33:13,approved,False
TXN20240101000006,ACCT200574,MERCH300258,purchase,18.03,in_person,2024-01-01 00:33:36,approved,True
TXN20240101000007,ACCT200453,MERCH300271,purchase,54.13,in_person,2024-01-01 10:19:13,approved,False
TXN20240101000008,ACCT206479,MERCH300074,transfer,42.83,atm,2024-01-01 15:46:00,declined,False
TXN20240101000009,ACCT204459,MERCH300272,purchase,55.34,mobile,2024-01-01 01:09:02,approved,False
TXN20240101000010,ACCT205045,MERCH300199,transfer,39.06,atm,2024-01-01 09:46:28,approved,False
TXN20240101000011,ACCT204835,MERCH300192,transfer,30.27,in_person,2024-01-01 09:03:30,approved,False
TXN20240101000012,ACCT203540,MERCH300103,withdrawal,37.41,web,2024-01-01 11:15:01,approved,False
TXN20240101000013,ACCT202100,MERCH300074,purchase,104.1,in_person,2024-01-01 13:24:16,approved,False
TXN20240101000014,ACCT201846,MERCH300176,purchase,17.78,web,2024-01-01 06:25:45,approved,False
TXN20240101000015,ACCT201223,MERCH300048,purchase,16.14,in_person,2024-01-01 14:37:33,declined,False
TXN20240101000016,ACCT200955,MERCH300188,purchase,19.82,mobile,2024-01-01 10:56:36,approved,False
TXN20240101000017,ACCT201923,MERCH300287,purchase,26.66,web,2024-01-01 22:45:43,approved,False
TXN20240101000018,ACCT203112,MERCH300283,purchase,11.36,mobile,2024-01-01 07:32:54,approved,False
TXN20240101000019,ACCT204736,MERCH300168,purchase,38.62,in_person,2024-01-01 22:05:02,approved,False
TXN20240101000020,ACCT205379,MERCH300033,purchase,36.22,atm,2024-01-01 23:59:28,approved,False
TXN20240101000021,ACCT204300,MERCH300149,purchase,67.12,in_person,2024-01-01 07:19:12,approved,False
TXN20240101000022,ACCT204111,MERCH300278,purchase,52.49,atm,2024-01-01 09:37:40,approved,False
TXN20240101000023,ACCT205110,MERCH300219,withdrawal,10.28,mobile,2024-01-01 16:48:23,approved,False
TXN20240101000024,ACCT205292,MERCH300058,deposit,19.49,in_person,2024-01-01 11:41:09,approved,False
TXN20240101000025,ACCT203161,MERCH300030,purchase,68.33,mobile,2024-01-01 17:06:52,approved,False
TXN20240101000026,ACCT205498,MERCH300014,deposit,86.69,web,2024-01-01 06:15:30,approved,False
TXN20240101000027,ACCT200814,MERCH300160,purchase,47.38,in_person,2024-01-01 22:59:06,approved,False
TXN20240101000028,ACCT203320,MERCH300048,transfer,94.06,in_person,2024-01-01 16:46:13,approved,False
TXN20240101000029,ACCT203191,MERCH300108,purchase,95.87,atm,2024-01-01 02:37:44,approved,False
TXN20240101000030,ACCT203680,MERCH300006,purchase,11.3,atm,2024-01-01 05:26:28,approved,False
TXN20240101000031,ACCT204570,MERCH300179,withdrawal,50.81,web,2024-01-01 14:56:57,approved,False
TXN20240101000032,ACCT206156,MERCH300198,transfer,47.42,in_person,2024-01-01 07:43:03,approved,False
TXN20240101000033,ACCT204747,MERCH300053,purchase,35.42,in_person,2024-01-01 09:43:04,approved,False
TXN20240101000034,ACCT202993,MERCH300006,purchase,22.61,in_person,2024-01-01 15:54:41,approved,False
TXN20240101000035,ACCT200947,MERCH300164,transfer,59.25,web,2024-01-01 08:57:19,approved,False
TXN20240101000036,ACCT202747,MERCH300048,purchase,36.13,web,2024-01-01 21:51:52,declined,False
TXN20240101000037,ACCT201658,MERCH300281,purchase,6.75,web,2024-01-01 14:39:46,approved,False
TXN20240101000038,ACCT202260,MERCH300188,purchase,27.98,mobile,2024-01-01 10:13:01,declined,False
TXN20240101000039,ACCT200163,MERCH300256,purchase,53.02,atm,2024-01-01 06:16:56,approved,False
TXN20240101000040,ACCT204198,MERCH300070,purchase,108.24,in_person,2024-01-01 07:09:57,approved,False
TXN20240101000041,ACCT205895,MERCH300254,purchase,155.69,web,2024-01-01 00:48:14,approved,False
TXN20240101000042,ACCT200902,MERCH300185,purchase,17.45,web,2024-01-01 02:20:36,approved,False
TXN20240101000043,ACCT201503,MERCH300086,transfer,123.3,in_person,2024-01-01 18:13:38,approved,False
TXN20240101000044,ACCT201725,MERCH300249,withdrawal,23.91,web,2024-01-01 18:43:02,approved,False
TXN20240101000045,ACCT205678,MERCH300070,purchase,24.19,in_person,2024-01-01 02:33:43,declined,False
TXN20240101000046,ACCT201267,MERCH300271,purchase,47.88,in_person,2024-01-01 13:14:58,approved,False
TXN20240101000047,ACCT202014,MERCH300264,transfer,39.64,mobile,2024-01-01 07:22:24,approved,False
TXN20240101000048,ACCT203664,MERCH300176,deposit,22.22,in_person,2024-01-01 16:28:59,approved,False
TXN20240101000049,ACCT200237,MERCH300158,deposit,75.1,mobile,2024-01-01 14:47:40,approved,False
TXN20240101000050,ACCT201345,MERCH300066,withdrawal,12.22,in_person,2024-01-01 19:00:44,approved,False
TXN20240101000051,ACCT205215,MERCH300012,deposit,110.32,mobile,2024-01-01 14:45:32,approved,False
TXN20240101000052,ACCT201710,MERCH300252,purchase,9.73,mobile,2024-01-01 04:04:41,approved,False
TXN20240101000053,ACCT201329,MERCH300055,purchase,9.7,mobile,2024-01-01 15:51:56,approved,False
TXN20240101000054,ACCT205587,MERCH300239,purchase,107.58,in_person,2024-01-01 20:07:35,approved,False
TXN20240101000055,ACCT201546,MERCH300128,purchase,47.51,web,2024-01-01 23:14:32,approved,False
TXN20240101000056,ACCT204731,MERCH300177,purchase,11.33,atm,2024-01-01 16:22:10,approved,False
TXN20240101000057,ACCT202314,MERCH300124,purchase,22.54,in_person,2024-01-01 09:59:30,approved,False
TXN20240101000058,ACCT203174,MERCH300163,purchase,23.26,in_person,2024-01-01 12:23:51,declined,False
TXN20240101000059,ACCT200632,MERCH300274,purchase,28.49,in_person,2024-01-01 03:48:40,approved,False
TXN20240101000060,ACCT205947,MERCH300259,transfer,94.91,atm,2024-01-01 15:15:42,approved,False
TXN20240101000061,ACCT201967,MERCH300201,withdrawal,46.9,in_person,2024-01-01 03:23:09,approved,False
TXN20240101000062,ACCT203076,MERCH300074,purchase,26.45,in_person,2024-01-01 06:31:50,approved,False
TXN20240101000063,ACCT203402,MERCH300059,purchase,75.76,atm,2024-01-01 12:07:31,approved,False
TXN20240101000064,ACCT204540,MERCH300052,purchase,175.97,web,2024-01-01 11:01:27,approved,False
TXN20240101000065,ACCT206304,MERCH300218,purchase,231.51,in_person,2024-01-01 09:20:03,approved,False
TXN20240101000066,ACCT204613,MERCH300012,purchase,37.39,web,2024-01-01 15:47:53,approved,False
TXN20240101000067,ACCT201466,MERCH300110,transfer,23.98,in_person,2024-01-01 21:06:37,approved,False
TXN20240101000068,ACCT200560,MERCH300184,deposit,26.42,web,2024-01-01 22:49:18,approved,False
TXN20240101000069,ACCT202439,MERCH300210,purchase,333.08,in_person,2024-01-01 12:36:32,approved,False
TXN20240101000070,ACCT205933,MERCH300296,purchase,75.29,web,2024-01-01 13:16:54,approved,False
TXN20240101000071,ACCT202544,MERCH300128,purchase,8.68,web,2024-01-01 10:06:50,approved,False
TXN20240101000072,ACCT204964,MERCH300116,transfer,62.7,in_person,2024-01-01 21:33:17,approved,False
TXN20240101000073,ACCT201880,MERCH300222,purchase,16.93,web,2024-01-01 20:25:47,approved,False
TXN20240101000074,ACCT202258,MERCH300134,withdrawal,9.4,atm,2024-01-01 01:06:00,approved,False
TXN20240101000075,ACCT205321,MERCH300287,purchase,30.52,web,2024-01-01 19:40:25,approved,False
TXN20240101000076,ACCT202473,MERCH300035,purchase,42.13,atm,2024-01-01 00:50:32,approved,True
TXN20240101000077,ACCT203128,MERCH300060,withdrawal,67.98,atm,2024-01-01 17:27:39,approved,False
TXN20240101000078,ACCT202873,MERCH300142,purchase,2.88,in_person,2024-01-01 08:27:00,approved,False
TXN20240101000079,ACCT200817,MERCH300083,transfer,16.49,web,2024-01-01 12:52:18,approved,False
TXN20240101000080,ACCT204729,MERCH300229,purchase,26.03,mobile,2024-01-01 18:23:15,approved,False
TXN20240101000081,ACCT205100,MERCH300189,withdrawal,11.21,mobile,2024-01-01 05:14:23,approved,False
TXN20240101000082,ACCT200009,MERCH300173,deposit,22.51,mobile,2024-01-01 03:50:41,approved,False
TXN20240101000083,ACCT201728,MERCH300014,purchase,100.98,in_person,2024-01-01 13:31:04,declined,False
TXN20240101000084,ACCT203562,MERCH300218,purchase,43.78,atm,2024-01-01 20:56:44,approved,False
TXN20240101000085,ACCT200526,MERCH300075,purchase,64.73,in_person,2024-01-01 02:54:06,approved,False
TXN20240101000086,ACCT202253,MERCH300018,purchase,67.88,web,2024-01-01 09:48:30,approved,False
TXN20240101000087,ACCT202214,MERCH300258,purchase,63.99,mobile,2024-01-01 12:21:49,approved,False
TXN20240101000088,ACCT200002,MERCH300248,purchase,19.79,web,2024-01-01 05:43:52,approved,False
TXN20240101000089,ACCT204493,MERCH300194,transfer,101.86,web,2024-01-01 20:28:58,approved,False
TXN20240101000090,ACCT203183,MERCH300213,purchase,25.72,mobile,2024-01-01 14:45:25,approved,False
TXN20240101000091,ACCT202741,MERCH300217,purchase,19.3,atm,2024-01-01 12:55:29,approved,False
TXN20240101000092,ACCT202005,MERCH300190,withdrawal,23.22,web,2024-01-01 03:43:54,approved,False
TXN20240101000093,ACCT203858,MERCH300189,withdrawal,8.65,web,2024-01-01 01:29:07,approved,False
TXN20240101000094,ACCT200064,MERCH300102,purchase,54.7,in_person,2024-01-01 03:59:54,approved,False
TXN20240101000095,ACCT204198,MERCH300030,purchase,174.81,in_person,2024-01-01 00:51:05,approved,False
TXN20240101000096,ACCT204899,MERCH300201,purchase,25.16,in_person,2024-01-01 12:14:05,approved,False
TXN20240101000097,ACCT203121,MERCH300237,transfer,124.79,web,2024-01-01 20:56:02,approved,False
TXN20240101000098,ACCT205053,MERCH300081,purchase,9.34,web,2024-01-01 18:28:13,approved,False
TXN20240101000099,ACCT205790,MERCH300142,purchase,38.63,in_person,2024-01-01 05:15:52,approved,False
TXN20240101000100,ACCT205733,MERCH300138,purchase,12.65,in_person,2024-01-01 04:17:12,approved,False
TXN20240101000101,ACCT200914,MERCH300135,purchase,39.13,in_person,2024-01-01 12:47:26,approved,False
TXN20240101000102,ACCT201708,MERCH300010,purchase,95.06,mobile,2024-01-01 18:23:48,approved,False
TXN20240101000103,ACCT201808,MERCH300265,purchase,74.2,in_person,2024-01-01 18:39:52,approved,False
TXN20240101000104,ACCT202600,MERCH300165,purchase,38.95,web,2024-01-01 12:26:26,approved,False
TXN20240101000105,ACCT203231,MERCH300247,purchase,1198.44,mobile,2024-01-01 06:59:21,reversed,False
TXN20240101000106,ACCT204338,MERCH300239,transfer,6.85,mobile,2024-01-01 11:08:27,approved,False
TXN20240101000107,ACCT200354,MERCH300140,withdrawal,28.91,mobile,2024-01-01 17:35:35,approved,False
TXN20240101000108,ACCT204272,MERCH300284,withdrawal,36.09,in_person,2024-01-01 21:21:19,approved,False
TXN20240101000109,ACCT201716,MERCH300101,purchase,65.49,in_person,2024-01-01 01:47:40,approved,False
TXN20240101000110,ACCT204543,MERCH300130,deposit,15.3,in_person,2024-01-01 18:56:48,approved,False
TXN20240101000111,ACCT205678,MERCH300205,purchase,147.84,mobile,2024-01-01 17:20:03,declined,False
TXN20240101000112,ACCT202248,MERCH300088,withdrawal,23.19,in_person,2024-01-01 05:54:49,approved,False
TXN20240101000113,ACCT206166,MERCH300087,withdrawal,40.26,in_person,2024-01-01 01:36:40,approved,True
TXN20240101000114,ACCT203549,MERCH300084,purchase,96.41,in_person,2024-01-01 07:03:03,approved,False
TXN20240101000115,ACCT204894,MERCH300122,purchase,56.82,web,2024-01-01 06:46:47,approved,False
TXN20240101000116,ACCT201219,MERCH300103,withdrawal,71.34,in_person,2024-01-01 02:33:29,approved,False
TXN20240101000117,ACCT205322,MERCH300210,purchase,6.66,web,2024-01-01 06:58:01,approved,False
TXN20240101000118,ACCT201546,MERCH300219,deposit,27.37,in_person,2024-01-01 04:27:04,approved,False
TXN20240101000119,ACCT202871,MERCH300085,withdrawal,6.7,web,2024-01-01 21:15:03,approved,False
TXN20240101000120,ACCT202618,MERCH300231,deposit,31.33,in_person,2024-01-01 02:10:24,approved,False
TXN20240101000121,ACCT201543,MERCH300218,purchase,41.25,web,2024-01-01 12:04:31,approved,False
TXN20240101000122,ACCT202941,MERCH300152,purchase,44.31,mobile,2024-01-01 07:42:14,approved,False
TXN20240101000123,ACCT201338,MERCH300076,deposit,79.68,web,2024-01-01 20:58:58,approved,False
TXN20240101000124,ACCT204056,MERCH300197,transfer,60.95,in_person,2024-01-01 11:38:01,approved,False
TXN20240101000125,ACCT206050,MERCH300146,purchase,3.56,web,2024-01-01 13:36:58,approved,False
TXN20240101000126,ACCT202614,MERCH300262,purchase,16.13,web,2024-01-01 09:01:09,approved,False
TXN20240101000127,ACCT203263,MERCH300299,purchase,37.51,web,2024-01-01 19:01:06,approved,False
TXN20240101000128,ACCT202028,MERCH300052,deposit,61.28,in_person,2024-01-01 16:29:29,approved,False
TXN20240101000129,ACCT204535,MERCH300186,withdrawal,108.27,atm,2024-01-01 13:31:45,approved,False
TXN20240101000130,ACCT205372,MERCH300204,purchase,65.1,web,2024-01-01 09:25:39,approved,False
TXN20240101000131,ACCT202129,MERCH300210,deposit,13.0,web,2024-01-01 10:56:47,approved,False
TXN20240101000132,ACCT201390,MERCH300006,purchase,93.96,in_person,2024-01-01 06:19:27,approved,False
TXN20240101000133,ACCT200071,MERCH300127,purchase,39.79,mobile,2024-01-01 15:59:52,approved,False
TXN20240101000134,ACCT200944,MERCH300059,purchase,146.92,in_person,2024-01-01 07:15:45,approved,False
TXN20240101000135,ACCT200872,MERCH300274,purchase,10.98,mobile,2024-01-01 06:19:02,approved,False
TXN20240101000136,ACCT204084,MERCH300289,purchase,67.16,in_person,2024-01-01 11:17:30,approved,False
TXN20240101000137,ACCT200617,MERCH300291,purchase,35.23,in_person,2024-01-01 22:46:58,approved,False
TXN20240101000138,ACCT201837,MERCH300005,purchase,27.18,mobile,2024-01-01 10:19:43,approved,False
TXN20240101000139,ACCT205771,MERCH300293,deposit,130.55,web,2024-01-01 21:27:49,approved,False
TXN20240101000140,ACCT203963,MERCH300055,purchase,21.55,in_person,2024-01-01 12:06:43,approved,False
TXN20240101000141,ACCT201914,MERCH300016,purchase,68.11,mobile,2024-01-01 01:23:36,approved,False
TXN20240101000142,ACCT206304,MERCH300287,purchase,48.58,atm,2024-01-01 14:11:20,approved,False
TXN20240101000143,ACCT201440,MERCH300065,purchase,29.97,web,2024-01-01 22:45:04,approved,False
TXN20240101000144,ACCT206395,MERCH300040,withdrawal,20.31,web,2024-01-01 21:48:18,approved,False
TXN20240101000145,ACCT202504,MERCH300270,deposit,148.9,web,2024-01-01 04:16:14,approved,False
TXN20240101000146,ACCT200198,MERCH300166,purchase,34.38,web,2024-01-01 06:59:43,approved,False
TXN20240101000147,ACCT206043,MERCH300136,purchase,63.33,mobile,2024-01-01 16:25:20,approved,False
TXN20240101000148,ACCT200300,MERCH300063,purchase,114.77,web,2024-01-01 10:50:21,approved,False
TXN20240101000149,ACCT200766,MERCH300123,purchase,22.44,in_person,2024-01-01 19:14:51,approved,False
TXN20240101000150,ACCT206248,MERCH300176,purchase,15.26,in_person,2024-01-01 12:51:11,approved,False
TXN20240101000151,ACCT206059,MERCH300067,purchase,18.72,web,2024-01-01 05:08:45,approved,False
TXN20240101000152,ACCT206021,MERCH300267,withdrawal,47.52,mobile,2024-01-01 07:21:21,approved,False
TXN20240101000153,ACCT201665,MERCH300252,transfer,134.0,web,2024-01-01 02:22:56,approved,False
TXN20240101000154,ACCT201382,MERCH300082,purchase,6.53,in_person,2024-01-01 06:11:57,approved,False
TXN20240101000155,ACCT204721,MERCH300022,purchase,153.11,web,2024-01-01 18:57:25,approved,False
TXN20240101000156,ACCT206358,MERCH300231,withdrawal,49.33,mobile,2024-01-01 05:17:46,approved,False
TXN20240101000157,ACCT202198,MERCH300208,purchase,61.19,in_person,2024-01-01 10:25:55,approved,False
TXN20240101000158,ACCT200058,MERCH300050,purchase,60.93,mobile,2024-01-01 04:01:36,approved,False
TXN20240101000159,ACCT205208,MERCH300112,purchase,10.36,web,2024-01-01 11:40:53,approved,False
TXN20240101000160,ACCT205767,MERCH300241,purchase,26.7,mobile,2024-01-01 23:10:40,approved,False
TXN20240101000161,ACCT202975,MERCH300288,purchase,22.2,in_person,2024-01-01 18:17:01,approved,False
TXN20240101000162,ACCT203764,MERCH300234,withdrawal,23.41,web,2024-01-01 18:55:36,approved,False
TXN20240101000163,ACCT202630,MERCH300262,purchase,29.15,atm,2024-01-01 06:51:14,approved,False
TXN20240101000164,ACCT203755,MERCH300066,transfer,167.5,web,2024-01-01 07:06:35,approved,False
TXN20240101000165,ACCT203611,MERCH300231,purchase,56.15,in_person,2024-01-01 02:37:47,approved,False
TXN20240101000166,ACCT200509,MERCH300013,purchase,35.15,atm,2024-01-01 22:44:11,approved,False
TXN20240101000167,ACCT201342,MERCH300174,deposit,39.7,web,2024-01-01 22:57:39,approved,False
TXN20240101000168,ACCT200633,MERCH300173,purchase,28.54,mobile,2024-01-01 08:14:32,approved,False
TXN20240101000169,ACCT205568,MERCH300233,purchase,166.38,in_person,2024-01-01 16:19:13,approved,False
TXN20240101000170,ACCT202331,MERCH300205,withdrawal,43.25,mobile,2024-01-01 05:14:45,approved,False
TXN20240101000171,ACCT203572,MERCH300130,deposit,82.48,atm,2024-01-01 15:32:46,approved,False
TXN20240101000172,ACCT205592,MERCH300296,purchase,43.88,web,2024-01-01 02:36:00,approved,False
TXN20240101000173,ACCT206152,MERCH300120,purchase,85.73,in_person,2024-01-01 07:11:18,approved,False
TXN20240101000174,ACCT202409,MERCH300194,transfer,89.6,web,2024-01-01 09:01:04,approved,False
TXN20240101000175,ACCT202769,MERCH300117,deposit,10.0,in_person,2024-01-01 23:08:36,declined,False
TXN20240101000176,ACCT205167,MERCH300039,transfer,14.41,web,2024-01-01 11:12:52,approved,False
TXN20240101000177,ACCT205695,MERCH300221,purchase,68.7,web,2024-01-01 05:35:56,approved,False
TXN20240101000178,ACCT202431,MERCH300112,withdrawal,58.89,in_person,2024-01-01 01:12:23,approved,False
TXN20240101000179,ACCT201853,MERCH300064,purchase,11.54,atm,2024-01-01 04:48:14,approved,False
TXN20240101000180,ACCT200385,MERCH300069,purchase,479.3,mobile,2024-01-01 05:38:18,approved,False
TXN20240101000181,ACCT205877,MERCH300115,purchase,9.24,web,2024-01-01 07:11:03,approved,False
TXN20240101000182,ACCT205158,MERCH300004,purchase,37.21,web,2024-01-01 03:59:20,approved,False
TXN20240101000183,ACCT201968,MERCH300151,withdrawal,76.62,mobile,2024-01-01 17:42:39,approved,False
TXN20240101000184,ACCT203786,MERCH300118,purchase,120.81,web,2024-01-01 09:52:01,approved,False
TXN20240101000185,ACCT202168,MERCH300001,transfer,54.93,atm,2024-01-01 05:40:43,approved,False
TXN20240101000186,ACCT205613,MERCH300087,purchase,65.16,in_person,2024-01-01 12:39:50,approved,False
TXN20240101000187,ACCT205773,MERCH300186,purchase,222.32,in_person,2024-01-01 07:28:18,approved,False
TXN20240101000188,ACCT204258,MERCH300022,purchase,9.98,web,2024-01-01 16:39:46,approved,False
TXN20240101000189,ACCT202326,MERCH300063,withdrawal,71.83,in_person,2024-01-01 12:46:28,approved,False
TXN20240101000190,ACCT205614,MERCH300017,purchase,45.67,web,2024-01-01 22:59:59,approved,False
TXN20240101000191,ACCT206042,MERCH300182,transfer,54.66,web,2024-01-01 15:35:30,approved,False
TXN20240101000192,ACCT203775,MERCH300018,transfer,15.32,in_person,2024-01-01 08:45:35,declined,False
TXN20240101000193,ACCT201668,MERCH300053,purchase,40.8,in_person,2024-01-01 03:56:48,reversed,False
TXN20240101000194,ACCT202312,MERCH300125,purchase,27.72,in_person,2024-01-01 02:36:16,approved,False
TXN20240101000195,ACCT206274,MERCH300271,purchase,27.78,in_person,2024-01-01 15:45:41,approved,False
TXN20240101000196,ACCT203967,MERCH300069,purchase,122.18,in_person,2024-01-01 00:11:51,approved,True
TXN20240101000197,ACCT206134,MERCH300092,purchase,40.36,in_person,2024-01-01 09:53:16,approved,False
TXN20240101000198,ACCT205455,MERCH300228,purchase,56.09,atm,2024-01-01 00:58:48,approved,False
TXN20240101000199,ACCT200761,MERCH300205,purchase,137.27,in_person,2024-01-01 08:21:16,approved,False
TXN20240101000200,ACCT205314,MERCH300149,purchase,131.89,in_person,2024-01-01 21:53:36,declined,False
TXN20240101000201,ACCT203293,MERCH300007,purchase,15.46,atm,2024-01-01 01:48:19,approved,False
TXN20240101000202,ACCT205956,MERCH300074,deposit,33.99,mobile,2024-01-01 23:13:37,approved,False
TXN20240101000203,ACCT205778,MERCH300037,withdrawal,51.88,in_person,2024-01-01 23:59:08,approved,False
TXN20240101000204,ACCT205411,MERCH300255,purchase,84.58,mobile,2024-01-01 20:35:48,approved,False
TXN20240101000205,ACCT205902,MERCH300026,purchase,233.06,mobile,2024-01-01 16:09:08,approved,False
TXN20240101000206,ACCT206469,MERCH300270,purchase,81.36,mobile,2024-01-01 04:06:20,approved,False
TXN20240101000207,ACCT204046,MERCH300179,purchase,7.51,web,2024-01-01 02:30:49,approved,False
TXN20240101000208,ACCT204960,MERCH300137,purchase,8.54,web,2024-01-01 22:31:05,approved,False
TXN20240101000209,ACCT202710,MERCH300163,deposit,41.64,atm,2024-01-01 08:51:49,declined,True
TXN20240101000210,ACCT204568,MERCH300242,purchase,38.89,web,2024-01-01 10:30:24,approved,False
TXN20240101000211,ACCT202774,MERCH300003,purchase,5.98,mobile,2024-01-01 01:23:15,approved,False
TXN20240101000212,ACCT205950,MERCH300051,purchase,63.61,in_person,2024-01-01 01:19:49,approved,False
TXN20240101000213,ACCT202860,MERCH300262,purchase,400.54,mobile,2024-01-01 12:30:51,approved,False
TXN20240101000214,ACCT204165,MERCH300141,deposit,22.44,atm,2024-01-01 09:15:51,approved,False
TXN20240101000215,ACCT200207,MERCH300008,purchase,57.87,in_person,2024-01-01 16:44:34,declined,False
TXN20240101000216,ACCT201607,MERCH300059,purchase,36.24,in_person,2024-01-01 20:08:11,approved,False
TXN20240101000217,ACCT200398,MERCH300077,purchase,60.79,mobile,2024-01-01 01:49:42,approved,False
TXN20240101000218,ACCT204757,MERCH300045,purchase,76.82,mobile,2024-01-01 23:12:42,approved,False
TXN20240101000219,ACCT202238,MERCH300263,purchase,8.65,mobile,2024-01-01 22:11:52,approved,False
TXN20240101000220,ACCT201021,MERCH300057,purchase,107.76,atm,2024-01-01 13:58:44,approved,False
TXN20240101000221,ACCT205191,MERCH300284,withdrawal,39.34,in_person,2024-01-01 08:23:18,approved,False
TXN20240101000222,ACCT204877,MERCH300277,purchase,17.25,mobile,2024-01-01 03:40:26,approved,False
TXN20240101000223,ACCT200571,MERCH300233,purchase,103.18,web,2024-01-01 05:23:39,approved,False
TXN20240101000224,ACCT205733,MERCH300240,purchase,21.91,in_person,2024-01-01 16:58:46,approved,False
TXN20240101000225,ACCT206348,MERCH300293,purchase,13.86,in_person,2024-01-01 03:09:18,approved,False
TXN20240101000226,ACCT204567,MERCH300121,purchase,46.57,mobile,2024-01-01 23:27:15,approved,True
TXN20240101000227,ACCT202372,MERCH300155,purchase,61.09,mobile,2024-01-01 03:05:54,approved,False
TXN20240101000228,ACCT205424,MERCH300190,withdrawal,25.09,web,2024-01-01 18:34:59,approved,False
TXN20240101000229,ACCT200302,MERCH300162,purchase,173.63,web,2024-01-01 20:44:17,approved,False
TXN20240101000230,ACCT204893,MERCH300138,purchase,93.38,mobile,2024-01-01 07:28:03,approved,False
TXN20240101000231,ACCT200856,MERCH300040,purchase,43.42,in_person,2024-01-01 11:51:37,approved,False
TXN20240101000232,ACCT203236,MERCH300249,withdrawal,44.76,in_person,2024-01-01 13:46:00,approved,False
TXN20240101000233,ACCT205220,MERCH300243,purchase,37.94,web,2024-01-01 19:57:11,approved,False
TXN20240101000234,ACCT204780,MERCH300201,withdrawal,39.06,web,2024-01-01 01:59:31,approved,False
TXN20240101000235,ACCT200428,MERCH300187,purchase,48.05,mobile,2024-01-01 05:57:22,approved,False
TXN20240101000236,ACCT203797,MERCH300176,transfer,12.79,web,2024-01-01 03:25:02,approved,False
TXN20240101000237,ACCT204052,MERCH300285,purchase,52.05,mobile,2024-01-01 07:59:21,approved,False
TXN20240101000238,ACCT202493,MERCH300183,transfer,18.88,atm,2024-01-01 16:39:40,approved,False
TXN20240101000239,ACCT206146,MERCH300083,purchase,52.78,web,2024-01-01 09:04:45,approved,False
TXN20240101000240,ACCT204875,MERCH300143,deposit,52.81,web,2024-01-01 11:04:45,approved,False
TXN20240101000241,ACCT205181,MERCH300118,transfer,5.01,atm,2024-01-01 10:23:17,approved,False
TXN20240101000242,ACCT206452,MERCH300125,purchase,84.74,in_person,2024-01-01 00:33:39,approved,False
TXN20240101000243,ACCT204829,MERCH300185,withdrawal,30.83,mobile,2024-01-01 02:04:19,approved,False
TXN20240101000244,ACCT200152,MERCH300146,purchase,28.82,web,2024-01-01 05:34:39,approved,False
TXN20240101000245,ACCT205586,MERCH300251,deposit,62.15,web,2024-01-01 01:40:00,approved,False
TXN20240101000246,ACCT203100,MERCH300268,purchase,23.34,mobile,2024-01-01 19:41:24,approved,False
TXN20240101000247,ACCT205302,MERCH300261,purchase,13.2,in_person,2024-01-01 23:58:18,approved,False
TXN20240101000248,ACCT204874,MERCH300290,purchase,23.32,in_person,2024-01-01 11:21:40,approved,False
TXN20240101000249,ACCT204399,MERCH300294,transfer,34.1,in_person,2024-01-01 15:02:16,approved,False
TXN20240101000250,ACCT205255,MERCH300055,deposit,35.27,mobile,2024-01-01 01:57:17,approved,False
TXN20240101000251,ACCT205849,MERCH300096,purchase,31.19,in_person,2024-01-01 01:31:32,approved,False
TXN20240101000252,ACCT201066,MERCH300299,purchase,55.67,mobile,2024-01-01 14:37:39,approved,False
TXN20240101000253,ACCT202089,MERCH300068,withdrawal,44.32,in_person,2024-01-01 18:31:24,approved,False
TXN20240101000254,ACCT205731,MERCH300062,purchase,13.96,web,2024-01-01 22:29:53,approved,False
TXN20240101000255,ACCT205918,MERCH300151,deposit,155.15,web,2024-01-01 08:09:58,approved,False
TXN20240101000256,ACCT206443,MERCH300111,purchase,14.25,in_person,2024-01-01 10:33:36,approved,False
TXN20240101000257,ACCT202404,MERCH300260,purchase,41.19,web,2024-01-01 19:50:32,approved,False
TXN20240101000258,ACCT204962,MERCH300141,purchase,92.76,in_person,2024-01-01 03:06:31,reversed,False
TXN20240101000259,ACCT201857,MERCH300097,deposit,34.81,in_person,2024-01-01 22:23:04,approved,True
TXN20240101000260,ACCT203124,MERCH300091,purchase,4.84,web,2024-01-01 07:56:24,approved,False
TXN20240101000261,ACCT204572,MERCH300159,deposit,12.43,web,2024-01-01 00:25:48,approved,False
TXN20240101000262,ACCT201804,MERCH300242,purchase,20.62,in_person,2024-01-01 18:09:41,approved,False
TXN20240101000263,ACCT200523,MERCH300051,purchase,12.57,web,2024-01-01 23:57:03,approved,False
TXN20240101000264,ACCT200316,MERCH300157,purchase,17.5,web,2024-01-01 11:08:08,declined,False
TXN20240101000265,ACCT202780,MERCH300103,transfer,144.13,atm,2024-01-01 03:14:50,approved,False
TXN20240101000266,ACCT205154,MERCH300049,purchase,15.99,web,2024-01-01 03:27:44,approved,False
TXN20240101000267,ACCT201820,MERCH300014,purchase,17.82,atm,2024-01-01 07:23:24,approved,False
TXN20240101000268,ACCT205111,MERCH300246,withdrawal,13.35,web,2024-01-01 12:24:56,approved,False
TXN20240101000269,ACCT201224,MERCH300231,purchase,30.02,mobile,2024-01-01 15:46:03,approved,False
TXN20240101000270,ACCT205377,MERCH300276,transfer,25.87,in_person,2024-01-01 16:33:45,approved,False
TXN20240101000271,ACCT205018,MERCH300120,transfer,75.78,web,2024-01-01 17:28:58,approved,False
TXN20240101000272,ACCT206104,MERCH300024,purchase,3.7,web,2024-01-01 05:42:26,approved,False
TXN20240101000273,ACCT200556,MERCH300166,purchase,12.71,mobile,2024-01-01 04:36:29,approved,False
TXN20240101000274,ACCT205762,MERCH300204,purchase,81.34,mobile,2024-01-01 22:37:12,reversed,False
TXN20240101000275,ACCT202022,MERCH300074,purchase,6.07,mobile,2024-01-01 03:28:51,approved,False
TXN20240101000276,ACCT203104,MERCH300010,transfer,7.19,in_person,2024-01-01 12:33:43,reversed,False
TXN20240101000277,ACCT201060,MERCH300032,purchase,99.61,web,2024-01-01 06:16:25,approved,False
TXN20240101000278,ACCT205276,MERCH300188,deposit,110.54,mobile,2024-01-01 17:24:14,approved,False
TXN20240101000279,ACCT203257,MERCH300218,purchase,36.86,in_person,2024-01-01 07:09:27,approved,False
TXN20240101000280,ACCT200711,MERCH300012,purchase,83.92,in_person,2024-01-01 02:04:27,approved,False
TXN20240101000281,ACCT204178,MERCH300044,purchase,115.18,mobile,2024-01-01 07:51:21,approved,False
TXN20240101000282,ACCT201322,MERCH300109,purchase,21.52,in_person,2024-01-01 02:48:50,approved,False
TXN20240101000283,ACCT200743,MERCH300271,deposit,165.89,in_person,2024-01-01 04:16:22,approved,False
TXN20240101000284,ACCT202415,MERCH300264,withdrawal,118.53,mobile,2024-01-01 11:27:06,approved,False
TXN20240101000285,ACCT204482,MERCH300264,purchase,108.77,atm,2024-01-01 23:59:47,reversed,False
TXN20240101000286,ACCT203505,MERCH300165,deposit,32.94,web,2024-01-01 04:31:43,approved,False
TXN20240101000287,ACCT201741,MERCH300248,purchase,15.35,atm,2024-01-01 19:00:01,approved,False
TXN20240101000288,ACCT202131,MERCH300274,purchase,40.29,mobile,2024-01-01 12:34:41,approved,True
TXN20240101000289,ACCT205564,MERCH300151,transfer,127.59,web,2024-01-01 23:52:29,approved,False
TXN20240101000290,ACCT204103,MERCH300236,purchase,67.17,mobile,2024-01-01 12:13:40,approved,False
TXN20240101000291,ACCT200253,MERCH300167,purchase,21.56,atm,2024-01-01 02:56:15,approved,False
TXN20240101000292,ACCT205033,MERCH300011,transfer,23.16,mobile,2024-01-01 09:45:10,approved,False
TXN20240101000293,ACCT201307,MERCH300244,purchase,10.25,in_person,2024-01-01 01:03:33,declined,False
TXN20240101000294,ACCT200754,MERCH300276,purchase,63.0,in_person,2024-01-01 05:59:03,approved,False
TXN20240101000295,ACCT200015,MERCH300053,transfer,24.18,web,2024-01-01 12:37:12,approved,False
TXN20240101000296,ACCT201824,MERCH300098,purchase,315.52,in_person,2024-01-01 21:12:02,approved,False
TXN20240101000297,ACCT204422,MERCH300179,transfer,44.07,in_person,2024-01-01 14:46:20,approved,False
TXN20240101000298,ACCT201928,MERCH300286,transfer,25.54,web,2024-01-01 08:49:54,approved,False
TXN20240101000299,ACCT202017,MERCH300233,purchase,37.73,in_person,2024-01-01 15:36:31,approved,False
TXN20240101000300,ACCT201882,MERCH300051,purchase,135.9,in_person,2024-01-01 05:57:44,approved,False
TXN20240101000301,ACCT200435,MERCH300104,transfer,24.5,mobile,2024-01-01 02:52:44,approved,False
TXN20240101000302,ACCT200599,MERCH300050,purchase,22.64,in_person,2024-01-01 17:18:07,approved,False
TXN20240101000303,ACCT203381,MERCH300259,purchase,43.43,web,2024-01-01 20:07:56,approved,False
TXN20240101000304,ACCT203755,MERCH300063,purchase,44.41,web,2024-01-01 14:48:09,approved,False
TXN20240101000305,ACCT205902,MERCH300273,purchase,70.48,atm,2024-01-01 11:56:14,approved,False
TXN20240101000306,ACCT200109,MERCH300160,purchase,21.01,in_person,2024-01-01 10:17:39,approved,False
TXN20240101000307,ACCT200645,MERCH300269,transfer,33.47,in_person,2024-01-01 08:33:28,approved,False
TXN20240101000308,ACCT204732,MERCH300030,purchase,379.17,web,2024-01-01 23:30:12,declined,False
TXN20240101000309,ACCT205456,MERCH300015,purchase,138.46,web,2024-01-01 12:20:20,approved,False
TXN20240101000310,ACCT206406,MERCH300251,deposit,138.47,mobile,2024-01-01 20:32:24,approved,False
TXN20240101000311,ACCT200007,MERCH300178,purchase,67.36,in_person,2024-01-01 00:31:36,approved,False
TXN20240101000312,ACCT204478,MERCH300217,purchase,22.78,in_person,2024-01-01 08:59:47,approved,False
TXN20240101000313,ACCT201868,MERCH300207,deposit,26.87,in_person,2024-01-01 05:20:21,approved,False
TXN20240101000314,ACCT201372,MERCH300223,purchase,21.71,mobile,2024-01-01 02:08:23,approved,False
TXN20240101000315,ACCT206095,MERCH300256,purchase,85.14,in_person,2024-01-01 23:27:05,approved,False
TXN20240101000316,ACCT202328,MERCH300100,transfer,96.17,in_person,2024-01-01 01:08:57,declined,True
TXN20240101000317,ACCT201291,MERCH300121,purchase,118.29,web,2024-01-01 13:09:36,approved,False
TXN20240101000318,ACCT202245,MERCH300047,purchase,55.07,in_person,2024-01-01 05:38:15,approved,False
TXN20240101000319,ACCT202056,MERCH300250,transfer,14.11,in_person,2024-01-01 01:50:02,approved,False
TXN20240101000320,ACCT201133,MERCH300065,purchase,52.61,in_person,2024-01-01 23:06:56,approved,False
TXN20240101000321,ACCT201144,MERCH300000,transfer,43.28,mobile,2024-01-01 07:23:02,approved,False
TXN20240101000322,ACCT202624,MERCH300087,purchase,54.97,web,2024-01-01 08:10:10,approved,False
TXN20240101000323,ACCT205111,MERCH300097,transfer,40.74,web,2024-01-01 04:28:53,approved,False
TXN20240101000324,ACCT202653,MERCH300282,purchase,65.19,web,2024-01-01 16:35:20,approved,False
TXN20240101000325,ACCT200146,MERCH300277,purchase,40.29,atm,2024-01-01 22:54:52,approved,False
TXN20240101000326,ACCT203507,MERCH300237,purchase,58.27,in_person,2024-01-01 08:53:33,approved,False
TXN20240101000327,ACCT206075,MERCH300082,purchase,18.97,in_person,2024-01-01 19:54:33,approved,False
TXN20240101000328,ACCT205149,MERCH300181,purchase,11.83,mobile,2024-01-01 09:25:55,approved,False
TXN20240101000329,ACCT200127,MERCH300297,withdrawal,15.83,web,2024-01-01 13:47:01,approved,False
TXN20240101000330,ACCT203516,MERCH300180,transfer,60.09,atm,2024-01-01 19:17:20,approved,False
TXN20240101000331,ACCT204806,MERCH300002,purchase,35.17,mobile,2024-01-01 22:01:20,declined,False
TXN20240101000332,ACCT204128,MERCH300023,transfer,8.25,mobile,2024-01-01 14:55:43,approved,False
TXN20240101000333,ACCT205437,MERCH300248,purchase,10.15,web,2024-01-01 08:54:20,approved,False
TXN20240101000334,ACCT205357,MERCH300269,purchase,20.75,in_person,2024-01-01 11:10:52,approved,False
TXN20240101000335,ACCT202056,MERCH300081,purchase,59.23,atm,2024-01-01 20:11:43,approved,False
TXN20240101000336,ACCT203398,MERCH300052,withdrawal,66.9,web,2024-01-01 08:54:54,approved,False
TXN20240101000337,ACCT201223,MERCH300107,purchase,36.13,in_person,2024-01-01 11:26:48,approved,False
TXN20240101000338,ACCT200410,MERCH300041,purchase,9.65,in_person,2024-01-01 18:47:44,approved,False
TXN20240101000339,ACCT201948,MERCH300138,purchase,59.17,web,2024-01-01 20:54:21,approved,False
TXN20240101000340,ACCT205040,MERCH300278,purchase,170.73,in_person,2024-01-01 10:32:43,reversed,False
TXN20240101000341,ACCT203447,MERCH300220,purchase,16.2,in_person,2024-01-01 21:05:25,approved,False
TXN20240101000342,ACCT206252,MERCH300021,purchase,36.61,in_person,2024-01-01 20:36:20,approved,False
TXN20240101000343,ACCT205965,MERCH300204,purchase,14.38,mobile,2024-01-01 11:07:13,approved,False
TXN20240101000344,ACCT202883,MERCH300102,purchase,24.6,web,2024-01-01 06:41:53,approved,False
TXN20240101000345,ACCT206223,MERCH300210,purchase,15.02,in_person,2024-01-01 04:34:43,reversed,False
TXN20240101000346,ACCT203613,MERCH300151,purchase,15.26,in_person,2024-01-01 02:26:02,approved,False
TXN20240101000347,ACCT203649,MERCH300238,deposit,5.21,mobile,2024-01-01 04:28:20,approved,False
TXN20240101000348,ACCT204038,MERCH300148,purchase,11.13,mobile,2024-01-01 01:57:34,approved,False
TXN20240101000349,ACCT205874,MERCH300299,purchase,11.2,in_person,2024-01-01 06:23:42,approved,False
TXN20240101000350,ACCT201073,MERCH300245,purchase,59.06,atm,2024-01-01 23:50:18,approved,False
TXN20240101000351,ACCT204241,MERCH300205,purchase,93.92,in_person,2024-01-01 05:48:42,approved,False
TXN20240101000352,ACCT202653,MERCH300063,purchase,30.52,in_person,2024-01-01 09:59:16,approved,False
TXN20240101000353,ACCT204152,MERCH300022,purchase,33.3,in_person,2024-01-01 09:53:09,approved,False
TXN20240101000354,ACCT200978,MERCH300155,purchase,94.12,atm,2024-01-01 12:37:05,approved,False
TXN20240101000355,ACCT204247,MERCH300034,deposit,90.55,mobile,2024-01-01 12:59:53,approved,False
TXN20240101000356,ACCT202031,MERCH300098,purchase,28.78,web,2024-01-01 13:42:39,approved,False
TXN20240101000357,ACCT200351,MERCH300095,transfer,39.56,web,2024-01-01 02:07:49,approved,True
TXN20240101000358,ACCT205605,MERCH300152,purchase,24.5,in_person,2024-01-01 07:05:32,approved,False
TXN20240101000359,ACCT200676,MERCH300161,transfer,113.38,in_person,2024-01-01 21:40:34,approved,False
TXN20240101000360,ACCT204643,MERCH300105,transfer,41.16,in_person,2024-01-01 23:31:17,approved,False
TXN20240101000361,ACCT200196,MERCH300094,purchase,46.91,mobile,2024-01-01 00:52:05,approved,False
TXN20240101000362,ACCT204065,MERCH300209,purchase,38.02,mobile,2024-01-01 15:32:42,approved,False
TXN20240101000363,ACCT204227,MERCH300060,purchase,65.62,web,2024-01-01 03:14:10,approved,False
TXN20240101000364,ACCT201787,MERCH300031,transfer,19.88,atm,2024-01-01 12:51:52,approved,False
TXN20240101000365,ACCT204684,MERCH300264,purchase,131.74,in_person,2024-01-01 00:28:05,reversed,False
TXN20240101000366,ACCT204601,MERCH300176,purchase,68.54,in_person,2024-01-01 18:57:58,approved,False
TXN20240101000367,ACCT205217,MERCH300135,purchase,9.87,web,2024-01-01 23:00:27,approved,False
TXN20240101000368,ACCT203038,MERCH300285,withdrawal,23.12,atm,2024-01-01 02:01:16,approved,False
TXN20240101000369,ACCT204580,MERCH300099,purchase,58.43,in_person,2024-01-01 09:08:15,approved,False
TXN20240101000370,ACCT201166,MERCH300116,purchase,157.05,in_person,2024-01-01 04:57:40,approved,False
TXN20240101000371,ACCT201265,MERCH300099,purchase,56.12,in_person,2024-01-01 04:07:49,approved,False
TXN20240101000372,ACCT201820,MERCH300211,purchase,32.26,atm,2024-01-01 19:42:28,approved,False
TXN20240101000373,ACCT205012,MERCH300047,purchase,19.51,in_person,2024-01-01 02:42:26,approved,False
TXN20240101000374,ACCT204848,MERCH300158,transfer,52.59,mobile,2024-01-01 02:52:52,approved,False
TXN20240101000375,ACCT204620,MERCH300048,deposit,12.27,mobile,2024-01-01 08:37:27,approved,False
TXN20240101000376,ACCT205049,MERCH300096,transfer,15.63,mobile,2024-01-01 07:01:19,approved,False
TXN20240101000377,ACCT203238,MERCH300279,purchase,18.46,in_person,2024-01-01 23:02:55,approved,False
TXN20240101000378,ACCT203991,MERCH300091,purchase,209.99,in_person,2024-01-01 09:00:48,approved,False
TXN20240101000379,ACCT205627,MERCH300026,purchase,59.09,in_person,2024-01-01 13:35:34,approved,False
TXN20240101000380,ACCT200476,MERCH300224,purchase,63.53,mobile,2024-01-01 02:25:00,approved,False
TXN20240101000381,ACCT204466,MERCH300073,deposit,75.23,mobile,2024-01-01 08:04:23,approved,False
TXN20240101000382,ACCT205781,MERCH300218,transfer,29.51,in_person,2024-01-01 04:01:58,approved,False
TXN20240101000383,ACCT200581,MERCH300080,deposit,35.12,web,2024-01-01 08:12:59,approved,False
TXN20240101000384,ACCT200426,MERCH300250,transfer,155.75,in_person,2024-01-01 07:28:40,approved,False
TXN20240101000385,ACCT203374,MERCH300053,purchase,37.4,web,2024-01-01 02:54:27,approved,False
TXN20240101000386,ACCT200799,MERCH300176,purchase,11.87,web,2024-01-01 13:49:51,approved,False
TXN20240101000387,ACCT202014,MERCH300190,transfer,35.29,atm,2024-01-01 12:26:34,approved,False
TXN20240101000388,ACCT202489,MERCH300017,purchase,20.99,web,2024-01-01 12:17:03,approved,False
TXN20240101000389,ACCT201979,MERCH300176,transfer,277.69,in_person,2024-01-01 10:46:22,declined,False
TXN20240101000390,ACCT200105,MERCH300133,purchase,70.8,web,2024-01-01 12:56:19,approved,False
TXN20240101000391,ACCT203997,MERCH300148,purchase,46.56,atm,2024-01-01 17:18:40,approved,False
TXN20240101000392,ACCT202848,MERCH300153,purchase,110.86,web,2024-01-01 06:29:13,approved,False
TXN20240101000393,ACCT204701,MERCH300041,purchase,175.67,mobile,2024-01-01 04:06:46,approved,False
TXN20240101000394,ACCT200148,MERCH300168,purchase,71.56,web,2024-01-01 16:07:14,approved,False
TXN20240101000395,ACCT206363,MERCH300271,purchase,13.35,web,2024-01-01 03:53:37,approved,False
TXN20240101000396,ACCT201138,MERCH300234,purchase,50.13,web,2024-01-01 08:13:18,approved,False
TXN20240101000397,ACCT202145,MERCH300051,purchase,24.16,mobile,2024-01-01 13:09:14,approved,False
TXN20240101000398,ACCT204959,MERCH300217,purchase,174.95,web,2024-01-01 14:19:42,approved,False
TXN20240101000399,ACCT201556,MERCH300287,transfer,82.84,web,2024-01-01 17:20:56,approved,False
TXN20240101000400,ACCT202545,MERCH300207,purchase,3.53,mobile,2024-01-01 11:12:47,approved,False
TXN20240101000401,ACCT201863,MERCH300150,withdrawal,31.08,in_person,2024-01-01 11:42:30,approved,False
TXN20240101000402,ACCT201135,MERCH300168,purchase,29.85,in_person,2024-01-01 01:34:54,approved,False
TXN20240101000403,ACCT202324,MERCH300295,withdrawal,81.8,in_person,2024-01-01 18:35:49,approved,False
TXN20240101000404,ACCT201804,MERCH300076,purchase,27.75,web,2024-01-01 05:59:55,approved,False
TXN20240101000405,ACCT202396,MERCH300139,transfer,10.66,mobile,2024-01-01 20:55:00,approved,False
TXN20240101000406,ACCT203494,MERCH300234,purchase,46.07,web,2024-01-01 15:16:48,approved,False
TXN20240101000407,ACCT200673,MERCH300022,purchase,9.17,web,2024-01-01 21:59:31,approved,True
TXN20240101000408,ACCT204860,MERCH300123,withdrawal,60.83,in_person,2024-01-01 21:40:41,approved,False
TXN20240101000409,ACCT204678,MERCH300117,purchase,40.5,atm,2024-01-01 09:08:56,approved,False
TXN20240101000410,ACCT201792,MERCH300147,purchase,26.0,in_person,2024-01-01 09:19:31,approved,False
TXN20240101000411,ACCT200217,MERCH300223,purchase,11.9,in_person,2024-01-01 21:13:41,approved,False
TXN20240101000412,ACCT200358,MERCH300020,withdrawal,11.12,mobile,2024-01-01 21:47:58,approved,False
TXN20240101000413,ACCT200862,MERCH300218,purchase,63.01,mobile,2024-01-01 17:38:06,approved,False
TXN20240101000414,ACCT205994,MERCH300120,deposit,78.73,in_person,2024-01-01 22:46:44,approved,False
TXN20240101000415,ACCT206456,MERCH300100,purchase,91.82,web,2024-01-01 14:08:42,approved,False
TXN20240101000416,ACCT203121,MERCH300071,purchase,77.75,mobile,2024-01-01 00:30:11,approved,False
TXN20240101000417,ACCT206085,MERCH300031,purchase,64.89,in_person,2024-01-01 13:32:00,approved,False
TXN20240101000418,ACCT203978,MERCH300276,withdrawal,21.73,atm,2024-01-01 08:40:37,approved,False
TXN20240101000419,ACCT205350,MERCH300271,purchase,31.6,in_person,2024-01-01 00:22:22,approved,False
TXN20240101000420,ACCT203831,MERCH300051,purchase,6.03,web,2024-01-01 13:03:18,approved,False
TXN20240101000421,ACCT200626,MERCH300277,deposit,19.81,in_person,2024-01-01 13:53:14,declined,False
TXN20240101000422,ACCT200758,MERCH300256,purchase,33.01,in_person,2024-01-01 17:25:32,approved,False
TXN20240101000423,ACCT200407,MERCH300015,purchase,97.45,in_person,2024-01-01 18:55:15,approved,False
TXN20240101000424,ACCT202166,MERCH300067,purchase,85.44,in_person,2024-01-01 07:24:04,approved,False
TXN20240101000425,ACCT205766,MERCH300295,purchase,16.1,atm,2024-01-01 23:15:02,approved,False
TXN20240101000426,ACCT200701,MERCH300024,purchase,19.76,web,2024-01-01 10:27:15,approved,False
TXN20240101000427,ACCT201096,MERCH300237,purchase,14.96,in_person,2024-01-01 10:05:37,approved,False
TXN20240101000428,ACCT200193,MERCH300052,purchase,87.64,web,2024-01-01 04:33:31,approved,False
TXN20240101000429,ACCT203327,MERCH300228,purchase,134.14,in_person,2024-01-01 23:59:44,approved,False
TXN20240101000430,ACCT202555,MERCH300027,purchase,58.44,web,2024-01-01 09:15:35,reversed,False
TXN20240101000431,ACCT202817,MERCH300082,purchase,38.75,web,2024-01-01 04:08:17,approved,False
TXN20240101000432,ACCT205178,MERCH300224,deposit,157.18,web,2024-01-01 20:08:55,approved,False
TXN20240101000433,ACCT202437,MERCH300037,purchase,41.33,mobile,2024-01-01 22:10:35,declined,False
TXN20240101000434,ACCT201096,MERCH300079,purchase,5.7,web,2024-01-01 05:23:37,approved,False
TXN20240101000435,ACCT205896,MERCH300133,transfer,24.93,mobile,2024-01-01 14:15:29,approved,False
TXN20240101000436,ACCT204243,MERCH300256,transfer,26.33,web,2024-01-01 21:42:25,approved,False
TXN20240101000437,ACCT205528,MERCH300299,purchase,107.09,in_person,2024-01-01 15:20:59,approved,False
TXN20240101000438,ACCT200378,MERCH300153,purchase,12.25,in_person,2024-01-01 10:21:23,approved,False
TXN20240101000439,ACCT201153,MERCH300099,transfer,68.64,in_person,2024-01-01 13:08:48,declined,False
TXN20240101000440,ACCT200910,MERCH300283,withdrawal,24.14,atm,2024-01-01 02:34:05,approved,False
TXN20240101000441,ACCT203765,MERCH300164,purchase,26.84,mobile,2024-01-01 23:19:56,approved,False
TXN20240101000442,ACCT201086,MERCH300265,purchase,33.31,atm,2024-01-01 12:42:45,approved,False
TXN20240101000443,ACCT202872,MERCH300143,purchase,51.24,mobile,2024-01-01 01:01:49,approved,False
TXN20240101000444,ACCT202852,MERCH300034,purchase,14.1,atm,2024-01-01 08:38:19,approved,False
TXN20240101000445,ACCT201442,MERCH300215,purchase,28.98,web,2024-01-01 09:48:39,declined,False
TXN20240101000446,ACCT205580,MERCH300167,purchase,10.66,web,2024-01-01 23:42:45,declined,False
TXN20240101000447,ACCT203109,MERCH300083,deposit,36.35,web,2024-01-01 21:15:04,approved,False
TXN20240101000448,ACCT205267,MERCH300211,transfer,44.55,mobile,2024-01-01 07:41:38,approved,False
TXN20240101000449,ACCT203611,MERCH300113,purchase,201.7,atm,2024-01-01 04:49:51,approved,False
TXN20240101000450,ACCT200257,MERCH300264,purchase,6.36,mobile,2024-01-01 01:31:50,approved,False
TXN20240101000451,ACCT204995,MERCH300245,purchase,3.79,mobile,2024-01-01 13:38:45,approved,False
TXN20240101000452,ACCT204015,MERCH300217,purchase,108.96,mobile,2024-01-01 10:48:53,approved,False
TXN20240101000453,ACCT200338,MERCH300053,transfer,26.19,in_person,2024-01-01 12:28:16,approved,False
TXN20240101000454,ACCT205884,MERCH300235,deposit,353.89,web,2024-01-01 06:08:41,approved,False
TXN20240101000455,ACCT205960,MERCH300068,purchase,19.91,mobile,2024-01-01 19:58:16,approved,False
TXN20240101000456,ACCT206437,MERCH300048,purchase,35.05,web,2024-01-01 12:19:51,approved,False
TXN20240101000457,ACCT202341,MERCH300283,transfer,29.2,web,2024-01-01 22:23:31,approved,False
TXN20240101000458,ACCT201713,MERCH300059,purchase,13.11,web,2024-01-01 05:36:49,approved,False
TXN20240101000459,ACCT205185,MERCH300076,purchase,38.51,in_person,2024-01-01 06:10:16,approved,False
TXN20240101000460,ACCT202956,MERCH300242,withdrawal,10.51,atm,2024-01-01 14:20:18,declined,False
TXN20240101000461,ACCT203976,MERCH300085,purchase,14.85,mobile,2024-01-01 16:34:58,approved,False
TXN20240101000462,ACCT203499,MERCH300001,purchase,22.19,web,2024-01-01 07:44:54,approved,False
TXN20240101000463,ACCT202551,MERCH300046,withdrawal,29.5,in_person,2024-01-01 13:08:11,approved,True
TXN20240101000464,ACCT204937,MERCH300130,purchase,87.65,in_person,2024-01-01 12:49:23,approved,False
TXN20240101000465,ACCT201433,MERCH300184,purchase,5.05,web,2024-01-01 15:16:09,approved,False
TXN20240101000466,ACCT203767,MERCH300249,purchase,24.84,in_person,2024-01-01 15:54:38,approved,False
TXN20240101000467,ACCT205279,MERCH300127,purchase,23.16,in_person,2024-01-01 04:54:02,declined,False
TXN20240101000468,ACCT205843,MERCH300278,transfer,29.36,in_person,2024-01-01 02:42:01,approved,False
TXN20240101000469,ACCT201905,MERCH300257,deposit,3.64,in_person,2024-01-01 06:53:33,approved,False
TXN20240101000470,ACCT204291,MERCH300183,deposit,3.9,in_person,2024-01-01 03:09:53,approved,False
TXN20240101000471,ACCT202401,MERCH300130,purchase,22.25,mobile,2024-01-01 13:27:44,approved,False
TXN20240101000472,ACCT200424,MERCH300185,deposit,49.86,web,2024-01-01 12:08:41,approved,False
TXN20240101000473,ACCT200855,MERCH300269,purchase,24.69,web,2024-01-01 00:28:35,approved,False
TXN20240101000474,ACCT202050,MERCH300066,purchase,66.76,atm,2024-01-01 19:34:10,approved,False
TXN20240101000475,ACCT200308,MERCH300137,purchase,14.48,web,2024-01-01 17:34:12,approved,False
TXN20240101000476,ACCT206079,MERCH300258,transfer,73.68,mobile,2024-01-01 11:04:37,declined,False
TXN20240101000477,ACCT200163,MERCH300174,purchase,47.85,in_person,2024-01-01 03:05:55,approved,False
TXN20240101000478,ACCT202571,MERCH300192,withdrawal,18.58,in_person,2024-01-01 03:59:02,approved,False
TXN20240101000479,ACCT205791,MERCH300126,transfer,203.8,in_person,2024-01-01 22:15:22,approved,False
TXN20240101000480,ACCT201686,MERCH300031,purchase,13.93,atm,2024-01-01 05:29:11,approved,False
TXN20240101000481,ACCT200925,MERCH300232,transfer,26.27,atm,2024-01-01 20:34:08,approved,False
TXN20240101000482,ACCT204263,MERCH300002,purchase,50.48,web,2024-01-01 15:09:21,approved,False
TXN20240101000483,ACCT200215,MERCH300281,purchase,83.93,mobile,2024-01-01 14:19:11,approved,False
TXN20240101000484,ACCT205350,MERCH300127,purchase,52.73,in_person,2024-01-01 20:36:14,approved,False
TXN20240101000485,ACCT205562,MERCH300051,withdrawal,22.91,web,2024-01-01 21:12:26,approved,False
TXN20240101000486,ACCT203750,MERCH300167,purchase,25.63,in_person,2024-01-01 06:47:44,approved,False
TXN20240101000487,ACCT205526,MERCH300248,transfer,30.73,web,2024-01-01 23:38:32,approved,False
TXN20240101000488,ACCT203101,MERCH300224,purchase,5.46,in_person,2024-01-01 03:59:32,approved,False
TXN20240101000489,ACCT206364,MERCH300020,withdrawal,15.73,web,2024-01-01 18:33:36,approved,False
TXN20240101000490,ACCT205901,MERCH300125,purchase,45.81,web,2024-01-01 09:48:13,declined,False
TXN20240101000491,ACCT203817,MERCH300175,purchase,21.69,web,2024-01-01 15:19:04,approved,False
TXN20240101000492,ACCT202305,MERCH300161,purchase,9.52,in_person,2024-01-01 20:41:01,approved,False
TXN20240101000493,ACCT202804,MERCH300019,purchase,92.15,web,2024-01-01 10:56:52,approved,False
TXN20240101000494,ACCT206361,MERCH300147,purchase,19.31,in_person,2024-01-01 01:49:52,approved,False
TXN20240101000495,ACCT200466,MERCH300188,purchase,19.09,in_person,2024-01-01 19:46:20,approved,False
TXN20240101000496,ACCT203199,MERCH300010,purchase,27.44,web,2024-01-01 03:27:47,approved,False
TXN20240101000497,ACCT201389,MERCH300230,purchase,57.78,in_person,2024-01-01 16:35:15,approved,False
TXN20240101000498,ACCT200342,MERCH300275,purchase,48.05,web,2024-01-01 10:35:18,approved,False
TXN20240101000499,ACCT201312,MERCH300175,transfer,16.93,in_person,2024-01-01 11:12:41,approved,False
TXN20240101000500,ACCT204428,MERCH300117,purchase,45.73,web,2024-01-01 06:15:55,approved,False
TXN20240101000501,ACCT200514,MERCH300123,purchase,15.67,web,2024-01-01 12:38:36,approved,False
TXN20240101000502,ACCT205164,MERCH300068,purchase,9.89,in_person,2024-01-01 04:38:57,approved,False
TXN20240101000503,ACCT203740,MERCH300121,purchase,56.51,in_person,2024-01-01 05:41:59,approved,False
TXN20240101000504,ACCT200784,MERCH300191,purchase,175.96,web,2024-01-01 11:36:01,approved,False
TXN20240101000505,ACCT204154,MERCH300187,purchase,129.89,mobile,2024-01-01 18:34:24,approved,False
TXN20240101000506,ACCT206058,MERCH300194,deposit,32.28,in_person,2024-01-01 12:31:28,approved,False
TXN20240101000507,ACCT203959,MERCH300019,deposit,72.32,in_person,2024-01-01 21:38:10,approved,False
TXN20240101000508,ACCT200070,MERCH300285,purchase,57.76,mobile,2024-01-01 06:21:12,approved,False
TXN20240101000509,ACCT202701,MERCH300253,withdrawal,27.96,in_person,2024-01-01 00:09:58,approved,True
TXN20240101000510,ACCT205554,MERCH300258,transfer,72.34,in_person,2024-01-01 07:40:10,approved,False
TXN20240101000511,ACCT200533,MERCH300112,deposit,29.36,in_person,2024-01-01 02:20:28,approved,False
TXN20240101000512,ACCT205095,MERCH300074,purchase,74.18,atm,2024-01-01 12:45:28,approved,False
TXN20240101000513,ACCT201074,MERCH300057,transfer,12.61,web,2024-01-01 23:53:39,approved,False
TXN20240101000514,ACCT200229,MERCH300135,purchase,26.92,in_person,2024-01-01 11:23:32,approved,False
TXN20240101000515,ACCT200907,MERCH300274,purchase,6.18,web,2024-01-01 04:08:02,approved,False
TXN20240101000516,ACCT202971,MERCH300158,purchase,14.79,in_person,2024-01-01 14:00:27,approved,False
TXN20240101000517,ACCT201274,MERCH300060,withdrawal,17.8,in_person,2024-01-01 17:35:20,approved,False
TXN20240101000518,ACCT201534,MERCH300234,deposit,11.99,atm,2024-01-01 20:52:07,approved,False
TXN20240101000519,ACCT204425,MERCH300088,purchase,45.97,web,2024-01-01 11:53:59,approved,False
TXN20240101000520,ACCT206410,MERCH300100,purchase,77.77,mobile,2024-01-01 10:53:32,approved,False
TXN20240101000521,ACCT205527,MERCH300179,purchase,45.85,mobile,2024-01-01 12:00:57,approved,False
TXN20240101000522,ACCT204093,MERCH300163,purchase,163.47,in_person,2024-01-01 05:03:54,approved,False
TXN20240101000523,ACCT202530,MERCH300087,purchase,167.68,in_person,2024-01-01 02:58:59,approved,False
TXN20240101000524,ACCT206202,MERCH300243,transfer,26.79,in_person,2024-01-01 18:40:14,approved,False
TXN20240101000525,ACCT204254,MERCH300119,withdrawal,97.29,mobile,2024-01-01 03:53:49,declined,False
TXN20240101000526,ACCT202256,MERCH300068,transfer,36.8,web,2024-01-01 16:58:02,approved,False
TXN20240101000527,ACCT201635,MERCH300077,purchase,10.11,web,2024-01-01 13:42:30,approved,False
TXN20240101000528,ACCT202089,MERCH300239,purchase,38.64,in_person,2024-01-01 11:24:52,approved,False
TXN20240101000529,ACCT202591,MERCH300192,transfer,87.31,in_person,2024-01-01 09:42:34,approved,False
TXN20240101000530,ACCT205929,MERCH300108,purchase,358.49,web,2024-01-01 23:37:12,approved,False
TXN20240101000531,ACCT205810,MERCH300124,purchase,57.66,in_person,2024-01-01 19:52:04,approved,False
TXN20240101000532,ACCT206284,MERCH300048,purchase,77.94,mobile,2024-01-01 03:51:27,declined,False
TXN20240101000533,ACCT201373,MERCH300127,withdrawal,68.83,atm,2024-01-01 23:10:47,approved,False
TXN20240101000534,ACCT201172,MERCH300077,purchase,45.06,atm,2024-01-01 03:52:55,approved,False
TXN20240101000535,ACCT204648,MERCH300158,transfer,24.86,web,2024-01-01 19:41:44,approved,False
TXN20240101000536,ACCT203315,MERCH300259,purchase,169.77,in_person,2024-01-01 10:44:26,approved,False
TXN20240101000537,ACCT204748,MERCH300190,purchase,17.42,web,2024-01-01 09:20:42,approved,False
TXN20240101000538,ACCT205237,MERCH300156,purchase,44.32,in_person,2024-01-01 12:29:47,approved,False
TXN20240101000539,ACCT204291,MERCH300241,purchase,12.26,atm,2024-01-01 11:52:22,approved,False
TXN20240101000540,ACCT202878,MERCH300040,deposit,132.23,mobile,2024-01-01 03:08:15,approved,True
TXN20240101000541,ACCT203595,MERCH300203,purchase,44.24,in_person,2024-01-01 03:31:15,approved,False
TXN20240101000542,ACCT205696,MERCH300031,purchase,68.03,mobile,2024-01-01 17:58:44,approved,False
TXN20240101000543,ACCT204227,MERCH300228,purchase,55.28,in_person,2024-01-01 16:45:48,approved,False
TXN20240101000544,ACCT204656,MERCH300047,purchase,22.71,mobile,2024-01-01 09:08:11,approved,False
TXN20240101000545,ACCT205008,MERCH300096,purchase,22.57,web,2024-01-01 10:10:58,approved,False
TXN20240101000546,ACCT203969,MERCH300118,purchase,18.65,mobile,2024-01-01 09:30:01,approved,False
TXN20240101000547,ACCT202160,MERCH300173,deposit,15.98,atm,2024-01-01 20:14:25,reversed,False
TXN20240101000548,ACCT201953,MERCH300281,purchase,130.83,in_person,2024-01-01 01:52:28,approved,False
TXN20240101000549,ACCT201529,MERCH300146,transfer,74.67,web,2024-01-01 15:50:03,approved,False
TXN20240101000550,ACCT200240,MERCH300197,deposit,41.49,in_person,2024-01-01 07:57:43,approved,False
TXN20240101000551,ACCT200004,MERCH300058,deposit,19.15,mobile,2024-01-01 04:23:54,approved,False
TXN20240101000552,ACCT205745,MERCH300080,withdrawal,14.71,web,2024-01-01 03:17:14,approved,False
TXN20240101000553,ACCT204623,MERCH300211,transfer,28.18,atm,2024-01-01 09:31:41,approved,False
TXN20240101000554,ACCT205088,MERCH300137,purchase,40.09,mobile,2024-01-01 03:06:57,approved,False
TXN20240101000555,ACCT202543,MERCH300153,purchase,16.83,in_person,2024-01-01 16:43:40,declined,False
TXN20240101000556,ACCT201140,MERCH300115,withdrawal,97.21,in_person,2024-01-01 07:52:27,approved,False
TXN20240101000557,ACCT201819,MERCH300052,purchase,49.71,web,2024-01-01 20:10:56,approved,False
TXN20240101000558,ACCT203110,MERCH300036,purchase,9.22,in_person,2024-01-01 03:11:24,approved,False
TXN20240101000559,ACCT202106,MERCH300264,purchase,27.71,in_person,2024-01-01 08:18:40,approved,False
TXN20240101000560,ACCT202872,MERCH300037,purchase,48.36,web,2024-01-01 09:48:46,declined,False
TXN20240101000561,ACCT204070,MERCH300028,purchase,46.09,web,2024-01-01 16:19:37,declined,False
TXN20240101000562,ACCT202404,MERCH300152,transfer,40.3,web,2024-01-01 07:43:18,approved,False
TXN20240101000563,ACCT201681,MERCH300107,purchase,37.62,in_person,2024-01-01 04:55:42,approved,False
TXN20240101000564,ACCT205178,MERCH300228,purchase,43.19,in_person,2024-01-01 09:26:18,declined,False
TXN20240101000565,ACCT204429,MERCH300229,purchase,122.52,in_person,2024-01-01 21:08:29,approved,False
TXN20240101000566,ACCT203872,MERCH300005,purchase,28.79,mobile,2024-01-01 19:54:32,reversed,False
TXN20240101000567,ACCT203876,MERCH300198,purchase,17.65,web,2024-01-01 13:22:17,approved,False
TXN20240101000568,ACCT204092,MERCH300280,purchase,2.4,web,2024-01-01 23:35:46,approved,False
TXN20240101000569,ACCT204635,MERCH300038,deposit,56.94,atm,2024-01-01 18:57:15,approved,False
TXN20240101000570,ACCT200307,MERCH300227,transfer,6.48,atm,2024-01-01 18:53:09,approved,False
TXN20240101000571,ACCT204457,MERCH300026,purchase,31.95,in_person,2024-01-01 09:50:43,approved,False
TXN20240101000572,ACCT204529,MERCH300129,purchase,27.54,mobile,2024-01-01 11:21:52,approved,False
TXN20240101000573,ACCT200484,MERCH300063,deposit,12.53,in_person,2024-01-01 22:40:14,approved,False
TXN20240101000574,ACCT203687,MERCH300191,purchase,4.43,mobile,2024-01-01 22:20:31,approved,False
TXN20240101000575,ACCT205762,MERCH300202,purchase,42.65,in_person,2024-01-01 17:32:55,approved,False
TXN20240101000576,ACCT205444,MERCH300064,purchase,20.35,in_person,2024-01-01 02:20:22,approved,False
TXN20240101000577,ACCT202717,MERCH300174,purchase,49.17,atm,2024-01-01 03:50:24,approved,False
TXN20240101000578,ACCT200370,MERCH300176,deposit,31.85,web,2024-01-01 10:45:41,approved,False
TXN20240101000579,ACCT203635,MERCH300100,transfer,52.6,in_person,2024-01-01 13:56:38,approved,False
TXN20240101000580,ACCT201887,MERCH300248,deposit,13.82,mobile,2024-01-01 14:15:07,approved,False
TXN20240101000581,ACCT202320,MERCH300065,withdrawal,41.5,in_person,2024-01-01 06:55:02,approved,False
TXN20240101000582,ACCT203174,MERCH300163,deposit,22.67,in_person,2024-01-01 18:14:21,approved,False
TXN20240101000583,ACCT206002,MERCH300107,withdrawal,31.25,web,2024-01-01 20:38:26,approved,False
TXN20240101000584,ACCT205645,MERCH300129,purchase,30.14,mobile,2024-01-01 05:10:36,approved,False
TXN20240101000585,ACCT202848,MERCH300002,purchase,297.08,mobile,2024-01-01 18:43:23,approved,False
TXN20240101000586,ACCT204736,MERCH300262,deposit,8.92,web,2024-01-01 03:46:07,approved,True
TXN20240101000587,ACCT204451,MERCH300150,purchase,15.84,web,2024-01-01 11:46:45,approved,False
TXN20240101000588,ACCT200891,MERCH300237,purchase,13.67,web,2024-01-01 21:16:25,approved,False
TXN20240101000589,ACCT203132,MERCH300202,purchase,30.77,web,2024-01-01 07:48:03,approved,False
TXN20240101000590,ACCT203453,MERCH300125,withdrawal,54.95,in_person,2024-01-01 16:09:35,approved,False
TXN20240101000591,ACCT200636,MERCH300243,purchase,73.41,in_person,2024-01-01 20:43:24,approved,False
TXN20240101000592,ACCT205777,MERCH300075,purchase,124.25,mobile,2024-01-01 11:28:32,approved,False
TXN20240101000593,ACCT200184,MERCH300163,withdrawal,68.58,mobile,2024-01-01 20:10:51,approved,False
TXN20240101000594,ACCT200592,MERCH300260,purchase,42.44,web,2024-01-01 15:58:11,approved,False
TXN20240101000595,ACCT200204,MERCH300092,purchase,8.55,in_person,2024-01-01 12:45:40,approved,False
TXN20240101000596,ACCT201008,MERCH300278,purchase,14.36,web,2024-01-01 02:08:07,approved,False
TXN20240101000597,ACCT204226,MERCH300011,purchase,26.32,in_person,2024-01-01 17:23:46,approved,False
TXN20240101000598,ACCT202362,MERCH300047,transfer,79.07,web,2024-01-01 07:44:21,approved,False
TXN20240101000599,ACCT202864,MERCH300208,deposit,65.36,web,2024-01-01 06:11:45,approved,False
TXN20240101000600,ACCT203844,MERCH300143,purchase,39.73,web,2024-01-01 22:28:02,approved,False
TXN20240101000601,ACCT205325,MERCH300216,purchase,38.95,in_person,2024-01-01 08:06:39,approved,False
TXN20240101000602,ACCT203579,MERCH300057,purchase,14.0,atm,2024-01-01 08:01:15,approved,False
TXN20240101000603,ACCT203627,MERCH300258,transfer,12.41,in_person,2024-01-01 22:14:23,approved,False
TXN20240101000604,ACCT202131,MERCH300063,purchase,30.63,in_person,2024-01-01 06:42:14,approved,False
TXN20240101000605,ACCT202960,MERCH300092,purchase,89.03,web,2024-01-01 17:30:23,approved,False
TXN20240101000606,ACCT205324,MERCH300061,purchase,37.18,mobile,2024-01-01 12:18:47,approved,False
TXN20240101000607,ACCT205396,MERCH300182,transfer,9.77,mobile,2024-01-01 01:14:03,approved,False
TXN20240101000608,ACCT205876,MERCH300083,purchase,61.8,web,2024-01-01 13:48:36,approved,False
TXN20240101000609,ACCT206045,MERCH300139,purchase,62.02,web,2024-01-01 10:39:11,approved,False
TXN20240101000610,ACCT206242,MERCH300044,purchase,206.43,web,2024-01-01 17:51:23,approved,False
TXN20240101000611,ACCT203589,MERCH300111,transfer,13.09,in_person,2024-01-01 09:57:33,approved,False
TXN20240101000612,ACCT201734,MERCH300108,purchase,79.88,in_person,2024-01-01 05:37:05,declined,False
TXN20240101000613,ACCT201343,MERCH300163,purchase,17.72,web,2024-01-01 05:02:53,approved,False
TXN20240101000614,ACCT202126,MERCH300187,purchase,324.71,web,2024-01-01 12:56:40,declined,False
TXN20240101000615,ACCT206188,MERCH300012,purchase,25.48,mobile,2024-01-01 23:07:36,approved,False
TXN20240101000616,ACCT202332,MERCH300233,purchase,32.16,atm,2024-01-01 10:42:55,approved,False
TXN20240101000617,ACCT204800,MERCH300003,purchase,15.09,web,2024-01-01 03:14:23,approved,False
TXN20240101000618,ACCT201913,MERCH300000,withdrawal,19.22,mobile,2024-01-01 19:46:08,approved,False
TXN20240101000619,ACCT203741,MERCH300187,deposit,61.23,atm,2024-01-01 07:48:49,declined,False
TXN20240101000620,ACCT206312,MERCH300054,purchase,114.84,in_person,2024-01-01 10:47:38,approved,False
TXN20240101000621,ACCT203758,MERCH300165,purchase,23.77,web,2024-01-01 20:16:26,approved,False
TXN20240101000622,ACCT202575,MERCH300073,transfer,13.0,mobile,2024-01-01 02:38:05,approved,False
TXN20240101000623,ACCT202108,MERCH300200,purchase,7.69,web,2024-01-01 03:11:15,approved,False
TXN20240101000624,ACCT204815,MERCH300188,purchase,13.8,mobile,2024-01-01 04:53:34,approved,False
TXN20240101000625,ACCT203045,MERCH300121,purchase,54.97,web,2024-01-01 09:09:04,approved,False
TXN20240101000626,ACCT205349,MERCH300168,purchase,43.0,atm,2024-01-01 20:50:32,approved,False
TXN20240101000627,ACCT200830,MERCH300267,purchase,56.89,in_person,2024-01-01 15:08:49,approved,False
TXN20240101000628,ACCT203567,MERCH300171,purchase,7.33,mobile,2024-01-01 18:17:26,approved,False
TXN20240101000629,ACCT202384,MERCH300029,purchase,11.33,in_person,2024-01-01 08:43:36,approved,False
TXN20240101000630,ACCT203001,MERCH300232,deposit,89.58,in_person,2024-01-01 09:57:12,approved,False
TXN20240101000631,ACCT200529,MERCH300179,purchase,122.59,in_person,2024-01-01 09:42:34,approved,False
TXN20240101000632,ACCT204938,MERCH300184,purchase,68.35,web,2024-01-01 02:20:10,approved,False
TXN20240101000633,ACCT200538,MERCH300076,purchase,24.93,in_person,2024-01-01 13:18:43,approved,False
TXN20240101000634,ACCT203094,MERCH300247,deposit,22.11,in_person,2024-01-01 07:37:31,approved,False
TXN20240101000635,ACCT201786,MERCH300028,purchase,50.88,web,2024-01-01 22:26:36,approved,False
TXN20240101000636,ACCT205717,MERCH300152,withdrawal,196.15,web,2024-01-01 16:12:19,approved,False
TXN20240101000637,ACCT206472,MERCH300121,purchase,27.55,web,2024-01-01 20:37:21,approved,False
TXN20240101000638,ACCT201670,MERCH300111,purchase,15.71,web,2024-01-01 04:26:39,approved,False
TXN20240101000639,ACCT202274,MERCH300288,deposit,24.86,mobile,2024-01-01 02:58:37,declined,False
TXN20240101000640,ACCT202385,MERCH300001,withdrawal,22.5,mobile,2024-01-01 10:01:41,approved,False
TXN20240101000641,ACCT202632,MERCH300064,purchase,55.56,web,2024-01-01 13:44:08,approved,False
TXN20240101000642,ACCT204903,MERCH300193,purchase,52.26,mobile,2024-01-01 13:47:11,approved,False
TXN20240101000643,ACCT202670,MERCH300226,purchase,81.95,mobile,2024-01-01 15:48:17,approved,False
TXN20240101000644,ACCT203755,MERCH300170,purchase,105.78,web,2024-01-01 19:42:23,approved,False
TXN20240101000645,ACCT201092,MERCH300231,purchase,58.6,in_person,2024-01-01 07:58:32,approved,False
TXN20240101000646,ACCT203811,MERCH300053,withdrawal,33.08,in_person,2024-01-01 06:18:31,approved,False
TXN20240101000647,ACCT200058,MERCH300042,purchase,58.45,web,2024-01-01 06:22:04,declined,False
TXN20240101000648,ACCT204329,MERCH300170,withdrawal,66.65,atm,2024-01-01 08:56:02,approved,False
TXN20240101000649,ACCT202231,MERCH300013,purchase,89.77,in_person,2024-01-01 14:04:49,approved,False
TXN20240101000650,ACCT200552,MERCH300137,transfer,27.3,web,2024-01-01 19:49:34,approved,False
TXN20240101000651,ACCT205997,MERCH300201,deposit,54.56,in_person,2024-01-01 09:44:02,approved,False
TXN20240101000652,ACCT205678,MERCH300172,deposit,31.13,web,2024-01-01 10:35:51,approved,False
TXN20240101000653,ACCT205817,MERCH300084,purchase,114.1,mobile,2024-01-01 21:07:22,approved,False
TXN20240101000654,ACCT204736,MERCH300277,purchase,6.6,mobile,2024-01-01 08:36:39,approved,False
TXN20240101000655,ACCT200488,MERCH300136,purchase,35.5,atm,2024-01-01 03:26:27,approved,False
TXN20240101000656,ACCT206273,MERCH300138,purchase,24.73,web,2024-01-01 08:05:11,approved,False
TXN20240101000657,ACCT200397,MERCH300218,transfer,49.24,mobile,2024-01-01 00:44:40,reversed,False
TXN20240101000658,ACCT201103,MERCH300197,purchase,12.14,mobile,2024-01-01 08:48:21,approved,False
TXN20240101000659,ACCT200445,MERCH300149,purchase,4.13,mobile,2024-01-01 21:33:09,approved,False
TXN20240101000660,ACCT200139,MERCH300011,purchase,80.98,atm,2024-01-01 19:09:13,approved,False
TXN20240101000661,ACCT200202,MERCH300117,deposit,20.23,in_person,2024-01-01 21:22:49,approved,False
TXN20240101000662,ACCT202710,MERCH300267,purchase,27.22,in_person,2024-01-01 07:32:31,approved,False
TXN20240101000663,ACCT203472,MERCH300024,deposit,68.27,in_person,2024-01-01 10:30:25,approved,False
TXN20240101000664,ACCT204551,MERCH300056,transfer,73.04,mobile,2024-01-01 20:35:46,approved,False
TXN20240101000665,ACCT200058,MERCH300210,purchase,58.22,in_person,2024-01-01 18:14:15,approved,False
TXN20240101000666,ACCT203100,MERCH300287,transfer,14.39,mobile,2024-01-01 04:47:09,approved,False
TXN20240101000667,ACCT204193,MERCH300255,purchase,118.8,web,2024-01-01 20:04:05,approved,False
TXN20240101000668,ACCT204392,MERCH300163,purchase,7.15,mobile,2024-01-01 02:59:06,approved,False
TXN20240101000669,ACCT203000,MERCH300207,purchase,24.81,mobile,2024-01-01 06:24:55,approved,False
TXN20240101000670,ACCT200671,MERCH300211,deposit,25.06,web,2024-01-01 12:49:54,approved,False
TXN20240101000671,ACCT200694,MERCH300042,purchase,18.2,in_person,2024-01-01 15:03:24,approved,False
TXN20240101000672,ACCT202787,MERCH300264,purchase,53.61,web,2024-01-01 19:40:28,approved,False
TXN20240101000673,ACCT203337,MERCH300017,purchase,8.42,atm,2024-01-01 17:58:22,approved,False
TXN20240101000674,ACCT203543,MERCH300242,purchase,78.0,in_person,2024-01-01 06:57:32,approved,False
TXN20240101000675,ACCT205943,MERCH300084,purchase,119.78,in_person,2024-01-01 08:26:10,approved,False
TXN20240101000676,ACCT203295,MERCH300112,purchase,8.59,mobile,2024-01-01 17:22:39,approved,False
TXN20240101000677,ACCT200254,MERCH300026,purchase,19.59,in_person,2024-01-01 22:52:30,approved,False
TXN20240101000678,ACCT203778,MERCH300072,purchase,22.34,in_person,2024-01-01 20:38:54,approved,False
TXN20240101000679,ACCT200763,MERCH300048,purchase,79.75,mobile,2024-01-01 23:57:19,approved,False
TXN20240101000680,ACCT204937,MERCH300086,withdrawal,40.45,mobile,2024-01-01 16:14:45,approved,False
TXN20240101000681,ACCT205436,MERCH300170,purchase,90.11,in_person,2024-01-01 11:26:09,approved,False
TXN20240101000682,ACCT201935,MERCH300031,transfer,16.64,atm,2024-01-01 18:18:05,approved,False
TXN20240101000683,ACCT204922,MERCH300200,purchase,28.94,mobile,2024-01-01 01:25:45,approved,False
TXN20240101000684,ACCT204603,MERCH300251,purchase,53.06,in_person,2024-01-01 22:52:53,approved,False
TXN20240101000685,ACCT204886,MERCH300290,deposit,70.48,web,2024-01-01 22:53:53,approved,False
TXN20240101000686,ACCT206334,MERCH300081,withdrawal,109.99,mobile,2024-01-01 12:35:03,approved,False
TXN20240101000687,ACCT200396,MERCH300293,purchase,77.47,mobile,2024-01-01 12:02:21,approved,False
TXN20240101000688,ACCT203148,MERCH300132,purchase,103.37,web,2024-01-01 12:26:28,approved,False
TXN20240101000689,ACCT205688,MERCH300225,purchase,20.85,web,2024-01-01 03:29:17,declined,False
TXN20240101000690,ACCT204670,MERCH300248,purchase,18.43,in_person,2024-01-01 04:42:17,approved,False
TXN20240101000691,ACCT205583,MERCH300282,transfer,23.48,web,2024-01-01 17:16:22,approved,False
TXN20240101000692,ACCT204429,MERCH300053,purchase,132.4,in_person,2024-01-01 00:34:01,approved,False
TXN20240101000693,ACCT202981,MERCH300039,purchase,31.19,mobile,2024-01-01 16:45:55,approved,False
TXN20240101000694,ACCT205097,MERCH300136,purchase,27.73,in_person,2024-01-01 07:34:18,approved,False
TXN20240101000695,ACCT205062,MERCH300208,purchase,95.72,in_person,2024-01-01 03:50:35,approved,False
TXN20240101000696,ACCT205530,MERCH300138,purchase,35.24,in_person,2024-01-01 14:15:47,approved,False
TXN20240101000697,ACCT203726,MERCH300293,transfer,13.96,mobile,2024-01-01 06:37:09,approved,False
TXN20240101000698,ACCT205067,MERCH300268,purchase,25.57,web,2024-01-01 10:27:12,declined,False
TXN20240101000699,ACCT204722,MERCH300293,withdrawal,32.47,web,2024-01-01 20:24:37,approved,False
TXN20240101000700,ACCT205707,MERCH300026,purchase,89.37,web,2024-01-01 16:25:59,approved,False
TXN20240101000701,ACCT204934,MERCH300122,purchase,12.62,web,2024-01-01 23:33:24,approved,False
TXN20240101000702,ACCT200300,MERCH300262,purchase,55.15,mobile,2024-01-01 09:30:54,approved,False
TXN20240101000703,ACCT201825,MERCH300195,purchase,7.22,in_person,2024-01-01 09:34:01,approved,False
TXN20240101000704,ACCT201682,MERCH300266,purchase,16.64,in_person,2024-01-01 16:57:44,approved,False
TXN20240101000705,ACCT200521,MERCH300248,withdrawal,39.01,mobile,2024-01-01 03:38:58,approved,False
TXN20240101000706,ACCT203658,MERCH300261,withdrawal,29.54,web,2024-01-01 20:32:44,approved,False
TXN20240101000707,ACCT205930,MERCH300217,withdrawal,27.81,web,2024-01-01 08:55:06,approved,False
TXN20240101000708,ACCT205706,MERCH300188,purchase,111.52,in_person,2024-01-01 11:14:00,approved,False
TXN20240101000709,ACCT205830,MERCH300071,purchase,78.37,mobile,2024-01-01 12:14:24,approved,False
TXN20240101000710,ACCT206342,MERCH300063,purchase,38.15,atm,2024-01-01 01:06:33,approved,False
TXN20240101000711,ACCT202096,MERCH300159,purchase,49.53,web,2024-01-01 07:12:39,approved,False
TXN20240101000712,ACCT204379,MERCH300263,purchase,288.74,in_person,2024-01-01 03:04:55,approved,False
TXN20240101000713,ACCT200769,MERCH300118,deposit,11.68,in_person,2024-01-01 14:11:35,approved,False
TXN20240101000714,ACCT205379,MERCH300193,purchase,11.98,in_person,2024-01-01 16:39:16,approved,False
TXN20240101000715,ACCT201154,MERCH300203,deposit,45.51,web,2024-01-01 00:41:00,approved,False
TXN20240101000716,ACCT200553,MERCH300112,transfer,23.62,web,2024-01-01 00:38:55,approved,False
TXN20240101000717,ACCT200044,MERCH300140,purchase,98.88,web,2024-01-01 19:54:36,approved,False
TXN20240101000718,ACCT204095,MERCH300193,purchase,97.28,in_person,2024-01-01 08:51:40,approved,False
TXN20240101000719,ACCT203785,MERCH300250,purchase,47.31,in_person,2024-01-01 20:19:43,approved,False
TXN20240101000720,ACCT203047,MERCH300057,purchase,48.96,atm,2024-01-01 15:11:48,declined,False
TXN20240101000721,ACCT205375,MERCH300078,deposit,35.69,in_person,2024-01-01 18:25:50,approved,False
TXN20240101000722,ACCT202004,MERCH300194,purchase,36.36,atm,2024-01-01 09:55:52,approved,False
TXN20240101000723,ACCT201607,MERCH300246,purchase,13.58,web,2024-01-01 07:58:11,approved,False
TXN20240101000724,ACCT205165,MERCH300169,purchase,75.66,in_person,2024-01-01 17:12:17,approved,False
TXN20240101000725,ACCT202987,MERCH300135,purchase,92.07,web,2024-01-01 15:08:02,approved,False
TXN20240101000726,ACCT201463,MERCH300229,purchase,83.62,atm,2024-01-01 13:44:07,approved,False
TXN20240101000727,ACCT206443,MERCH300221,withdrawal,1.7,mobile,2024-01-01 08:52:56,approved,False
TXN20240101000728,ACCT202005,MERCH300239,purchase,17.81,in_person,2024-01-01 14:57:25,approved,False
TXN20240101000729,ACCT201908,MERCH300142,purchase,48.78,in_person,2024-01-01 09:57:40,approved,False
TXN20240101000730,ACCT201707,MERCH300045,purchase,10.51,web,2024-01-01 21:16:33,approved,False
TXN20240101000731,ACCT205864,MERCH300287,purchase,50.59,in_person,2024-01-01 17:47:27,approved,False
TXN20240101000732,ACCT204023,MERCH300121,purchase,46.49,in_person,2024-01-01 09:40:09,declined,False
TXN20240101000733,ACCT203710,MERCH300088,purchase,12.17,atm,2024-01-01 20:20:43,approved,False
TXN20240101000734,ACCT203962,MERCH300242,purchase,6.81,mobile,2024-01-01 01:00:45,approved,False
TXN20240101000735,ACCT202234,MERCH300244,purchase,12.95,mobile,2024-01-01 19:39:09,approved,False
TXN20240101000736,ACCT202001,MERCH300165,purchase,108.63,web,2024-01-01 09:21:19,approved,False
TXN20240101000737,ACCT203132,MERCH300033,purchase,27.55,in_person,2024-01-01 05:17:57,approved,False
TXN20240101000738,ACCT201682,MERCH300019,purchase,16.77,in_person,2024-01-01 19:00:51,approved,False
TXN20240101000739,ACCT206202,MERCH300158,purchase,88.01,mobile,2024-01-01 15:07:39,approved,False
TXN20240101000740,ACCT204476,MERCH300059,purchase,62.92,web,2024-01-01 01:11:57,approved,False
TXN20240101000741,ACCT201487,MERCH300247,withdrawal,67.34,web,2024-01-01 06:06:52,approved,False
TXN20240101000742,ACCT200973,MERCH300106,purchase,63.22,in_person,2024-01-01 10:56:36,approved,False
TXN20240101000743,ACCT203098,MERCH300037,purchase,31.02,web,2024-01-01 15:00:33,approved,False
TXN20240101000744,ACCT203662,MERCH300151,transfer,62.58,in_person,2024-01-01 19:23:38,approved,False
TXN20240101000745,ACCT205968,MERCH300026,deposit,29.68,in_person,2024-01-01 08:58:48,approved,False
TXN20240101000746,ACCT205593,MERCH300210,deposit,9.47,mobile,2024-01-01 19:07:57,approved,False
TXN20240101000747,ACCT205101,MERCH300023,purchase,77.23,mobile,2024-01-01 18:39:19,approved,False
TXN20240101000748,ACCT203354,MERCH300173,purchase,30.13,mobile,2024-01-01 09:15:18,declined,False
TXN20240101000749,ACCT204962,MERCH300246,transfer,102.48,mobile,2024-01-01 22:19:07,approved,False
TXN20240101000750,ACCT206315,MERCH300279,withdrawal,7.85,web,2024-01-01 22:26:00,approved,False
TXN20240101000751,ACCT204351,MERCH300211,deposit,21.12,in_person,2024-01-01 06:34:21,approved,False
TXN20240101000752,ACCT204262,MERCH300176,purchase,95.04,web,2024-01-01 13:45:14,approved,False
TXN20240101000753,ACCT200016,MERCH300070,purchase,19.18,in_person,2024-01-01 20:37:53,approved,False
TXN20240101000754,ACCT205412,MERCH300187,purchase,68.05,mobile,2024-01-01 12:01:29,approved,False
TXN20240101000755,ACCT203014,MERCH300182,purchase,44.77,mobile,2024-01-01 17:10:41,approved,False
TXN20240101000756,ACCT204096,MERCH300135,withdrawal,12.71,web,2024-01-01 19:37:12,approved,False
TXN20240101000757,ACCT203678,MERCH300199,deposit,79.49,web,2024-01-01 13:17:27,approved,False
TXN20240101000758,ACCT204088,MERCH300278,purchase,32.81,in_person,2024-01-01 08:03:48,approved,False
TXN20240101000759,ACCT201663,MERCH300195,purchase,40.44,in_person,2024-01-01 12:32:14,approved,False
TXN20240101000760,ACCT201626,MERCH300073,purchase,121.03,in_person,2024-01-01 19:19:23,approved,False
TXN20240101000761,ACCT204001,MERCH300011,purchase,8.96,atm,2024-01-01 07:50:35,reversed,False
TXN20240101000762,ACCT204779,MERCH300179,deposit,70.44,in_person,2024-01-01 20:53:12,approved,False
TXN20240101000763,ACCT201992,MERCH300091,purchase,35.74,atm,2024-01-01 04:07:35,approved,False
TXN20240101000764,ACCT204665,MERCH300040,purchase,25.05,web,2024-01-01 11:46:36,approved,False
TXN20240101000765,ACCT203299,MERCH300183,purchase,72.54,web,2024-01-01 02:51:31,declined,False
TXN20240101000766,ACCT200787,MERCH300104,purchase,52.05,in_person,2024-01-01 20:38:09,approved,False
TXN20240101000767,ACCT201278,MERCH300171,withdrawal,83.81,in_person,2024-01-01 17:36:44,approved,False
TXN20240101000768,ACCT203476,MERCH300116,purchase,27.67,web,2024-01-01 02:27:50,approved,False
TXN20240101000769,ACCT201353,MERCH300250,transfer,53.83,web,2024-01-01 05:29:14,approved,False
TXN20240101000770,ACCT200087,MERCH300297,purchase,14.56,web,2024-01-01 12:04:06,approved,False
TXN20240101000771,ACCT203806,MERCH300253,purchase,44.56,in_person,2024-01-01 11:08:30,approved,False
TXN20240101000772,ACCT200766,MERCH300111,purchase,16.1,in_person,2024-01-01 02:41:10,approved,False
TXN20240101000773,ACCT203238,MERCH300195,purchase,39.67,in_person,2024-01-01 21:32:18,approved,False
TXN20240101000774,ACCT204001,MERCH300077,purchase,20.42,mobile,2024-01-01 11:10:39,approved,False
TXN20240101000775,ACCT203322,MERCH300181,purchase,72.87,web,2024-01-01 16:21:12,approved,False
TXN20240101000776,ACCT204052,MERCH300072,purchase,104.41,in_person,2024-01-01 18:38:21,approved,False
TXN20240101000777,ACCT200878,MERCH300219,purchase,145.83,mobile,2024-01-01 04:11:19,approved,False
TXN20240101000778,ACCT201530,MERCH300018,purchase,26.43,in_person,2024-01-01 08:12:42,approved,False
TXN20240101000779,ACCT204398,MERCH300207,withdrawal,28.69,mobile,2024-01-01 17:52:48,approved,False
TXN20240101000780,ACCT203774,MERCH300236,purchase,31.65,web,2024-01-01 18:27:52,approved,False
TXN20240101000781,ACCT205547,MERCH300114,purchase,42.65,mobile,2024-01-01 05:27:06,approved,False
TXN20240101000782,ACCT205225,MERCH300024,purchase,81.02,in_person,2024-01-01 07:04:46,approved,False
TXN20240101000783,ACCT203810,MERCH300115,deposit,75.62,mobile,2024-01-01 18:04:16,approved,False
TXN20240101000784,ACCT202432,MERCH300291,purchase,54.67,mobile,2024-01-01 08:38:53,approved,False
TXN20240101000785,ACCT206315,MERCH300150,purchase,31.8,in_person,2024-01-01 01:18:31,approved,False
TXN20240101000786,ACCT201129,MERCH300172,purchase,16.73,in_person,2024-01-01 11:16:55,approved,False
TXN20240101000787,ACCT200920,MERCH300206,purchase,36.59,mobile,2024-01-01 03:10:24,approved,True
TXN20240101000788,ACCT201755,MERCH300097,purchase,15.57,web,2024-01-01 14:45:19,approved,False
TXN20240101000789,ACCT201927,MERCH300251,deposit,102.45,web,2024-01-01 22:56:49,approved,False
TXN20240101000790,ACCT204151,MERCH300298,transfer,164.17,in_person,2024-01-01 02:15:21,approved,False
TXN20240101000791,ACCT205775,MERCH300117,withdrawal,6.77,in_person,2024-01-01 06:14:46,approved,False
TXN20240101000792,ACCT205375,MERCH300143,deposit,30.53,mobile,2024-01-01 13:46:03,approved,False
TXN20240101000793,ACCT202789,MERCH300219,purchase,108.26,in_person,2024-01-01 03:30:40,approved,False
TXN20240101000794,ACCT205747,MERCH300107,transfer,9.36,in_person,2024-01-01 12:47:54,approved,False
TXN20240101000795,ACCT204893,MERCH300117,deposit,10.25,in_person,2024-01-01 05:44:16,approved,False
TXN20240101000796,ACCT202211,MERCH300163,purchase,75.83,mobile,2024-01-01 15:47:59,approved,False
TXN20240101000797,ACCT204784,MERCH300029,deposit,65.15,in_person,2024-01-01 08:09:01,approved,False
TXN20240101000798,ACCT204236,MERCH300219,transfer,28.45,web,2024-01-01 22:32:07,approved,False
TXN20240101000799,ACCT205729,MERCH300210,purchase,53.4,web,2024-01-01 20:26:18,approved,False
TXN20240101000800,ACCT203486,MERCH300186,purchase,16.29,web,2024-01-01 23:52:18,approved,False
TXN20240101000801,ACCT204899,MERCH300163,withdrawal,136.57,in_person,2024-01-01 03:39:36,declined,False
TXN20240101000802,ACCT206387,MERCH300150,purchase,22.34,in_person,2024-01-01 22:44:52,approved,False
TXN20240101000803,ACCT201523,MERCH300270,purchase,30.02,in_person,2024-01-01 00:52:06,approved,False
TXN20240101000804,ACCT202011,MERCH300085,purchase,115.71,atm,2024-01-01 05:41:44,approved,False
TXN20240101000805,ACCT206235,MERCH300013,purchase,15.13,mobile,2024-01-01 20:39:49,approved,False
TXN20240101000806,ACCT204677,MERCH300014,purchase,95.93,mobile,2024-01-01 20:31:34,approved,False
TXN20240101000807,ACCT200233,MERCH300250,purchase,17.09,mobile,2024-01-01 07:04:59,approved,False
TXN20240101000808,ACCT205366,MERCH300194,purchase,10.82,in_person,2024-01-01 20:43:05,approved,False
TXN20240101000809,ACCT204776,MERCH300018,purchase,7.51,mobile,2024-01-01 01:19:44,approved,False
TXN20240101000810,ACCT205420,MERCH300272,deposit,32.07,web,2024-01-01 08:07:25,approved,False
TXN20240101000811,ACCT206260,MERCH300145,purchase,44.52,mobile,2024-01-01 00:21:24,approved,False
TXN20240101000812,ACCT202746,MERCH300042,deposit,92.85,atm,2024-01-01 12:20:36,approved,False
TXN20240101000813,ACCT204782,MERCH300265,purchase,304.19,web,2024-01-01 21:23:47,approved,False
TXN20240101000814,ACCT204185,MERCH300283,purchase,48.7,web,2024-01-01 14:16:28,approved,False
TXN20240101000815,ACCT202663,MERCH300066,withdrawal,98.43,in_person,2024-01-01 12:56:16,approved,False
TXN20240101000816,ACCT203287,MERCH300176,deposit,32.77,mobile,2024-01-01 04:53:15,approved,False
TXN20240101000817,ACCT201337,MERCH300169,withdrawal,201.41,in_person,2024-01-01 14:02:57,approved,False
TXN20240101000818,ACCT202300,MERCH300070,deposit,11.68,web,2024-01-01 07:29:24,approved,False
TXN20240101000819,ACCT203194,MERCH300216,purchase,177.85,mobile,2024-01-01 14:18:21,approved,False
TXN20240101000820,ACCT202950,MERCH300265,purchase,46.1,in_person,2024-01-01 03:50:33,approved,False
TXN20240101000821,ACCT200442,MERCH300279,transfer,44.93,web,2024-01-01 12:29:41,approved,False
TXN20240101000822,ACCT205761,MERCH300019,purchase,18.36,web,2024-01-01 11:38:02,approved,False
TXN20240101000823,ACCT206403,MERCH300156,purchase,54.25,web,2024-01-01 18:05:01,approved,False
TXN20240101000824,ACCT205264,MERCH300237,purchase,74.04,in_person,2024-01-01 21:42:34,declined,False
TXN20240101000825,ACCT205670,MERCH300201,transfer,36.08,in_person,2024-01-01 21:29:37,approved,False
TXN20240101000826,ACCT200232,MERCH300108,purchase,15.96,web,2024-01-01 08:52:29,approved,False
TXN20240101000827,ACCT202128,MERCH300242,purchase,49.62,web,2024-01-01 15:06:17,reversed,False
TXN20240101000828,ACCT202439,MERCH300295,purchase,381.58,atm,2024-01-01 15:18:46,approved,False
TXN20240101000829,ACCT203558,MERCH300245,purchase,126.22,mobile,2024-01-01 20:50:06,approved,False
TXN20240101000830,ACCT201404,MERCH300091,purchase,38.91,web,2024-01-01 19:14:38,approved,False
TXN20240101000831,ACCT202651,MERCH300041,purchase,9.48,in_person,2024-01-01 00:16:26,approved,False
TXN20240101000832,ACCT200285,MERCH300149,withdrawal,31.26,atm,2024-01-01 19:18:22,approved,False
TXN20240101000833,ACCT200308,MERCH300055,purchase,53.63,in_person,2024-01-01 11:31:06,approved,False
TXN20240101000834,ACCT202107,MERCH300242,transfer,28.46,atm,2024-01-01 22:03:40,approved,False
TXN20240101000835,ACCT202398,MERCH300079,purchase,35.35,atm,2024-01-01 14:37:11,approved,False
TXN20240101000836,ACCT203301,MERCH300222,purchase,37.32,atm,2024-01-01 09:48:32,approved,False
TXN20240101000837,ACCT201750,MERCH300144,purchase,13.65,in_person,2024-01-01 04:18:53,approved,False
TXN20240101000838,ACCT201287,MERCH300232,purchase,96.89,in_person,2024-01-01 22:10:44,approved,False
TXN20240101000839,ACCT204671,MERCH300233,purchase,41.51,web,2024-01-01 03:21:03,approved,False
TXN20240101000840,ACCT201022,MERCH300274,purchase,12.11,web,2024-01-01 02:38:58,approved,False
TXN20240101000841,ACCT204888,MERCH300148,purchase,20.71,web,2024-01-01 03:30:37,approved,False
TXN20240101000842,ACCT206366,MERCH300071,purchase,33.03,web,2024-01-01 13:36:49,approved,False
TXN20240101000843,ACCT200484,MERCH300257,withdrawal,10.98,mobile,2024-01-01 06:48:03,approved,False
TXN20240101000844,ACCT205697,MERCH300197,purchase,15.06,in_person,2024-01-01 13:56:54,approved,False
TXN20240101000845,ACCT203539,MERCH300255,purchase,54.12,in_person,2024-01-01 19:27:43,reversed,False
TXN20240101000846,ACCT201336,MERCH300006,purchase,73.46,web,2024-01-01 06:45:53,approved,False
TXN20240101000847,ACCT205790,MERCH300074,purchase,49.4,in_person,2024-01-01 00:29:58,declined,False
TXN20240101000848,ACCT203033,MERCH300004,purchase,7.27,mobile,2024-01-01 08:08:50,approved,False
TXN20240101000849,ACCT203602,MERCH300232,purchase,22.05,mobile,2024-01-01 14:35:25,approved,False
TXN20240101000850,ACCT203461,MERCH300117,purchase,99.2,mobile,2024-01-01 17:57:50,approved,False
TXN20240101000851,ACCT201317,MERCH300096,purchase,92.43,mobile,2024-01-01 01:25:58,approved,False
TXN20240101000852,ACCT204789,MERCH300267,purchase,160.76,web,2024-01-01 21:32:54,approved,False
TXN20240101000853,ACCT205878,MERCH300203,deposit,222.18,mobile,2024-01-01 14:43:38,approved,False
TXN20240101000854,ACCT201802,MERCH300102,purchase,35.68,web,2024-01-01 11:49:57,approved,False
TXN20240101000855,ACCT203179,MERCH300115,transfer,35.78,mobile,2024-01-01 06:00:35,approved,False
TXN20240101000856,ACCT201350,MERCH300012,purchase,7.32,in_person,2024-01-01 23:03:26,approved,False
TXN20240101000857,ACCT206234,MERCH300215,purchase,18.77,mobile,2024-01-01 03:28:10,approved,False
TXN20240101000858,ACCT201741,MERCH300269,purchase,23.16,in_person,2024-01-01 10:06:27,approved,False
TXN20240101000859,ACCT201721,MERCH300106,purchase,15.14,in_person,2024-01-01 11:55:57,approved,False
TXN20240101000860,ACCT206149,MERCH300243,purchase,16.92,web,2024-01-01 13:42:07,approved,False
TXN20240101000861,ACCT200906,MERCH300143,deposit,54.86,in_person,2024-01-01 05:36:51,approved,False
TXN20240101000862,ACCT203234,MERCH300239,purchase,57.56,in_person,2024-01-01 22:35:38,approved,False
TXN20240101000863,ACCT203506,MERCH300201,purchase,151.97,mobile,2024-01-01 09:29:07,approved,False
TXN20240101000864,ACCT200583,MERCH300213,withdrawal,8.35,web,2024-01-01 17:02:13,approved,False
TXN20240101000865,ACCT206202,MERCH300129,purchase,7.09,mobile,2024-01-01 15:46:01,approved,False
TXN20240101000866,ACCT204426,MERCH300215,transfer,17.64,mobile,2024-01-01 04:28:44,approved,False
TXN20240101000867,ACCT200173,MERCH300185,withdrawal,116.13,web,2024-01-01 22:23:21,approved,False
TXN20240101000868,ACCT202560,MERCH300214,transfer,30.0,atm,2024-01-01 11:26:11,approved,False
TXN20240101000869,ACCT202596,MERCH300062,purchase,240.44,in_person,2024-01-01 14:28:09,approved,False
TXN20240101000870,ACCT204506,MERCH300263,purchase,26.38,in_person,2024-01-01 15:56:30,approved,False
TXN20240101000871,ACCT202581,MERCH300020,purchase,99.48,in_person,2024-01-01 12:11:20,approved,False
TXN20240101000872,ACCT204498,MERCH300136,purchase,33.67,mobile,2024-01-01 15:10:54,approved,False
TXN20240101000873,ACCT202683,MERCH300245,transfer,50.53,in_person,2024-01-01 13:07:57,approved,False
TXN20240101000874,ACCT204550,MERCH300044,purchase,13.7,web,2024-01-01 17:37:12,approved,False
TXN20240101000875,ACCT202993,MERCH300055,purchase,5.43,web,2024-01-01 11:01:51,approved,False
TXN20240101000876,ACCT204686,MERCH300267,purchase,77.97,mobile,2024-01-01 19:47:03,approved,False
TXN20240101000877,ACCT202416,MERCH300203,purchase,78.5,mobile,2024-01-01 13:43:26,approved,False
TXN20240101000878,ACCT205598,MERCH300015,purchase,31.11,in_person,2024-01-01 23:42:34,approved,False
TXN20240101000879,ACCT205156,MERCH300156,purchase,78.99,in_person,2024-01-01 13:28:16,approved,False
TXN20240101000880,ACCT203009,MERCH300000,purchase,26.0,mobile,2024-01-01 14:24:38,approved,False
TXN20240101000881,ACCT205566,MERCH300152,purchase,38.02,mobile,2024-01-01 11:56:34,approved,False
TXN20240101000882,ACCT205008,MERCH300138,transfer,24.12,in_person,2024-01-01 09:49:56,approved,False
TXN20240101000883,ACCT203768,MERCH300201,purchase,87.36,mobile,2024-01-01 18:10:56,approved,False
TXN20240101000884,ACCT201556,MERCH300248,purchase,72.57,in_person,2024-01-01 15:15:49,approved,False
TXN20240101000885,ACCT204178,MERCH300186,withdrawal,189.12,in_person,2024-01-01 09:14:47,approved,False
TXN20240101000886,ACCT205688,MERCH300003,withdrawal,13.55,in_person,2024-01-01 19:28:20,approved,False
TXN20240101000887,ACCT203884,MERCH300196,purchase,7.46,mobile,2024-01-01 02:38:52,approved,False
TXN20240101000888,ACCT201881,MERCH300114,purchase,8.19,mobile,2024-01-01 01:13:21,approved,False
TXN20240101000889,ACCT205247,MERCH300194,withdrawal,19.69,web,2024-01-01 15:03:45,approved,False
TXN20240101000890,ACCT200526,MERCH300148,purchase,365.68,mobile,2024-01-01 10:23:29,approved,False
TXN20240101000891,ACCT205859,MERCH300116,purchase,99.18,web,2024-01-01 19:30:30,approved,False
TXN20240101000892,ACCT206179,MERCH300249,purchase,11.49,in_person,2024-01-01 15:40:48,approved,False
TXN20240101000893,ACCT202154,MERCH300130,withdrawal,66.93,mobile,2024-01-01 18:07:08,approved,False
TXN20240101000894,ACCT205950,MERCH300134,purchase,163.74,in_person,2024-01-01 06:41:51,approved,False
TXN20240101000895,ACCT204439,MERCH300015,purchase,25.0,atm,2024-01-01 06:09:49,approved,False
TXN20240101000896,ACCT202000,MERCH300059,withdrawal,43.28,mobile,2024-01-01 06:17:28,approved,False
TXN20240101000897,ACCT200279,MERCH300190,purchase,41.08,mobile,2024-01-01 15:30:39,approved,False
TXN20240101000898,ACCT204372,MERCH300193,purchase,71.81,web,2024-01-01 16:06:15,approved,False
TXN20240101000899,ACCT204021,MERCH300118,purchase,38.15,mobile,2024-01-01 23:34:46,approved,False
TXN20240101000900,ACCT205559,MERCH300240,withdrawal,28.38,in_person,2024-01-01 05:02:07,approved,False
TXN20240101000901,ACCT205469,MERCH300216,transfer,43.93,web,2024-01-01 02:12:44,approved,False
TXN20240101000902,ACCT203032,MERCH300259,deposit,88.62,in_person,2024-01-01 22:33:40,approved,False
TXN20240101000903,ACCT201897,MERCH300221,transfer,38.59,web,2024-01-01 12:16:14,approved,False
TXN20240101000904,ACCT204194,MERCH300273,purchase,50.66,mobile,2024-01-01 08:25:48,approved,False
TXN20240101000905,ACCT203046,MERCH300006,transfer,16.76,in_person,2024-01-01 07:17:17,approved,False
TXN20240101000906,ACCT200202,MERCH300063,purchase,80.52,in_person,2024-01-01 21:30:32,approved,False
TXN20240101000907,ACCT205902,MERCH300170,transfer,29.87,web,2024-01-01 18:08:51,approved,False
TXN20240101000908,ACCT200396,MERCH300026,purchase,63.89,atm,2024-01-01 04:09:03,approved,False
TXN20240101000909,ACCT201465,MERCH300166,purchase,221.13,mobile,2024-01-01 07:57:24,approved,False
TXN20240101000910,ACCT202795,MERCH300175,purchase,192.17,web,2024-01-01 20:19:37,approved,False
TXN20240101000911,ACCT202693,MERCH300075,purchase,62.5,atm,2024-01-01 17:41:10,approved,False
TXN20240101000912,ACCT205519,MERCH300272,purchase,13.15,mobile,2024-01-01 19:00:30,approved,False
TXN20240101000913,ACCT205031,MERCH300239,purchase,11.89,mobile,2024-01-01 03:06:38,declined,False
TXN20240101000914,ACCT203756,MERCH300210,purchase,29.42,web,2024-01-01 13:47:52,approved,False
TXN20240101000915,ACCT203419,MERCH300051,transfer,39.3,web,2024-01-01 01:21:17,approved,False
TXN20240101000916,ACCT205116,MERCH300288,transfer,58.29,in_person,2024-01-01 10:18:49,approved,False
TXN20240101000917,ACCT202650,MERCH300226,purchase,22.29,mobile,2024-01-01 02:10:38,approved,False
TXN20240101000918,ACCT204786,MERCH300040,withdrawal,10.3,in_person,2024-01-01 06:15:30,approved,False
TXN20240101000919,ACCT205876,MERCH300081,purchase,24.74,mobile,2024-01-01 06:14:35,approved,False
TXN20240101000920,ACCT200273,MERCH300104,purchase,198.97,mobile,2024-01-01 04:47:59,approved,False
TXN20240101000921,ACCT201087,MERCH300045,deposit,36.71,web,2024-01-01 20:56:39,approved,False
TXN20240101000922,ACCT204159,MERCH300148,purchase,10.39,in_person,2024-01-01 08:02:25,approved,False
TXN20240101000923,ACCT201134,MERCH300214,transfer,23.49,in_person,2024-01-01 03:08:59,approved,False
TXN20240101000924,ACCT200114,MERCH300054,purchase,30.2,mobile,2024-01-01 23:37:41,approved,False
TXN20240101000925,ACCT204090,MERCH300140,transfer,43.76,in_person,2024-01-01 00:52:16,approved,True
TXN20240101000926,ACCT204833,MERCH300096,withdrawal,28.55,in_person,2024-01-01 03:19:36,approved,False
TXN20240101000927,ACCT202943,MERCH300056,purchase,60.15,in_person,2024-01-01 20:50:58,approved,False
TXN20240101000928,ACCT202163,MERCH300188,purchase,61.69,web,2024-01-01 10:00:41,approved,False
TXN20240101000929,ACCT201127,MERCH300146,purchase,83.91,web,2024-01-01 08:44:45,declined,False
TXN20240101000930,ACCT202226,MERCH300266,purchase,12.72,in_person,2024-01-01 07:56:39,approved,False
TXN20240101000931,ACCT201292,MERCH300266,transfer,83.3,web,2024-01-01 14:29:51,approved,False
TXN20240101000932,ACCT201063,MERCH300141,purchase,19.26,web,2024-01-01 08:35:04,approved,False
TXN20240101000933,ACCT206381,MERCH300276,purchase,7.96,web,2024-01-01 02:15:48,approved,False
TXN20240101000934,ACCT200928,MERCH300223,purchase,73.67,mobile,2024-01-01 23:47:54,approved,False
TXN20240101000935,ACCT202359,MERCH300171,purchase,8.67,in_person,2024-01-01 21:49:01,approved,False
TXN20240101000936,ACCT200862,MERCH300136,withdrawal,24.28,web,2024-01-01 04:49:47,approved,False
TXN20240101000937,ACCT203054,MERCH300207,purchase,32.94,in_person,2024-01-01 12:50:30,approved,False
TXN20240101000938,ACCT206147,MERCH300209,transfer,24.33,in_person,2024-01-01 10:04:23,approved,False
TXN20240101000939,ACCT204337,MERCH300032,withdrawal,17.54,web,2024-01-01 02:31:06,approved,False
TXN20240101000940,ACCT205293,MERCH300255,purchase,29.1,mobile,2024-01-01 09:30:19,approved,False
TXN20240101000941,ACCT205575,MERCH300102,purchase,39.36,web,2024-01-01 15:02:40,approved,False
TXN20240101000942,ACCT202946,MERCH300215,purchase,21.09,atm,2024-01-01 02:48:30,approved,False
TXN20240101000943,ACCT204027,MERCH300221,deposit,126.93,mobile,2024-01-01 08:11:03,approved,False
TXN20240101000944,ACCT205236,MERCH300048,purchase,26.29,in_person,2024-01-01 06:25:18,declined,False
TXN20240101000945,ACCT203342,MERCH300063,purchase,7.74,web,2024-01-01 08:03:01,reversed,False
TXN20240101000946,ACCT203548,MERCH300232,purchase,21.24,web,2024-01-01 15:47:21,approved,False
TXN20240101000947,ACCT202814,MERCH300188,purchase,20.45,web,2024-01-01 09:10:54,approved,False
TXN20240101000948,ACCT206029,MERCH300086,purchase,45.19,web,2024-01-01 18:30:45,approved,False
TXN20240101000949,ACCT205895,MERCH300071,purchase,48.97,atm,2024-01-01 12:30:55,approved,False
TXN20240101000950,ACCT200197,MERCH300201,purchase,71.04,web,2024-01-01 16:05:09,approved,False
TXN20240101000951,ACCT204637,MERCH300165,purchase,13.59,mobile,2024-01-01 14:51:37,approved,False
TXN20240101000952,ACCT201242,MERCH300296,transfer,39.45,web,2024-01-01 19:00:18,approved,False
TXN20240101000953,ACCT202706,MERCH300213,deposit,8.72,mobile,2024-01-01 03:39:27,approved,False
TXN20240101000954,ACCT201012,MERCH300288,purchase,43.39,web,2024-01-01 23:10:58,declined,False
TXN20240101000955,ACCT202814,MERCH300005,purchase,11.03,in_person,2024-01-01 18:36:49,approved,False
TXN20240101000956,ACCT203960,MERCH300022,purchase,8.86,web,2024-01-01 04:13:41,approved,False
TXN20240101000957,ACCT204299,MERCH300076,purchase,210.66,web,2024-01-01 00:44:57,declined,False
TXN20240101000958,ACCT205372,MERCH300061,purchase,46.58,in_person,2024-01-01 00:33:29,approved,False
TXN20240101000959,ACCT204854,MERCH300165,purchase,30.81,mobile,2024-01-01 16:38:03,approved,False
TXN20240101000960,ACCT205873,MERCH300254,purchase,68.5,mobile,2024-01-01 10:59:54,declined,False
TXN20240101000961,ACCT203713,MERCH300197,purchase,29.81,mobile,2024-01-01 04:26:06,approved,False
TXN20240101000962,ACCT203273,MERCH300212,purchase,112.51,web,2024-01-01 07:45:15,approved,False
TXN20240101000963,ACCT200821,MERCH300216,withdrawal,156.05,web,2024-01-01 10:48:54,approved,False
TXN20240101000964,ACCT202726,MERCH300098,deposit,175.23,mobile,2024-01-01 00:19:53,approved,False
TXN20240101000965,ACCT201179,MERCH300037,withdrawal,108.9,atm,2024-01-01 13:18:05,approved,False
TXN20240101000966,ACCT205118,MERCH300074,purchase,20.35,in_person,2024-01-01 00:42:51,approved,False
TXN20240101000967,ACCT204703,MERCH300262,purchase,15.64,in_person,2024-01-01 15:55:42,approved,False
TXN20240101000968,ACCT206188,MERCH300131,purchase,21.44,in_person,2024-01-01 01:00:06,approved,False
TXN20240101000969,ACCT202429,MERCH300252,transfer,8.13,web,2024-01-01 18:06:33,approved,False
TXN20240101000970,ACCT201305,MERCH300000,withdrawal,74.13,mobile,2024-01-01 06:10:15,approved,False
TXN20240101000971,ACCT204465,MERCH300291,purchase,16.82,in_person,2024-01-01 12:38:31,approved,False
TXN20240101000972,ACCT200584,MERCH300009,purchase,16.56,mobile,2024-01-01 09:25:11,approved,False
TXN20240101000973,ACCT200957,MERCH300232,purchase,14.24,in_person,2024-01-01 21:30:05,reversed,False
TXN20240101000974,ACCT203831,MERCH300207,purchase,4.6,in_person,2024-01-01 19:19:39,approved,False
TXN20240101000975,ACCT202710,MERCH300140,deposit,38.28,web,2024-01-01 22:25:43,approved,False
TXN20240101000976,ACCT202434,MERCH300246,transfer,27.48,web,2024-01-01 17:46:11,approved,False
TXN20240101000977,ACCT201776,MERCH300212,purchase,15.22,in_person,2024-01-01 23:25:36,declined,False
TXN20240101000978,ACCT206198,MERCH300019,withdrawal,40.17,in_person,2024-01-01 05:23:29,approved,False
TXN20240101000979,ACCT204698,MERCH300108,purchase,46.62,web,2024-01-01 07:02:55,approved,False
TXN20240101000980,ACCT202540,MERCH300294,purchase,31.77,atm,2024-01-01 19:22:33,approved,False
TXN20240101000981,ACCT205647,MERCH300028,transfer,14.54,mobile,2024-01-01 00:45:28,approved,False
TXN20240101000982,ACCT205672,MERCH300167,transfer,108.68,web,2024-01-01 04:08:00,approved,False
TXN20240101000983,ACCT204964,MERCH300031,purchase,15.48,atm,2024-01-01 17:21:54,approved,False
TXN20240101000984,ACCT201696,MERCH300008,transfer,11.63,web,2024-01-01 09:17:39,approved,False
TXN20240101000985,ACCT202063,MERCH300219,purchase,12.05,in_person,2024-01-01 06:28:11,declined,False
TXN20240101000986,ACCT202714,MERCH300207,purchase,75.91,web,2024-01-01 07:49:00,approved,False
TXN20240101000987,ACCT203017,MERCH300233,deposit,250.34,mobile,2024-01-01 18:50:12,approved,False
TXN20240101000988,ACCT203379,MERCH300012,transfer,41.97,mobile,2024-01-01 11:23:30,approved,False
TXN20240101000989,ACCT204885,MERCH300295,purchase,77.11,atm,2024-01-01 00:34:56,approved,False
TXN20240101000990,ACCT204216,MERCH300222,purchase,12.93,web,2024-01-01 12:49:37,approved,False
TXN20240101000991,ACCT204269,MERCH300146,withdrawal,26.36,atm,2024-01-01 18:51:05,approved,False
TXN20240101000992,ACCT205586,MERCH300010,deposit,89.51,mobile,2024-01-01 03:36:11,approved,False
TXN20240101000993,ACCT206375,MERCH300227,purchase,255.11,mobile,2024-01-01 01:08:14,approved,False
TXN20240101000994,ACCT206133,MERCH300228,purchase,75.8,atm,2024-01-01 15:22:04,approved,False
TXN20240101000995,ACCT200856,MERCH300218,purchase,58.38,in_person,2024-01-01 21:16:08,approved,False
TXN20240101000996,ACCT201478,MERCH300146,purchase,20.22,web,2024-01-01 01:40:05,approved,False
TXN20240101000997,ACCT206161,MERCH300135,purchase,13.66,in_person,2024-01-01 15:13:42,approved,False
TXN20240101000998,ACCT202651,MERCH300241,purchase,18.53,mobile,2024-01-01 18:02:40,approved,False
TXN20240101000999,ACCT203112,MERCH300098,purchase,36.38,web,2024-01-01 03:53:46,approved,False
TXN20240101001000,ACCT205583,MERCH300179,deposit,106.24,in_person,2024-01-01 06:06:10,approved,False
TXN20240101001001,ACCT201066,MERCH300164,purchase,56.57,web,2024-01-01 12:46:54,approved,False
TXN20240101001002,ACCT201134,MERCH300210,transfer,47.05,in_person,2024-01-01 14:57:22,approved,False
TXN20240101001003,ACCT202062,MERCH300273,deposit,24.6,web,2024-01-01 12:50:08,approved,False
TXN20240101001004,ACCT204497,MERCH300050,purchase,38.45,in_person,2024-01-01 04:29:09,approved,False
TXN20240101001005,ACCT204487,MERCH300272,purchase,165.71,atm,2024-01-01 21:34:19,declined,False
TXN20240101001006,ACCT201461,MERCH300200,transfer,175.5,web,2024-01-01 10:43:05,approved,False
TXN20240101001007,ACCT200168,MERCH300074,purchase,127.55,atm,2024-01-01 12:13:19,approved,False
TXN20240101001008,ACCT203589,MERCH300149,purchase,45.97,in_person,2024-01-01 12:25:39,approved,False
TXN20240101001009,ACCT205127,MERCH300001,purchase,90.11,web,2024-01-01 13:22:58,reversed,False
TXN20240101001010,ACCT202188,MERCH300101,purchase,100.14,atm,2024-01-01 06:16:00,approved,False
TXN20240101001011,ACCT203094,MERCH300209,purchase,7.46,mobile,2024-01-01 07:33:34,approved,False
TXN20240101001012,ACCT205500,MERCH300127,withdrawal,66.72,in_person,2024-01-01 03:25:14,approved,False
TXN20240101001013,ACCT204340,MERCH300129,deposit,3.77,mobile,2024-01-01 17:01:20,approved,False
TXN20240101001014,ACCT205188,MERCH300133,purchase,57.04,in_person,2024-01-01 07:05:38,approved,False
TXN20240101001015,ACCT201036,MERCH300268,purchase,29.09,in_person,2024-01-01 01:38:17,approved,False
TXN20240101001016,ACCT201799,MERCH300027,purchase,13.0,mobile,2024-01-01 01:33:26,approved,False
TXN20240101001017,ACCT202452,MERCH300103,purchase,3.04,mobile,2024-01-01 23:51:19,approved,False
TXN20240101001018,ACCT204556,MERCH300106,purchase,148.04,mobile,2024-01-01 10:04:21,approved,False
TXN20240101001019,ACCT201588,MERCH300178,purchase,54.54,in_person,2024-01-01 14:19:42,approved,False
TXN20240101001020,ACCT203446,MERCH300138,purchase,26.07,in_person,2024-01-01 12:23:17,approved,False
TXN20240101001021,ACCT203630,MERCH300054,purchase,18.95,in_person,2024-01-01 20:40:32,approved,False
TXN20240101001022,ACCT206446,MERCH300114,purchase,5.29,web,2024-01-01 21:26:47,reversed,False
TXN20240101001023,ACCT203915,MERCH300100,purchase,17.37,in_person,2024-01-01 18:29:37,approved,False
TXN20240101001024,ACCT206173,MERCH300163,transfer,20.53,mobile,2024-01-01 23:55:45,approved,False
TXN20240101001025,ACCT200446,MERCH300034,purchase,20.4,mobile,2024-01-01 05:00:28,approved,False
TXN20240101001026,ACCT200388,MERCH300195,deposit,13.84,atm,2024-01-01 10:53:27,approved,False
TXN20240101001027,ACCT205934,MERCH300095,transfer,15.24,mobile,2024-01-01 06:17:01,approved,False
TXN20240101001028,ACCT201789,MERCH300062,transfer,56.83,in_person,2024-01-01 19:02:42,approved,False
TXN20240101001029,ACCT202465,MERCH300243,purchase,19.65,web,2024-01-01 06:31:41,approved,False
TXN20240101001030,ACCT201128,MERCH300203,purchase,197.4,atm,2024-01-01 19:12:30,approved,False
TXN20240101001031,ACCT201431,MERCH300129,purchase,72.46,in_person,2024-01-01 05:43:43,approved,False
TXN20240101001032,ACCT205668,MERCH300230,purchase,7.52,in_person,2024-01-01 16:45:39,declined,False
TXN20240101001033,ACCT201227,MERCH300045,purchase,45.07,in_person,2024-01-01 00:24:10,approved,False
TXN20240101001034,ACCT204963,MERCH300113,purchase,12.42,web,2024-01-01 18:46:13,approved,False
TXN20240101001035,ACCT205572,MERCH300168,purchase,40.77,atm,2024-01-01 19:11:38,approved,False
TXN20240101001036,ACCT200956,MERCH300225,withdrawal,51.49,web,2024-01-01 13:20:05,approved,False
TXN20240101001037,ACCT204392,MERCH300087,purchase,59.98,web,2024-01-01 12:03:52,approved,False
TXN20240101001038,ACCT202003,MERCH300100,purchase,135.98,web,2024-01-01 11:38:20,approved,False
TXN20240101001039,ACCT206069,MERCH300167,purchase,22.22,mobile,2024-01-01 14:42:36,approved,False
TXN20240101001040,ACCT205932,MERCH300116,withdrawal,32.37,in_person,2024-01-01 13:45:31,approved,False
TXN20240101001041,ACCT201188,MERCH300254,withdrawal,43.51,web,2024-01-01 11:21:40,approved,False
TXN20240101001042,ACCT201568,MERCH300296,transfer,31.64,atm,2024-01-01 12:50:21,approved,False
TXN20240101001043,ACCT204164,MERCH300279,purchase,24.7,atm,2024-01-01 02:38:42,approved,False
TXN20240101001044,ACCT201810,MERCH300164,purchase,26.82,web,2024-01-01 11:34:10,approved,False
TXN20240101001045,ACCT200151,MERCH300007,purchase,117.81,in_person,2024-01-01 10:13:19,approved,False
TXN20240101001046,ACCT204711,MERCH300083,purchase,39.45,atm,2024-01-01 21:50:02,approved,False
TXN20240101001047,ACCT205263,MERCH300211,purchase,88.11,atm,2024-01-01 07:45:09,approved,False
TXN20240101001048,ACCT200145,MERCH300195,transfer,16.59,in_person,2024-01-01 23:52:03,approved,False
TXN20240101001049,ACCT205943,MERCH300136,purchase,48.56,in_person,2024-01-01 21:20:28,approved,False
TXN20240101001050,ACCT204413,MERCH300015,purchase,53.23,in_person,2024-01-01 18:33:04,approved,False
TXN20240101001051,ACCT202146,MERCH300176,purchase,115.37,web,2024-01-01 16:03:13,approved,False
TXN20240101001052,ACCT205892,MERCH300222,purchase,5.28,in_person,2024-01-01 07:35:29,approved,False
TXN20240101001053,ACCT203441,MERCH300287,purchase,33.2,in_person,2024-01-01 03:30:41,approved,False
TXN20240101001054,ACCT205725,MERCH300177,purchase,77.95,mobile,2024-01-01 18:49:01,approved,False
TXN20240101001055,ACCT201229,MERCH300195,purchase,21.4,in_person,2024-01-01 16:43:42,approved,False
TXN20240101001056,ACCT200627,MERCH300143,purchase,14.58,atm,2024-01-01 19:59:31,approved,False
TXN20240101001057,ACCT206340,MERCH300246,purchase,42.88,web,2024-01-01 13:55:00,approved,False
TXN20240101001058,ACCT200051,MERCH300249,purchase,94.49,web,2024-01-01 21:10:05,approved,False
TXN20240101001059,ACCT200979,MERCH300179,purchase,12.91,atm,2024-01-01 01:58:57,approved,False
TXN20240101001060,ACCT201065,MERCH300199,purchase,41.56,in_person,2024-01-01 02:01:26,approved,False
TXN20240101001061,ACCT206240,MERCH300202,withdrawal,28.1,in_person,2024-01-01 01:27:55,approved,False
TXN20240101001062,ACCT200087,MERCH300077,purchase,19.02,web,2024-01-01 07:55:30,declined,False
TXN20240101001063,ACCT201667,MERCH300015,purchase,34.13,web,2024-01-01 03:36:07,approved,False
TXN20240101001064,ACCT205658,MERCH300080,purchase,101.26,web,2024-01-01 00:59:43,approved,False
TXN20240101001065,ACCT201556,MERCH300279,purchase,47.62,atm,2024-01-01 19:33:28,declined,False
TXN20240101001066,ACCT202905,MERCH300141,transfer,14.01,atm,2024-01-01 03:40:22,approved,False
TXN20240101001067,ACCT200135,MERCH300009,transfer,93.07,in_person,2024-01-01 19:32:12,approved,False
TXN20240101001068,ACCT202740,MERCH300070,withdrawal,49.07,in_person,2024-01-01 15:55:26,reversed,False
TXN20240101001069,ACCT205143,MERCH300223,purchase,25.18,web,2024-01-01 14:06:57,approved,False
TXN20240101001070,ACCT204459,MERCH300218,withdrawal,86.26,atm,2024-01-01 02:23:13,approved,False
TXN20240101001071,ACCT201487,MERCH300001,purchase,82.98,in_person,2024-01-01 00:40:33,approved,False
TXN20240101001072,ACCT202446,MERCH300284,withdrawal,40.03,web,2024-01-01 03:29:01,approved,False
TXN20240101001073,ACCT200551,MERCH300081,purchase,63.65,in_person,2024-01-01 07:57:42,approved,False
TXN20240101001074,ACCT202688,MERCH300096,purchase,290.61,atm,2024-01-01 22:34:53,approved,False
TXN20240101001075,ACCT203463,MERCH300081,transfer,18.94,in_person,2024-01-01 09:07:58,approved,False
TXN20240101001076,ACCT200345,MERCH300014,transfer,15.28,web,2024-01-01 05:36:48,approved,False
TXN20240101001077,ACCT205565,MERCH300246,purchase,52.16,in_person,2024-01-01 06:18:40,approved,False
TXN20240101001078,ACCT205697,MERCH300179,deposit,18.96,web,2024-01-01 08:28:34,approved,False
TXN20240101001079,ACCT206467,MERCH300193,purchase,46.34,web,2024-01-01 13:04:52,approved,False
TXN20240101001080,ACCT206364,MERCH300106,purchase,12.97,web,2024-01-01 19:52:00,approved,False
TXN20240101001081,ACCT201776,MERCH300216,purchase,39.03,in_person,2024-01-01 01:24:14,approved,False
TXN20240101001082,ACCT205121,MERCH300171,transfer,13.2,in_person,2024-01-01 18:48:02,approved,False
TXN20240101001083,ACCT202222,MERCH300246,deposit,33.35,in_person,2024-01-01 00:28:13,approved,False
TXN20240101001084,ACCT204192,MERCH300078,withdrawal,64.44,mobile,2024-01-01 07:56:13,declined,False
TXN20240101001085,ACCT205203,MERCH300295,purchase,6.92,mobile,2024-01-01 14:21:26,approved,False
TXN20240101001086,ACCT204822,MERCH300250,purchase,55.86,in_person,2024-01-01 02:06:41,approved,False
TXN20240101001087,ACCT201176,MERCH300230,purchase,51.65,in_person,2024-01-01 06:28:52,approved,False
TXN20240101001088,ACCT200885,MERCH300024,withdrawal,51.26,web,2024-01-01 15:02:35,approved,False
TXN20240101001089,ACCT201424,MERCH300147,deposit,28.13,in_person,2024-01-01 16:48:02,approved,False
TXN20240101001090,ACCT205514,MERCH300144,transfer,8.04,mobile,2024-01-01 01:55:05,approved,False
TXN20240101001091,ACCT205614,MERCH300243,purchase,52.27,web,2024-01-01 18:12:26,approved,False
TXN20240101001092,ACCT202926,MERCH300196,purchase,262.33,mobile,2024-01-01 09:03:36,approved,False
TXN20240101001093,ACCT204936,MERCH300161,purchase,30.33,web,2024-01-01 14:45:49,approved,False
TXN20240101001094,ACCT200738,MERCH300099,purchase,2.99,atm,2024-01-01 05:41:22,approved,False
TXN20240101001095,ACCT200076,MERCH300224,deposit,102.23,mobile,2024-01-01 23:47:10,approved,False
TXN20240101001096,ACCT206312,MERCH300126,purchase,56.66,in_person,2024-01-01 18:34:08,approved,False
TXN20240101001097,ACCT206234,MERCH300111,transfer,16.4,in_person,2024-01-01 15:34:36,approved,False
TXN20240101001098,ACCT200673,MERCH300295,purchase,68.78,web,2024-01-01 04:16:59,approved,False
TXN20240101001099,ACCT205364,MERCH300221,withdrawal,15.66,in_person,2024-01-01 18:18:04,approved,False
TXN20240101001100,ACCT202148,MERCH300010,deposit,58.46,web,2024-01-01 09:37:00,approved,False
TXN20240101001101,ACCT203257,MERCH300100,purchase,18.58,atm,2024-01-01 15:56:00,approved,False
TXN20240101001102,ACCT203501,MERCH300154,purchase,25.64,in_person,2024-01-01 15:18:32,approved,False
TXN20240101001103,ACCT205816,MERCH300033,purchase,14.27,mobile,2024-01-01 19:21:19,declined,False
TXN20240101001104,ACCT203369,MERCH300193,purchase,22.45,in_person,2024-01-01 20:35:49,approved,False
TXN20240101001105,ACCT203993,MERCH300172,purchase,191.84,in_person,2024-01-01 09:02:48,approved,False
TXN20240101001106,ACCT203723,MERCH300091,purchase,48.48,in_person,2024-01-01 01:39:30,approved,False
TXN20240101001107,ACCT202991,MERCH300040,purchase,2.36,in_person,2024-01-01 10:08:02,approved,False
TXN20240101001108,ACCT200791,MERCH300211,purchase,43.82,in_person,2024-01-01 09:40:34,approved,False
TXN20240101001109,ACCT205918,MERCH300285,purchase,69.54,atm,2024-01-01 08:53:21,approved,False
TXN20240101001110,ACCT200309,MERCH300058,transfer,17.52,web,2024-01-01 11:54:50,approved,False
TXN20240101001111,ACCT205482,MERCH300235,transfer,81.02,in_person,2024-01-01 13:08:43,approved,False
TXN20240101001112,ACCT203327,MERCH300005,deposit,331.26,in_person,2024-01-01 14:35:57,approved,False
TXN20240101001113,ACCT203558,MERCH300136,purchase,250.3,atm,2024-01-01 08:26:22,approved,False
TXN20240101001114,ACCT204944,MERCH300147,purchase,9.6,in_person,2024-01-01 14:29:19,approved,False
TXN20240101001115,ACCT204359,MERCH300293,purchase,57.6,in_person,2024-01-01 23:41:28,approved,False
TXN20240101001116,ACCT202938,MERCH300144,deposit,11.79,mobile,2024-01-01 15:59:49,approved,False
TXN20240101001117,ACCT202101,MERCH300113,purchase,43.7,web,2024-01-01 14:34:30,approved,False
TXN20240101001118,ACCT205855,MERCH300100,deposit,39.65,in_person,2024-01-01 06:33:20,approved,False
TXN20240101001119,ACCT202092,MERCH300229,transfer,90.23,mobile,2024-01-01 08:39:54,approved,False
TXN20240101001120,ACCT200940,MERCH300135,purchase,58.34,web,2024-01-01 01:30:23,approved,False
TXN20240101001121,ACCT200551,MERCH300027,purchase,12.83,web,2024-01-01 12:20:52,approved,False
TXN20240101001122,ACCT202341,MERCH300227,purchase,15.17,in_person,2024-01-01 01:49:38,approved,False
TXN20240101001123,ACCT205395,MERCH300016,purchase,10.29,mobile,2024-01-01 18:39:03,approved,False
TXN20240101001124,ACCT206316,MERCH300120,deposit,15.02,web,2024-01-01 22:33:29,approved,False
TXN20240101001125,ACCT203232,MERCH300169,purchase,27.34,in_person,2024-01-01 19:00:41,approved,False
TXN20240101001126,ACCT202815,MERCH300051,transfer,50.09,web,2024-01-01 03:16:54,approved,False
TXN20240101001127,ACCT204722,MERCH300234,purchase,34.97,web,2024-01-01 15:15:32,approved,False
TXN20240101001128,ACCT200617,MERCH300264,withdrawal,83.51,atm,2024-01-01 10:38:00,approved,False
TXN20240101001129,ACCT203637,MERCH300271,purchase,62.33,in_person,2024-01-01 00:07:21,reversed,False
TXN20240101001130,ACCT203315,MERCH300111,purchase,245.59,in_person,2024-01-01 17:22:58,approved,False
TXN20240101001131,ACCT204675,MERCH300122,withdrawal,16.87,mobile,2024-01-01 20:27:29,approved,False
TXN20240101001132,ACCT203303,MERCH300078,purchase,86.2,in_person,2024-01-01 11:44:23,approved,False
TXN20240101001133,ACCT205259,MERCH300003,deposit,13.23,in_person,2024-01-01 21:08:52,approved,False
TXN20240101001134,ACCT204530,MERCH300166,withdrawal,59.49,mobile,2024-01-01 01:36:25,approved,False
TXN20240101001135,ACCT203876,MERCH300268,purchase,58.7,mobile,2024-01-01 20:32:46,approved,False
TXN20240101001136,ACCT200531,MERCH300209,purchase,237.05,web,2024-01-01 16:44:01,approved,False
TXN20240101001137,ACCT204003,MERCH300058,purchase,217.78,web,2024-01-01 16:10:34,approved,False
TXN20240101001138,ACCT204191,MERCH300118,purchase,10.55,web,2024-01-01 12:35:01,approved,False
TXN20240101001139,ACCT203585,MERCH300029,purchase,66.14,mobile,2024-01-01 00:24:10,approved,False
TXN20240101001140,ACCT206306,MERCH300212,purchase,27.1,mobile,2024-01-01 10:15:32,approved,False
TXN20240101001141,ACCT204922,MERCH300283,transfer,26.79,web,2024-01-01 22:04:37,approved,False
TXN20240101001142,ACCT206181,MERCH300065,deposit,58.95,mobile,2024-01-01 11:22:07,approved,False
TXN20240101001143,ACCT201048,MERCH300111,purchase,85.14,in_person,2024-01-01 01:26:29,approved,False
TXN20240101001144,ACCT204853,MERCH300210,transfer,6.21,web,2024-01-01 11:03:24,approved,False
TXN20240101001145,ACCT201239,MERCH300186,purchase,28.51,mobile,2024-01-01 03:48:26,approved,False
TXN20240101001146,ACCT206135,MERCH300093,purchase,175.37,web,2024-01-01 10:41:48,approved,False
TXN20240101001147,ACCT205590,MERCH300260,purchase,40.31,web,2024-01-01 15:19:56,approved,False
TXN20240101001148,ACCT204401,MERCH300265,purchase,7.38,in_person,2024-01-01 01:02:04,approved,False
TXN20240101001149,ACCT202033,MERCH300213,purchase,60.18,web,2024-01-01 11:42:59,approved,False
TXN20240101001150,ACCT206301,MERCH300152,withdrawal,68.86,web,2024-01-01 12:01:03,approved,False
TXN20240101001151,ACCT205434,MERCH300173,purchase,47.57,mobile,2024-01-01 18:25:57,approved,False
TXN20240101001152,ACCT204268,MERCH300062,transfer,63.43,in_person,2024-01-01 01:12:36,approved,False
TXN20240101001153,ACCT202630,MERCH300237,purchase,50.47,mobile,2024-01-01 15:14:44,approved,False
TXN20240101001154,ACCT203215,MERCH300269,purchase,127.61,in_person,2024-01-01 14:45:14,approved,False
TXN20240101001155,ACCT202058,MERCH300145,purchase,97.86,mobile,2024-01-01 00:18:35,approved,False
TXN20240101001156,ACCT204313,MERCH300166,purchase,24.44,web,2024-01-01 02:14:35,approved,False
TXN20240101001157,ACCT202773,MERCH300019,purchase,66.7,web,2024-01-01 15:18:19,approved,False
TXN20240101001158,ACCT202071,MERCH300099,purchase,111.08,atm,2024-01-01 20:08:30,approved,False
TXN20240101001159,ACCT201431,MERCH300040,transfer,135.56,web,2024-01-01 20:44:56,declined,False
TXN20240101001160,ACCT201235,MERCH300011,purchase,7.89,in_person,2024-01-01 18:29:06,approved,False
TXN20240101001161,ACCT200749,MERCH300256,purchase,37.87,web,2024-01-01 20:12:27,approved,False
TXN20240101001162,ACCT203029,MERCH300063,purchase,40.12,web,2024-01-01 14:18:20,approved,False
TXN20240101001163,ACCT205919,MERCH300209,purchase,164.28,mobile,2024-01-01 03:58:12,approved,False
TXN20240101001164,ACCT206412,MERCH300103,purchase,32.67,web,2024-01-01 12:34:28,approved,False
TXN20240101001165,ACCT201172,MERCH300249,purchase,24.46,in_person,2024-01-01 08:41:06,approved,False
TXN20240101001166,ACCT201459,MERCH300221,purchase,12.33,in_person,2024-01-01 06:51:07,approved,False
TXN20240101001167,ACCT204445,MERCH300233,purchase,25.86,web,2024-01-01 02:24:50,approved,True
TXN20240101001168,ACCT201525,MERCH300141,deposit,128.11,web,2024-01-01 00:20:19,approved,True
TXN20240101001169,ACCT205217,MERCH300257,purchase,21.54,mobile,2024-01-01 18:59:19,approved,False
TXN20240101001170,ACCT205031,MERCH300145,purchase,9.29,in_person,2024-01-01 04:33:39,approved,False
TXN20240101001171,ACCT200525,MERCH300100,purchase,73.38,web,2024-01-01 15:12:45,declined,False
TXN20240101001172,ACCT206464,MERCH300076,transfer,26.44,atm,2024-01-01 07:51:51,approved,False
TXN20240101001173,ACCT201749,MERCH300275,purchase,73.02,in_person,2024-01-01 11:45:37,approved,False
TXN20240101001174,ACCT201130,MERCH300046,purchase,149.39,web,2024-01-01 09:24:15,approved,False
TXN20240101001175,ACCT205379,MERCH300128,deposit,66.96,atm,2024-01-01 07:16:17,approved,False
TXN20240101001176,ACCT204474,MERCH300197,transfer,31.84,in_person,2024-01-01 11:39:42,approved,False
TXN20240101001177,ACCT202274,MERCH300054,purchase,15.52,web,2024-01-01 18:32:51,approved,False
TXN20240101001178,ACCT200789,MERCH300293,purchase,38.42,web,2024-01-01 12:14:55,approved,False
TXN20240101001179,ACCT205450,MERCH300135,purchase,8.1,in_person,2024-01-01 18:03:50,approved,False
TXN20240101001180,ACCT200120,MERCH300055,transfer,25.19,mobile,2024-01-01 21:49:37,approved,False
TXN20240101001181,ACCT200222,MERCH300008,withdrawal,27.82,in_person,2024-01-01 11:50:10,approved,False
TXN20240101001182,ACCT204872,MERCH300104,purchase,135.11,mobile,2024-01-01 19:54:24,declined,False
TXN20240101001183,ACCT201767,MERCH300192,purchase,27.08,web,2024-01-01 02:21:07,approved,False
TXN20240101001184,ACCT205105,MERCH300058,purchase,57.32,in_person,2024-01-01 13:42:26,approved,False
TXN20240101001185,ACCT204518,MERCH300085,withdrawal,329.97,in_person,2024-01-01 11:35:36,approved,False
TXN20240101001186,ACCT206171,MERCH300160,purchase,90.35,mobile,2024-01-01 00:15:40,approved,False
TXN20240101001187,ACCT205760,MERCH300255,purchase,49.73,web,2024-01-01 21:55:14,declined,False
TXN20240101001188,ACCT203241,MERCH300172,purchase,82.17,in_person,2024-01-01 17:20:41,approved,False
TXN20240101001189,ACCT203106,MERCH300038,transfer,25.75,in_person,2024-01-01 14:01:19,approved,False
TXN20240101001190,ACCT202106,MERCH300109,purchase,28.29,web,2024-01-01 16:09:41,approved,False
TXN20240101001191,ACCT206119,MERCH300124,purchase,46.44,in_person,2024-01-01 18:58:56,approved,False
TXN20240101001192,ACCT200935,MERCH300295,deposit,10.55,atm,2024-01-01 18:04:17,approved,False
TXN20240101001193,ACCT203703,MERCH300274,purchase,22.36,in_person,2024-01-01 07:31:10,approved,False
TXN20240101001194,ACCT201694,MERCH300197,purchase,144.9,in_person,2024-01-01 10:29:58,approved,False
TXN20240101001195,ACCT202618,MERCH300274,purchase,55.7,web,2024-01-01 08:46:28,approved,False
TXN20240101001196,ACCT200830,MERCH300219,withdrawal,60.65,in_person,2024-01-01 21:49:13,declined,False
TXN20240101001197,ACCT202730,MERCH300139,purchase,26.32,mobile,2024-01-01 02:28:17,approved,False
TXN20240101001198,ACCT204310,MERCH300209,purchase,55.25,atm,2024-01-01 21:37:28,approved,False
TXN20240101001199,ACCT205863,MERCH300236,purchase,17.99,web,2024-01-01 08:48:20,approved,False
TXN20240101001200,ACCT204861,MERCH300207,purchase,132.97,mobile,2024-01-01 18:48:54,approved,False
TXN20240101001201,ACCT200681,MERCH300087,purchase,18.1,mobile,2024-01-01 04:52:22,approved,False
TXN20240101001202,ACCT202200,MERCH300141,purchase,48.66,in_person,2024-01-01 20:42:28,approved,False
TXN20240101001203,ACCT200857,MERCH300061,purchase,14.74,in_person,2024-01-01 12:22:15,approved,False
TXN20240101001204,ACCT201489,MERCH300018,deposit,57.07,web,2024-01-01 23:33:42,approved,False
TXN20240101001205,ACCT200666,MERCH300240,purchase,147.04,atm,2024-01-01 09:43:45,approved,False
TXN20240101001206,ACCT202069,MERCH300225,purchase,17.08,mobile,2024-01-01 23:17:33,approved,False
TXN20240101001207,ACCT200996,MERCH300007,purchase,35.48,web,2024-01-01 20:59:48,approved,False
TXN20240101001208,ACCT202161,MERCH300266,transfer,150.79,in_person,2024-01-01 00:26:16,declined,False
TXN20240101001209,ACCT201590,MERCH300232,purchase,61.49,mobile,2024-01-01 09:45:32,approved,False
TXN20240101001210,ACCT202965,MERCH300075,withdrawal,31.12,mobile,2024-01-01 09:30:43,reversed,False
TXN20240101001211,ACCT204677,MERCH300086,purchase,128.0,atm,2024-01-01 05:57:53,approved,False
TXN20240101001212,ACCT203572,MERCH300043,purchase,29.68,mobile,2024-01-01 21:40:19,approved,False
TXN20240101001213,ACCT201505,MERCH300230,deposit,20.95,in_person,2024-01-01 02:44:08,approved,False
TXN20240101001214,ACCT204772,MERCH300256,withdrawal,23.05,web,2024-01-01 06:46:46,approved,False
TXN20240101001215,ACCT206140,MERCH300133,withdrawal,7.98,web,2024-01-01 06:19:30,approved,False
TXN20240101001216,ACCT203282,MERCH300274,withdrawal,27.19,web,2024-01-01 10:20:03,approved,False
TXN20240101001217,ACCT201502,MERCH300219,purchase,44.26,web,2024-01-01 16:49:49,approved,False
TXN20240101001218,ACCT204356,MERCH300159,purchase,24.4,mobile,2024-01-01 00:27:29,approved,False
TXN20240101001219,ACCT203881,MERCH300037,purchase,120.62,mobile,2024-01-01 15:39:37,approved,False
TXN20240101001220,ACCT201828,MERCH300208,transfer,257.57,in_person,2024-01-01 09:31:21,declined,False
TXN20240101001221,ACCT205846,MERCH300008,deposit,40.96,in_person,2024-01-01 14:01:59,declined,False
TXN20240101001222,ACCT200181,MERCH300030,purchase,46.24,web,2024-01-01 01:28:25,approved,False
TXN20240101001223,ACCT204622,MERCH300031,purchase,42.88,mobile,2024-01-01 20:10:35,approved,False
TXN20240101001224,ACCT200185,MERCH300020,purchase,10.03,web,2024-01-01 13:05:32,approved,False
TXN20240101001225,ACCT200821,MERCH300257,transfer,207.96,web,2024-01-01 06:15:57,approved,False
TXN20240101001226,ACCT200960,MERCH300153,withdrawal,43.08,web,2024-01-01 18:17:36,approved,False
TXN20240101001227,ACCT200470,MERCH300036,deposit,11.0,mobile,2024-01-01 11:44:05,declined,False
TXN20240101001228,ACCT205510,MERCH300203,purchase,11.76,in_person,2024-01-01 09:15:51,approved,False
TXN20240101001229,ACCT201943,MERCH300058,withdrawal,56.54,web,2024-01-01 04:47:02,approved,False
TXN20240101001230,ACCT205258,MERCH300272,purchase,100.0,mobile,2024-01-01 11:12:31,approved,False
TXN20240101001231,ACCT204612,MERCH300165,purchase,54.62,in_person,2024-01-01 05:49:21,approved,False
TXN20240101001232,ACCT203794,MERCH300131,purchase,54.1,in_person,2024-01-01 17:31:28,approved,False
TXN20240101001233,ACCT202291,MERCH300240,purchase,25.51,mobile,2024-01-01 08:04:50,approved,False
TXN20240101001234,ACCT202760,MERCH300038,purchase,47.47,in_person,2024-01-01 02:06:06,approved,False
TXN20240101001235,ACCT200600,MERCH300112,purchase,49.32,web,2024-01-01 16:04:03,approved,False
TXN20240101001236,ACCT202103,MERCH300238,transfer,21.91,atm,2024-01-01 20:24:54,approved,False
TXN20240101001237,ACCT201651,MERCH300259,purchase,32.33,in_person,2024-01-01 20:17:15,approved,False
TXN20240101001238,ACCT203438,MERCH300281,purchase,49.89,atm,2024-01-01 11:02:26,approved,False
TXN20240101001239,ACCT201584,MERCH300074,transfer,21.55,in_person,2024-01-01 07:40:59,approved,False
TXN20240101001240,ACCT204292,MERCH300148,purchase,33.57,web,2024-01-01 05:51:43,approved,False
TXN20240101001241,ACCT200435,MERCH300038,purchase,34.23,in_person,2024-01-01 09:50:38,approved,False
TXN20240101001242,ACCT200415,MERCH300243,purchase,52.33,mobile,2024-01-01 02:09:00,approved,False
TXN20240101001243,ACCT204960,MERCH300242,purchase,19.71,atm,2024-01-01 21:52:23,approved,False
TXN20240101001244,ACCT200441,MERCH300278,transfer,35.6,in_person,2024-01-01 05:25:31,approved,False
TXN20240101001245,ACCT201625,MERCH300090,withdrawal,36.09,atm,2024-01-01 18:12:04,approved,False
TXN20240101001246,ACCT203273,MERCH300114,withdrawal,159.47,mobile,2024-01-01 09:08:38,approved,False
TXN20240101001247,ACCT204375,MERCH300277,purchase,55.11,atm,2024-01-01 16:46:45,approved,False
TXN20240101001248,ACCT205663,MERCH300053,purchase,17.75,mobile,2024-01-01 21:15:22,approved,False
TXN20240101001249,ACCT200586,MERCH300077,withdrawal,36.38,mobile,2024-01-01 09:38:55,approved,False
TXN20240101001250,ACCT204497,MERCH300206,withdrawal,21.85,atm,2024-01-01 23:33:56,approved,False
TXN20240101001251,ACCT205322,MERCH300207,purchase,3.87,mobile,2024-01-01 08:55:44,approved,False
TXN20240101001252,ACCT205373,MERCH300162,purchase,11.24,mobile,2024-01-01 06:42:18,approved,False
TXN20240101001253,ACCT204745,MERCH300240,purchase,42.31,in_person,2024-01-01 17:46:06,approved,False
TXN20240101001254,ACCT200923,MERCH300262,purchase,20.82,in_person,2024-01-01 03:29:41,approved,False
TXN20240101001255,ACCT204126,MERCH300020,purchase,12.77,web,2024-01-01 02:31:31,approved,False
TXN20240101001256,ACCT203197,MERCH300034,withdrawal,67.26,in_person,2024-01-01 08:08:43,approved,False
TXN20240101001257,ACCT205151,MERCH300132,purchase,20.99,web,2024-01-01 13:46:24,approved,False
TXN20240101001258,ACCT205626,MERCH300086,withdrawal,140.65,mobile,2024-01-01 11:45:09,approved,False
TXN20240101001259,ACCT205435,MERCH300027,purchase,16.96,web,2024-01-01 01:18:54,approved,False
TXN20240101001260,ACCT201553,MERCH300166,purchase,7.67,atm,2024-01-01 13:08:57,approved,False
TXN20240101001261,ACCT204439,MERCH300142,purchase,50.22,web,2024-01-01 14:47:45,approved,False
TXN20240101001262,ACCT201216,MERCH300087,purchase,11.49,in_person,2024-01-01 06:46:01,approved,False
TXN20240101001263,ACCT206220,MERCH300093,deposit,37.71,in_person,2024-01-01 13:46:48,approved,False
TXN20240101001264,ACCT200500,MERCH300289,purchase,19.85,atm,2024-01-01 08:01:59,approved,False
TXN20240101001265,ACCT203388,MERCH300202,transfer,7.77,web,2024-01-01 01:51:24,approved,False
TXN20240101001266,ACCT204232,MERCH300187,purchase,29.4,atm,2024-01-01 17:21:30,approved,False
TXN20240101001267,ACCT200732,MERCH300237,purchase,42.09,in_person,2024-01-01 10:14:01,approved,False
TXN20240101001268,ACCT201113,MERCH300108,purchase,29.02,in_person,2024-01-01 23:31:36,approved,False
TXN20240101001269,ACCT200695,MERCH300164,purchase,9.68,mobile,2024-01-01 04:50:45,approved,False
TXN20240101001270,ACCT204323,MERCH300205,purchase,50.9,web,2024-01-01 00:48:12,approved,False
TXN20240101001271,ACCT201785,MERCH300282,purchase,5.0,web,2024-01-01 19:10:37,approved,False
TXN20240101001272,ACCT201154,MERCH300018,transfer,60.01,web,2024-01-01 20:58:15,approved,False
TXN20240101001273,ACCT203196,MERCH300129,purchase,47.55,web,2024-01-01 21:46:08,approved,False
TXN20240101001274,ACCT201364,MERCH300113,purchase,120.83,mobile,2024-01-01 23:55:01,declined,False
TXN20240101001275,ACCT205238,MERCH300242,purchase,90.64,in_person,2024-01-01 07:55:45,declined,False
TXN20240101001276,ACCT201609,MERCH300064,deposit,24.39,in_person,2024-01-01 16:31:12,approved,False
TXN20240101001277,ACCT204846,MERCH300165,purchase,15.2,in_person,2024-01-01 00:02:08,approved,False
TXN20240101001278,ACCT201326,MERCH300112,purchase,10.06,web,2024-01-01 10:04:57,approved,False
TXN20240101001279,ACCT203031,MERCH300169,purchase,5.49,mobile,2024-01-01 21:37:44,declined,False
TXN20240101001280,ACCT206285,MERCH300058,purchase,22.4,mobile,2024-01-01 15:05:15,approved,False
TXN20240101001281,ACCT205457,MERCH300211,purchase,65.49,atm,2024-01-01 20:39:42,approved,False
TXN20240101001282,ACCT202319,MERCH300090,deposit,19.24,web,2024-01-01 22:06:29,approved,False
TXN20240101001283,ACCT205490,MERCH300251,purchase,12.65,web,2024-01-01 19:48:00,approved,False
TXN20240101001284,ACCT205278,MERCH300013,purchase,72.9,web,2024-01-01 16:16:16,approved,False
TXN20240101001285,ACCT203683,MERCH300188,purchase,7.41,mobile,2024-01-01 08:06:46,approved,False
TXN20240101001286,ACCT204280,MERCH300220,purchase,35.73,in_person,2024-01-01 12:20:43,approved,False
TXN20240101001287,ACCT201964,MERCH300057,deposit,37.3,web,2024-01-01 01:54:24,approved,False
TXN20240101001288,ACCT202031,MERCH300227,purchase,33.32,web,2024-01-01 13:33:59,approved,False
TXN20240101001289,ACCT204921,MERCH300145,transfer,9.49,atm,2024-01-01 23:59:30,approved,False
TXN20240101001290,ACCT202423,MERCH300103,transfer,31.83,in_person,2024-01-01 03:15:00,approved,False
TXN20240101001291,ACCT203060,MERCH300189,purchase,62.08,in_person,2024-01-01 11:40:57,approved,False
TXN20240101001292,ACCT206149,MERCH300129,deposit,12.01,web,2024-01-01 21:11:01,approved,False
TXN20240101001293,ACCT200319,MERCH300128,deposit,41.44,web,2024-01-01 08:25:55,approved,False
TXN20240101001294,ACCT200102,MERCH300103,transfer,15.11,in_person,2024-01-01 14:22:04,approved,False
TXN20240101001295,ACCT200661,MERCH300122,purchase,7.67,web,2024-01-01 18:38:22,approved,False
TXN20240101001296,ACCT202185,MERCH300063,withdrawal,13.52,web,2024-01-01 18:40:03,approved,False
TXN20240101001297,ACCT203444,MERCH300256,purchase,47.15,web,2024-01-01 16:03:42,approved,False
TXN20240101001298,ACCT201718,MERCH300135,deposit,18.77,web,2024-01-01 01:41:18,approved,False
TXN20240101001299,ACCT201656,MERCH300018,purchase,10.9,in_person,2024-01-01 01:45:30,approved,False
TXN20240101001300,ACCT202579,MERCH300141,withdrawal,16.8,mobile,2024-01-01 18:22:11,approved,False
TXN20240101001301,ACCT206275,MERCH300290,transfer,61.56,web,2024-01-01 23:04:49,approved,False
TXN20240101001302,ACCT202038,MERCH300140,deposit,42.04,web,2024-01-01 06:25:27,approved,False
TXN20240101001303,ACCT200346,MERCH300000,transfer,14.35,web,2024-01-01 13:19:19,approved,False
TXN20240101001304,ACCT202460,MERCH300020,transfer,67.11,in_person,2024-01-01 01:47:01,approved,False
TXN20240101001305,ACCT202307,MERCH300269,withdrawal,14.65,mobile,2024-01-01 04:08:28,approved,False
TXN20240101001306,ACCT205680,MERCH300212,purchase,44.53,web,2024-01-01 11:17:43,approved,False
TXN20240101001307,ACCT200565,MERCH300132,purchase,28.41,in_person,2024-01-01 00:43:06,approved,False
TXN20240101001308,ACCT200683,MERCH300021,deposit,27.78,atm,2024-01-01 14:56:30,approved,False
TXN20240101001309,ACCT205882,MERCH300077,purchase,47.21,mobile,2024-01-01 13:35:55,approved,False
TXN20240101001310,ACCT205370,MERCH300040,transfer,152.2,mobile,2024-01-01 02:00:52,approved,False
TXN20240101001311,ACCT204817,MERCH300209,purchase,60.07,web,2024-01-01 14:41:54,approved,False
TXN20240101001312,ACCT201538,MERCH300112,purchase,29.29,web,2024-01-01 10:01:53,approved,False
TXN20240101001313,ACCT204939,MERCH300086,purchase,77.54,web,2024-01-01 02:03:16,approved,False
TXN20240101001314,ACCT205699,MERCH300202,deposit,2.71,in_person,2024-01-01 05:40:09,approved,False
TXN20240101001315,ACCT200627,MERCH300050,purchase,17.92,web,2024-01-01 13:22:34,approved,False
TXN20240101001316,ACCT200518,MERCH300025,purchase,22.79,mobile,2024-01-01 19:01:42,approved,False
TXN20240101001317,ACCT201693,MERCH300143,purchase,206.22,web,2024-01-01 10:24:22,approved,False
TXN20240101001318,ACCT200855,MERCH300201,purchase,26.18,mobile,2024-01-01 15:22:13,approved,False
TXN20240101001319,ACCT206229,MERCH300066,purchase,213.1,web,2024-01-01 10:36:09,approved,False
TXN20240101001320,ACCT205499,MERCH300232,purchase,46.69,web,2024-01-01 20:56:30,approved,False
TXN20240101001321,ACCT202055,MERCH300190,withdrawal,29.66,web,2024-01-01 23:06:02,approved,False
TXN20240101001322,ACCT200436,MERCH300223,transfer,19.32,mobile,2024-01-01 10:39:41,approved,False
TXN20240101001323,ACCT201943,MERCH300235,transfer,14.03,in_person,2024-01-01 07:38:49,approved,False
TXN20240101001324,ACCT205079,MERCH300072,withdrawal,56.23,web,2024-01-01 13:58:49,reversed,False
TXN20240101001325,ACCT201169,MERCH300256,purchase,14.29,mobile,2024-01-01 21:23:17,approved,False
TXN20240101001326,ACCT201375,MERCH300085,purchase,61.81,web,2024-01-01 14:09:05,approved,False
TXN20240101001327,ACCT205980,MERCH300129,withdrawal,17.69,in_person,2024-01-01 08:54:30,approved,False
TXN20240101001328,ACCT201268,MERCH300098,transfer,14.21,mobile,2024-01-01 18:03:44,reversed,False
TXN20240101001329,ACCT201879,MERCH300112,withdrawal,31.75,atm,2024-01-01 04:26:54,approved,True
TXN20240101001330,ACCT203863,MERCH300195,purchase,38.19,web,2024-01-01 06:39:07,approved,False
TXN20240101001331,ACCT203773,MERCH300124,withdrawal,50.56,mobile,2024-01-01 03:06:01,approved,False
TXN20240101001332,ACCT201902,MERCH300087,transfer,105.26,in_person,2024-01-01 21:17:08,approved,False
TXN20240101001333,ACCT200344,MERCH300014,purchase,27.23,web,2024-01-01 22:06:32,approved,False
TXN20240101001334,ACCT200832,MERCH300180,purchase,88.56,in_person,2024-01-01 23:50:09,approved,False
TXN20240101001335,ACCT201577,MERCH300083,transfer,23.27,atm,2024-01-01 00:15:57,approved,False
TXN20240101001336,ACCT202854,MERCH300282,withdrawal,30.48,in_person,2024-01-01 21:36:20,approved,False
TXN20240101001337,ACCT205941,MERCH300278,withdrawal,63.47,atm,2024-01-01 05:14:48,approved,False
TXN20240101001338,ACCT202861,MERCH300274,purchase,97.76,web,2024-01-01 22:41:19,approved,False
TXN20240101001339,ACCT201093,MERCH300022,purchase,34.07,web,2024-01-01 08:47:13,approved,False
TXN20240101001340,ACCT205416,MERCH300204,transfer,49.97,web,2024-01-01 07:02:05,approved,False
TXN20240101001341,ACCT203477,MERCH300203,purchase,32.84,in_person,2024-01-01 15:43:12,approved,False
TXN20240101001342,ACCT202715,MERCH300054,purchase,39.9,in_person,2024-01-01 18:39:45,approved,False
TXN20240101001343,ACCT205467,MERCH300060,purchase,25.98,web,2024-01-01 09:04:45,approved,False
TXN20240101001344,ACCT202791,MERCH300299,purchase,45.16,mobile,2024-01-01 19:15:40,approved,False
TXN20240101001345,ACCT201804,MERCH300028,purchase,16.7,mobile,2024-01-01 00:51:04,approved,False
TXN20240101001346,ACCT200810,MERCH300282,purchase,15.94,atm,2024-01-01 21:26:19,approved,False
TXN20240101001347,ACCT203664,MERCH300164,purchase,21.57,in_person,2024-01-01 12:05:35,approved,False
TXN20240101001348,ACCT205854,MERCH300277,deposit,29.84,mobile,2024-01-01 12:38:56,approved,False
TXN20240101001349,ACCT205780,MERCH300241,purchase,195.23,in_person,2024-01-01 21:47:14,approved,False
TXN20240101001350,ACCT205551,MERCH300020,deposit,107.45,web,2024-01-01 01:25:11,approved,False
TXN20240101001351,ACCT203780,MERCH300202,purchase,29.65,in_person,2024-01-01 21:06:50,approved,False
TXN20240101001352,ACCT203023,MERCH300166,transfer,71.15,atm,2024-01-01 04:07:28,approved,False
TXN20240101001353,ACCT201797,MERCH300042,purchase,19.03,web,2024-01-01 23:22:22,approved,False
TXN20240101001354,ACCT203466,MERCH300200,purchase,106.4,web,2024-01-01 17:29:23,approved,False
TXN20240101001355,ACCT203609,MERCH300038,purchase,24.9,in_person,2024-01-01 08:45:24,approved,False
TXN20240101001356,ACCT201915,MERCH300220,purchase,27.71,web,2024-01-01 01:40:29,approved,False
TXN20240101001357,ACCT200526,MERCH300190,deposit,134.83,in_person,2024-01-01 02:15:47,approved,False
TXN20240101001358,ACCT205650,MERCH300189,purchase,45.49,mobile,2024-01-01 02:41:41,approved,False
TXN20240101001359,ACCT202766,MERCH300274,purchase,42.7,web,2024-01-01 01:06:05,approved,False
TXN20240101001360,ACCT201384,MERCH300059,purchase,36.19,in_person,2024-01-01 14:11:07,approved,False
TXN20240101001361,ACCT203561,MERCH300214,purchase,87.82,in_person,2024-01-01 20:47:36,approved,False
TXN20240101001362,ACCT201808,MERCH300126,deposit,40.98,in_person,2024-01-01 19:54:50,reversed,False
TXN20240101001363,ACCT203068,MERCH300140,withdrawal,61.71,web,2024-01-01 17:41:57,approved,False
TXN20240101001364,ACCT204278,MERCH300043,purchase,33.4,in_person,2024-01-01 23:27:53,approved,False
TXN20240101001365,ACCT201055,MERCH300084,purchase,28.5,in_person,2024-01-01 15:53:39,approved,False
TXN20240101001366,ACCT204044,MERCH300177,purchase,25.1,in_person,2024-01-01 02:21:14,declined,False
TXN20240101001367,ACCT201387,MERCH300046,withdrawal,25.2,in_person,2024-01-01 11:38:04,approved,False
TXN20240101001368,ACCT201129,MERCH300266,purchase,19.33,web,2024-01-01 18:41:44,approved,False
TXN20240101001369,ACCT204336,MERCH300180,deposit,13.21,mobile,2024-01-01 10:04:54,approved,False
TXN20240101001370,ACCT202510,MERCH300196,deposit,8.98,in_person,2024-01-01 07:57:24,approved,False
TXN20240101001371,ACCT204409,MERCH300049,purchase,53.59,web,2024-01-01 11:38:07,approved,False
TXN20240101001372,ACCT203247,MERCH300138,purchase,65.52,web,2024-01-01 18:14:43,approved,False
TXN20240101001373,ACCT206445,MERCH300120,transfer,30.06,web,2024-01-01 08:49:22,approved,False
TXN20240101001374,ACCT203753,MERCH300295,purchase,18.59,atm,2024-01-01 08:22:38,approved,False
TXN20240101001375,ACCT205574,MERCH300236,purchase,163.62,mobile,2024-01-01 11:05:10,approved,False
TXN20240101001376,ACCT200911,MERCH300035,purchase,33.0,web,2024-01-01 10:40:21,approved,False
TXN20240101001377,ACCT204014,MERCH300114,purchase,61.81,web,2024-01-01 05:08:43,approved,False
TXN20240101001378,ACCT202655,MERCH300083,purchase,38.58,web,2024-01-01 06:35:51,approved,False
TXN20240101001379,ACCT203439,MERCH300086,deposit,43.65,in_person,2024-01-01 02:40:15,approved,False
TXN20240101001380,ACCT200089,MERCH300111,purchase,31.32,in_person,2024-01-01 18:09:47,approved,False
TXN20240101001381,ACCT202569,MERCH300081,purchase,17.1,mobile,2024-01-01 05:47:15,approved,False
TXN20240101001382,ACCT205285,MERCH300134,purchase,336.09,atm,2024-01-01 23:27:44,approved,False
TXN20240101001383,ACCT205595,MERCH300102,deposit,15.01,atm,2024-01-01 23:21:24,approved,False
TXN20240101001384,ACCT204604,MERCH300210,purchase,67.63,web,2024-01-01 16:06:42,approved,False
TXN20240101001385,ACCT205991,MERCH300096,purchase,40.41,atm,2024-01-01 23:44:17,approved,False
TXN20240101001386,ACCT203416,MERCH300018,purchase,46.25,mobile,2024-01-01 20:09:04,approved,False
TXN20240101001387,ACCT200787,MERCH300128,deposit,57.43,web,2024-01-01 18:10:47,approved,False
TXN20240101001388,ACCT202634,MERCH300220,purchase,79.84,atm,2024-01-01 08:15:00,approved,False
TXN20240101001389,ACCT200107,MERCH300099,deposit,6.43,atm,2024-01-01 20:26:31,approved,False
TXN20240101001390,ACCT200096,MERCH300036,purchase,18.13,web,2024-01-01 08:52:03,approved,False
TXN20240101001391,ACCT202171,MERCH300209,purchase,136.17,mobile,2024-01-01 02:44:33,approved,False
TXN20240101001392,ACCT203828,MERCH300134,purchase,7.4,mobile,2024-01-01 13:44:06,approved,False
TXN20240101001393,ACCT206034,MERCH300235,purchase,28.51,web,2024-01-01 02:11:09,approved,False
TXN20240101001394,ACCT202362,MERCH300058,deposit,8.79,web,2024-01-01 02:38:59,approved,False
TXN20240101001395,ACCT201974,MERCH300189,purchase,71.53,in_person,2024-01-01 02:20:54,approved,False
TXN20240101001396,ACCT201509,MERCH300161,transfer,39.2,atm,2024-01-01 21:28:26,approved,False
TXN20240101001397,ACCT204571,MERCH300137,transfer,226.5,in_person,2024-01-01 01:37:20,approved,False
TXN20240101001398,ACCT203680,MERCH300087,purchase,11.38,in_person,2024-01-01 09:09:41,approved,False
TXN20240101001399,ACCT204948,MERCH300029,purchase,66.59,web,2024-01-01 17:20:22,approved,False
TXN20240101001400,ACCT206243,MERCH300272,transfer,33.24,web,2024-01-01 19:23:09,approved,False
TXN20240101001401,ACCT202264,MERCH300109,purchase,60.18,in_person,2024-01-01 01:52:14,approved,False
TXN20240101001402,ACCT203449,MERCH300276,purchase,39.65,in_person,2024-01-01 21:58:37,approved,False
TXN20240101001403,ACCT205535,MERCH300082,transfer,50.52,mobile,2024-01-01 22:57:57,approved,False
TXN20240101001404,ACCT204101,MERCH300283,purchase,17.88,web,2024-01-01 23:31:39,approved,False
TXN20240101001405,ACCT203631,MERCH300272,deposit,2.47,atm,2024-01-01 15:38:36,approved,False
TXN20240101001406,ACCT200666,MERCH300011,withdrawal,155.99,mobile,2024-01-01 12:42:47,approved,False
TXN20240101001407,ACCT200238,MERCH300085,purchase,41.22,web,2024-01-01 04:46:03,approved,False
TXN20240101001408,ACCT200692,MERCH300100,purchase,21.98,web,2024-01-01 02:40:37,approved,True
TXN20240101001409,ACCT202774,MERCH300172,transfer,6.68,in_person,2024-01-01 19:54:11,approved,False
TXN20240101001410,ACCT206031,MERCH300049,deposit,35.01,atm,2024-01-01 20:22:25,approved,False
TXN20240101001411,ACCT203787,MERCH300043,purchase,72.03,web,2024-01-01 19:42:28,approved,False
TXN20240101001412,ACCT203497,MERCH300183,purchase,171.93,mobile,2024-01-01 14:36:43,approved,False
TXN20240101001413,ACCT204492,MERCH300283,purchase,71.29,atm,2024-01-01 13:46:11,approved,False
TXN20240101001414,ACCT205816,MERCH300112,purchase,25.06,in_person,2024-01-01 04:55:57,approved,False
TXN20240101001415,ACCT204199,MERCH300219,purchase,20.55,atm,2024-01-01 02:04:36,approved,False
TXN20240101001416,ACCT200737,MERCH300147,purchase,22.95,mobile,2024-01-01 04:51:20,approved,True
TXN20240101001417,ACCT206419,MERCH300292,purchase,6.32,web,2024-01-01 09:49:18,approved,False
TXN20240101001418,ACCT205857,MERCH300025,purchase,29.7,atm,2024-01-01 07:52:06,approved,False
TXN20240101001419,ACCT200628,MERCH300257,deposit,149.18,web,2024-01-01 13:16:20,approved,False
TXN20240101001420,ACCT202746,MERCH300095,purchase,32.21,web,2024-01-01 18:34:07,approved,False
TXN20240101001421,ACCT206323,MERCH300076,withdrawal,8.74,in_person,2024-01-01 17:04:47,declined,False
TXN20240101001422,ACCT203632,MERCH300203,purchase,112.85,mobile,2024-01-01 19:03:47,approved,False
TXN20240101001423,ACCT206036,MERCH300131,purchase,24.78,mobile,2024-01-01 07:35:31,approved,False
TXN20240101001424,ACCT200977,MERCH300255,deposit,78.98,in_person,2024-01-01 22:58:57,approved,False
TXN20240101001425,ACCT200010,MERCH300186,purchase,18.8,web,2024-01-01 20:13:06,approved,False
TXN20240101001426,ACCT203131,MERCH300054,transfer,74.3,in_person,2024-01-01 08:47:52,approved,False
TXN20240101001427,ACCT200553,MERCH300188,purchase,37.5,web,2024-01-01 06:04:22,approved,False
TXN20240101001428,ACCT206385,MERCH300229,purchase,46.18,web,2024-01-01 21:03:45,approved,False
TXN20240101001429,ACCT203732,MERCH300030,purchase,37.12,mobile,2024-01-01 23:36:53,approved,False
TXN20240101001430,ACCT205261,MERCH300127,purchase,38.98,in_person,2024-01-01 11:16:07,approved,False
TXN20240101001431,ACCT204136,MERCH300070,purchase,15.34,in_person,2024-01-01 02:05:50,approved,False
TXN20240101001432,ACCT200515,MERCH300260,withdrawal,10.78,in_person,2024-01-01 14:54:59,approved,False
TXN20240101001433,ACCT201722,MERCH300286,purchase,12.49,atm,2024-01-01 19:53:45,approved,False
TXN20240101001434,ACCT200288,MERCH300017,transfer,141.91,web,2024-01-01 11:00:08,approved,False
TXN20240101001435,ACCT200955,MERCH300038,purchase,26.34,in_person,2024-01-01 03:58:50,approved,False
TXN20240101001436,ACCT201342,MERCH300277,purchase,402.61,in_person,2024-01-01 17:01:16,approved,False
TXN20240101001437,ACCT202408,MERCH300082,purchase,15.03,in_person,2024-01-01 18:44:05,approved,False
TXN20240101001438,ACCT201045,MERCH300293,withdrawal,26.67,mobile,2024-01-01 20:47:38,approved,False
TXN20240101001439,ACCT205366,MERCH300055,transfer,15.44,web,2024-01-01 20:17:07,approved,False
TXN20240101001440,ACCT201398,MERCH300264,transfer,41.44,mobile,2024-01-01 11:08:34,approved,False
TXN20240101001441,ACCT200211,MERCH300207,purchase,43.75,in_person,2024-01-01 07:33:01,approved,False
TXN20240101001442,ACCT200581,MERCH300028,deposit,22.88,web,2024-01-01 03:53:44,approved,False
TXN20240101001443,ACCT200655,MERCH300024,purchase,285.82,web,2024-01-01 02:01:07,approved,False
TXN20240101001444,ACCT204864,MERCH300180,deposit,15.98,in_person,2024-01-01 19:51:40,approved,False
TXN20240101001445,ACCT205307,MERCH300210,purchase,29.93,in_person,2024-01-01 23:37:49,approved,False
TXN20240101001446,ACCT200418,MERCH300251,purchase,22.51,in_person,2024-01-01 15:59:05,approved,False
TXN20240101001447,ACCT204391,MERCH300011,purchase,57.62,mobile,2024-01-01 23:15:02,approved,False
TXN20240101001448,ACCT206166,MERCH300252,purchase,46.21,web,2024-01-01 07:38:52,declined,False
TXN20240101001449,ACCT204262,MERCH300098,purchase,47.12,web,2024-01-01 18:27:27,approved,False
TXN20240101001450,ACCT203125,MERCH300117,purchase,85.0,web,2024-01-01 09:38:30,approved,False
TXN20240101001451,ACCT205470,MERCH300016,purchase,55.36,in_person,2024-01-01 09:10:14,approved,False
TXN20240101001452,ACCT203083,MERCH300132,purchase,25.51,mobile,2024-01-01 15:29:28,declined,False
TXN20240101001453,ACCT201683,MERCH300099,withdrawal,20.94,mobile,2024-01-01 03:59:49,approved,False
TXN20240101001454,ACCT203287,MERCH300007,deposit,25.06,in_person,2024-01-01 09:50:50,approved,False
TXN20240101001455,ACCT201435,MERCH300034,deposit,674.06,mobile,2024-01-01 10:12:48,approved,False
TXN20240101001456,ACCT205040,MERCH300240,purchase,206.82,web,2024-01-01 10:03:17,approved,False
TXN20240101001457,ACCT200133,MERCH300069,purchase,9.7,web,2024-01-01 17:25:45,approved,False
TXN20240101001458,ACCT205901,MERCH300024,withdrawal,84.3,web,2024-01-01 06:13:26,approved,False
TXN20240101001459,ACCT200661,MERCH300028,transfer,31.34,mobile,2024-01-01 03:15:22,approved,False
TXN20240101001460,ACCT204138,MERCH300236,withdrawal,45.46,in_person,2024-01-01 14:10:19,declined,False
TXN20240101001461,ACCT202120,MERCH300095,withdrawal,41.79,in_person,2024-01-01 00:32:55,approved,False
TXN20240101001462,ACCT200319,MERCH300221,purchase,42.29,atm,2024-01-01 23:05:10,approved,False
TXN20240101001463,ACCT206374,MERCH300264,transfer,43.13,atm,2024-01-01 21:54:53,approved,False
TXN20240101001464,ACCT203432,MERCH300093,withdrawal,10.66,mobile,2024-01-01 09:01:54,approved,False
TXN20240101001465,ACCT204359,MERCH300114,purchase,61.03,in_person,2024-01-01 16:09:39,approved,False
TXN20240101001466,ACCT201934,MERCH300297,purchase,120.18,web,2024-01-01 12:33:01,approved,False
TXN20240101001467,ACCT205309,MERCH300275,purchase,27.04,web,2024-01-01 16:08:36,approved,False
TXN20240101001468,ACCT202918,MERCH300147,purchase,41.97,in_person,2024-01-01 05:30:06,approved,False
TXN20240101001469,ACCT203516,MERCH300263,purchase,14.96,in_person,2024-01-01 22:04:20,approved,False
TXN20240101001470,ACCT201593,MERCH300051,purchase,66.43,mobile,2024-01-01 21:52:04,approved,False
TXN20240101001471,ACCT201330,MERCH300150,deposit,44.48,in_person,2024-01-01 12:35:44,approved,False
TXN20240101001472,ACCT203536,MERCH300033,deposit,140.08,in_person,2024-01-01 21:18:29,approved,False
TXN20240101001473,ACCT206219,MERCH300280,purchase,23.96,in_person,2024-01-01 07:36:56,approved,False
TXN20240101001474,ACCT205720,MERCH300240,purchase,98.75,web,2024-01-01 18:32:41,approved,True
TXN20240101001475,ACCT205913,MERCH300295,purchase,61.99,mobile,2024-01-01 21:49:18,approved,False
TXN20240101001476,ACCT206400,MERCH300199,deposit,6.39,in_person,2024-01-01 16:43:46,approved,False
TXN20240101001477,ACCT204741,MERCH300199,purchase,38.86,mobile,2024-01-01 23:50:17,approved,False
TXN20240101001478,ACCT200095,MERCH300057,purchase,27.85,in_person,2024-01-01 05:51:16,approved,False
TXN20240101001479,ACCT205011,MERCH300284,purchase,8.01,web,2024-01-01 00:06:15,approved,False
TXN20240101001480,ACCT201435,MERCH300045,purchase,161.43,in_person,2024-01-01 12:46:42,approved,False
TXN20240101001481,ACCT206221,MERCH300240,purchase,152.79,web,2024-01-01 07:54:58,approved,False
TXN20240101001482,ACCT202438,MERCH300296,transfer,13.41,atm,2024-01-01 15:11:51,approved,False
TXN20240101001483,ACCT201719,MERCH300148,withdrawal,109.63,mobile,2024-01-01 08:49:32,approved,False
TXN20240101001484,ACCT202415,MERCH300045,purchase,22.42,in_person,2024-01-01 20:36:00,approved,False
TXN20240101001485,ACCT204902,MERCH300255,purchase,19.96,atm,2024-01-01 02:38:58,approved,False
TXN20240101001486,ACCT203232,MERCH300227,purchase,13.15,mobile,2024-01-01 23:42:23,approved,False
TXN20240101001487,ACCT204504,MERCH300289,purchase,42.11,web,2024-01-01 05:20:37,approved,False
TXN20240101001488,ACCT200050,MERCH300001,purchase,65.18,atm,2024-01-01 07:53:25,approved,False
TXN20240101001489,ACCT205776,MERCH300199,purchase,321.73,mobile,2024-01-01 00:44:17,approved,False
TXN20240101001490,ACCT201670,MERCH300096,purchase,47.21,mobile,2024-01-01 16:26:18,approved,False
TXN20240101001491,ACCT201648,MERCH300250,purchase,43.84,in_person,2024-01-01 16:37:35,approved,False
TXN20240101001492,ACCT206293,MERCH300199,purchase,173.1,in_person,2024-01-01 22:57:25,approved,False
TXN20240101001493,ACCT204140,MERCH300052,purchase,8.45,mobile,2024-01-01 02:21:09,approved,False
TXN20240101001494,ACCT206152,MERCH300093,purchase,78.28,mobile,2024-01-01 11:53:22,declined,False
TXN20240101001495,ACCT200444,MERCH300287,withdrawal,9.98,mobile,2024-01-01 21:00:26,approved,False
TXN20240101001496,ACCT202622,MERCH300209,purchase,96.79,mobile,2024-01-01 00:47:37,approved,False
TXN20240101001497,ACCT200263,MERCH300249,purchase,47.53,atm,2024-01-01 14:35:26,approved,False
TXN20240101001498,ACCT203370,MERCH300131,purchase,6.64,web,2024-01-01 05:42:11,approved,False
TXN20240101001499,ACCT203754,MERCH300088,withdrawal,32.02,web,2024-01-01 08:34:34,approved,False
TXN20240101001500,ACCT202603,MERCH300221,deposit,25.84,in_person,2024-01-01 18:28:50,declined,False
TXN20240101001501,ACCT203952,MERCH300019,transfer,47.56,in_person,2024-01-01 19:09:23,approved,False
TXN20240101001502,ACCT202243,MERCH300141,withdrawal,20.52,web,2024-01-01 00:14:38,approved,False
TXN20240101001503,ACCT201880,MERCH300078,transfer,21.52,web,2024-01-01 15:54:27,reversed,False
TXN20240101001504,ACCT203546,MERCH300197,deposit,345.43,in_person,2024-01-01 09:24:17,approved,False
TXN20240101001505,ACCT203334,MERCH300013,transfer,108.31,web,2024-01-01 18:09:52,approved,False
TXN20240101001506,ACCT202311,MERCH300036,purchase,33.38,web,2024-01-01 20:07:57,approved,False
TXN20240101001507,ACCT203893,MERCH300241,transfer,63.71,web,2024-01-01 21:17:10,approved,False
TXN20240101001508,ACCT204526,MERCH300024,purchase,160.94,web,2024-01-01 02:43:37,approved,False
TXN20240101001509,ACCT201037,MERCH300235,deposit,22.59,in_person,2024-01-01 19:22:55,approved,False
TXN20240101001510,ACCT205409,MERCH300050,purchase,87.65,mobile,2024-01-01 23:25:32,approved,False
TXN20240101001511,ACCT206390,MERCH300292,purchase,155.61,web,2024-01-01 18:40:32,approved,True
TXN20240101001512,ACCT203833,MERCH300077,purchase,24.72,web,2024-01-01 09:36:57,approved,False
TXN20240101001513,ACCT201351,MERCH300034,transfer,32.4,web,2024-01-01 17:04:37,approved,False
TXN20240101001514,ACCT203223,MERCH300169,purchase,17.22,in_person,2024-01-01 01:23:50,approved,False
TXN20240101001515,ACCT204249,MERCH300074,withdrawal,189.99,mobile,2024-01-01 09:42:06,approved,False
TXN20240101001516,ACCT203143,MERCH300150,purchase,2.88,atm,2024-01-01 19:42:35,approved,False
TXN20240101001517,ACCT204529,MERCH300033,purchase,21.21,in_person,2024-01-01 15:24:08,approved,False
TXN20240101001518,ACCT201946,MERCH300000,transfer,5.18,in_person,2024-01-01 06:12:12,approved,False
TXN20240101001519,ACCT204707,MERCH300153,purchase,51.86,mobile,2024-01-01 13:10:43,approved,False
TXN20240101001520,ACCT204478,MERCH300282,purchase,33.47,mobile,2024-01-01 00:05:52,approved,False
TXN20240101001521,ACCT201405,MERCH300157,transfer,156.75,in_person,2024-01-01 23:06:54,approved,False
TXN20240101001522,ACCT200053,MERCH300174,purchase,29.64,web,2024-01-01 13:58:45,approved,False
TXN20240101001523,ACCT203227,MERCH300222,purchase,16.07,atm,2024-01-01 12:24:31,approved,False
TXN20240101001524,ACCT203332,MERCH300081,purchase,54.82,in_person,2024-01-01 08:19:26,approved,False
TXN20240101001525,ACCT201280,MERCH300185,purchase,21.34,mobile,2024-01-01 05:26:10,approved,False
TXN20240101001526,ACCT204865,MERCH300160,transfer,16.88,mobile,2024-01-01 07:31:47,approved,False
TXN20240101001527,ACCT202095,MERCH300170,purchase,131.17,in_person,2024-01-01 10:08:47,approved,False
TXN20240101001528,ACCT204534,MERCH300136,purchase,11.87,atm,2024-01-01 10:54:07,approved,False
TXN20240101001529,ACCT203220,MERCH300200,withdrawal,29.76,atm,2024-01-01 09:28:55,declined,False
TXN20240101001530,ACCT205525,MERCH300074,withdrawal,10.03,mobile,2024-01-01 12:33:19,approved,False
TXN20240101001531,ACCT206410,MERCH300026,purchase,56.61,web,2024-01-01 11:30:40,approved,False
TXN20240101001532,ACCT204662,MERCH300195,purchase,15.16,web,2024-01-01 07:56:07,approved,False
TXN20240101001533,ACCT202172,MERCH300205,purchase,23.32,web,2024-01-01 13:58:10,approved,False
TXN20240101001534,ACCT205524,MERCH300281,purchase,56.6,in_person,2024-01-01 05:07:36,approved,False
TXN20240101001535,ACCT201722,MERCH300274,purchase,28.79,in_person,2024-01-01 22:42:24,approved,False
TXN20240101001536,ACCT204051,MERCH300067,purchase,7.17,in_person,2024-01-01 16:09:01,approved,False
TXN20240101001537,ACCT202238,MERCH300012,transfer,24.57,web,2024-01-01 06:00:56,declined,False
TXN20240101001538,ACCT200373,MERCH300282,purchase,28.97,mobile,2024-01-01 16:33:53,approved,True
TXN20240101001539,ACCT205457,MERCH300250,purchase,25.49,mobile,2024-01-01 23:28:11,approved,False
TXN20240101001540,ACCT201392,MERCH300279,purchase,20.19,web,2024-01-01 18:29:38,approved,False
TXN20240101001541,ACCT203446,MERCH300135,transfer,14.47,web,2024-01-01 18:01:10,approved,False
TXN20240101001542,ACCT200301,MERCH300282,purchase,53.0,web,2024-01-01 05:38:43,approved,False
TXN20240101001543,ACCT204699,MERCH300161,transfer,97.95,web,2024-01-01 04:30:42,approved,True
TXN20240101001544,ACCT203690,MERCH300115,purchase,16.8,mobile,2024-01-01 13:03:44,approved,False
TXN20240101001545,ACCT202753,MERCH300044,purchase,12.23,in_person,2024-01-01 06:20:32,approved,False
TXN20240101001546,ACCT201889,MERCH300163,transfer,53.42,in_person,2024-01-01 02:08:01,approved,False
TXN20240101001547,ACCT201207,MERCH300139,purchase,57.83,in_person,2024-01-01 21:54:12,approved,False
TXN20240101001548,ACCT200898,MERCH300219,purchase,10.8,atm,2024-01-01 08:44:59,approved,False
TXN20240101001549,ACCT200104,MERCH300286,purchase,10.31,atm,2024-01-01 19:29:36,approved,False
TXN20240101001550,ACCT202004,MERCH300003,withdrawal,27.2,web,2024-01-01 17:05:20,approved,False
TXN20240101001551,ACCT202476,MERCH300289,purchase,35.3,web,2024-01-01 03:50:56,approved,False
TXN20240101001552,ACCT200435,MERCH300040,purchase,58.84,web,2024-01-01 04:21:25,approved,False
TXN20240101001553,ACCT202154,MERCH300159,purchase,24.65,web,2024-01-01 14:35:51,approved,False
TXN20240101001554,ACCT202177,MERCH300139,transfer,60.59,in_person,2024-01-01 14:43:48,approved,False
TXN20240101001555,ACCT201317,MERCH300185,transfer,164.95,in_person,2024-01-01 06:23:00,approved,False
TXN20240101001556,ACCT204593,MERCH300053,withdrawal,164.91,in_person,2024-01-01 03:58:55,approved,False
TXN20240101001557,ACCT200476,MERCH300013,purchase,15.08,atm,2024-01-01 15:13:52,approved,False
TXN20240101001558,ACCT205037,MERCH300045,purchase,55.0,mobile,2024-01-01 05:20:59,approved,False
TXN20240101001559,ACCT202851,MERCH300024,transfer,35.91,mobile,2024-01-01 04:10:37,approved,False
TXN20240101001560,ACCT201431,MERCH300080,purchase,56.82,mobile,2024-01-01 09:20:41,approved,False
TXN20240101001561,ACCT204911,MERCH300179,purchase,16.49,web,2024-01-01 08:47:16,approved,False
TXN20240101001562,ACCT201971,MERCH300056,deposit,8.88,mobile,2024-01-01 09:28:09,approved,False
TXN20240101001563,ACCT205975,MERCH300006,transfer,83.37,mobile,2024-01-01 09:52:05,approved,False
TXN20240101001564,ACCT202496,MERCH300029,deposit,100.89,in_person,2024-01-01 13:53:10,approved,False
TXN20240101001565,ACCT205117,MERCH300010,purchase,7.73,in_person,2024-01-01 12:19:58,approved,False
TXN20240101001566,ACCT205144,MERCH300112,purchase,45.14,web,2024-01-01 00:47:16,approved,False
TXN20240101001567,ACCT201305,MERCH300229,purchase,35.71,in_person,2024-01-01 05:29:01,approved,False
TXN20240101001568,ACCT202721,MERCH300251,withdrawal,13.78,mobile,2024-01-01 12:25:41,approved,False
TXN20240101001569,ACCT205111,MERCH300085,transfer,15.6,mobile,2024-01-01 17:17:11,approved,False
TXN20240101001570,ACCT200868,MERCH300278,purchase,19.19,mobile,2024-01-01 00:03:30,approved,False
TXN20240101001571,ACCT203724,MERCH300082,purchase,30.08,in_person,2024-01-01 19:27:40,approved,False
TXN20240101001572,ACCT200597,MERCH300255,transfer,51.07,in_person,2024-01-01 02:40:34,approved,False
TXN20240101001573,ACCT200990,MERCH300162,purchase,22.3,atm,2024-01-01 15:52:45,approved,False
TXN20240101001574,ACCT203867,MERCH300035,purchase,11.37,atm,2024-01-01 05:24:01,approved,False
TXN20240101001575,ACCT201361,MERCH300134,deposit,28.41,in_person,2024-01-01 21:08:15,approved,False
TXN20240101001576,ACCT202021,MERCH300207,purchase,16.14,mobile,2024-01-01 16:28:24,approved,False
TXN20240101001577,ACCT203015,MERCH300275,transfer,134.64,mobile,2024-01-01 18:17:44,approved,False
TXN20240101001578,ACCT200914,MERCH300072,deposit,72.37,in_person,2024-01-01 19:55:32,approved,False
TXN20240101001579,ACCT206011,MERCH300262,transfer,81.37,web,2024-01-01 01:41:45,approved,True
TXN20240101001580,ACCT204218,MERCH300038,purchase,139.72,atm,2024-01-01 20:54:44,approved,False
TXN20240101001581,ACCT200287,MERCH300201,purchase,18.35,mobile,2024-01-01 02:18:48,approved,False
TXN20240101001582,ACCT202839,MERCH300263,purchase,52.37,web,2024-01-01 13:26:36,approved,False
TXN20240101001583,ACCT206147,MERCH300166,deposit,57.25,atm,2024-01-01 15:04:45,approved,False
TXN20240101001584,ACCT204794,MERCH300032,purchase,11.94,mobile,2024-01-01 21:08:40,approved,False
TXN20240101001585,ACCT204204,MERCH300071,withdrawal,7.66,in_person,2024-01-01 17:22:01,approved,False
TXN20240101001586,ACCT201704,MERCH300068,transfer,30.91,web,2024-01-01 17:23:16,approved,False
TXN20240101001587,ACCT202409,MERCH300081,purchase,15.1,mobile,2024-01-01 23:40:53,approved,False
TXN20240101001588,ACCT206011,MERCH300171,withdrawal,17.29,in_person,2024-01-01 00:12:05,approved,False
TXN20240101001589,ACCT204769,MERCH300066,purchase,12.78,in_person,2024-01-01 00:59:33,approved,False
TXN20240101001590,ACCT205545,MERCH300177,purchase,55.75,mobile,2024-01-01 04:46:45,approved,False
TXN20240101001591,ACCT205320,MERCH300194,purchase,175.61,mobile,2024-01-01 05:53:25,approved,False
TXN20240101001592,ACCT201686,MERCH300276,purchase,41.39,in_person,2024-01-01 11:18:10,approved,False
TXN20240101001593,ACCT200391,MERCH300192,purchase,55.17,in_person,2024-01-01 19:33:01,approved,False
TXN20240101001594,ACCT200499,MERCH300029,purchase,4.48,mobile,2024-01-01 09:31:39,approved,False
TXN20240101001595,ACCT205183,MERCH300228,purchase,24.34,in_person,2024-01-01 21:46:35,approved,False
TXN20240101001596,ACCT203669,MERCH300053,purchase,12.3,in_person,2024-01-01 15:50:41,approved,False
TXN20240101001597,ACCT202865,MERCH300297,purchase,20.14,atm,2024-01-01 11:34:09,approved,False
TXN20240101001598,ACCT203165,MERCH300248,withdrawal,63.61,mobile,2024-01-01 19:58:28,approved,False
TXN20240101001599,ACCT205392,MERCH300031,purchase,5.95,web,2024-01-01 11:29:32,approved,False
TXN20240101001600,ACCT206368,MERCH300132,withdrawal,8.94,web,2024-01-01 01:16:50,approved,False
TXN20240101001601,ACCT203409,MERCH300252,transfer,13.61,web,2024-01-01 20:10:11,approved,False
TXN20240101001602,ACCT200063,MERCH300048,transfer,21.74,in_person,2024-01-01 03:22:41,approved,False
TXN20240101001603,ACCT201513,MERCH300029,withdrawal,41.0,atm,2024-01-01 11:17:41,approved,False
TXN20240101001604,ACCT206360,MERCH300298,withdrawal,25.36,web,2024-01-01 03:12:35,approved,False
TXN20240101001605,ACCT203563,MERCH300199,purchase,46.65,web,2024-01-01 18:27:05,approved,False
TXN20240101001606,ACCT206100,MERCH300077,purchase,52.06,web,2024-01-01 15:15:07,approved,False
TXN20240101001607,ACCT200080,MERCH300278,purchase,19.95,web,2024-01-01 22:59:36,approved,False
TXN20240101001608,ACCT202237,MERCH300221,deposit,15.57,in_person,2024-01-01 20:18:37,approved,False
TXN20240101001609,ACCT203558,MERCH300146,transfer,220.43,web,2024-01-01 06:36:38,approved,False
TXN20240101001610,ACCT201974,MERCH300009,withdrawal,60.03,web,2024-01-01 06:45:46,approved,False
TXN20240101001611,ACCT204490,MERCH300083,purchase,96.74,mobile,2024-01-01 06:56:23,approved,False
TXN20240101001612,ACCT203916,MERCH300086,purchase,102.51,mobile,2024-01-01 03:41:17,approved,False
TXN20240101001613,ACCT200816,MERCH300224,purchase,32.39,in_person,2024-01-01 22:15:55,approved,False
TXN20240101001614,ACCT203935,MERCH300231,purchase,21.99,web,2024-01-01 01:33:41,approved,False
TXN20240101001615,ACCT203361,MERCH300176,purchase,21.74,web,2024-01-01 10:04:31,approved,False
TXN20240101001616,ACCT206307,MERCH300061,transfer,49.09,web,2024-01-01 06:16:33,approved,False
TXN20240101001617,ACCT200538,MERCH300105,purchase,9.82,mobile,2024-01-01 00:58:45,approved,False
TXN20240101001618,ACCT205548,MERCH300143,purchase,108.4,mobile,2024-01-01 19:00:18,approved,False
TXN20240101001619,ACCT201710,MERCH300241,purchase,13.87,in_person,2024-01-01 12:19:26,approved,False
TXN20240101001620,ACCT204144,MERCH300008,transfer,89.92,mobile,2024-01-01 21:03:02,approved,False
TXN20240101001621,ACCT200034,MERCH300092,transfer,49.93,in_person,2024-01-01 14:32:47,approved,False
TXN20240101001622,ACCT200897,MERCH300278,transfer,16.13,in_person,2024-01-01 11:45:30,approved,False
TXN20240101001623,ACCT201449,MERCH300222,purchase,61.46,in_person,2024-01-01 05:04:53,approved,False
TXN20240101001624,ACCT205083,MERCH300179,purchase,151.03,web,2024-01-01 14:07:17,approved,False
TXN20240101001625,ACCT205460,MERCH300039,purchase,113.48,web,2024-01-01 17:51:24,approved,False
TXN20240101001626,ACCT203865,MERCH300017,purchase,16.32,web,2024-01-01 00:16:03,approved,False
TXN20240101001627,ACCT201294,MERCH300289,purchase,86.41,web,2024-01-01 05:00:58,approved,False
TXN20240101001628,ACCT201316,MERCH300161,purchase,15.78,in_person,2024-01-01 08:05:20,approved,False
TXN20240101001629,ACCT203031,MERCH300282,withdrawal,5.91,web,2024-01-01 02:54:09,approved,False
TXN20240101001630,ACCT203639,MERCH300261,purchase,63.46,in_person,2024-01-01 02:55:36,approved,False
TXN20240101001631,ACCT203997,MERCH300294,purchase,83.92,web,2024-01-01 05:09:50,approved,False
TXN20240101001632,ACCT202607,MERCH300087,purchase,21.04,web,2024-01-01 08:16:06,approved,False
TXN20240101001633,ACCT203466,MERCH300140,purchase,1008.84,in_person,2024-01-01 12:11:31,approved,False
TXN20240101001634,ACCT205224,MERCH300061,withdrawal,22.0,web,2024-01-01 19:29:28,approved,False
TXN20240101001635,ACCT202891,MERCH300038,transfer,13.96,mobile,2024-01-01 20:49:08,approved,False
TXN20240101001636,ACCT200610,MERCH300117,purchase,47.38,in_person,2024-01-01 09:45:16,approved,False
TXN20240101001637,ACCT206064,MERCH300059,purchase,102.89,mobile,2024-01-01 12:23:37,approved,False
TXN20240101001638,ACCT202665,MERCH300298,purchase,9.99,in_person,2024-01-01 00:41:59,approved,False
TXN20240101001639,ACCT205580,MERCH300280,withdrawal,23.71,mobile,2024-01-01 20:15:07,approved,False
TXN20240101001640,ACCT203128,MERCH300033,transfer,48.85,in_person,2024-01-01 05:54:37,approved,False
TXN20240101001641,ACCT201950,MERCH300133,purchase,139.99,atm,2024-01-01 01:35:53,approved,False
TXN20240101001642,ACCT200754,MERCH300265,transfer,43.17,in_person,2024-01-01 14:55:45,approved,False
TXN20240101001643,ACCT205095,MERCH300199,purchase,69.72,atm,2024-01-01 08:15:48,approved,False
TXN20240101001644,ACCT204439,MERCH300289,deposit,26.31,in_person,2024-01-01 09:57:54,approved,True
TXN20240101001645,ACCT202778,MERCH300138,transfer,35.11,mobile,2024-01-01 10:17:39,approved,False
TXN20240101001646,ACCT201640,MERCH300002,purchase,13.34,in_person,2024-01-01 15:41:02,approved,True
TXN20240101001647,ACCT201408,MERCH300249,withdrawal,59.12,in_person,2024-01-01 19:02:13,approved,False
TXN20240101001648,ACCT202850,MERCH300288,purchase,24.86,in_person,2024-01-01 13:13:24,approved,False
TXN20240101001649,ACCT203073,MERCH300116,deposit,24.07,in_person,2024-01-01 14:32:57,approved,False
TXN20240101001650,ACCT200168,MERCH300051,purchase,44.33,web,2024-01-01 19:30:12,approved,False
TXN20240101001651,ACCT204350,MERCH300136,purchase,45.37,web,2024-01-01 18:07:51,reversed,False
TXN20240101001652,ACCT202488,MERCH300124,purchase,30.95,web,2024-01-01 04:00:38,approved,False
TXN20240101001653,ACCT202342,MERCH300048,purchase,33.12,web,2024-01-01 08:50:42,approved,False
TXN20240101001654,ACCT203846,MERCH300129,transfer,19.48,in_person,2024-01-01 11:14:06,approved,False
TXN20240101001655,ACCT204762,MERCH300112,withdrawal,52.07,mobile,2024-01-01 22:45:21,approved,False
TXN20240101001656,ACCT205779,MERCH300140,purchase,63.62,mobile,2024-01-01 14:10:27,declined,False
TXN20240101001657,ACCT205478,MERCH300129,deposit,23.7,in_person,2024-01-01 19:17:29,approved,False
TXN20240101001658,ACCT203640,MERCH300213,deposit,33.09,mobile,2024-01-01 19:01:52,approved,False
TXN20240101001659,ACCT205555,MERCH300106,transfer,8.27,in_person,2024-01-01 21:32:20,approved,False
TXN20240101001660,ACCT201063,MERCH300138,purchase,97.18,web,2024-01-01 12:31:52,approved,False
TXN20240101001661,ACCT205374,MERCH300170,transfer,116.21,mobile,2024-01-01 06:34:50,approved,False
TXN20240101001662,ACCT202486,MERCH300090,purchase,49.9,mobile,2024-01-01 09:44:38,approved,False
TXN20240101001663,ACCT200687,MERCH300164,purchase,127.79,web,2024-01-01 00:39:18,approved,False
TXN20240101001664,ACCT204003,MERCH300150,deposit,288.5,web,2024-01-01 16:12:05,approved,False
TXN20240101001665,ACCT205865,MERCH300237,purchase,69.87,web,2024-01-01 14:25:14,approved,False
TXN20240101001666,ACCT205977,MERCH300222,purchase,90.72,web,2024-01-01 03:04:36,approved,False
TXN20240101001667,ACCT203276,MERCH300022,transfer,31.44,atm,2024-01-01 11:39:12,approved,False
TXN20240101001668,ACCT205010,MERCH300291,purchase,16.97,mobile,2024-01-01 17:23:54,approved,False
TXN20240101001669,ACCT205408,MERCH300217,purchase,14.24,in_person,2024-01-01 18:10:24,approved,False
TXN20240101001670,ACCT204019,MERCH300187,purchase,33.16,web,2024-01-01 18:52:16,approved,False
TXN20240101001671,ACCT204591,MERCH300282,withdrawal,70.11,web,2024-01-01 02:28:37,approved,False
TXN20240101001672,ACCT202772,MERCH300058,purchase,81.74,mobile,2024-01-01 08:03:09,approved,False
TXN20240101001673,ACCT201005,MERCH300103,purchase,62.45,in_person,2024-01-01 14:05:49,approved,False
TXN20240101001674,ACCT202095,MERCH300210,deposit,117.81,mobile,2024-01-01 02:17:32,approved,False
TXN20240101001675,ACCT201626,MERCH300142,transfer,85.14,web,2024-01-01 04:56:55,approved,False
TXN20240101001676,ACCT205362,MERCH300011,purchase,54.08,in_person,2024-01-01 22:05:51,approved,False
TXN20240101001677,ACCT203472,MERCH300282,purchase,7.61,in_person,2024-01-01 12:24:04,approved,False
TXN20240101001678,ACCT200752,MERCH300205,transfer,65.25,mobile,2024-01-01 13:23:53,approved,False
TXN20240101001679,ACCT201070,MERCH300152,purchase,68.18,mobile,2024-01-01 03:37:02,approved,False
TXN20240101001680,ACCT202756,MERCH300054,deposit,5.9,in_person,2024-01-01 15:35:47,approved,False
TXN20240101001681,ACCT204664,MERCH300235,purchase,7.4,in_person,2024-01-01 21:29:21,declined,False
TXN20240101001682,ACCT202635,MERCH300005,transfer,92.58,in_person,2024-01-01 23:48:20,approved,False
TXN20240101001683,ACCT204118,MERCH300280,deposit,33.55,web,2024-01-01 04:01:48,approved,False
TXN20240101001684,ACCT205744,MERCH300119,purchase,148.86,web,2024-01-01 05:23:16,approved,False
TXN20240101001685,ACCT201203,MERCH300248,purchase,61.76,in_person,2024-01-01 13:03:54,approved,False
TXN20240101001686,ACCT204917,MERCH300284,purchase,60.31,mobile,2024-01-01 21:18:02,approved,False
TXN20240101001687,ACCT201837,MERCH300001,purchase,123.07,in_person,2024-01-01 00:15:10,approved,False
TXN20240101001688,ACCT204349,MERCH300059,purchase,89.75,mobile,2024-01-01 05:53:21,approved,False
TXN20240101001689,ACCT204049,MERCH300187,purchase,65.6,atm,2024-01-01 03:40:17,approved,False
TXN20240101001690,ACCT201792,MERCH300158,purchase,16.97,in_person,2024-01-01 18:14:52,approved,False
TXN20240101001691,ACCT204846,MERCH300123,purchase,14.64,atm,2024-01-01 11:38:54,approved,False
TXN20240101001692,ACCT200296,MERCH300298,purchase,203.71,mobile,2024-01-01 17:49:25,approved,False
TXN20240101001693,ACCT201117,MERCH300013,transfer,16.49,mobile,2024-01-01 00:11:34,approved,False
TXN20240101001694,ACCT203512,MERCH300083,purchase,36.81,in_person,2024-01-01 03:33:20,approved,False
TXN20240101001695,ACCT206313,MERCH300275,purchase,11.76,mobile,2024-01-01 13:29:24,declined,False
TXN20240101001696,ACCT201801,MERCH300124,purchase,28.33,web,2024-01-01 10:54:20,approved,False
TXN20240101001697,ACCT201644,MERCH300129,purchase,2.74,in_person,2024-01-01 04:22:14,approved,False
TXN20240101001698,ACCT203987,MERCH300292,purchase,86.31,atm,2024-01-01 06:40:41,approved,False
TXN20240101001699,ACCT204401,MERCH300144,purchase,4.17,atm,2024-01-01 17:34:06,approved,False
TXN20240101001700,ACCT204768,MERCH300217,purchase,89.78,in_person,2024-01-01 00:19:17,approved,False
TXN20240101001701,ACCT200840,MERCH300236,purchase,31.32,web,2024-01-01 20:20:06,approved,False
TXN20240101001702,ACCT205949,MERCH300163,purchase,37.32,atm,2024-01-01 03:51:27,approved,False
TXN20240101001703,ACCT202182,MERCH300226,purchase,97.53,web,2024-01-01 18:53:40,approved,False
TXN20240101001704,ACCT205905,MERCH300031,deposit,28.91,web,2024-01-01 15:15:31,approved,False
TXN20240101001705,ACCT205459,MERCH300025,withdrawal,25.74,in_person,2024-01-01 01:28:43,approved,False
TXN20240101001706,ACCT205123,MERCH300022,purchase,241.83,web,2024-01-01 18:08:34,approved,False
TXN20240101001707,ACCT200991,MERCH300280,purchase,15.88,web,2024-01-01 11:25:21,approved,False
TXN20240101001708,ACCT202857,MERCH300186,withdrawal,8.29,mobile,2024-01-01 07:52:54,approved,False
TXN20240101001709,ACCT200280,MERCH300129,purchase,83.37,web,2024-01-01 02:42:36,approved,False
TXN20240101001710,ACCT203210,MERCH300159,purchase,27.38,web,2024-01-01 02:29:02,approved,False
TXN20240101001711,ACCT202475,MERCH300089,transfer,17.93,in_person,2024-01-01 09:46:09,approved,False
TXN20240101001712,ACCT202100,MERCH300016,purchase,84.91,mobile,2024-01-01 07:33:40,approved,False
TXN20240101001713,ACCT200867,MERCH300065,purchase,37.06,in_person,2024-01-01 20:26:01,approved,False
TXN20240101001714,ACCT201201,MERCH300232,withdrawal,48.86,web,2024-01-01 13:01:10,approved,False
TXN20240101001715,ACCT200529,MERCH300016,deposit,28.03,mobile,2024-01-01 00:06:05,approved,False
TXN20240101001716,ACCT204973,MERCH300238,transfer,16.45,mobile,2024-01-01 21:32:48,approved,False
TXN20240101001717,ACCT205601,MERCH300263,deposit,14.49,in_person,2024-01-01 06:05:06,approved,False
TXN20240101001718,ACCT204375,MERCH300084,purchase,22.99,mobile,2024-01-01 14:00:12,approved,False
TXN20240101001719,ACCT204573,MERCH300284,purchase,298.06,in_person,2024-01-01 19:19:59,approved,False
TXN20240101001720,ACCT204042,MERCH300222,purchase,65.47,in_person,2024-01-01 16:33:07,approved,False
TXN20240101001721,ACCT206181,MERCH300218,purchase,12.42,mobile,2024-01-01 09:43:14,approved,False
TXN20240101001722,ACCT204224,MERCH300256,transfer,12.41,in_person,2024-01-01 00:57:48,approved,False
TXN20240101001723,ACCT205635,MERCH300037,purchase,8.75,web,2024-01-01 05:39:08,approved,False
TXN20240101001724,ACCT205603,MERCH300139,purchase,40.66,atm,2024-01-01 13:58:13,approved,False
TXN20240101001725,ACCT201509,MERCH300201,deposit,29.52,in_person,2024-01-01 22:17:47,approved,False
TXN20240101001726,ACCT203144,MERCH300130,purchase,24.71,mobile,2024-01-01 00:39:00,approved,False
TXN20240101001727,ACCT201780,MERCH300194,purchase,34.3,web,2024-01-01 03:00:21,approved,False
TXN20240101001728,ACCT206353,MERCH300240,deposit,44.42,web,2024-01-01 08:08:15,approved,False
TXN20240101001729,ACCT203691,MERCH300003,purchase,20.38,web,2024-01-01 18:38:12,approved,False
TXN20240101001730,ACCT201936,MERCH300238,transfer,95.51,web,2024-01-01 22:18:23,approved,False
TXN20240101001731,ACCT203303,MERCH300076,purchase,48.2,mobile,2024-01-01 04:33:13,approved,False
TXN20240101001732,ACCT202670,MERCH300131,purchase,56.53,mobile,2024-01-01 13:56:46,approved,False
TXN20240101001733,ACCT200046,MERCH300158,purchase,109.89,web,2024-01-01 23:46:08,approved,False
TXN20240101001734,ACCT205225,MERCH300076,purchase,58.17,mobile,2024-01-01 23:21:23,declined,False
TXN20240101001735,ACCT202806,MERCH300025,purchase,229.66,web,2024-01-01 18:41:04,approved,False
TXN20240101001736,ACCT205983,MERCH300181,withdrawal,12.67,mobile,2024-01-01 18:55:06,approved,False
TXN20240101001737,ACCT201862,MERCH300093,purchase,24.17,in_person,2024-01-01 06:14:40,approved,False
TXN20240101001738,ACCT201433,MERCH300061,purchase,8.48,in_person,2024-01-01 07:33:27,approved,False
TXN20240101001739,ACCT202351,MERCH300102,purchase,20.05,in_person,2024-01-01 23:43:26,approved,False
TXN20240101001740,ACCT205972,MERCH300137,withdrawal,12.68,web,2024-01-01 14:39:16,approved,False
TXN20240101001741,ACCT202206,MERCH300178,purchase,12.73,in_person,2024-01-01 02:29:08,approved,False
TXN20240101001742,ACCT200982,MERCH300248,purchase,22.51,web,2024-01-01 01:25:52,approved,False
TXN20240101001743,ACCT202633,MERCH300087,deposit,16.18,atm,2024-01-01 20:34:47,approved,False
TXN20240101001744,ACCT203713,MERCH300247,deposit,54.35,in_person,2024-01-01 03:29:27,approved,False
TXN20240101001745,ACCT200154,MERCH300125,purchase,212.22,web,2024-01-01 16:21:01,approved,False
TXN20240101001746,ACCT201968,MERCH300052,purchase,41.63,in_person,2024-01-01 07:52:53,approved,False
TXN20240101001747,ACCT201608,MERCH300292,purchase,15.63,web,2024-01-01 04:47:25,reversed,False
TXN20240101001748,ACCT201397,MERCH300284,purchase,47.85,in_person,2024-01-01 02:38:11,approved,False
TXN20240101001749,ACCT201549,MERCH300044,transfer,47.88,atm,2024-01-01 13:11:07,approved,False
TXN20240101001750,ACCT202316,MERCH300023,purchase,27.24,in_person,2024-01-01 19:30:59,approved,False
TXN20240101001751,ACCT200541,MERCH300227,purchase,6.46,atm,2024-01-01 00:12:01,approved,False
TXN20240101001752,ACCT200084,MERCH300245,purchase,48.89,in_person,2024-01-01 16:09:22,approved,False
TXN20240101001753,ACCT202361,MERCH300058,purchase,11.02,mobile,2024-01-01 13:14:33,approved,False
TXN20240101001754,ACCT205318,MERCH300066,purchase,25.76,in_person,2024-01-01 19:09:17,approved,False
TXN20240101001755,ACCT204336,MERCH300225,purchase,14.83,in_person,2024-01-01 13:47:09,approved,False
TXN20240101001756,ACCT204748,MERCH300087,deposit,48.21,mobile,2024-01-01 03:30:38,approved,False
TXN20240101001757,ACCT200461,MERCH300199,purchase,159.25,in_person,2024-01-01 09:43:04,approved,False
TXN20240101001758,ACCT200550,MERCH300020,purchase,112.08,web,2024-01-01 23:58:58,approved,False
TXN20240101001759,ACCT202635,MERCH300108,purchase,83.66,mobile,2024-01-01 19:16:28,approved,False
TXN20240101001760,ACCT204256,MERCH300114,transfer,72.08,web,2024-01-01 08:11:44,approved,False
TXN20240101001761,ACCT204487,MERCH300230,purchase,37.95,in_person,2024-01-01 22:08:50,approved,False
TXN20240101001762,ACCT204115,MERCH300220,purchase,24.86,atm,2024-01-01 00:01:47,approved,False
TXN20240101001763,ACCT206145,MERCH300269,purchase,92.28,web,2024-01-01 12:01:29,approved,False
TXN20240101001764,ACCT206094,MERCH300063,transfer,47.84,mobile,2024-01-01 18:35:04,reversed,False
TXN20240101001765,ACCT204840,MERCH300178,purchase,17.19,mobile,2024-01-01 16:41:04,approved,False
TXN20240101001766,ACCT201393,MERCH300072,purchase,42.85,mobile,2024-01-01 04:17:21,approved,False
TXN20240101001767,ACCT205697,MERCH300127,purchase,19.93,web,2024-01-01 03:32:18,approved,False
TXN20240101001768,ACCT200985,MERCH300193,withdrawal,18.39,in_person,2024-01-01 17:12:53,approved,False
TXN20240101001769,ACCT205096,MERCH300141,deposit,38.31,mobile,2024-01-01 23:42:26,approved,False
TXN20240101001770,ACCT200747,MERCH300128,purchase,32.22,mobile,2024-01-01 18:42:59,approved,False
TXN20240101001771,ACCT203283,MERCH300069,purchase,63.6,mobile,2024-01-01 20:42:16,approved,False
TXN20240101001772,ACCT203395,MERCH300025,purchase,55.76,mobile,2024-01-01 21:30:58,approved,False
TXN20240101001773,ACCT201700,MERCH300192,purchase,285.42,in_person,2024-01-01 22:50:20,approved,False
TXN20240101001774,ACCT200492,MERCH300084,purchase,17.59,in_person,2024-01-01 18:05:59,approved,False
TXN20240101001775,ACCT204914,MERCH300101,purchase,55.35,in_person,2024-01-01 18:24:30,approved,False
TXN20240101001776,ACCT200830,MERCH300050,transfer,12.33,web,2024-01-01 18:03:01,approved,False
TXN20240101001777,ACCT204203,MERCH300106,purchase,201.25,web,2024-01-01 07:49:56,approved,False
TXN20240101001778,ACCT203800,MERCH300270,purchase,129.18,in_person,2024-01-01 12:04:12,approved,False
TXN20240101001779,ACCT203109,MERCH300267,purchase,69.7,web,2024-01-01 05:26:48,declined,False
TXN20240101001780,ACCT204880,MERCH300115,withdrawal,42.71,in_person,2024-01-01 12:11:49,approved,False
TXN20240101001781,ACCT201300,MERCH300009,deposit,12.81,web,2024-01-01 12:42:12,approved,False
TXN20240101001782,ACCT206409,MERCH300094,transfer,67.44,in_person,2024-01-01 01:24:34,approved,False
TXN20240101001783,ACCT204210,MERCH300224,transfer,13.27,in_person,2024-01-01 01:33:47,approved,False
TXN20240101001784,ACCT204739,MERCH300233,deposit,11.36,web,2024-01-01 22:57:56,approved,False
TXN20240101001785,ACCT201231,MERCH300273,withdrawal,8.41,in_person,2024-01-01 13:55:23,approved,False
TXN20240101001786,ACCT203244,MERCH300231,purchase,21.53,web,2024-01-01 00:25:24,approved,False
TXN20240101001787,ACCT204803,MERCH300247,purchase,72.55,web,2024-01-01 08:22:48,approved,False
TXN20240101001788,ACCT206464,MERCH300277,deposit,43.79,atm,2024-01-01 21:17:29,approved,False
TXN20240101001789,ACCT202551,MERCH300095,purchase,50.3,in_person,2024-01-01 17:41:37,declined,False
TXN20240101001790,ACCT202153,MERCH300089,purchase,52.38,in_person,2024-01-01 19:59:06,approved,False
TXN20240101001791,ACCT200428,MERCH300219,transfer,92.1,mobile,2024-01-01 15:35:40,approved,False
TXN20240101001792,ACCT206434,MERCH300098,purchase,74.88,in_person,2024-01-01 16:33:20,approved,False
TXN20240101001793,ACCT201424,MERCH300104,transfer,6.6,web,2024-01-01 05:59:21,declined,False
TXN20240101001794,ACCT206456,MERCH300200,transfer,68.6,mobile,2024-01-01 20:11:54,approved,False
TXN20240101001795,ACCT204464,MERCH300159,purchase,15.13,in_person,2024-01-01 17:04:42,approved,False
TXN20240101001796,ACCT202872,MERCH300090,transfer,55.6,atm,2024-01-01 05:05:33,approved,False
TXN20240101001797,ACCT201695,MERCH300297,purchase,36.48,web,2024-01-01 07:35:33,approved,False
TXN20240101001798,ACCT206370,MERCH300028,deposit,10.12,mobile,2024-01-01 18:53:51,approved,False
TXN20240101001799,ACCT201302,MERCH300011,purchase,38.6,atm,2024-01-01 05:13:37,approved,False
TXN20240101001800,ACCT204657,MERCH300290,purchase,26.54,mobile,2024-01-01 16:43:12,approved,False
TXN20240101001801,ACCT203119,MERCH300223,purchase,183.99,in_person,2024-01-01 10:53:32,approved,False
TXN20240101001802,ACCT200435,MERCH300266,withdrawal,25.89,web,2024-01-01 06:54:37,reversed,False
TXN20240101001803,ACCT205521,MERCH300284,withdrawal,25.81,web,2024-01-01 03:47:03,approved,False
TXN20240101001804,ACCT204463,MERCH300174,purchase,61.14,web,2024-01-01 17:22:07,approved,False
TXN20240101001805,ACCT205370,MERCH300085,transfer,74.38,mobile,2024-01-01 07:39:28,approved,False
TXN20240101001806,ACCT205061,MERCH300056,purchase,19.64,web,2024-01-01 13:33:34,approved,False
TXN20240101001807,ACCT201666,MERCH300026,transfer,44.18,web,2024-01-01 06:28:03,approved,False
TXN20240101001808,ACCT203005,MERCH300240,purchase,99.14,web,2024-01-01 03:42:27,approved,False
TXN20240101001809,ACCT202049,MERCH300206,deposit,25.99,in_person,2024-01-01 00:40:10,approved,False
TXN20240101001810,ACCT202671,MERCH300087,transfer,42.95,web,2024-01-01 22:48:40,approved,False
TXN20240101001811,ACCT205799,MERCH300006,transfer,21.06,in_person,2024-01-01 07:33:28,declined,True
TXN20240101001812,ACCT201966,MERCH300230,purchase,16.74,web,2024-01-01 13:39:05,approved,False
TXN20240101001813,ACCT204274,MERCH300257,deposit,64.57,in_person,2024-01-01 11:17:24,reversed,False
TXN20240101001814,ACCT200024,MERCH300251,purchase,19.01,mobile,2024-01-01 08:28:55,approved,False
TXN20240101001815,ACCT202509,MERCH300178,purchase,75.53,in_person,2024-01-01 19:49:02,approved,False
TXN20240101001816,ACCT202354,MERCH300278,purchase,129.12,web,2024-01-01 21:46:24,approved,False
TXN20240101001817,ACCT204627,MERCH300161,deposit,161.65,web,2024-01-01 04:30:08,approved,False
TXN20240101001818,ACCT205744,MERCH300188,deposit,163.06,web,2024-01-01 00:34:54,approved,False
TXN20240101001819,ACCT202276,MERCH300195,purchase,41.48,web,2024-01-01 07:15:27,approved,False
TXN20240101001820,ACCT200372,MERCH300292,transfer,11.9,mobile,2024-01-01 02:22:37,approved,False
TXN20240101001821,ACCT205263,MERCH300235,purchase,30.25,in_person,2024-01-01 00:39:58,approved,False
TXN20240101001822,ACCT202390,MERCH300015,purchase,24.06,mobile,2024-01-01 19:06:03,approved,False
TXN20240101001823,ACCT201461,MERCH300044,withdrawal,87.9,web,2024-01-01 01:01:29,approved,False
TXN20240101001824,ACCT200245,MERCH300009,purchase,33.8,mobile,2024-01-01 01:35:04,approved,False
TXN20240101001825,ACCT203518,MERCH300165,withdrawal,78.96,mobile,2024-01-01 08:43:46,approved,False
TXN20240101001826,ACCT205404,MERCH300138,purchase,3.68,mobile,2024-01-01 13:58:35,approved,False
TXN20240101001827,ACCT203115,MERCH300102,purchase,87.49,in_person,2024-01-01 11:28:26,approved,False
TXN20240101001828,ACCT200857,MERCH300103,withdrawal,45.81,web,2024-01-01 17:07:17,approved,False
TXN20240101001829,ACCT201268,MERCH300209,purchase,12.75,web,2024-01-01 17:38:11,approved,False
TXN20240101001830,ACCT202714,MERCH300032,transfer,25.66,in_person,2024-01-01 00:18:54,approved,False
TXN20240101001831,ACCT202276,MERCH300090,withdrawal,57.24,web,2024-01-01 18:09:01,approved,False
TXN20240101001832,ACCT205272,MERCH300290,purchase,176.38,mobile,2024-01-01 01:37:07,approved,False
TXN20240101001833,ACCT203582,MERCH300235,transfer,29.41,mobile,2024-01-01 21:43:22,approved,False
TXN20240101001834,ACCT202840,MERCH300091,purchase,120.89,in_person,2024-01-01 07:03:23,reversed,False
TXN20240101001835,ACCT202220,MERCH300046,withdrawal,106.52,mobile,2024-01-01 21:43:55,approved,False
TXN20240101001836,ACCT205479,MERCH300053,purchase,26.11,web,2024-01-01 23:34:18,approved,False
TXN20240101001837,ACCT203402,MERCH300124,purchase,21.81,in_person,2024-01-01 02:44:19,approved,False
TXN20240101001838,ACCT200759,MERCH300211,purchase,5.74,web,2024-01-01 09:37:14,approved,False
TXN20240101001839,ACCT200984,MERCH300055,deposit,91.79,web,2024-01-01 02:28:22,approved,False
TXN20240101001840,ACCT203624,MERCH300168,purchase,39.34,web,2024-01-01 23:20:16,approved,False
TXN20240101001841,ACCT206347,MERCH300051,deposit,19.6,mobile,2024-01-01 11:38:41,approved,False
TXN20240101001842,ACCT205742,MERCH300169,purchase,139.9,in_person,2024-01-01 20:11:47,approved,False
TXN20240101001843,ACCT205050,MERCH300057,purchase,22.85,web,2024-01-01 14:32:44,approved,False
TXN20240101001844,ACCT205462,MERCH300009,withdrawal,6.42,in_person,2024-01-01 20:45:48,approved,False
TXN20240101001845,ACCT202642,MERCH300249,withdrawal,31.82,in_person,2024-01-01 14:13:36,approved,False
TXN20240101001846,ACCT206079,MERCH300269,purchase,146.6,in_person,2024-01-01 01:05:41,approved,False
TXN20240101001847,ACCT203044,MERCH300268,purchase,55.24,mobile,2024-01-01 11:01:20,approved,False
TXN20240101001848,ACCT201380,MERCH300245,transfer,25.89,web,2024-01-01 15:33:59,approved,False
TXN20240101001849,ACCT200614,MERCH300019,transfer,20.11,web,2024-01-01 23:24:56,reversed,False
TXN20240101001850,ACCT202556,MERCH300147,transfer,27.73,web,2024-01-01 19:39:03,approved,False
TXN20240101001851,ACCT201229,MERCH300061,transfer,256.96,in_person,2024-01-01 12:48:21,approved,False
TXN20240101001852,ACCT206282,MERCH300238,purchase,16.56,in_person,2024-01-01 19:58:41,approved,False
TXN20240101001853,ACCT202938,MERCH300209,purchase,12.14,web,2024-01-01 22:19:17,approved,False
TXN20240101001854,ACCT201195,MERCH300013,withdrawal,154.64,mobile,2024-01-01 21:06:30,approved,False
TXN20240101001855,ACCT205430,MERCH300082,purchase,12.55,mobile,2024-01-01 23:44:50,approved,False
TXN20240101001856,ACCT204619,MERCH300194,purchase,14.53,in_person,2024-01-01 08:01:53,approved,False
TXN20240101001857,ACCT200363,MERCH300255,purchase,8.5,web,2024-01-01 10:38:56,approved,False
TXN20240101001858,ACCT204947,MERCH300168,transfer,26.37,web,2024-01-01 00:16:38,approved,False
TXN20240101001859,ACCT202701,MERCH300164,purchase,18.01,mobile,2024-01-01 03:21:57,approved,False
TXN20240101001860,ACCT202434,MERCH300249,transfer,123.27,in_person,2024-01-01 19:07:38,approved,False
TXN20240101001861,ACCT202162,MERCH300126,purchase,9.99,in_person,2024-01-01 07:00:31,approved,False
TXN20240101001862,ACCT202278,MERCH300064,deposit,140.47,atm,2024-01-01 10:11:12,approved,False
TXN20240101001863,ACCT202209,MERCH300258,withdrawal,25.77,in_person,2024-01-01 08:25:52,approved,False
TXN20240101001864,ACCT202387,MERCH300241,purchase,61.88,atm,2024-01-01 22:17:15,declined,False
TXN20240101001865,ACCT201934,MERCH300045,purchase,184.49,web,2024-01-01 21:23:11,approved,False
TXN20240101001866,ACCT202911,MERCH300089,purchase,21.56,web,2024-01-01 17:06:45,approved,False
TXN20240101001867,ACCT205152,MERCH300289,purchase,43.33,in_person,2024-01-01 23:08:53,declined,False
TXN20240101001868,ACCT205507,MERCH300129,transfer,34.96,mobile,2024-01-01 13:44:58,approved,False
TXN20240101001869,ACCT202319,MERCH300247,transfer,32.84,in_person,2024-01-01 04:49:45,approved,False
TXN20240101001870,ACCT204933,MERCH300111,withdrawal,9.84,web,2024-01-01 15:44:57,approved,False
TXN20240101001871,ACCT203081,MERCH300244,purchase,204.54,in_person,2024-01-01 00:57:23,approved,False
TXN20240101001872,ACCT200420,MERCH300280,purchase,33.82,in_person,2024-01-01 10:43:06,approved,False
TXN20240101001873,ACCT201130,MERCH300166,purchase,99.31,mobile,2024-01-01 19:07:14,declined,False
TXN20240101001874,ACCT202756,MERCH300182,purchase,8.25,in_person,2024-01-01 04:44:09,approved,False
TXN20240101001875,ACCT205174,MERCH300166,withdrawal,66.35,web,2024-01-01 13:13:45,approved,False
TXN20240101001876,ACCT205009,MERCH300118,purchase,70.44,mobile,2024-01-01 18:46:25,approved,False
TXN20240101001877,ACCT203655,MERCH300155,purchase,4.16,web,2024-01-01 18:37:25,approved,False
TXN20240101001878,ACCT202877,MERCH300136,purchase,10.73,mobile,2024-01-01 14:50:55,approved,False
TXN20240101001879,ACCT206328,MERCH300033,purchase,54.63,in_person,2024-01-01 07:57:58,approved,False
TXN20240101001880,ACCT201757,MERCH300022,transfer,65.81,mobile,2024-01-01 05:41:08,approved,False
TXN20240101001881,ACCT200858,MERCH300022,purchase,22.98,in_person,2024-01-01 03:56:51,approved,True
TXN20240101001882,ACCT205461,MERCH300162,purchase,19.53,web,2024-01-01 17:32:38,approved,False
TXN20240101001883,ACCT205200,MERCH300107,purchase,66.89,mobile,2024-01-01 06:55:47,approved,False
TXN20240101001884,ACCT206215,MERCH300157,purchase,16.06,mobile,2024-01-01 15:05:56,approved,False
TXN20240101001885,ACCT204471,MERCH300263,purchase,220.22,in_person,2024-01-01 01:26:20,approved,False
TXN20240101001886,ACCT206080,MERCH300262,transfer,39.93,web,2024-01-01 07:45:48,approved,False
TXN20240101001887,ACCT204004,MERCH300116,withdrawal,219.94,mobile,2024-01-01 09:59:42,approved,False
TXN20240101001888,ACCT200450,MERCH300056,deposit,20.48,mobile,2024-01-01 18:52:39,approved,False
TXN20240101001889,ACCT201726,MERCH300030,purchase,29.67,web,2024-01-01 02:21:45,approved,False
TXN20240101001890,ACCT206092,MERCH300104,purchase,201.46,in_person,2024-01-01 11:37:46,approved,False
TXN20240101001891,ACCT201330,MERCH300013,purchase,54.33,web,2024-01-01 11:05:24,approved,False
TXN20240101001892,ACCT202961,MERCH300049,withdrawal,82.85,atm,2024-01-01 07:06:55,approved,False
TXN20240101001893,ACCT204073,MERCH300017,purchase,20.71,in_person,2024-01-01 19:42:05,approved,False
TXN20240101001894,ACCT200911,MERCH300265,purchase,19.66,mobile,2024-01-01 23:18:11,approved,False
TXN20240101001895,ACCT202371,MERCH300072,purchase,23.21,web,2024-01-01 01:33:44,approved,False
TXN20240101001896,ACCT205133,MERCH300181,transfer,88.46,mobile,2024-01-01 22:12:27,declined,False
TXN20240101001897,ACCT205722,MERCH300213,purchase,128.47,in_person,2024-01-01 21:47:17,approved,False
TXN20240101001898,ACCT204459,MERCH300092,purchase,104.91,in_person,2024-01-01 20:05:30,approved,False
TXN20240101001899,ACCT203457,MERCH300170,purchase,13.37,in_person,2024-01-01 02:37:07,approved,False
TXN20240101001900,ACCT200826,MERCH300199,purchase,32.0,mobile,2024-01-01 09:40:00,approved,False
TXN20240101001901,ACCT201648,MERCH300291,withdrawal,39.1,mobile,2024-01-01 15:49:02,approved,False
TXN20240101001902,ACCT204524,MERCH300061,purchase,25.43,web,2024-01-01 04:15:53,approved,False
TXN20240101001903,ACCT202788,MERCH300048,transfer,26.33,atm,2024-01-01 05:20:19,approved,False
TXN20240101001904,ACCT203038,MERCH300227,transfer,75.4,in_person,2024-01-01 13:33:54,approved,False
TXN20240101001905,ACCT201703,MERCH300029,purchase,143.86,mobile,2024-01-01 20:17:30,approved,False
TXN20240101001906,ACCT204926,MERCH300147,transfer,10.46,in_person,2024-01-01 03:44:18,approved,False
TXN20240101001907,ACCT200481,MERCH300181,purchase,17.37,in_person,2024-01-01 00:45:02,approved,False
TXN20240101001908,ACCT203925,MERCH300160,transfer,9.33,web,2024-01-01 23:45:06,approved,False
TXN20240101001909,ACCT205204,MERCH300236,purchase,37.68,atm,2024-01-01 10:29:33,approved,False
TXN20240101001910,ACCT201662,MERCH300243,purchase,21.27,mobile,2024-01-01 01:37:36,approved,False
TXN20240101001911,ACCT202084,MERCH300171,withdrawal,24.43,in_person,2024-01-01 23:10:53,approved,False
TXN20240101001912,ACCT205376,MERCH300167,deposit,88.2,atm,2024-01-01 06:11:11,approved,False
TXN20240101001913,ACCT203811,MERCH300050,deposit,46.89,mobile,2024-01-01 02:22:35,approved,False
TXN20240101001914,ACCT201862,MERCH300013,purchase,116.76,mobile,2024-01-01 16:12:05,approved,False
TXN20240101001915,ACCT204854,MERCH300169,purchase,28.94,web,2024-01-01 18:48:31,approved,False
TXN20240101001916,ACCT203544,MERCH300273,transfer,7.9,web,2024-01-01 03:15:10,approved,False
TXN20240101001917,ACCT203118,MERCH300115,purchase,71.4,in_person,2024-01-01 17:55:13,approved,False
TXN20240101001918,ACCT206180,MERCH300217,purchase,46.52,web,2024-01-01 09:24:24,approved,False
TXN20240101001919,ACCT202458,MERCH300094,deposit,146.06,in_person,2024-01-01 07:45:26,approved,False
TXN20240101001920,ACCT201275,MERCH300231,purchase,12.29,web,2024-01-01 16:04:06,approved,False
TXN20240101001921,ACCT204600,MERCH300100,purchase,8.06,web,2024-01-01 01:43:36,approved,False
TXN20240101001922,ACCT202423,MERCH300170,purchase,53.75,web,2024-01-01 04:27:24,approved,False
TXN20240101001923,ACCT204841,MERCH300110,purchase,23.17,mobile,2024-01-01 19:48:51,approved,False
TXN20240101001924,ACCT204972,MERCH300230,purchase,28.87,web,2024-01-01 23:10:36,approved,False
TXN20240101001925,ACCT201408,MERCH300006,deposit,225.93,web,2024-01-01 21:12:52,approved,False
TXN20240101001926,ACCT202519,MERCH300060,transfer,129.0,in_person,2024-01-01 18:51:01,approved,False
TXN20240101001927,ACCT205802,MERCH300003,purchase,115.22,in_person,2024-01-01 03:34:27,approved,False
TXN20240101001928,ACCT206267,MERCH300164,transfer,17.63,in_person,2024-01-01 07:33:50,approved,False
TXN20240101001929,ACCT200648,MERCH300033,purchase,13.67,in_person,2024-01-01 20:35:11,approved,False
TXN20240101001930,ACCT203399,MERCH300003,purchase,67.51,web,2024-01-01 17:21:13,approved,False
TXN20240101001931,ACCT200859,MERCH300271,purchase,67.44,web,2024-01-01 19:56:42,approved,False
TXN20240101001932,ACCT204183,MERCH300283,purchase,11.2,atm,2024-01-01 09:33:01,approved,False
TXN20240101001933,ACCT200180,MERCH300267,purchase,20.19,in_person,2024-01-01 13:00:57,approved,False
TXN20240101001934,ACCT201095,MERCH300039,purchase,32.59,in_person,2024-01-01 17:17:56,approved,False
TXN20240101001935,ACCT202500,MERCH300079,deposit,13.79,mobile,2024-01-01 18:58:57,approved,False
TXN20240101001936,ACCT201146,MERCH300125,withdrawal,18.45,in_person,2024-01-01 17:29:46,approved,False
TXN20240101001937,ACCT206479,MERCH300294,purchase,50.38,mobile,2024-01-01 00:43:59,approved,False
TXN20240101001938,ACCT205362,MERCH300281,deposit,45.77,mobile,2024-01-01 04:01:58,approved,False
TXN20240101001939,ACCT202083,MERCH300019,purchase,76.44,web,2024-01-01 11:01:15,approved,False
TXN20240101001940,ACCT205792,MERCH300023,purchase,33.02,in_person,2024-01-01 16:12:09,approved,False
TXN20240101001941,ACCT202374,MERCH300165,purchase,27.04,in_person,2024-01-01 23:31:50,approved,False
TXN20240101001942,ACCT203943,MERCH300074,purchase,31.33,atm,2024-01-01 07:36:27,approved,False
TXN20240101001943,ACCT202515,MERCH300172,purchase,13.58,mobile,2024-01-01 18:04:03,approved,False
TXN20240101001944,ACCT203527,MERCH300289,purchase,28.28,mobile,2024-01-01 15:55:26,approved,False
TXN20240101001945,ACCT205049,MERCH300264,purchase,12.18,in_person,2024-01-01 06:36:00,approved,False
TXN20240101001946,ACCT200370,MERCH300242,purchase,69.7,web,2024-01-01 04:21:34,declined,False
TXN20240101001947,ACCT201578,MERCH300163,purchase,67.11,mobile,2024-01-01 14:27:40,approved,False
TXN20240101001948,ACCT204234,MERCH300297,withdrawal,52.74,in_person,2024-01-01 07:30:02,approved,False
TXN20240101001949,ACCT206463,MERCH300243,purchase,133.6,atm,2024-01-01 05:46:07,approved,False
TXN20240101001950,ACCT200362,MERCH300188,withdrawal,17.94,atm,2024-01-01 05:05:54,approved,False
TXN20240101001951,ACCT203444,MERCH300143,purchase,62.49,in_person,2024-01-01 05:34:23,approved,False
TXN20240101001952,ACCT203466,MERCH300006,transfer,77.21,in_person,2024-01-01 02:31:03,approved,False
TXN20240101001953,ACCT203112,MERCH300135,deposit,21.66,web,2024-01-01 04:47:00,approved,False
TXN20240101001954,ACCT201263,MERCH300142,purchase,113.58,web,2024-01-01 23:21:23,approved,False
TXN20240101001955,ACCT205716,MERCH300119,purchase,242.15,web,2024-01-01 04:22:05,approved,True
TXN20240101001956,ACCT204366,MERCH300172,transfer,20.59,mobile,2024-01-01 09:48:08,approved,False
TXN20240101001957,ACCT200660,MERCH300042,purchase,59.24,web,2024-01-01 11:51:12,approved,False
TXN20240101001958,ACCT205197,MERCH300013,purchase,30.04,in_person,2024-01-01 16:49:42,approved,False
TXN20240101001959,ACCT206002,MERCH300277,purchase,40.73,in_person,2024-01-01 07:51:33,approved,False
TXN20240101001960,ACCT206246,MERCH300289,purchase,27.64,web,2024-01-01 19:06:46,approved,False
TXN20240101001961,ACCT206160,MERCH300073,purchase,13.94,web,2024-01-01 18:39:19,approved,False
TXN20240101001962,ACCT200950,MERCH300217,transfer,84.59,atm,2024-01-01 12:41:04,approved,False
TXN20240101001963,ACCT200534,MERCH300112,purchase,95.37,in_person,2024-01-01 21:15:33,declined,False
TXN20240101001964,ACCT206281,MERCH300090,purchase,7.86,mobile,2024-01-01 08:27:57,approved,False
TXN20240101001965,ACCT204261,MERCH300073,purchase,7.65,in_person,2024-01-01 11:59:38,approved,False
TXN20240101001966,ACCT206107,MERCH300244,purchase,97.78,mobile,2024-01-01 14:08:14,approved,False
TXN20240101001967,ACCT204727,MERCH300073,purchase,19.28,in_person,2024-01-01 04:49:00,approved,False
TXN20240101001968,ACCT206280,MERCH300079,purchase,10.67,web,2024-01-01 01:19:04,declined,False
TXN20240101001969,ACCT206118,MERCH300112,purchase,51.25,web,2024-01-01 23:51:50,approved,False
TXN20240101001970,ACCT205066,MERCH300238,transfer,12.75,mobile,2024-01-01 01:32:17,approved,False
TXN20240101001971,ACCT203067,MERCH300297,deposit,62.55,in_person,2024-01-01 01:00:03,approved,True
TXN20240101001972,ACCT205427,MERCH300182,transfer,81.29,in_person,2024-01-01 02:06:20,approved,False
TXN20240101001973,ACCT200768,MERCH300120,purchase,140.79,web,2024-01-01 13:49:52,approved,False
TXN20240101001974,ACCT204288,MERCH300221,transfer,99.49,mobile,2024-01-01 06:47:25,approved,False
TXN20240101001975,ACCT201012,MERCH300172,purchase,92.77,in_person,2024-01-01 05:13:58,approved,False
TXN20240101001976,ACCT205441,MERCH300296,purchase,27.74,in_person,2024-01-01 20:38:30,approved,False
TXN20240101001977,ACCT204550,MERCH300132,deposit,65.52,mobile,2024-01-01 22:30:54,approved,False
TXN20240101001978,ACCT202340,MERCH300116,purchase,80.52,web,2024-01-01 21:03:12,declined,False
TXN20240101001979,ACCT204137,MERCH300060,purchase,21.18,in_person,2024-01-01 07:42:32,approved,False
TXN20240101001980,ACCT202951,MERCH300075,purchase,32.09,in_person,2024-01-01 02:09:28,approved,False
TXN20240101001981,ACCT201081,MERCH300228,purchase,23.25,web,2024-01-01 22:24:46,approved,False
TXN20240101001982,ACCT201698,MERCH300259,purchase,86.31,atm,2024-01-01 13:00:08,approved,False
TXN20240101001983,ACCT200753,MERCH300005,purchase,33.13,mobile,2024-01-01 23:14:10,approved,False
TXN20240101001984,ACCT202106,MERCH300223,purchase,33.88,mobile,2024-01-01 04:56:13,approved,False
TXN20240101001985,ACCT201443,MERCH300124,purchase,7.35,web,2024-01-01 22:30:56,approved,False
TXN20240101001986,ACCT202182,MERCH300137,purchase,23.17,web,2024-01-01 07:43:53,approved,False
TXN20240101001987,ACCT202665,MERCH300199,purchase,7.07,atm,2024-01-01 19:17:01,approved,False
TXN20240101001988,ACCT203048,MERCH300176,purchase,41.7,in_person,2024-01-01 02:02:25,approved,False
TXN20240101001989,ACCT206109,MERCH300188,purchase,105.59,mobile,2024-01-01 17:36:33,declined,False
TXN20240101001990,ACCT202378,MERCH300117,deposit,22.2,in_person,2024-01-01 11:14:53,approved,False
TXN20240101001991,ACCT200405,MERCH300294,transfer,14.59,web,2024-01-01 22:06:27,approved,False
TXN20240101001992,ACCT204369,MERCH300022,purchase,294.53,atm,2024-01-01 03:29:46,approved,True
TXN20240101001993,ACCT201151,MERCH300074,purchase,76.78,mobile,2024-01-01 05:24:47,approved,False
TXN20240101001994,ACCT203847,MERCH300282,deposit,89.4,mobile,2024-01-01 15:06:30,approved,False
TXN20240101001995,ACCT205139,MERCH300233,withdrawal,122.8,mobile,2024-01-01 19:35:44,approved,False
TXN20240101001996,ACCT206264,MERCH300096,transfer,26.53,web,2024-01-01 21:26:04,approved,False
TXN20240101001997,ACCT204980,MERCH300248,transfer,41.49,web,2024-01-01 02:59:19,approved,False
TXN20240101001998,ACCT205299,MERCH300078,purchase,85.67,web,2024-01-01 00:05:51,approved,False
TXN20240101001999,ACCT202033,MERCH300147,purchase,112.62,in_person,2024-01-01 08:29:09,approved,False
TXN20240101002000,ACCT200641,MERCH300235,purchase,49.74,web,2024-01-01 02:47:30,approved,False
TXN20240101002001,ACCT201260,MERCH300267,purchase,39.23,in_person,2024-01-01 09:25:47,approved,False
TXN20240101002002,ACCT203279,MERCH300285,deposit,40.54,mobile,2024-01-01 11:12:30,approved,False
TXN20240101002003,ACCT205192,MERCH300128,purchase,50.29,mobile,2024-01-01 23:59:58,approved,False
TXN20240101002004,ACCT201160,MERCH300098,transfer,68.27,in_person,2024-01-01 00:19:51,approved,False
TXN20240101002005,ACCT200963,MERCH300298,withdrawal,33.8,mobile,2024-01-01 07:55:05,approved,False
TXN20240101002006,ACCT201292,MERCH300254,withdrawal,13.72,mobile,2024-01-01 08:50:31,approved,False
TXN20240101002007,ACCT203306,MERCH300140,withdrawal,53.86,mobile,2024-01-01 13:40:43,approved,False
TXN20240101002008,ACCT202801,MERCH300028,purchase,102.37,in_person,2024-01-01 07:46:44,approved,False
TXN20240101002009,ACCT202381,MERCH300077,withdrawal,42.3,web,2024-01-01 15:32:30,approved,False
TXN20240101002010,ACCT202210,MERCH300182,transfer,40.8,in_person,2024-01-01 20:40:24,approved,False
TXN20240101002011,ACCT206060,MERCH300020,purchase,5.68,mobile,2024-01-01 16:16:18,declined,False
TXN20240101002012,ACCT203326,MERCH300161,purchase,12.46,mobile,2024-01-01 15:03:21,approved,False
TXN20240101002013,ACCT204682,MERCH300294,purchase,117.98,in_person,2024-01-01 02:37:00,approved,False
TXN20240101002014,ACCT200017,MERCH300171,purchase,20.65,in_person,2024-01-01 21:48:51,approved,False
TXN20240101002015,ACCT200597,MERCH300083,transfer,39.95,in_person,2024-01-01 13:50:43,approved,False
TXN20240101002016,ACCT204943,MERCH300186,purchase,120.01,web,2024-01-01 03:45:17,approved,False
TXN20240101002017,ACCT205222,MERCH300056,purchase,736.56,in_person,2024-01-01 15:58:07,approved,False
TXN20240101002018,ACCT201853,MERCH300175,purchase,14.7,mobile,2024-01-01 11:35:31,approved,False
TXN20240101002019,ACCT201821,MERCH300245,transfer,125.16,web,2024-01-01 21:10:51,approved,False
TXN20240101002020,ACCT204673,MERCH300103,purchase,33.37,web,2024-01-01 15:12:59,approved,False
TXN20240101002021,ACCT201889,MERCH300202,purchase,77.24,mobile,2024-01-01 22:16:15,approved,False
TXN20240101002022,ACCT201269,MERCH300222,withdrawal,21.84,mobile,2024-01-01 23:58:26,approved,False
TXN20240101002023,ACCT206365,MERCH300247,purchase,35.95,in_person,2024-01-01 05:53:35,approved,False
TXN20240101002024,ACCT203908,MERCH300112,purchase,26.54,mobile,2024-01-01 07:43:35,approved,False
TXN20240101002025,ACCT202141,MERCH300158,purchase,14.79,web,2024-01-01 05:51:17,approved,False
TXN20240101002026,ACCT202945,MERCH300233,withdrawal,24.37,in_person,2024-01-01 05:20:48,approved,False
TXN20240101002027,ACCT205949,MERCH300220,purchase,233.25,in_person,2024-01-01 16:42:42,approved,False
TXN20240101002028,ACCT203446,MERCH300078,purchase,20.55,mobile,2024-01-01 22:10:49,approved,False
TXN20240101002029,ACCT204359,MERCH300128,withdrawal,55.96,in_person,2024-01-01 11:06:07,approved,False
TXN20240101002030,ACCT203298,MERCH300254,purchase,5.41,in_person,2024-01-01 19:38:40,approved,False
TXN20240101002031,ACCT200906,MERCH300223,purchase,68.13,web,2024-01-01 17:42:20,approved,False
TXN20240101002032,ACCT201523,MERCH300101,purchase,30.92,atm,2024-01-01 06:35:45,approved,False
TXN20240101002033,ACCT205873,MERCH300165,purchase,32.37,mobile,2024-01-01 20:28:30,approved,False
TXN20240101002034,ACCT200644,MERCH300230,transfer,75.54,mobile,2024-01-01 11:36:31,approved,False
TXN20240101002035,ACCT200567,MERCH300002,transfer,92.01,in_person,2024-01-01 00:22:35,approved,False
TXN20240101002036,ACCT200435,MERCH300042,purchase,13.65,mobile,2024-01-01 17:17:13,approved,False
TXN20240101002037,ACCT205323,MERCH300056,purchase,21.33,web,2024-01-01 21:15:34,approved,False
TXN20240101002038,ACCT205665,MERCH300231,deposit,41.35,atm,2024-01-01 05:21:52,approved,False
TXN20240101002039,ACCT201589,MERCH300202,purchase,36.8,web,2024-01-01 06:19:04,approved,False
TXN20240101002040,ACCT202802,MERCH300020,transfer,33.62,web,2024-01-01 17:09:10,approved,False
TXN20240101002041,ACCT200756,MERCH300200,purchase,55.38,atm,2024-01-01 23:32:02,approved,False
TXN20240101002042,ACCT206435,MERCH300216,purchase,57.95,atm,2024-01-01 06:24:28,approved,False
TXN20240101002043,ACCT200351,MERCH300198,purchase,45.71,in_person,2024-01-01 10:09:14,approved,False
TXN20240101002044,ACCT204960,MERCH300194,purchase,8.48,in_person,2024-01-01 16:54:35,approved,False
TXN20240101002045,ACCT205259,MERCH300134,purchase,20.77,web,2024-01-01 20:30:02,approved,False
TXN20240101002046,ACCT200973,MERCH300129,purchase,43.79,in_person,2024-01-01 00:08:06,approved,False
TXN20240101002047,ACCT200046,MERCH300072,purchase,308.53,in_person,2024-01-01 04:02:13,approved,False
TXN20240101002048,ACCT202195,MERCH300112,purchase,11.46,in_person,2024-01-01 21:05:39,approved,False
TXN20240101002049,ACCT203817,MERCH300044,transfer,18.88,web,2024-01-01 12:24:03,approved,False
TXN20240101002050,ACCT203782,MERCH300170,purchase,20.01,web,2024-01-01 18:14:31,approved,False
TXN20240101002051,ACCT205386,MERCH300004,purchase,28.85,in_person,2024-01-01 01:57:31,approved,False
TXN20240101002052,ACCT202569,MERCH300156,deposit,46.0,web,2024-01-01 02:28:19,approved,False
TXN20240101002053,ACCT201249,MERCH300263,purchase,26.99,web,2024-01-01 17:44:06,reversed,False
TXN20240101002054,ACCT206112,MERCH300097,purchase,22.18,atm,2024-01-01 09:14:42,approved,False
TXN20240101002055,ACCT202924,MERCH300044,purchase,14.76,in_person,2024-01-01 22:04:24,approved,False
TXN20240101002056,ACCT200047,MERCH300072,transfer,74.74,mobile,2024-01-01 10:20:35,approved,False
TXN20240101002057,ACCT206188,MERCH300118,purchase,29.9,atm,2024-01-01 20:41:46,approved,False
TXN20240101002058,ACCT202237,MERCH300115,purchase,4.99,web,2024-01-01 13:45:00,approved,False
TXN20240101002059,ACCT205716,MERCH300184,purchase,106.23,mobile,2024-01-01 16:11:46,approved,False
TXN20240101002060,ACCT206377,MERCH300073,purchase,52.61,in_person,2024-01-01 15:17:05,approved,False
TXN20240101002061,ACCT201486,MERCH300132,purchase,80.28,web,2024-01-01 02:28:33,approved,False
TXN20240101002062,ACCT203021,MERCH300169,purchase,124.57,in_person,2024-01-01 19:20:05,approved,False
TXN20240101002063,ACCT203541,MERCH300253,purchase,10.52,web,2024-01-01 23:17:01,approved,False
TXN20240101002064,ACCT201762,MERCH300041,purchase,11.67,atm,2024-01-01 09:59:24,approved,False
TXN20240101002065,ACCT202353,MERCH300049,purchase,5.48,in_person,2024-01-01 08:56:32,approved,False
TXN20240101002066,ACCT204851,MERCH300023,purchase,22.72,web,2024-01-01 14:21:18,approved,False
TXN20240101002067,ACCT201824,MERCH300023,purchase,40.35,mobile,2024-01-01 15:03:15,declined,False
TXN20240101002068,ACCT206102,MERCH300005,withdrawal,29.59,web,2024-01-01 09:21:10,approved,False
TXN20240101002069,ACCT204289,MERCH300217,purchase,66.25,web,2024-01-01 06:52:34,approved,False
TXN20240101002070,ACCT200650,MERCH300087,purchase,6.48,web,2024-01-01 23:53:24,approved,False
TXN20240101002071,ACCT204792,MERCH300162,purchase,68.02,web,2024-01-01 19:42:54,approved,False
TXN20240101002072,ACCT203771,MERCH300000,purchase,79.66,in_person,2024-01-01 13:40:26,approved,False
TXN20240101002073,ACCT204485,MERCH300211,transfer,765.11,web,2024-01-01 09:21:35,approved,False
TXN20240101002074,ACCT200782,MERCH300165,deposit,59.68,web,2024-01-01 08:26:57,approved,False
TXN20240101002075,ACCT201389,MERCH300203,purchase,35.83,in_person,2024-01-01 09:52:56,approved,False
TXN20240101002076,ACCT203771,MERCH300100,deposit,33.39,web,2024-01-01 14:12:29,approved,False
TXN20240101002077,ACCT200523,MERCH300299,purchase,18.46,web,2024-01-01 00:24:12,approved,False
TXN20240101002078,ACCT200785,MERCH300234,withdrawal,5.97,web,2024-01-01 15:52:23,declined,False
TXN20240101002079,ACCT203164,MERCH300155,purchase,97.28,web,2024-01-01 13:41:16,approved,False
TXN20240101002080,ACCT203976,MERCH300077,purchase,18.0,web,2024-01-01 03:06:29,approved,False
TXN20240101002081,ACCT202267,MERCH300294,withdrawal,28.09,mobile,2024-01-01 06:47:08,approved,False
TXN20240101002082,ACCT206475,MERCH300007,purchase,32.54,web,2024-01-01 06:04:24,approved,False
TXN20240101002083,ACCT201090,MERCH300028,transfer,8.69,web,2024-01-01 22:17:04,approved,False
TXN20240101002084,ACCT203822,MERCH300231,purchase,14.97,web,2024-01-01 22:55:58,approved,False
TXN20240101002085,ACCT204122,MERCH300140,purchase,34.16,web,2024-01-01 18:04:00,approved,False
TXN20240101002086,ACCT201548,MERCH300123,purchase,57.22,mobile,2024-01-01 16:11:53,approved,False
TXN20240101002087,ACCT203280,MERCH300154,purchase,15.16,mobile,2024-01-01 22:52:55,approved,False
TXN20240101002088,ACCT201216,MERCH300212,purchase,5.4,in_person,2024-01-01 17:40:57,approved,False
TXN20240101002089,ACCT203812,MERCH300096,purchase,73.39,web,2024-01-01 09:13:27,approved,False
TXN20240101002090,ACCT205002,MERCH300147,purchase,12.99,in_person,2024-01-01 08:20:46,approved,False
TXN20240101002091,ACCT200120,MERCH300206,withdrawal,15.27,mobile,2024-01-01 15:55:56,approved,False
TXN20240101002092,ACCT203798,MERCH300175,purchase,47.57,atm,2024-01-01 09:36:50,approved,False
TXN20240101002093,ACCT202172,MERCH300216,purchase,31.34,web,2024-01-01 10:18:51,approved,False
TXN20240101002094,ACCT204248,MERCH300046,purchase,68.85,web,2024-01-01 23:08:29,declined,False
TXN20240101002095,ACCT203406,MERCH300073,purchase,17.99,in_person,2024-01-01 21:24:44,declined,False
TXN20240101002096,ACCT205386,MERCH300238,purchase,10.22,in_person,2024-01-01 14:19:12,approved,False
TXN20240101002097,ACCT204186,MERCH300075,purchase,5.7,web,2024-01-01 07:25:55,reversed,False
TXN20240101002098,ACCT201265,MERCH300290,purchase,38.17,mobile,2024-01-01 10:02:28,approved,False
TXN20240101002099,ACCT200236,MERCH300076,purchase,21.54,web,2024-01-01 07:28:15,approved,False
TXN20240101002100,ACCT203873,MERCH300273,purchase,93.56,atm,2024-01-01 10:14:17,approved,False
TXN20240101002101,ACCT205850,MERCH300230,deposit,22.15,web,2024-01-01 08:57:51,reversed,False
TXN20240101002102,ACCT206077,MERCH300101,purchase,12.37,in_person,2024-01-01 10:16:11,approved,False
TXN20240101002103,ACCT203206,MERCH300266,deposit,36.29,web,2024-01-01 11:14:40,declined,False
TXN20240101002104,ACCT204809,MERCH300104,purchase,24.22,in_person,2024-01-01 15:18:16,approved,False
TXN20240101002105,ACCT201432,MERCH300154,purchase,4.72,in_person,2024-01-01 21:36:35,approved,False
TXN20240101002106,ACCT201937,MERCH300172,withdrawal,88.48,in_person,2024-01-01 12:43:32,approved,False
TXN20240101002107,ACCT200675,MERCH300033,transfer,52.78,web,2024-01-01 04:17:37,approved,False
TXN20240101002108,ACCT201656,MERCH300271,deposit,20.17,in_person,2024-01-01 04:41:13,approved,False
TXN20240101002109,ACCT202402,MERCH300137,purchase,21.99,atm,2024-01-01 15:07:54,approved,False
TXN20240101002110,ACCT205241,MERCH300189,purchase,79.33,mobile,2024-01-01 23:11:53,approved,False
TXN20240101002111,ACCT201975,MERCH300101,purchase,58.34,mobile,2024-01-01 07:17:55,declined,False
TXN20240101002112,ACCT203063,MERCH300135,purchase,5.35,web,2024-01-01 02:41:29,approved,False
TXN20240101002113,ACCT205728,MERCH300068,purchase,44.55,in_person,2024-01-01 01:33:10,approved,False
TXN20240101002114,ACCT203334,MERCH300274,purchase,33.61,mobile,2024-01-01 06:27:33,approved,False
TXN20240101002115,ACCT202285,MERCH300193,purchase,47.61,in_person,2024-01-01 22:36:04,declined,False
TXN20240101002116,ACCT201386,MERCH300213,purchase,37.49,web,2024-01-01 18:11:42,approved,False
TXN20240101002117,ACCT205896,MERCH300270,deposit,40.45,in_person,2024-01-01 18:15:16,approved,False
TXN20240101002118,ACCT205068,MERCH300177,withdrawal,101.53,web,2024-01-01 07:42:11,approved,False
TXN20240101002119,ACCT205882,MERCH300090,withdrawal,20.88,web,2024-01-01 22:59:48,approved,False
TXN20240101002120,ACCT204895,MERCH300000,transfer,10.71,web,2024-01-01 09:00:39,approved,False
TXN20240101002121,ACCT203397,MERCH300297,purchase,48.73,mobile,2024-01-01 09:21:05,approved,False
TXN20240101002122,ACCT202930,MERCH300288,purchase,73.9,in_person,2024-01-01 22:53:52,approved,False
TXN20240101002123,ACCT201054,MERCH300158,withdrawal,173.32,in_person,2024-01-01 18:49:39,approved,False
TXN20240101002124,ACCT200344,MERCH300118,purchase,58.81,web,2024-01-01 06:15:16,approved,False
TXN20240101002125,ACCT206130,MERCH300243,purchase,44.79,mobile,2024-01-01 15:02:23,approved,False
TXN20240101002126,ACCT204814,MERCH300057,withdrawal,42.46,in_person,2024-01-01 08:34:27,approved,False
TXN20240101002127,ACCT203399,MERCH300025,transfer,29.04,mobile,2024-01-01 14:41:54,approved,False
TXN20240101002128,ACCT205220,MERCH300075,purchase,34.9,in_person,2024-01-01 03:15:33,approved,False
TXN20240101002129,ACCT201229,MERCH300146,purchase,26.95,in_person,2024-01-01 00:18:49,approved,False
TXN20240101002130,ACCT200686,MERCH300211,withdrawal,24.13,web,2024-01-01 23:40:01,approved,False
TXN20240101002131,ACCT204094,MERCH300247,deposit,84.69,in_person,2024-01-01 01:32:30,approved,False
TXN20240101002132,ACCT204363,MERCH300174,transfer,248.87,web,2024-01-01 09:16:05,approved,False
TXN20240101002133,ACCT204906,MERCH300162,purchase,119.74,in_person,2024-01-01 04:50:22,approved,False
TXN20240101002134,ACCT202426,MERCH300050,purchase,29.64,web,2024-01-01 00:54:33,approved,False
TXN20240101002135,ACCT200033,MERCH300039,deposit,31.83,in_person,2024-01-01 17:43:50,approved,False
TXN20240101002136,ACCT204227,MERCH300257,purchase,15.6,in_person,2024-01-01 06:56:16,approved,False
TXN20240101002137,ACCT204511,MERCH300088,transfer,48.26,web,2024-01-01 19:21:14,approved,False
TXN20240101002138,ACCT204760,MERCH300175,purchase,90.22,mobile,2024-01-01 13:06:51,approved,False
TXN20240101002139,ACCT200945,MERCH300003,purchase,20.7,mobile,2024-01-01 15:43:32,approved,False
TXN20240101002140,ACCT202168,MERCH300172,purchase,14.68,web,2024-01-01 16:33:43,approved,False
TXN20240101002141,ACCT203813,MERCH300171,purchase,12.47,atm,2024-01-01 04:24:55,approved,False
TXN20240101002142,ACCT203796,MERCH300232,purchase,122.59,in_person,2024-01-01 10:15:02,approved,False
TXN20240101002143,ACCT206192,MERCH300247,transfer,14.66,mobile,2024-01-01 18:03:36,approved,False
TXN20240101002144,ACCT201941,MERCH300154,purchase,96.02,atm,2024-01-01 05:10:04,approved,False
TXN20240101002145,ACCT204743,MERCH300180,deposit,13.87,web,2024-01-01 02:39:55,approved,False
TXN20240101002146,ACCT204579,MERCH300260,purchase,26.96,in_person,2024-01-01 09:13:26,approved,False
TXN20240101002147,ACCT201844,MERCH300233,transfer,3.35,atm,2024-01-01 21:56:26,approved,False
TXN20240101002148,ACCT202617,MERCH300076,purchase,17.01,web,2024-01-01 07:28:11,approved,False
TXN20240101002149,ACCT205788,MERCH300079,transfer,53.14,in_person,2024-01-01 09:05:37,approved,False
TXN20240101002150,ACCT202325,MERCH300087,transfer,99.61,mobile,2024-01-01 03:39:32,approved,False
TXN20240101002151,ACCT204791,MERCH300119,transfer,40.05,web,2024-01-01 17:41:56,approved,False
TXN20240101002152,ACCT202718,MERCH300225,purchase,47.27,web,2024-01-01 08:10:00,approved,False
TXN20240101002153,ACCT204426,MERCH300247,purchase,28.96,web,2024-01-01 04:50:44,approved,False
TXN20240101002154,ACCT205192,MERCH300172,deposit,31.53,atm,2024-01-01 02:44:57,approved,False
TXN20240101002155,ACCT201937,MERCH300185,purchase,103.21,web,2024-01-01 07:35:54,approved,False
TXN20240101002156,ACCT203108,MERCH300258,purchase,19.53,mobile,2024-01-01 04:07:37,approved,False
TXN20240101002157,ACCT205235,MERCH300148,purchase,56.21,in_person,2024-01-01 11:29:49,approved,False
TXN20240101002158,ACCT200243,MERCH300055,withdrawal,10.57,web,2024-01-01 10:58:02,approved,False
TXN20240101002159,ACCT200376,MERCH300268,transfer,80.97,web,2024-01-01 11:14:04,approved,False
TXN20240101002160,ACCT205851,MERCH300116,transfer,41.25,in_person,2024-01-01 08:56:41,approved,False
TXN20240101002161,ACCT202330,MERCH300036,purchase,249.16,in_person,2024-01-01 02:11:15,approved,False
TXN20240101002162,ACCT200928,MERCH300018,purchase,106.44,in_person,2024-01-01 18:36:42,approved,False
TXN20240101002163,ACCT201557,MERCH300196,deposit,11.58,in_person,2024-01-01 13:23:44,approved,False
TXN20240101002164,ACCT200921,MERCH300276,withdrawal,75.18,mobile,2024-01-01 04:04:40,approved,False
TXN20240101002165,ACCT201570,MERCH300277,purchase,64.22,in_person,2024-01-01 01:38:53,approved,False
TXN20240101002166,ACCT205253,MERCH300154,deposit,83.23,mobile,2024-01-01 22:28:13,approved,False
TXN20240101002167,ACCT204907,MERCH300104,deposit,9.36,mobile,2024-01-01 22:18:48,approved,False
TXN20240101002168,ACCT203890,MERCH300021,purchase,26.17,mobile,2024-01-01 04:13:48,approved,False
TXN20240101002169,ACCT202018,MERCH300025,purchase,53.18,mobile,2024-01-01 10:29:18,approved,False
TXN20240101002170,ACCT202610,MERCH300050,deposit,52.83,web,2024-01-01 13:06:12,approved,False
TXN20240101002171,ACCT201851,MERCH300008,transfer,17.74,atm,2024-01-01 10:35:37,approved,False
TXN20240101002172,ACCT201950,MERCH300143,purchase,16.61,mobile,2024-01-01 20:05:53,approved,False
TXN20240101002173,ACCT204662,MERCH300049,deposit,54.73,in_person,2024-01-01 13:12:39,approved,False
TXN20240101002174,ACCT205121,MERCH300139,withdrawal,20.15,mobile,2024-01-01 06:30:07,approved,False
TXN20240101002175,ACCT202440,MERCH300112,withdrawal,70.71,mobile,2024-01-01 18:44:26,approved,False
TXN20240101002176,ACCT204959,MERCH300081,purchase,39.68,mobile,2024-01-01 20:23:23,approved,False
TXN20240101002177,ACCT202739,MERCH300162,purchase,69.64,in_person,2024-01-01 01:37:35,approved,False
TXN20240101002178,ACCT201801,MERCH300209,purchase,16.46,web,2024-01-01 20:55:35,approved,False
TXN20240101002179,ACCT204825,MERCH300079,purchase,31.14,mobile,2024-01-01 16:35:59,approved,False
TXN20240101002180,ACCT203549,MERCH300019,purchase,111.86,atm,2024-01-01 22:45:50,approved,False
TXN20240101002181,ACCT203937,MERCH300275,withdrawal,124.72,web,2024-01-01 21:28:32,approved,False
TXN20240101002182,ACCT200672,MERCH300170,purchase,30.31,web,2024-01-01 01:15:08,approved,False
TXN20240101002183,ACCT203068,MERCH300285,purchase,135.22,in_person,2024-01-01 10:21:11,approved,False
TXN20240101002184,ACCT201838,MERCH300171,purchase,11.35,mobile,2024-01-01 01:21:10,approved,False
TXN20240101002185,ACCT200904,MERCH300001,transfer,38.94,in_person,2024-01-01 00:32:30,approved,False
TXN20240101002186,ACCT205236,MERCH300036,transfer,12.65,atm,2024-01-01 22:09:09,approved,False
TXN20240101002187,ACCT201767,MERCH300168,purchase,44.74,web,2024-01-01 05:45:10,approved,False
TXN20240101002188,ACCT205982,MERCH300057,purchase,344.1,in_person,2024-01-01 01:09:09,approved,False
TXN20240101002189,ACCT200598,MERCH300201,purchase,40.41,in_person,2024-01-01 22:42:41,approved,False
TXN20240101002190,ACCT202474,MERCH300296,withdrawal,79.74,web,2024-01-01 09:28:16,approved,False
TXN20240101002191,ACCT203530,MERCH300170,transfer,53.19,web,2024-01-01 02:44:54,approved,False
TXN20240101002192,ACCT205680,MERCH300254,transfer,27.84,mobile,2024-01-01 06:10:29,approved,False
TXN20240101002193,ACCT202580,MERCH300064,transfer,89.94,web,2024-01-01 00:12:40,approved,False
TXN20240101002194,ACCT203632,MERCH300160,transfer,62.08,web,2024-01-01 16:15:31,approved,False
TXN20240101002195,ACCT203480,MERCH300242,purchase,100.3,in_person,2024-01-01 22:46:52,approved,False
TXN20240101002196,ACCT204165,MERCH300200,purchase,34.69,in_person,2024-01-01 09:15:07,approved,False
TXN20240101002197,ACCT205959,MERCH300237,purchase,186.39,in_person,2024-01-01 20:20:43,approved,False
TXN20240101002198,ACCT205175,MERCH300132,purchase,26.96,web,2024-01-01 08:08:34,approved,False
TXN20240101002199,ACCT204265,MERCH300000,purchase,34.98,mobile,2024-01-01 11:13:26,approved,False
TXN20240101002200,ACCT200717,MERCH300279,purchase,33.32,in_person,2024-01-01 05:51:41,approved,False
TXN20240101002201,ACCT204807,MERCH300148,purchase,48.09,web,2024-01-01 00:07:32,approved,False
TXN20240101002202,ACCT204757,MERCH300229,purchase,105.43,in_person,2024-01-01 03:54:37,approved,False
TXN20240101002203,ACCT204078,MERCH300115,transfer,4.75,in_person,2024-01-01 14:49:31,approved,False
TXN20240101002204,ACCT205963,MERCH300130,purchase,11.75,in_person,2024-01-01 02:56:07,approved,False
TXN20240101002205,ACCT201350,MERCH300127,purchase,39.38,web,2024-01-01 19:37:23,approved,False
TXN20240101002206,ACCT202779,MERCH300238,purchase,13.57,in_person,2024-01-01 22:41:58,approved,False
TXN20240101002207,ACCT206317,MERCH300077,purchase,33.42,mobile,2024-01-01 06:50:05,approved,False
TXN20240101002208,ACCT201350,MERCH300071,deposit,19.71,in_person,2024-01-01 06:42:13,approved,False
TXN20240101002209,ACCT203618,MERCH300278,purchase,24.9,web,2024-01-01 04:33:42,approved,False
TXN20240101002210,ACCT204112,MERCH300293,transfer,59.25,atm,2024-01-01 09:25:08,approved,False
TXN20240101002211,ACCT204075,MERCH300233,deposit,26.81,in_person,2024-01-01 21:51:02,approved,False
TXN20240101002212,ACCT204556,MERCH300046,transfer,75.42,web,2024-01-01 09:18:45,approved,False
TXN20240101002213,ACCT200897,MERCH300031,purchase,28.5,mobile,2024-01-01 18:33:12,approved,False
TXN20240101002214,ACCT202039,MERCH300120,purchase,12.16,in_person,2024-01-01 07:03:13,approved,False
TXN20240101002215,ACCT202927,MERCH300086,purchase,41.57,in_person,2024-01-01 10:38:27,approved,False
TXN20240101002216,ACCT200001,MERCH300233,withdrawal,38.77,mobile,2024-01-01 11:07:50,approved,False
TXN20240101002217,ACCT204136,MERCH300186,deposit,28.17,in_person,2024-01-01 21:03:59,approved,False
TXN20240101002218,ACCT200947,MERCH300051,withdrawal,77.21,in_person,2024-01-01 11:17:15,approved,False
TXN20240101002219,ACCT206120,MERCH300275,purchase,19.47,web,2024-01-01 14:40:18,approved,True
TXN20240101002220,ACCT203130,MERCH300138,purchase,99.09,in_person,2024-01-01 20:49:31,approved,False
TXN20240101002221,ACCT202277,MERCH300016,purchase,51.69,mobile,2024-01-01 22:35:47,approved,False
TXN20240101002222,ACCT205637,MERCH300076,deposit,13.87,mobile,2024-01-01 21:39:04,approved,False
TXN20240101002223,ACCT205144,MERCH300002,purchase,32.11,mobile,2024-01-01 02:14:25,declined,False
TXN20240101002224,ACCT200446,MERCH300012,purchase,8.17,in_person,2024-01-01 02:06:06,approved,False
TXN20240101002225,ACCT200581,MERCH300102,purchase,12.34,atm,2024-01-01 10:06:13,approved,False
TXN20240101002226,ACCT204512,MERCH300092,purchase,73.66,mobile,2024-01-01 08:04:37,approved,False
TXN20240101002227,ACCT201073,MERCH300018,purchase,13.66,web,2024-01-01 16:20:01,approved,False
TXN20240101002228,ACCT205875,MERCH300097,purchase,20.36,mobile,2024-01-01 10:44:51,approved,False
TXN20240101002229,ACCT200673,MERCH300273,purchase,9.79,mobile,2024-01-01 09:03:05,approved,False
TXN20240101002230,ACCT201553,MERCH300134,purchase,7.14,web,2024-01-01 02:20:49,approved,False
TXN20240101002231,ACCT201625,MERCH300141,purchase,73.91,web,2024-01-01 08:36:25,approved,False
TXN20240101002232,ACCT201092,MERCH300090,purchase,52.36,web,2024-01-01 13:03:33,approved,False
TXN20240101002233,ACCT202861,MERCH300091,withdrawal,15.19,in_person,2024-01-01 16:32:24,approved,False
TXN20240101002234,ACCT202898,MERCH300048,withdrawal,30.03,in_person,2024-01-01 04:23:22,approved,False
TXN20240101002235,ACCT206090,MERCH300050,withdrawal,30.24,web,2024-01-01 14:55:37,approved,False
TXN20240101002236,ACCT202662,MERCH300267,purchase,75.81,web,2024-01-01 13:29:19,approved,False
TXN20240101002237,ACCT205708,MERCH300178,transfer,17.04,mobile,2024-01-01 06:31:03,approved,False
TXN20240101002238,ACCT205017,MERCH300295,purchase,10.61,mobile,2024-01-01 21:51:00,approved,False
TXN20240101002239,ACCT201741,MERCH300296,purchase,42.66,web,2024-01-01 10:43:17,approved,False
TXN20240101002240,ACCT200669,MERCH300281,withdrawal,73.08,in_person,2024-01-01 06:32:13,approved,False
TXN20240101002241,ACCT201995,MERCH300205,purchase,41.05,web,2024-01-01 16:39:01,approved,False
TXN20240101002242,ACCT200187,MERCH300008,purchase,155.8,in_person,2024-01-01 04:24:05,approved,False
TXN20240101002243,ACCT202098,MERCH300254,purchase,19.14,mobile,2024-01-01 15:41:52,approved,False
TXN20240101002244,ACCT206068,MERCH300242,transfer,75.31,web,2024-01-01 16:18:29,approved,False
TXN20240101002245,ACCT201894,MERCH300033,transfer,29.47,mobile,2024-01-01 10:18:23,reversed,False
TXN20240101002246,ACCT201999,MERCH300134,purchase,17.53,in_person,2024-01-01 04:49:55,approved,False
TXN20240101002247,ACCT203207,MERCH300229,purchase,28.35,mobile,2024-01-01 06:24:35,approved,False
TXN20240101002248,ACCT204977,MERCH300094,purchase,28.1,web,2024-01-01 05:31:07,approved,False
TXN20240101002249,ACCT204920,MERCH300181,purchase,20.11,in_person,2024-01-01 02:07:42,approved,False
TXN20240101002250,ACCT203946,MERCH300182,purchase,7.87,web,2024-01-01 23:20:42,approved,False
TXN20240101002251,ACCT202864,MERCH300145,purchase,45.7,in_person,2024-01-01 20:39:16,approved,False
TXN20240101002252,ACCT201485,MERCH300166,withdrawal,96.12,in_person,2024-01-01 12:31:40,approved,False
TXN20240101002253,ACCT203808,MERCH300183,deposit,3.05,web,2024-01-01 19:18:08,approved,False
TXN20240101002254,ACCT201066,MERCH300031,purchase,115.02,web,2024-01-01 15:01:59,approved,False
TXN20240101002255,ACCT205003,MERCH300187,purchase,108.71,web,2024-01-01 14:32:34,approved,False
TXN20240101002256,ACCT203927,MERCH300175,withdrawal,13.69,web,2024-01-01 17:20:17,approved,False
TXN20240101002257,ACCT203499,MERCH300262,purchase,10.57,in_person,2024-01-01 13:55:54,approved,False
TXN20240101002258,ACCT203575,MERCH300079,purchase,69.49,web,2024-01-01 13:02:30,approved,False
TXN20240101002259,ACCT205408,MERCH300058,purchase,53.52,web,2024-01-01 03:40:53,approved,False
TXN20240101002260,ACCT202883,MERCH300030,purchase,50.29,web,2024-01-01 14:22:05,approved,False
TXN20240101002261,ACCT204314,MERCH300218,purchase,62.65,web,2024-01-01 10:16:18,approved,False
TXN20240101002262,ACCT205174,MERCH300268,purchase,111.71,in_person,2024-01-01 05:42:25,approved,False
TXN20240101002263,ACCT202638,MERCH300001,withdrawal,50.54,web,2024-01-01 11:30:15,approved,False
TXN20240101002264,ACCT203062,MERCH300090,purchase,24.04,in_person,2024-01-01 20:04:31,approved,False
TXN20240101002265,ACCT204234,MERCH300235,transfer,88.47,in_person,2024-01-01 11:36:21,approved,False
TXN20240101002266,ACCT202711,MERCH300215,purchase,92.9,web,2024-01-01 11:10:53,approved,False
TXN20240101002267,ACCT202642,MERCH300214,purchase,28.73,web,2024-01-01 05:51:14,approved,False
TXN20240101002268,ACCT204591,MERCH300013,purchase,93.08,in_person,2024-01-01 19:14:11,approved,False
TXN20240101002269,ACCT201774,MERCH300276,transfer,22.02,in_person,2024-01-01 02:47:57,approved,False
TXN20240101002270,ACCT205447,MERCH300148,purchase,50.15,web,2024-01-01 20:19:42,approved,False
TXN20240101002271,ACCT201640,MERCH300007,purchase,83.89,web,2024-01-01 22:18:02,approved,False
TXN20240101002272,ACCT200895,MERCH300083,purchase,29.56,mobile,2024-01-01 04:00:50,approved,False
TXN20240101002273,ACCT203920,MERCH300270,deposit,51.28,mobile,2024-01-01 13:55:11,approved,False
TXN20240101002274,ACCT204638,MERCH300189,deposit,28.95,in_person,2024-01-01 14:33:41,approved,False
TXN20240101002275,ACCT204125,MERCH300268,withdrawal,21.0,mobile,2024-01-01 20:08:01,approved,False
TXN20240101002276,ACCT200766,MERCH300245,purchase,89.61,mobile,2024-01-01 07:02:15,approved,False
TXN20240101002277,ACCT202561,MERCH300069,purchase,30.85,atm,2024-01-01 16:16:51,approved,False
TXN20240101002278,ACCT202460,MERCH300280,purchase,186.84,in_person,2024-01-01 02:29:01,approved,False
TXN20240101002279,ACCT203898,MERCH300292,purchase,18.55,mobile,2024-01-01 19:02:28,approved,False
TXN20240101002280,ACCT202758,MERCH300101,deposit,72.11,in_person,2024-01-01 18:21:23,approved,False
TXN20240101002281,ACCT204391,MERCH300090,purchase,81.2,in_person,2024-01-01 05:18:13,approved,False
TXN20240101002282,ACCT204655,MERCH300224,purchase,20.01,web,2024-01-01 03:52:07,approved,False
TXN20240101002283,ACCT201769,MERCH300229,transfer,40.3,in_person,2024-01-01 02:24:23,approved,False
TXN20240101002284,ACCT204542,MERCH300281,purchase,117.7,in_person,2024-01-01 19:06:21,approved,False
TXN20240101002285,ACCT205067,MERCH300039,purchase,19.35,in_person,2024-01-01 14:14:06,approved,False
TXN20240101002286,ACCT204567,MERCH300160,purchase,34.11,mobile,2024-01-01 08:49:42,approved,False
TXN20240101002287,ACCT200220,MERCH300242,purchase,41.45,web,2024-01-01 13:00:06,approved,False
TXN20240101002288,ACCT202957,MERCH300072,purchase,200.52,web,2024-01-01 13:07:22,approved,False
TXN20240101002289,ACCT205032,MERCH300259,purchase,249.34,web,2024-01-01 02:00:56,approved,False
TXN20240101002290,ACCT205979,MERCH300193,deposit,21.5,in_person,2024-01-01 10:02:22,approved,False
TXN20240101002291,ACCT202112,MERCH300227,deposit,13.77,web,2024-01-01 14:55:41,approved,False
TXN20240101002292,ACCT200772,MERCH300188,purchase,31.6,mobile,2024-01-01 14:59:27,approved,False
TXN20240101002293,ACCT203229,MERCH300259,transfer,49.72,in_person,2024-01-01 04:44:38,approved,False
TXN20240101002294,ACCT205533,MERCH300121,purchase,23.94,atm,2024-01-01 22:05:46,declined,False
TXN20240101002295,ACCT201323,MERCH300264,purchase,25.38,web,2024-01-01 02:41:28,approved,False
TXN20240101002296,ACCT204465,MERCH300097,purchase,18.92,web,2024-01-01 20:46:39,approved,False
TXN20240101002297,ACCT206338,MERCH300249,purchase,30.88,web,2024-01-01 23:47:29,approved,False
TXN20240101002298,ACCT205867,MERCH300251,purchase,42.09,mobile,2024-01-01 18:44:18,approved,False
TXN20240101002299,ACCT201752,MERCH300026,withdrawal,22.61,mobile,2024-01-01 13:41:46,approved,False
TXN20240101002300,ACCT203653,MERCH300100,withdrawal,18.61,mobile,2024-01-01 04:26:23,approved,True
TXN20240101002301,ACCT200317,MERCH300279,purchase,36.13,in_person,2024-01-01 07:03:03,approved,False
TXN20240101002302,ACCT200428,MERCH300186,purchase,7.87,in_person,2024-01-01 13:49:16,reversed,False
TXN20240101002303,ACCT205650,MERCH300293,purchase,20.23,in_person,2024-01-01 02:55:40,approved,False
TXN20240101002304,ACCT205070,MERCH300262,deposit,113.5,atm,2024-01-01 16:30:39,approved,False
TXN20240101002305,ACCT201145,MERCH300262,purchase,17.19,web,2024-01-01 22:25:33,approved,True
TXN20240101002306,ACCT203433,MERCH300216,purchase,29.93,in_person,2024-01-01 17:55:26,approved,False
TXN20240101002307,ACCT203411,MERCH300158,deposit,65.1,in_person,2024-01-01 22:27:18,approved,False
TXN20240101002308,ACCT201099,MERCH300068,purchase,10.4,web,2024-01-01 11:22:02,approved,False
TXN20240101002309,ACCT202177,MERCH300274,transfer,107.11,atm,2024-01-01 06:53:12,approved,False
TXN20240101002310,ACCT203787,MERCH300232,purchase,220.65,mobile,2024-01-01 00:55:59,approved,False
TXN20240101002311,ACCT201105,MERCH300125,deposit,62.01,in_person,2024-01-01 10:12:51,approved,False
TXN20240101002312,ACCT203214,MERCH300200,transfer,136.73,mobile,2024-01-01 02:16:04,approved,False
TXN20240101002313,ACCT200986,MERCH300085,purchase,19.95,atm,2024-01-01 15:18:55,approved,False
TXN20240101002314,ACCT201029,MERCH300285,purchase,7.76,mobile,2024-01-01 19:09:46,approved,False
TXN20240101002315,ACCT200251,MERCH300235,purchase,31.78,web,2024-01-01 02:51:05,approved,False
TXN20240101002316,ACCT201724,MERCH300010,purchase,225.42,mobile,2024-01-01 12:58:25,approved,False
TXN20240101002317,ACCT204836,MERCH300089,purchase,38.65,mobile,2024-01-01 12:31:10,approved,False
TXN20240101002318,ACCT202159,MERCH300073,purchase,48.81,mobile,2024-01-01 07:42:43,approved,False
TXN20240101002319,ACCT202494,MERCH300146,purchase,9.5,mobile,2024-01-01 05:25:40,approved,False
TXN20240101002320,ACCT203876,MERCH300239,transfer,40.1,web,2024-01-01 17:59:13,approved,False
TXN20240101002321,ACCT204957,MERCH300060,purchase,27.3,in_person,2024-01-01 05:57:46,approved,False
TXN20240101002322,ACCT204850,MERCH300228,purchase,32.1,web,2024-01-01 00:44:17,approved,False
TXN20240101002323,ACCT205631,MERCH300025,purchase,13.14,in_person,2024-01-01 14:53:29,approved,False
TXN20240101002324,ACCT203723,MERCH300274,purchase,54.06,mobile,2024-01-01 01:08:06,approved,False
TXN20240101002325,ACCT201669,MERCH300074,purchase,19.76,atm,2024-01-01 07:53:55,approved,False
TXN20240101002326,ACCT205927,MERCH300163,purchase,42.58,in_person,2024-01-01 02:25:11,approved,False
TXN20240101002327,ACCT200738,MERCH300257,purchase,2.31,web,2024-01-01 13:12:52,reversed,False
TXN20240101002328,ACCT204795,MERCH300143,transfer,30.85,mobile,2024-01-01 05:55:50,approved,False
TXN20240101002329,ACCT202863,MERCH300070,purchase,60.17,in_person,2024-01-01 06:50:07,approved,False
TXN20240101002330,ACCT204501,MERCH300051,purchase,24.16,web,2024-01-01 09:08:06,approved,False
TXN20240101002331,ACCT205580,MERCH300173,deposit,22.6,mobile,2024-01-01 11:39:08,approved,False
TXN20240101002332,ACCT201049,MERCH300216,purchase,38.62,in_person,2024-01-01 17:52:50,approved,False
TXN20240101002333,ACCT200797,MERCH300055,transfer,19.52,mobile,2024-01-01 22:41:05,approved,False
TXN20240101002334,ACCT203912,MERCH300096,withdrawal,28.88,web,2024-01-01 14:28:36,approved,False
TXN20240101002335,ACCT205181,MERCH300294,purchase,3.73,mobile,2024-01-01 11:02:52,approved,False
TXN20240101002336,ACCT200400,MERCH300133,deposit,41.96,in_person,2024-01-01 14:29:17,approved,False
TXN20240101002337,ACCT201212,MERCH300271,purchase,40.0,in_person,2024-01-01 12:33:33,approved,False
TXN20240101002338,ACCT202839,MERCH300026,transfer,29.45,in_person,2024-01-01 00:50:04,approved,False
TXN20240101002339,ACCT202285,MERCH300071,purchase,28.15,web,2024-01-01 11:13:56,approved,False
TXN20240101002340,ACCT201535,MERCH300277,purchase,45.58,in_person,2024-01-01 17:12:36,approved,False
TXN20240101002341,ACCT204663,MERCH300030,purchase,79.06,mobile,2024-01-01 20:55:43,approved,False
TXN20240101002342,ACCT202657,MERCH300073,purchase,28.14,web,2024-01-01 02:50:15,approved,False
TXN20240101002343,ACCT202166,MERCH300286,purchase,50.92,mobile,2024-01-01 16:33:43,approved,False
TXN20240101002344,ACCT203810,MERCH300032,purchase,80.75,mobile,2024-01-01 02:26:37,approved,False
TXN20240101002345,ACCT200609,MERCH300037,purchase,45.47,web,2024-01-01 00:37:07,approved,False
TXN20240101002346,ACCT204898,MERCH300000,purchase,83.54,in_person,2024-01-01 01:09:34,approved,False
TXN20240101002347,ACCT201986,MERCH300253,purchase,93.37,in_person,2024-01-01 02:14:06,approved,False
TXN20240101002348,ACCT201546,MERCH300149,withdrawal,76.32,mobile,2024-01-01 02:32:40,approved,False
TXN20240101002349,ACCT204077,MERCH300079,purchase,36.65,web,2024-01-01 13:25:55,approved,False
TXN20240101002350,ACCT200522,MERCH300250,withdrawal,37.82,in_person,2024-01-01 22:10:51,approved,False
TXN20240101002351,ACCT206073,MERCH300080,withdrawal,23.41,mobile,2024-01-01 18:31:28,approved,False
TXN20240101002352,ACCT206392,MERCH300054,purchase,169.41,in_person,2024-01-01 17:39:53,approved,False
TXN20240101002353,ACCT202065,MERCH300187,purchase,227.37,web,2024-01-01 02:48:59,approved,False
TXN20240101002354,ACCT205644,MERCH300109,withdrawal,71.14,web,2024-01-01 22:37:27,approved,False
TXN20240101002355,ACCT200489,MERCH300035,purchase,25.83,in_person,2024-01-01 12:36:19,approved,False
TXN20240101002356,ACCT203719,MERCH300080,purchase,67.58,mobile,2024-01-01 00:33:11,approved,False
TXN20240101002357,ACCT206273,MERCH300189,purchase,25.57,mobile,2024-01-01 15:06:37,approved,False
TXN20240101002358,ACCT202207,MERCH300289,purchase,82.2,web,2024-01-01 16:23:22,approved,False
TXN20240101002359,ACCT201188,MERCH300162,purchase,41.15,mobile,2024-01-01 09:27:34,declined,False
TXN20240101002360,ACCT200998,MERCH300177,withdrawal,26.44,in_person,2024-01-01 17:31:56,approved,True
TXN20240101002361,ACCT205207,MERCH300252,deposit,75.94,web,2024-01-01 16:17:04,approved,False
TXN20240101002362,ACCT204523,MERCH300250,purchase,10.53,web,2024-01-01 13:44:17,approved,False
TXN20240101002363,ACCT200825,MERCH300002,transfer,17.82,web,2024-01-01 08:32:31,approved,False
TXN20240101002364,ACCT205529,MERCH300094,purchase,844.95,mobile,2024-01-01 23:18:43,approved,False
TXN20240101002365,ACCT200226,MERCH300284,deposit,9.35,web,2024-01-01 14:28:55,approved,False
TXN20240101002366,ACCT201641,MERCH300170,transfer,111.63,web,2024-01-01 11:42:52,approved,False
TXN20240101002367,ACCT204021,MERCH300240,purchase,18.88,web,2024-01-01 18:01:27,approved,False
TXN20240101002368,ACCT202741,MERCH300098,purchase,21.4,mobile,2024-01-01 05:20:33,approved,False
TXN20240101002369,ACCT201189,MERCH300091,deposit,16.86,in_person,2024-01-01 22:12:28,declined,False
TXN20240101002370,ACCT200400,MERCH300052,purchase,31.87,mobile,2024-01-01 17:19:06,approved,False
TXN20240101002371,ACCT202099,MERCH300109,purchase,14.04,in_person,2024-01-01 15:39:42,approved,False
TXN20240101002372,ACCT201634,MERCH300255,withdrawal,79.64,in_person,2024-01-01 06:12:49,approved,False
TXN20240101002373,ACCT200980,MERCH300249,purchase,23.12,mobile,2024-01-01 08:32:46,approved,False
TXN20240101002374,ACCT202747,MERCH300059,transfer,4.88,web,2024-01-01 22:22:21,approved,False
TXN20240101002375,ACCT201853,MERCH300242,purchase,9.82,web,2024-01-01 17:03:49,approved,False
TXN20240101002376,ACCT203196,MERCH300161,transfer,28.16,web,2024-01-01 02:53:13,approved,False
TXN20240101002377,ACCT206404,MERCH300153,purchase,67.6,in_person,2024-01-01 19:35:27,approved,False
TXN20240101002378,ACCT204830,MERCH300265,purchase,81.84,web,2024-01-01 02:17:15,approved,False
TXN20240101002379,ACCT202624,MERCH300033,deposit,21.17,mobile,2024-01-01 09:30:26,approved,False
TXN20240101002380,ACCT202459,MERCH300233,purchase,5.88,in_person,2024-01-01 10:59:55,approved,False
TXN20240101002381,ACCT203196,MERCH300129,transfer,35.62,mobile,2024-01-01 08:09:28,approved,False
TXN20240101002382,ACCT204289,MERCH300049,purchase,97.1,in_person,2024-01-01 11:51:45,approved,False
TXN20240101002383,ACCT202640,MERCH300294,purchase,48.92,mobile,2024-01-01 03:00:58,approved,False
TXN20240101002384,ACCT205225,MERCH300089,withdrawal,27.5,mobile,2024-01-01 15:51:09,approved,False
TXN20240101002385,ACCT200614,MERCH300044,withdrawal,65.51,atm,2024-01-01 16:20:55,approved,False
TXN20240101002386,ACCT201142,MERCH300091,deposit,93.39,mobile,2024-01-01 20:17:06,approved,False
TXN20240101002387,ACCT203633,MERCH300136,transfer,23.79,mobile,2024-01-01 10:46:37,approved,False
TXN20240101002388,ACCT200253,MERCH300109,purchase,27.42,atm,2024-01-01 12:09:27,approved,False
TXN20240101002389,ACCT202163,MERCH300281,transfer,48.96,mobile,2024-01-01 03:07:17,declined,False
TXN20240101002390,ACCT204235,MERCH300181,deposit,66.73,mobile,2024-01-01 08:28:38,reversed,False
TXN20240101002391,ACCT202730,MERCH300082,deposit,30.17,in_person,2024-01-01 13:56:54,approved,False
TXN20240101002392,ACCT205465,MERCH300298,deposit,6.38,mobile,2024-01-01 09:19:04,approved,False
TXN20240101002393,ACCT205926,MERCH300148,withdrawal,62.57,web,2024-01-01 23:32:10,approved,False
TXN20240101002394,ACCT205445,MERCH300198,transfer,31.95,atm,2024-01-01 06:23:30,approved,False
TXN20240101002395,ACCT202489,MERCH300139,purchase,27.9,mobile,2024-01-01 01:45:06,approved,False
TXN20240101002396,ACCT200893,MERCH300161,purchase,181.29,in_person,2024-01-01 20:53:19,approved,False
TXN20240101002397,ACCT202579,MERCH300139,transfer,20.86,in_person,2024-01-01 12:58:24,declined,False
TXN20240101002398,ACCT205570,MERCH300236,purchase,41.3,in_person,2024-01-01 01:16:25,approved,False
TXN20240101002399,ACCT204870,MERCH300022,purchase,13.19,web,2024-01-01 22:15:41,approved,False
TXN20240101002400,ACCT202160,MERCH300086,purchase,15.56,mobile,2024-01-01 04:55:27,approved,False
TXN20240101002401,ACCT201655,MERCH300095,purchase,37.55,in_person,2024-01-01 23:34:03,declined,True
TXN20240101002402,ACCT201669,MERCH300068,transfer,26.14,in_person,2024-01-01 08:19:38,declined,False
TXN20240101002403,ACCT202516,MERCH300174,purchase,75.29,in_person,2024-01-01 08:20:18,approved,False
TXN20240101002404,ACCT200866,MERCH300191,purchase,28.82,mobile,2024-01-01 05:10:00,approved,False
TXN20240101002405,ACCT203960,MERCH300296,purchase,13.23,web,2024-01-01 04:05:47,declined,False
TXN20240101002406,ACCT204036,MERCH300124,withdrawal,17.61,in_person,2024-01-01 19:20:25,approved,False
TXN20240101002407,ACCT206166,MERCH300178,purchase,6.09,web,2024-01-01 10:47:39,approved,False
TXN20240101002408,ACCT206459,MERCH300000,purchase,68.78,in_person,2024-01-01 13:39:39,approved,False
TXN20240101002409,ACCT200172,MERCH300067,purchase,110.41,mobile,2024-01-01 07:00:05,approved,False
TXN20240101002410,ACCT203096,MERCH300019,deposit,16.29,mobile,2024-01-01 10:02:49,approved,False
TXN20240101002411,ACCT200354,MERCH300237,purchase,17.12,in_person,2024-01-01 11:52:12,approved,False
TXN20240101002412,ACCT202941,MERCH300149,deposit,40.18,mobile,2024-01-01 07:47:44,approved,False
TXN20240101002413,ACCT201793,MERCH300083,purchase,55.92,mobile,2024-01-01 14:47:43,approved,False
TXN20240101002414,ACCT201022,MERCH300110,purchase,47.71,in_person,2024-01-01 11:51:07,approved,False
TXN20240101002415,ACCT203331,MERCH300242,deposit,31.09,in_person,2024-01-01 18:38:06,approved,False
TXN20240101002416,ACCT202450,MERCH300045,purchase,9.43,in_person,2024-01-01 18:20:50,approved,False
TXN20240101002417,ACCT205653,MERCH300108,purchase,49.24,in_person,2024-01-01 15:35:00,approved,False
TXN20240101002418,ACCT206313,MERCH300114,purchase,15.19,in_person,2024-01-01 02:38:13,approved,False
TXN20240101002419,ACCT200906,MERCH300232,purchase,35.21,atm,2024-01-01 21:50:59,approved,False
TXN20240101002420,ACCT200941,MERCH300102,purchase,22.58,in_person,2024-01-01 16:31:06,approved,False
TXN20240101002421,ACCT206205,MERCH300019,purchase,163.3,atm,2024-01-01 17:03:36,approved,False
TXN20240101002422,ACCT203792,MERCH300271,purchase,203.63,web,2024-01-01 15:37:22,approved,False
TXN20240101002423,ACCT205465,MERCH300286,purchase,6.51,web,2024-01-01 12:44:25,approved,False
TXN20240101002424,ACCT204460,MERCH300290,purchase,22.5,mobile,2024-01-01 13:56:07,approved,False
TXN20240101002425,ACCT200930,MERCH300052,transfer,84.34,mobile,2024-01-01 02:10:35,approved,False
TXN20240101002426,ACCT203923,MERCH300066,purchase,49.19,atm,2024-01-01 22:51:20,approved,False
TXN20240101002427,ACCT205434,MERCH300266,purchase,55.39,in_person,2024-01-01 19:01:40,approved,False
TXN20240101002428,ACCT200223,MERCH300008,purchase,20.32,web,2024-01-01 21:43:47,approved,False
TXN20240101002429,ACCT205187,MERCH300046,deposit,13.23,in_person,2024-01-01 17:18:29,approved,False
TXN20240101002430,ACCT202187,MERCH300201,purchase,216.79,in_person,2024-01-01 06:07:01,declined,False
TXN20240101002431,ACCT205856,MERCH300072,purchase,47.06,in_person,2024-01-01 08:19:39,declined,False
TXN20240101002432,ACCT202445,MERCH300011,deposit,59.16,mobile,2024-01-01 20:33:29,approved,False
TXN20240101002433,ACCT205501,MERCH300168,purchase,52.89,in_person,2024-01-01 05:11:42,reversed,False
TXN20240101002434,ACCT204022,MERCH300105,purchase,19.53,mobile,2024-01-01 14:33:47,approved,False
TXN20240101002435,ACCT201435,MERCH300249,withdrawal,58.19,mobile,2024-01-01 15:42:10,approved,False
TXN20240101002436,ACCT202936,MERCH300261,purchase,127.53,web,2024-01-01 04:52:06,approved,False
TXN20240101002437,ACCT205333,MERCH300226,purchase,13.59,web,2024-01-01 02:33:25,approved,False
TXN20240101002438,ACCT201976,MERCH300061,purchase,53.01,mobile,2024-01-01 00:36:54,approved,False
TXN20240101002439,ACCT205250,MERCH300191,deposit,58.03,in_person,2024-01-01 18:55:18,approved,False
TXN20240101002440,ACCT200826,MERCH300256,deposit,71.62,web,2024-01-01 06:02:25,approved,False
TXN20240101002441,ACCT202122,MERCH300256,purchase,17.11,in_person,2024-01-01 05:45:47,approved,False
TXN20240101002442,ACCT203862,MERCH300103,purchase,80.83,in_person,2024-01-01 21:58:48,approved,False
TXN20240101002443,ACCT201343,MERCH300293,purchase,12.12,web,2024-01-01 14:49:46,approved,False
TXN20240101002444,ACCT202369,MERCH300152,deposit,18.63,in_person,2024-01-01 00:55:56,approved,False
TXN20240101002445,ACCT205630,MERCH300089,withdrawal,55.27,web,2024-01-01 07:54:48,approved,False
TXN20240101002446,ACCT205356,MERCH300121,purchase,27.19,mobile,2024-01-01 11:35:09,approved,False
TXN20240101002447,ACCT203754,MERCH300080,deposit,21.6,web,2024-01-01 11:48:26,approved,False
TXN20240101002448,ACCT200721,MERCH300250,deposit,103.18,in_person,2024-01-01 18:21:46,approved,False
TXN20240101002449,ACCT202242,MERCH300046,purchase,37.64,in_person,2024-01-01 19:07:34,approved,False
TXN20240101002450,ACCT201472,MERCH300167,withdrawal,17.72,in_person,2024-01-01 00:05:08,approved,False
TXN20240101002451,ACCT200535,MERCH300022,transfer,20.84,web,2024-01-01 06:11:42,approved,False
TXN20240101002452,ACCT206304,MERCH300132,purchase,132.94,web,2024-01-01 14:43:10,approved,False
TXN20240101002453,ACCT203449,MERCH300165,deposit,50.07,mobile,2024-01-01 00:24:19,approved,False
TXN20240101002454,ACCT202868,MERCH300105,purchase,38.35,in_person,2024-01-01 13:48:58,approved,True
TXN20240101002455,ACCT203746,MERCH300013,purchase,16.37,mobile,2024-01-01 01:19:58,approved,False
TXN20240101002456,ACCT204401,MERCH300215,deposit,16.94,in_person,2024-01-01 13:47:01,approved,False
TXN20240101002457,ACCT203505,MERCH300074,deposit,17.39,web,2024-01-01 01:53:22,approved,False
TXN20240101002458,ACCT203139,MERCH300056,purchase,11.5,mobile,2024-01-01 17:19:19,approved,False
TXN20240101002459,ACCT201103,MERCH300116,transfer,46.46,mobile,2024-01-01 11:31:32,approved,False
TXN20240101002460,ACCT205461,MERCH300195,withdrawal,15.64,web,2024-01-01 22:32:49,approved,False
TXN20240101002461,ACCT203011,MERCH300089,transfer,37.86,in_person,2024-01-01 01:52:49,approved,False
TXN20240101002462,ACCT203989,MERCH300049,purchase,232.7,web,2024-01-01 20:22:08,approved,False
TXN20240101002463,ACCT201826,MERCH300264,deposit,90.07,mobile,2024-01-01 09:23:44,approved,False
TXN20240101002464,ACCT202362,MERCH300016,withdrawal,19.39,in_person,2024-01-01 11:46:01,approved,False
TXN20240101002465,ACCT202493,MERCH300221,transfer,14.97,in_person,2024-01-01 16:54:30,approved,False
TXN20240101002466,ACCT204069,MERCH300040,purchase,15.12,web,2024-01-01 14:01:34,approved,False
TXN20240101002467,ACCT205650,MERCH300105,purchase,28.25,mobile,2024-01-01 21:04:24,approved,False
TXN20240101002468,ACCT200374,MERCH300030,purchase,36.82,web,2024-01-01 19:56:52,approved,False
TXN20240101002469,ACCT203549,MERCH300282,purchase,32.92,in_person,2024-01-01 05:26:38,approved,False
TXN20240101002470,ACCT201127,MERCH300276,deposit,36.61,mobile,2024-01-01 06:33:58,approved,False
TXN20240101002471,ACCT202310,MERCH300211,purchase,54.37,mobile,2024-01-01 21:54:26,approved,False
TXN20240101002472,ACCT204142,MERCH300273,purchase,61.88,mobile,2024-01-01 19:23:24,approved,False
TXN20240101002473,ACCT206010,MERCH300127,purchase,43.86,in_person,2024-01-01 23:26:35,approved,False
TXN20240101002474,ACCT203335,MERCH300045,withdrawal,109.4,in_person,2024-01-01 21:50:14,approved,False
TXN20240101002475,ACCT204709,MERCH300074,purchase,61.79,web,2024-01-01 15:43:47,approved,False
TXN20240101002476,ACCT200943,MERCH300240,transfer,525.46,mobile,2024-01-01 23:41:18,approved,False
TXN20240101002477,ACCT202097,MERCH300155,purchase,85.04,web,2024-01-01 17:21:07,approved,False
TXN20240101002478,ACCT205436,MERCH300002,purchase,59.16,in_person,2024-01-01 21:42:28,approved,False
TXN20240101002479,ACCT206404,MERCH300123,purchase,104.31,mobile,2024-01-01 11:49:41,approved,False
TXN20240101002480,ACCT202949,MERCH300145,purchase,21.88,web,2024-01-01 23:54:32,approved,False
TXN20240101002481,ACCT202076,MERCH300097,withdrawal,14.17,atm,2024-01-01 01:37:03,approved,False
TXN20240101002482,ACCT201546,MERCH300041,withdrawal,29.54,web,2024-01-01 21:52:00,approved,False
TXN20240101002483,ACCT200490,MERCH300092,purchase,103.39,web,2024-01-01 23:48:44,approved,False
TXN20240101002484,ACCT205654,MERCH300080,transfer,15.27,in_person,2024-01-01 18:43:59,approved,False
TXN20240101002485,ACCT201063,MERCH300010,deposit,94.39,in_person,2024-01-01 22:32:12,reversed,False
TXN20240101002486,ACCT205512,MERCH300148,withdrawal,10.02,atm,2024-01-01 10:26:57,approved,False
TXN20240101002487,ACCT202526,MERCH300254,withdrawal,71.24,mobile,2024-01-01 07:38:29,approved,False
TXN20240101002488,ACCT202015,MERCH300009,purchase,44.73,web,2024-01-01 03:53:08,approved,False
TXN20240101002489,ACCT202616,MERCH300280,purchase,54.09,web,2024-01-01 04:31:16,approved,False
TXN20240101002490,ACCT205552,MERCH300247,purchase,38.64,in_person,2024-01-01 20:41:57,approved,False
TXN20240101002491,ACCT200948,MERCH300014,purchase,8.86,mobile,2024-01-01 01:34:19,approved,False
TXN20240101002492,ACCT200021,MERCH300198,purchase,83.74,in_person,2024-01-01 04:38:50,approved,False
TXN20240101002493,ACCT204899,MERCH300119,purchase,51.71,web,2024-01-01 11:41:37,approved,False
TXN20240101002494,ACCT201532,MERCH300295,purchase,205.55,web,2024-01-01 08:03:48,approved,False
TXN20240101002495,ACCT206337,MERCH300039,purchase,143.8,web,2024-01-01 22:07:25,approved,False
TXN20240101002496,ACCT203114,MERCH300089,transfer,38.64,web,2024-01-01 00:02:06,approved,False
TXN20240101002497,ACCT205631,MERCH300242,purchase,29.34,atm,2024-01-01 00:46:29,approved,False
TXN20240101002498,ACCT202121,MERCH300273,purchase,68.33,mobile,2024-01-01 06:53:56,declined,False
TXN20240101002499,ACCT203364,MERCH300088,purchase,10.82,atm,2024-01-01 14:21:59,approved,False
TXN20240101002500,ACCT205150,MERCH300155,purchase,151.44,web,2024-01-01 08:04:24,approved,False
TXN20240101002501,ACCT200338,MERCH300246,purchase,4.88,in_person,2024-01-01 20:00:07,approved,False
TXN20240101002502,ACCT206410,MERCH300264,purchase,35.3,atm,2024-01-01 02:26:12,reversed,False
TXN20240101002503,ACCT204510,MERCH300106,purchase,53.91,in_person,2024-01-01 09:38:23,approved,False
TXN20240101002504,ACCT202945,MERCH300204,purchase,50.83,atm,2024-01-01 15:19:58,approved,False
TXN20240101002505,ACCT201088,MERCH300262,purchase,26.05,in_person,2024-01-01 14:36:31,approved,False
TXN20240101002506,ACCT205752,MERCH300141,purchase,14.12,mobile,2024-01-01 12:09:29,approved,False
TXN20240101002507,ACCT205553,MERCH300296,deposit,391.39,mobile,2024-01-01 10:43:48,approved,False
TXN20240101002508,ACCT202860,MERCH300168,purchase,101.64,mobile,2024-01-01 02:19:10,approved,False
TXN20240101002509,ACCT206360,MERCH300053,purchase,28.61,mobile,2024-01-01 01:59:16,declined,False
TXN20240101002510,ACCT204570,MERCH300287,purchase,45.34,in_person,2024-01-01 01:46:44,approved,False
TXN20240101002511,ACCT205094,MERCH300262,deposit,25.19,web,2024-01-01 12:27:23,approved,False
TXN20240101002512,ACCT203456,MERCH300221,purchase,71.33,in_person,2024-01-01 21:56:35,declined,False
TXN20240101002513,ACCT203736,MERCH300210,purchase,393.95,atm,2024-01-01 02:58:49,approved,False
TXN20240101002514,ACCT203170,MERCH300166,purchase,143.48,web,2024-01-01 01:11:44,approved,False
TXN20240101002515,ACCT204447,MERCH300088,deposit,468.17,in_person,2024-01-01 16:34:31,approved,False
TXN20240101002516,ACCT202236,MERCH300052,purchase,32.04,in_person,2024-01-01 12:39:04,approved,False
TXN20240101002517,ACCT205764,MERCH300266,purchase,7.15,mobile,2024-01-01 07:21:51,approved,False
TXN20240101002518,ACCT205881,MERCH300134,purchase,27.84,mobile,2024-01-01 00:59:05,approved,False
TXN20240101002519,ACCT205795,MERCH300068,withdrawal,80.52,atm,2024-01-01 19:40:03,approved,False
TXN20240101002520,ACCT204401,MERCH300110,purchase,8.75,in_person,2024-01-01 15:45:12,approved,False
TXN20240101002521,ACCT202309,MERCH300121,purchase,80.94,mobile,2024-01-01 14:11:17,approved,False
TXN20240101002522,ACCT200955,MERCH300273,purchase,4.71,web,2024-01-01 05:54:47,approved,False
TXN20240101002523,ACCT202216,MERCH300203,purchase,15.05,mobile,2024-01-01 22:57:33,approved,False
TXN20240101002524,ACCT201345,MERCH300053,purchase,22.39,mobile,2024-01-01 01:54:55,approved,False
TXN20240101002525,ACCT204292,MERCH300282,deposit,254.96,in_person,2024-01-01 17:26:07,approved,False
TXN20240101002526,ACCT200170,MERCH300010,purchase,25.66,web,2024-01-01 17:56:58,approved,False
TXN20240101002527,ACCT204864,MERCH300172,purchase,11.23,in_person,2024-01-01 17:00:28,approved,False
TXN20240101002528,ACCT203043,MERCH300251,purchase,24.85,web,2024-01-01 14:12:35,declined,False
TXN20240101002529,ACCT205726,MERCH300286,purchase,6.6,in_person,2024-01-01 07:39:01,approved,False
TXN20240101002530,ACCT205546,MERCH300169,purchase,9.99,in_person,2024-01-01 10:46:43,declined,False
TXN20240101002531,ACCT206018,MERCH300282,purchase,37.18,in_person,2024-01-01 10:07:30,approved,False
TXN20240101002532,ACCT206306,MERCH300029,withdrawal,65.17,in_person,2024-01-01 20:17:44,declined,False
TXN20240101002533,ACCT204397,MERCH300200,deposit,44.06,web,2024-01-01 17:05:55,approved,False
TXN20240101002534,ACCT201631,MERCH300277,purchase,198.79,web,2024-01-01 11:06:13,approved,False
TXN20240101002535,ACCT200127,MERCH300274,transfer,37.58,atm,2024-01-01 17:01:56,approved,False
TXN20240101002536,ACCT200214,MERCH300079,transfer,36.8,web,2024-01-01 23:59:28,approved,False
TXN20240101002537,ACCT205335,MERCH300219,purchase,17.17,mobile,2024-01-01 16:52:19,approved,False
TXN20240101002538,ACCT200172,MERCH300049,transfer,176.25,atm,2024-01-01 08:36:42,approved,False
TXN20240101002539,ACCT201954,MERCH300200,purchase,16.09,web,2024-01-01 00:02:00,declined,False
TXN20240101002540,ACCT206334,MERCH300264,purchase,98.73,mobile,2024-01-01 21:43:40,approved,False
TXN20240101002541,ACCT200335,MERCH300135,purchase,39.59,atm,2024-01-01 00:32:54,approved,False
TXN20240101002542,ACCT204435,MERCH300004,purchase,44.87,mobile,2024-01-01 12:46:12,approved,False
TXN20240101002543,ACCT202105,MERCH300037,purchase,52.92,in_person,2024-01-01 01:29:34,approved,False
TXN20240101002544,ACCT200935,MERCH300149,purchase,28.36,in_person,2024-01-01 21:00:47,approved,False
TXN20240101002545,ACCT203172,MERCH300202,purchase,38.1,in_person,2024-01-01 00:54:34,approved,False
TXN20240101002546,ACCT201330,MERCH300023,purchase,48.45,mobile,2024-01-01 16:52:55,approved,False
TXN20240101002547,ACCT202283,MERCH300121,purchase,41.79,mobile,2024-01-01 18:54:48,approved,False
TXN20240101002548,ACCT200978,MERCH300236,purchase,100.26,in_person,2024-01-01 17:39:16,approved,False
TXN20240101002549,ACCT205191,MERCH300206,transfer,164.78,web,2024-01-01 13:55:23,approved,False
TXN20240101002550,ACCT203982,MERCH300161,deposit,19.55,web,2024-01-01 14:04:40,approved,False
TXN20240101002551,ACCT204672,MERCH300114,purchase,22.33,mobile,2024-01-01 12:24:25,approved,False
TXN20240101002552,ACCT200866,MERCH300128,deposit,33.09,in_person,2024-01-01 18:19:23,approved,False
TXN20240101002553,ACCT203272,MERCH300195,deposit,27.24,in_person,2024-01-01 02:28:51,approved,False
TXN20240101002554,ACCT201252,MERCH300102,purchase,61.67,web,2024-01-01 21:02:06,approved,False
TXN20240101002555,ACCT205504,MERCH300183,deposit,35.1,in_person,2024-01-01 18:49:29,approved,False
TXN20240101002556,ACCT204660,MERCH300051,transfer,78.19,mobile,2024-01-01 23:17:22,approved,True
TXN20240101002557,ACCT205765,MERCH300217,transfer,43.67,web,2024-01-01 02:07:44,approved,False
TXN20240101002558,ACCT205526,MERCH300001,purchase,30.56,web,2024-01-01 05:11:59,declined,False
TXN20240101002559,ACCT202761,MERCH300260,transfer,118.91,mobile,2024-01-01 05:06:54,reversed,False
TXN20240101002560,ACCT200074,MERCH300089,purchase,12.83,in_person,2024-01-01 09:41:21,approved,False
TXN20240101002561,ACCT203288,MERCH300052,withdrawal,102.09,in_person,2024-01-01 19:55:23,approved,False
TXN20240101002562,ACCT202229,MERCH300136,purchase,15.03,atm,2024-01-01 18:05:07,declined,False
TXN20240101002563,ACCT204665,MERCH300233,transfer,49.97,mobile,2024-01-01 16:01:53,approved,False
TXN20240101002564,ACCT202177,MERCH300048,transfer,34.48,in_person,2024-01-01 09:52:18,approved,False
TXN20240101002565,ACCT204319,MERCH300153,purchase,88.21,mobile,2024-01-01 02:22:19,approved,False
TXN20240101002566,ACCT205214,MERCH300020,purchase,108.03,web,2024-01-01 16:07:22,approved,False
TXN20240101002567,ACCT202516,MERCH300183,purchase,190.58,web,2024-01-01 01:11:55,approved,True
TXN20240101002568,ACCT203575,MERCH300277,purchase,24.1,mobile,2024-01-01 04:40:59,approved,False
TXN20240101002569,ACCT204264,MERCH300287,deposit,77.04,in_person,2024-01-01 09:05:18,approved,False
TXN20240101002570,ACCT202878,MERCH300203,withdrawal,47.3,web,2024-01-01 18:24:38,approved,False
TXN20240101002571,ACCT204864,MERCH300007,transfer,36.01,in_person,2024-01-01 14:58:14,approved,False
TXN20240101002572,ACCT204522,MERCH300296,transfer,43.1,web,2024-01-01 02:25:27,approved,False
TXN20240101002573,ACCT201870,MERCH300238,purchase,15.45,web,2024-01-01 05:09:43,approved,False
TXN20240101002574,ACCT205987,MERCH300080,purchase,22.39,atm,2024-01-01 20:45:30,approved,False
TXN20240101002575,ACCT206189,MERCH300040,purchase,13.83,web,2024-01-01 14:25:55,approved,False
TXN20240101002576,ACCT203256,MERCH300241,purchase,29.77,mobile,2024-01-01 15:23:30,approved,False
TXN20240101002577,ACCT201060,MERCH300289,transfer,142.73,in_person,2024-01-01 08:15:46,approved,False
TXN20240101002578,ACCT205722,MERCH300272,transfer,57.84,web,2024-01-01 19:45:27,approved,False
TXN20240101002579,ACCT203916,MERCH300034,purchase,125.74,mobile,2024-01-01 14:29:44,approved,False
TXN20240101002580,ACCT205641,MERCH300036,purchase,120.12,in_person,2024-01-01 01:29:49,approved,False
TXN20240101002581,ACCT204135,MERCH300097,purchase,121.88,atm,2024-01-01 17:46:58,declined,False
TXN20240101002582,ACCT203413,MERCH300006,withdrawal,64.99,mobile,2024-01-01 06:21:20,approved,False
TXN20240101002583,ACCT200901,MERCH300240,purchase,18.0,mobile,2024-01-01 20:39:33,approved,False
TXN20240101002584,ACCT201020,MERCH300199,purchase,21.03,in_person,2024-01-01 15:10:42,approved,False
TXN20240101002585,ACCT202703,MERCH300029,withdrawal,42.92,web,2024-01-01 04:34:53,approved,False
TXN20240101002586,ACCT205909,MERCH300105,transfer,35.39,in_person,2024-01-01 00:25:06,approved,False
TXN20240101002587,ACCT200941,MERCH300087,purchase,69.32,atm,2024-01-01 02:30:02,approved,False
TXN20240101002588,ACCT205036,MERCH300283,purchase,156.04,in_person,2024-01-01 05:21:05,approved,False
TXN20240101002589,ACCT205187,MERCH300168,purchase,9.3,mobile,2024-01-01 02:07:07,approved,False
TXN20240101002590,ACCT204991,MERCH300127,transfer,31.61,web,2024-01-01 15:55:16,approved,False
TXN20240101002591,ACCT202337,MERCH300217,deposit,68.24,mobile,2024-01-01 03:24:16,approved,False
TXN20240101002592,ACCT203932,MERCH300281,purchase,18.06,atm,2024-01-01 10:44:06,approved,False
TXN20240101002593,ACCT203684,MERCH300135,purchase,102.93,mobile,2024-01-01 07:54:56,approved,False
TXN20240101002594,ACCT202264,MERCH300295,deposit,424.52,in_person,2024-01-01 15:26:48,approved,False
TXN20240101002595,ACCT200108,MERCH300166,purchase,22.82,mobile,2024-01-01 00:49:11,approved,False
TXN20240101002596,ACCT203560,MERCH300128,purchase,6.45,web,2024-01-01 09:26:23,approved,False
TXN20240101002597,ACCT202365,MERCH300231,purchase,4.9,mobile,2024-01-01 19:03:22,approved,False
TXN20240101002598,ACCT204117,MERCH300002,purchase,30.88,in_person,2024-01-01 05:52:50,approved,False
TXN20240101002599,ACCT203560,MERCH300159,transfer,23.82,mobile,2024-01-01 20:50:02,approved,False
TXN20240101002600,ACCT205293,MERCH300106,purchase,48.68,web,2024-01-01 04:33:51,approved,False
TXN20240101002601,ACCT200229,MERCH300205,transfer,31.22,mobile,2024-01-01 17:49:04,approved,False
TXN20240101002602,ACCT201171,MERCH300295,transfer,41.87,web,2024-01-01 06:40:31,approved,False
TXN20240101002603,ACCT202848,MERCH300020,withdrawal,209.54,web,2024-01-01 08:48:34,approved,False
TXN20240101002604,ACCT201368,MERCH300149,purchase,67.25,in_person,2024-01-01 12:03:12,approved,False
TXN20240101002605,ACCT202302,MERCH300238,purchase,88.95,in_person,2024-01-01 16:48:05,approved,False
TXN20240101002606,ACCT204427,MERCH300248,deposit,376.64,atm,2024-01-01 12:12:25,declined,False
TXN20240101002607,ACCT205946,MERCH300180,purchase,65.78,mobile,2024-01-01 13:58:53,approved,False
TXN20240101002608,ACCT204429,MERCH300151,purchase,58.1,in_person,2024-01-01 06:57:33,approved,False
TXN20240101002609,ACCT206403,MERCH300130,withdrawal,23.32,web,2024-01-01 15:03:53,approved,False
TXN20240101002610,ACCT202965,MERCH300159,withdrawal,33.51,mobile,2024-01-01 01:39:20,approved,False
TXN20240101002611,ACCT205595,MERCH300128,purchase,23.21,web,2024-01-01 02:23:37,approved,False
TXN20240101002612,ACCT201508,MERCH300243,purchase,60.79,web,2024-01-01 03:15:52,approved,False
TXN20240101002613,ACCT200504,MERCH300125,purchase,39.06,mobile,2024-01-01 20:58:23,approved,False
TXN20240101002614,ACCT202598,MERCH300126,purchase,24.21,in_person,2024-01-01 14:24:59,approved,False
TXN20240101002615,ACCT203280,MERCH300280,purchase,42.24,web,2024-01-01 08:33:53,approved,False
TXN20240101002616,ACCT204929,MERCH300131,deposit,139.02,web,2024-01-01 15:18:35,approved,False
TXN20240101002617,ACCT203926,MERCH300091,transfer,87.22,web,2024-01-01 06:40:29,approved,False
TXN20240101002618,ACCT202261,MERCH300251,withdrawal,56.22,in_person,2024-01-01 17:15:10,approved,False
TXN20240101002619,ACCT202639,MERCH300221,purchase,57.45,in_person,2024-01-01 09:21:11,approved,False
TXN20240101002620,ACCT200404,MERCH300050,withdrawal,15.5,atm,2024-01-01 14:42:52,approved,False
TXN20240101002621,ACCT203300,MERCH300087,purchase,120.58,mobile,2024-01-01 05:12:20,approved,False
TXN20240101002622,ACCT204538,MERCH300157,transfer,55.17,atm,2024-01-01 00:47:55,approved,False
TXN20240101002623,ACCT200367,MERCH300139,purchase,68.18,mobile,2024-01-01 23:58:21,approved,False
TXN20240101002624,ACCT205995,MERCH300134,purchase,41.49,in_person,2024-01-01 15:42:15,reversed,False
TXN20240101002625,ACCT206441,MERCH300210,purchase,107.82,web,2024-01-01 15:21:34,approved,False
TXN20240101002626,ACCT202252,MERCH300191,purchase,34.13,web,2024-01-01 14:10:18,approved,False
TXN20240101002627,ACCT205652,MERCH300032,purchase,180.17,in_person,2024-01-01 21:33:24,approved,False
TXN20240101002628,ACCT203190,MERCH300159,transfer,15.83,in_person,2024-01-01 00:26:27,approved,False
TXN20240101002629,ACCT203279,MERCH300157,withdrawal,121.48,in_person,2024-01-01 22:14:49,approved,False
TXN20240101002630,ACCT200151,MERCH300036,purchase,23.48,in_person,2024-01-01 11:22:50,approved,False
TXN20240101002631,ACCT206283,MERCH300068,withdrawal,12.99,in_person,2024-01-01 13:58:37,approved,False
TXN20240101002632,ACCT204241,MERCH300155,purchase,54.3,mobile,2024-01-01 22:10:56,approved,False
TXN20240101002633,ACCT204529,MERCH300125,purchase,28.04,atm,2024-01-01 19:15:15,approved,False
TXN20240101002634,ACCT205877,MERCH300170,purchase,1.56,web,2024-01-01 08:20:39,approved,False
TXN20240101002635,ACCT202201,MERCH300144,purchase,39.92,in_person,2024-01-01 21:54:24,approved,False
TXN20240101002636,ACCT203507,MERCH300203,transfer,201.61,in_person,2024-01-01 01:21:25,approved,False
TXN20240101002637,ACCT200501,MERCH300053,purchase,28.99,mobile,2024-01-01 03:17:43,approved,False
TXN20240101002638,ACCT200419,MERCH300098,withdrawal,21.02,in_person,2024-01-01 05:17:20,approved,False
TXN20240101002639,ACCT203388,MERCH300164,withdrawal,16.11,mobile,2024-01-01 06:56:14,approved,False
TXN20240101002640,ACCT206330,MERCH300039,transfer,10.26,in_person,2024-01-01 16:21:28,approved,False
TXN20240101002641,ACCT204450,MERCH300027,deposit,8.46,mobile,2024-01-01 09:22:05,approved,False
TXN20240101002642,ACCT205143,MERCH300059,purchase,88.19,mobile,2024-01-01 20:21:33,approved,False
TXN20240101002643,ACCT204385,MERCH300096,purchase,73.36,in_person,2024-01-01 14:52:42,approved,False
TXN20240101002644,ACCT206045,MERCH300029,withdrawal,58.88,atm,2024-01-01 14:42:09,reversed,False
TXN20240101002645,ACCT204249,MERCH300279,purchase,230.31,web,2024-01-01 18:35:24,approved,False
TXN20240101002646,ACCT204621,MERCH300179,transfer,87.66,in_person,2024-01-01 09:12:16,approved,False
TXN20240101002647,ACCT202505,MERCH300276,transfer,104.74,web,2024-01-01 08:06:07,approved,False
TXN20240101002648,ACCT202262,MERCH300193,withdrawal,26.16,web,2024-01-01 02:05:07,approved,False
TXN20240101002649,ACCT206356,MERCH300099,purchase,32.48,atm,2024-01-01 20:17:28,approved,False
TXN20240101002650,ACCT204625,MERCH300109,purchase,46.36,in_person,2024-01-01 05:47:32,approved,False
TXN20240101002651,ACCT202143,MERCH300130,deposit,81.79,mobile,2024-01-01 15:45:33,approved,False
TXN20240101002652,ACCT203396,MERCH300247,purchase,29.95,mobile,2024-01-01 18:46:03,approved,False
TXN20240101002653,ACCT200084,MERCH300039,purchase,80.67,mobile,2024-01-01 08:40:01,approved,False
TXN20240101002654,ACCT203867,MERCH300243,withdrawal,6.31,in_person,2024-01-01 03:30:07,approved,False
TXN20240101002655,ACCT203965,MERCH300005,purchase,45.14,in_person,2024-01-01 16:21:47,approved,False
TXN20240101002656,ACCT203332,MERCH300285,transfer,45.6,mobile,2024-01-01 07:43:38,approved,False
TXN20240101002657,ACCT205186,MERCH300041,purchase,171.32,web,2024-01-01 20:11:29,approved,False
TXN20240101002658,ACCT204247,MERCH300200,deposit,52.42,atm,2024-01-01 10:04:01,approved,False
TXN20240101002659,ACCT205551,MERCH300206,purchase,6.1,web,2024-01-01 08:49:01,approved,False
TXN20240101002660,ACCT202432,MERCH300037,purchase,110.66,web,2024-01-01 17:28:23,approved,False
TXN20240101002661,ACCT201704,MERCH300272,transfer,50.52,atm,2024-01-01 09:37:51,approved,False
TXN20240101002662,ACCT202306,MERCH300086,transfer,42.1,mobile,2024-01-01 19:57:06,approved,False
TXN20240101002663,ACCT203476,MERCH300165,purchase,49.26,web,2024-01-01 16:40:35,declined,False
TXN20240101002664,ACCT206304,MERCH300235,purchase,223.33,mobile,2024-01-01 21:45:34,approved,False
TXN20240101002665,ACCT202552,MERCH300115,purchase,20.08,in_person,2024-01-01 10:28:57,approved,False
TXN20240101002666,ACCT202827,MERCH300027,purchase,72.07,web,2024-01-01 02:19:17,approved,False
TXN20240101002667,ACCT200548,MERCH300161,purchase,25.46,in_person,2024-01-01 04:21:16,approved,False
TXN20240101002668,ACCT204385,MERCH300016,purchase,16.45,atm,2024-01-01 00:54:36,approved,False
TXN20240101002669,ACCT204912,MERCH300031,purchase,11.07,atm,2024-01-01 20:22:24,approved,False
TXN20240101002670,ACCT205601,MERCH300215,transfer,8.17,mobile,2024-01-01 05:56:10,approved,False
TXN20240101002671,ACCT204679,MERCH300120,transfer,6.7,web,2024-01-01 04:01:39,approved,False
TXN20240101002672,ACCT205445,MERCH300210,purchase,10.55,mobile,2024-01-01 14:17:57,approved,False
TXN20240101002673,ACCT204976,MERCH300076,withdrawal,15.93,in_person,2024-01-01 05:56:54,approved,False
TXN20240101002674,ACCT204943,MERCH300222,purchase,152.32,web,2024-01-01 23:34:06,approved,False
TXN20240101002675,ACCT204089,MERCH300034,purchase,76.24,mobile,2024-01-01 20:21:47,approved,False
TXN20240101002676,ACCT201266,MERCH300093,purchase,50.86,in_person,2024-01-01 10:10:42,approved,False
TXN20240101002677,ACCT203314,MERCH300177,withdrawal,23.19,in_person,2024-01-01 15:28:38,approved,False
TXN20240101002678,ACCT204222,MERCH300163,transfer,10.19,mobile,2024-01-01 09:57:27,approved,False
TXN20240101002679,ACCT201560,MERCH300146,purchase,51.34,mobile,2024-01-01 10:21:47,approved,False
TXN20240101002680,ACCT201818,MERCH300004,purchase,34.66,web,2024-01-01 11:28:34,approved,False
TXN20240101002681,ACCT204758,MERCH300000,purchase,70.7,mobile,2024-01-01 09:21:05,approved,False
TXN20240101002682,ACCT202992,MERCH300187,deposit,76.35,atm,2024-01-01 10:51:07,approved,False
TXN20240101002683,ACCT204520,MERCH300242,withdrawal,33.88,in_person,2024-01-01 04:41:43,approved,False
TXN20240101002684,ACCT202426,MERCH300271,purchase,6.19,mobile,2024-01-01 15:37:24,approved,False
TXN20240101002685,ACCT200347,MERCH300138,transfer,14.04,web,2024-01-01 01:40:34,approved,False
TXN20240101002686,ACCT204155,MERCH300153,purchase,76.31,web,2024-01-01 21:24:48,approved,False
TXN20240101002687,ACCT200328,MERCH300179,purchase,100.07,in_person,2024-01-01 21:48:16,approved,False
TXN20240101002688,ACCT205688,MERCH300086,purchase,3.78,web,2024-01-01 04:36:53,approved,False
TXN20240101002689,ACCT203045,MERCH300019,purchase,55.96,mobile,2024-01-01 01:04:14,approved,False
TXN20240101002690,ACCT203604,MERCH300151,purchase,4.91,web,2024-01-01 11:22:26,approved,False
TXN20240101002691,ACCT201113,MERCH300143,transfer,43.97,in_person,2024-01-01 01:52:17,approved,False
TXN20240101002692,ACCT205967,MERCH300109,transfer,49.09,in_person,2024-01-01 09:15:41,approved,False
TXN20240101002693,ACCT202018,MERCH300244,deposit,9.46,mobile,2024-01-01 18:57:07,approved,False
TXN20240101002694,ACCT204957,MERCH300238,purchase,64.96,web,2024-01-01 07:48:20,approved,False
TXN20240101002695,ACCT200197,MERCH300098,purchase,46.87,in_person,2024-01-01 21:59:16,approved,False
TXN20240101002696,ACCT205757,MERCH300128,purchase,80.15,atm,2024-01-01 00:47:43,approved,False
TXN20240101002697,ACCT204979,MERCH300026,purchase,34.03,in_person,2024-01-01 17:07:04,approved,False
TXN20240101002698,ACCT205914,MERCH300179,purchase,29.95,mobile,2024-01-01 12:11:38,approved,False
TXN20240101002699,ACCT206051,MERCH300225,transfer,116.75,in_person,2024-01-01 05:29:40,approved,False
TXN20240101002700,ACCT202816,MERCH300092,purchase,26.49,in_person,2024-01-01 10:21:43,approved,False
TXN20240101002701,ACCT206367,MERCH300159,deposit,4.65,in_person,2024-01-01 06:56:30,approved,False
TXN20240101002702,ACCT202860,MERCH300261,transfer,391.33,mobile,2024-01-01 14:50:38,approved,False
TXN20240101002703,ACCT205852,MERCH300204,purchase,12.25,mobile,2024-01-01 23:45:07,approved,False
TXN20240101002704,ACCT205680,MERCH300102,purchase,18.77,in_person,2024-01-01 12:56:33,approved,False
TXN20240101002705,ACCT201390,MERCH300134,withdrawal,44.84,mobile,2024-01-01 16:03:41,approved,False
TXN20240101002706,ACCT203001,MERCH300035,purchase,63.88,mobile,2024-01-01 14:42:14,approved,False
TXN20240101002707,ACCT201038,MERCH300082,purchase,61.96,web,2024-01-01 19:52:10,approved,False
TXN20240101002708,ACCT206468,MERCH300113,purchase,80.02,web,2024-01-01 13:58:17,approved,False
TXN20240101002709,ACCT201925,MERCH300215,transfer,64.18,web,2024-01-01 10:50:29,approved,False
TXN20240101002710,ACCT201577,MERCH300003,purchase,24.29,in_person,2024-01-01 02:48:02,approved,False
TXN20240101002711,ACCT204186,MERCH300156,purchase,7.53,mobile,2024-01-01 18:46:55,approved,False
TXN20240101002712,ACCT202896,MERCH300026,deposit,79.39,mobile,2024-01-01 21:07:39,approved,False
TXN20240101002713,ACCT203024,MERCH300221,transfer,23.94,mobile,2024-01-01 23:24:45,approved,False
TXN20240101002714,ACCT204177,MERCH300026,withdrawal,22.03,mobile,2024-01-01 17:52:50,approved,False
TXN20240101002715,ACCT203133,MERCH300168,transfer,73.15,mobile,2024-01-01 08:37:35,approved,False
TXN20240101002716,ACCT204729,MERCH300224,deposit,38.52,mobile,2024-01-01 16:15:46,approved,False
TXN20240101002717,ACCT205546,MERCH300183,transfer,26.46,atm,2024-01-01 07:42:35,declined,False
TXN20240101002718,ACCT201793,MERCH300269,transfer,198.84,web,2024-01-01 21:01:46,approved,False
TXN20240101002719,ACCT203399,MERCH300292,purchase,34.15,mobile,2024-01-01 01:23:03,approved,False
TXN20240101002720,ACCT201291,MERCH300010,transfer,120.38,mobile,2024-01-01 21:45:49,approved,False
TXN20240101002721,ACCT200380,MERCH300127,transfer,39.5,in_person,2024-01-01 17:47:25,approved,False
TXN20240101002722,ACCT203295,MERCH300023,purchase,8.88,web,2024-01-01 21:30:28,approved,False
TXN20240101002723,ACCT204889,MERCH300255,withdrawal,6.18,mobile,2024-01-01 05:16:18,approved,False
TXN20240101002724,ACCT201799,MERCH300137,purchase,18.31,in_person,2024-01-01 12:29:24,approved,False
TXN20240101002725,ACCT203909,MERCH300034,purchase,52.46,web,2024-01-01 06:11:28,approved,False
TXN20240101002726,ACCT203293,MERCH300184,purchase,33.28,in_person,2024-01-01 17:56:22,approved,False
TXN20240101002727,ACCT203811,MERCH300118,withdrawal,25.71,in_person,2024-01-01 15:51:57,approved,False
TXN20240101002728,ACCT201768,MERCH300268,purchase,38.6,web,2024-01-01 16:43:30,approved,False
TXN20240101002729,ACCT204357,MERCH300127,purchase,8.28,in_person,2024-01-01 17:20:47,approved,False
TXN20240101002730,ACCT202064,MERCH300016,deposit,110.92,mobile,2024-01-01 01:08:57,approved,False
TXN20240101002731,ACCT205964,MERCH300151,purchase,145.63,web,2024-01-01 09:03:36,approved,False
TXN20240101002732,ACCT201821,MERCH300117,deposit,40.14,in_person,2024-01-01 06:22:20,approved,False
TXN20240101002733,ACCT202807,MERCH300070,purchase,10.72,in_person,2024-01-01 22:49:42,approved,False
TXN20240101002734,ACCT202005,MERCH300102,deposit,16.49,in_person,2024-01-01 12:22:00,declined,False
TXN20240101002735,ACCT201227,MERCH300192,purchase,13.55,web,2024-01-01 03:47:43,approved,False
TXN20240101002736,ACCT203766,MERCH300076,purchase,7.11,mobile,2024-01-01 09:10:00,approved,False
TXN20240101002737,ACCT203452,MERCH300227,purchase,86.88,web,2024-01-01 12:48:27,approved,False
TXN20240101002738,ACCT200461,MERCH300139,purchase,108.04,in_person,2024-01-01 07:04:16,approved,False
TXN20240101002739,ACCT202366,MERCH300281,withdrawal,5.56,web,2024-01-01 14:20:51,approved,False
TXN20240101002740,ACCT204792,MERCH300266,purchase,134.67,atm,2024-01-01 18:09:38,approved,False
TXN20240101002741,ACCT205099,MERCH300180,purchase,26.25,atm,2024-01-01 14:36:37,approved,False
TXN20240101002742,ACCT201844,MERCH300066,deposit,16.83,mobile,2024-01-01 13:11:39,approved,False
TXN20240101002743,ACCT201592,MERCH300220,purchase,106.14,in_person,2024-01-01 15:00:44,approved,False
TXN20240101002744,ACCT205629,MERCH300160,purchase,12.76,in_person,2024-01-01 06:19:09,approved,False
TXN20240101002745,ACCT205761,MERCH300167,transfer,45.59,web,2024-01-01 15:00:00,approved,False
TXN20240101002746,ACCT201979,MERCH300038,purchase,127.09,web,2024-01-01 01:22:55,approved,False
TXN20240101002747,ACCT206193,MERCH300175,purchase,15.2,mobile,2024-01-01 19:15:32,approved,False
TXN20240101002748,ACCT205760,MERCH300008,purchase,28.73,in_person,2024-01-01 09:55:40,approved,False
TXN20240101002749,ACCT202861,MERCH300048,purchase,142.62,atm,2024-01-01 19:31:21,approved,False
TXN20240101002750,ACCT202215,MERCH300057,purchase,37.47,mobile,2024-01-01 06:26:50,approved,False
TXN20240101002751,ACCT205470,MERCH300174,purchase,63.99,atm,2024-01-01 23:36:03,approved,False
TXN20240101002752,ACCT203619,MERCH300160,purchase,14.99,mobile,2024-01-01 12:08:26,approved,False
TXN20240101002753,ACCT200148,MERCH300039,purchase,153.49,web,2024-01-01 22:08:38,approved,False
TXN20240101002754,ACCT201473,MERCH300194,purchase,4.25,mobile,2024-01-01 07:09:27,approved,False
TXN20240101002755,ACCT202282,MERCH300293,transfer,97.4,mobile,2024-01-01 12:52:55,approved,False
TXN20240101002756,ACCT205167,MERCH300026,transfer,11.41,in_person,2024-01-01 17:44:00,approved,False
TXN20240101002757,ACCT204878,MERCH300137,purchase,98.1,in_person,2024-01-01 16:57:43,approved,False
TXN20240101002758,ACCT201684,MERCH300035,purchase,28.19,in_person,2024-01-01 06:48:52,approved,False
TXN20240101002759,ACCT205363,MERCH300148,purchase,48.4,web,2024-01-01 09:07:04,approved,False
TXN20240101002760,ACCT203447,MERCH300289,purchase,16.35,web,2024-01-01 05:09:38,approved,False
TXN20240101002761,ACCT201077,MERCH300001,purchase,22.86,in_person,2024-01-01 15:49:03,approved,False
TXN20240101002762,ACCT205095,MERCH300206,withdrawal,42.43,web,2024-01-01 09:32:37,approved,False
TXN20240101002763,ACCT203111,MERCH300243,purchase,76.74,web,2024-01-01 00:36:20,approved,False
TXN20240101002764,ACCT204394,MERCH300182,transfer,28.8,mobile,2024-01-01 07:14:49,approved,False
TXN20240101002765,ACCT204384,MERCH300094,transfer,16.96,in_person,2024-01-01 08:30:14,approved,False
TXN20240101002766,ACCT206277,MERCH300151,withdrawal,41.1,mobile,2024-01-01 13:54:22,approved,False
TXN20240101002767,ACCT200255,MERCH300016,transfer,43.26,atm,2024-01-01 21:29:01,approved,False
TXN20240101002768,ACCT202388,MERCH300252,purchase,21.33,web,2024-01-01 23:41:44,approved,False
TXN20240101002769,ACCT202220,MERCH300146,purchase,18.49,web,2024-01-01 16:44:02,approved,False
TXN20240101002770,ACCT203334,MERCH300160,purchase,55.35,in_person,2024-01-01 21:55:40,approved,False
TXN20240101002771,ACCT204225,MERCH300060,purchase,38.07,mobile,2024-01-01 00:12:20,reversed,False
TXN20240101002772,ACCT200295,MERCH300076,purchase,10.65,mobile,2024-01-01 20:54:56,approved,False
TXN20240101002773,ACCT204120,MERCH300204,purchase,53.23,in_person,2024-01-01 12:36:08,approved,False
TXN20240101002774,ACCT204294,MERCH300283,withdrawal,38.0,mobile,2024-01-01 08:49:38,approved,False
TXN20240101002775,ACCT203699,MERCH300091,purchase,18.75,in_person,2024-01-01 08:15:11,approved,False
TXN20240101002776,ACCT205555,MERCH300208,purchase,18.74,mobile,2024-01-01 08:07:02,approved,False
TXN20240101002777,ACCT205767,MERCH300278,transfer,54.71,web,2024-01-01 19:05:52,approved,False
TXN20240101002778,ACCT205958,MERCH300205,purchase,31.96,web,2024-01-01 11:23:52,approved,False
TXN20240101002779,ACCT205626,MERCH300082,purchase,90.37,atm,2024-01-01 02:33:59,approved,False
TXN20240101002780,ACCT205921,MERCH300041,purchase,129.75,web,2024-01-01 21:17:11,approved,False
TXN20240101002781,ACCT200071,MERCH300060,purchase,60.41,in_person,2024-01-01 14:16:48,approved,False
TXN20240101002782,ACCT202404,MERCH300140,transfer,120.14,mobile,2024-01-01 09:48:29,approved,False
TXN20240101002783,ACCT201913,MERCH300198,transfer,27.74,in_person,2024-01-01 17:44:13,approved,False
TXN20240101002784,ACCT204283,MERCH300115,withdrawal,78.76,atm,2024-01-01 08:38:23,approved,False
TXN20240101002785,ACCT205173,MERCH300077,purchase,44.36,in_person,2024-01-01 14:39:10,reversed,False
TXN20240101002786,ACCT202546,MERCH300270,transfer,58.33,web,2024-01-01 00:50:36,approved,False
TXN20240101002787,ACCT206417,MERCH300180,transfer,73.99,web,2024-01-01 06:13:34,reversed,False
TXN20240101002788,ACCT203016,MERCH300192,transfer,28.88,web,2024-01-01 08:56:10,approved,False
TXN20240101002789,ACCT203514,MERCH300287,purchase,47.66,web,2024-01-01 19:51:47,approved,False
TXN20240101002790,ACCT202613,MERCH300098,purchase,70.56,web,2024-01-01 18:20:33,approved,False
TXN20240101002791,ACCT202771,MERCH300199,purchase,47.29,mobile,2024-01-01 19:20:39,declined,False
TXN20240101002792,ACCT204365,MERCH300046,purchase,27.23,in_person,2024-01-01 11:11:08,approved,False
TXN20240101002793,ACCT204701,MERCH300159,transfer,26.94,mobile,2024-01-01 08:42:48,approved,False
TXN20240101002794,ACCT203246,MERCH300297,withdrawal,54.61,in_person,2024-01-01 12:18:21,approved,False
TXN20240101002795,ACCT201905,MERCH300138,transfer,5.33,mobile,2024-01-01 06:16:29,approved,False
TXN20240101002796,ACCT204528,MERCH300118,purchase,34.32,mobile,2024-01-01 12:40:09,approved,False
TXN20240101002797,ACCT200510,MERCH300018,purchase,19.73,mobile,2024-01-01 15:11:59,approved,False
TXN20240101002798,ACCT203051,MERCH300296,deposit,40.49,in_person,2024-01-01 23:06:31,approved,False
TXN20240101002799,ACCT204046,MERCH300157,purchase,62.61,mobile,2024-01-01 08:51:47,approved,False
TXN20240101002800,ACCT202236,MERCH300286,purchase,49.31,mobile,2024-01-01 02:02:36,approved,False
TXN20240101002801,ACCT202593,MERCH300194,purchase,50.31,atm,2024-01-01 08:55:03,approved,False
TXN20240101002802,ACCT205744,MERCH300145,transfer,187.61,in_person,2024-01-01 19:41:41,approved,False
TXN20240101002803,ACCT204455,MERCH300177,purchase,44.04,mobile,2024-01-01 10:21:21,approved,False
TXN20240101002804,ACCT201397,MERCH300216,purchase,18.8,web,2024-01-01 09:33:35,approved,False
TXN20240101002805,ACCT202479,MERCH300205,withdrawal,162.42,atm,2024-01-01 10:18:33,approved,False
TXN20240101002806,ACCT200979,MERCH300241,withdrawal,31.56,web,2024-01-01 06:24:47,approved,False
TXN20240101002807,ACCT201210,MERCH300072,purchase,46.13,in_person,2024-01-01 19:42:13,approved,False
TXN20240101002808,ACCT206117,MERCH300241,purchase,94.04,mobile,2024-01-01 16:54:58,approved,False
TXN20240101002809,ACCT205684,MERCH300050,purchase,31.96,in_person,2024-01-01 22:13:24,approved,False
TXN20240101002810,ACCT203159,MERCH300017,purchase,91.3,mobile,2024-01-01 02:32:43,approved,False
TXN20240101002811,ACCT206050,MERCH300053,purchase,38.86,in_person,2024-01-01 17:51:37,approved,False
TXN20240101002812,ACCT203014,MERCH300194,purchase,72.68,atm,2024-01-01 01:00:33,approved,False
TXN20240101002813,ACCT202170,MERCH300252,transfer,29.85,web,2024-01-01 02:00:33,approved,False
TXN20240101002814,ACCT205688,MERCH300032,deposit,10.43,in_person,2024-01-01 20:36:36,approved,False
TXN20240101002815,ACCT202945,MERCH300107,purchase,11.99,mobile,2024-01-01 08:08:51,approved,False
TXN20240101002816,ACCT204584,MERCH300260,purchase,36.97,in_person,2024-01-01 07:59:16,approved,False
TXN20240101002817,ACCT201197,MERCH300278,purchase,41.71,in_person,2024-01-01 04:07:15,approved,False
TXN20240101002818,ACCT203145,MERCH300046,purchase,171.52,mobile,2024-01-01 02:44:59,reversed,False
TXN20240101002819,ACCT203666,MERCH300251,purchase,11.11,in_person,2024-01-01 15:19:55,approved,False
TXN20240101002820,ACCT202450,MERCH300062,purchase,46.82,in_person,2024-01-01 12:55:23,approved,False
TXN20240101002821,ACCT204209,MERCH300079,purchase,36.92,web,2024-01-01 14:51:19,approved,False
TXN20240101002822,ACCT205164,MERCH300099,purchase,18.43,in_person,2024-01-01 03:47:44,approved,False
TXN20240101002823,ACCT205997,MERCH300111,withdrawal,19.24,atm,2024-01-01 23:38:55,approved,False
TXN20240101002824,ACCT206169,MERCH300029,purchase,19.82,mobile,2024-01-01 00:12:56,approved,False
TXN20240101002825,ACCT204634,MERCH300203,purchase,33.01,mobile,2024-01-01 10:06:14,approved,False
TXN20240101002826,ACCT206359,MERCH300218,purchase,27.42,mobile,2024-01-01 12:15:12,approved,False
TXN20240101002827,ACCT200293,MERCH300096,purchase,31.3,mobile,2024-01-01 02:04:30,approved,False
TXN20240101002828,ACCT205500,MERCH300212,purchase,38.3,in_person,2024-01-01 13:47:10,approved,False
TXN20240101002829,ACCT206413,MERCH300195,purchase,8.72,mobile,2024-01-01 14:17:55,approved,False
TXN20240101002830,ACCT202954,MERCH300224,purchase,35.54,atm,2024-01-01 12:26:21,approved,False
TXN20240101002831,ACCT200016,MERCH300161,purchase,8.37,mobile,2024-01-01 08:37:16,approved,True
TXN20240101002832,ACCT202516,MERCH300037,purchase,108.2,atm,2024-01-01 22:42:58,approved,False
TXN20240101002833,ACCT202825,MERCH300026,purchase,24.98,mobile,2024-01-01 04:35:50,approved,False
TXN20240101002834,ACCT202436,MERCH300212,withdrawal,43.36,in_person,2024-01-01 17:44:56,approved,False
TXN20240101002835,ACCT201419,MERCH300099,transfer,11.79,web,2024-01-01 08:06:30,approved,False
TXN20240101002836,ACCT206306,MERCH300029,purchase,17.93,in_person,2024-01-01 09:16:47,approved,False
TXN20240101002837,ACCT205313,MERCH300231,purchase,41.9,mobile,2024-01-01 05:45:25,approved,False
TXN20240101002838,ACCT205553,MERCH300261,transfer,59.06,atm,2024-01-01 16:43:04,approved,False
TXN20240101002839,ACCT203529,MERCH300258,purchase,17.25,web,2024-01-01 04:37:39,approved,False
TXN20240101002840,ACCT205891,MERCH300264,purchase,56.73,in_person,2024-01-01 08:56:04,approved,False
TXN20240101002841,ACCT204860,MERCH300146,withdrawal,234.55,in_person,2024-01-01 11:58:11,approved,False
TXN20240101002842,ACCT200532,MERCH300238,purchase,25.95,in_person,2024-01-01 00:05:17,approved,False
TXN20240101002843,ACCT203804,MERCH300273,purchase,39.84,web,2024-01-01 19:33:39,approved,False
TXN20240101002844,ACCT201197,MERCH300289,withdrawal,51.29,atm,2024-01-01 07:54:46,approved,False
TXN20240101002845,ACCT203196,MERCH300122,purchase,9.43,in_person,2024-01-01 21:19:10,approved,False
TXN20240101002846,ACCT205104,MERCH300288,purchase,112.32,mobile,2024-01-01 15:03:44,approved,False
TXN20240101002847,ACCT201157,MERCH300189,purchase,10.32,mobile,2024-01-01 06:07:42,approved,False
TXN20240101002848,ACCT206314,MERCH300106,deposit,139.82,mobile,2024-01-01 15:43:35,declined,False
TXN20240101002849,ACCT202837,MERCH300165,withdrawal,44.66,in_person,2024-01-01 10:55:36,approved,False
TXN20240101002850,ACCT204038,MERCH300266,purchase,24.09,in_person,2024-01-01 11:42:24,approved,False
TXN20240101002851,ACCT202982,MERCH300196,purchase,7.43,in_person,2024-01-01 20:02:08,reversed,False
TXN20240101002852,ACCT205960,MERCH300291,purchase,72.05,in_person,2024-01-01 15:24:08,approved,False
TXN20240101002853,ACCT205159,MERCH300279,purchase,7.83,in_person,2024-01-01 23:20:06,declined,False
TXN20240101002854,ACCT202633,MERCH300012,purchase,3.23,web,2024-01-01 22:54:28,approved,False
TXN20240101002855,ACCT204574,MERCH300200,deposit,24.84,mobile,2024-01-01 20:31:36,declined,False
TXN20240101002856,ACCT202265,MERCH300267,withdrawal,10.94,in_person,2024-01-01 11:14:08,approved,False
TXN20240101002857,ACCT203676,MERCH300177,deposit,159.75,web,2024-01-01 11:34:07,approved,False
TXN20240101002858,ACCT205788,MERCH300002,purchase,13.55,web,2024-01-01 21:44:41,approved,False
TXN20240101002859,ACCT203686,MERCH300190,purchase,50.82,in_person,2024-01-01 20:34:37,approved,False
TXN20240101002860,ACCT204991,MERCH300029,deposit,33.3,in_person,2024-01-01 08:25:55,approved,False
TXN20240101002861,ACCT204987,MERCH300119,transfer,37.51,in_person,2024-01-01 16:43:59,approved,False
TXN20240101002862,ACCT203738,MERCH300211,purchase,30.4,web,2024-01-01 14:18:59,approved,False
TXN20240101002863,ACCT200412,MERCH300082,purchase,63.01,web,2024-01-01 02:07:07,declined,False
TXN20240101002864,ACCT202869,MERCH300222,withdrawal,23.31,in_person,2024-01-01 02:51:21,approved,False
TXN20240101002865,ACCT205211,MERCH300241,purchase,24.11,in_person,2024-01-01 02:43:28,approved,False
TXN20240101002866,ACCT200763,MERCH300150,deposit,95.21,in_person,2024-01-01 06:43:44,approved,False
TXN20240101002867,ACCT201904,MERCH300231,withdrawal,125.03,in_person,2024-01-01 22:53:55,approved,False
TXN20240101002868,ACCT200462,MERCH300017,purchase,73.64,mobile,2024-01-01 07:42:49,approved,False
TXN20240101002869,ACCT201028,MERCH300093,purchase,35.52,mobile,2024-01-01 22:01:56,approved,False
TXN20240101002870,ACCT203205,MERCH300099,purchase,63.06,mobile,2024-01-01 10:50:01,approved,False
TXN20240101002871,ACCT204350,MERCH300252,transfer,43.35,web,2024-01-01 11:02:01,approved,False
TXN20240101002872,ACCT203450,MERCH300198,purchase,42.96,in_person,2024-01-01 06:41:24,approved,False
TXN20240101002873,ACCT200332,MERCH300256,purchase,50.34,in_person,2024-01-01 15:59:48,approved,False
TXN20240101002874,ACCT202376,MERCH300103,purchase,16.21,web,2024-01-01 14:24:19,approved,False
TXN20240101002875,ACCT206200,MERCH300102,purchase,35.23,mobile,2024-01-01 07:18:14,approved,False
TXN20240101002876,ACCT204648,MERCH300209,withdrawal,43.54,mobile,2024-01-01 18:55:14,approved,False
TXN20240101002877,ACCT202841,MERCH300241,purchase,1.91,mobile,2024-01-01 16:27:44,approved,False
TXN20240101002878,ACCT204497,MERCH300088,purchase,19.57,mobile,2024-01-01 17:55:47,approved,False
TXN20240101002879,ACCT206299,MERCH300177,purchase,19.35,mobile,2024-01-01 10:18:21,approved,False
TXN20240101002880,ACCT206121,MERCH300162,deposit,131.93,mobile,2024-01-01 15:11:03,approved,False
TXN20240101002881,ACCT202604,MERCH300217,purchase,25.54,atm,2024-01-01 08:33:13,approved,False
TXN20240101002882,ACCT202927,MERCH300152,purchase,61.8,in_person,2024-01-01 23:22:17,approved,False
TXN20240101002883,ACCT205971,MERCH300121,purchase,14.22,in_person,2024-01-01 10:42:28,approved,False
TXN20240101002884,ACCT200842,MERCH300044,purchase,12.56,web,2024-01-01 06:17:23,approved,False
TXN20240101002885,ACCT203306,MERCH300257,transfer,49.72,web,2024-01-01 10:45:10,approved,False
TXN20240101002886,ACCT204006,MERCH300213,purchase,172.37,in_person,2024-01-01 22:21:59,approved,False
TXN20240101002887,ACCT201800,MERCH300289,deposit,6.05,mobile,2024-01-01 22:21:25,approved,False
TXN20240101002888,ACCT206203,MERCH300281,purchase,122.62,web,2024-01-01 08:42:13,approved,False
TXN20240101002889,ACCT205095,MERCH300034,purchase,184.43,web,2024-01-01 21:15:23,approved,False
TXN20240101002890,ACCT203803,MERCH300026,purchase,26.28,in_person,2024-01-01 07:17:44,approved,False
TXN20240101002891,ACCT202981,MERCH300154,purchase,46.54,web,2024-01-01 04:32:57,approved,False
TXN20240101002892,ACCT204160,MERCH300242,purchase,39.91,web,2024-01-01 05:19:26,declined,False
TXN20240101002893,ACCT202884,MERCH300113,transfer,81.69,in_person,2024-01-01 06:23:32,approved,False
TXN20240101002894,ACCT203166,MERCH300096,deposit,260.09,in_person,2024-01-01 07:20:18,approved,False
TXN20240101002895,ACCT200510,MERCH300291,purchase,61.92,web,2024-01-01 07:37:41,approved,True
TXN20240101002896,ACCT204775,MERCH300174,deposit,3.09,atm,2024-01-01 09:20:41,approved,False
TXN20240101002897,ACCT200056,MERCH300243,purchase,14.88,in_person,2024-01-01 00:36:10,approved,False
TXN20240101002898,ACCT203233,MERCH300203,transfer,8.47,in_person,2024-01-01 09:14:32,approved,False
TXN20240101002899,ACCT204861,MERCH300248,deposit,58.89,in_person,2024-01-01 12:53:59,approved,False
TXN20240101002900,ACCT200375,MERCH300220,deposit,137.14,in_person,2024-01-01 09:57:14,approved,False
TXN20240101002901,ACCT203802,MERCH300244,purchase,87.87,mobile,2024-01-01 11:00:29,approved,False
TXN20240101002902,ACCT201255,MERCH300243,purchase,68.02,in_person,2024-01-01 05:06:40,approved,False
TXN20240101002903,ACCT203872,MERCH300143,withdrawal,41.82,web,2024-01-01 02:06:04,approved,False
TXN20240101002904,ACCT203313,MERCH300215,purchase,60.38,atm,2024-01-01 21:10:31,approved,False
TXN20240101002905,ACCT202493,MERCH300199,purchase,9.85,in_person,2024-01-01 23:47:36,approved,False
TXN20240101002906,ACCT202731,MERCH300094,transfer,35.23,web,2024-01-01 09:14:32,approved,False
TXN20240101002907,ACCT205724,MERCH300242,purchase,16.36,atm,2024-01-01 18:35:19,declined,False
TXN20240101002908,ACCT205902,MERCH300270,purchase,9.7,web,2024-01-01 03:15:48,approved,False
TXN20240101002909,ACCT201778,MERCH300202,purchase,44.95,in_person,2024-01-01 04:03:17,approved,False
TXN20240101002910,ACCT205380,MERCH300191,purchase,56.67,in_person,2024-01-01 12:05:30,approved,False
TXN20240101002911,ACCT202693,MERCH300284,purchase,26.38,mobile,2024-01-01 16:56:19,approved,False
TXN20240101002912,ACCT201026,MERCH300056,deposit,33.64,mobile,2024-01-01 16:33:51,approved,False
TXN20240101002913,ACCT204892,MERCH300138,transfer,65.88,in_person,2024-01-01 08:39:27,approved,False
TXN20240101002914,ACCT201346,MERCH300186,purchase,56.83,web,2024-01-01 21:11:23,approved,False
TXN20240101002915,ACCT204354,MERCH300005,purchase,13.64,in_person,2024-01-01 15:29:17,approved,False
TXN20240101002916,ACCT202108,MERCH300119,purchase,5.11,in_person,2024-01-01 07:39:32,approved,False
TXN20240101002917,ACCT204841,MERCH300057,purchase,61.95,atm,2024-01-01 11:46:46,approved,False
TXN20240101002918,ACCT205245,MERCH300147,purchase,33.89,web,2024-01-01 07:39:37,approved,False
TXN20240101002919,ACCT204035,MERCH300138,purchase,90.04,in_person,2024-01-01 03:35:10,approved,False
TXN20240101002920,ACCT206390,MERCH300186,purchase,243.27,web,2024-01-01 00:37:01,approved,False
TXN20240101002921,ACCT204266,MERCH300022,purchase,78.91,mobile,2024-01-01 11:22:08,approved,False
TXN20240101002922,ACCT206211,MERCH300298,purchase,33.66,mobile,2024-01-01 00:41:53,approved,False
TXN20240101002923,ACCT205283,MERCH300114,deposit,139.15,mobile,2024-01-01 23:17:06,approved,False
TXN20240101002924,ACCT203376,MERCH300026,transfer,6.12,mobile,2024-01-01 21:43:10,approved,False
TXN20240101002925,ACCT204010,MERCH300287,purchase,179.2,mobile,2024-01-01 17:27:24,approved,False
TXN20240101002926,ACCT202912,MERCH300149,purchase,23.59,atm,2024-01-01 18:34:11,approved,False
TXN20240101002927,ACCT200695,MERCH300090,purchase,47.43,mobile,2024-01-01 15:28:06,approved,False
TXN20240101002928,ACCT200330,MERCH300228,transfer,48.67,web,2024-01-01 17:34:11,approved,False
TXN20240101002929,ACCT203725,MERCH300059,transfer,10.45,atm,2024-01-01 20:42:01,approved,False
TXN20240101002930,ACCT200358,MERCH300201,withdrawal,10.54,web,2024-01-01 12:16:30,reversed,False
TXN20240101002931,ACCT202075,MERCH300016,withdrawal,51.99,web,2024-01-01 19:28:17,approved,False
TXN20240101002932,ACCT202220,MERCH300228,transfer,43.36,mobile,2024-01-01 05:24:17,approved,False
TXN20240101002933,ACCT200831,MERCH300133,purchase,67.05,atm,2024-01-01 21:01:58,approved,False
TXN20240101002934,ACCT200327,MERCH300008,withdrawal,19.57,web,2024-01-01 16:51:55,approved,False
TXN20240101002935,ACCT202976,MERCH300116,purchase,102.4,web,2024-01-01 02:41:00,approved,False
TXN20240101002936,ACCT205181,MERCH300187,purchase,6.96,mobile,2024-01-01 04:02:54,approved,False
TXN20240101002937,ACCT206293,MERCH300019,purchase,75.91,web,2024-01-01 03:04:03,approved,False
TXN20240101002938,ACCT204570,MERCH300143,purchase,50.23,web,2024-01-01 05:55:35,approved,False
TXN20240101002939,ACCT200071,MERCH300019,purchase,39.08,in_person,2024-01-01 19:50:34,approved,False
TXN20240101002940,ACCT203673,MERCH300122,purchase,27.06,in_person,2024-01-01 19:43:37,approved,False
TXN20240101002941,ACCT200676,MERCH300102,deposit,43.94,in_person,2024-01-01 23:42:29,approved,False
TXN20240101002942,ACCT203918,MERCH300167,purchase,2.74,web,2024-01-01 03:50:40,approved,False
TXN20240101002943,ACCT206269,MERCH300282,purchase,21.25,mobile,2024-01-01 13:35:06,approved,False
TXN20240101002944,ACCT201789,MERCH300076,purchase,67.22,in_person,2024-01-01 19:00:26,approved,False
TXN20240101002945,ACCT200948,MERCH300212,deposit,10.45,in_person,2024-01-01 23:27:53,approved,False
TXN20240101002946,ACCT205695,MERCH300219,purchase,77.84,web,2024-01-01 02:19:33,approved,False
TXN20240101002947,ACCT204638,MERCH300153,purchase,60.75,in_person,2024-01-01 15:10:40,approved,False
TXN20240101002948,ACCT200038,MERCH300192,purchase,28.21,atm,2024-01-01 01:51:03,approved,False
TXN20240101002949,ACCT203225,MERCH300071,withdrawal,29.65,in_person,2024-01-01 02:39:29,approved,False
TXN20240101002950,ACCT202909,MERCH300052,transfer,15.9,mobile,2024-01-01 20:54:05,declined,False
TXN20240101002951,ACCT201810,MERCH300136,purchase,42.4,web,2024-01-01 22:06:32,approved,False
TXN20240101002952,ACCT205747,MERCH300022,purchase,29.71,atm,2024-01-01 04:58:20,approved,False
TXN20240101002953,ACCT205570,MERCH300159,purchase,59.97,web,2024-01-01 20:36:47,approved,False
TXN20240101002954,ACCT205608,MERCH300053,purchase,47.5,atm,2024-01-01 21:34:47,approved,False
TXN20240101002955,ACCT200997,MERCH300006,transfer,33.31,web,2024-01-01 12:11:05,approved,False
TXN20240101002956,ACCT202000,MERCH300014,purchase,81.62,mobile,2024-01-01 04:37:22,approved,False
TXN20240101002957,ACCT202153,MERCH300214,transfer,63.91,in_person,2024-01-01 17:35:55,approved,False
TXN20240101002958,ACCT200196,MERCH300287,purchase,52.78,web,2024-01-01 13:42:00,approved,False
TXN20240101002959,ACCT202809,MERCH300060,purchase,96.54,in_person,2024-01-01 08:09:06,approved,False
TXN20240101002960,ACCT201508,MERCH300046,withdrawal,78.45,mobile,2024-01-01 20:38:56,approved,False
TXN20240101002961,ACCT201779,MERCH300162,transfer,36.48,web,2024-01-01 14:05:27,approved,False
TXN20240101002962,ACCT202935,MERCH300246,purchase,13.95,web,2024-01-01 06:04:37,approved,False
TXN20240101002963,ACCT200727,MERCH300071,deposit,32.91,in_person,2024-01-01 09:28:14,approved,False
TXN20240101002964,ACCT205397,MERCH300231,purchase,64.02,in_person,2024-01-01 07:07:24,declined,False
TXN20240101002965,ACCT206310,MERCH300211,transfer,25.66,mobile,2024-01-01 12:42:39,approved,False
TXN20240101002966,ACCT205375,MERCH300299,purchase,39.91,web,2024-01-01 06:28:18,approved,False
TXN20240101002967,ACCT200047,MERCH300085,purchase,103.65,web,2024-01-01 15:14:50,approved,False
TXN20240101002968,ACCT205562,MERCH300240,transfer,19.85,atm,2024-01-01 10:16:55,approved,False
TXN20240101002969,ACCT202424,MERCH300053,purchase,11.93,in_person,2024-01-01 01:29:37,approved,False
TXN20240101002970,ACCT204502,MERCH300062,purchase,77.59,web,2024-01-01 00:35:15,approved,False
TXN20240101002971,ACCT205013,MERCH300200,transfer,24.92,in_person,2024-01-01 02:47:13,approved,False
TXN20240101002972,ACCT200407,MERCH300223,purchase,108.61,mobile,2024-01-01 03:34:01,approved,True
TXN20240101002973,ACCT205490,MERCH300251,withdrawal,17.47,web,2024-01-01 01:32:46,approved,False
TXN20240101002974,ACCT205694,MERCH300139,purchase,88.25,mobile,2024-01-01 15:36:53,approved,False
TXN20240101002975,ACCT206266,MERCH300101,purchase,32.96,mobile,2024-01-01 14:35:56,approved,False
TXN20240101002976,ACCT203322,MERCH300010,purchase,36.25,in_person,2024-01-01 00:20:58,approved,False
TXN20240101002977,ACCT201921,MERCH300285,purchase,130.97,in_person,2024-01-01 09:13:09,approved,False
TXN20240101002978,ACCT200576,MERCH300147,purchase,31.94,in_person,2024-01-01 07:31:41,approved,False
TXN20240101002979,ACCT201954,MERCH300145,purchase,14.12,web,2024-01-01 12:07:15,approved,False
TXN20240101002980,ACCT204133,MERCH300242,withdrawal,33.96,in_person,2024-01-01 14:14:10,approved,False
TXN20240101002981,ACCT203693,MERCH300037,purchase,154.07,web,2024-01-01 12:08:31,approved,False
TXN20240101002982,ACCT201140,MERCH300077,purchase,49.35,web,2024-01-01 09:29:40,approved,False
TXN20240101002983,ACCT204747,MERCH300077,transfer,37.56,web,2024-01-01 00:58:44,approved,False
TXN20240101002984,ACCT202589,MERCH300251,purchase,64.12,web,2024-01-01 19:52:29,approved,False
TXN20240101002985,ACCT206263,MERCH300190,deposit,34.86,atm,2024-01-01 19:05:07,approved,False
TXN20240101002986,ACCT203284,MERCH300276,purchase,46.79,atm,2024-01-01 20:49:04,approved,False
TXN20240101002987,ACCT203240,MERCH300029,deposit,12.31,web,2024-01-01 16:09:03,approved,False
TXN20240101002988,ACCT200902,MERCH300097,transfer,37.09,atm,2024-01-01 07:54:46,approved,False
TXN20240101002989,ACCT201282,MERCH300251,purchase,28.31,mobile,2024-01-01 16:12:34,approved,False
TXN20240101002990,ACCT205677,MERCH300019,purchase,59.32,in_person,2024-01-01 21:07:20,declined,False
TXN20240101002991,ACCT200948,MERCH300206,purchase,28.45,web,2024-01-01 00:47:47,approved,False
TXN20240101002992,ACCT205082,MERCH300014,purchase,68.96,web,2024-01-01 12:49:21,declined,False
TXN20240101002993,ACCT206312,MERCH300278,purchase,55.79,mobile,2024-01-01 15:23:17,approved,False
TXN20240101002994,ACCT204859,MERCH300104,purchase,182.73,mobile,2024-01-01 23:32:48,approved,False
TXN20240101002995,ACCT206450,MERCH300167,purchase,16.94,web,2024-01-01 12:47:34,approved,False
TXN20240101002996,ACCT200237,MERCH300247,transfer,12.79,web,2024-01-01 21:51:40,approved,False
TXN20240101002997,ACCT201702,MERCH300059,purchase,204.79,mobile,2024-01-01 18:25:48,approved,False
TXN20240101002998,ACCT202557,MERCH300151,transfer,23.78,web,2024-01-01 18:47:18,approved,False
TXN20240101002999,ACCT201273,MERCH300237,deposit,27.13,web,2024-01-01 02:47:01,approved,False
TXN20240101003000,ACCT201376,MERCH300179,purchase,26.96,web,2024-01-01 12:47:39,approved,False
TXN20240101003001,ACCT204352,MERCH300230,purchase,20.71,mobile,2024-01-01 17:53:20,approved,False
TXN20240101003002,ACCT205108,MERCH300097,purchase,6.67,web,2024-01-01 02:50:58,approved,False
TXN20240101003003,ACCT204972,MERCH300061,deposit,37.74,in_person,2024-01-01 23:26:18,approved,False
TXN20240101003004,ACCT201963,MERCH300162,transfer,13.37,in_person,2024-01-01 16:18:47,approved,False
TXN20240101003005,ACCT204786,MERCH300165,purchase,6.97,web,2024-01-01 20:59:43,approved,False
TXN20240101003006,ACCT206357,MERCH300076,deposit,94.46,mobile,2024-01-01 15:26:42,approved,False
TXN20240101003007,ACCT200912,MERCH300179,purchase,63.33,web,2024-01-01 21:55:39,approved,False
TXN20240101003008,ACCT205184,MERCH300026,purchase,282.34,web,2024-01-01 21:59:04,approved,False
TXN20240101003009,ACCT205367,MERCH300289,purchase,24.5,mobile,2024-01-01 01:00:49,approved,False
TXN20240101003010,ACCT205212,MERCH300277,transfer,118.3,mobile,2024-01-01 22:08:16,approved,False
TXN20240101003011,ACCT203653,MERCH300055,purchase,44.52,web,2024-01-01 12:33:32,approved,False
TXN20240101003012,ACCT202235,MERCH300105,withdrawal,9.67,mobile,2024-01-01 11:05:15,reversed,False
TXN20240101003013,ACCT205950,MERCH300177,purchase,119.67,web,2024-01-01 05:39:13,approved,False
TXN20240101003014,ACCT204809,MERCH300237,purchase,32.4,web,2024-01-01 09:00:22,approved,False
TXN20240101003015,ACCT205635,MERCH300205,deposit,36.42,in_person,2024-01-01 13:50:25,approved,False
TXN20240101003016,ACCT204120,MERCH300027,withdrawal,19.21,web,2024-01-01 12:25:54,approved,False
TXN20240101003017,ACCT203016,MERCH300115,purchase,15.32,web,2024-01-01 16:40:23,approved,False
TXN20240101003018,ACCT200723,MERCH300252,withdrawal,20.06,web,2024-01-01 16:27:56,approved,False
TXN20240101003019,ACCT205978,MERCH300299,purchase,11.49,mobile,2024-01-01 17:41:40,approved,False
TXN20240101003020,ACCT203606,MERCH300266,purchase,18.65,in_person,2024-01-01 13:40:38,approved,False
TXN20240101003021,ACCT205196,MERCH300293,purchase,46.25,in_person,2024-01-01 23:17:57,approved,False
TXN20240101003022,ACCT201088,MERCH300004,deposit,44.52,atm,2024-01-01 21:48:59,approved,False
TXN20240101003023,ACCT200049,MERCH300043,purchase,90.28,web,2024-01-01 22:49:27,approved,False
TXN20240101003024,ACCT200623,MERCH300239,purchase,130.09,in_person,2024-01-01 17:19:23,approved,False
TXN20240101003025,ACCT201811,MERCH300238,withdrawal,70.66,web,2024-01-01 05:03:38,approved,False
TXN20240101003026,ACCT205817,MERCH300021,purchase,73.06,in_person,2024-01-01 23:26:12,approved,False
TXN20240101003027,ACCT201282,MERCH300221,purchase,7.53,mobile,2024-01-01 21:39:10,approved,False
TXN20240101003028,ACCT206328,MERCH300243,purchase,43.65,in_person,2024-01-01 07:46:18,approved,False
TXN20240101003029,ACCT200245,MERCH300132,deposit,39.24,atm,2024-01-01 21:12:34,approved,False
TXN20240101003030,ACCT200427,MERCH300014,purchase,21.39,in_person,2024-01-01 12:28:59,approved,False
TXN20240101003031,ACCT203164,MERCH300192,purchase,52.08,web,2024-01-01 17:45:43,approved,False
TXN20240101003032,ACCT202498,MERCH300262,purchase,59.63,web,2024-01-01 08:31:18,approved,False
TXN20240101003033,ACCT200668,MERCH300142,purchase,38.32,in_person,2024-01-01 06:47:45,approved,False
TXN20240101003034,ACCT201992,MERCH300299,purchase,22.12,in_person,2024-01-01 09:40:30,approved,False
TXN20240101003035,ACCT200092,MERCH300236,purchase,107.3,in_person,2024-01-01 04:10:58,approved,False
TXN20240101003036,ACCT200264,MERCH300194,purchase,113.09,in_person,2024-01-01 03:12:36,reversed,False
TXN20240101003037,ACCT203234,MERCH300266,purchase,84.38,mobile,2024-01-01 10:47:59,approved,False
TXN20240101003038,ACCT204536,MERCH300139,purchase,65.55,mobile,2024-01-01 22:42:46,approved,False
TXN20240101003039,ACCT205464,MERCH300295,purchase,7.51,web,2024-01-01 00:50:30,approved,False
TXN20240101003040,ACCT204432,MERCH300255,purchase,50.38,web,2024-01-01 07:17:46,approved,False
TXN20240101003041,ACCT201649,MERCH300224,transfer,62.63,web,2024-01-01 06:03:51,approved,False
TXN20240101003042,ACCT201626,MERCH300003,purchase,122.96,in_person,2024-01-01 04:14:12,approved,False
TXN20240101003043,ACCT206161,MERCH300046,purchase,21.49,web,2024-01-01 01:25:44,approved,False
TXN20240101003044,ACCT204131,MERCH300242,purchase,16.01,atm,2024-01-01 04:07:59,approved,False
TXN20240101003045,ACCT205311,MERCH300157,purchase,80.72,in_person,2024-01-01 12:11:31,approved,False
TXN20240101003046,ACCT202578,MERCH300048,transfer,23.89,in_person,2024-01-01 10:08:27,approved,False
TXN20240101003047,ACCT201465,MERCH300078,withdrawal,106.04,in_person,2024-01-01 14:07:01,approved,False
TXN20240101003048,ACCT204195,MERCH300153,purchase,127.79,web,2024-01-01 20:22:44,declined,False
TXN20240101003049,ACCT205315,MERCH300168,purchase,28.57,mobile,2024-01-01 02:48:58,approved,False
TXN20240101003050,ACCT203985,MERCH300102,purchase,29.06,web,2024-01-01 07:22:36,approved,False
TXN20240101003051,ACCT205282,MERCH300025,purchase,90.51,in_person,2024-01-01 20:17:57,approved,False
TXN20240101003052,ACCT205158,MERCH300169,purchase,34.21,in_person,2024-01-01 05:32:08,approved,False
TXN20240101003053,ACCT204510,MERCH300095,purchase,31.95,mobile,2024-01-01 02:38:31,approved,False
TXN20240101003054,ACCT205152,MERCH300147,withdrawal,118.91,web,2024-01-01 05:20:46,approved,False
TXN20240101003055,ACCT203612,MERCH300093,purchase,18.68,in_person,2024-01-01 09:00:20,approved,False
TXN20240101003056,ACCT204211,MERCH300258,purchase,8.31,in_person,2024-01-01 06:17:50,approved,False
TXN20240101003057,ACCT200580,MERCH300150,purchase,187.31,in_person,2024-01-01 12:04:06,approved,False
TXN20240101003058,ACCT204181,MERCH300053,purchase,31.22,atm,2024-01-01 04:08:51,approved,False
TXN20240101003059,ACCT202964,MERCH300014,purchase,84.46,web,2024-01-01 13:36:03,approved,False
TXN20240101003060,ACCT202939,MERCH300129,purchase,40.39,in_person,2024-01-01 20:10:05,approved,False
TXN20240101003061,ACCT200409,MERCH300140,purchase,32.79,atm,2024-01-01 07:22:48,approved,False
TXN20240101003062,ACCT200483,MERCH300048,purchase,18.08,atm,2024-01-01 13:23:58,approved,False
TXN20240101003063,ACCT206261,MERCH300108,deposit,33.56,in_person,2024-01-01 17:52:24,approved,False
TXN20240101003064,ACCT203463,MERCH300105,purchase,68.6,in_person,2024-01-01 01:09:13,approved,False
TXN20240101003065,ACCT201108,MERCH300221,purchase,121.19,atm,2024-01-01 08:04:33,approved,False
TXN20240101003066,ACCT206431,MERCH300193,purchase,174.25,in_person,2024-01-01 15:32:17,approved,False
TXN20240101003067,ACCT204233,MERCH300067,purchase,26.57,in_person,2024-01-01 06:37:18,approved,False
TXN20240101003068,ACCT203801,MERCH300204,withdrawal,90.76,web,2024-01-01 09:30:00,declined,False
TXN20240101003069,ACCT202112,MERCH300159,withdrawal,11.4,mobile,2024-01-01 10:42:36,approved,False
TXN20240101003070,ACCT203566,MERCH300279,purchase,112.04,web,2024-01-01 22:51:09,approved,False
TXN20240101003071,ACCT204025,MERCH300283,purchase,25.46,in_person,2024-01-01 02:36:45,approved,False
TXN20240101003072,ACCT206212,MERCH300284,purchase,55.1,mobile,2024-01-01 15:32:12,approved,False
TXN20240101003073,ACCT200476,MERCH300150,purchase,31.29,mobile,2024-01-01 23:40:53,approved,False
TXN20240101003074,ACCT205850,MERCH300026,deposit,105.48,in_person,2024-01-01 21:12:41,approved,False
TXN20240101003075,ACCT205614,MERCH300064,purchase,24.27,in_person,2024-01-01 13:14:29,approved,False
TXN20240101003076,ACCT201698,MERCH300005,transfer,61.52,mobile,2024-01-01 09:22:25,approved,False
TXN20240101003077,ACCT205213,MERCH300199,purchase,64.19,in_person,2024-01-01 03:46:18,approved,False
TXN20240101003078,ACCT200761,MERCH300058,purchase,80.23,mobile,2024-01-01 06:51:04,approved,False
TXN20240101003079,ACCT200151,MERCH300105,purchase,49.7,in_person,2024-01-01 19:33:04,approved,False
TXN20240101003080,ACCT205752,MERCH300004,deposit,32.24,mobile,2024-01-01 00:37:34,approved,False
TXN20240101003081,ACCT200278,MERCH300262,purchase,30.3,in_person,2024-01-01 17:47:51,approved,False
TXN20240101003082,ACCT202947,MERCH300281,withdrawal,39.75,in_person,2024-01-01 22:14:41,approved,False
TXN20240101003083,ACCT203772,MERCH300081,purchase,90.04,in_person,2024-01-01 10:07:51,approved,False
TXN20240101003084,ACCT204744,MERCH300247,purchase,46.29,in_person,2024-01-01 19:44:44,approved,False
TXN20240101003085,ACCT203155,MERCH300089,purchase,7.25,web,2024-01-01 23:07:21,approved,False
TXN20240101003086,ACCT203182,MERCH300186,purchase,21.59,web,2024-01-01 18:09:56,approved,False
TXN20240101003087,ACCT205201,MERCH300269,withdrawal,12.03,mobile,2024-01-01 12:23:12,approved,False
TXN20240101003088,ACCT206229,MERCH300207,purchase,128.5,web,2024-01-01 13:47:16,approved,False
TXN20240101003089,ACCT202580,MERCH300297,purchase,99.44,web,2024-01-01 05:23:40,approved,False
TXN20240101003090,ACCT203897,MERCH300155,purchase,91.04,mobile,2024-01-01 03:07:02,declined,False
TXN20240101003091,ACCT203638,MERCH300111,withdrawal,50.35,in_person,2024-01-01 18:07:45,approved,False
TXN20240101003092,ACCT202485,MERCH300013,purchase,19.15,mobile,2024-01-01 12:15:18,approved,False
TXN20240101003093,ACCT203801,MERCH300085,purchase,90.69,web,2024-01-01 22:04:43,approved,False
TXN20240101003094,ACCT200559,MERCH300080,transfer,3.55,in_person,2024-01-01 17:19:44,approved,False
TXN20240101003095,ACCT204526,MERCH300083,purchase,64.0,web,2024-01-01 06:04:04,approved,False
TXN20240101003096,ACCT201683,MERCH300274,transfer,5.27,atm,2024-01-01 23:50:19,approved,False
TXN20240101003097,ACCT204771,MERCH300271,transfer,29.38,in_person,2024-01-01 00:03:59,approved,False
TXN20240101003098,ACCT200228,MERCH300282,purchase,31.6,web,2024-01-01 02:11:55,approved,False
TXN20240101003099,ACCT205075,MERCH300081,purchase,16.43,web,2024-01-01 14:01:32,approved,False
TXN20240101003100,ACCT204329,MERCH300228,transfer,28.74,web,2024-01-01 14:17:25,approved,False
TXN20240101003101,ACCT200559,MERCH300072,deposit,7.32,in_person,2024-01-01 17:48:36,approved,False
TXN20240101003102,ACCT202693,MERCH300229,purchase,57.96,in_person,2024-01-01 15:34:43,approved,False
TXN20240101003103,ACCT204215,MERCH300291,deposit,17.93,in_person,2024-01-01 06:56:02,approved,False
TXN20240101003104,ACCT202126,MERCH300283,purchase,268.86,mobile,2024-01-01 03:36:19,approved,False
TXN20240101003105,ACCT203245,MERCH300288,purchase,16.5,in_person,2024-01-01 23:25:00,approved,False
TXN20240101003106,ACCT201449,MERCH300051,transfer,8.82,web,2024-01-01 08:57:30,approved,False
TXN20240101003107,ACCT200558,MERCH300288,purchase,68.35,in_person,2024-01-01 04:11:07,approved,False
TXN20240101003108,ACCT203563,MERCH300074,transfer,55.12,in_person,2024-01-01 01:06:53,approved,False
TXN20240101003109,ACCT205803,MERCH300199,purchase,24.76,web,2024-01-01 19:19:23,approved,False
TXN20240101003110,ACCT205721,MERCH300172,purchase,26.32,web,2024-01-01 20:55:53,approved,False
TXN20240101003111,ACCT204957,MERCH300134,deposit,34.55,web,2024-01-01 21:49:56,declined,False
TXN20240101003112,ACCT202914,MERCH300221,purchase,13.06,mobile,2024-01-01 20:32:16,declined,False
TXN20240101003113,ACCT201051,MERCH300221,withdrawal,19.35,web,2024-01-01 04:55:43,approved,False
TXN20240101003114,ACCT201550,MERCH300063,deposit,28.61,in_person,2024-01-01 00:38:02,approved,False
TXN20240101003115,ACCT200788,MERCH300237,transfer,1407.38,in_person,2024-01-01 12:14:59,approved,False
TXN20240101003116,ACCT202859,MERCH300067,deposit,29.3,in_person,2024-01-01 12:00:45,approved,False
TXN20240101003117,ACCT203394,MERCH300247,deposit,378.95,web,2024-01-01 00:01:40,approved,False
TXN20240101003118,ACCT206462,MERCH300238,purchase,55.7,in_person,2024-01-01 21:50:34,approved,False
TXN20240101003119,ACCT204076,MERCH300094,purchase,15.48,web,2024-01-01 15:18:05,approved,False
TXN20240101003120,ACCT203527,MERCH300231,purchase,47.03,in_person,2024-01-01 16:25:15,approved,False
TXN20240101003121,ACCT204466,MERCH300192,withdrawal,68.36,web,2024-01-01 13:23:41,approved,False
TXN20240101003122,ACCT205341,MERCH300288,withdrawal,23.04,web,2024-01-01 23:05:12,approved,False
TXN20240101003123,ACCT200357,MERCH300027,purchase,49.76,atm,2024-01-01 18:00:38,approved,False
TXN20240101003124,ACCT200303,MERCH300101,transfer,104.9,mobile,2024-01-01 13:43:49,approved,False
TXN20240101003125,ACCT205671,MERCH300299,purchase,74.72,atm,2024-01-01 12:40:53,approved,False
TXN20240101003126,ACCT202514,MERCH300252,withdrawal,84.9,mobile,2024-01-01 20:13:03,approved,False
TXN20240101003127,ACCT201060,MERCH300185,purchase,134.0,atm,2024-01-01 08:07:32,approved,False
TXN20240101003128,ACCT203975,MERCH300044,purchase,42.05,in_person,2024-01-01 20:30:07,declined,False
TXN20240101003129,ACCT200759,MERCH300254,withdrawal,43.61,web,2024-01-01 03:04:14,approved,False
TXN20240101003130,ACCT200282,MERCH300000,purchase,32.16,mobile,2024-01-01 00:17:52,approved,False
TXN20240101003131,ACCT206079,MERCH300253,transfer,105.13,web,2024-01-01 01:43:43,declined,False
TXN20240101003132,ACCT204799,MERCH300099,transfer,24.9,in_person,2024-01-01 08:10:40,approved,False
TXN20240101003133,ACCT200666,MERCH300121,transfer,80.54,mobile,2024-01-01 12:46:45,approved,False
TXN20240101003134,ACCT204478,MERCH300096,transfer,33.89,atm,2024-01-01 21:53:07,approved,False
TXN20240101003135,ACCT203257,MERCH300140,deposit,66.68,web,2024-01-01 22:11:30,approved,False
TXN20240101003136,ACCT202011,MERCH300164,purchase,58.6,in_person,2024-01-01 00:39:13,approved,False
TXN20240101003137,ACCT203205,MERCH300155,purchase,29.16,in_person,2024-01-01 18:46:05,approved,False
TXN20240101003138,ACCT205629,MERCH300163,purchase,13.58,in_person,2024-01-01 04:31:54,approved,False
TXN20240101003139,ACCT205660,MERCH300083,purchase,8.46,mobile,2024-01-01 09:17:24,approved,False
TXN20240101003140,ACCT202448,MERCH300156,transfer,20.37,web,2024-01-01 20:59:12,approved,False
TXN20240101003141,ACCT200062,MERCH300182,withdrawal,401.68,in_person,2024-01-01 23:18:50,declined,False
TXN20240101003142,ACCT201733,MERCH300265,purchase,16.76,mobile,2024-01-01 19:14:42,approved,False
TXN20240101003143,ACCT201846,MERCH300248,withdrawal,27.53,web,2024-01-01 04:07:18,approved,False
TXN20240101003144,ACCT204138,MERCH300242,purchase,48.13,mobile,2024-01-01 00:54:49,approved,False
TXN20240101003145,ACCT206364,MERCH300285,deposit,7.32,mobile,2024-01-01 23:13:43,approved,False
TXN20240101003146,ACCT200926,MERCH300109,purchase,34.2,mobile,2024-01-01 05:07:16,approved,False
TXN20240101003147,ACCT202745,MERCH300078,purchase,12.21,atm,2024-01-01 05:02:15,approved,False
TXN20240101003148,ACCT201602,MERCH300007,purchase,4.24,mobile,2024-01-01 12:17:10,declined,False
TXN20240101003149,ACCT202794,MERCH300226,deposit,148.18,in_person,2024-01-01 04:40:19,approved,False
TXN20240101003150,ACCT203223,MERCH300135,purchase,17.84,in_person,2024-01-01 15:41:17,reversed,False
TXN20240101003151,ACCT201603,MERCH300041,purchase,14.65,atm,2024-01-01 20:51:20,approved,False
TXN20240101003152,ACCT205695,MERCH300298,purchase,114.36,mobile,2024-01-01 08:40:12,approved,False
TXN20240101003153,ACCT200411,MERCH300220,purchase,66.33,web,2024-01-01 11:02:08,approved,False
TXN20240101003154,ACCT203136,MERCH300101,purchase,142.32,mobile,2024-01-01 21:50:42,approved,False
TXN20240101003155,ACCT205459,MERCH300148,purchase,40.32,web,2024-01-01 21:15:21,approved,False
TXN20240101003156,ACCT202507,MERCH300179,purchase,25.86,web,2024-01-01 02:57:06,approved,False
TXN20240101003157,ACCT200074,MERCH300210,purchase,37.33,in_person,2024-01-01 17:20:43,approved,False
TXN20240101003158,ACCT200173,MERCH300232,purchase,71.13,mobile,2024-01-01 00:00:13,approved,False
TXN20240101003159,ACCT200869,MERCH300074,purchase,59.88,mobile,2024-01-01 03:23:24,approved,False
TXN20240101003160,ACCT201404,MERCH300089,purchase,6.89,atm,2024-01-01 15:27:50,approved,False
TXN20240101003161,ACCT201288,MERCH300199,transfer,33.06,mobile,2024-01-01 02:49:17,approved,False
TXN20240101003162,ACCT204613,MERCH300018,purchase,37.0,in_person,2024-01-01 04:33:11,approved,False
TXN20240101003163,ACCT201023,MERCH300286,purchase,59.59,web,2024-01-01 10:02:42,approved,False
TXN20240101003164,ACCT201492,MERCH300186,purchase,27.05,in_person,2024-01-01 09:02:04,reversed,False
TXN20240101003165,ACCT200994,MERCH300258,deposit,13.66,in_person,2024-01-01 13:36:30,approved,False
TXN20240101003166,ACCT206110,MERCH300031,deposit,73.68,mobile,2024-01-01 22:05:49,approved,False
TXN20240101003167,ACCT205079,MERCH300075,purchase,70.37,in_person,2024-01-01 10:31:26,declined,False
TXN20240101003168,ACCT201901,MERCH300221,purchase,42.74,web,2024-01-01 07:53:09,declined,False
TXN20240101003169,ACCT201367,MERCH300054,purchase,45.78,mobile,2024-01-01 05:50:47,approved,False
TXN20240101003170,ACCT200035,MERCH300148,purchase,156.66,mobile,2024-01-01 21:37:43,approved,False
TXN20240101003171,ACCT204847,MERCH300207,purchase,47.18,in_person,2024-01-01 05:18:22,reversed,False
TXN20240101003172,ACCT204849,MERCH300184,purchase,26.4,in_person,2024-01-01 00:30:09,approved,False
TXN20240101003173,ACCT200721,MERCH300105,purchase,25.96,web,2024-01-01 12:06:32,approved,False
TXN20240101003174,ACCT200019,MERCH300044,purchase,11.8,web,2024-01-01 17:44:46,approved,False
TXN20240101003175,ACCT204681,MERCH300091,purchase,42.29,mobile,2024-01-01 00:07:01,approved,False
TXN20240101003176,ACCT203203,MERCH300144,purchase,82.04,web,2024-01-01 15:03:29,approved,False
TXN20240101003177,ACCT204259,MERCH300274,purchase,92.8,in_person,2024-01-01 10:37:20,approved,False
TXN20240101003178,ACCT204474,MERCH300289,transfer,86.15,mobile,2024-01-01 18:34:21,approved,False
TXN20240101003179,ACCT200553,MERCH300136,purchase,39.1,web,2024-01-01 00:32:14,approved,False
TXN20240101003180,ACCT204843,MERCH300012,purchase,13.98,mobile,2024-01-01 21:28:39,approved,False
TXN20240101003181,ACCT202586,MERCH300201,deposit,45.02,in_person,2024-01-01 20:35:53,approved,False
TXN20240101003182,ACCT205076,MERCH300089,purchase,560.3,web,2024-01-01 16:26:05,declined,False
TXN20240101003183,ACCT200660,MERCH300152,purchase,57.83,web,2024-01-01 14:08:01,declined,False
TXN20240101003184,ACCT204427,MERCH300203,purchase,63.36,web,2024-01-01 16:34:23,approved,False
TXN20240101003185,ACCT201090,MERCH300034,purchase,3.75,web,2024-01-01 03:02:42,approved,False
TXN20240101003186,ACCT201051,MERCH300056,purchase,17.98,web,2024-01-01 21:03:04,approved,False
TXN20240101003187,ACCT200171,MERCH300282,transfer,39.02,mobile,2024-01-01 18:33:45,approved,False
TXN20240101003188,ACCT206391,MERCH300156,purchase,59.84,in_person,2024-01-01 18:42:43,approved,False
TXN20240101003189,ACCT206097,MERCH300155,transfer,12.96,in_person,2024-01-01 11:04:19,declined,False
TXN20240101003190,ACCT202224,MERCH300060,purchase,307.36,in_person,2024-01-01 03:22:19,approved,False
TXN20240101003191,ACCT200870,MERCH300218,purchase,72.18,in_person,2024-01-01 12:55:15,approved,False
TXN20240101003192,ACCT202616,MERCH300044,purchase,32.93,web,2024-01-01 13:46:42,reversed,False
TXN20240101003193,ACCT200720,MERCH300109,purchase,15.26,in_person,2024-01-01 06:48:09,approved,False
TXN20240101003194,ACCT203145,MERCH300269,withdrawal,49.6,in_person,2024-01-01 22:39:20,approved,False
TXN20240101003195,ACCT202451,MERCH300032,withdrawal,23.24,atm,2024-01-01 09:10:16,declined,False
TXN20240101003196,ACCT205174,MERCH300228,purchase,84.53,web,2024-01-01 22:23:22,approved,False
TXN20240101003197,ACCT201368,MERCH300181,deposit,17.13,mobile,2024-01-01 21:35:54,approved,False
TXN20240101003198,ACCT201324,MERCH300069,purchase,20.3,mobile,2024-01-01 01:39:01,declined,False
TXN20240101003199,ACCT205009,MERCH300072,deposit,55.2,in_person,2024-01-01 03:07:02,approved,False
TXN20240101003200,ACCT206141,MERCH300081,purchase,57.91,web,2024-01-01 09:58:24,approved,False
TXN20240101003201,ACCT202652,MERCH300292,withdrawal,34.78,web,2024-01-01 14:56:27,reversed,False
TXN20240101003202,ACCT202549,MERCH300111,purchase,39.86,in_person,2024-01-01 02:02:59,approved,False
TXN20240101003203,ACCT204664,MERCH300260,purchase,57.55,in_person,2024-01-01 05:35:15,declined,False
TXN20240101003204,ACCT202139,MERCH300189,transfer,129.83,in_person,2024-01-01 20:08:33,approved,True
TXN20240101003205,ACCT200994,MERCH300291,purchase,14.73,in_person,2024-01-01 10:19:41,approved,False
TXN20240101003206,ACCT201022,MERCH300019,purchase,63.66,in_person,2024-01-01 13:53:41,approved,False
TXN20240101003207,ACCT201143,MERCH300217,transfer,40.81,in_person,2024-01-01 12:40:20,approved,False
TXN20240101003208,ACCT201526,MERCH300013,purchase,430.84,web,2024-01-01 23:21:51,declined,False
TXN20240101003209,ACCT204825,MERCH300294,purchase,17.99,in_person,2024-01-01 02:00:20,approved,False
TXN20240101003210,ACCT200173,MERCH300297,withdrawal,241.57,mobile,2024-01-01 12:50:25,approved,False
TXN20240101003211,ACCT204257,MERCH300074,purchase,26.86,in_person,2024-01-01 01:17:03,reversed,False
TXN20240101003212,ACCT201712,MERCH300109,purchase,13.62,web,2024-01-01 01:36:59,approved,False
TXN20240101003213,ACCT200303,MERCH300284,purchase,59.46,mobile,2024-01-01 11:14:54,approved,False
TXN20240101003214,ACCT202387,MERCH300139,purchase,54.88,web,2024-01-01 21:47:14,approved,False
TXN20240101003215,ACCT203438,MERCH300020,withdrawal,99.68,in_person,2024-01-01 09:20:31,approved,False
TXN20240101003216,ACCT203032,MERCH300010,purchase,21.76,in_person,2024-01-01 17:44:50,approved,False
TXN20240101003217,ACCT201668,MERCH300140,purchase,17.27,in_person,2024-01-01 22:05:04,approved,False
TXN20240101003218,ACCT205288,MERCH300049,purchase,9.2,in_person,2024-01-01 00:36:40,approved,False
TXN20240101003219,ACCT203786,MERCH300264,purchase,36.92,web,2024-01-01 16:58:45,approved,False
TXN20240101003220,ACCT204431,MERCH300124,deposit,18.9,web,2024-01-01 21:28:38,approved,False
TXN20240101003221,ACCT203999,MERCH300223,withdrawal,48.73,web,2024-01-01 21:28:46,approved,False
TXN20240101003222,ACCT200034,MERCH300204,purchase,38.28,atm,2024-01-01 17:41:13,approved,False
TXN20240101003223,ACCT205452,MERCH300095,purchase,27.23,atm,2024-01-01 22:51:27,approved,False
TXN20240101003224,ACCT205837,MERCH300279,transfer,56.43,in_person,2024-01-01 14:48:38,approved,False
TXN20240101003225,ACCT200261,MERCH300102,purchase,82.58,mobile,2024-01-01 00:03:58,approved,False
TXN20240101003226,ACCT204128,MERCH300106,purchase,12.92,in_person,2024-01-01 23:17:03,approved,False
TXN20240101003227,ACCT205210,MERCH300109,purchase,57.23,mobile,2024-01-01 21:50:13,declined,False
TXN20240101003228,ACCT201735,MERCH300050,purchase,38.53,mobile,2024-01-01 04:58:19,approved,False
TXN20240101003229,ACCT204784,MERCH300030,deposit,57.42,web,2024-01-01 23:39:50,approved,False
TXN20240101003230,ACCT203246,MERCH300070,transfer,30.66,web,2024-01-01 15:00:45,approved,False
TXN20240101003231,ACCT203262,MERCH300274,purchase,329.96,web,2024-01-01 10:40:50,approved,True
TXN20240101003232,ACCT202981,MERCH300192,withdrawal,24.1,in_person,2024-01-01 19:56:38,approved,False
TXN20240101003233,ACCT206354,MERCH300223,transfer,18.46,web,2024-01-01 15:48:31,approved,False
TXN20240101003234,ACCT205052,MERCH300285,purchase,123.21,mobile,2024-01-01 18:43:24,declined,False
TXN20240101003235,ACCT204528,MERCH300272,transfer,59.83,web,2024-01-01 08:31:32,approved,False
TXN20240101003236,ACCT200702,MERCH300187,purchase,70.86,in_person,2024-01-01 09:54:06,approved,False
TXN20240101003237,ACCT203540,MERCH300125,purchase,23.8,web,2024-01-01 02:38:06,approved,False
TXN20240101003238,ACCT200413,MERCH300007,deposit,107.33,mobile,2024-01-01 21:30:04,approved,False
TXN20240101003239,ACCT203158,MERCH300201,withdrawal,47.93,web,2024-01-01 06:53:07,approved,False
TXN20240101003240,ACCT205589,MERCH300200,purchase,8.03,in_person,2024-01-01 03:00:19,approved,False
TXN20240101003241,ACCT202714,MERCH300150,purchase,144.48,mobile,2024-01-01 01:07:25,approved,False
TXN20240101003242,ACCT201991,MERCH300243,purchase,5.94,in_person,2024-01-01 09:50:59,approved,False
TXN20240101003243,ACCT202665,MERCH300132,withdrawal,14.55,web,2024-01-01 11:03:55,approved,False
TXN20240101003244,ACCT204446,MERCH300255,purchase,53.45,web,2024-01-01 20:53:46,approved,True
TXN20240101003245,ACCT200544,MERCH300297,purchase,45.22,mobile,2024-01-01 15:58:12,approved,False
TXN20240101003246,ACCT200693,MERCH300092,transfer,14.18,mobile,2024-01-01 19:15:31,approved,False
TXN20240101003247,ACCT201505,MERCH300138,transfer,33.95,mobile,2024-01-01 00:52:28,approved,False
TXN20240101003248,ACCT203883,MERCH300251,purchase,81.19,mobile,2024-01-01 00:32:37,approved,False
TXN20240101003249,ACCT203045,MERCH300085,deposit,12.91,in_person,2024-01-01 05:30:03,approved,False
TXN20240101003250,ACCT201593,MERCH300031,purchase,56.56,mobile,2024-01-01 09:55:03,approved,False
TXN20240101003251,ACCT203358,MERCH300028,transfer,13.01,mobile,2024-01-01 01:46:17,approved,False
TXN20240101003252,ACCT200788,MERCH300160,purchase,307.26,mobile,2024-01-01 20:53:04,approved,False
TXN20240101003253,ACCT201782,MERCH300279,deposit,58.11,mobile,2024-01-01 23:52:22,approved,False
TXN20240101003254,ACCT206071,MERCH300044,transfer,111.82,in_person,2024-01-01 11:43:23,approved,False
TXN20240101003255,ACCT202670,MERCH300284,transfer,177.65,in_person,2024-01-01 19:28:57,approved,False
TXN20240101003256,ACCT202364,MERCH300190,purchase,8.13,mobile,2024-01-01 04:11:40,approved,False
TXN20240101003257,ACCT202312,MERCH300097,transfer,50.78,in_person,2024-01-01 00:05:11,approved,False
TXN20240101003258,ACCT204840,MERCH300263,purchase,101.26,in_person,2024-01-01 21:15:35,approved,False
TXN20240101003259,ACCT203684,MERCH300233,purchase,45.62,atm,2024-01-01 19:28:06,approved,False
TXN20240101003260,ACCT203339,MERCH300229,deposit,20.85,atm,2024-01-01 18:08:58,declined,False
TXN20240101003261,ACCT204881,MERCH300297,withdrawal,59.37,in_person,2024-01-01 19:21:03,declined,False
TXN20240101003262,ACCT203011,MERCH300265,purchase,38.41,in_person,2024-01-01 17:47:13,approved,False
TXN20240101003263,ACCT201527,MERCH300150,purchase,7.42,web,2024-01-01 19:01:31,approved,False
TXN20240101003264,ACCT206085,MERCH300176,purchase,38.45,in_person,2024-01-01 23:18:41,approved,False
TXN20240101003265,ACCT206342,MERCH300253,purchase,13.99,in_person,2024-01-01 21:57:31,approved,False
TXN20240101003266,ACCT202035,MERCH300023,purchase,70.93,in_person,2024-01-01 21:19:56,approved,False
TXN20240101003267,ACCT200710,MERCH300038,deposit,28.74,mobile,2024-01-01 11:42:11,approved,False
TXN20240101003268,ACCT206448,MERCH300272,purchase,8.57,web,2024-01-01 19:36:59,approved,False
TXN20240101003269,ACCT200678,MERCH300211,purchase,13.86,in_person,2024-01-01 05:47:14,approved,False
TXN20240101003270,ACCT201866,MERCH300193,purchase,9.19,web,2024-01-01 07:43:43,approved,False
TXN20240101003271,ACCT205247,MERCH300054,purchase,66.28,in_person,2024-01-01 20:35:19,approved,False
TXN20240101003272,ACCT205343,MERCH300085,purchase,18.61,mobile,2024-01-01 08:58:40,approved,False
TXN20240101003273,ACCT205760,MERCH300142,transfer,68.16,in_person,2024-01-01 20:16:00,approved,False
TXN20240101003274,ACCT204343,MERCH300128,purchase,126.26,in_person,2024-01-01 11:16:43,declined,False
TXN20240101003275,ACCT200363,MERCH300033,purchase,47.41,web,2024-01-01 06:35:49,approved,False
TXN20240101003276,ACCT202030,MERCH300256,purchase,12.0,in_person,2024-01-01 09:42:20,approved,False
TXN20240101003277,ACCT203206,MERCH300280,withdrawal,11.94,in_person,2024-01-01 13:40:46,approved,False
TXN20240101003278,ACCT204443,MERCH300009,purchase,12.62,atm,2024-01-01 01:57:31,approved,False
TXN20240101003279,ACCT204843,MERCH300287,purchase,62.71,mobile,2024-01-01 13:35:19,approved,False
TXN20240101003280,ACCT204551,MERCH300178,deposit,12.49,atm,2024-01-01 02:45:34,approved,False
TXN20240101003281,ACCT200506,MERCH300238,purchase,17.55,mobile,2024-01-01 11:07:34,approved,False
TXN20240101003282,ACCT200090,MERCH300020,purchase,69.81,in_person,2024-01-01 07:02:20,approved,False
TXN20240101003283,ACCT202388,MERCH300107,transfer,15.81,atm,2024-01-01 14:48:19,approved,False
TXN20240101003284,ACCT200580,MERCH300214,purchase,119.11,mobile,2024-01-01 20:26:26,declined,False
TXN20240101003285,ACCT204977,MERCH300021,transfer,26.27,web,2024-01-01 02:17:01,approved,False
TXN20240101003286,ACCT204939,MERCH300148,purchase,475.47,mobile,2024-01-01 02:45:34,approved,False
TXN20240101003287,ACCT206417,MERCH300004,purchase,24.78,web,2024-01-01 10:23:35,approved,False
TXN20240101003288,ACCT204787,MERCH300121,purchase,139.05,mobile,2024-01-01 18:01:32,approved,False
TXN20240101003289,ACCT205333,MERCH300209,purchase,10.33,mobile,2024-01-01 06:33:43,approved,False
TXN20240101003290,ACCT205198,MERCH300181,purchase,78.62,atm,2024-01-01 18:07:29,approved,False
TXN20240101003291,ACCT204594,MERCH300196,purchase,30.46,mobile,2024-01-01 00:58:20,approved,False
TXN20240101003292,ACCT204337,MERCH300156,purchase,20.69,mobile,2024-01-01 07:19:48,approved,False
TXN20240101003293,ACCT200684,MERCH300000,purchase,38.89,web,2024-01-01 12:18:14,approved,False
TXN20240101003294,ACCT200620,MERCH300146,purchase,110.35,in_person,2024-01-01 15:50:00,approved,False
TXN20240101003295,ACCT203068,MERCH300123,purchase,108.17,mobile,2024-01-01 08:02:15,approved,False
TXN20240101003296,ACCT205486,MERCH300276,purchase,45.2,web,2024-01-01 21:40:42,approved,False
TXN20240101003297,ACCT201138,MERCH300170,transfer,30.31,in_person,2024-01-01 10:58:20,approved,False
TXN20240101003298,ACCT204321,MERCH300028,deposit,71.11,web,2024-01-01 15:01:10,approved,False
TXN20240101003299,ACCT205240,MERCH300085,purchase,13.11,web,2024-01-01 02:57:28,approved,False
TXN20240101003300,ACCT204970,MERCH300227,purchase,20.45,web,2024-01-01 22:37:11,approved,False
TXN20240101003301,ACCT200881,MERCH300093,purchase,157.34,mobile,2024-01-01 12:11:45,approved,False
TXN20240101003302,ACCT205312,MERCH300000,purchase,163.77,mobile,2024-01-01 11:51:06,approved,False
TXN20240101003303,ACCT205199,MERCH300153,purchase,10.8,in_person,2024-01-01 06:49:11,approved,False
TXN20240101003304,ACCT200770,MERCH300021,transfer,26.6,mobile,2024-01-01 14:58:46,approved,False
TXN20240101003305,ACCT202108,MERCH300191,deposit,2.14,in_person,2024-01-01 00:55:42,approved,False
TXN20240101003306,ACCT203353,MERCH300164,purchase,43.0,web,2024-01-01 10:36:14,approved,False
TXN20240101003307,ACCT204120,MERCH300068,purchase,15.01,mobile,2024-01-01 18:00:57,approved,False
TXN20240101003308,ACCT206102,MERCH300064,purchase,65.92,atm,2024-01-01 18:44:03,approved,False
TXN20240101003309,ACCT204560,MERCH300251,purchase,31.37,in_person,2024-01-01 15:45:10,approved,False
TXN20240101003310,ACCT204681,MERCH300009,transfer,27.91,mobile,2024-01-01 08:46:13,approved,False
TXN20240101003311,ACCT201085,MERCH300148,purchase,18.94,mobile,2024-01-01 12:10:30,declined,False
TXN20240101003312,ACCT202615,MERCH300203,purchase,207.21,in_person,2024-01-01 04:44:30,approved,False
TXN20240101003313,ACCT203241,MERCH300276,withdrawal,149.6,web,2024-01-01 14:49:21,declined,False
TXN20240101003314,ACCT203213,MERCH300063,purchase,52.93,mobile,2024-01-01 05:04:14,approved,False
TXN20240101003315,ACCT201256,MERCH300087,withdrawal,61.63,in_person,2024-01-01 07:01:36,approved,False
TXN20240101003316,ACCT205514,MERCH300211,purchase,5.15,web,2024-01-01 17:05:24,approved,False
TXN20240101003317,ACCT200766,MERCH300298,purchase,27.09,web,2024-01-01 02:41:52,approved,False
TXN20240101003318,ACCT200509,MERCH300277,purchase,38.74,web,2024-01-01 07:18:04,approved,False
TXN20240101003319,ACCT204070,MERCH300234,transfer,9.66,web,2024-01-01 08:49:53,approved,False
TXN20240101003320,ACCT205142,MERCH300045,purchase,60.51,in_person,2024-01-01 22:57:49,approved,False
TXN20240101003321,ACCT206384,MERCH300221,purchase,32.59,in_person,2024-01-01 18:02:26,approved,False
TXN20240101003322,ACCT201863,MERCH300233,purchase,44.26,mobile,2024-01-01 08:44:41,approved,False
TXN20240101003323,ACCT204373,MERCH300161,transfer,19.06,web,2024-01-01 14:45:45,approved,False
TXN20240101003324,ACCT203403,MERCH300143,purchase,15.14,web,2024-01-01 05:04:53,approved,False
TXN20240101003325,ACCT201532,MERCH300238,transfer,498.52,mobile,2024-01-01 18:07:30,approved,False
TXN20240101003326,ACCT204584,MERCH300064,deposit,38.31,in_person,2024-01-01 08:48:04,approved,False
TXN20240101003327,ACCT202927,MERCH300256,purchase,13.48,in_person,2024-01-01 21:04:46,approved,False
TXN20240101003328,ACCT205288,MERCH300009,deposit,15.2,web,2024-01-01 21:11:09,approved,False
TXN20240101003329,ACCT206154,MERCH300276,purchase,151.15,in_person,2024-01-01 05:55:53,approved,False
TXN20240101003330,ACCT205870,MERCH300206,withdrawal,127.08,in_person,2024-01-01 09:43:49,approved,False
TXN20240101003331,ACCT206326,MERCH300155,purchase,14.42,mobile,2024-01-01 21:55:42,approved,False
TXN20240101003332,ACCT201375,MERCH300286,purchase,60.82,atm,2024-01-01 02:16:20,approved,False
TXN20240101003333,ACCT201892,MERCH300221,withdrawal,17.46,in_person,2024-01-01 15:44:03,approved,False
TXN20240101003334,ACCT200128,MERCH300250,purchase,11.61,web,2024-01-01 12:36:25,approved,False
TXN20240101003335,ACCT203716,MERCH300096,purchase,42.82,mobile,2024-01-01 13:53:14,approved,False
TXN20240101003336,ACCT204961,MERCH300214,purchase,14.42,mobile,2024-01-01 13:13:58,approved,False
TXN20240101003337,ACCT204070,MERCH300101,purchase,14.43,in_person,2024-01-01 12:01:47,approved,False
TXN20240101003338,ACCT204619,MERCH300109,purchase,22.25,mobile,2024-01-01 08:23:11,approved,False
TXN20240101003339,ACCT201198,MERCH300045,withdrawal,43.04,atm,2024-01-01 11:30:01,approved,False
TXN20240101003340,ACCT203579,MERCH300265,purchase,35.28,in_person,2024-01-01 23:34:55,approved,False
TXN20240101003341,ACCT202212,MERCH300073,purchase,75.39,in_person,2024-01-01 01:52:31,approved,False
TXN20240101003342,ACCT202215,MERCH300239,deposit,98.55,mobile,2024-01-01 03:41:43,approved,False
TXN20240101003343,ACCT202694,MERCH300031,purchase,30.08,in_person,2024-01-01 01:53:36,approved,False
TXN20240101003344,ACCT201478,MERCH300122,withdrawal,33.03,in_person,2024-01-01 15:43:18,approved,False
TXN20240101003345,ACCT203605,MERCH300041,purchase,78.03,mobile,2024-01-01 07:22:49,approved,False
TXN20240101003346,ACCT200057,MERCH300029,purchase,12.63,mobile,2024-01-01 01:48:13,approved,False
TXN20240101003347,ACCT203233,MERCH300163,transfer,12.19,web,2024-01-01 04:19:48,approved,False
TXN20240101003348,ACCT205712,MERCH300004,purchase,35.16,web,2024-01-01 06:48:58,approved,False
TXN20240101003349,ACCT204045,MERCH300239,purchase,24.15,web,2024-01-01 02:41:04,approved,False
TXN20240101003350,ACCT201437,MERCH300038,purchase,32.82,mobile,2024-01-01 18:13:46,approved,False
TXN20240101003351,ACCT202326,MERCH300012,purchase,83.56,mobile,2024-01-01 00:03:40,approved,False
TXN20240101003352,ACCT200920,MERCH300165,purchase,32.13,mobile,2024-01-01 21:53:46,reversed,False
TXN20240101003353,ACCT206291,MERCH300230,purchase,57.45,web,2024-01-01 23:46:47,approved,False
TXN20240101003354,ACCT202756,MERCH300005,purchase,8.23,mobile,2024-01-01 22:03:56,approved,False
TXN20240101003355,ACCT201859,MERCH300249,purchase,130.87,mobile,2024-01-01 05:14:06,approved,False
TXN20240101003356,ACCT204156,MERCH300287,purchase,57.43,web,2024-01-01 05:28:18,approved,False
TXN20240101003357,ACCT200262,MERCH300004,purchase,22.31,in_person,2024-01-01 23:31:29,approved,False
TXN20240101003358,ACCT201051,MERCH300115,purchase,16.25,web,2024-01-01 14:22:53,approved,False
TXN20240101003359,ACCT202286,MERCH300048,purchase,30.22,web,2024-01-01 13:11:38,approved,False
TXN20240101003360,ACCT205515,MERCH300063,purchase,70.41,in_person,2024-01-01 20:40:36,approved,False
TXN20240101003361,ACCT201473,MERCH300150,deposit,3.27,in_person,2024-01-01 04:44:20,approved,False
TXN20240101003362,ACCT205556,MERCH300177,purchase,42.59,in_person,2024-01-01 09:38:07,approved,False
TXN20240101003363,ACCT200530,MERCH300186,purchase,208.29,in_person,2024-01-01 03:57:22,approved,False
TXN20240101003364,ACCT200309,MERCH300213,purchase,79.71,web,2024-01-01 19:23:28,approved,False
TXN20240101003365,ACCT204191,MERCH300239,withdrawal,35.0,mobile,2024-01-01 04:32:06,approved,False
TXN20240101003366,ACCT205246,MERCH300045,transfer,32.61,web,2024-01-01 03:19:09,approved,False
TXN20240101003367,ACCT205216,MERCH300289,withdrawal,8.88,mobile,2024-01-01 08:57:46,approved,False
TXN20240101003368,ACCT200817,MERCH300040,purchase,18.98,web,2024-01-01 13:25:14,approved,False
TXN20240101003369,ACCT205021,MERCH300035,purchase,36.96,mobile,2024-01-01 04:24:14,approved,False
TXN20240101003370,ACCT202936,MERCH300243,transfer,116.26,mobile,2024-01-01 21:44:06,approved,False
TXN20240101003371,ACCT204197,MERCH300216,transfer,48.08,mobile,2024-01-01 19:17:26,approved,False
TXN20240101003372,ACCT200053,MERCH300116,deposit,44.97,mobile,2024-01-01 22:21:02,approved,False
TXN20240101003373,ACCT203323,MERCH300136,transfer,30.94,in_person,2024-01-01 08:50:30,approved,False
TXN20240101003374,ACCT204033,MERCH300088,purchase,89.04,web,2024-01-01 09:01:04,approved,False
TXN20240101003375,ACCT205876,MERCH300096,purchase,63.82,mobile,2024-01-01 12:02:05,approved,False
TXN20240101003376,ACCT200267,MERCH300037,withdrawal,10.49,in_person,2024-01-01 21:51:58,approved,False
TXN20240101003377,ACCT201491,MERCH300268,purchase,54.16,in_person,2024-01-01 12:16:25,approved,False
TXN20240101003378,ACCT202195,MERCH300245,purchase,6.4,web,2024-01-01 09:46:17,approved,False
TXN20240101003379,ACCT203448,MERCH300179,purchase,63.3,web,2024-01-01 15:41:09,approved,False
TXN20240101003380,ACCT201632,MERCH300259,deposit,7.9,atm,2024-01-01 03:11:26,approved,False
TXN20240101003381,ACCT200037,MERCH300212,purchase,57.2,mobile,2024-01-01 23:11:13,approved,False
TXN20240101003382,ACCT202088,MERCH300267,purchase,46.75,in_person,2024-01-01 16:59:13,approved,False
TXN20240101003383,ACCT205620,MERCH300047,purchase,6.13,web,2024-01-01 10:53:21,approved,False
TXN20240101003384,ACCT205532,MERCH300150,purchase,35.79,mobile,2024-01-01 02:15:08,approved,False
TXN20240101003385,ACCT203002,MERCH300143,transfer,30.31,mobile,2024-01-01 07:28:29,approved,False
TXN20240101003386,ACCT201823,MERCH300222,withdrawal,227.65,web,2024-01-01 13:51:24,approved,False
TXN20240101003387,ACCT204679,MERCH300224,purchase,5.77,in_person,2024-01-01 23:14:26,approved,False
TXN20240101003388,ACCT204033,MERCH300075,transfer,22.8,atm,2024-01-01 11:39:46,approved,False
TXN20240101003389,ACCT200179,MERCH300253,purchase,46.95,web,2024-01-01 23:22:04,approved,False
TXN20240101003390,ACCT204797,MERCH300000,purchase,18.28,in_person,2024-01-01 12:52:16,approved,False
TXN20240101003391,ACCT200972,MERCH300199,withdrawal,18.9,in_person,2024-01-01 18:17:21,approved,False
TXN20240101003392,ACCT202274,MERCH300201,transfer,26.11,mobile,2024-01-01 02:25:23,approved,False
TXN20240101003393,ACCT204750,MERCH300082,purchase,195.17,web,2024-01-01 19:42:02,approved,False
TXN20240101003394,ACCT204521,MERCH300033,purchase,24.0,in_person,2024-01-01 05:40:15,approved,False
TXN20240101003395,ACCT204334,MERCH300193,withdrawal,10.98,web,2024-01-01 09:06:15,approved,False
TXN20240101003396,ACCT204523,MERCH300042,transfer,14.84,atm,2024-01-01 07:05:54,declined,False
TXN20240101003397,ACCT200953,MERCH300067,transfer,46.55,web,2024-01-01 12:51:05,approved,False
TXN20240101003398,ACCT201788,MERCH300225,deposit,55.53,web,2024-01-01 14:45:29,approved,False
TXN20240101003399,ACCT201759,MERCH300232,purchase,15.78,in_person,2024-01-01 08:08:10,approved,False
TXN20240101003400,ACCT206111,MERCH300070,purchase,95.89,in_person,2024-01-01 01:38:58,approved,False
TXN20240101003401,ACCT205106,MERCH300065,purchase,20.12,atm,2024-01-01 14:16:30,approved,False
TXN20240101003402,ACCT202460,MERCH300118,purchase,49.38,in_person,2024-01-01 10:24:19,approved,False
TXN20240101003403,ACCT205705,MERCH300087,transfer,9.73,in_person,2024-01-01 19:37:55,approved,False
TXN20240101003404,ACCT200378,MERCH300064,purchase,15.84,in_person,2024-01-01 16:38:38,approved,False
TXN20240101003405,ACCT203994,MERCH300195,purchase,18.62,in_person,2024-01-01 08:21:11,approved,False
TXN20240101003406,ACCT205611,MERCH300144,withdrawal,12.31,web,2024-01-01 01:49:42,approved,False
TXN20240101003407,ACCT201766,MERCH300269,purchase,16.18,atm,2024-01-01 12:30:43,approved,False
TXN20240101003408,ACCT201821,MERCH300018,purchase,57.29,in_person,2024-01-01 19:48:30,approved,False
TXN20240101003409,ACCT202561,MERCH300117,withdrawal,11.54,in_person,2024-01-01 18:34:02,declined,False
TXN20240101003410,ACCT204215,MERCH300055,transfer,25.32,web,2024-01-01 08:21:44,reversed,False
TXN20240101003411,ACCT204326,MERCH300181,purchase,43.05,atm,2024-01-01 05:15:20,approved,False
TXN20240101003412,ACCT202087,MERCH300025,purchase,18.62,atm,2024-01-01 01:00:06,approved,False
TXN20240101003413,ACCT203359,MERCH300126,purchase,89.21,atm,2024-01-01 14:32:24,approved,False
TXN20240101003414,ACCT203117,MERCH300106,purchase,34.64,in_person,2024-01-01 06:33:29,declined,False
TXN20240101003415,ACCT205191,MERCH300297,purchase,45.16,mobile,2024-01-01 18:56:06,approved,False
TXN20240101003416,ACCT202260,MERCH300043,purchase,16.51,web,2024-01-01 14:15:13,approved,False
TXN20240101003417,ACCT201809,MERCH300161,transfer,19.2,in_person,2024-01-01 01:00:38,approved,False
TXN20240101003418,ACCT201437,MERCH300137,withdrawal,41.1,mobile,2024-01-01 16:53:40,approved,False
TXN20240101003419,ACCT202124,MERCH300145,purchase,6.34,mobile,2024-01-01 06:35:08,approved,False
TXN20240101003420,ACCT202958,MERCH300230,purchase,41.15,mobile,2024-01-01 20:02:14,approved,False
TXN20240101003421,ACCT204958,MERCH300168,purchase,20.36,in_person,2024-01-01 00:19:48,approved,False
TXN20240101003422,ACCT201435,MERCH300070,deposit,201.72,in_person,2024-01-01 08:58:05,approved,False
TXN20240101003423,ACCT201391,MERCH300298,transfer,23.55,web,2024-01-01 00:51:35,approved,False
TXN20240101003424,ACCT201317,MERCH300091,transfer,103.35,in_person,2024-01-01 15:33:25,approved,False
TXN20240101003425,ACCT201338,MERCH300271,purchase,15.16,in_person,2024-01-01 11:05:44,approved,False
TXN20240101003426,ACCT200046,MERCH300183,transfer,235.24,mobile,2024-01-01 12:39:02,approved,False
TXN20240101003427,ACCT204541,MERCH300291,purchase,13.57,in_person,2024-01-01 16:03:09,approved,False
TXN20240101003428,ACCT200797,MERCH300244,purchase,55.12,in_person,2024-01-01 21:23:49,approved,False
TXN20240101003429,ACCT200320,MERCH300238,purchase,20.81,in_person,2024-01-01 09:24:19,approved,False
TXN20240101003430,ACCT202248,MERCH300164,purchase,143.12,in_person,2024-01-01 13:46:22,approved,False
TXN20240101003431,ACCT202486,MERCH300235,purchase,62.63,in_person,2024-01-01 14:40:42,approved,False
TXN20240101003432,ACCT200985,MERCH300213,purchase,42.18,mobile,2024-01-01 21:28:28,approved,False
TXN20240101003433,ACCT202475,MERCH300216,purchase,15.14,mobile,2024-01-01 04:00:27,approved,False
TXN20240101003434,ACCT206263,MERCH300038,purchase,26.61,in_person,2024-01-01 12:01:03,approved,False
TXN20240101003435,ACCT200612,MERCH300207,purchase,32.78,web,2024-01-01 20:48:37,approved,False
TXN20240101003436,ACCT200682,MERCH300030,purchase,15.71,in_person,2024-01-01 06:39:08,approved,False
TXN20240101003437,ACCT202088,MERCH300262,withdrawal,49.17,in_person,2024-01-01 08:20:24,approved,False
TXN20240101003438,ACCT205207,MERCH300235,purchase,31.66,mobile,2024-01-01 10:45:21,approved,False
TXN20240101003439,ACCT206117,MERCH300026,purchase,103.83,atm,2024-01-01 16:55:40,approved,False
TXN20240101003440,ACCT205584,MERCH300251,deposit,36.92,in_person,2024-01-01 16:00:40,approved,False
TXN20240101003441,ACCT203258,MERCH300249,purchase,39.78,mobile,2024-01-01 03:54:38,approved,False
TXN20240101003442,ACCT205656,MERCH300294,purchase,18.09,in_person,2024-01-01 04:14:36,approved,False
TXN20240101003443,ACCT204137,MERCH300070,purchase,32.93,mobile,2024-01-01 19:45:17,approved,False
TXN20240101003444,ACCT204209,MERCH300096,purchase,57.25,web,2024-01-01 16:35:20,approved,False
TXN20240101003445,ACCT202753,MERCH300166,purchase,45.06,web,2024-01-01 12:44:52,approved,False
TXN20240101003446,ACCT202180,MERCH300107,transfer,5.96,mobile,2024-01-01 10:07:42,approved,False
TXN20240101003447,ACCT201113,MERCH300164,transfer,19.84,mobile,2024-01-01 23:36:43,approved,False
TXN20240101003448,ACCT206047,MERCH300013,purchase,47.46,atm,2024-01-01 21:57:52,approved,False
TXN20240101003449,ACCT201683,MERCH300213,purchase,23.99,web,2024-01-01 09:47:04,approved,False
TXN20240101003450,ACCT204156,MERCH300040,purchase,7.05,atm,2024-01-01 08:47:00,approved,False
TXN20240101003451,ACCT205348,MERCH300168,withdrawal,10.9,mobile,2024-01-01 20:10:02,approved,False
TXN20240101003452,ACCT200398,MERCH300071,transfer,308.94,web,2024-01-01 08:16:29,approved,False
TXN20240101003453,ACCT200902,MERCH300283,purchase,6.24,web,2024-01-01 09:49:42,approved,False
TXN20240101003454,ACCT202524,MERCH300153,transfer,56.46,atm,2024-01-01 22:24:57,approved,False
TXN20240101003455,ACCT202201,MERCH300135,purchase,46.99,web,2024-01-01 02:33:37,approved,False
TXN20240101003456,ACCT205801,MERCH300233,purchase,15.38,in_person,2024-01-01 16:10:44,approved,False
TXN20240101003457,ACCT206211,MERCH300223,purchase,20.97,in_person,2024-01-01 16:46:55,approved,False
TXN20240101003458,ACCT201711,MERCH300057,purchase,22.95,in_person,2024-01-01 09:26:10,approved,False
TXN20240101003459,ACCT201079,MERCH300108,purchase,60.97,in_person,2024-01-01 04:29:40,approved,False
TXN20240101003460,ACCT205212,MERCH300249,purchase,361.83,in_person,2024-01-01 20:57:39,approved,False
TXN20240101003461,ACCT200951,MERCH300219,transfer,20.38,mobile,2024-01-01 19:37:12,approved,False
TXN20240101003462,ACCT202495,MERCH300003,purchase,143.38,web,2024-01-01 20:26:28,approved,False
TXN20240101003463,ACCT201890,MERCH300003,purchase,202.59,in_person,2024-01-01 08:20:02,approved,False
TXN20240101003464,ACCT205882,MERCH300115,withdrawal,21.4,in_person,2024-01-01 23:36:28,approved,False
TXN20240101003465,ACCT202309,MERCH300054,purchase,16.22,in_person,2024-01-01 18:25:31,approved,False
TXN20240101003466,ACCT205966,MERCH300072,deposit,48.31,web,2024-01-01 05:13:22,declined,False
TXN20240101003467,ACCT202655,MERCH300059,transfer,16.12,web,2024-01-01 11:21:29,approved,False
TXN20240101003468,ACCT202047,MERCH300023,purchase,18.91,atm,2024-01-01 07:17:38,approved,False
TXN20240101003469,ACCT202680,MERCH300159,purchase,4.48,web,2024-01-01 12:44:56,approved,False
TXN20240101003470,ACCT204564,MERCH300267,withdrawal,35.61,mobile,2024-01-01 04:30:23,approved,False
TXN20240101003471,ACCT201805,MERCH300056,purchase,32.18,in_person,2024-01-01 17:12:42,approved,False
TXN20240101003472,ACCT201217,MERCH300079,purchase,21.67,mobile,2024-01-01 11:08:26,approved,False
TXN20240101003473,ACCT204094,MERCH300204,purchase,22.46,mobile,2024-01-01 15:55:54,approved,False
TXN20240101003474,ACCT204113,MERCH300225,purchase,31.51,atm,2024-01-01 15:53:33,approved,False
TXN20240101003475,ACCT201269,MERCH300025,transfer,22.2,mobile,2024-01-01 15:49:45,approved,False
TXN20240101003476,ACCT201959,MERCH300053,purchase,111.03,atm,2024-01-01 18:44:17,approved,False
TXN20240101003477,ACCT203961,MERCH300072,transfer,26.21,mobile,2024-01-01 15:51:39,approved,False
TXN20240101003478,ACCT205579,MERCH300123,transfer,15.2,atm,2024-01-01 12:38:15,approved,False
TXN20240101003479,ACCT204925,MERCH300019,transfer,192.48,web,2024-01-01 14:54:33,declined,False
TXN20240101003480,ACCT206155,MERCH300068,transfer,32.93,in_person,2024-01-01 15:55:11,approved,False
TXN20240101003481,ACCT204712,MERCH300196,purchase,307.6,web,2024-01-01 19:26:34,approved,False
TXN20240101003482,ACCT201839,MERCH300206,purchase,6.77,atm,2024-01-01 11:14:10,approved,False
TXN20240101003483,ACCT206156,MERCH300086,withdrawal,86.18,atm,2024-01-01 07:53:30,approved,False
TXN20240101003484,ACCT202938,MERCH300089,purchase,29.05,atm,2024-01-01 06:49:29,approved,False
TXN20240101003485,ACCT203759,MERCH300274,purchase,29.56,web,2024-01-01 04:26:50,approved,False
TXN20240101003486,ACCT200014,MERCH300171,deposit,24.37,mobile,2024-01-01 14:54:06,approved,False
TXN20240101003487,ACCT202776,MERCH300223,withdrawal,23.81,web,2024-01-01 17:06:14,approved,False
TXN20240101003488,ACCT205725,MERCH300040,purchase,21.65,mobile,2024-01-01 07:49:42,approved,False
TXN20240101003489,ACCT205527,MERCH300138,withdrawal,19.9,web,2024-01-01 12:02:54,approved,False
TXN20240101003490,ACCT203558,MERCH300265,transfer,127.16,in_person,2024-01-01 08:06:48,approved,False
TXN20240101003491,ACCT200173,MERCH300247,deposit,168.29,web,2024-01-01 21:03:33,approved,False
TXN20240101003492,ACCT202942,MERCH300067,withdrawal,69.25,in_person,2024-01-01 21:04:16,approved,False
TXN20240101003493,ACCT204311,MERCH300202,purchase,70.0,web,2024-01-01 23:11:26,approved,False
TXN20240101003494,ACCT201869,MERCH300129,transfer,45.17,mobile,2024-01-01 20:21:51,approved,False
TXN20240101003495,ACCT200891,MERCH300186,withdrawal,4.66,in_person,2024-01-01 20:21:12,approved,False
TXN20240101003496,ACCT203900,MERCH300127,purchase,15.13,mobile,2024-01-01 13:25:59,approved,False
TXN20240101003497,ACCT205834,MERCH300092,transfer,73.8,in_person,2024-01-01 13:58:16,approved,False
TXN20240101003498,ACCT203190,MERCH300066,purchase,48.0,in_person,2024-01-01 07:30:28,approved,False
TXN20240101003499,ACCT203667,MERCH300171,deposit,57.23,in_person,2024-01-01 18:14:35,approved,False
TXN20240101003500,ACCT205074,MERCH300163,deposit,9.42,in_person,2024-01-01 07:08:17,approved,False
TXN20240101003501,ACCT202722,MERCH300073,purchase,75.58,mobile,2024-01-01 08:54:09,approved,False
TXN20240101003502,ACCT205238,MERCH300277,purchase,16.13,mobile,2024-01-01 22:16:18,approved,False
TXN20240101003503,ACCT202559,MERCH300168,purchase,15.84,mobile,2024-01-01 00:48:00,approved,False
TXN20240101003504,ACCT203554,MERCH300119,purchase,25.22,mobile,2024-01-01 02:47:38,approved,False
TXN20240101003505,ACCT201439,MERCH300113,purchase,28.71,mobile,2024-01-01 18:51:15,approved,False
TXN20240101003506,ACCT206109,MERCH300021,purchase,125.43,mobile,2024-01-01 16:08:26,reversed,False
TXN20240101003507,ACCT204780,MERCH300108,purchase,46.07,web,2024-01-01 18:47:18,approved,False
TXN20240101003508,ACCT202576,MERCH300253,transfer,153.06,in_person,2024-01-01 11:46:12,approved,False
TXN20240101003509,ACCT205657,MERCH300280,purchase,23.85,mobile,2024-01-01 00:58:56,approved,False
TXN20240101003510,ACCT203374,MERCH300118,purchase,16.22,web,2024-01-01 07:42:20,approved,False
TXN20240101003511,ACCT202981,MERCH300109,purchase,49.03,atm,2024-01-01 20:07:34,approved,False
TXN20240101003512,ACCT206432,MERCH300251,purchase,9.84,mobile,2024-01-01 15:27:20,approved,False
TXN20240101003513,ACCT201737,MERCH300106,purchase,20.09,web,2024-01-01 21:28:24,approved,False
TXN20240101003514,ACCT203649,MERCH300278,transfer,14.9,atm,2024-01-01 00:28:14,approved,False
TXN20240101003515,ACCT201949,MERCH300198,purchase,24.78,in_person,2024-01-01 07:20:58,approved,False
TXN20240101003516,ACCT205330,MERCH300285,deposit,10.71,mobile,2024-01-01 16:48:36,approved,True
TXN20240101003517,ACCT200855,MERCH300072,purchase,10.16,mobile,2024-01-01 00:17:22,approved,False
TXN20240101003518,ACCT205448,MERCH300102,purchase,64.0,mobile,2024-01-01 10:26:33,approved,False
TXN20240101003519,ACCT204610,MERCH300297,transfer,37.49,web,2024-01-01 21:26:57,approved,False
TXN20240101003520,ACCT206287,MERCH300079,purchase,34.87,in_person,2024-01-01 03:38:37,approved,False
TXN20240101003521,ACCT206072,MERCH300229,purchase,23.16,in_person,2024-01-01 01:28:56,approved,False
TXN20240101003522,ACCT201252,MERCH300248,purchase,25.24,web,2024-01-01 15:58:39,approved,False
TXN20240101003523,ACCT205879,MERCH300272,transfer,43.13,web,2024-01-01 05:59:41,approved,False
TXN20240101003524,ACCT205255,MERCH300111,purchase,27.64,web,2024-01-01 04:27:22,approved,False
TXN20240101003525,ACCT200297,MERCH300176,purchase,79.86,web,2024-01-01 13:15:31,approved,False
TXN20240101003526,ACCT202265,MERCH300187,transfer,24.93,web,2024-01-01 14:45:36,approved,False
TXN20240101003527,ACCT201811,MERCH300019,withdrawal,260.29,in_person,2024-01-01 19:54:49,approved,False
TXN20240101003528,ACCT203911,MERCH300050,transfer,46.48,in_person,2024-01-01 02:53:44,approved,False
TXN20240101003529,ACCT204033,MERCH300201,purchase,37.02,mobile,2024-01-01 18:10:19,approved,False
TXN20240101003530,ACCT200057,MERCH300134,withdrawal,15.32,mobile,2024-01-01 16:03:25,approved,False
TXN20240101003531,ACCT203499,MERCH300260,purchase,23.81,web,2024-01-01 16:39:22,reversed,False
TXN20240101003532,ACCT205822,MERCH300252,purchase,19.52,web,2024-01-01 05:18:59,approved,False
TXN20240101003533,ACCT202306,MERCH300261,purchase,274.59,in_person,2024-01-01 19:18:12,approved,False
TXN20240101003534,ACCT202923,MERCH300207,deposit,16.27,in_person,2024-01-01 02:01:34,approved,False
TXN20240101003535,ACCT203517,MERCH300190,purchase,49.25,mobile,2024-01-01 16:57:15,approved,False
TXN20240101003536,ACCT204457,MERCH300274,purchase,26.3,in_person,2024-01-01 03:00:07,approved,True
TXN20240101003537,ACCT202336,MERCH300013,purchase,129.43,in_person,2024-01-01 15:38:08,approved,False
TXN20240101003538,ACCT202765,MERCH300245,withdrawal,71.24,web,2024-01-01 10:55:01,approved,False
TXN20240101003539,ACCT200454,MERCH300137,purchase,20.51,mobile,2024-01-01 04:03:51,approved,True
TXN20240101003540,ACCT204345,MERCH300217,purchase,32.35,web,2024-01-01 04:36:50,approved,False
TXN20240101003541,ACCT205015,MERCH300213,purchase,19.07,web,2024-01-01 10:55:00,approved,False
TXN20240101003542,ACCT202606,MERCH300099,purchase,23.24,atm,2024-01-01 08:24:16,reversed,False
TXN20240101003543,ACCT206334,MERCH300216,purchase,40.31,mobile,2024-01-01 10:17:25,approved,False
TXN20240101003544,ACCT204265,MERCH300157,withdrawal,18.97,web,2024-01-01 10:42:09,approved,False
TXN20240101003545,ACCT203287,MERCH300146,purchase,34.7,in_person,2024-01-01 00:55:21,approved,False
TXN20240101003546,ACCT203154,MERCH300182,purchase,24.74,web,2024-01-01 10:33:55,approved,False
TXN20240101003547,ACCT201342,MERCH300243,purchase,62.54,atm,2024-01-01 09:00:23,approved,False
TXN20240101003548,ACCT205301,MERCH300032,purchase,68.83,mobile,2024-01-01 09:41:30,approved,False
TXN20240101003549,ACCT202959,MERCH300065,withdrawal,68.42,atm,2024-01-01 05:13:50,approved,False
TXN20240101003550,ACCT206057,MERCH300157,withdrawal,63.56,web,2024-01-01 04:59:00,approved,False
TXN20240101003551,ACCT205330,MERCH300241,transfer,5.46,in_person,2024-01-01 02:16:49,approved,False
TXN20240101003552,ACCT202916,MERCH300171,purchase,114.08,web,2024-01-01 14:38:27,approved,False
TXN20240101003553,ACCT206291,MERCH300073,withdrawal,52.34,atm,2024-01-01 13:41:39,approved,False
TXN20240101003554,ACCT204600,MERCH300086,purchase,16.06,in_person,2024-01-01 19:26:57,approved,False
TXN20240101003555,ACCT200236,MERCH300239,purchase,108.53,web,2024-01-01 05:47:41,approved,False
TXN20240101003556,ACCT205898,MERCH300143,purchase,25.38,web,2024-01-01 09:53:18,approved,False
TXN20240101003557,ACCT206242,MERCH300102,purchase,16.45,web,2024-01-01 04:37:48,approved,False
TXN20240101003558,ACCT205333,MERCH300142,purchase,14.18,web,2024-01-01 22:45:14,approved,False
TXN20240101003559,ACCT203688,MERCH300285,purchase,41.53,web,2024-01-01 18:03:23,approved,False
TXN20240101003560,ACCT205305,MERCH300012,purchase,12.28,atm,2024-01-01 03:14:38,approved,False
TXN20240101003561,ACCT205671,MERCH300247,purchase,65.59,in_person,2024-01-01 19:26:27,approved,False
TXN20240101003562,ACCT203047,MERCH300095,transfer,130.03,mobile,2024-01-01 22:07:51,declined,False
TXN20240101003563,ACCT204302,MERCH300245,purchase,40.9,in_person,2024-01-01 15:29:14,approved,False
TXN20240101003564,ACCT203936,MERCH300071,purchase,51.31,in_person,2024-01-01 23:04:38,approved,False
TXN20240101003565,ACCT201054,MERCH300091,purchase,49.34,in_person,2024-01-01 04:21:14,approved,False
TXN20240101003566,ACCT202242,MERCH300256,transfer,28.35,in_person,2024-01-01 06:03:35,approved,False
TXN20240101003567,ACCT203477,MERCH300278,withdrawal,133.56,web,2024-01-01 15:25:56,approved,False
TXN20240101003568,ACCT200949,MERCH300067,purchase,12.15,in_person,2024-01-01 12:24:58,approved,False
TXN20240101003569,ACCT205978,MERCH300158,transfer,19.3,in_person,2024-01-01 17:28:45,approved,False
TXN20240101003570,ACCT204584,MERCH300199,purchase,35.14,mobile,2024-01-01 23:59:38,approved,False
TXN20240101003571,ACCT201151,MERCH300203,deposit,25.59,mobile,2024-01-01 05:33:27,approved,False
TXN20240101003572,ACCT204973,MERCH300013,purchase,11.79,atm,2024-01-01 20:08:18,approved,False
TXN20240101003573,ACCT204328,MERCH300181,purchase,171.95,mobile,2024-01-01 03:37:02,approved,False
TXN20240101003574,ACCT205413,MERCH300201,transfer,14.65,web,2024-01-01 11:58:30,approved,False
TXN20240101003575,ACCT200345,MERCH300114,purchase,17.1,web,2024-01-01 10:12:44,approved,False
TXN20240101003576,ACCT206095,MERCH300201,withdrawal,160.85,atm,2024-01-01 19:04:50,approved,False
TXN20240101003577,ACCT205696,MERCH300194,purchase,26.36,web,2024-01-01 10:54:56,approved,False
TXN20240101003578,ACCT205814,MERCH300159,purchase,10.97,web,2024-01-01 19:10:10,approved,False
TXN20240101003579,ACCT203143,MERCH300258,purchase,5.31,in_person,2024-01-01 03:49:55,approved,False
TXN20240101003580,ACCT206037,MERCH300255,purchase,115.04,in_person,2024-01-01 23:25:16,approved,False
TXN20240101003581,ACCT204020,MERCH300141,purchase,15.05,mobile,2024-01-01 04:47:42,approved,False
TXN20240101003582,ACCT205079,MERCH300023,purchase,30.08,in_person,2024-01-01 14:42:44,approved,False
TXN20240101003583,ACCT202378,MERCH300130,withdrawal,43.55,in_person,2024-01-01 11:48:38,approved,False
TXN20240101003584,ACCT205387,MERCH300288,purchase,28.72,mobile,2024-01-01 02:45:25,approved,False
TXN20240101003585,ACCT203888,MERCH300175,purchase,46.91,mobile,2024-01-01 12:31:07,approved,False
TXN20240101003586,ACCT202249,MERCH300211,transfer,27.17,atm,2024-01-01 20:14:30,approved,False
TXN20240101003587,ACCT202590,MERCH300041,purchase,4.92,mobile,2024-01-01 12:57:05,approved,False
TXN20240101003588,ACCT202663,MERCH300117,transfer,96.24,in_person,2024-01-01 16:11:37,approved,False
TXN20240101003589,ACCT203318,MERCH300196,purchase,31.94,web,2024-01-01 23:21:15,approved,False
TXN20240101003590,ACCT203016,MERCH300187,transfer,49.04,in_person,2024-01-01 07:16:11,approved,False
TXN20240101003591,ACCT205947,MERCH300217,withdrawal,119.45,in_person,2024-01-01 00:25:33,approved,False
TXN20240101003592,ACCT203655,MERCH300226,purchase,24.97,mobile,2024-01-01 16:14:14,approved,False
TXN20240101003593,ACCT205392,MERCH300037,purchase,12.21,mobile,2024-01-01 18:48:54,approved,False
TXN20240101003594,ACCT206413,MERCH300063,purchase,23.63,in_person,2024-01-01 03:26:05,approved,False
TXN20240101003595,ACCT206137,MERCH300080,purchase,35.88,web,2024-01-01 08:52:52,approved,False
TXN20240101003596,ACCT203137,MERCH300035,purchase,25.37,atm,2024-01-01 08:01:46,approved,False
TXN20240101003597,ACCT205452,MERCH300231,withdrawal,40.01,web,2024-01-01 18:26:18,approved,False
TXN20240101003598,ACCT206132,MERCH300241,withdrawal,8.84,in_person,2024-01-01 21:35:34,approved,False
TXN20240101003599,ACCT201749,MERCH300098,purchase,135.91,in_person,2024-01-01 17:50:21,approved,False
TXN20240101003600,ACCT200219,MERCH300162,withdrawal,21.12,web,2024-01-01 07:43:14,approved,False
TXN20240101003601,ACCT203008,MERCH300223,purchase,19.8,web,2024-01-01 14:37:18,approved,False
TXN20240101003602,ACCT203215,MERCH300187,purchase,95.2,mobile,2024-01-01 06:50:20,approved,False
TXN20240101003603,ACCT200232,MERCH300059,purchase,1.74,in_person,2024-01-01 15:23:31,approved,False
TXN20240101003604,ACCT206470,MERCH300123,purchase,76.95,web,2024-01-01 23:57:34,approved,False
TXN20240101003605,ACCT204249,MERCH300214,purchase,211.09,in_person,2024-01-01 15:54:48,declined,False
TXN20240101003606,ACCT200990,MERCH300133,purchase,3.95,in_person,2024-01-01 18:54:34,approved,False
TXN20240101003607,ACCT204063,MERCH300046,purchase,191.21,in_person,2024-01-01 17:30:46,approved,False
TXN20240101003608,ACCT200260,MERCH300260,deposit,8.81,web,2024-01-01 11:05:55,approved,False
TXN20240101003609,ACCT202231,MERCH300204,purchase,93.76,web,2024-01-01 03:50:53,approved,False
TXN20240101003610,ACCT206160,MERCH300277,deposit,19.83,in_person,2024-01-01 23:24:24,approved,False
TXN20240101003611,ACCT204235,MERCH300029,purchase,83.6,atm,2024-01-01 08:48:31,approved,False
TXN20240101003612,ACCT205232,MERCH300081,transfer,34.85,in_person,2024-01-01 21:03:48,approved,False
TXN20240101003613,ACCT206325,MERCH300235,purchase,26.06,mobile,2024-01-01 20:05:39,approved,False
TXN20240101003614,ACCT202455,MERCH300175,purchase,147.02,atm,2024-01-01 16:20:07,approved,False
TXN20240101003615,ACCT201806,MERCH300209,purchase,111.86,in_person,2024-01-01 13:52:57,approved,False
TXN20240101003616,ACCT205576,MERCH300105,purchase,35.45,in_person,2024-01-01 06:01:46,approved,False
TXN20240101003617,ACCT206113,MERCH300113,purchase,103.28,in_person,2024-01-01 03:09:40,approved,False
TXN20240101003618,ACCT200053,MERCH300032,withdrawal,28.13,mobile,2024-01-01 20:29:59,approved,False
TXN20240101003619,ACCT202899,MERCH300029,transfer,37.86,web,2024-01-01 23:48:10,approved,False
TXN20240101003620,ACCT201726,MERCH300187,purchase,110.16,in_person,2024-01-01 16:09:53,approved,False
TXN20240101003621,ACCT202535,MERCH300105,transfer,10.89,in_person,2024-01-01 23:45:19,approved,False
TXN20240101003622,ACCT200387,MERCH300257,purchase,11.8,in_person,2024-01-01 05:29:48,approved,False
TXN20240101003623,ACCT205399,MERCH300124,purchase,77.34,web,2024-01-01 12:44:04,approved,False
TXN20240101003624,ACCT205362,MERCH300034,purchase,26.06,mobile,2024-01-01 04:43:33,approved,False
TXN20240101003625,ACCT201526,MERCH300023,purchase,318.82,web,2024-01-01 12:55:06,approved,False
TXN20240101003626,ACCT204183,MERCH300251,purchase,13.16,in_person,2024-01-01 21:03:56,approved,False
TXN20240101003627,ACCT202518,MERCH300001,purchase,61.69,mobile,2024-01-01 07:36:29,approved,False
TXN20240101003628,ACCT206423,MERCH300219,purchase,102.73,mobile,2024-01-01 10:27:51,approved,False
TXN20240101003629,ACCT200080,MERCH300205,transfer,10.63,web,2024-01-01 12:20:44,approved,False
TXN20240101003630,ACCT206209,MERCH300200,transfer,50.53,mobile,2024-01-01 11:44:28,approved,False
TXN20240101003631,ACCT200665,MERCH300276,deposit,20.03,mobile,2024-01-01 23:35:11,approved,False
TXN20240101003632,ACCT205777,MERCH300085,purchase,77.0,web,2024-01-01 10:26:28,approved,False
TXN20240101003633,ACCT203875,MERCH300049,purchase,151.92,in_person,2024-01-01 06:41:19,approved,False
TXN20240101003634,ACCT205653,MERCH300187,purchase,4.54,web,2024-01-01 07:34:15,approved,False
TXN20240101003635,ACCT205945,MERCH300046,purchase,69.71,in_person,2024-01-01 07:21:20,approved,False
TXN20240101003636,ACCT200474,MERCH300214,purchase,14.53,in_person,2024-01-01 07:20:13,approved,False
TXN20240101003637,ACCT203508,MERCH300112,transfer,18.63,mobile,2024-01-01 21:15:50,approved,False
TXN20240101003638,ACCT203394,MERCH300009,deposit,108.2,mobile,2024-01-01 12:17:54,approved,False
TXN20240101003639,ACCT204022,MERCH300099,purchase,11.82,web,2024-01-01 09:29:11,approved,False
TXN20240101003640,ACCT201839,MERCH300289,deposit,17.02,mobile,2024-01-01 03:10:12,approved,False
TXN20240101003641,ACCT201950,MERCH300189,purchase,88.41,atm,2024-01-01 23:53:02,approved,False
TXN20240101003642,ACCT202138,MERCH300223,purchase,42.77,mobile,2024-01-01 03:34:25,approved,False
TXN20240101003643,ACCT202000,MERCH300164,purchase,20.83,atm,2024-01-01 08:37:37,approved,False
TXN20240101003644,ACCT200526,MERCH300130,purchase,50.36,atm,2024-01-01 16:34:15,approved,False
TXN20240101003645,ACCT202772,MERCH300290,purchase,63.93,in_person,2024-01-01 00:53:31,approved,False
TXN20240101003646,ACCT200834,MERCH300135,purchase,126.44,atm,2024-01-01 07:49:20,approved,False
TXN20240101003647,ACCT204903,MERCH300063,purchase,35.76,atm,2024-01-01 22:28:00,approved,False
TXN20240101003648,ACCT200134,MERCH300165,purchase,33.73,in_person,2024-01-01 00:20:14,approved,False
TXN20240101003649,ACCT205779,MERCH300126,withdrawal,50.09,web,2024-01-01 05:56:45,approved,False
TXN20240101003650,ACCT205720,MERCH300000,purchase,65.14,in_person,2024-01-01 02:35:52,approved,False
TXN20240101003651,ACCT206356,MERCH300259,purchase,49.57,web,2024-01-01 16:47:25,approved,False
TXN20240101003652,ACCT203050,MERCH300060,deposit,99.43,web,2024-01-01 00:08:34,approved,False
TXN20240101003653,ACCT202043,MERCH300189,transfer,31.27,in_person,2024-01-01 01:21:32,approved,False
TXN20240101003654,ACCT202949,MERCH300020,deposit,11.55,web,2024-01-01 11:15:18,approved,False
TXN20240101003655,ACCT205978,MERCH300088,purchase,12.12,web,2024-01-01 17:26:40,approved,False
TXN20240101003656,ACCT200175,MERCH300046,purchase,42.6,in_person,2024-01-01 21:30:24,approved,False
TXN20240101003657,ACCT205490,MERCH300197,transfer,26.73,mobile,2024-01-01 05:59:03,approved,False
TXN20240101003658,ACCT204698,MERCH300077,deposit,94.73,atm,2024-01-01 13:06:23,approved,False
TXN20240101003659,ACCT203567,MERCH300094,purchase,19.75,in_person,2024-01-01 19:57:10,approved,False
TXN20240101003660,ACCT205554,MERCH300206,deposit,7.91,web,2024-01-01 17:48:28,approved,False
TXN20240101003661,ACCT202327,MERCH300258,purchase,144.46,in_person,2024-01-01 23:24:27,approved,False
TXN20240101003662,ACCT200661,MERCH300062,transfer,30.56,in_person,2024-01-01 01:16:28,approved,False
TXN20240101003663,ACCT201178,MERCH300191,purchase,520.83,web,2024-01-01 01:50:10,approved,False
TXN20240101003664,ACCT204650,MERCH300154,purchase,39.69,in_person,2024-01-01 16:08:56,approved,False
TXN20240101003665,ACCT203388,MERCH300047,purchase,8.9,web,2024-01-01 08:54:06,approved,False
TXN20240101003666,ACCT205995,MERCH300191,purchase,28.89,in_person,2024-01-01 17:56:17,approved,False
TXN20240101003667,ACCT202385,MERCH300145,purchase,5.84,mobile,2024-01-01 17:15:19,approved,False
TXN20240101003668,ACCT205672,MERCH300166,purchase,81.08,in_person,2024-01-01 10:33:27,approved,False
TXN20240101003669,ACCT205954,MERCH300173,purchase,218.94,atm,2024-01-01 23:31:25,approved,False
TXN20240101003670,ACCT202428,MERCH300097,purchase,59.64,web,2024-01-01 21:46:59,approved,False
TXN20240101003671,ACCT202191,MERCH300273,purchase,54.23,in_person,2024-01-01 08:45:50,declined,False
TXN20240101003672,ACCT205705,MERCH300121,purchase,64.28,in_person,2024-01-01 00:59:03,approved,False
TXN20240101003673,ACCT201393,MERCH300290,purchase,79.61,web,2024-01-01 23:04:35,approved,False
TXN20240101003674,ACCT206349,MERCH300234,purchase,11.22,atm,2024-01-01 23:49:30,approved,False
TXN20240101003675,ACCT200041,MERCH300210,purchase,10.12,web,2024-01-01 21:48:55,approved,False
TXN20240101003676,ACCT202030,MERCH300041,deposit,175.78,web,2024-01-01 01:44:20,approved,False
TXN20240101003677,ACCT206176,MERCH300141,deposit,14.89,mobile,2024-01-01 17:12:27,approved,False
TXN20240101003678,ACCT200824,MERCH300180,purchase,42.26,in_person,2024-01-01 23:44:55,approved,False
TXN20240101003679,ACCT201639,MERCH300238,purchase,31.05,mobile,2024-01-01 09:28:28,approved,False
TXN20240101003680,ACCT202628,MERCH300207,transfer,67.93,in_person,2024-01-01 18:16:36,approved,False
TXN20240101003681,ACCT202784,MERCH300191,purchase,27.81,mobile,2024-01-01 12:22:18,approved,False
TXN20240101003682,ACCT206244,MERCH300132,purchase,42.29,mobile,2024-01-01 11:24:46,approved,False
TXN20240101003683,ACCT205910,MERCH300114,deposit,59.52,in_person,2024-01-01 17:44:04,approved,False
TXN20240101003684,ACCT201386,MERCH300006,transfer,15.47,in_person,2024-01-01 13:12:58,approved,False
TXN20240101003685,ACCT204673,MERCH300078,deposit,27.3,mobile,2024-01-01 16:13:10,approved,False
TXN20240101003686,ACCT200051,MERCH300107,purchase,23.24,mobile,2024-01-01 05:22:34,approved,False
TXN20240101003687,ACCT200312,MERCH300079,purchase,59.71,web,2024-01-01 06:27:04,approved,False
TXN20240101003688,ACCT201972,MERCH300205,transfer,36.14,web,2024-01-01 15:56:05,reversed,False
TXN20240101003689,ACCT202305,MERCH300092,purchase,18.93,in_person,2024-01-01 13:15:42,approved,False
