transaction_id,account_id,merchant_id,type,amount,channel,timestamp,status,is_fraud
TXN20240429000000,ACCT205474,MERCH300142,deposit,18.27,web,2024-04-29 21:41:37,approved,False
TXN20240429000001,ACCT205186,MERCH300144,withdrawal,49.0,web,2024-04-29 04:59:36,approved,False
TXN20240429000002,ACCT200535,MERCH300100,purchase,4.72,mobile,2024-04-29 04:46:26,approved,False
TXN20240429000003,ACCT201585,MERCH300227,purchase,33.63,web,2024-04-29 15:38:57,declined,False
TXN20240429000004,ACCT202478,MERCH300097,purchase,33.31,web,2024-04-29 03:30:25,approved,False
TXN20240429000005,ACCT202620,MERCH300203,transfer,20.62,mobile,2024-04-29 16:25:37,declined,False
TXN20240429000006,ACCT201775,MERCH300024,transfer,16.72,in_person,2024-04-29 05:19:40,approved,False
TXN20240429000007,ACCT206045,MERCH300230,withdrawal,72.57,in_person,2024-04-29 14:33:45,approved,False
TXN20240429000008,ACCT200035,MERCH300046,transfer,198.27,mobile,2024-04-29 19:17:20,approved,False
TXN20240429000009,ACCT200140,MERCH300033,transfer,33.12,in_person,2024-04-29 00:55:15,approved,False
TXN20240429000010,ACCT201816,MERCH300186,withdrawal,29.51,atm,2024-04-29 10:55:00,approved,False
TXN20240429000011,ACCT201271,MERCH300266,purchase,19.18,in_person,2024-04-29 09:20:36,approved,False
TXN20240429000012,ACCT200870,MERCH300267,purchase,24.35,in_person,2024-04-29 12:47:41,approved,False
TXN20240429000013,ACCT200417,MERCH300065,purchase,95.03,web,2024-04-29 04:15:29,approved,False
TXN20240429000014,ACCT201332,MERCH300003,purchase,31.13,in_person,2024-04-29 14:49:34,approved,False
TXN20240429000015,ACCT206380,MERCH300076,purchase,115.45,web,2024-04-29 15:45:27,approved,False
TXN20240429000016,ACCT200161,MERCH300141,purchase,52.33,web,2024-04-29 03:16:41,approved,False
TXN20240429000017,ACCT202357,MERCH300268,deposit,62.08,in_person,2024-04-29 08:36:38,approved,False
TXN20240429000018,ACCT200749,MERCH300284,transfer,31.95,web,2024-04-29 21:57:21,approved,False
TXN20240429000019,ACCT204360,MERCH300098,purchase,21.24,in_person,2024-04-29 15:01:27,approved,False
TXN20240429000020,ACCT206296,MERCH300180,purchase,16.35,web,2024-04-29 01:34:45,approved,False
TXN20240429000021,ACCT205606,MERCH300255,purchase,17.24,atm,2024-04-29 16:11:12,approved,False
TXN20240429000022,ACCT206287,MERCH300064,withdrawal,20.53,mobile,2024-04-29 12:05:34,approved,False
TXN20240429000023,ACCT204467,MERCH300270,purchase,36.94,mobile,2024-04-29 01:26:30,approved,False
TXN20240429000024,ACCT205787,MERCH300118,withdrawal,85.06,in_person,2024-04-29 23:26:07,approved,False
TXN20240429000025,ACCT200222,MERCH300285,purchase,36.11,web,2024-04-29 01:04:08,declined,False
TXN20240429000026,ACCT204514,MERCH300014,purchase,85.26,mobile,2024-04-29 03:20:59,approved,False
TXN20240429000027,ACCT203083,MERCH300238,deposit,18.11,web,2024-04-29 06:04:00,approved,False
TXN20240429000028,ACCT204473,MERCH300270,purchase,120.9,mobile,2024-04-29 06:22:53,approved,False
TXN20240429000029,ACCT203575,MERCH300265,purchase,40.86,atm,2024-04-29 13:30:25,approved,False
TXN20240429000030,ACCT205677,MERCH300160,withdrawal,38.95,mobile,2024-04-29 16:17:31,approved,False
TXN20240429000031,ACCT206452,MERCH300253,transfer,35.98,in_person,2024-04-29 09:35:31,approved,False
TXN20240429000032,ACCT204785,MERCH300235,purchase,133.92,in_person,2024-04-29 03:06:52,approved,False
TXN20240429000033,ACCT205721,MERCH300103,deposit,32.51,in_person,2024-04-29 14:51:48,approved,False
TXN20240429000034,ACCT201470,MERCH300231,deposit,20.04,mobile,2024-04-29 06:48:16,approved,False
TXN20240429000035,ACCT202638,MERCH300173,purchase,20.07,in_person,2024-04-29 18:47:15,approved,False
TXN20240429000036,ACCT203949,MERCH300281,transfer,8.59,in_person,2024-04-29 00:30:32,approved,False
TXN20240429000037,ACCT202249,MERCH300177,purchase,11.72,in_person,2024-04-29 21:45:23,reversed,False
TXN20240429000038,ACCT203571,MERCH300153,deposit,176.0,atm,2024-04-29 10:20:44,approved,False
TXN20240429000039,ACCT205357,MERCH300125,purchase,10.19,web,2024-04-29 22:45:15,approved,False
TXN20240429000040,ACCT201307,MERCH300233,transfer,15.64,mobile,2024-04-29 09:37:28,approved,True
TXN20240429000041,ACCT204149,MERCH300240,purchase,13.08,mobile,2024-04-29 13:48:43,approved,False
TXN20240429000042,ACCT200418,MERCH300241,purchase,85.88,in_person,2024-04-29 02:57:05,approved,False
TXN20240429000043,ACCT204506,MERCH300143,transfer,40.99,mobile,2024-04-29 07:53:18,approved,False
TXN20240429000044,ACCT201721,MERCH300114,purchase,15.98,mobile,2024-04-29 16:05:43,reversed,False
TXN20240429000045,ACCT203062,MERCH300293,purchase,62.53,web,2024-04-29 10:22:36,approved,False
TXN20240429000046,ACCT200683,MERCH300142,purchase,15.3,in_person,2024-04-29 06:23:44,approved,False
TXN20240429000047,ACCT202014,MERCH300197,purchase,48.07,mobile,2024-04-29 21:52:59,approved,False
TXN20240429000048,ACCT206400,MERCH300287,purchase,8.55,in_person,2024-04-29 08:12:06,approved,False
TXN20240429000049,ACCT206473,MERCH300056,purchase,48.65,web,2024-04-29 08:22:14,approved,False
TXN20240429000050,ACCT206334,MERCH300005,purchase,100.84,web,2024-04-29 08:32:57,approved,False
TXN20240429000051,ACCT200678,MERCH300195,purchase,83.23,atm,2024-04-29 10:44:44,approved,False
TXN20240429000052,ACCT205346,MERCH300022,purchase,33.37,atm,2024-04-29 04:18:00,approved,False
TXN20240429000053,ACCT201472,MERCH300206,purchase,53.33,in_person,2024-04-29 03:12:51,approved,False
TXN20240429000054,ACCT202675,MERCH300005,deposit,146.71,mobile,2024-04-29 23:44:23,approved,False
TXN20240429000055,ACCT206320,MERCH300162,purchase,10.2,atm,2024-04-29 00:59:53,approved,False
TXN20240429000056,ACCT201111,MERCH300122,purchase,66.21,in_person,2024-04-29 00:57:30,approved,False
TXN20240429000057,ACCT206038,MERCH300052,purchase,6.15,web,2024-04-29 07:52:11,approved,False
TXN20240429000058,ACCT200076,MERCH300158,purchase,69.88,web,2024-04-29 06:26:56,approved,False
TXN20240429000059,ACCT200373,MERCH300208,withdrawal,20.16,atm,2024-04-29 00:54:50,reversed,False
TXN20240429000060,ACCT201981,MERCH300120,withdrawal,176.74,mobile,2024-04-29 09:47:06,approved,False
TXN20240429000061,ACCT200136,MERCH300066,purchase,271.6,in_person,2024-04-29 00:40:00,approved,False
TXN20240429000062,ACCT204128,MERCH300187,purchase,11.68,in_person,2024-04-29 00:16:00,approved,False
TXN20240429000063,ACCT203683,MERCH300206,purchase,11.3,in_person,2024-04-29 21:16:48,approved,False
TXN20240429000064,ACCT204647,MERCH300080,purchase,17.72,in_person,2024-04-29 19:24:36,approved,False
TXN20240429000065,ACCT201735,MERCH300290,purchase,51.41,in_person,2024-04-29 04:16:27,approved,False
TXN20240429000066,ACCT201342,MERCH300243,withdrawal,112.48,web,2024-04-29 18:55:29,approved,False
TXN20240429000067,ACCT204187,MERCH300127,purchase,47.82,mobile,2024-04-29 15:47:18,approved,False
TXN20240429000068,ACCT204194,MERCH300294,withdrawal,25.17,web,2024-04-29 18:20:01,approved,False
TXN20240429000069,ACCT202334,MERCH300113,purchase,6.46,in_person,2024-04-29 04:44:49,approved,False
TXN20240429000070,ACCT200744,MERCH300158,withdrawal,70.63,in_person,2024-04-29 05:43:29,approved,False
TXN20240429000071,ACCT201765,MERCH300204,purchase,192.49,web,2024-04-29 13:19:20,approved,False
TXN20240429000072,ACCT201620,MERCH300261,purchase,36.61,in_person,2024-04-29 23:20:47,approved,False
TXN20240429000073,ACCT202034,MERCH300188,purchase,114.43,web,2024-04-29 11:51:54,approved,False
TXN20240429000074,ACCT204567,MERCH300104,transfer,155.65,web,2024-04-29 07:00:49,approved,False
TXN20240429000075,ACCT204392,MERCH300042,purchase,37.31,web,2024-04-29 15:33:24,approved,False
TXN20240429000076,ACCT205732,MERCH300008,purchase,10.84,web,2024-04-29 22:56:55,approved,False
TXN20240429000077,ACCT200484,MERCH300164,purchase,34.95,in_person,2024-04-29 15:21:51,approved,False
TXN20240429000078,ACCT205114,MERCH300281,purchase,94.93,web,2024-04-29 04:39:11,approved,False
TXN20240429000079,ACCT201823,MERCH300091,purchase,285.61,mobile,2024-04-29 21:29:35,approved,False
TXN20240429000080,ACCT205324,MERCH300212,transfer,29.17,atm,2024-04-29 21:56:21,approved,False
TXN20240429000081,ACCT203764,MERCH300062,purchase,26.71,web,2024-04-29 05:49:23,approved,False
TXN20240429000082,ACCT206003,MERCH300030,purchase,109.82,web,2024-04-29 09:35:29,approved,False
TXN20240429000083,ACCT203552,MERCH300021,purchase,43.42,in_person,2024-04-29 03:04:32,approved,False
TXN20240429000084,ACCT200598,MERCH300155,purchase,21.45,mobile,2024-04-29 12:24:47,approved,False
TXN20240429000085,ACCT202658,MERCH300179,purchase,100.29,web,2024-04-29 17:32:10,approved,False
TXN20240429000086,ACCT200597,MERCH300247,purchase,13.62,in_person,2024-04-29 00:50:27,approved,False
TXN20240429000087,ACCT202664,MERCH300001,purchase,57.72,in_person,2024-04-29 02:20:02,approved,False
TXN20240429000088,ACCT204199,MERCH300085,deposit,32.32,web,2024-04-29 07:12:08,approved,False
TXN20240429000089,ACCT201868,MERCH300090,purchase,24.7,in_person,2024-04-29 17:39:15,approved,False
TXN20240429000090,ACCT200187,MERCH300080,purchase,115.81,atm,2024-04-29 14:53:29,approved,False
TXN20240429000091,ACCT200742,MERCH300292,withdrawal,27.77,in_person,2024-04-29 16:23:03,approved,False
TXN20240429000092,ACCT205175,MERCH300119,purchase,26.25,atm,2024-04-29 10:15:05,approved,False
TXN20240429000093,ACCT204387,MERCH300109,purchase,15.21,mobile,2024-04-29 06:31:10,approved,False
TXN20240429000094,ACCT206351,MERCH300223,purchase,15.6,mobile,2024-04-29 09:22:55,approved,False
TXN20240429000095,ACCT206211,MERCH300134,deposit,47.7,atm,2024-04-29 03:34:34,approved,False
TXN20240429000096,ACCT200379,MERCH300000,transfer,32.12,in_person,2024-04-29 17:53:04,approved,False
TXN20240429000097,ACCT200742,MERCH300161,purchase,22.56,mobile,2024-04-29 22:16:38,approved,False
TXN20240429000098,ACCT204743,MERCH300241,purchase,33.72,web,2024-04-29 01:46:06,approved,False
TXN20240429000099,ACCT205700,MERCH300297,purchase,27.42,web,2024-04-29 13:26:04,approved,False
TXN20240429000100,ACCT200428,MERCH300279,purchase,36.18,mobile,2024-04-29 20:16:31,approved,False
TXN20240429000101,ACCT204477,MERCH300286,deposit,31.18,mobile,2024-04-29 11:11:12,approved,False
TXN20240429000102,ACCT205817,MERCH300168,transfer,24.79,in_person,2024-04-29 11:29:51,approved,False
TXN20240429000103,ACCT200318,MERCH300291,transfer,68.41,in_person,2024-04-29 01:19:18,approved,False
TXN20240429000104,ACCT202516,MERCH300172,purchase,237.6,mobile,2024-04-29 11:55:34,approved,False
TXN20240429000105,ACCT204617,MERCH300296,purchase,69.98,in_person,2024-04-29 13:56:28,approved,False
TXN20240429000106,ACCT204562,MERCH300164,deposit,102.42,in_person,2024-04-29 07:14:07,approved,False
TXN20240429000107,ACCT203896,MERCH300174,purchase,2.82,mobile,2024-04-29 05:26:17,declined,False
TXN20240429000108,ACCT200962,MERCH300208,purchase,89.77,mobile,2024-04-29 16:53:24,approved,False
TXN20240429000109,ACCT200912,MERCH300278,purchase,130.03,web,2024-04-29 08:56:44,approved,False
TXN20240429000110,ACCT203871,MERCH300062,withdrawal,33.71,mobile,2024-04-29 06:24:21,approved,False
TXN20240429000111,ACCT205299,MERCH300073,purchase,24.64,web,2024-04-29 05:50:49,approved,False
TXN20240429000112,ACCT202080,MERCH300203,purchase,10.97,web,2024-04-29 04:45:58,approved,False
TXN20240429000113,ACCT203160,MERCH300179,purchase,88.96,in_person,2024-04-29 18:51:56,approved,False
TXN20240429000114,ACCT204210,MERCH300235,purchase,30.62,in_person,2024-04-29 07:07:22,approved,False
TXN20240429000115,ACCT202747,MERCH300276,transfer,21.63,web,2024-04-29 17:53:05,approved,False
TXN20240429000116,ACCT201359,MERCH300260,purchase,28.33,in_person,2024-04-29 17:01:13,approved,False
TXN20240429000117,ACCT204407,MERCH300019,purchase,28.71,web,2024-04-29 02:14:50,approved,False
TXN20240429000118,ACCT204748,MERCH300211,purchase,14.27,web,2024-04-29 10:40:16,approved,False
TXN20240429000119,ACCT205384,MERCH300112,purchase,55.89,mobile,2024-04-29 20:36:56,approved,False
TXN20240429000120,ACCT202022,MERCH300056,purchase,14.51,in_person,2024-04-29 06:10:48,approved,False
TXN20240429000121,ACCT202643,MERCH300230,transfer,13.8,mobile,2024-04-29 15:39:15,approved,False
TXN20240429000122,ACCT200584,MERCH300108,purchase,26.31,web,2024-04-29 21:23:12,approved,False
TXN20240429000123,ACCT205869,MERCH300069,purchase,22.17,in_person,2024-04-29 09:28:11,approved,False
TXN20240429000124,ACCT203014,MERCH300180,withdrawal,27.53,mobile,2024-04-29 06:50:04,approved,True
TXN20240429000125,ACCT204065,MERCH300147,purchase,137.72,mobile,2024-04-29 15:18:38,approved,False
TXN20240429000126,ACCT203551,MERCH300022,purchase,15.76,in_person,2024-04-29 02:38:54,approved,True
TXN20240429000127,ACCT205453,MERCH300287,purchase,80.15,mobile,2024-04-29 11:54:31,approved,False
TXN20240429000128,ACCT202121,MERCH300023,transfer,30.53,web,2024-04-29 19:58:00,approved,False
TXN20240429000129,ACCT205246,MERCH300018,deposit,21.34,web,2024-04-29 19:27:17,approved,False
TXN20240429000130,ACCT204123,MERCH300090,transfer,23.48,atm,2024-04-29 13:15:47,approved,False
TXN20240429000131,ACCT201721,MERCH300277,deposit,14.95,in_person,2024-04-29 05:04:05,approved,False
TXN20240429000132,ACCT200252,MERCH300222,purchase,18.87,in_person,2024-04-29 16:30:57,approved,False
TXN20240429000133,ACCT201871,MERCH300118,deposit,26.46,web,2024-04-29 11:17:38,approved,False
TXN20240429000134,ACCT201698,MERCH300056,purchase,43.91,web,2024-04-29 20:19:02,approved,False
TXN20240429000135,ACCT204577,MERCH300264,withdrawal,83.42,in_person,2024-04-29 19:28:47,approved,False
TXN20240429000136,ACCT205310,MERCH300185,purchase,38.36,web,2024-04-29 00:00:14,approved,False
TXN20240429000137,ACCT202951,MERCH300045,purchase,63.19,web,2024-04-29 17:35:39,approved,False
TXN20240429000138,ACCT201029,MERCH300000,purchase,27.91,mobile,2024-04-29 09:59:10,reversed,False
TXN20240429000139,ACCT202169,MERCH300205,purchase,90.37,web,2024-04-29 10:24:24,approved,False
TXN20240429000140,ACCT201438,MERCH300192,deposit,10.39,web,2024-04-29 17:14:13,approved,False
TXN20240429000141,ACCT204125,MERCH300266,purchase,54.49,in_person,2024-04-29 16:27:41,approved,False
TXN20240429000142,ACCT200397,MERCH300021,purchase,45.24,mobile,2024-04-29 14:57:26,approved,False
TXN20240429000143,ACCT206450,MERCH300062,withdrawal,27.96,mobile,2024-04-29 04:28:29,approved,False
TXN20240429000144,ACCT206337,MERCH300229,purchase,136.05,in_person,2024-04-29 18:45:01,approved,False
TXN20240429000145,ACCT206361,MERCH300093,purchase,12.68,in_person,2024-04-29 21:56:08,approved,False
TXN20240429000146,ACCT204426,MERCH300024,purchase,76.0,mobile,2024-04-29 11:26:46,approved,False
TXN20240429000147,ACCT201429,MERCH300002,purchase,11.37,in_person,2024-04-29 16:48:35,approved,False
TXN20240429000148,ACCT201836,MERCH300062,purchase,28.41,web,2024-04-29 11:39:22,declined,False
TXN20240429000149,ACCT201249,MERCH300025,deposit,49.46,in_person,2024-04-29 05:57:07,approved,False
TXN20240429000150,ACCT200488,MERCH300120,purchase,18.73,mobile,2024-04-29 06:16:42,approved,False
TXN20240429000151,ACCT200477,MERCH300049,transfer,14.43,web,2024-04-29 20:21:58,approved,False
TXN20240429000152,ACCT201652,MERCH300134,transfer,34.88,web,2024-04-29 22:06:26,approved,False
TXN20240429000153,ACCT204743,MERCH300072,deposit,46.9,web,2024-04-29 14:53:12,approved,False
TXN20240429000154,ACCT202850,MERCH300026,purchase,45.98,web,2024-04-29 12:00:44,approved,False
TXN20240429000155,ACCT203287,MERCH300048,purchase,28.88,mobile,2024-04-29 20:58:44,declined,False
TXN20240429000156,ACCT202948,MERCH300130,purchase,116.35,mobile,2024-04-29 17:02:19,approved,False
TXN20240429000157,ACCT201076,MERCH300257,purchase,24.85,web,2024-04-29 08:15:40,approved,False
TXN20240429000158,ACCT205069,MERCH300224,purchase,26.07,in_person,2024-04-29 18:00:26,approved,False
TXN20240429000159,ACCT202103,MERCH300293,purchase,56.19,in_person,2024-04-29 21:47:56,approved,False
TXN20240429000160,ACCT201919,MERCH300091,purchase,62.07,in_person,2024-04-29 09:09:57,approved,False
TXN20240429000161,ACCT204551,MERCH300291,purchase,3.29,in_person,2024-04-29 00:50:59,approved,True
TXN20240429000162,ACCT203180,MERCH300063,transfer,43.83,in_person,2024-04-29 10:15:23,approved,False
TXN20240429000163,ACCT202143,MERCH300219,deposit,49.16,web,2024-04-29 09:44:00,approved,False
TXN20240429000164,ACCT204434,MERCH300264,purchase,123.36,mobile,2024-04-29 08:05:42,approved,False
TXN20240429000165,ACCT201475,MERCH300095,deposit,33.54,web,2024-04-29 16:00:40,approved,False
TXN20240429000166,ACCT206197,MERCH300288,purchase,41.29,web,2024-04-29 21:57:54,approved,False
TXN20240429000167,ACCT201617,MERCH300018,purchase,14.75,in_person,2024-04-29 00:01:07,approved,False
TXN20240429000168,ACCT203050,MERCH300259,purchase,93.1,web,2024-04-29 01:08:02,declined,False
TXN20240429000169,ACCT202587,MERCH300203,withdrawal,65.61,in_person,2024-04-29 09:45:34,declined,False
TXN20240429000170,ACCT200977,MERCH300110,transfer,32.38,atm,2024-04-29 09:27:43,approved,False
TXN20240429000171,ACCT202866,MERCH300088,purchase,25.99,in_person,2024-04-29 10:02:35,approved,False
TXN20240429000172,ACCT206447,MERCH300160,purchase,17.06,web,2024-04-29 19:02:49,approved,False
TXN20240429000173,ACCT200088,MERCH300214,purchase,114.09,mobile,2024-04-29 00:18:32,approved,False
TXN20240429000174,ACCT201023,MERCH300189,purchase,183.55,in_person,2024-04-29 12:03:51,approved,False
TXN20240429000175,ACCT201401,MERCH300299,purchase,69.29,mobile,2024-04-29 02:58:04,approved,False
TXN20240429000176,ACCT205154,MERCH300176,deposit,24.93,mobile,2024-04-29 16:48:41,declined,False
TXN20240429000177,ACCT200434,MERCH300026,withdrawal,41.16,web,2024-04-29 21:41:16,declined,False
TXN20240429000178,ACCT205445,MERCH300145,purchase,9.38,web,2024-04-29 16:31:27,approved,False
TXN20240429000179,ACCT202474,MERCH300063,purchase,114.24,in_person,2024-04-29 13:24:04,approved,False
TXN20240429000180,ACCT203771,MERCH300025,deposit,85.44,web,2024-04-29 14:38:22,approved,False
TXN20240429000181,ACCT206374,MERCH300237,transfer,50.23,mobile,2024-04-29 10:27:49,approved,False
TXN20240429000182,ACCT205978,MERCH300181,purchase,24.63,mobile,2024-04-29 03:57:59,approved,False
TXN20240429000183,ACCT202175,MERCH300229,purchase,98.55,web,2024-04-29 17:12:03,approved,False
TXN20240429000184,ACCT201174,MERCH300249,purchase,8.9,in_person,2024-04-29 17:06:40,approved,False
TXN20240429000185,ACCT204503,MERCH300127,deposit,45.96,web,2024-04-29 17:28:16,approved,False
TXN20240429000186,ACCT205920,MERCH300005,withdrawal,96.94,web,2024-04-29 10:21:48,approved,False
TXN20240429000187,ACCT203893,MERCH300104,deposit,21.96,web,2024-04-29 11:02:29,approved,False
TXN20240429000188,ACCT205096,MERCH300071,purchase,163.06,in_person,2024-04-29 14:25:31,approved,False
TXN20240429000189,ACCT203728,MERCH300221,purchase,125.03,mobile,2024-04-29 07:14:20,approved,False
TXN20240429000190,ACCT205838,MERCH300021,purchase,24.01,mobile,2024-04-29 04:41:22,approved,False
TXN20240429000191,ACCT206041,MERCH300001,purchase,9.43,in_person,2024-04-29 04:33:15,approved,False
TXN20240429000192,ACCT206330,MERCH300264,deposit,21.96,mobile,2024-04-29 13:16:56,approved,False
TXN20240429000193,ACCT204353,MERCH300217,purchase,56.97,in_person,2024-04-29 01:24:46,approved,False
TXN20240429000194,ACCT203556,MERCH300094,purchase,47.71,mobile,2024-04-29 09:08:49,approved,False
TXN20240429000195,ACCT203115,MERCH300030,purchase,35.72,web,2024-04-29 18:43:36,approved,False
TXN20240429000196,ACCT200920,MERCH300061,purchase,44.27,in_person,2024-04-29 23:09:40,approved,False
TXN20240429000197,ACCT205354,MERCH300160,purchase,44.13,in_person,2024-04-29 10:29:51,approved,False
TXN20240429000198,ACCT201076,MERCH300002,purchase,32.29,in_person,2024-04-29 14:16:10,approved,True
TXN20240429000199,ACCT206276,MERCH300252,transfer,20.51,in_person,2024-04-29 10:16:42,approved,False
TXN20240429000200,ACCT202078,MERCH300028,transfer,11.71,atm,2024-04-29 23:50:15,approved,False
TXN20240429000201,ACCT202046,MERCH300222,withdrawal,30.22,in_person,2024-04-29 19:39:11,approved,False
TXN20240429000202,ACCT203963,MERCH300156,purchase,71.07,in_person,2024-04-29 16:13:31,approved,False
TXN20240429000203,ACCT202824,MERCH300225,withdrawal,61.46,web,2024-04-29 20:00:19,approved,False
TXN20240429000204,ACCT204795,MERCH300123,transfer,22.04,in_person,2024-04-29 11:17:02,approved,False
TXN20240429000205,ACCT206104,MERCH300152,purchase,3.52,web,2024-04-29 05:37:27,approved,False
TXN20240429000206,ACCT204553,MERCH300134,purchase,35.82,web,2024-04-29 05:05:49,approved,False
TXN20240429000207,ACCT203139,MERCH300174,purchase,25.9,mobile,2024-04-29 03:20:31,approved,False
TXN20240429000208,ACCT203131,MERCH300101,withdrawal,91.41,in_person,2024-04-29 01:41:05,approved,False
TXN20240429000209,ACCT206423,MERCH300134,purchase,29.76,web,2024-04-29 04:56:45,approved,False
TXN20240429000210,ACCT202907,MERCH300076,transfer,38.15,mobile,2024-04-29 18:23:07,approved,False
TXN20240429000211,ACCT200961,MERCH300088,deposit,32.22,in_person,2024-04-29 15:19:15,approved,False
TXN20240429000212,ACCT202899,MERCH300139,withdrawal,39.13,web,2024-04-29 19:04:13,approved,True
TXN20240429000213,ACCT204224,MERCH300291,purchase,27.81,in_person,2024-04-29 15:33:49,approved,False
TXN20240429000214,ACCT205531,MERCH300225,transfer,39.42,web,2024-04-29 23:37:59,approved,False
TXN20240429000215,ACCT203716,MERCH300295,withdrawal,38.26,in_person,2024-04-29 07:37:03,approved,False
TXN20240429000216,ACCT202113,MERCH300263,purchase,118.54,in_person,2024-04-29 17:10:33,approved,False
TXN20240429000217,ACCT204024,MERCH300246,purchase,142.86,atm,2024-04-29 10:38:05,approved,False
TXN20240429000218,ACCT204072,MERCH300220,deposit,83.73,mobile,2024-04-29 21:55:25,approved,False
TXN20240429000219,ACCT203251,MERCH300028,deposit,27.63,web,2024-04-29 00:08:49,approved,False
TXN20240429000220,ACCT200879,MERCH300107,purchase,92.81,in_person,2024-04-29 04:00:44,approved,False
TXN20240429000221,ACCT200842,MERCH300199,purchase,18.22,atm,2024-04-29 23:55:58,approved,False
TXN20240429000222,ACCT205083,MERCH300063,purchase,210.42,in_person,2024-04-29 11:25:34,approved,False
TXN20240429000223,ACCT201875,MERCH300252,purchase,68.96,mobile,2024-04-29 16:08:25,approved,False
TXN20240429000224,ACCT206105,MERCH300169,transfer,71.16,mobile,2024-04-29 07:10:52,approved,False
TXN20240429000225,ACCT203475,MERCH300227,purchase,33.25,in_person,2024-04-29 22:04:04,approved,False
TXN20240429000226,ACCT205230,MERCH300196,purchase,115.28,mobile,2024-04-29 06:37:18,approved,False
TXN20240429000227,ACCT204655,MERCH300245,purchase,22.76,atm,2024-04-29 21:21:39,approved,False
TXN20240429000228,ACCT204917,MERCH300289,purchase,11.66,web,2024-04-29 10:50:39,approved,False
TXN20240429000229,ACCT206344,MERCH300156,purchase,4.5,in_person,2024-04-29 16:37:11,approved,False
TXN20240429000230,ACCT205967,MERCH300209,deposit,36.43,web,2024-04-29 12:29:23,approved,False
TXN20240429000231,ACCT204579,MERCH300107,purchase,23.76,web,2024-04-29 10:56:10,approved,False
TXN20240429000232,ACCT200673,MERCH300039,purchase,18.69,in_person,2024-04-29 08:40:38,approved,False
TXN20240429000233,ACCT203170,MERCH300003,deposit,133.7,web,2024-04-29 20:09:06,approved,False
TXN20240429000234,ACCT200473,MERCH300086,transfer,15.32,web,2024-04-29 17:18:58,approved,False
TXN20240429000235,ACCT201926,MERCH300069,purchase,65.26,web,2024-04-29 12:55:24,approved,False
TXN20240429000236,ACCT204589,MERCH300282,purchase,105.86,mobile,2024-04-29 07:15:23,approved,False
TXN20240429000237,ACCT200010,MERCH300023,withdrawal,21.42,mobile,2024-04-29 19:46:01,approved,False
TXN20240429000238,ACCT201316,MERCH300283,purchase,32.0,web,2024-04-29 21:14:41,declined,False
TXN20240429000239,ACCT200784,MERCH300118,purchase,281.75,in_person,2024-04-29 03:42:00,approved,True
TXN20240429000240,ACCT206308,MERCH300269,purchase,139.4,in_person,2024-04-29 04:47:58,approved,False
TXN20240429000241,ACCT204069,MERCH300126,purchase,19.05,mobile,2024-04-29 20:20:55,approved,False
TXN20240429000242,ACCT203679,MERCH300133,purchase,70.68,web,2024-04-29 15:12:53,approved,False
TXN20240429000243,ACCT204843,MERCH300227,purchase,14.55,in_person,2024-04-29 06:59:34,approved,False
TXN20240429000244,ACCT202167,MERCH300139,purchase,99.27,mobile,2024-04-29 12:07:10,approved,False
TXN20240429000245,ACCT200744,MERCH300114,purchase,89.85,atm,2024-04-29 14:00:06,approved,False
TXN20240429000246,ACCT200243,MERCH300208,transfer,7.36,mobile,2024-04-29 11:53:51,approved,False
TXN20240429000247,ACCT206131,MERCH300082,purchase,42.14,web,2024-04-29 22:27:30,approved,False
TXN20240429000248,ACCT201154,MERCH300093,purchase,17.22,web,2024-04-29 20:34:47,approved,False
TXN20240429000249,ACCT203690,MERCH300291,purchase,55.62,web,2024-04-29 12:32:16,approved,False
TXN20240429000250,ACCT202171,MERCH300125,purchase,141.43,in_person,2024-04-29 21:13:43,approved,False
TXN20240429000251,ACCT205706,MERCH300024,purchase,154.89,in_person,2024-04-29 09:01:04,approved,False
TXN20240429000252,ACCT200001,MERCH300264,purchase,17.26,in_person,2024-04-29 18:34:36,approved,False
TXN20240429000253,ACCT201200,MERCH300041,purchase,76.9,web,2024-04-29 13:47:07,approved,False
TXN20240429000254,ACCT200356,MERCH300086,purchase,12.9,in_person,2024-04-29 16:21:39,approved,False
TXN20240429000255,ACCT206131,MERCH300292,purchase,42.83,in_person,2024-04-29 13:57:27,approved,False
TXN20240429000256,ACCT201701,MERCH300211,purchase,19.34,web,2024-04-29 09:48:24,approved,False
TXN20240429000257,ACCT206280,MERCH300098,purchase,17.77,web,2024-04-29 11:23:06,approved,False
TXN20240429000258,ACCT201070,MERCH300283,purchase,16.78,in_person,2024-04-29 10:13:42,approved,False
TXN20240429000259,ACCT204736,MERCH300015,purchase,21.12,web,2024-04-29 06:20:18,approved,False
TXN20240429000260,ACCT204433,MERCH300176,deposit,58.12,web,2024-04-29 23:47:08,approved,False
TXN20240429000261,ACCT202201,MERCH300203,purchase,59.02,mobile,2024-04-29 02:36:03,approved,True
TXN20240429000262,ACCT202136,MERCH300160,purchase,6.34,web,2024-04-29 22:17:46,approved,False
TXN20240429000263,ACCT203538,MERCH300050,purchase,16.76,mobile,2024-04-29 17:23:11,approved,False
TXN20240429000264,ACCT205598,MERCH300091,purchase,48.6,in_person,2024-04-29 11:43:34,approved,False
TXN20240429000265,ACCT206437,MERCH300183,purchase,62.7,in_person,2024-04-29 07:46:29,approved,False
TXN20240429000266,ACCT200924,MERCH300003,purchase,275.97,mobile,2024-04-29 05:08:36,approved,False
TXN20240429000267,ACCT203240,MERCH300291,withdrawal,44.77,in_person,2024-04-29 08:47:34,approved,False
TXN20240429000268,ACCT203754,MERCH300137,transfer,15.26,web,2024-04-29 11:29:01,approved,False
TXN20240429000269,ACCT206379,MERCH300244,withdrawal,86.9,mobile,2024-04-29 00:10:57,approved,True
TXN20240429000270,ACCT202788,MERCH300142,purchase,20.48,mobile,2024-04-29 07:12:05,approved,False
TXN20240429000271,ACCT202000,MERCH300127,purchase,21.6,web,2024-04-29 13:26:09,approved,False
TXN20240429000272,ACCT201686,MERCH300187,transfer,30.24,web,2024-04-29 21:57:27,approved,False
TXN20240429000273,ACCT204528,MERCH300062,purchase,30.48,web,2024-04-29 22:44:25,approved,False
TXN20240429000274,ACCT205860,MERCH300167,deposit,78.03,mobile,2024-04-29 09:49:44,approved,False
TXN20240429000275,ACCT200466,MERCH300159,purchase,15.67,web,2024-04-29 05:00:17,approved,False
TXN20240429000276,ACCT206219,MERCH300283,purchase,19.04,in_person,2024-04-29 17:37:23,approved,False
TXN20240429000277,ACCT205837,MERCH300004,deposit,19.05,web,2024-04-29 00:57:01,approved,False
TXN20240429000278,ACCT202124,MERCH300061,withdrawal,6.81,mobile,2024-04-29 10:46:11,approved,False
TXN20240429000279,ACCT206419,MERCH300088,purchase,6.76,in_person,2024-04-29 15:07:00,approved,False
TXN20240429000280,ACCT202747,MERCH300004,transfer,20.09,in_person,2024-04-29 23:37:12,approved,False
TXN20240429000281,ACCT204439,MERCH300179,purchase,81.89,web,2024-04-29 10:28:33,approved,False
TXN20240429000282,ACCT202522,MERCH300190,purchase,254.09,in_person,2024-04-29 07:23:29,approved,False
TXN20240429000283,ACCT200331,MERCH300261,purchase,63.41,atm,2024-04-29 17:51:12,approved,False
TXN20240429000284,ACCT201866,MERCH300036,purchase,28.07,mobile,2024-04-29 21:55:44,approved,False
TXN20240429000285,ACCT202176,MERCH300107,purchase,53.35,atm,2024-04-29 10:59:23,approved,False
TXN20240429000286,ACCT205093,MERCH300202,purchase,51.73,atm,2024-04-29 22:30:58,approved,False
TXN20240429000287,ACCT202493,MERCH300017,purchase,11.32,in_person,2024-04-29 07:57:10,approved,False
TXN20240429000288,ACCT206282,MERCH300085,purchase,24.48,web,2024-04-29 21:31:26,approved,False
TXN20240429000289,ACCT201538,MERCH300285,purchase,42.03,web,2024-04-29 18:52:23,approved,False
TXN20240429000290,ACCT200405,MERCH300208,purchase,62.26,mobile,2024-04-29 04:24:01,reversed,False
TXN20240429000291,ACCT200035,MERCH300025,purchase,100.64,web,2024-04-29 20:22:47,approved,False
TXN20240429000292,ACCT203327,MERCH300158,deposit,128.88,in_person,2024-04-29 01:22:50,approved,False
TXN20240429000293,ACCT201197,MERCH300074,purchase,21.87,mobile,2024-04-29 15:42:05,approved,False
TXN20240429000294,ACCT203221,MERCH300293,purchase,5.16,mobile,2024-04-29 01:01:03,approved,False
TXN20240429000295,ACCT204177,MERCH300277,deposit,13.23,in_person,2024-04-29 08:58:42,approved,False
TXN20240429000296,ACCT205309,MERCH300060,purchase,17.03,atm,2024-04-29 12:11:29,approved,False
TXN20240429000297,ACCT202659,MERCH300185,purchase,63.09,in_person,2024-04-29 13:04:37,approved,False
TXN20240429000298,ACCT205043,MERCH300074,purchase,40.54,mobile,2024-04-29 06:13:52,approved,False
TXN20240429000299,ACCT203807,MERCH300036,purchase,23.91,web,2024-04-29 19:32:56,reversed,False
TXN20240429000300,ACCT203742,MERCH300029,purchase,29.16,mobile,2024-04-29 17:12:19,approved,False
TXN20240429000301,ACCT206050,MERCH300072,purchase,15.23,in_person,2024-04-29 09:19:31,approved,False
TXN20240429000302,ACCT205249,MERCH300279,purchase,110.47,web,2024-04-29 22:31:29,approved,False
TXN20240429000303,ACCT202959,MERCH300108,purchase,32.46,atm,2024-04-29 05:02:13,approved,False
TXN20240429000304,ACCT202993,MERCH300018,withdrawal,10.73,mobile,2024-04-29 13:43:43,approved,False
TXN20240429000305,ACCT205146,MERCH300228,purchase,3.52,web,2024-04-29 23:19:47,reversed,False
TXN20240429000306,ACCT205467,MERCH300164,withdrawal,41.2,mobile,2024-04-29 00:31:08,approved,False
TXN20240429000307,ACCT201725,MERCH300276,deposit,9.97,web,2024-04-29 08:05:24,approved,False
TXN20240429000308,ACCT205454,MERCH300090,purchase,20.35,in_person,2024-04-29 07:30:09,approved,False
TXN20240429000309,ACCT201042,MERCH300089,purchase,16.92,web,2024-04-29 18:33:21,approved,False
TXN20240429000310,ACCT201697,MERCH300252,purchase,90.23,web,2024-04-29 01:02:01,approved,False
TXN20240429000311,ACCT200514,MERCH300057,purchase,9.56,web,2024-04-29 21:52:07,approved,False
TXN20240429000312,ACCT202724,MERCH300013,transfer,22.71,mobile,2024-04-29 23:33:28,approved,False
TXN20240429000313,ACCT204057,MERCH300259,purchase,34.43,mobile,2024-04-29 10:36:03,approved,False
TXN20240429000314,ACCT203102,MERCH300174,purchase,38.34,web,2024-04-29 13:53:47,approved,False
TXN20240429000315,ACCT203156,MERCH300148,withdrawal,23.1,mobile,2024-04-29 01:06:11,approved,False
TXN20240429000316,ACCT205769,MERCH300099,deposit,112.57,web,2024-04-29 17:20:28,declined,False
TXN20240429000317,ACCT201838,MERCH300222,purchase,7.98,web,2024-04-29 02:37:22,approved,False
TXN20240429000318,ACCT204188,MERCH300116,purchase,35.44,web,2024-04-29 17:30:20,approved,False
TXN20240429000319,ACCT203988,MERCH300284,purchase,69.11,in_person,2024-04-29 20:37:02,approved,False
TXN20240429000320,ACCT201807,MERCH300222,transfer,87.11,mobile,2024-04-29 23:35:28,approved,False
TXN20240429000321,ACCT202091,MERCH300018,purchase,58.24,web,2024-04-29 04:54:43,approved,False
TXN20240429000322,ACCT205028,MERCH300021,purchase,4.21,in_person,2024-04-29 07:57:46,approved,False
TXN20240429000323,ACCT206006,MERCH300249,purchase,12.29,mobile,2024-04-29 15:01:23,approved,False
TXN20240429000324,ACCT204141,MERCH300111,purchase,55.41,mobile,2024-04-29 07:00:35,declined,False
TXN20240429000325,ACCT201967,MERCH300121,purchase,33.98,web,2024-04-29 06:02:00,approved,False
TXN20240429000326,ACCT200767,MERCH300250,purchase,43.11,in_person,2024-04-29 03:57:54,approved,False
TXN20240429000327,ACCT205136,MERCH300055,transfer,781.72,mobile,2024-04-29 10:27:47,approved,False
TXN20240429000328,ACCT206369,MERCH300129,purchase,90.35,web,2024-04-29 21:32:39,declined,False
TXN20240429000329,ACCT202422,MERCH300180,withdrawal,192.35,web,2024-04-29 21:50:00,approved,False
TXN20240429000330,ACCT201023,MERCH300111,purchase,29.72,mobile,2024-04-29 19:40:07,reversed,False
TXN20240429000331,ACCT204418,MERCH300055,purchase,59.49,web,2024-04-29 12:14:59,approved,False
TXN20240429000332,ACCT201417,MERCH300168,purchase,24.15,in_person,2024-04-29 15:25:41,approved,False
TXN20240429000333,ACCT201152,MERCH300201,purchase,53.01,mobile,2024-04-29 05:13:28,approved,False
TXN20240429000334,ACCT203940,MERCH300176,purchase,18.57,in_person,2024-04-29 15:10:11,approved,False
TXN20240429000335,ACCT204629,MERCH300277,purchase,238.72,in_person,2024-04-29 02:48:44,approved,False
TXN20240429000336,ACCT200575,MERCH300020,purchase,34.55,atm,2024-04-29 15:31:50,approved,False
TXN20240429000337,ACCT203856,MERCH300119,purchase,27.27,web,2024-04-29 00:54:08,approved,False
TXN20240429000338,ACCT206031,MERCH300253,purchase,23.13,in_person,2024-04-29 19:22:54,approved,False
TXN20240429000339,ACCT206212,MERCH300082,purchase,24.11,mobile,2024-04-29 01:22:57,approved,True
TXN20240429000340,ACCT201870,MERCH300242,purchase,12.79,in_person,2024-04-29 12:34:55,approved,False
TXN20240429000341,ACCT205471,MERCH300286,purchase,27.4,atm,2024-04-29 03:41:55,declined,False
TXN20240429000342,ACCT205695,MERCH300231,purchase,94.86,in_person,2024-04-29 21:22:50,approved,False
TXN20240429000343,ACCT201615,MERCH300187,withdrawal,35.5,in_person,2024-04-29 19:39:03,reversed,False
TXN20240429000344,ACCT205819,MERCH300293,transfer,125.56,web,2024-04-29 18:56:39,declined,False
TXN20240429000345,ACCT201031,MERCH300017,purchase,45.59,atm,2024-04-29 08:19:54,approved,False
TXN20240429000346,ACCT200384,MERCH300235,purchase,61.11,in_person,2024-04-29 18:55:07,approved,False
TXN20240429000347,ACCT203745,MERCH300279,purchase,36.15,web,2024-04-29 22:43:02,approved,False
TXN20240429000348,ACCT205311,MERCH300065,purchase,18.81,web,2024-04-29 12:58:59,approved,False
TXN20240429000349,ACCT200775,MERCH300004,purchase,73.78,in_person,2024-04-29 06:49:11,approved,False
TXN20240429000350,ACCT200946,MERCH300298,purchase,18.1,in_person,2024-04-29 22:06:34,approved,False
TXN20240429000351,ACCT206243,MERCH300246,transfer,17.69,mobile,2024-04-29 10:24:37,approved,False
TXN20240429000352,ACCT205548,MERCH300281,purchase,36.93,mobile,2024-04-29 17:58:44,approved,False
TXN20240429000353,ACCT200506,MERCH300072,withdrawal,19.88,web,2024-04-29 07:57:23,approved,False
TXN20240429000354,ACCT200193,MERCH300256,transfer,16.42,mobile,2024-04-29 22:25:29,approved,False
TXN20240429000355,ACCT204794,MERCH300134,purchase,13.05,in_person,2024-04-29 14:28:38,approved,False
TXN20240429000356,ACCT204106,MERCH300006,withdrawal,42.73,web,2024-04-29 05:17:56,approved,False
TXN20240429000357,ACCT206118,MERCH300155,deposit,116.68,in_person,2024-04-29 04:39:49,approved,False
TXN20240429000358,ACCT203265,MERCH300205,withdrawal,188.09,in_person,2024-04-29 03:36:20,approved,False
TXN20240429000359,ACCT204543,MERCH300054,deposit,21.31,web,2024-04-29 15:17:09,approved,False
TXN20240429000360,ACCT203535,MERCH300220,purchase,72.78,in_person,2024-04-29 22:27:35,approved,False
TXN20240429000361,ACCT201804,MERCH300272,purchase,14.68,web,2024-04-29 04:56:04,approved,False
TXN20240429000362,ACCT204738,MERCH300160,purchase,31.4,mobile,2024-04-29 02:35:19,approved,False
TXN20240429000363,ACCT201995,MERCH300227,purchase,34.53,mobile,2024-04-29 16:50:29,approved,False
TXN20240429000364,ACCT202707,MERCH300255,transfer,22.98,atm,2024-04-29 19:32:04,approved,False
TXN20240429000365,ACCT204724,MERCH300165,deposit,5.31,mobile,2024-04-29 19:17:31,approved,False
TXN20240429000366,ACCT202781,MERCH300175,transfer,34.9,atm,2024-04-29 21:52:20,reversed,False
TXN20240429000367,ACCT200993,MERCH300274,withdrawal,19.8,mobile,2024-04-29 17:18:10,declined,False
TXN20240429000368,ACCT206332,MERCH300032,purchase,9.54,in_person,2024-04-29 04:33:00,approved,False
TXN20240429000369,ACCT203761,MERCH300125,purchase,208.57,in_person,2024-04-29 04:16:18,approved,False
TXN20240429000370,ACCT201324,MERCH300030,purchase,7.14,mobile,2024-04-29 17:12:15,approved,False
TXN20240429000371,ACCT203695,MERCH300272,purchase,10.38,in_person,2024-04-29 10:49:35,approved,False
TXN20240429000372,ACCT203210,MERCH300265,purchase,48.67,mobile,2024-04-29 22:13:51,reversed,False
TXN20240429000373,ACCT202300,MERCH300244,purchase,12.48,mobile,2024-04-29 20:38:25,approved,False
TXN20240429000374,ACCT201644,MERCH300028,purchase,3.65,web,2024-04-29 02:42:53,approved,False
TXN20240429000375,ACCT203729,MERCH300253,purchase,68.41,in_person,2024-04-29 04:23:02,approved,False
TXN20240429000376,ACCT202327,MERCH300149,transfer,28.76,mobile,2024-04-29 16:35:14,approved,False
TXN20240429000377,ACCT200864,MERCH300212,purchase,46.17,in_person,2024-04-29 16:39:58,approved,False
TXN20240429000378,ACCT204790,MERCH300189,purchase,227.66,mobile,2024-04-29 21:07:10,approved,False
TXN20240429000379,ACCT204420,MERCH300049,purchase,25.99,in_person,2024-04-29 15:44:19,reversed,False
TXN20240429000380,ACCT203206,MERCH300244,purchase,19.81,atm,2024-04-29 12:37:00,approved,False
TXN20240429000381,ACCT202189,MERCH300025,purchase,7.35,mobile,2024-04-29 22:01:19,approved,False
TXN20240429000382,ACCT203255,MERCH300157,purchase,17.25,in_person,2024-04-29 01:47:33,declined,False
TXN20240429000383,ACCT202314,MERCH300245,purchase,44.87,in_person,2024-04-29 01:05:43,approved,False
TXN20240429000384,ACCT202447,MERCH300020,withdrawal,102.36,mobile,2024-04-29 08:22:07,approved,False
TXN20240429000385,ACCT204346,MERCH300259,deposit,35.64,mobile,2024-04-29 03:33:01,approved,False
TXN20240429000386,ACCT202244,MERCH300103,purchase,36.35,mobile,2024-04-29 00:33:01,approved,False
TXN20240429000387,ACCT203172,MERCH300226,withdrawal,62.09,in_person,2024-04-29 00:44:40,approved,False
TXN20240429000388,ACCT201066,MERCH300178,withdrawal,77.68,in_person,2024-04-29 00:13:41,approved,False
TXN20240429000389,ACCT203209,MERCH300249,purchase,25.05,atm,2024-04-29 05:36:35,approved,False
TXN20240429000390,ACCT205658,MERCH300213,deposit,90.93,web,2024-04-29 18:12:17,approved,False
TXN20240429000391,ACCT205564,MERCH300177,purchase,127.62,in_person,2024-04-29 13:12:35,approved,False
TXN20240429000392,ACCT202801,MERCH300025,purchase,19.01,mobile,2024-04-29 02:41:34,approved,False
TXN20240429000393,ACCT206211,MERCH300072,purchase,71.2,in_person,2024-04-29 07:08:45,approved,False
TXN20240429000394,ACCT205989,MERCH300217,purchase,125.13,mobile,2024-04-29 11:51:39,approved,False
TXN20240429000395,ACCT206338,MERCH300012,deposit,76.85,mobile,2024-04-29 17:22:26,approved,False
TXN20240429000396,ACCT203963,MERCH300180,purchase,24.62,mobile,2024-04-29 07:17:42,approved,False
TXN20240429000397,ACCT200504,MERCH300055,purchase,12.4,mobile,2024-04-29 09:39:44,approved,False
TXN20240429000398,ACCT206137,MERCH300123,purchase,19.28,mobile,2024-04-29 06:45:45,approved,False
TXN20240429000399,ACCT205840,MERCH300093,withdrawal,28.08,web,2024-04-29 01:36:24,approved,False
TXN20240429000400,ACCT202846,MERCH300221,purchase,23.75,in_person,2024-04-29 19:13:28,approved,False
TXN20240429000401,ACCT202418,MERCH300150,withdrawal,46.91,atm,2024-04-29 09:18:55,approved,False
TXN20240429000402,ACCT202317,MERCH300084,purchase,5.06,in_person,2024-04-29 13:40:14,approved,False
TXN20240429000403,ACCT200744,MERCH300261,purchase,139.3,web,2024-04-29 03:29:03,approved,False
TXN20240429000404,ACCT203738,MERCH300256,purchase,158.68,web,2024-04-29 00:06:30,approved,False
TXN20240429000405,ACCT203142,MERCH300076,purchase,62.48,in_person,2024-04-29 04:06:30,approved,False
TXN20240429000406,ACCT203165,MERCH300255,transfer,23.6,mobile,2024-04-29 07:39:58,approved,False
TXN20240429000407,ACCT202267,MERCH300250,purchase,37.91,mobile,2024-04-29 07:35:10,approved,False
TXN20240429000408,ACCT202250,MERCH300273,purchase,113.44,mobile,2024-04-29 06:07:05,approved,False
TXN20240429000409,ACCT200424,MERCH300069,purchase,28.85,mobile,2024-04-29 22:59:22,approved,False
TXN20240429000410,ACCT201809,MERCH300194,purchase,26.75,web,2024-04-29 21:49:44,approved,False
TXN20240429000411,ACCT202721,MERCH300244,purchase,54.76,web,2024-04-29 07:24:58,approved,False
TXN20240429000412,ACCT200199,MERCH300247,transfer,129.59,web,2024-04-29 01:25:18,reversed,False
TXN20240429000413,ACCT203637,MERCH300290,deposit,57.78,web,2024-04-29 15:03:21,approved,False
TXN20240429000414,ACCT205147,MERCH300187,purchase,2.09,in_person,2024-04-29 08:56:35,approved,False
TXN20240429000415,ACCT202981,MERCH300098,purchase,48.7,web,2024-04-29 10:00:24,approved,False
TXN20240429000416,ACCT203541,MERCH300068,purchase,4.88,mobile,2024-04-29 15:28:28,approved,False
TXN20240429000417,ACCT201647,MERCH300112,purchase,165.6,atm,2024-04-29 08:01:56,approved,False
TXN20240429000418,ACCT201274,MERCH300299,deposit,16.83,mobile,2024-04-29 21:15:10,approved,False
TXN20240429000419,ACCT204730,MERCH300012,purchase,34.54,web,2024-04-29 20:37:21,approved,False
TXN20240429000420,ACCT201775,MERCH300256,purchase,81.82,mobile,2024-04-29 17:27:06,approved,False
TXN20240429000421,ACCT205791,MERCH300088,withdrawal,46.89,web,2024-04-29 20:27:57,approved,False
TXN20240429000422,ACCT200767,MERCH300125,withdrawal,33.6,in_person,2024-04-29 14:11:16,approved,False
TXN20240429000423,ACCT206214,MERCH300215,purchase,45.48,in_person,2024-04-29 20:27:48,declined,False
TXN20240429000424,ACCT201497,MERCH300220,purchase,17.0,in_person,2024-04-29 09:30:11,approved,False
TXN20240429000425,ACCT204432,MERCH300256,purchase,17.32,mobile,2024-04-29 15:42:10,approved,False
TXN20240429000426,ACCT201902,MERCH300068,purchase,68.7,in_person,2024-04-29 05:10:42,approved,False
TXN20240429000427,ACCT203022,MERCH300286,purchase,77.48,atm,2024-04-29 09:56:49,approved,False
TXN20240429000428,ACCT205693,MERCH300058,purchase,18.01,mobile,2024-04-29 17:38:58,approved,False
TXN20240429000429,ACCT203696,MERCH300266,deposit,21.34,mobile,2024-04-29 07:29:25,approved,False
TXN20240429000430,ACCT200409,MERCH300157,transfer,58.26,mobile,2024-04-29 22:41:28,approved,False
TXN20240429000431,ACCT202186,MERCH300215,purchase,40.76,mobile,2024-04-29 08:40:52,approved,False
TXN20240429000432,ACCT200670,MERCH300133,purchase,69.31,web,2024-04-29 00:26:32,approved,False
TXN20240429000433,ACCT205982,MERCH300034,deposit,116.78,mobile,2024-04-29 04:38:31,approved,False
TXN20240429000434,ACCT203946,MERCH300197,deposit,59.69,mobile,2024-04-29 00:24:02,approved,False
TXN20240429000435,ACCT200541,MERCH300005,purchase,13.34,web,2024-04-29 07:02:51,approved,False
TXN20240429000436,ACCT200250,MERCH300129,purchase,10.53,web,2024-04-29 23:17:17,approved,False
TXN20240429000437,ACCT200661,MERCH300179,transfer,45.76,mobile,2024-04-29 04:29:43,approved,False
TXN20240429000438,ACCT203434,MERCH300008,transfer,32.89,in_person,2024-04-29 08:41:45,approved,False
TXN20240429000439,ACCT205805,MERCH300212,withdrawal,72.84,mobile,2024-04-29 03:02:55,approved,False
TXN20240429000440,ACCT205067,MERCH300137,purchase,49.79,web,2024-04-29 03:13:52,approved,True
TXN20240429000441,ACCT201746,MERCH300225,withdrawal,33.77,in_person,2024-04-29 14:35:19,approved,False
TXN20240429000442,ACCT201070,MERCH300227,transfer,19.97,atm,2024-04-29 22:16:21,approved,False
TXN20240429000443,ACCT205906,MERCH300162,purchase,166.21,in_person,2024-04-29 11:32:24,approved,False
TXN20240429000444,ACCT202260,MERCH300024,purchase,21.88,in_person,2024-04-29 00:06:27,approved,False
TXN20240429000445,ACCT204882,MERCH300028,deposit,231.99,mobile,2024-04-29 03:14:20,approved,False
TXN20240429000446,ACCT204202,MERCH300082,purchase,45.79,mobile,2024-04-29 04:42:41,approved,False
TXN20240429000447,ACCT204822,MERCH300130,purchase,18.8,web,2024-04-29 06:28:47,approved,False
TXN20240429000448,ACCT203507,MERCH300148,deposit,247.21,mobile,2024-04-29 18:36:23,approved,False
TXN20240429000449,ACCT205309,MERCH300197,transfer,9.0,in_person,2024-04-29 23:50:34,approved,False
TXN20240429000450,ACCT204723,MERCH300114,purchase,38.99,web,2024-04-29 06:36:43,approved,False
TXN20240429000451,ACCT204247,MERCH300233,purchase,189.75,web,2024-04-29 15:54:32,approved,False
TXN20240429000452,ACCT203317,MERCH300152,purchase,11.36,in_person,2024-04-29 01:37:14,approved,False
TXN20240429000453,ACCT202518,MERCH300243,deposit,21.66,mobile,2024-04-29 14:06:33,approved,False
TXN20240429000454,ACCT201902,MERCH300057,purchase,257.15,mobile,2024-04-29 11:31:06,approved,False
TXN20240429000455,ACCT205936,MERCH300258,purchase,21.44,web,2024-04-29 09:08:31,approved,False
TXN20240429000456,ACCT200793,MERCH300224,purchase,48.87,in_person,2024-04-29 00:55:19,approved,False
TXN20240429000457,ACCT204863,MERCH300146,purchase,8.4,web,2024-04-29 14:36:06,approved,False
TXN20240429000458,ACCT204763,MERCH300269,purchase,9.49,mobile,2024-04-29 02:26:50,approved,False
TXN20240429000459,ACCT202388,MERCH300192,deposit,33.41,atm,2024-04-29 12:27:34,approved,False
TXN20240429000460,ACCT204974,MERCH300202,transfer,9.44,atm,2024-04-29 17:00:17,approved,False
TXN20240429000461,ACCT200898,MERCH300111,purchase,11.43,web,2024-04-29 21:41:11,approved,False
TXN20240429000462,ACCT206274,MERCH300241,withdrawal,81.3,mobile,2024-04-29 23:39:09,approved,False
TXN20240429000463,ACCT203386,MERCH300081,purchase,73.58,web,2024-04-29 11:32:49,approved,False
TXN20240429000464,ACCT200917,MERCH300107,deposit,75.49,mobile,2024-04-29 01:14:35,approved,False
TXN20240429000465,ACCT201959,MERCH300150,withdrawal,75.64,in_person,2024-04-29 18:05:22,approved,False
TXN20240429000466,ACCT200592,MERCH300062,purchase,37.73,mobile,2024-04-29 09:07:51,declined,True
TXN20240429000467,ACCT200357,MERCH300191,withdrawal,14.92,in_person,2024-04-29 02:17:40,approved,False
TXN20240429000468,ACCT203375,MERCH300243,purchase,648.25,mobile,2024-04-29 06:50:39,approved,False
TXN20240429000469,ACCT205877,MERCH300239,purchase,12.7,mobile,2024-04-29 14:02:10,approved,False
TXN20240429000470,ACCT200581,MERCH300164,purchase,25.41,mobile,2024-04-29 11:17:37,approved,False
TXN20240429000471,ACCT203901,MERCH300292,transfer,17.91,in_person,2024-04-29 14:57:09,approved,False
TXN20240429000472,ACCT200723,MERCH300018,purchase,36.59,in_person,2024-04-29 15:08:35,approved,False
TXN20240429000473,ACCT202366,MERCH300213,purchase,24.21,in_person,2024-04-29 02:18:08,approved,False
TXN20240429000474,ACCT201017,MERCH300062,deposit,230.99,in_person,2024-04-29 19:57:30,approved,False
TXN20240429000475,ACCT200593,MERCH300069,transfer,50.37,web,2024-04-29 12:02:24,approved,False
TXN20240429000476,ACCT204467,MERCH300276,transfer,67.86,atm,2024-04-29 13:30:10,approved,False
TXN20240429000477,ACCT200411,MERCH300098,withdrawal,99.03,in_person,2024-04-29 03:25:55,approved,False
TXN20240429000478,ACCT202996,MERCH300171,purchase,25.57,web,2024-04-29 20:44:08,approved,False
TXN20240429000479,ACCT204196,MERCH300066,purchase,21.38,in_person,2024-04-29 09:05:43,approved,False
TXN20240429000480,ACCT201478,MERCH300085,deposit,5.78,web,2024-04-29 23:55:49,approved,False
TXN20240429000481,ACCT204771,MERCH300299,purchase,20.74,in_person,2024-04-29 15:06:51,approved,False
TXN20240429000482,ACCT201548,MERCH300187,purchase,101.99,mobile,2024-04-29 11:21:58,approved,False
TXN20240429000483,ACCT200803,MERCH300176,transfer,27.63,mobile,2024-04-29 20:51:26,approved,False
TXN20240429000484,ACCT206154,MERCH300138,purchase,45.88,web,2024-04-29 14:03:25,approved,False
TXN20240429000485,ACCT205340,MERCH300205,withdrawal,128.1,in_person,2024-04-29 08:18:43,approved,False
TXN20240429000486,ACCT202925,MERCH300064,purchase,59.07,in_person,2024-04-29 23:30:08,approved,False
TXN20240429000487,ACCT202352,MERCH300024,purchase,12.37,mobile,2024-04-29 11:57:27,approved,False
TXN20240429000488,ACCT204180,MERCH300088,purchase,54.18,web,2024-04-29 05:51:51,approved,False
TXN20240429000489,ACCT203501,MERCH300086,withdrawal,49.05,in_person,2024-04-29 08:04:57,approved,False
TXN20240429000490,ACCT205045,MERCH300060,purchase,12.45,in_person,2024-04-29 11:07:44,approved,False
TXN20240429000491,ACCT200532,MERCH300128,purchase,119.55,atm,2024-04-29 01:31:53,approved,False
TXN20240429000492,ACCT204013,MERCH300053,purchase,43.18,in_person,2024-04-29 16:31:30,approved,False
TXN20240429000493,ACCT200431,MERCH300249,purchase,23.99,in_person,2024-04-29 15:25:26,approved,False
TXN20240429000494,ACCT201937,MERCH300187,transfer,54.69,in_person,2024-04-29 06:41:34,approved,False
TXN20240429000495,ACCT202498,MERCH300114,purchase,16.05,mobile,2024-04-29 21:34:01,approved,False
TXN20240429000496,ACCT206257,MERCH300194,transfer,87.36,web,2024-04-29 05:49:48,approved,False
TXN20240429000497,ACCT201173,MERCH300147,withdrawal,268.08,in_person,2024-04-29 07:56:48,approved,False
TXN20240429000498,ACCT202824,MERCH300279,withdrawal,25.24,mobile,2024-04-29 06:50:42,approved,False
TXN20240429000499,ACCT200784,MERCH300223,withdrawal,222.64,mobile,2024-04-29 23:46:41,approved,False
TXN20240429000500,ACCT202265,MERCH300205,purchase,17.07,atm,2024-04-29 12:31:55,approved,False
TXN20240429000501,ACCT202045,MERCH300096,purchase,64.32,web,2024-04-29 16:14:01,approved,False
TXN20240429000502,ACCT205092,MERCH300055,withdrawal,26.65,in_person,2024-04-29 19:25:25,approved,False
TXN20240429000503,ACCT205213,MERCH300011,purchase,21.1,web,2024-04-29 21:16:00,approved,False
TXN20240429000504,ACCT204149,MERCH300111,purchase,51.77,in_person,2024-04-29 13:06:55,approved,False
TXN20240429000505,ACCT204897,MERCH300021,purchase,22.98,mobile,2024-04-29 00:06:19,approved,False
TXN20240429000506,ACCT202389,MERCH300040,purchase,19.05,web,2024-04-29 15:18:17,declined,False
TXN20240429000507,ACCT202041,MERCH300210,deposit,377.18,in_person,2024-04-29 20:31:12,approved,False
TXN20240429000508,ACCT204170,MERCH300049,purchase,48.72,in_person,2024-04-29 00:09:08,approved,False
TXN20240429000509,ACCT206032,MERCH300299,withdrawal,43.53,in_person,2024-04-29 10:12:19,approved,False
TXN20240429000510,ACCT201318,MERCH300137,transfer,205.42,atm,2024-04-29 04:21:47,approved,False
TXN20240429000511,ACCT200705,MERCH300034,withdrawal,43.21,mobile,2024-04-29 02:08:15,declined,False
TXN20240429000512,ACCT205451,MERCH300103,purchase,40.05,in_person,2024-04-29 18:22:55,approved,False
TXN20240429000513,ACCT200360,MERCH300194,withdrawal,18.95,web,2024-04-29 08:55:45,approved,False
TXN20240429000514,ACCT202808,MERCH300144,withdrawal,2.56,atm,2024-04-29 04:43:10,approved,False
TXN20240429000515,ACCT203614,MERCH300214,purchase,15.4,atm,2024-04-29 14:43:14,approved,False
TXN20240429000516,ACCT206231,MERCH300164,purchase,5.85,atm,2024-04-29 17:41:02,approved,False
TXN20240429000517,ACCT203156,MERCH300051,purchase,42.02,web,2024-04-29 05:10:06,approved,False
TXN20240429000518,ACCT203343,MERCH300118,transfer,206.58,web,2024-04-29 23:15:25,approved,False
TXN20240429000519,ACCT202100,MERCH300030,purchase,65.27,in_person,2024-04-29 02:45:37,approved,False
TXN20240429000520,ACCT204880,MERCH300057,deposit,16.99,web,2024-04-29 03:18:30,declined,False
TXN20240429000521,ACCT203378,MERCH300202,purchase,51.88,web,2024-04-29 20:02:37,approved,False
TXN20240429000522,ACCT206126,MERCH300057,withdrawal,76.62,in_person,2024-04-29 12:07:07,approved,False
TXN20240429000523,ACCT205160,MERCH300203,purchase,43.32,in_person,2024-04-29 16:54:19,approved,False
TXN20240429000524,ACCT202557,MERCH300291,purchase,15.72,in_person,2024-04-29 04:45:03,approved,False
TXN20240429000525,ACCT205025,MERCH300101,purchase,33.7,in_person,2024-04-29 05:09:00,approved,False
TXN20240429000526,ACCT202047,MERCH300284,purchase,27.83,mobile,2024-04-29 06:08:44,approved,False
TXN20240429000527,ACCT201050,MERCH300225,purchase,123.72,web,2024-04-29 11:36:57,approved,False
TXN20240429000528,ACCT204986,MERCH300073,purchase,42.76,web,2024-04-29 15:56:13,approved,False
TXN20240429000529,ACCT205707,MERCH300020,purchase,44.69,atm,2024-04-29 23:23:44,approved,False
TXN20240429000530,ACCT205177,MERCH300019,purchase,25.05,in_person,2024-04-29 12:31:28,approved,False
TXN20240429000531,ACCT202302,MERCH300221,purchase,28.23,web,2024-04-29 16:01:39,approved,False
TXN20240429000532,ACCT205820,MERCH300234,withdrawal,9.31,mobile,2024-04-29 14:46:40,approved,False
TXN20240429000533,ACCT201054,MERCH300052,transfer,54.17,web,2024-04-29 22:02:26,approved,False
TXN20240429000534,ACCT205032,MERCH300053,transfer,161.81,in_person,2024-04-29 00:35:29,approved,False
TXN20240429000535,ACCT200027,MERCH300156,withdrawal,40.29,in_person,2024-04-29 22:48:26,approved,False
TXN20240429000536,ACCT202498,MERCH300165,transfer,24.47,in_person,2024-04-29 11:55:27,approved,False
TXN20240429000537,ACCT204445,MERCH300019,purchase,10.77,in_person,2024-04-29 20:42:44,declined,False
TXN20240429000538,ACCT200548,MERCH300127,purchase,31.18,in_person,2024-04-29 01:48:04,approved,False
TXN20240429000539,ACCT203297,MERCH300217,purchase,257.86,web,2024-04-29 17:53:17,approved,False
TXN20240429000540,ACCT200773,MERCH300256,purchase,34.09,atm,2024-04-29 19:32:36,approved,False
TXN20240429000541,ACCT203008,MERCH300197,purchase,64.16,web,2024-04-29 21:45:24,approved,False
TXN20240429000542,ACCT203716,MERCH300296,deposit,129.21,mobile,2024-04-29 21:04:09,approved,False
TXN20240429000543,ACCT202841,MERCH300233,purchase,6.04,web,2024-04-29 09:55:42,approved,False
TXN20240429000544,ACCT203476,MERCH300228,purchase,52.43,mobile,2024-04-29 07:04:24,approved,False
TXN20240429000545,ACCT200393,MERCH300089,purchase,24.26,web,2024-04-29 00:38:46,approved,False
TXN20240429000546,ACCT204662,MERCH300280,purchase,69.66,web,2024-04-29 01:06:09,approved,False
TXN20240429000547,ACCT203093,MERCH300164,purchase,30.93,in_person,2024-04-29 01:41:03,approved,False
TXN20240429000548,ACCT202038,MERCH300144,purchase,25.62,atm,2024-04-29 12:02:45,approved,False
TXN20240429000549,ACCT206344,MERCH300263,withdrawal,9.01,web,2024-04-29 21:28:10,approved,False
TXN20240429000550,ACCT200151,MERCH300028,transfer,12.65,in_person,2024-04-29 09:11:15,approved,False
TXN20240429000551,ACCT201443,MERCH300161,purchase,17.72,in_person,2024-04-29 20:30:20,approved,False
TXN20240429000552,ACCT202062,MERCH300213,purchase,33.62,mobile,2024-04-29 17:43:00,approved,False
TXN20240429000553,ACCT206049,MERCH300047,withdrawal,44.85,mobile,2024-04-29 08:30:45,declined,False
TXN20240429000554,ACCT203265,MERCH300026,purchase,61.93,web,2024-04-29 02:27:01,approved,False
TXN20240429000555,ACCT205831,MERCH300106,transfer,30.09,web,2024-04-29 11:58:16,approved,False
TXN20240429000556,ACCT202078,MERCH300261,withdrawal,30.3,in_person,2024-04-29 09:45:37,approved,False
TXN20240429000557,ACCT203425,MERCH300081,purchase,88.33,in_person,2024-04-29 15:22:40,approved,False
TXN20240429000558,ACCT202309,MERCH300260,purchase,38.23,in_person,2024-04-29 12:08:20,approved,False
TXN20240429000559,ACCT204811,MERCH300240,deposit,64.05,web,2024-04-29 23:22:11,approved,False
TXN20240429000560,ACCT203912,MERCH300281,purchase,14.26,web,2024-04-29 01:16:53,approved,False
TXN20240429000561,ACCT201651,MERCH300065,withdrawal,43.74,in_person,2024-04-29 19:56:33,approved,False
TXN20240429000562,ACCT204638,MERCH300014,purchase,21.29,web,2024-04-29 19:01:11,approved,False
TXN20240429000563,ACCT202191,MERCH300298,purchase,80.29,web,2024-04-29 00:48:16,approved,False
TXN20240429000564,ACCT204458,MERCH300291,purchase,41.42,mobile,2024-04-29 00:55:37,approved,False
TXN20240429000565,ACCT206212,MERCH300241,purchase,10.44,atm,2024-04-29 11:42:01,approved,False
TXN20240429000566,ACCT204700,MERCH300023,purchase,52.88,mobile,2024-04-29 02:23:36,reversed,False
TXN20240429000567,ACCT203669,MERCH300240,purchase,6.61,web,2024-04-29 06:07:50,approved,False
TXN20240429000568,ACCT203436,MERCH300091,deposit,10.04,mobile,2024-04-29 19:36:04,approved,False
TXN20240429000569,ACCT203626,MERCH300022,purchase,47.48,in_person,2024-04-29 05:00:33,approved,False
TXN20240429000570,ACCT202195,MERCH300131,deposit,11.05,web,2024-04-29 16:55:08,approved,False
TXN20240429000571,ACCT206440,MERCH300139,purchase,8.5,in_person,2024-04-29 10:59:57,approved,False
TXN20240429000572,ACCT206113,MERCH300182,purchase,53.48,web,2024-04-29 07:13:42,approved,False
TXN20240429000573,ACCT202316,MERCH300003,purchase,15.83,in_person,2024-04-29 17:47:26,approved,False
TXN20240429000574,ACCT205484,MERCH300254,transfer,48.8,in_person,2024-04-29 13:31:52,approved,False
TXN20240429000575,ACCT203696,MERCH300277,purchase,119.31,in_person,2024-04-29 10:06:04,approved,False
TXN20240429000576,ACCT200951,MERCH300044,purchase,41.65,mobile,2024-04-29 17:25:30,approved,False
TXN20240429000577,ACCT205201,MERCH300092,withdrawal,32.68,in_person,2024-04-29 12:37:47,approved,False
TXN20240429000578,ACCT202236,MERCH300207,purchase,125.8,atm,2024-04-29 05:09:47,approved,False
TXN20240429000579,ACCT200178,MERCH300201,withdrawal,11.0,in_person,2024-04-29 18:08:27,approved,False
TXN20240429000580,ACCT203995,MERCH300156,transfer,9.03,mobile,2024-04-29 03:26:50,approved,False
TXN20240429000581,ACCT203214,MERCH300166,purchase,146.23,in_person,2024-04-29 11:38:39,approved,False
TXN20240429000582,ACCT200381,MERCH300260,withdrawal,7.67,in_person,2024-04-29 23:55:29,declined,False
TXN20240429000583,ACCT201535,MERCH300138,withdrawal,32.47,atm,2024-04-29 05:15:47,approved,False
TXN20240429000584,ACCT203170,MERCH300083,transfer,43.3,in_person,2024-04-29 15:08:03,approved,False
TXN20240429000585,ACCT203602,MERCH300163,purchase,23.45,in_person,2024-04-29 23:30:10,approved,False
TXN20240429000586,ACCT205284,MERCH300085,purchase,40.75,in_person,2024-04-29 19:35:54,approved,False
TXN20240429000587,ACCT204654,MERCH300021,transfer,31.47,atm,2024-04-29 13:51:20,approved,False
TXN20240429000588,ACCT204179,MERCH300133,purchase,311.48,mobile,2024-04-29 04:01:55,approved,False
TXN20240429000589,ACCT200552,MERCH300292,purchase,68.09,in_person,2024-04-29 20:24:42,approved,False
TXN20240429000590,ACCT204927,MERCH300030,purchase,40.47,mobile,2024-04-29 08:48:44,approved,False
TXN20240429000591,ACCT203459,MERCH300026,purchase,107.01,mobile,2024-04-29 23:31:37,approved,False
TXN20240429000592,ACCT205978,MERCH300262,purchase,6.28,in_person,2024-04-29 05:50:04,approved,False
TXN20240429000593,ACCT204891,MERCH300159,purchase,72.73,mobile,2024-04-29 03:50:38,declined,False
TXN20240429000594,ACCT203702,MERCH300190,purchase,170.88,mobile,2024-04-29 19:21:11,approved,False
TXN20240429000595,ACCT204712,MERCH300007,purchase,276.01,in_person,2024-04-29 07:53:47,approved,False
TXN20240429000596,ACCT200603,MERCH300243,deposit,12.69,web,2024-04-29 21:35:26,approved,False
TXN20240429000597,ACCT203063,MERCH300219,withdrawal,5.78,atm,2024-04-29 23:33:19,approved,False
TXN20240429000598,ACCT205834,MERCH300299,purchase,71.52,web,2024-04-29 18:46:33,approved,False
TXN20240429000599,ACCT204961,MERCH300296,purchase,28.33,in_person,2024-04-29 13:11:57,approved,False
TXN20240429000600,ACCT200477,MERCH300065,purchase,27.91,web,2024-04-29 23:25:55,approved,False
TXN20240429000601,ACCT200145,MERCH300244,purchase,34.95,web,2024-04-29 13:14:11,approved,False
TXN20240429000602,ACCT202110,MERCH300105,purchase,36.75,web,2024-04-29 04:18:52,approved,False
TXN20240429000603,ACCT205994,MERCH300172,purchase,83.55,atm,2024-04-29 08:31:31,approved,False
TXN20240429000604,ACCT203122,MERCH300228,purchase,11.97,mobile,2024-04-29 02:16:34,approved,True
TXN20240429000605,ACCT203377,MERCH300092,transfer,83.3,in_person,2024-04-29 16:05:55,approved,False
TXN20240429000606,ACCT206140,MERCH300229,purchase,17.23,in_person,2024-04-29 12:03:43,approved,False
TXN20240429000607,ACCT204652,MERCH300063,transfer,36.1,atm,2024-04-29 01:11:12,approved,False
TXN20240429000608,ACCT202238,MERCH300285,transfer,27.16,web,2024-04-29 22:53:49,approved,False
TXN20240429000609,ACCT206273,MERCH300222,purchase,19.33,atm,2024-04-29 00:07:24,approved,False
TXN20240429000610,ACCT200535,MERCH300076,transfer,6.63,web,2024-04-29 03:27:43,approved,False
TXN20240429000611,ACCT201706,MERCH300177,withdrawal,27.52,atm,2024-04-29 02:34:58,approved,False
TXN20240429000612,ACCT205998,MERCH300151,transfer,59.91,in_person,2024-04-29 03:02:52,approved,False
TXN20240429000613,ACCT204783,MERCH300019,transfer,42.62,mobile,2024-04-29 12:05:00,approved,False
TXN20240429000614,ACCT200704,MERCH300111,purchase,97.01,web,2024-04-29 17:37:12,approved,False
TXN20240429000615,ACCT202625,MERCH300083,purchase,5.07,in_person,2024-04-29 13:53:11,approved,False
TXN20240429000616,ACCT201231,MERCH300272,deposit,18.83,in_person,2024-04-29 00:19:11,approved,False
TXN20240429000617,ACCT200208,MERCH300059,purchase,298.56,mobile,2024-04-29 02:54:40,approved,False
TXN20240429000618,ACCT202056,MERCH300280,purchase,12.37,web,2024-04-29 21:22:14,approved,False
TXN20240429000619,ACCT202796,MERCH300013,deposit,58.19,atm,2024-04-29 22:39:48,approved,False
TXN20240429000620,ACCT201977,MERCH300252,purchase,129.14,in_person,2024-04-29 20:45:57,approved,False
TXN20240429000621,ACCT205071,MERCH300158,deposit,64.45,web,2024-04-29 00:46:01,approved,False
TXN20240429000622,ACCT204661,MERCH300187,purchase,7.17,mobile,2024-04-29 00:54:52,approved,False
TXN20240429000623,ACCT204951,MERCH300064,purchase,39.83,atm,2024-04-29 05:13:05,approved,False
TXN20240429000624,ACCT203660,MERCH300070,transfer,71.09,web,2024-04-29 23:11:38,approved,False
TXN20240429000625,ACCT202597,MERCH300266,purchase,127.64,web,2024-04-29 11:02:44,approved,False
TXN20240429000626,ACCT200265,MERCH300045,purchase,16.2,atm,2024-04-29 16:10:12,approved,False
TXN20240429000627,ACCT200387,MERCH300089,purchase,29.62,in_person,2024-04-29 22:26:54,approved,False
TXN20240429000628,ACCT202765,MERCH300152,deposit,58.38,mobile,2024-04-29 04:03:18,approved,False
TXN20240429000629,ACCT201068,MERCH300010,purchase,290.86,atm,2024-04-29 17:24:07,approved,False
TXN20240429000630,ACCT203307,MERCH300211,withdrawal,6.35,web,2024-04-29 05:11:57,approved,False
TXN20240429000631,ACCT203169,MERCH300199,purchase,122.27,web,2024-04-29 05:35:22,approved,False
TXN20240429000632,ACCT202652,MERCH300144,purchase,23.98,mobile,2024-04-29 16:39:15,approved,False
TXN20240429000633,ACCT203746,MERCH300160,purchase,6.26,mobile,2024-04-29 09:00:59,approved,False
TXN20240429000634,ACCT204558,MERCH300241,withdrawal,23.65,in_person,2024-04-29 11:40:38,approved,False
TXN20240429000635,ACCT203787,MERCH300229,deposit,28.88,atm,2024-04-29 06:59:35,approved,False
TXN20240429000636,ACCT205159,MERCH300270,purchase,16.12,in_person,2024-04-29 06:46:02,approved,False
TXN20240429000637,ACCT202027,MERCH300020,purchase,9.0,web,2024-04-29 20:21:08,approved,False
TXN20240429000638,ACCT202293,MERCH300002,purchase,10.32,web,2024-04-29 19:00:11,approved,False
TXN20240429000639,ACCT200913,MERCH300289,purchase,35.46,web,2024-04-29 20:52:10,approved,False
TXN20240429000640,ACCT203240,MERCH300145,purchase,13.57,mobile,2024-04-29 12:11:17,approved,False
TXN20240429000641,ACCT206052,MERCH300257,transfer,25.2,in_person,2024-04-29 17:04:46,approved,False
TXN20240429000642,ACCT202833,MERCH300097,transfer,200.33,atm,2024-04-29 19:33:11,approved,False
TXN20240429000643,ACCT203809,MERCH300110,withdrawal,112.27,mobile,2024-04-29 21:05:46,approved,False
TXN20240429000644,ACCT203220,MERCH300173,deposit,51.03,mobile,2024-04-29 12:02:29,approved,False
TXN20240429000645,ACCT203283,MERCH300095,purchase,51.25,in_person,2024-04-29 09:09:23,approved,False
TXN20240429000646,ACCT203145,MERCH300227,purchase,49.99,web,2024-04-29 17:29:07,approved,False
TXN20240429000647,ACCT205989,MERCH300057,purchase,141.48,mobile,2024-04-29 21:25:16,approved,False
TXN20240429000648,ACCT204754,MERCH300115,withdrawal,23.39,web,2024-04-29 15:33:07,approved,False
TXN20240429000649,ACCT203730,MERCH300024,purchase,20.2,in_person,2024-04-29 18:00:58,approved,False
TXN20240429000650,ACCT205687,MERCH300258,transfer,33.06,mobile,2024-04-29 08:46:29,approved,False
TXN20240429000651,ACCT202056,MERCH300260,purchase,85.26,web,2024-04-29 18:47:14,reversed,False
TXN20240429000652,ACCT202141,MERCH300218,purchase,13.69,mobile,2024-04-29 00:54:52,approved,False
TXN20240429000653,ACCT204899,MERCH300168,purchase,18.64,in_person,2024-04-29 11:26:16,approved,False
TXN20240429000654,ACCT201642,MERCH300140,purchase,136.69,in_person,2024-04-29 19:20:42,approved,False
TXN20240429000655,ACCT201119,MERCH300038,deposit,49.87,in_person,2024-04-29 13:22:28,approved,False
TXN20240429000656,ACCT206451,MERCH300235,purchase,17.39,mobile,2024-04-29 18:31:22,approved,False
TXN20240429000657,ACCT205192,MERCH300041,deposit,74.54,in_person,2024-04-29 21:58:18,approved,False
TXN20240429000658,ACCT203612,MERCH300130,deposit,20.87,in_person,2024-04-29 07:55:17,approved,False
TXN20240429000659,ACCT204380,MERCH300259,purchase,43.23,web,2024-04-29 21:55:06,approved,False
TXN20240429000660,ACCT203825,MERCH300066,withdrawal,62.75,web,2024-04-29 12:38:20,approved,False
TXN20240429000661,ACCT201096,MERCH300005,transfer,14.12,mobile,2024-04-29 08:23:27,approved,False
TXN20240429000662,ACCT202477,MERCH300080,purchase,83.3,mobile,2024-04-29 16:58:12,reversed,False
TXN20240429000663,ACCT203417,MERCH300267,purchase,32.28,atm,2024-04-29 17:32:41,approved,False
TXN20240429000664,ACCT200767,MERCH300116,purchase,72.73,mobile,2024-04-29 06:34:22,approved,False
TXN20240429000665,ACCT201054,MERCH300166,purchase,39.73,in_person,2024-04-29 07:07:32,approved,False
TXN20240429000666,ACCT200086,MERCH300074,purchase,33.99,in_person,2024-04-29 19:39:22,approved,False
TXN20240429000667,ACCT204145,MERCH300253,purchase,66.48,in_person,2024-04-29 17:34:35,approved,False
TXN20240429000668,ACCT203707,MERCH300000,purchase,21.86,web,2024-04-29 23:09:31,approved,False
TXN20240429000669,ACCT201147,MERCH300065,transfer,60.57,web,2024-04-29 22:48:51,approved,False
TXN20240429000670,ACCT206432,MERCH300186,purchase,9.98,in_person,2024-04-29 08:49:56,approved,False
TXN20240429000671,ACCT205401,MERCH300263,purchase,21.29,mobile,2024-04-29 14:32:43,approved,False
TXN20240429000672,ACCT205982,MERCH300008,purchase,50.53,in_person,2024-04-29 13:49:43,approved,False
TXN20240429000673,ACCT201787,MERCH300053,transfer,18.4,in_person,2024-04-29 06:34:38,approved,False
TXN20240429000674,ACCT202880,MERCH300005,purchase,10.33,in_person,2024-04-29 21:24:50,approved,False
TXN20240429000675,ACCT204857,MERCH300172,transfer,16.78,web,2024-04-29 20:39:33,approved,False
TXN20240429000676,ACCT200401,MERCH300281,purchase,87.2,in_person,2024-04-29 18:26:11,approved,False
TXN20240429000677,ACCT200023,MERCH300167,purchase,19.7,atm,2024-04-29 06:08:30,approved,False
TXN20240429000678,ACCT201267,MERCH300047,purchase,254.35,web,2024-04-29 07:16:36,approved,False
TXN20240429000679,ACCT203687,MERCH300132,purchase,15.64,in_person,2024-04-29 23:22:37,approved,False
TXN20240429000680,ACCT205608,MERCH300174,transfer,84.23,web,2024-04-29 10:05:29,approved,False
TXN20240429000681,ACCT204914,MERCH300074,purchase,55.17,atm,2024-04-29 19:26:35,approved,False
TXN20240429000682,ACCT204598,MERCH300148,deposit,14.55,mobile,2024-04-29 19:48:43,approved,False
TXN20240429000683,ACCT206095,MERCH300165,deposit,61.28,web,2024-04-29 02:30:22,approved,False
TXN20240429000684,ACCT204684,MERCH300198,purchase,116.16,atm,2024-04-29 23:38:43,approved,False
TXN20240429000685,ACCT202600,MERCH300227,purchase,11.37,web,2024-04-29 12:05:52,approved,False
TXN20240429000686,ACCT202788,MERCH300000,purchase,49.24,mobile,2024-04-29 04:05:04,approved,False
TXN20240429000687,ACCT203835,MERCH300297,deposit,6.53,web,2024-04-29 17:51:02,approved,False
TXN20240429000688,ACCT205311,MERCH300122,transfer,49.73,in_person,2024-04-29 14:00:21,approved,False
TXN20240429000689,ACCT200313,MERCH300122,withdrawal,14.98,mobile,2024-04-29 00:31:37,approved,False
TXN20240429000690,ACCT206086,MERCH300260,purchase,19.46,in_person,2024-04-29 11:58:29,approved,False
TXN20240429000691,ACCT203806,MERCH300082,purchase,74.56,web,2024-04-29 03:56:44,approved,False
TXN20240429000692,ACCT204978,MERCH300045,purchase,81.65,atm,2024-04-29 13:20:16,approved,False
TXN20240429000693,ACCT202974,MERCH300212,purchase,145.49,mobile,2024-04-29 17:14:26,approved,False
TXN20240429000694,ACCT203433,MERCH300209,deposit,56.04,mobile,2024-04-29 23:03:15,approved,False
TXN20240429000695,ACCT203429,MERCH300239,purchase,40.45,web,2024-04-29 19:37:04,declined,False
TXN20240429000696,ACCT203342,MERCH300028,purchase,13.99,web,2024-04-29 10:15:18,approved,False
TXN20240429000697,ACCT206077,MERCH300095,purchase,23.67,in_person,2024-04-29 17:16:16,approved,False
TXN20240429000698,ACCT200562,MERCH300115,purchase,14.61,mobile,2024-04-29 14:59:43,approved,False
TXN20240429000699,ACCT200687,MERCH300247,purchase,45.03,in_person,2024-04-29 11:38:00,approved,False
TXN20240429000700,ACCT203122,MERCH300226,purchase,23.89,in_person,2024-04-29 13:47:47,approved,False
TXN20240429000701,ACCT206102,MERCH300171,purchase,15.04,in_person,2024-04-29 05:39:22,approved,False
TXN20240429000702,ACCT200807,MERCH300043,withdrawal,50.85,mobile,2024-04-29 22:43:19,approved,False
TXN20240429000703,ACCT205082,MERCH300046,withdrawal,27.57,web,2024-04-29 18:08:43,approved,False
TXN20240429000704,ACCT205540,MERCH300172,purchase,22.32,web,2024-04-29 11:24:07,approved,False
TXN20240429000705,ACCT203278,MERCH300066,deposit,16.71,atm,2024-04-29 21:34:42,approved,False
TXN20240429000706,ACCT201131,MERCH300094,transfer,12.08,in_person,2024-04-29 22:18:10,approved,False
TXN20240429000707,ACCT202952,MERCH300245,purchase,19.79,in_person,2024-04-29 07:09:43,approved,False
TXN20240429000708,ACCT203029,MERCH300184,purchase,57.03,mobile,2024-04-29 05:32:47,approved,False
TXN20240429000709,ACCT205747,MERCH300196,withdrawal,16.4,mobile,2024-04-29 22:52:33,approved,False
TXN20240429000710,ACCT203322,MERCH300044,withdrawal,107.84,mobile,2024-04-29 21:39:39,reversed,False
TXN20240429000711,ACCT205531,MERCH300154,purchase,44.51,in_person,2024-04-29 02:23:44,approved,False
TXN20240429000712,ACCT203759,MERCH300003,purchase,90.44,atm,2024-04-29 01:02:40,approved,False
TXN20240429000713,ACCT201140,MERCH300008,purchase,39.47,web,2024-04-29 22:50:04,approved,False
TXN20240429000714,ACCT205630,MERCH300064,withdrawal,116.25,web,2024-04-29 16:28:06,approved,False
TXN20240429000715,ACCT200702,MERCH300127,purchase,145.97,in_person,2024-04-29 21:43:52,approved,False
TXN20240429000716,ACCT202627,MERCH300070,purchase,9.86,atm,2024-04-29 19:21:45,approved,False
TXN20240429000717,ACCT200238,MERCH300277,purchase,52.61,web,2024-04-29 05:41:03,declined,False
TXN20240429000718,ACCT203279,MERCH300233,purchase,68.74,web,2024-04-29 06:08:13,approved,False
TXN20240429000719,ACCT200191,MERCH300179,purchase,29.2,in_person,2024-04-29 22:55:14,approved,False
TXN20240429000720,ACCT203095,MERCH300150,purchase,203.81,mobile,2024-04-29 04:28:17,approved,False
TXN20240429000721,ACCT202694,MERCH300262,deposit,43.5,web,2024-04-29 13:06:48,approved,False
TXN20240429000722,ACCT200319,MERCH300027,purchase,31.75,web,2024-04-29 10:12:52,approved,False
TXN20240429000723,ACCT205325,MERCH300224,deposit,56.12,web,2024-04-29 03:07:58,approved,False
TXN20240429000724,ACCT206465,MERCH300030,purchase,8.29,mobile,2024-04-29 23:21:42,reversed,False
TXN20240429000725,ACCT200378,MERCH300078,purchase,21.15,in_person,2024-04-29 01:41:09,approved,False
TXN20240429000726,ACCT203948,MERCH300166,withdrawal,21.29,web,2024-04-29 01:04:34,approved,False
TXN20240429000727,ACCT205649,MERCH300036,transfer,41.34,web,2024-04-29 10:03:02,approved,False
TXN20240429000728,ACCT203316,MERCH300288,purchase,32.01,web,2024-04-29 08:15:44,approved,False
TXN20240429000729,ACCT202019,MERCH300063,transfer,4.43,web,2024-04-29 14:19:26,approved,False
TXN20240429000730,ACCT200081,MERCH300131,purchase,46.12,mobile,2024-04-29 17:19:36,approved,False
TXN20240429000731,ACCT200779,MERCH300116,purchase,19.94,in_person,2024-04-29 18:34:08,approved,False
TXN20240429000732,ACCT202430,MERCH300036,purchase,7.86,mobile,2024-04-29 16:43:32,approved,False
TXN20240429000733,ACCT200206,MERCH300174,withdrawal,9.43,web,2024-04-29 08:48:38,approved,False
TXN20240429000734,ACCT204945,MERCH300195,deposit,108.98,in_person,2024-04-29 16:21:07,declined,False
TXN20240429000735,ACCT203183,MERCH300239,purchase,7.57,web,2024-04-29 22:20:02,approved,False
TXN20240429000736,ACCT200796,MERCH300171,purchase,17.03,web,2024-04-29 23:44:11,approved,False
TXN20240429000737,ACCT200857,MERCH300081,purchase,13.45,atm,2024-04-29 08:06:07,approved,False
TXN20240429000738,ACCT201023,MERCH300195,purchase,71.93,in_person,2024-04-29 00:08:34,approved,False
TXN20240429000739,ACCT202239,MERCH300209,purchase,31.67,web,2024-04-29 12:49:26,approved,False
TXN20240429000740,ACCT200400,MERCH300200,purchase,79.32,web,2024-04-29 06:13:15,declined,False
TXN20240429000741,ACCT203621,MERCH300129,withdrawal,8.66,mobile,2024-04-29 22:57:27,approved,False
TXN20240429000742,ACCT200492,MERCH300171,purchase,8.14,in_person,2024-04-29 08:14:40,declined,False
TXN20240429000743,ACCT201357,MERCH300048,purchase,120.68,mobile,2024-04-29 05:04:38,approved,False
TXN20240429000744,ACCT201486,MERCH300186,purchase,67.76,web,2024-04-29 14:47:47,approved,False
TXN20240429000745,ACCT206119,MERCH300238,purchase,73.42,in_person,2024-04-29 10:22:02,approved,False
TXN20240429000746,ACCT202793,MERCH300070,purchase,97.76,web,2024-04-29 14:01:44,approved,False
TXN20240429000747,ACCT203796,MERCH300229,transfer,104.98,atm,2024-04-29 13:09:41,approved,False
TXN20240429000748,ACCT205165,MERCH300218,purchase,49.84,atm,2024-04-29 02:49:12,approved,False
TXN20240429000749,ACCT204350,MERCH300123,purchase,56.14,mobile,2024-04-29 14:02:31,approved,False
TXN20240429000750,ACCT204495,MERCH300034,purchase,67.71,mobile,2024-04-29 22:11:59,approved,False
TXN20240429000751,ACCT206349,MERCH300130,purchase,16.25,web,2024-04-29 14:35:41,approved,False
TXN20240429000752,ACCT205607,MERCH300061,purchase,6.7,in_person,2024-04-29 22:35:33,approved,False
TXN20240429000753,ACCT205900,MERCH300283,purchase,89.14,mobile,2024-04-29 10:01:12,approved,False
TXN20240429000754,ACCT204951,MERCH300208,purchase,31.48,in_person,2024-04-29 19:43:38,approved,False
TXN20240429000755,ACCT205918,MERCH300027,deposit,108.37,in_person,2024-04-29 11:52:40,approved,False
TXN20240429000756,ACCT204046,MERCH300180,purchase,41.7,atm,2024-04-29 14:23:41,approved,False
TXN20240429000757,ACCT202827,MERCH300216,transfer,58.28,atm,2024-04-29 15:51:30,approved,False
TXN20240429000758,ACCT202391,MERCH300276,withdrawal,87.28,web,2024-04-29 18:08:43,approved,False
TXN20240429000759,ACCT206058,MERCH300284,purchase,30.5,atm,2024-04-29 19:50:59,declined,False
TXN20240429000760,ACCT202511,MERCH300249,purchase,21.04,mobile,2024-04-29 06:01:50,approved,False
TXN20240429000761,ACCT206072,MERCH300267,purchase,25.73,mobile,2024-04-29 04:31:58,approved,False
TXN20240429000762,ACCT205695,MERCH300130,purchase,99.74,mobile,2024-04-29 20:15:16,approved,False
TXN20240429000763,ACCT202194,MERCH300241,withdrawal,20.77,in_person,2024-04-29 15:57:15,approved,False
TXN20240429000764,ACCT203352,MERCH300159,purchase,10.59,web,2024-04-29 02:49:54,approved,False
TXN20240429000765,ACCT200671,MERCH300231,deposit,33.82,web,2024-04-29 03:19:43,approved,False
TXN20240429000766,ACCT201806,MERCH300217,purchase,95.27,web,2024-04-29 02:01:15,approved,False
TXN20240429000767,ACCT201529,MERCH300126,deposit,44.59,web,2024-04-29 13:08:21,approved,False
TXN20240429000768,ACCT205416,MERCH300211,purchase,85.44,web,2024-04-29 09:39:55,approved,False
TXN20240429000769,ACCT203816,MERCH300270,transfer,5.72,web,2024-04-29 23:58:54,approved,False
TXN20240429000770,ACCT205037,MERCH300083,purchase,142.4,mobile,2024-04-29 20:14:48,approved,False
TXN20240429000771,ACCT201633,MERCH300001,purchase,23.39,mobile,2024-04-29 22:48:05,approved,False
TXN20240429000772,ACCT201217,MERCH300206,purchase,35.82,atm,2024-04-29 04:58:04,approved,False
TXN20240429000773,ACCT201369,MERCH300136,purchase,25.85,in_person,2024-04-29 17:18:53,approved,False
TXN20240429000774,ACCT206267,MERCH300192,purchase,11.23,mobile,2024-04-29 01:39:03,approved,False
TXN20240429000775,ACCT201602,MERCH300088,withdrawal,21.5,mobile,2024-04-29 18:16:07,approved,False
TXN20240429000776,ACCT206085,MERCH300062,transfer,154.72,mobile,2024-04-29 23:49:42,reversed,False
TXN20240429000777,ACCT202611,MERCH300222,transfer,70.74,in_person,2024-04-29 03:01:50,approved,False
TXN20240429000778,ACCT205265,MERCH300217,transfer,87.89,web,2024-04-29 20:12:24,approved,False
TXN20240429000779,ACCT206145,MERCH300293,purchase,38.85,in_person,2024-04-29 05:49:26,approved,False
TXN20240429000780,ACCT200930,MERCH300140,transfer,19.08,atm,2024-04-29 04:49:33,approved,False
TXN20240429000781,ACCT204192,MERCH300292,purchase,32.98,mobile,2024-04-29 00:59:50,approved,False
TXN20240429000782,ACCT206419,MERCH300198,purchase,32.84,in_person,2024-04-29 12:47:19,approved,False
TXN20240429000783,ACCT200804,MERCH300164,deposit,119.15,web,2024-04-29 14:44:19,approved,False
TXN20240429000784,ACCT206152,MERCH300148,purchase,82.62,mobile,2024-04-29 17:36:35,approved,False
TXN20240429000785,ACCT203079,MERCH300052,transfer,60.86,web,2024-04-29 20:58:03,approved,False
TXN20240429000786,ACCT201992,MERCH300200,purchase,65.0,mobile,2024-04-29 02:42:36,approved,False
TXN20240429000787,ACCT204173,MERCH300087,deposit,19.63,web,2024-04-29 13:34:40,approved,False
TXN20240429000788,ACCT201591,MERCH300135,withdrawal,46.71,web,2024-04-29 18:29:48,approved,False
TXN20240429000789,ACCT205455,MERCH300222,withdrawal,67.95,web,2024-04-29 04:02:41,approved,False
TXN20240429000790,ACCT200466,MERCH300176,transfer,12.99,web,2024-04-29 04:17:06,approved,False
TXN20240429000791,ACCT205663,MERCH300185,purchase,33.52,atm,2024-04-29 10:30:16,approved,False
TXN20240429000792,ACCT200223,MERCH300163,withdrawal,19.11,web,2024-04-29 04:12:56,approved,False
TXN20240429000793,ACCT200617,MERCH300275,purchase,83.43,mobile,2024-04-29 09:00:02,approved,False
TXN20240429000794,ACCT200668,MERCH300105,deposit,23.77,atm,2024-04-29 00:20:08,approved,False
TXN20240429000795,ACCT200569,MERCH300152,purchase,24.95,in_person,2024-04-29 01:31:02,approved,False
TXN20240429000796,ACCT201938,MERCH300238,purchase,23.35,in_person,2024-04-29 19:31:49,approved,False
TXN20240429000797,ACCT200324,MERCH300100,purchase,63.97,in_person,2024-04-29 14:20:26,declined,False
TXN20240429000798,ACCT201764,MERCH300231,deposit,22.71,web,2024-04-29 05:05:47,approved,False
TXN20240429000799,ACCT203383,MERCH300265,transfer,29.48,web,2024-04-29 15:45:06,approved,False
TXN20240429000800,ACCT202285,MERCH300279,purchase,20.99,atm,2024-04-29 13:34:43,approved,False
TXN20240429000801,ACCT206195,MERCH300248,purchase,10.99,mobile,2024-04-29 16:09:43,approved,False
TXN20240429000802,ACCT204626,MERCH300176,transfer,46.41,web,2024-04-29 00:04:59,approved,False
TXN20240429000803,ACCT205469,MERCH300007,purchase,33.3,in_person,2024-04-29 22:18:24,approved,False
TXN20240429000804,ACCT203746,MERCH300085,purchase,12.7,in_person,2024-04-29 12:44:25,reversed,False
TXN20240429000805,ACCT204704,MERCH300254,purchase,172.42,web,2024-04-29 10:50:10,approved,False
TXN20240429000806,ACCT204745,MERCH300293,purchase,50.46,mobile,2024-04-29 12:38:51,declined,False
TXN20240429000807,ACCT205758,MERCH300134,transfer,15.29,mobile,2024-04-29 07:19:12,approved,False
TXN20240429000808,ACCT204195,MERCH300135,purchase,32.0,in_person,2024-04-29 11:07:09,approved,False
TXN20240429000809,ACCT206094,MERCH300150,purchase,18.5,mobile,2024-04-29 02:58:32,approved,False
TXN20240429000810,ACCT201386,MERCH300063,purchase,91.39,mobile,2024-04-29 01:03:40,approved,False
TXN20240429000811,ACCT204189,MERCH300028,purchase,218.73,mobile,2024-04-29 10:05:37,approved,False
TXN20240429000812,ACCT203258,MERCH300024,purchase,28.59,web,2024-04-29 01:10:55,approved,False
TXN20240429000813,ACCT204860,MERCH300204,transfer,47.96,mobile,2024-04-29 00:48:27,approved,False
TXN20240429000814,ACCT206378,MERCH300007,purchase,98.69,in_person,2024-04-29 16:44:52,approved,False
TXN20240429000815,ACCT205921,MERCH300179,purchase,31.69,web,2024-04-29 10:37:07,approved,False
TXN20240429000816,ACCT200034,MERCH300088,purchase,36.02,in_person,2024-04-29 08:03:51,approved,False
TXN20240429000817,ACCT200496,MERCH300155,purchase,153.42,web,2024-04-29 01:31:07,approved,False
TXN20240429000818,ACCT200952,MERCH300026,purchase,22.87,web,2024-04-29 23:37:19,approved,False
TXN20240429000819,ACCT205259,MERCH300215,purchase,10.59,atm,2024-04-29 10:41:34,approved,False
TXN20240429000820,ACCT202352,MERCH300115,purchase,23.21,web,2024-04-29 05:18:45,approved,False
TXN20240429000821,ACCT204673,MERCH300114,purchase,27.77,web,2024-04-29 00:53:11,approved,False
TXN20240429000822,ACCT201673,MERCH300208,purchase,15.46,web,2024-04-29 00:31:05,approved,False
TXN20240429000823,ACCT202631,MERCH300244,purchase,116.61,web,2024-04-29 04:47:32,approved,False
TXN20240429000824,ACCT206332,MERCH300200,purchase,10.66,web,2024-04-29 17:56:55,approved,False
TXN20240429000825,ACCT201064,MERCH300280,withdrawal,37.52,web,2024-04-29 20:41:12,approved,False
TXN20240429000826,ACCT202404,MERCH300289,purchase,36.33,atm,2024-04-29 21:26:09,approved,False
TXN20240429000827,ACCT204293,MERCH300116,purchase,40.78,web,2024-04-29 23:11:28,approved,False
TXN20240429000828,ACCT202284,MERCH300165,deposit,28.87,atm,2024-04-29 13:17:26,declined,False
TXN20240429000829,ACCT203308,MERCH300205,purchase,64.68,atm,2024-04-29 01:07:51,approved,False
TXN20240429000830,ACCT203447,MERCH300173,withdrawal,41.92,in_person,2024-04-29 02:47:07,approved,False
TXN20240429000831,ACCT202776,MERCH300214,purchase,47.69,in_person,2024-04-29 09:24:21,approved,False
TXN20240429000832,ACCT202123,MERCH300227,deposit,50.28,in_person,2024-04-29 08:11:54,approved,False
TXN20240429000833,ACCT202065,MERCH300084,purchase,63.12,mobile,2024-04-29 04:57:33,approved,False
TXN20240429000834,ACCT202448,MERCH300289,purchase,19.34,mobile,2024-04-29 12:49:45,approved,False
TXN20240429000835,ACCT206100,MERCH300289,purchase,19.43,in_person,2024-04-29 20:23:20,approved,False
TXN20240429000836,ACCT200494,MERCH300264,purchase,104.74,mobile,2024-04-29 11:41:10,approved,False
TXN20240429000837,ACCT206253,MERCH300263,purchase,27.06,web,2024-04-29 14:24:52,approved,False
TXN20240429000838,ACCT201656,MERCH300074,purchase,59.28,mobile,2024-04-29 13:51:11,approved,False
TXN20240429000839,ACCT203572,MERCH300278,withdrawal,67.19,web,2024-04-29 05:40:42,approved,False
TXN20240429000840,ACCT202270,MERCH300024,purchase,103.93,web,2024-04-29 17:12:52,approved,False
TXN20240429000841,ACCT202850,MERCH300050,purchase,33.51,mobile,2024-04-29 21:52:19,approved,False
TXN20240429000842,ACCT203006,MERCH300250,purchase,8.67,web,2024-04-29 01:37:28,approved,False
TXN20240429000843,ACCT205540,MERCH300161,purchase,13.98,in_person,2024-04-29 16:30:21,approved,False
TXN20240429000844,ACCT200535,MERCH300109,purchase,4.29,in_person,2024-04-29 23:08:15,approved,False
TXN20240429000845,ACCT202426,MERCH300254,withdrawal,15.12,in_person,2024-04-29 03:53:37,declined,False
TXN20240429000846,ACCT200077,MERCH300249,purchase,16.2,atm,2024-04-29 11:53:23,approved,False
TXN20240429000847,ACCT205409,MERCH300124,withdrawal,59.7,mobile,2024-04-29 12:55:03,approved,False
TXN20240429000848,ACCT205774,MERCH300136,purchase,58.21,in_person,2024-04-29 06:46:32,approved,False
TXN20240429000849,ACCT204684,MERCH300049,purchase,51.68,atm,2024-04-29 23:01:54,approved,False
TXN20240429000850,ACCT206091,MERCH300223,transfer,39.61,in_person,2024-04-29 21:15:19,approved,False
TXN20240429000851,ACCT202031,MERCH300110,purchase,6.33,web,2024-04-29 09:10:48,approved,False
TXN20240429000852,ACCT206253,MERCH300022,transfer,23.34,in_person,2024-04-29 04:34:31,reversed,False
TXN20240429000853,ACCT205726,MERCH300015,purchase,27.04,atm,2024-04-29 05:48:53,approved,False
TXN20240429000854,ACCT201278,MERCH300013,purchase,48.79,mobile,2024-04-29 16:46:17,approved,False
TXN20240429000855,ACCT203788,MERCH300108,purchase,43.6,mobile,2024-04-29 08:04:55,approved,False
TXN20240429000856,ACCT205301,MERCH300168,purchase,18.75,web,2024-04-29 03:12:03,approved,False
TXN20240429000857,ACCT200358,MERCH300157,purchase,32.26,in_person,2024-04-29 01:22:46,declined,False
TXN20240429000858,ACCT200248,MERCH300269,purchase,34.0,in_person,2024-04-29 12:43:15,approved,False
TXN20240429000859,ACCT205326,MERCH300189,purchase,19.75,atm,2024-04-29 15:08:43,declined,False
TXN20240429000860,ACCT202324,MERCH300231,purchase,115.37,mobile,2024-04-29 19:17:23,approved,False
TXN20240429000861,ACCT202244,MERCH300209,purchase,75.95,web,2024-04-29 05:27:55,approved,False
TXN20240429000862,ACCT200669,MERCH300027,purchase,191.25,web,2024-04-29 22:45:10,reversed,False
TXN20240429000863,ACCT202625,MERCH300053,purchase,4.3,web,2024-04-29 22:01:48,approved,False
TXN20240429000864,ACCT201761,MERCH300144,deposit,11.54,mobile,2024-04-29 02:57:14,approved,False
TXN20240429000865,ACCT202769,MERCH300135,purchase,44.73,in_person,2024-04-29 17:55:51,approved,False
TXN20240429000866,ACCT203780,MERCH300188,transfer,13.35,web,2024-04-29 01:29:30,declined,False
TXN20240429000867,ACCT203925,MERCH300189,deposit,12.58,in_person,2024-04-29 09:51:57,approved,False
TXN20240429000868,ACCT204009,MERCH300125,purchase,75.91,in_person,2024-04-29 22:28:22,approved,False
TXN20240429000869,ACCT205384,MERCH300119,purchase,42.02,mobile,2024-04-29 14:39:28,approved,False
TXN20240429000870,ACCT203490,MERCH300102,purchase,7.15,mobile,2024-04-29 10:58:17,approved,False
TXN20240429000871,ACCT204857,MERCH300023,purchase,57.12,web,2024-04-29 11:37:49,approved,False
TXN20240429000872,ACCT202012,MERCH300019,purchase,33.55,atm,2024-04-29 02:33:49,approved,False
TXN20240429000873,ACCT204262,MERCH300298,purchase,66.16,in_person,2024-04-29 18:55:51,approved,False
TXN20240429000874,ACCT202237,MERCH300052,purchase,40.61,mobile,2024-04-29 16:20:31,reversed,False
TXN20240429000875,ACCT200639,MERCH300210,purchase,36.83,in_person,2024-04-29 05:19:34,approved,False
TXN20240429000876,ACCT205081,MERCH300210,transfer,42.84,web,2024-04-29 07:24:58,approved,False
TXN20240429000877,ACCT202713,MERCH300239,transfer,183.44,web,2024-04-29 09:23:06,approved,False
TXN20240429000878,ACCT204798,MERCH300234,purchase,43.9,mobile,2024-04-29 08:20:15,approved,False
TXN20240429000879,ACCT202066,MERCH300114,purchase,145.69,mobile,2024-04-29 01:22:41,approved,False
TXN20240429000880,ACCT201944,MERCH300242,purchase,81.79,mobile,2024-04-29 11:32:36,approved,False
TXN20240429000881,ACCT201093,MERCH300102,purchase,34.04,web,2024-04-29 22:47:03,approved,False
TXN20240429000882,ACCT202486,MERCH300235,transfer,66.92,mobile,2024-04-29 15:59:23,approved,False
TXN20240429000883,ACCT200903,MERCH300116,purchase,43.42,web,2024-04-29 11:30:55,approved,False
TXN20240429000884,ACCT203128,MERCH300243,purchase,106.85,in_person,2024-04-29 23:04:09,declined,False
TXN20240429000885,ACCT201809,MERCH300025,purchase,55.99,web,2024-04-29 17:27:31,approved,False
TXN20240429000886,ACCT204227,MERCH300066,deposit,45.87,in_person,2024-04-29 12:52:17,approved,False
TXN20240429000887,ACCT205324,MERCH300209,transfer,21.57,atm,2024-04-29 21:41:37,approved,False
TXN20240429000888,ACCT203130,MERCH300138,purchase,383.59,mobile,2024-04-29 19:26:05,approved,False
TXN20240429000889,ACCT201166,MERCH300102,withdrawal,98.04,in_person,2024-04-29 09:07:02,approved,False
TXN20240429000890,ACCT201130,MERCH300230,purchase,132.95,atm,2024-04-29 07:00:37,approved,False
TXN20240429000891,ACCT200083,MERCH300072,purchase,24.41,in_person,2024-04-29 18:33:59,approved,False
TXN20240429000892,ACCT205271,MERCH300268,purchase,37.33,web,2024-04-29 16:38:34,approved,False
TXN20240429000893,ACCT204220,MERCH300128,deposit,80.25,web,2024-04-29 19:25:47,approved,False
TXN20240429000894,ACCT201088,MERCH300093,purchase,7.81,mobile,2024-04-29 13:54:45,approved,False
TXN20240429000895,ACCT203771,MERCH300012,withdrawal,27.67,mobile,2024-04-29 13:26:44,approved,False
TXN20240429000896,ACCT202779,MERCH300287,transfer,4.18,in_person,2024-04-29 17:51:08,approved,False
TXN20240429000897,ACCT202446,MERCH300016,purchase,21.57,web,2024-04-29 11:00:03,approved,False
TXN20240429000898,ACCT206416,MERCH300280,purchase,241.19,in_person,2024-04-29 20:39:53,approved,False
TXN20240429000899,ACCT201856,MERCH300047,purchase,84.85,in_person,2024-04-29 14:09:11,approved,False
TXN20240429000900,ACCT200594,MERCH300216,purchase,15.79,web,2024-04-29 16:48:39,approved,False
TXN20240429000901,ACCT202282,MERCH300083,purchase,71.73,in_person,2024-04-29 09:28:42,approved,False
TXN20240429000902,ACCT206178,MERCH300020,purchase,196.91,web,2024-04-29 10:31:02,reversed,False
TXN20240429000903,ACCT201149,MERCH300168,purchase,23.41,web,2024-04-29 06:40:46,approved,False
TXN20240429000904,ACCT206299,MERCH300030,purchase,20.27,in_person,2024-04-29 04:43:36,approved,False
TXN20240429000905,ACCT201397,MERCH300163,transfer,50.38,in_person,2024-04-29 07:18:40,approved,False
TXN20240429000906,ACCT204728,MERCH300087,transfer,11.55,atm,2024-04-29 23:25:29,declined,False
TXN20240429000907,ACCT205378,MERCH300198,deposit,62.75,in_person,2024-04-29 08:50:29,approved,False
TXN20240429000908,ACCT206120,MERCH300197,purchase,80.85,mobile,2024-04-29 22:13:23,approved,False
TXN20240429000909,ACCT205759,MERCH300016,transfer,31.24,web,2024-04-29 22:25:51,approved,False
TXN20240429000910,ACCT202512,MERCH300045,purchase,58.16,mobile,2024-04-29 05:20:47,approved,False
TXN20240429000911,ACCT201025,MERCH300255,purchase,27.6,in_person,2024-04-29 10:42:48,approved,False
TXN20240429000912,ACCT204652,MERCH300201,purchase,137.59,mobile,2024-04-29 02:04:25,declined,False
TXN20240429000913,ACCT205831,MERCH300040,purchase,5.03,mobile,2024-04-29 17:39:59,approved,False
TXN20240429000914,ACCT205436,MERCH300283,purchase,77.06,web,2024-04-29 16:51:14,approved,False
TXN20240429000915,ACCT206437,MERCH300186,withdrawal,153.0,web,2024-04-29 08:40:47,approved,False
TXN20240429000916,ACCT202574,MERCH300163,withdrawal,14.33,in_person,2024-04-29 13:52:55,approved,False
TXN20240429000917,ACCT201681,MERCH300292,transfer,91.47,in_person,2024-04-29 21:24:45,approved,False
TXN20240429000918,ACCT205573,MERCH300153,withdrawal,54.05,atm,2024-04-29 11:18:36,approved,False
TXN20240429000919,ACCT200491,MERCH300290,purchase,85.09,mobile,2024-04-29 04:46:22,approved,False
TXN20240429000920,ACCT200277,MERCH300077,transfer,198.55,atm,2024-04-29 10:55:26,approved,False
TXN20240429000921,ACCT201327,MERCH300139,purchase,20.41,web,2024-04-29 05:12:46,approved,False
TXN20240429000922,ACCT202559,MERCH300122,purchase,36.03,mobile,2024-04-29 15:34:14,approved,False
TXN20240429000923,ACCT202121,MERCH300050,withdrawal,91.96,atm,2024-04-29 21:15:16,approved,False
TXN20240429000924,ACCT202457,MERCH300090,purchase,121.7,web,2024-04-29 10:26:38,approved,False
TXN20240429000925,ACCT203866,MERCH300133,purchase,29.73,mobile,2024-04-29 07:04:26,approved,False
TXN20240429000926,ACCT205230,MERCH300047,purchase,33.86,in_person,2024-04-29 00:00:54,approved,False
TXN20240429000927,ACCT202009,MERCH300023,purchase,54.77,atm,2024-04-29 18:07:29,approved,False
TXN20240429000928,ACCT205913,MERCH300270,deposit,25.17,atm,2024-04-29 09:27:08,approved,False
TXN20240429000929,ACCT200736,MERCH300229,purchase,13.48,web,2024-04-29 08:49:51,approved,False
TXN20240429000930,ACCT202872,MERCH300100,withdrawal,91.62,web,2024-04-29 15:34:03,approved,False
TXN20240429000931,ACCT200965,MERCH300076,withdrawal,53.82,in_person,2024-04-29 00:35:19,declined,False
TXN20240429000932,ACCT206080,MERCH300112,purchase,42.0,mobile,2024-04-29 10:50:22,approved,False
TXN20240429000933,ACCT202885,MERCH300057,purchase,86.29,in_person,2024-04-29 14:54:48,approved,False
TXN20240429000934,ACCT202185,MERCH300221,deposit,28.57,mobile,2024-04-29 16:24:46,approved,False
TXN20240429000935,ACCT202503,MERCH300100,withdrawal,106.8,mobile,2024-04-29 00:44:23,approved,False
TXN20240429000936,ACCT206365,MERCH300162,withdrawal,203.04,in_person,2024-04-29 12:26:23,approved,False
TXN20240429000937,ACCT200613,MERCH300121,withdrawal,26.99,in_person,2024-04-29 21:12:32,approved,False
TXN20240429000938,ACCT203524,MERCH300224,purchase,12.31,web,2024-04-29 06:10:08,approved,False
TXN20240429000939,ACCT205265,MERCH300035,purchase,73.64,in_person,2024-04-29 04:09:36,approved,False
TXN20240429000940,ACCT204939,MERCH300067,withdrawal,56.51,mobile,2024-04-29 00:42:06,approved,False
TXN20240429000941,ACCT202361,MERCH300082,purchase,9.72,mobile,2024-04-29 07:08:38,approved,False
TXN20240429000942,ACCT206253,MERCH300165,withdrawal,22.48,mobile,2024-04-29 06:19:07,approved,False
TXN20240429000943,ACCT201897,MERCH300084,purchase,146.58,mobile,2024-04-29 18:43:08,approved,False
TXN20240429000944,ACCT200712,MERCH300175,purchase,8.72,atm,2024-04-29 17:07:58,approved,False
TXN20240429000945,ACCT200829,MERCH300044,transfer,248.71,in_person,2024-04-29 14:12:32,approved,False
TXN20240429000946,ACCT202651,MERCH300271,deposit,10.16,mobile,2024-04-29 21:19:44,declined,False
TXN20240429000947,ACCT204072,MERCH300021,deposit,50.02,in_person,2024-04-29 16:23:45,approved,False
TXN20240429000948,ACCT205867,MERCH300258,purchase,82.65,web,2024-04-29 03:35:44,approved,False
TXN20240429000949,ACCT203041,MERCH300072,deposit,11.25,atm,2024-04-29 14:53:09,approved,False
TXN20240429000950,ACCT200034,MERCH300022,purchase,29.04,in_person,2024-04-29 13:30:15,approved,False
TXN20240429000951,ACCT201016,MERCH300188,purchase,47.53,mobile,2024-04-29 08:24:47,declined,False
TXN20240429000952,ACCT202591,MERCH300023,purchase,15.98,atm,2024-04-29 12:10:08,approved,False
TXN20240429000953,ACCT202944,MERCH300055,deposit,25.61,web,2024-04-29 00:40:31,reversed,False
TXN20240429000954,ACCT205311,MERCH300242,purchase,63.79,web,2024-04-29 07:35:35,approved,False
TXN20240429000955,ACCT202088,MERCH300057,purchase,87.62,in_person,2024-04-29 23:05:01,approved,False
TXN20240429000956,ACCT201664,MERCH300007,purchase,27.74,mobile,2024-04-29 00:13:19,approved,False
TXN20240429000957,ACCT200437,MERCH300137,purchase,15.87,in_person,2024-04-29 00:11:40,approved,False
TXN20240429000958,ACCT204213,MERCH300299,purchase,32.7,mobile,2024-04-29 05:55:17,approved,False
TXN20240429000959,ACCT201170,MERCH300037,transfer,17.8,in_person,2024-04-29 04:56:53,approved,False
TXN20240429000960,ACCT201618,MERCH300011,transfer,25.56,in_person,2024-04-29 05:57:53,approved,False
TXN20240429000961,ACCT200870,MERCH300279,deposit,196.42,in_person,2024-04-29 11:50:50,declined,False
TXN20240429000962,ACCT204592,MERCH300253,purchase,67.44,mobile,2024-04-29 08:18:43,approved,False
TXN20240429000963,ACCT204777,MERCH300013,purchase,15.33,web,2024-04-29 10:44:06,approved,False
TXN20240429000964,ACCT202048,MERCH300252,withdrawal,59.66,in_person,2024-04-29 07:51:21,approved,False
TXN20240429000965,ACCT202255,MERCH300143,purchase,29.93,in_person,2024-04-29 17:25:59,approved,False
TXN20240429000966,ACCT204071,MERCH300259,purchase,100.16,in_person,2024-04-29 00:48:15,approved,False
TXN20240429000967,ACCT205675,MERCH300124,purchase,5.42,in_person,2024-04-29 02:33:23,approved,False
TXN20240429000968,ACCT201727,MERCH300064,purchase,47.28,web,2024-04-29 11:43:46,approved,False
TXN20240429000969,ACCT202705,MERCH300044,withdrawal,105.46,web,2024-04-29 04:18:49,approved,False
TXN20240429000970,ACCT202205,MERCH300276,purchase,54.52,in_person,2024-04-29 01:29:52,approved,False
TXN20240429000971,ACCT202469,MERCH300039,transfer,115.07,in_person,2024-04-29 17:12:57,approved,False
TXN20240429000972,ACCT200902,MERCH300131,purchase,24.72,in_person,2024-04-29 12:52:03,approved,False
TXN20240429000973,ACCT201553,MERCH300069,transfer,13.9,mobile,2024-04-29 03:29:25,approved,False
TXN20240429000974,ACCT204884,MERCH300163,transfer,16.8,in_person,2024-04-29 02:59:07,approved,False
TXN20240429000975,ACCT201727,MERCH300286,purchase,42.65,mobile,2024-04-29 14:33:16,approved,False
TXN20240429000976,ACCT204158,MERCH300204,transfer,76.88,in_person,2024-04-29 23:32:50,approved,False
TXN20240429000977,ACCT200449,MERCH300103,purchase,33.08,web,2024-04-29 15:05:17,approved,False
TXN20240429000978,ACCT203157,MERCH300292,deposit,51.82,web,2024-04-29 05:19:31,approved,False
TXN20240429000979,ACCT203314,MERCH300206,purchase,22.94,web,2024-04-29 04:24:20,approved,True
TXN20240429000980,ACCT205505,MERCH300202,purchase,49.33,in_person,2024-04-29 13:56:13,approved,False
TXN20240429000981,ACCT203107,MERCH300080,transfer,29.4,in_person,2024-04-29 02:23:05,approved,False
TXN20240429000982,ACCT202592,MERCH300230,purchase,14.73,web,2024-04-29 00:31:01,approved,False
TXN20240429000983,ACCT200457,MERCH300244,purchase,80.46,mobile,2024-04-29 04:14:11,approved,False
TXN20240429000984,ACCT204990,MERCH300246,purchase,38.43,web,2024-04-29 14:12:40,approved,False
TXN20240429000985,ACCT204518,MERCH300026,purchase,161.53,mobile,2024-04-29 09:12:14,approved,False
TXN20240429000986,ACCT206079,MERCH300164,transfer,191.48,web,2024-04-29 07:53:41,approved,False
TXN20240429000987,ACCT200540,MERCH300098,transfer,31.21,mobile,2024-04-29 21:39:02,approved,False
TXN20240429000988,ACCT203323,MERCH300147,purchase,18.5,web,2024-04-29 19:04:13,approved,False
TXN20240429000989,ACCT203710,MERCH300299,purchase,17.15,web,2024-04-29 10:56:57,approved,False
TXN20240429000990,ACCT200358,MERCH300252,purchase,29.21,web,2024-04-29 10:07:07,approved,False
TXN20240429000991,ACCT201231,MERCH300221,purchase,11.79,web,2024-04-29 12:12:06,approved,False
TXN20240429000992,ACCT202063,MERCH300152,transfer,42.42,in_person,2024-04-29 20:02:55,approved,False
TXN20240429000993,ACCT202967,MERCH300268,purchase,27.64,mobile,2024-04-29 20:50:11,declined,False
TXN20240429000994,ACCT206337,MERCH300186,purchase,211.74,mobile,2024-04-29 15:05:41,approved,False
TXN20240429000995,ACCT201850,MERCH300218,purchase,51.65,mobile,2024-04-29 15:35:41,reversed,False
TXN20240429000996,ACCT200997,MERCH300246,purchase,21.14,web,2024-04-29 01:58:30,approved,False
TXN20240429000997,ACCT202032,MERCH300057,purchase,99.88,in_person,2024-04-29 04:49:51,approved,False
TXN20240429000998,ACCT205273,MERCH300040,withdrawal,47.28,web,2024-04-29 03:42:20,declined,False
TXN20240429000999,ACCT201168,MERCH300291,purchase,30.08,atm,2024-04-29 13:24:57,approved,False
TXN20240429001000,ACCT206006,MERCH300261,transfer,18.2,web,2024-04-29 11:41:33,approved,False
TXN20240429001001,ACCT202012,MERCH300190,purchase,22.49,web,2024-04-29 23:35:52,approved,False
TXN20240429001002,ACCT202420,MERCH300268,purchase,21.94,in_person,2024-04-29 07:14:55,approved,False
TXN20240429001003,ACCT204963,MERCH300159,deposit,14.01,web,2024-04-29 20:29:13,approved,False
TXN20240429001004,ACCT204851,MERCH300259,purchase,40.27,web,2024-04-29 08:52:42,approved,False
TXN20240429001005,ACCT201533,MERCH300029,withdrawal,40.23,web,2024-04-29 02:59:51,approved,False
TXN20240429001006,ACCT205726,MERCH300045,purchase,12.42,in_person,2024-04-29 16:46:12,approved,False
TXN20240429001007,ACCT206094,MERCH300238,transfer,59.61,mobile,2024-04-29 01:49:42,declined,False
TXN20240429001008,ACCT206150,MERCH300127,purchase,72.42,in_person,2024-04-29 05:49:25,approved,False
TXN20240429001009,ACCT203672,MERCH300022,withdrawal,6.08,web,2024-04-29 00:38:26,approved,True
TXN20240429001010,ACCT202886,MERCH300110,transfer,34.33,mobile,2024-04-29 04:03:12,approved,True
TXN20240429001011,ACCT203899,MERCH300124,deposit,52.77,atm,2024-04-29 20:06:03,declined,False
TXN20240429001012,ACCT204714,MERCH300259,deposit,130.6,in_person,2024-04-29 15:49:27,approved,False
TXN20240429001013,ACCT200773,MERCH300220,purchase,16.92,web,2024-04-29 01:34:27,approved,False
TXN20240429001014,ACCT202971,MERCH300102,purchase,14.17,in_person,2024-04-29 18:09:35,approved,False
TXN20240429001015,ACCT203544,MERCH300031,purchase,18.17,mobile,2024-04-29 00:23:59,approved,False
TXN20240429001016,ACCT202911,MERCH300018,purchase,3.69,mobile,2024-04-29 10:52:39,approved,False
TXN20240429001017,ACCT205328,MERCH300055,purchase,39.27,atm,2024-04-29 08:50:14,approved,False
TXN20240429001018,ACCT202296,MERCH300276,purchase,88.58,atm,2024-04-29 22:48:19,approved,False
TXN20240429001019,ACCT205889,MERCH300056,purchase,12.39,mobile,2024-04-29 08:41:47,approved,False
TXN20240429001020,ACCT203895,MERCH300240,purchase,43.56,mobile,2024-04-29 02:19:24,approved,False
TXN20240429001021,ACCT204591,MERCH300195,purchase,128.49,mobile,2024-04-29 11:14:36,approved,False
TXN20240429001022,ACCT204074,MERCH300136,purchase,44.69,web,2024-04-29 23:05:37,approved,False
TXN20240429001023,ACCT205786,MERCH300181,transfer,64.98,in_person,2024-04-29 12:07:13,reversed,False
TXN20240429001024,ACCT203349,MERCH300097,purchase,57.5,in_person,2024-04-29 06:43:49,approved,False
TXN20240429001025,ACCT204260,MERCH300217,purchase,10.47,mobile,2024-04-29 08:37:22,approved,False
TXN20240429001026,ACCT203263,MERCH300115,withdrawal,73.02,in_person,2024-04-29 19:48:31,approved,False
TXN20240429001027,ACCT202760,MERCH300183,purchase,61.02,in_person,2024-04-29 16:18:54,approved,False
TXN20240429001028,ACCT205785,MERCH300079,purchase,51.71,in_person,2024-04-29 21:48:41,approved,False
TXN20240429001029,ACCT202523,MERCH300079,purchase,51.17,mobile,2024-04-29 21:29:13,approved,False
TXN20240429001030,ACCT202327,MERCH300134,purchase,10.09,in_person,2024-04-29 18:33:57,approved,False
TXN20240429001031,ACCT203060,MERCH300270,purchase,55.99,in_person,2024-04-29 11:51:03,approved,False
TXN20240429001032,ACCT205510,MERCH300208,transfer,27.03,mobile,2024-04-29 03:52:11,approved,False
TXN20240429001033,ACCT205326,MERCH300159,withdrawal,34.75,mobile,2024-04-29 09:25:18,declined,False
TXN20240429001034,ACCT206283,MERCH300155,purchase,11.54,in_person,2024-04-29 22:15:40,approved,False
TXN20240429001035,ACCT204521,MERCH300221,withdrawal,30.17,mobile,2024-04-29 16:24:40,approved,False
TXN20240429001036,ACCT201628,MERCH300039,purchase,10.92,in_person,2024-04-29 08:39:49,approved,False
TXN20240429001037,ACCT205568,MERCH300228,deposit,58.33,atm,2024-04-29 06:09:32,approved,False
TXN20240429001038,ACCT202639,MERCH300260,purchase,13.98,mobile,2024-04-29 18:00:17,approved,False
TXN20240429001039,ACCT200207,MERCH300034,purchase,110.55,in_person,2024-04-29 18:36:42,approved,False
TXN20240429001040,ACCT205876,MERCH300170,purchase,43.73,mobile,2024-04-29 09:49:32,approved,False
TXN20240429001041,ACCT205954,MERCH300214,purchase,47.49,mobile,2024-04-29 17:37:06,approved,False
TXN20240429001042,ACCT205600,MERCH300029,purchase,12.54,web,2024-04-29 18:17:19,approved,False
TXN20240429001043,ACCT204547,MERCH300026,deposit,245.08,mobile,2024-04-29 18:47:20,approved,False
TXN20240429001044,ACCT201953,MERCH300113,purchase,34.13,in_person,2024-04-29 08:55:12,declined,False
TXN20240429001045,ACCT200984,MERCH300297,purchase,68.25,in_person,2024-04-29 06:52:54,approved,False
TXN20240429001046,ACCT202277,MERCH300025,purchase,39.13,web,2024-04-29 16:07:20,approved,False
TXN20240429001047,ACCT205794,MERCH300144,purchase,63.71,mobile,2024-04-29 11:26:41,approved,False
TXN20240429001048,ACCT203478,MERCH300073,purchase,64.98,in_person,2024-04-29 16:47:33,approved,False
TXN20240429001049,ACCT203106,MERCH300232,purchase,28.69,mobile,2024-04-29 14:34:28,approved,False
TXN20240429001050,ACCT203150,MERCH300182,purchase,17.58,mobile,2024-04-29 15:34:03,approved,False
TXN20240429001051,ACCT201199,MERCH300150,purchase,9.29,web,2024-04-29 12:23:23,approved,False
TXN20240429001052,ACCT205532,MERCH300211,purchase,15.01,mobile,2024-04-29 10:38:39,approved,False
TXN20240429001053,ACCT204111,MERCH300083,purchase,30.82,mobile,2024-04-29 22:48:30,approved,False
TXN20240429001054,ACCT200985,MERCH300108,purchase,65.11,in_person,2024-04-29 02:26:16,approved,False
TXN20240429001055,ACCT200160,MERCH300084,purchase,35.42,in_person,2024-04-29 21:48:51,approved,False
TXN20240429001056,ACCT205175,MERCH300000,purchase,40.19,in_person,2024-04-29 13:33:34,approved,False
TXN20240429001057,ACCT202481,MERCH300121,purchase,72.15,in_person,2024-04-29 14:14:01,approved,False
TXN20240429001058,ACCT205453,MERCH300273,purchase,28.21,in_person,2024-04-29 22:52:58,approved,False
TXN20240429001059,ACCT201170,MERCH300286,purchase,6.51,web,2024-04-29 04:11:26,approved,False
TXN20240429001060,ACCT201048,MERCH300135,transfer,78.5,mobile,2024-04-29 02:02:42,approved,False
TXN20240429001061,ACCT201032,MERCH300021,purchase,30.35,mobile,2024-04-29 06:08:58,approved,False
TXN20240429001062,ACCT201782,MERCH300153,purchase,31.29,mobile,2024-04-29 06:41:54,approved,False
TXN20240429001063,ACCT201788,MERCH300002,purchase,119.79,web,2024-04-29 12:31:31,approved,False
TXN20240429001064,ACCT204739,MERCH300237,deposit,35.93,in_person,2024-04-29 08:28:49,approved,False
TXN20240429001065,ACCT201524,MERCH300098,purchase,12.98,atm,2024-04-29 09:22:09,approved,False
TXN20240429001066,ACCT203642,MERCH300103,purchase,59.97,in_person,2024-04-29 10:49:49,approved,False
TXN20240429001067,ACCT202532,MERCH300094,withdrawal,27.9,in_person,2024-04-29 13:36:58,approved,False
TXN20240429001068,ACCT200936,MERCH300223,purchase,29.62,web,2024-04-29 15:58:39,approved,False
TXN20240429001069,ACCT200531,MERCH300145,purchase,199.79,web,2024-04-29 23:14:33,approved,False
TXN20240429001070,ACCT202026,MERCH300163,purchase,32.29,in_person,2024-04-29 18:24:05,approved,False
TXN20240429001071,ACCT202663,MERCH300171,purchase,93.52,mobile,2024-04-29 09:00:40,approved,False
TXN20240429001072,ACCT200584,MERCH300179,withdrawal,107.24,atm,2024-04-29 21:27:50,approved,False
TXN20240429001073,ACCT202740,MERCH300000,purchase,71.81,mobile,2024-04-29 20:09:47,approved,False
TXN20240429001074,ACCT201822,MERCH300146,purchase,22.74,in_person,2024-04-29 19:22:44,approved,False
TXN20240429001075,ACCT204257,MERCH300111,purchase,36.03,in_person,2024-04-29 08:28:15,approved,False
TXN20240429001076,ACCT201326,MERCH300169,withdrawal,26.64,web,2024-04-29 19:49:29,approved,False
TXN20240429001077,ACCT203122,MERCH300228,purchase,16.75,atm,2024-04-29 21:49:23,approved,False
TXN20240429001078,ACCT203836,MERCH300210,purchase,89.3,in_person,2024-04-29 10:50:47,declined,False
TXN20240429001079,ACCT203827,MERCH300109,purchase,107.5,atm,2024-04-29 10:27:44,approved,False
TXN20240429001080,ACCT204501,MERCH300048,purchase,30.08,mobile,2024-04-29 13:09:28,approved,False
TXN20240429001081,ACCT200994,MERCH300283,purchase,44.04,in_person,2024-04-29 17:52:34,approved,False
TXN20240429001082,ACCT202873,MERCH300123,deposit,20.12,mobile,2024-04-29 21:11:35,approved,False
TXN20240429001083,ACCT202551,MERCH300186,purchase,35.69,in_person,2024-04-29 05:17:10,approved,False
TXN20240429001084,ACCT202221,MERCH300121,purchase,417.79,in_person,2024-04-29 11:31:28,approved,False
TXN20240429001085,ACCT205010,MERCH300075,transfer,33.53,atm,2024-04-29 15:42:26,approved,False
TXN20240429001086,ACCT202261,MERCH300280,transfer,42.19,mobile,2024-04-29 05:00:20,approved,False
TXN20240429001087,ACCT200439,MERCH300083,deposit,187.06,atm,2024-04-29 23:21:49,approved,False
TXN20240429001088,ACCT203740,MERCH300071,deposit,31.32,mobile,2024-04-29 17:06:12,approved,False
TXN20240429001089,ACCT206238,MERCH300214,purchase,16.88,atm,2024-04-29 06:15:56,approved,False
TXN20240429001090,ACCT203221,MERCH300107,purchase,5.08,atm,2024-04-29 15:39:38,approved,False
TXN20240429001091,ACCT202378,MERCH300208,purchase,13.32,web,2024-04-29 07:46:20,approved,False
TXN20240429001092,ACCT203317,MERCH300084,transfer,18.49,mobile,2024-04-29 05:29:10,approved,False
TXN20240429001093,ACCT204294,MERCH300229,purchase,57.87,web,2024-04-29 06:56:43,approved,False
TXN20240429001094,ACCT201876,MERCH300239,deposit,7.72,in_person,2024-04-29 19:08:22,approved,False
TXN20240429001095,ACCT206020,MERCH300102,purchase,11.73,web,2024-04-29 13:28:39,approved,False
TXN20240429001096,ACCT202484,MERCH300267,purchase,76.71,atm,2024-04-29 05:46:18,approved,False
TXN20240429001097,ACCT203400,MERCH300158,purchase,28.36,mobile,2024-04-29 00:02:35,approved,False
TXN20240429001098,ACCT200980,MERCH300180,withdrawal,10.21,in_person,2024-04-29 00:17:03,approved,False
TXN20240429001099,ACCT200870,MERCH300177,deposit,92.76,atm,2024-04-29 07:22:20,approved,False
TXN20240429001100,ACCT200567,MERCH300241,purchase,69.96,in_person,2024-04-29 17:17:39,approved,False
TXN20240429001101,ACCT204804,MERCH300101,transfer,11.42,atm,2024-04-29 19:11:59,approved,False
TXN20240429001102,ACCT206284,MERCH300244,purchase,32.18,web,2024-04-29 05:43:00,approved,False
TXN20240429001103,ACCT201383,MERCH300015,purchase,29.07,mobile,2024-04-29 01:25:39,approved,False
TXN20240429001104,ACCT201021,MERCH300089,purchase,171.47,in_person,2024-04-29 12:47:46,approved,False
TXN20240429001105,ACCT206217,MERCH300281,purchase,118.76,mobile,2024-04-29 06:14:12,approved,False
TXN20240429001106,ACCT202511,MERCH300265,purchase,119.65,web,2024-04-29 17:04:04,approved,False
TXN20240429001107,ACCT206462,MERCH300069,transfer,23.95,mobile,2024-04-29 17:17:12,approved,False
TXN20240429001108,ACCT201222,MERCH300049,purchase,6.94,mobile,2024-04-29 12:45:55,approved,False
TXN20240429001109,ACCT203704,MERCH300084,withdrawal,102.59,in_person,2024-04-29 17:54:16,approved,False
TXN20240429001110,ACCT205058,MERCH300153,deposit,593.43,mobile,2024-04-29 21:01:11,declined,False
TXN20240429001111,ACCT203459,MERCH300278,purchase,175.0,in_person,2024-04-29 09:23:35,approved,False
TXN20240429001112,ACCT200798,MERCH300182,transfer,12.51,in_person,2024-04-29 15:59:10,approved,False
TXN20240429001113,ACCT203815,MERCH300293,purchase,15.17,in_person,2024-04-29 01:33:42,approved,False
TXN20240429001114,ACCT205575,MERCH300261,purchase,266.73,in_person,2024-04-29 23:11:17,approved,False
TXN20240429001115,ACCT202786,MERCH300132,transfer,19.01,atm,2024-04-29 03:37:38,approved,False
TXN20240429001116,ACCT202937,MERCH300059,purchase,27.48,web,2024-04-29 02:58:50,approved,False
TXN20240429001117,ACCT200789,MERCH300052,purchase,18.69,in_person,2024-04-29 07:39:56,approved,False
TXN20240429001118,ACCT200158,MERCH300192,purchase,30.67,in_person,2024-04-29 15:15:51,approved,False
TXN20240429001119,ACCT202928,MERCH300173,withdrawal,70.77,in_person,2024-04-29 16:06:00,approved,False
TXN20240429001120,ACCT201761,MERCH300060,purchase,13.51,in_person,2024-04-29 13:35:06,approved,False
TXN20240429001121,ACCT201705,MERCH300278,purchase,63.01,atm,2024-04-29 20:56:33,approved,False
TXN20240429001122,ACCT201832,MERCH300052,deposit,175.3,in_person,2024-04-29 20:57:25,approved,False
TXN20240429001123,ACCT205885,MERCH300240,purchase,38.2,web,2024-04-29 15:08:56,approved,False
TXN20240429001124,ACCT202000,MERCH300049,purchase,23.13,mobile,2024-04-29 10:08:28,approved,False
TXN20240429001125,ACCT201108,MERCH300042,purchase,17.01,web,2024-04-29 15:12:23,approved,False
TXN20240429001126,ACCT204973,MERCH300203,withdrawal,7.86,in_person,2024-04-29 01:05:36,approved,False
TXN20240429001127,ACCT202751,MERCH300206,purchase,33.2,web,2024-04-29 11:51:56,approved,False
TXN20240429001128,ACCT203023,MERCH300162,purchase,101.97,in_person,2024-04-29 13:47:07,approved,False
TXN20240429001129,ACCT201251,MERCH300005,transfer,34.58,mobile,2024-04-29 23:18:27,approved,False
TXN20240429001130,ACCT203129,MERCH300037,purchase,10.19,atm,2024-04-29 16:19:28,approved,False
TXN20240429001131,ACCT204542,MERCH300154,purchase,39.29,mobile,2024-04-29 21:24:42,approved,False
TXN20240429001132,ACCT204769,MERCH300107,transfer,48.41,in_person,2024-04-29 18:11:18,approved,False
TXN20240429001133,ACCT205915,MERCH300038,purchase,13.97,web,2024-04-29 11:57:33,approved,False
TXN20240429001134,ACCT202907,MERCH300133,purchase,29.36,in_person,2024-04-29 11:00:33,approved,False
TXN20240429001135,ACCT200224,MERCH300041,purchase,25.34,web,2024-04-29 08:44:56,approved,False
TXN20240429001136,ACCT203633,MERCH300288,withdrawal,35.53,in_person,2024-04-29 00:52:09,approved,False
TXN20240429001137,ACCT205205,MERCH300080,purchase,321.87,in_person,2024-04-29 17:41:36,declined,False
TXN20240429001138,ACCT204022,MERCH300119,deposit,4.11,in_person,2024-04-29 13:18:31,approved,False
TXN20240429001139,ACCT202560,MERCH300087,purchase,51.74,web,2024-04-29 13:42:38,approved,False
TXN20240429001140,ACCT202010,MERCH300180,transfer,14.06,in_person,2024-04-29 09:41:38,approved,False
TXN20240429001141,ACCT202678,MERCH300050,purchase,37.16,web,2024-04-29 09:27:41,approved,False
TXN20240429001142,ACCT206049,MERCH300180,withdrawal,58.64,in_person,2024-04-29 14:18:14,approved,False
TXN20240429001143,ACCT202582,MERCH300094,withdrawal,55.89,web,2024-04-29 13:07:17,approved,False
TXN20240429001144,ACCT204993,MERCH300090,purchase,20.17,atm,2024-04-29 20:37:19,approved,False
TXN20240429001145,ACCT203576,MERCH300017,purchase,49.73,in_person,2024-04-29 05:39:39,approved,False
TXN20240429001146,ACCT203343,MERCH300022,purchase,27.69,web,2024-04-29 17:22:52,approved,False
TXN20240429001147,ACCT205392,MERCH300166,transfer,11.25,in_person,2024-04-29 08:39:22,approved,False
TXN20240429001148,ACCT205095,MERCH300285,purchase,35.51,in_person,2024-04-29 08:30:41,approved,False
TXN20240429001149,ACCT205794,MERCH300020,transfer,100.2,in_person,2024-04-29 10:55:10,approved,False
TXN20240429001150,ACCT205764,MERCH300150,purchase,24.88,in_person,2024-04-29 07:43:15,approved,False
TXN20240429001151,ACCT205327,MERCH300211,purchase,50.01,mobile,2024-04-29 13:24:04,approved,False
TXN20240429001152,ACCT201642,MERCH300069,purchase,79.06,atm,2024-04-29 15:53:07,approved,False
TXN20240429001153,ACCT205764,MERCH300296,purchase,64.09,web,2024-04-29 22:24:43,declined,False
TXN20240429001154,ACCT203559,MERCH300165,purchase,69.58,in_person,2024-04-29 02:46:02,approved,False
TXN20240429001155,ACCT206280,MERCH300163,purchase,4.55,web,2024-04-29 00:48:47,approved,False
TXN20240429001156,ACCT204718,MERCH300089,purchase,14.15,web,2024-04-29 15:54:57,approved,False
TXN20240429001157,ACCT202460,MERCH300159,withdrawal,175.66,mobile,2024-04-29 08:38:48,approved,False
TXN20240429001158,ACCT205278,MERCH300198,withdrawal,101.26,web,2024-04-29 16:32:14,declined,False
TXN20240429001159,ACCT204266,MERCH300118,purchase,62.9,mobile,2024-04-29 12:12:29,approved,True
TXN20240429001160,ACCT206334,MERCH300237,transfer,88.06,in_person,2024-04-29 20:51:08,approved,False
TXN20240429001161,ACCT204455,MERCH300184,purchase,48.77,mobile,2024-04-29 21:25:17,approved,False
TXN20240429001162,ACCT206126,MERCH300260,purchase,52.96,mobile,2024-04-29 12:27:05,approved,False
TXN20240429001163,ACCT200665,MERCH300288,transfer,94.97,in_person,2024-04-29 12:05:21,approved,False
TXN20240429001164,ACCT203456,MERCH300162,purchase,98.65,web,2024-04-29 20:05:51,approved,False
TXN20240429001165,ACCT203745,MERCH300084,purchase,27.67,mobile,2024-04-29 17:16:54,approved,False
TXN20240429001166,ACCT206235,MERCH300151,purchase,15.31,atm,2024-04-29 15:33:51,approved,False
TXN20240429001167,ACCT203014,MERCH300105,purchase,50.67,mobile,2024-04-29 07:01:53,approved,False
TXN20240429001168,ACCT201519,MERCH300028,deposit,247.37,atm,2024-04-29 05:26:44,approved,False
TXN20240429001169,ACCT203383,MERCH300241,transfer,37.73,web,2024-04-29 17:57:51,declined,False
TXN20240429001170,ACCT201336,MERCH300096,transfer,135.56,web,2024-04-29 14:03:54,approved,False
TXN20240429001171,ACCT204971,MERCH300194,transfer,8.86,web,2024-04-29 13:56:51,approved,False
TXN20240429001172,ACCT202402,MERCH300246,transfer,47.91,mobile,2024-04-29 13:11:13,approved,False
TXN20240429001173,ACCT203285,MERCH300002,purchase,44.92,in_person,2024-04-29 20:15:29,approved,False
TXN20240429001174,ACCT200988,MERCH300137,purchase,13.89,web,2024-04-29 21:52:42,approved,False
TXN20240429001175,ACCT200396,MERCH300204,purchase,106.25,in_person,2024-04-29 02:59:55,approved,False
TXN20240429001176,ACCT204423,MERCH300077,purchase,31.47,atm,2024-04-29 18:14:20,approved,False
TXN20240429001177,ACCT201002,MERCH300138,purchase,74.5,web,2024-04-29 23:49:26,approved,False
TXN20240429001178,ACCT202457,MERCH300189,transfer,366.81,in_person,2024-04-29 02:16:44,approved,False
TXN20240429001179,ACCT203454,MERCH300143,transfer,45.73,in_person,2024-04-29 19:41:37,approved,False
TXN20240429001180,ACCT200175,MERCH300128,transfer,21.48,in_person,2024-04-29 13:32:22,approved,False
TXN20240429001181,ACCT203572,MERCH300048,purchase,50.35,mobile,2024-04-29 08:08:31,approved,False
TXN20240429001182,ACCT203307,MERCH300172,withdrawal,12.68,atm,2024-04-29 15:00:30,approved,False
TXN20240429001183,ACCT202209,MERCH300245,purchase,67.78,mobile,2024-04-29 20:49:59,approved,False
TXN20240429001184,ACCT205364,MERCH300230,deposit,35.41,web,2024-04-29 02:54:49,approved,False
TXN20240429001185,ACCT202833,MERCH300118,purchase,35.13,in_person,2024-04-29 17:23:41,approved,False
TXN20240429001186,ACCT200438,MERCH300052,withdrawal,377.4,in_person,2024-04-29 13:06:43,approved,False
TXN20240429001187,ACCT200689,MERCH300276,purchase,101.71,in_person,2024-04-29 01:31:09,approved,False
TXN20240429001188,ACCT200591,MERCH300106,purchase,37.74,mobile,2024-04-29 16:40:41,approved,False
TXN20240429001189,ACCT203066,MERCH300003,purchase,24.77,in_person,2024-04-29 05:00:28,approved,False
TXN20240429001190,ACCT205639,MERCH300107,withdrawal,211.42,in_person,2024-04-29 14:53:11,approved,False
TXN20240429001191,ACCT205515,MERCH300047,purchase,33.38,in_person,2024-04-29 03:23:13,approved,False
TXN20240429001192,ACCT206462,MERCH300049,withdrawal,58.23,in_person,2024-04-29 17:04:07,approved,False
TXN20240429001193,ACCT201885,MERCH300064,purchase,74.58,in_person,2024-04-29 13:34:00,approved,False
TXN20240429001194,ACCT201046,MERCH300049,purchase,41.37,mobile,2024-04-29 07:22:55,approved,False
TXN20240429001195,ACCT201212,MERCH300250,deposit,24.26,in_person,2024-04-29 21:54:02,approved,False
TXN20240429001196,ACCT203872,MERCH300098,purchase,35.65,in_person,2024-04-29 17:07:10,approved,False
TXN20240429001197,ACCT201036,MERCH300173,purchase,16.55,in_person,2024-04-29 06:46:17,approved,False
TXN20240429001198,ACCT202077,MERCH300217,purchase,27.08,mobile,2024-04-29 19:11:47,approved,False
TXN20240429001199,ACCT202596,MERCH300204,purchase,118.72,in_person,2024-04-29 20:21:09,approved,False
TXN20240429001200,ACCT205396,MERCH300119,purchase,18.7,mobile,2024-04-29 14:17:54,approved,False
TXN20240429001201,ACCT200494,MERCH300011,purchase,40.57,web,2024-04-29 03:31:45,approved,False
TXN20240429001202,ACCT203567,MERCH300047,purchase,122.09,in_person,2024-04-29 15:58:17,approved,False
TXN20240429001203,ACCT203570,MERCH300094,purchase,184.97,in_person,2024-04-29 12:57:56,approved,False
TXN20240429001204,ACCT200531,MERCH300037,transfer,114.24,web,2024-04-29 16:51:51,approved,False
TXN20240429001205,ACCT204509,MERCH300066,purchase,60.19,atm,2024-04-29 21:54:38,approved,False
TXN20240429001206,ACCT205340,MERCH300117,purchase,208.89,mobile,2024-04-29 07:25:25,approved,False
TXN20240429001207,ACCT203535,MERCH300207,purchase,9.66,web,2024-04-29 03:30:53,approved,False
TXN20240429001208,ACCT205602,MERCH300158,purchase,36.53,mobile,2024-04-29 18:46:55,approved,False
TXN20240429001209,ACCT206160,MERCH300196,purchase,6.43,in_person,2024-04-29 16:19:36,approved,False
TXN20240429001210,ACCT205321,MERCH300059,purchase,22.59,in_person,2024-04-29 19:04:08,approved,False
TXN20240429001211,ACCT206139,MERCH300277,purchase,66.0,mobile,2024-04-29 22:19:02,approved,False
TXN20240429001212,ACCT201270,MERCH300244,deposit,160.2,in_person,2024-04-29 03:16:44,approved,False
TXN20240429001213,ACCT204806,MERCH300149,withdrawal,85.56,mobile,2024-04-29 07:38:55,approved,False
TXN20240429001214,ACCT202154,MERCH300251,purchase,39.99,web,2024-04-29 07:27:34,reversed,False
TXN20240429001215,ACCT202220,MERCH300249,purchase,11.5,mobile,2024-04-29 15:51:22,approved,False
TXN20240429001216,ACCT201312,MERCH300099,transfer,62.42,mobile,2024-04-29 18:12:04,declined,False
TXN20240429001217,ACCT203566,MERCH300288,deposit,115.35,in_person,2024-04-29 16:03:58,approved,False
TXN20240429001218,ACCT205007,MERCH300056,purchase,31.73,in_person,2024-04-29 23:06:33,approved,False
TXN20240429001219,ACCT205162,MERCH300069,purchase,40.58,in_person,2024-04-29 14:59:33,approved,False
TXN20240429001220,ACCT205490,MERCH300039,purchase,76.89,mobile,2024-04-29 12:31:37,approved,False
TXN20240429001221,ACCT205884,MERCH300106,deposit,165.52,in_person,2024-04-29 22:26:40,approved,False
TXN20240429001222,ACCT202535,MERCH300203,withdrawal,4.27,atm,2024-04-29 14:17:42,approved,False
TXN20240429001223,ACCT205131,MERCH300236,transfer,98.4,in_person,2024-04-29 20:24:23,approved,False
TXN20240429001224,ACCT204233,MERCH300233,purchase,113.66,web,2024-04-29 15:11:04,approved,False
TXN20240429001225,ACCT202559,MERCH300220,purchase,64.75,in_person,2024-04-29 12:26:20,approved,False
TXN20240429001226,ACCT201890,MERCH300058,withdrawal,65.85,in_person,2024-04-29 01:18:21,approved,False
TXN20240429001227,ACCT202275,MERCH300090,purchase,59.22,web,2024-04-29 21:33:50,approved,False
TXN20240429001228,ACCT205720,MERCH300092,purchase,27.07,atm,2024-04-29 17:07:06,approved,False
TXN20240429001229,ACCT205883,MERCH300131,withdrawal,13.05,in_person,2024-04-29 02:38:07,approved,False
TXN20240429001230,ACCT205312,MERCH300169,purchase,495.82,mobile,2024-04-29 22:32:03,approved,False
TXN20240429001231,ACCT202960,MERCH300199,purchase,51.83,in_person,2024-04-29 03:20:58,approved,False
TXN20240429001232,ACCT202935,MERCH300008,purchase,27.45,web,2024-04-29 14:08:42,approved,False
TXN20240429001233,ACCT205512,MERCH300215,deposit,56.96,mobile,2024-04-29 17:47:38,approved,False
TXN20240429001234,ACCT202892,MERCH300272,purchase,100.94,mobile,2024-04-29 18:41:11,approved,False
TXN20240429001235,ACCT202502,MERCH300228,withdrawal,9.73,web,2024-04-29 18:13:27,approved,False
TXN20240429001236,ACCT204032,MERCH300008,transfer,35.47,web,2024-04-29 09:07:16,approved,False
TXN20240429001237,ACCT203063,MERCH300261,purchase,11.88,in_person,2024-04-29 03:22:40,approved,False
TXN20240429001238,ACCT204292,MERCH300278,transfer,70.49,web,2024-04-29 00:28:04,approved,False
TXN20240429001239,ACCT201730,MERCH300297,purchase,19.37,in_person,2024-04-29 09:56:30,approved,False
TXN20240429001240,ACCT206185,MERCH300285,transfer,25.94,web,2024-04-29 01:56:13,approved,False
TXN20240429001241,ACCT201443,MERCH300214,purchase,22.99,mobile,2024-04-29 12:46:04,approved,False
TXN20240429001242,ACCT204350,MERCH300018,withdrawal,89.39,in_person,2024-04-29 21:28:22,reversed,False
TXN20240429001243,ACCT203239,MERCH300292,purchase,15.62,web,2024-04-29 00:08:16,approved,False
TXN20240429001244,ACCT201022,MERCH300226,purchase,23.5,in_person,2024-04-29 23:40:12,approved,False
TXN20240429001245,ACCT204774,MERCH300114,purchase,304.93,web,2024-04-29 05:30:06,approved,False
TXN20240429001246,ACCT202978,MERCH300114,purchase,46.55,web,2024-04-29 04:42:54,approved,False
TXN20240429001247,ACCT203852,MERCH300205,purchase,16.0,atm,2024-04-29 22:52:45,approved,False
TXN20240429001248,ACCT204877,MERCH300211,transfer,12.02,web,2024-04-29 08:36:41,declined,False
TXN20240429001249,ACCT201705,MERCH300275,purchase,96.0,web,2024-04-29 01:00:34,approved,False
TXN20240429001250,ACCT204494,MERCH300085,transfer,13.66,in_person,2024-04-29 15:52:35,declined,False
TXN20240429001251,ACCT204699,MERCH300183,deposit,23.23,in_person,2024-04-29 07:37:02,reversed,False
TXN20240429001252,ACCT204207,MERCH300125,purchase,9.92,in_person,2024-04-29 10:47:43,approved,False
TXN20240429001253,ACCT206244,MERCH300271,purchase,19.26,web,2024-04-29 11:08:07,approved,False
TXN20240429001254,ACCT205198,MERCH300209,purchase,37.32,web,2024-04-29 23:03:06,approved,False
TXN20240429001255,ACCT201588,MERCH300018,withdrawal,48.49,mobile,2024-04-29 08:37:45,approved,False
TXN20240429001256,ACCT204569,MERCH300082,transfer,45.58,web,2024-04-29 06:39:21,approved,False
TXN20240429001257,ACCT200320,MERCH300167,purchase,37.63,web,2024-04-29 18:56:06,approved,False
TXN20240429001258,ACCT202334,MERCH300161,deposit,39.07,atm,2024-04-29 13:02:32,approved,False
TXN20240429001259,ACCT200403,MERCH300245,transfer,68.86,web,2024-04-29 20:14:09,approved,False
TXN20240429001260,ACCT204012,MERCH300159,purchase,32.23,web,2024-04-29 04:46:38,approved,False
TXN20240429001261,ACCT204464,MERCH300145,deposit,68.57,in_person,2024-04-29 15:46:06,approved,False
TXN20240429001262,ACCT202666,MERCH300256,purchase,41.9,in_person,2024-04-29 08:49:31,approved,False
TXN20240429001263,ACCT202731,MERCH300143,purchase,77.85,in_person,2024-04-29 19:34:55,reversed,False
TXN20240429001264,ACCT201674,MERCH300284,purchase,14.09,web,2024-04-29 05:52:26,approved,False
TXN20240429001265,ACCT201580,MERCH300249,deposit,245.57,mobile,2024-04-29 02:49:07,approved,False
TXN20240429001266,ACCT203659,MERCH300135,transfer,20.43,in_person,2024-04-29 20:51:43,approved,False
TXN20240429001267,ACCT203541,MERCH300252,purchase,9.26,in_person,2024-04-29 00:35:16,approved,True
TXN20240429001268,ACCT205091,MERCH300136,purchase,85.56,atm,2024-04-29 15:24:00,approved,False
TXN20240429001269,ACCT201519,MERCH300189,deposit,105.11,web,2024-04-29 21:40:26,approved,False
TXN20240429001270,ACCT206277,MERCH300262,purchase,29.83,in_person,2024-04-29 04:13:05,approved,False
TXN20240429001271,ACCT203663,MERCH300116,purchase,76.48,in_person,2024-04-29 05:24:43,approved,False
TXN20240429001272,ACCT201681,MERCH300263,purchase,28.09,mobile,2024-04-29 18:47:58,approved,False
TXN20240429001273,ACCT205079,MERCH300064,withdrawal,29.43,in_person,2024-04-29 20:52:26,approved,False
TXN20240429001274,ACCT203690,MERCH300252,purchase,10.67,in_person,2024-04-29 03:38:31,declined,False
TXN20240429001275,ACCT200092,MERCH300263,deposit,159.61,mobile,2024-04-29 16:06:51,approved,False
TXN20240429001276,ACCT201451,MERCH300150,transfer,105.59,atm,2024-04-29 14:19:24,approved,False
TXN20240429001277,ACCT204228,MERCH300299,deposit,23.59,mobile,2024-04-29 03:02:55,approved,False
TXN20240429001278,ACCT201746,MERCH300146,purchase,67.66,web,2024-04-29 14:09:37,approved,False
TXN20240429001279,ACCT204594,MERCH300062,transfer,21.05,web,2024-04-29 22:49:49,approved,False
TXN20240429001280,ACCT200426,MERCH300195,transfer,68.09,mobile,2024-04-29 01:24:53,approved,False
TXN20240429001281,ACCT203583,MERCH300270,purchase,21.69,web,2024-04-29 08:53:53,approved,False
TXN20240429001282,ACCT203645,MERCH300064,purchase,61.45,in_person,2024-04-29 01:42:42,approved,False
TXN20240429001283,ACCT205616,MERCH300192,deposit,59.03,mobile,2024-04-29 18:41:37,approved,False
TXN20240429001284,ACCT201464,MERCH300030,purchase,86.52,mobile,2024-04-29 15:02:35,approved,False
TXN20240429001285,ACCT203692,MERCH300064,purchase,59.12,mobile,2024-04-29 10:02:58,reversed,False
TXN20240429001286,ACCT204489,MERCH300278,purchase,19.26,web,2024-04-29 14:23:53,approved,False
TXN20240429001287,ACCT204362,MERCH300054,deposit,10.38,mobile,2024-04-29 13:37:57,approved,True
TXN20240429001288,ACCT206185,MERCH300236,purchase,39.44,atm,2024-04-29 10:46:43,approved,False
TXN20240429001289,ACCT202254,MERCH300284,withdrawal,84.84,web,2024-04-29 17:03:09,approved,False
TXN20240429001290,ACCT200942,MERCH300283,purchase,63.72,in_person,2024-04-29 23:52:50,approved,False
TXN20240429001291,ACCT206086,MERCH300218,purchase,16.45,atm,2024-04-29 09:46:50,approved,False
TXN20240429001292,ACCT201748,MERCH300004,deposit,73.06,web,2024-04-29 09:29:17,approved,False
TXN20240429001293,ACCT201768,MERCH300092,purchase,23.28,in_person,2024-04-29 09:44:28,approved,False
TXN20240429001294,ACCT201502,MERCH300140,withdrawal,28.44,atm,2024-04-29 00:56:28,approved,False
TXN20240429001295,ACCT206354,MERCH300246,purchase,39.09,in_person,2024-04-29 07:02:03,approved,False
TXN20240429001296,ACCT204708,MERCH300017,purchase,39.37,web,2024-04-29 16:05:28,approved,False
TXN20240429001297,ACCT205227,MERCH300005,purchase,112.88,in_person,2024-04-29 10:05:14,approved,False
TXN20240429001298,ACCT200871,MERCH300043,purchase,59.13,mobile,2024-04-29 16:29:55,declined,False
TXN20240429001299,ACCT202559,MERCH300266,purchase,64.12,web,2024-04-29 14:43:48,approved,False
TXN20240429001300,ACCT201197,MERCH300265,deposit,35.2,in_person,2024-04-29 22:06:19,approved,False
TXN20240429001301,ACCT204168,MERCH300168,purchase,44.5,mobile,2024-04-29 23:11:41,approved,False
TXN20240429001302,ACCT201380,MERCH300252,purchase,73.44,mobile,2024-04-29 04:44:43,approved,False
TXN20240429001303,ACCT203950,MERCH300161,purchase,35.54,in_person,2024-04-29 22:13:54,approved,False
TXN20240429001304,ACCT205313,MERCH300044,purchase,16.92,mobile,2024-04-29 06:48:15,approved,False
TXN20240429001305,ACCT203367,MERCH300189,purchase,106.85,in_person,2024-04-29 02:11:42,approved,False
TXN20240429001306,ACCT203166,MERCH300033,purchase,304.95,web,2024-04-29 07:50:10,approved,False
TXN20240429001307,ACCT200376,MERCH300219,purchase,29.18,web,2024-04-29 21:25:45,approved,False
TXN20240429001308,ACCT202604,MERCH300247,deposit,56.79,in_person,2024-04-29 10:53:17,approved,False
TXN20240429001309,ACCT202380,MERCH300045,purchase,53.86,web,2024-04-29 15:37:41,approved,False
TXN20240429001310,ACCT200619,MERCH300070,deposit,7.11,web,2024-04-29 15:25:20,approved,False
TXN20240429001311,ACCT201445,MERCH300043,deposit,56.74,web,2024-04-29 21:10:48,approved,False
TXN20240429001312,ACCT200837,MERCH300140,purchase,82.77,in_person,2024-04-29 07:02:30,approved,False
TXN20240429001313,ACCT201349,MERCH300179,transfer,14.26,in_person,2024-04-29 07:03:00,approved,False
TXN20240429001314,ACCT205944,MERCH300053,purchase,63.1,in_person,2024-04-29 05:55:50,approved,False
TXN20240429001315,ACCT200375,MERCH300084,purchase,29.34,in_person,2024-04-29 14:02:15,approved,False
TXN20240429001316,ACCT201385,MERCH300203,purchase,47.15,in_person,2024-04-29 13:11:51,declined,False
TXN20240429001317,ACCT203340,MERCH300206,purchase,36.84,in_person,2024-04-29 00:02:00,approved,False
TXN20240429001318,ACCT200682,MERCH300278,transfer,38.29,web,2024-04-29 14:34:13,approved,False
TXN20240429001319,ACCT200451,MERCH300221,purchase,40.16,mobile,2024-04-29 10:37:14,approved,False
TXN20240429001320,ACCT206292,MERCH300016,transfer,33.1,in_person,2024-04-29 16:16:50,approved,False
TXN20240429001321,ACCT204437,MERCH300001,purchase,93.39,web,2024-04-29 13:27:45,declined,False
TXN20240429001322,ACCT205695,MERCH300114,purchase,21.73,web,2024-04-29 15:19:48,approved,False
TXN20240429001323,ACCT206474,MERCH300106,transfer,21.67,atm,2024-04-29 16:26:11,approved,False
TXN20240429001324,ACCT201629,MERCH300228,transfer,17.89,in_person,2024-04-29 12:02:33,approved,False
TXN20240429001325,ACCT205150,MERCH300101,purchase,122.85,web,2024-04-29 11:22:05,approved,False
TXN20240429001326,ACCT202541,MERCH300036,deposit,11.44,in_person,2024-04-29 14:18:16,approved,False
TXN20240429001327,ACCT203452,MERCH300094,withdrawal,52.12,web,2024-04-29 07:36:29,approved,False
TXN20240429001328,ACCT201570,MERCH300002,purchase,21.42,atm,2024-04-29 11:22:54,approved,False
TXN20240429001329,ACCT205151,MERCH300185,transfer,17.89,mobile,2024-04-29 13:26:30,approved,False
TXN20240429001330,ACCT200745,MERCH300076,deposit,86.0,in_person,2024-04-29 20:02:13,approved,False
TXN20240429001331,ACCT201231,MERCH300044,purchase,21.26,in_person,2024-04-29 09:08:27,approved,False
TXN20240429001332,ACCT206282,MERCH300220,purchase,10.99,web,2024-04-29 01:28:47,approved,False
TXN20240429001333,ACCT201687,MERCH300086,purchase,44.57,in_person,2024-04-29 12:56:44,approved,False
TXN20240429001334,ACCT200056,MERCH300229,deposit,9.15,web,2024-04-29 11:38:53,approved,False
TXN20240429001335,ACCT205407,MERCH300198,purchase,19.08,web,2024-04-29 14:54:40,approved,False
TXN20240429001336,ACCT204193,MERCH300100,purchase,183.62,in_person,2024-04-29 16:57:31,approved,False
TXN20240429001337,ACCT201135,MERCH300225,purchase,46.34,mobile,2024-04-29 11:50:53,reversed,False
TXN20240429001338,ACCT202802,MERCH300147,purchase,37.25,web,2024-04-29 20:46:37,approved,False
TXN20240429001339,ACCT204562,MERCH300030,transfer,10.11,web,2024-04-29 16:47:12,approved,False
TXN20240429001340,ACCT202779,MERCH300147,transfer,15.42,mobile,2024-04-29 10:58:50,approved,False
TXN20240429001341,ACCT201091,MERCH300296,purchase,10.22,in_person,2024-04-29 22:21:49,approved,False
TXN20240429001342,ACCT206348,MERCH300075,purchase,53.2,in_person,2024-04-29 12:17:03,approved,False
TXN20240429001343,ACCT204656,MERCH300026,deposit,37.53,web,2024-04-29 12:06:17,approved,False
TXN20240429001344,ACCT202184,MERCH300255,transfer,90.43,mobile,2024-04-29 20:49:07,approved,False
TXN20240429001345,ACCT200224,MERCH300176,purchase,43.47,web,2024-04-29 11:03:38,approved,False
TXN20240429001346,ACCT205633,MERCH300140,withdrawal,36.78,mobile,2024-04-29 03:15:03,approved,False
TXN20240429001347,ACCT201552,MERCH300272,deposit,74.08,mobile,2024-04-29 10:55:45,approved,False
TXN20240429001348,ACCT205205,MERCH300158,purchase,203.33,web,2024-04-29 04:50:51,approved,False
TXN20240429001349,ACCT202401,MERCH300075,withdrawal,34.99,in_person,2024-04-29 09:16:55,approved,False
TXN20240429001350,ACCT201766,MERCH300210,withdrawal,24.58,atm,2024-04-29 21:01:35,approved,False
TXN20240429001351,ACCT201907,MERCH300182,purchase,34.91,mobile,2024-04-29 08:50:36,approved,False
TXN20240429001352,ACCT203171,MERCH300037,deposit,18.04,mobile,2024-04-29 18:19:32,approved,False
TXN20240429001353,ACCT203253,MERCH300118,purchase,84.11,in_person,2024-04-29 02:49:42,approved,False
TXN20240429001354,ACCT200935,MERCH300166,withdrawal,36.81,mobile,2024-04-29 15:47:28,declined,False
TXN20240429001355,ACCT201042,MERCH300108,purchase,23.32,in_person,2024-04-29 09:37:47,approved,False
TXN20240429001356,ACCT203117,MERCH300218,transfer,39.99,web,2024-04-29 08:52:21,approved,False
TXN20240429001357,ACCT204661,MERCH300084,withdrawal,13.25,atm,2024-04-29 06:45:04,approved,False
TXN20240429001358,ACCT206415,MERCH300117,purchase,87.13,mobile,2024-04-29 23:36:13,approved,False
TXN20240429001359,ACCT204883,MERCH300285,purchase,181.76,web,2024-04-29 09:54:02,approved,False
TXN20240429001360,ACCT202344,MERCH300056,withdrawal,10.97,in_person,2024-04-29 06:57:21,approved,False
TXN20240429001361,ACCT205186,MERCH300245,withdrawal,126.06,web,2024-04-29 07:18:49,approved,False
TXN20240429001362,ACCT203096,MERCH300186,transfer,107.02,web,2024-04-29 06:19:06,approved,False
TXN20240429001363,ACCT204287,MERCH300176,purchase,31.28,web,2024-04-29 18:45:27,approved,False
TXN20240429001364,ACCT203107,MERCH300151,transfer,27.98,mobile,2024-04-29 15:32:33,approved,False
TXN20240429001365,ACCT205086,MERCH300179,deposit,36.25,web,2024-04-29 15:21:08,approved,False
TXN20240429001366,ACCT204988,MERCH300204,purchase,4.32,mobile,2024-04-29 14:16:55,approved,False
TXN20240429001367,ACCT201067,MERCH300242,purchase,12.24,in_person,2024-04-29 07:21:18,approved,False
TXN20240429001368,ACCT201827,MERCH300219,purchase,8.58,web,2024-04-29 21:57:06,approved,False
TXN20240429001369,ACCT201015,MERCH300180,transfer,9.62,web,2024-04-29 01:24:22,approved,False
TXN20240429001370,ACCT204022,MERCH300166,purchase,10.42,in_person,2024-04-29 20:06:46,approved,False
TXN20240429001371,ACCT204453,MERCH300210,deposit,115.62,web,2024-04-29 19:17:52,approved,False
TXN20240429001372,ACCT206217,MERCH300015,purchase,68.65,mobile,2024-04-29 03:28:10,approved,False
TXN20240429001373,ACCT205980,MERCH300236,purchase,28.98,in_person,2024-04-29 10:04:31,approved,False
TXN20240429001374,ACCT201386,MERCH300191,purchase,22.79,in_person,2024-04-29 14:22:15,reversed,False
TXN20240429001375,ACCT202302,MERCH300182,purchase,17.84,in_person,2024-04-29 21:16:06,declined,False
TXN20240429001376,ACCT204172,MERCH300123,purchase,30.68,web,2024-04-29 01:35:17,approved,False
TXN20240429001377,ACCT203506,MERCH300034,deposit,130.73,mobile,2024-04-29 21:37:39,approved,False
TXN20240429001378,ACCT204938,MERCH300191,purchase,164.66,mobile,2024-04-29 20:11:53,approved,False
TXN20240429001379,ACCT203880,MERCH300288,deposit,13.48,atm,2024-04-29 08:02:18,approved,False
TXN20240429001380,ACCT202820,MERCH300196,purchase,62.8,mobile,2024-04-29 01:16:53,approved,False
TXN20240429001381,ACCT205330,MERCH300001,purchase,35.88,in_person,2024-04-29 02:47:10,approved,False
TXN20240429001382,ACCT205593,MERCH300008,deposit,11.49,in_person,2024-04-29 07:37:14,approved,False
TXN20240429001383,ACCT204778,MERCH300117,purchase,9.37,in_person,2024-04-29 09:21:00,approved,False
TXN20240429001384,ACCT204262,MERCH300216,purchase,36.98,atm,2024-04-29 04:54:03,approved,False
TXN20240429001385,ACCT202359,MERCH300197,deposit,5.33,mobile,2024-04-29 16:40:31,approved,False
TXN20240429001386,ACCT200454,MERCH300133,purchase,2.8,in_person,2024-04-29 15:15:17,approved,False
TXN20240429001387,ACCT202992,MERCH300273,purchase,65.33,in_person,2024-04-29 13:07:53,approved,False
TXN20240429001388,ACCT206189,MERCH300257,purchase,15.0,in_person,2024-04-29 10:53:41,approved,False
TXN20240429001389,ACCT202677,MERCH300071,transfer,54.11,mobile,2024-04-29 12:55:25,approved,False
TXN20240429001390,ACCT201329,MERCH300106,transfer,15.32,in_person,2024-04-29 03:09:18,approved,False
TXN20240429001391,ACCT204397,MERCH300166,purchase,37.51,in_person,2024-04-29 16:47:43,approved,False
TXN20240429001392,ACCT203770,MERCH300055,purchase,16.24,web,2024-04-29 16:26:46,approved,False
TXN20240429001393,ACCT206362,MERCH300187,transfer,28.88,in_person,2024-04-29 05:15:43,declined,False
TXN20240429001394,ACCT200706,MERCH300139,purchase,44.97,in_person,2024-04-29 20:11:26,approved,False
TXN20240429001395,ACCT200589,MERCH300169,purchase,30.61,web,2024-04-29 12:46:24,approved,False
TXN20240429001396,ACCT202358,MERCH300048,purchase,28.57,web,2024-04-29 17:28:42,reversed,False
TXN20240429001397,ACCT200761,MERCH300080,purchase,38.8,web,2024-04-29 10:01:02,approved,False
TXN20240429001398,ACCT201879,MERCH300269,withdrawal,22.73,atm,2024-04-29 00:04:36,approved,False
TXN20240429001399,ACCT205853,MERCH300037,purchase,24.14,mobile,2024-04-29 18:12:21,approved,False
TXN20240429001400,ACCT205635,MERCH300285,withdrawal,34.2,in_person,2024-04-29 13:56:16,approved,False
TXN20240429001401,ACCT201885,MERCH300268,purchase,74.14,mobile,2024-04-29 01:05:53,approved,False
TXN20240429001402,ACCT202418,MERCH300100,purchase,25.42,in_person,2024-04-29 06:23:58,approved,False
TXN20240429001403,ACCT202055,MERCH300042,purchase,48.4,web,2024-04-29 11:06:30,approved,False
TXN20240429001404,ACCT202029,MERCH300047,purchase,45.86,in_person,2024-04-29 17:44:19,approved,False
TXN20240429001405,ACCT203605,MERCH300158,purchase,122.59,mobile,2024-04-29 03:54:14,approved,False
TXN20240429001406,ACCT200789,MERCH300296,purchase,13.26,web,2024-04-29 22:14:26,approved,False
TXN20240429001407,ACCT203041,MERCH300029,purchase,5.08,web,2024-04-29 08:59:40,approved,False
TXN20240429001408,ACCT201224,MERCH300217,purchase,68.45,mobile,2024-04-29 14:25:10,approved,False
TXN20240429001409,ACCT200308,MERCH300129,purchase,28.86,atm,2024-04-29 21:00:09,approved,False
TXN20240429001410,ACCT200617,MERCH300000,purchase,60.8,web,2024-04-29 22:28:18,approved,False
TXN20240429001411,ACCT204967,MERCH300235,transfer,22.06,in_person,2024-04-29 16:18:06,approved,False
TXN20240429001412,ACCT200870,MERCH300141,purchase,28.08,in_person,2024-04-29 07:36:20,approved,False
TXN20240429001413,ACCT206435,MERCH300008,deposit,58.69,mobile,2024-04-29 01:18:14,approved,False
TXN20240429001414,ACCT206150,MERCH300097,purchase,60.93,in_person,2024-04-29 10:05:34,approved,False
TXN20240429001415,ACCT203619,MERCH300179,deposit,34.1,web,2024-04-29 03:31:19,approved,False
TXN20240429001416,ACCT204457,MERCH300290,purchase,48.05,in_person,2024-04-29 05:57:35,approved,False
TXN20240429001417,ACCT204801,MERCH300219,purchase,25.01,web,2024-04-29 02:08:46,approved,False
TXN20240429001418,ACCT202585,MERCH300028,transfer,149.54,in_person,2024-04-29 03:32:53,approved,False
TXN20240429001419,ACCT202912,MERCH300238,purchase,58.07,in_person,2024-04-29 21:27:57,approved,False
TXN20240429001420,ACCT202598,MERCH300021,purchase,9.15,in_person,2024-04-29 03:28:35,approved,False
TXN20240429001421,ACCT205858,MERCH300139,purchase,19.55,atm,2024-04-29 01:21:28,approved,False
TXN20240429001422,ACCT205638,MERCH300177,withdrawal,94.66,mobile,2024-04-29 05:59:27,approved,False
TXN20240429001423,ACCT203850,MERCH300138,purchase,70.53,mobile,2024-04-29 04:28:25,approved,False
TXN20240429001424,ACCT203663,MERCH300139,deposit,59.98,mobile,2024-04-29 05:34:08,declined,False
TXN20240429001425,ACCT200778,MERCH300223,purchase,2.55,mobile,2024-04-29 09:02:01,approved,False
TXN20240429001426,ACCT204023,MERCH300082,purchase,72.47,web,2024-04-29 19:49:35,approved,False
TXN20240429001427,ACCT202855,MERCH300160,purchase,92.21,in_person,2024-04-29 13:00:22,approved,False
TXN20240429001428,ACCT202546,MERCH300078,deposit,80.66,web,2024-04-29 21:29:49,reversed,False
TXN20240429001429,ACCT201464,MERCH300068,purchase,33.43,web,2024-04-29 04:11:04,approved,False
TXN20240429001430,ACCT205381,MERCH300089,purchase,9.09,web,2024-04-29 11:32:10,approved,False
TXN20240429001431,ACCT201048,MERCH300247,transfer,41.47,in_person,2024-04-29 21:23:55,approved,False
TXN20240429001432,ACCT200079,MERCH300009,purchase,4.55,in_person,2024-04-29 07:14:05,approved,False
TXN20240429001433,ACCT202173,MERCH300115,purchase,6.94,atm,2024-04-29 09:45:41,approved,False
TXN20240429001434,ACCT206457,MERCH300249,purchase,142.04,mobile,2024-04-29 00:50:08,approved,False
TXN20240429001435,ACCT204535,MERCH300091,purchase,35.68,in_person,2024-04-29 08:39:07,declined,False
TXN20240429001436,ACCT206016,MERCH300243,purchase,30.08,web,2024-04-29 17:38:59,approved,False
TXN20240429001437,ACCT203606,MERCH300122,purchase,76.21,web,2024-04-29 08:37:43,approved,False
TXN20240429001438,ACCT200425,MERCH300154,deposit,50.92,atm,2024-04-29 07:39:43,approved,False
TXN20240429001439,ACCT204975,MERCH300150,purchase,55.56,web,2024-04-29 15:05:43,approved,False
TXN20240429001440,ACCT205694,MERCH300097,purchase,229.0,in_person,2024-04-29 07:09:49,approved,False
TXN20240429001441,ACCT201333,MERCH300005,purchase,129.81,web,2024-04-29 18:36:44,approved,False
TXN20240429001442,ACCT202430,MERCH300215,purchase,8.0,web,2024-04-29 11:45:44,approved,False
TXN20240429001443,ACCT204814,MERCH300005,purchase,54.87,atm,2024-04-29 15:59:31,approved,False
TXN20240429001444,ACCT204944,MERCH300085,purchase,30.37,in_person,2024-04-29 09:27:04,approved,False
TXN20240429001445,ACCT200525,MERCH300063,withdrawal,54.43,web,2024-04-29 23:40:34,approved,False
TXN20240429001446,ACCT203947,MERCH300032,purchase,33.7,mobile,2024-04-29 23:14:25,approved,False
TXN20240429001447,ACCT201724,MERCH300162,withdrawal,210.34,mobile,2024-04-29 09:13:54,approved,False
TXN20240429001448,ACCT202098,MERCH300073,purchase,24.33,mobile,2024-04-29 21:48:14,approved,False
TXN20240429001449,ACCT202904,MERCH300048,purchase,16.49,mobile,2024-04-29 16:43:36,approved,False
TXN20240429001450,ACCT200929,MERCH300137,purchase,10.13,atm,2024-04-29 14:27:01,approved,False
TXN20240429001451,ACCT202781,MERCH300228,purchase,66.13,in_person,2024-04-29 06:44:59,approved,False
TXN20240429001452,ACCT201538,MERCH300210,purchase,43.21,in_person,2024-04-29 21:33:25,approved,False
TXN20240429001453,ACCT201510,MERCH300046,transfer,21.25,atm,2024-04-29 01:26:27,approved,False
TXN20240429001454,ACCT204031,MERCH300191,purchase,139.11,atm,2024-04-29 17:46:52,approved,False
TXN20240429001455,ACCT206127,MERCH300199,transfer,40.77,mobile,2024-04-29 12:51:29,approved,False
TXN20240429001456,ACCT200272,MERCH300031,withdrawal,33.83,web,2024-04-29 11:09:39,approved,False
TXN20240429001457,ACCT202216,MERCH300058,purchase,13.95,web,2024-04-29 03:51:53,approved,False
TXN20240429001458,ACCT204700,MERCH300162,purchase,59.7,in_person,2024-04-29 21:17:09,approved,False
TXN20240429001459,ACCT202425,MERCH300100,purchase,128.25,web,2024-04-29 20:22:06,approved,False
TXN20240429001460,ACCT203895,MERCH300024,purchase,15.86,mobile,2024-04-29 08:54:52,approved,False
TXN20240429001461,ACCT200952,MERCH300080,purchase,14.24,web,2024-04-29 18:31:02,approved,False
TXN20240429001462,ACCT200734,MERCH300004,purchase,64.74,mobile,2024-04-29 16:18:01,approved,False
TXN20240429001463,ACCT204945,MERCH300284,purchase,91.88,in_person,2024-04-29 08:06:26,approved,False
TXN20240429001464,ACCT204652,MERCH300028,purchase,73.39,web,2024-04-29 08:22:29,approved,False
TXN20240429001465,ACCT206206,MERCH300048,purchase,11.71,mobile,2024-04-29 06:22:15,reversed,False
TXN20240429001466,ACCT206154,MERCH300099,transfer,73.59,web,2024-04-29 16:28:24,approved,False
TXN20240429001467,ACCT206378,MERCH300114,transfer,60.85,mobile,2024-04-29 19:18:29,approved,False
TXN20240429001468,ACCT203407,MERCH300275,purchase,9.58,mobile,2024-04-29 15:24:48,approved,False
TXN20240429001469,ACCT201386,MERCH300144,purchase,46.39,web,2024-04-29 02:01:33,approved,False
TXN20240429001470,ACCT205602,MERCH300208,withdrawal,18.14,web,2024-04-29 10:19:42,approved,False
TXN20240429001471,ACCT201790,MERCH300171,transfer,153.3,web,2024-04-29 14:12:52,approved,False
TXN20240429001472,ACCT203858,MERCH300068,purchase,27.13,mobile,2024-04-29 16:51:58,approved,False
TXN20240429001473,ACCT201966,MERCH300078,deposit,42.19,mobile,2024-04-29 23:25:58,approved,False
TXN20240429001474,ACCT202798,MERCH300133,purchase,30.8,mobile,2024-04-29 16:47:25,approved,False
TXN20240429001475,ACCT201380,MERCH300052,purchase,17.37,in_person,2024-04-29 03:44:00,approved,False
TXN20240429001476,ACCT201575,MERCH300065,transfer,361.76,in_person,2024-04-29 13:03:51,reversed,False
TXN20240429001477,ACCT204142,MERCH300279,purchase,39.15,atm,2024-04-29 02:14:20,approved,False
TXN20240429001478,ACCT204679,MERCH300045,purchase,31.18,in_person,2024-04-29 10:45:23,approved,False
TXN20240429001479,ACCT203730,MERCH300280,purchase,34.35,mobile,2024-04-29 09:24:31,approved,False
TXN20240429001480,ACCT203840,MERCH300073,purchase,5.12,atm,2024-04-29 06:58:03,approved,False
TXN20240429001481,ACCT201135,MERCH300223,purchase,21.56,web,2024-04-29 23:29:11,approved,False
TXN20240429001482,ACCT203686,MERCH300198,purchase,12.89,web,2024-04-29 17:59:37,approved,False
TXN20240429001483,ACCT202965,MERCH300067,purchase,20.98,web,2024-04-29 20:37:12,approved,False
TXN20240429001484,ACCT202982,MERCH300276,purchase,7.65,in_person,2024-04-29 06:16:22,approved,False
TXN20240429001485,ACCT204108,MERCH300267,purchase,124.22,in_person,2024-04-29 06:42:28,approved,False
TXN20240429001486,ACCT204144,MERCH300048,purchase,39.52,atm,2024-04-29 23:25:31,approved,False
TXN20240429001487,ACCT203547,MERCH300224,purchase,11.56,web,2024-04-29 05:01:35,approved,False
TXN20240429001488,ACCT200279,MERCH300231,deposit,53.69,in_person,2024-04-29 09:11:33,approved,False
TXN20240429001489,ACCT201389,MERCH300107,purchase,63.13,web,2024-04-29 12:48:07,approved,False
TXN20240429001490,ACCT200968,MERCH300277,purchase,53.99,atm,2024-04-29 15:39:24,approved,False
TXN20240429001491,ACCT203517,MERCH300178,purchase,25.26,in_person,2024-04-29 03:12:20,approved,False
TXN20240429001492,ACCT204702,MERCH300091,transfer,43.91,in_person,2024-04-29 16:09:34,approved,False
TXN20240429001493,ACCT202834,MERCH300283,purchase,116.52,mobile,2024-04-29 03:04:43,approved,False
TXN20240429001494,ACCT200603,MERCH300157,purchase,26.99,mobile,2024-04-29 07:09:55,approved,False
TXN20240429001495,ACCT205564,MERCH300257,purchase,55.81,in_person,2024-04-29 07:29:18,approved,False
TXN20240429001496,ACCT202448,MERCH300177,purchase,16.51,web,2024-04-29 04:29:14,approved,False
TXN20240429001497,ACCT203334,MERCH300129,purchase,52.71,in_person,2024-04-29 19:54:45,approved,False
TXN20240429001498,ACCT206045,MERCH300149,withdrawal,15.25,in_person,2024-04-29 17:22:59,approved,False
TXN20240429001499,ACCT201910,MERCH300149,purchase,36.22,in_person,2024-04-29 16:22:33,approved,False
TXN20240429001500,ACCT203589,MERCH300054,transfer,17.06,in_person,2024-04-29 02:15:18,approved,False
TXN20240429001501,ACCT203162,MERCH300252,purchase,191.95,mobile,2024-04-29 11:15:49,approved,False
TXN20240429001502,ACCT203548,MERCH300151,purchase,15.21,web,2024-04-29 09:56:50,approved,False
TXN20240429001503,ACCT200165,MERCH300133,transfer,10.37,in_person,2024-04-29 06:27:22,approved,False
TXN20240429001504,ACCT205591,MERCH300142,deposit,4.5,in_person,2024-04-29 22:44:03,approved,False
TXN20240429001505,ACCT202707,MERCH300017,purchase,23.07,in_person,2024-04-29 12:05:24,approved,False
TXN20240429001506,ACCT201509,MERCH300228,deposit,14.24,web,2024-04-29 05:25:43,approved,False
TXN20240429001507,ACCT203727,MERCH300202,transfer,32.17,atm,2024-04-29 04:20:15,approved,False
TXN20240429001508,ACCT205689,MERCH300159,purchase,11.44,web,2024-04-29 07:07:12,approved,False
TXN20240429001509,ACCT201298,MERCH300074,deposit,118.93,in_person,2024-04-29 01:27:31,approved,False
TXN20240429001510,ACCT203889,MERCH300161,purchase,63.5,mobile,2024-04-29 14:01:32,approved,False
TXN20240429001511,ACCT203947,MERCH300119,purchase,13.48,web,2024-04-29 06:32:28,approved,False
TXN20240429001512,ACCT200566,MERCH300184,transfer,122.09,in_person,2024-04-29 02:50:59,approved,False
TXN20240429001513,ACCT201911,MERCH300138,deposit,86.74,mobile,2024-04-29 15:52:33,approved,False
TXN20240429001514,ACCT201146,MERCH300033,transfer,58.35,in_person,2024-04-29 16:39:50,approved,False
TXN20240429001515,ACCT204420,MERCH300019,purchase,20.7,in_person,2024-04-29 10:26:01,approved,False
TXN20240429001516,ACCT203365,MERCH300005,transfer,34.68,mobile,2024-04-29 10:26:01,approved,False
TXN20240429001517,ACCT205002,MERCH300044,purchase,5.92,in_person,2024-04-29 04:57:51,approved,False
TXN20240429001518,ACCT202380,MERCH300088,purchase,17.65,mobile,2024-04-29 01:48:40,declined,False
TXN20240429001519,ACCT202509,MERCH300202,transfer,32.19,in_person,2024-04-29 02:12:01,approved,False
TXN20240429001520,ACCT201005,MERCH300165,purchase,43.13,web,2024-04-29 08:48:32,approved,False
TXN20240429001521,ACCT203825,MERCH300091,transfer,41.4,web,2024-04-29 06:41:49,approved,False
TXN20240429001522,ACCT205839,MERCH300101,transfer,20.76,in_person,2024-04-29 11:43:00,approved,False
TXN20240429001523,ACCT203335,MERCH300229,withdrawal,118.75,mobile,2024-04-29 10:10:42,approved,False
TXN20240429001524,ACCT203266,MERCH300189,transfer,73.34,web,2024-04-29 22:50:08,approved,False
TXN20240429001525,ACCT201883,MERCH300299,transfer,28.09,in_person,2024-04-29 19:54:08,approved,False
TXN20240429001526,ACCT202614,MERCH300214,transfer,16.45,in_person,2024-04-29 09:23:47,approved,False
TXN20240429001527,ACCT202837,MERCH300122,purchase,37.36,in_person,2024-04-29 01:44:44,approved,True
TXN20240429001528,ACCT205664,MERCH300092,purchase,53.89,mobile,2024-04-29 18:55:12,approved,False
TXN20240429001529,ACCT203647,MERCH300049,purchase,18.6,in_person,2024-04-29 17:37:14,approved,False
TXN20240429001530,ACCT206176,MERCH300188,purchase,13.73,in_person,2024-04-29 14:07:44,approved,False
TXN20240429001531,ACCT202653,MERCH300208,purchase,38.08,web,2024-04-29 16:06:14,approved,False
TXN20240429001532,ACCT205895,MERCH300297,purchase,61.99,in_person,2024-04-29 23:01:23,approved,False
TXN20240429001533,ACCT204629,MERCH300245,deposit,101.77,in_person,2024-04-29 21:05:03,approved,False
TXN20240429001534,ACCT205145,MERCH300161,purchase,18.27,mobile,2024-04-29 03:37:19,declined,False
TXN20240429001535,ACCT205936,MERCH300035,purchase,10.01,web,2024-04-29 09:47:45,approved,True
TXN20240429001536,ACCT200150,MERCH300236,purchase,93.5,in_person,2024-04-29 14:44:57,approved,False
TXN20240429001537,ACCT201048,MERCH300092,transfer,69.59,web,2024-04-29 10:54:25,approved,False
TXN20240429001538,ACCT206280,MERCH300057,purchase,14.93,in_person,2024-04-29 09:05:56,approved,False
TXN20240429001539,ACCT200925,MERCH300007,purchase,57.54,in_person,2024-04-29 04:15:42,reversed,False
TXN20240429001540,ACCT200544,MERCH300215,purchase,18.38,atm,2024-04-29 04:29:55,approved,False
TXN20240429001541,ACCT203515,MERCH300012,withdrawal,8.34,web,2024-04-29 00:27:30,approved,False
TXN20240429001542,ACCT203934,MERCH300203,transfer,34.81,in_person,2024-04-29 23:45:48,approved,False
TXN20240429001543,ACCT204625,MERCH300289,deposit,50.22,mobile,2024-04-29 08:26:52,reversed,False
TXN20240429001544,ACCT206346,MERCH300079,withdrawal,28.47,mobile,2024-04-29 02:27:16,approved,False
TXN20240429001545,ACCT206068,MERCH300199,purchase,41.38,in_person,2024-04-29 22:01:48,approved,False
TXN20240429001546,ACCT202951,MERCH300260,purchase,102.56,atm,2024-04-29 05:35:36,approved,False
TXN20240429001547,ACCT202771,MERCH300002,purchase,80.79,atm,2024-04-29 05:28:57,approved,False
TXN20240429001548,ACCT202510,MERCH300110,purchase,21.78,web,2024-04-29 02:57:17,approved,True
TXN20240429001549,ACCT201788,MERCH300196,purchase,21.47,in_person,2024-04-29 10:16:33,approved,False
TXN20240429001550,ACCT205911,MERCH300130,purchase,21.08,web,2024-04-29 05:01:17,approved,False
TXN20240429001551,ACCT204858,MERCH300111,transfer,32.83,in_person,2024-04-29 14:07:15,approved,False
TXN20240429001552,ACCT202717,MERCH300150,deposit,28.76,in_person,2024-04-29 16:03:03,approved,False
TXN20240429001553,ACCT206414,MERCH300120,purchase,18.86,web,2024-04-29 13:58:01,declined,False
TXN20240429001554,ACCT200291,MERCH300259,deposit,60.83,in_person,2024-04-29 09:25:42,declined,False
TXN20240429001555,ACCT200821,MERCH300283,purchase,86.03,web,2024-04-29 20:13:14,approved,False
TXN20240429001556,ACCT203671,MERCH300248,purchase,90.0,web,2024-04-29 17:11:11,approved,False
TXN20240429001557,ACCT205960,MERCH300167,deposit,27.57,in_person,2024-04-29 03:03:08,approved,False
TXN20240429001558,ACCT204208,MERCH300207,transfer,83.15,in_person,2024-04-29 00:32:52,approved,False
TXN20240429001559,ACCT205144,MERCH300205,purchase,47.0,in_person,2024-04-29 09:51:08,declined,False
TXN20240429001560,ACCT205596,MERCH300221,purchase,36.91,mobile,2024-04-29 00:41:00,approved,False
TXN20240429001561,ACCT203484,MERCH300155,purchase,31.11,mobile,2024-04-29 07:21:01,approved,False
TXN20240429001562,ACCT203968,MERCH300219,withdrawal,50.36,in_person,2024-04-29 13:06:06,approved,False
TXN20240429001563,ACCT203847,MERCH300047,purchase,27.42,mobile,2024-04-29 17:36:43,approved,False
TXN20240429001564,ACCT206469,MERCH300017,purchase,156.77,in_person,2024-04-29 17:36:29,approved,False
TXN20240429001565,ACCT203137,MERCH300009,transfer,52.08,in_person,2024-04-29 12:45:54,approved,False
TXN20240429001566,ACCT204428,MERCH300278,purchase,34.38,mobile,2024-04-29 15:56:18,approved,False
TXN20240429001567,ACCT202048,MERCH300154,purchase,25.84,web,2024-04-29 15:03:34,approved,False
TXN20240429001568,ACCT205961,MERCH300292,purchase,70.01,in_person,2024-04-29 06:35:46,approved,False
TXN20240429001569,ACCT206294,MERCH300296,purchase,67.14,mobile,2024-04-29 10:31:29,approved,False
TXN20240429001570,ACCT205186,MERCH300247,purchase,164.54,mobile,2024-04-29 12:30:54,approved,False
TXN20240429001571,ACCT202209,MERCH300034,withdrawal,18.05,in_person,2024-04-29 14:45:32,approved,False
TXN20240429001572,ACCT205096,MERCH300211,purchase,124.64,mobile,2024-04-29 16:10:11,approved,False
TXN20240429001573,ACCT203128,MERCH300214,purchase,49.29,in_person,2024-04-29 01:04:07,approved,False
TXN20240429001574,ACCT202637,MERCH300127,deposit,39.33,atm,2024-04-29 13:15:07,approved,False
TXN20240429001575,ACCT205884,MERCH300254,purchase,101.36,web,2024-04-29 17:33:21,approved,False
TXN20240429001576,ACCT206291,MERCH300084,purchase,25.04,in_person,2024-04-29 01:09:33,approved,False
TXN20240429001577,ACCT205733,MERCH300225,transfer,19.55,atm,2024-04-29 09:53:42,reversed,False
TXN20240429001578,ACCT206431,MERCH300105,purchase,142.77,web,2024-04-29 02:05:09,declined,False
TXN20240429001579,ACCT205445,MERCH300217,deposit,22.84,atm,2024-04-29 22:16:16,approved,False
TXN20240429001580,ACCT201945,MERCH300199,purchase,68.06,mobile,2024-04-29 01:36:29,approved,False
TXN20240429001581,ACCT203092,MERCH300115,purchase,104.56,web,2024-04-29 06:00:43,approved,False
TXN20240429001582,ACCT203119,MERCH300247,purchase,105.88,web,2024-04-29 17:47:06,approved,False
TXN20240429001583,ACCT205676,MERCH300120,withdrawal,93.75,web,2024-04-29 10:05:25,approved,False
TXN20240429001584,ACCT200111,MERCH300062,purchase,124.26,mobile,2024-04-29 19:05:14,approved,False
TXN20240429001585,ACCT202861,MERCH300258,transfer,89.2,mobile,2024-04-29 22:18:09,declined,False
TXN20240429001586,ACCT204827,MERCH300098,purchase,24.79,in_person,2024-04-29 02:33:54,approved,True
TXN20240429001587,ACCT202011,MERCH300049,purchase,129.82,atm,2024-04-29 10:57:20,approved,False
TXN20240429001588,ACCT201305,MERCH300289,transfer,54.26,mobile,2024-04-29 09:10:33,approved,False
TXN20240429001589,ACCT206211,MERCH300274,transfer,24.03,web,2024-04-29 00:47:01,approved,False
TXN20240429001590,ACCT206217,MERCH300117,transfer,146.92,web,2024-04-29 23:29:59,approved,False
TXN20240429001591,ACCT202847,MERCH300236,transfer,45.77,in_person,2024-04-29 20:54:45,approved,False
TXN20240429001592,ACCT201620,MERCH300085,purchase,114.44,mobile,2024-04-29 18:01:02,approved,False
TXN20240429001593,ACCT203831,MERCH300146,purchase,6.43,web,2024-04-29 01:54:02,approved,False
TXN20240429001594,ACCT201155,MERCH300133,transfer,40.0,in_person,2024-04-29 12:33:02,approved,False
TXN20240429001595,ACCT205418,MERCH300082,transfer,26.02,mobile,2024-04-29 07:37:48,approved,False
TXN20240429001596,ACCT200018,MERCH300123,purchase,14.9,in_person,2024-04-29 19:46:15,approved,False
TXN20240429001597,ACCT200725,MERCH300142,purchase,27.99,atm,2024-04-29 01:43:23,declined,False
TXN20240429001598,ACCT205168,MERCH300036,purchase,45.36,web,2024-04-29 20:26:23,approved,False
TXN20240429001599,ACCT205027,MERCH300153,withdrawal,68.71,in_person,2024-04-29 09:47:25,approved,False
TXN20240429001600,ACCT202272,MERCH300280,purchase,35.4,atm,2024-04-29 11:42:53,approved,False
TXN20240429001601,ACCT204652,MERCH300102,purchase,67.5,web,2024-04-29 01:10:42,approved,False
TXN20240429001602,ACCT200716,MERCH300187,transfer,98.38,mobile,2024-04-29 10:05:50,approved,False
TXN20240429001603,ACCT204134,MERCH300150,purchase,38.09,web,2024-04-29 20:11:02,approved,False
TXN20240429001604,ACCT205804,MERCH300124,transfer,179.97,mobile,2024-04-29 22:56:56,approved,False
TXN20240429001605,ACCT202768,MERCH300141,purchase,116.43,mobile,2024-04-29 03:10:34,approved,False
TXN20240429001606,ACCT202259,MERCH300016,purchase,35.35,atm,2024-04-29 20:24:37,approved,False
TXN20240429001607,ACCT200180,MERCH300080,purchase,30.41,in_person,2024-04-29 02:01:59,approved,False
TXN20240429001608,ACCT205146,MERCH300264,purchase,5.31,mobile,2024-04-29 03:15:56,approved,False
TXN20240429001609,ACCT200152,MERCH300237,purchase,57.68,mobile,2024-04-29 03:12:15,approved,False
TXN20240429001610,ACCT202657,MERCH300285,withdrawal,145.86,mobile,2024-04-29 08:07:12,declined,False
TXN20240429001611,ACCT201434,MERCH300006,transfer,12.04,web,2024-04-29 04:30:47,approved,False
TXN20240429001612,ACCT205107,MERCH300063,purchase,51.46,in_person,2024-04-29 20:31:45,approved,False
TXN20240429001613,ACCT205999,MERCH300095,purchase,13.93,atm,2024-04-29 14:32:38,approved,False
TXN20240429001614,ACCT204359,MERCH300225,purchase,73.88,in_person,2024-04-29 11:27:57,approved,False
TXN20240429001615,ACCT201451,MERCH300121,transfer,28.12,in_person,2024-04-29 09:35:27,approved,False
TXN20240429001616,ACCT201500,MERCH300139,purchase,12.12,in_person,2024-04-29 18:15:35,approved,False
TXN20240429001617,ACCT201667,MERCH300114,withdrawal,23.48,in_person,2024-04-29 22:49:19,approved,False
TXN20240429001618,ACCT203505,MERCH300128,purchase,19.4,in_person,2024-04-29 01:33:16,approved,False
TXN20240429001619,ACCT200359,MERCH300155,purchase,36.0,in_person,2024-04-29 10:13:18,approved,False
TXN20240429001620,ACCT200235,MERCH300287,purchase,83.55,atm,2024-04-29 02:48:47,approved,False
TXN20240429001621,ACCT200580,MERCH300197,purchase,162.79,web,2024-04-29 01:20:44,approved,False
TXN20240429001622,ACCT201907,MERCH300245,purchase,74.47,in_person,2024-04-29 13:37:21,approved,False
TXN20240429001623,ACCT202994,MERCH300241,purchase,11.18,mobile,2024-04-29 12:33:53,approved,False
TXN20240429001624,ACCT202278,MERCH300280,purchase,51.4,in_person,2024-04-29 02:50:37,approved,False
TXN20240429001625,ACCT202886,MERCH300233,purchase,111.55,web,2024-04-29 03:21:39,approved,False
TXN20240429001626,ACCT200920,MERCH300093,purchase,30.7,in_person,2024-04-29 00:38:44,approved,False
TXN20240429001627,ACCT204214,MERCH300092,withdrawal,240.97,web,2024-04-29 19:30:53,approved,False
TXN20240429001628,ACCT202913,MERCH300013,purchase,32.29,in_person,2024-04-29 22:00:11,approved,False
TXN20240429001629,ACCT205500,MERCH300049,purchase,41.61,in_person,2024-04-29 18:26:45,approved,False
TXN20240429001630,ACCT200125,MERCH300040,purchase,35.14,mobile,2024-04-29 19:49:54,approved,False
TXN20240429001631,ACCT201226,MERCH300203,withdrawal,48.55,in_person,2024-04-29 05:30:53,approved,False
TXN20240429001632,ACCT200921,MERCH300178,purchase,50.39,web,2024-04-29 16:39:14,approved,False
TXN20240429001633,ACCT201592,MERCH300286,transfer,159.57,in_person,2024-04-29 03:52:57,approved,False
TXN20240429001634,ACCT204964,MERCH300235,deposit,173.4,mobile,2024-04-29 13:36:05,approved,False
TXN20240429001635,ACCT205802,MERCH300044,purchase,371.45,in_person,2024-04-29 10:22:19,approved,False
TXN20240429001636,ACCT203085,MERCH300243,purchase,43.82,web,2024-04-29 21:33:14,approved,False
TXN20240429001637,ACCT205082,MERCH300182,transfer,20.72,in_person,2024-04-29 09:45:40,approved,False
TXN20240429001638,ACCT200957,MERCH300226,transfer,8.13,web,2024-04-29 19:40:30,approved,False
TXN20240429001639,ACCT202854,MERCH300131,purchase,32.51,in_person,2024-04-29 15:33:05,approved,False
TXN20240429001640,ACCT204735,MERCH300022,transfer,26.46,atm,2024-04-29 07:58:35,approved,False
TXN20240429001641,ACCT200724,MERCH300227,deposit,103.7,in_person,2024-04-29 18:19:25,approved,False
TXN20240429001642,ACCT203137,MERCH300129,purchase,21.66,web,2024-04-29 13:52:59,approved,False
TXN20240429001643,ACCT203783,MERCH300225,purchase,39.92,mobile,2024-04-29 14:54:55,approved,False
TXN20240429001644,ACCT201800,MERCH300269,deposit,62.56,atm,2024-04-29 22:10:01,approved,False
TXN20240429001645,ACCT204430,MERCH300239,deposit,19.29,web,2024-04-29 07:36:04,approved,False
TXN20240429001646,ACCT205076,MERCH300132,deposit,162.77,in_person,2024-04-29 13:46:29,approved,False
TXN20240429001647,ACCT202334,MERCH300197,purchase,18.32,web,2024-04-29 10:18:57,approved,False
TXN20240429001648,ACCT201059,MERCH300232,purchase,79.56,mobile,2024-04-29 08:44:40,approved,False
TXN20240429001649,ACCT204875,MERCH300254,deposit,52.32,in_person,2024-04-29 14:41:27,approved,False
TXN20240429001650,ACCT200131,MERCH300159,purchase,31.89,web,2024-04-29 17:59:50,approved,False
TXN20240429001651,ACCT205058,MERCH300259,purchase,119.77,atm,2024-04-29 09:04:38,approved,False
TXN20240429001652,ACCT205265,MERCH300007,purchase,136.2,web,2024-04-29 08:06:54,approved,False
TXN20240429001653,ACCT201774,MERCH300187,purchase,23.5,web,2024-04-29 11:40:39,approved,False
TXN20240429001654,ACCT200299,MERCH300171,withdrawal,71.74,mobile,2024-04-29 16:15:17,approved,False
TXN20240429001655,ACCT202215,MERCH300103,purchase,33.09,in_person,2024-04-29 11:30:22,approved,False
TXN20240429001656,ACCT203503,MERCH300169,purchase,13.9,in_person,2024-04-29 18:49:27,approved,False
TXN20240429001657,ACCT201494,MERCH300156,purchase,106.58,in_person,2024-04-29 11:40:56,declined,False
TXN20240429001658,ACCT204833,MERCH300172,purchase,49.15,in_person,2024-04-29 20:11:58,approved,False
TXN20240429001659,ACCT205923,MERCH300256,deposit,238.65,in_person,2024-04-29 10:05:18,approved,False
TXN20240429001660,ACCT204108,MERCH300217,transfer,73.75,in_person,2024-04-29 11:41:18,approved,False
TXN20240429001661,ACCT204482,MERCH300191,purchase,8.33,mobile,2024-04-29 09:14:46,approved,False
TXN20240429001662,ACCT202231,MERCH300238,purchase,131.35,in_person,2024-04-29 13:20:48,reversed,False
TXN20240429001663,ACCT206445,MERCH300139,purchase,58.35,mobile,2024-04-29 05:19:51,approved,False
TXN20240429001664,ACCT200166,MERCH300255,purchase,13.82,in_person,2024-04-29 04:12:46,approved,False
TXN20240429001665,ACCT206410,MERCH300171,purchase,235.47,mobile,2024-04-29 16:53:55,approved,False
TXN20240429001666,ACCT203055,MERCH300100,purchase,107.19,mobile,2024-04-29 11:11:27,approved,False
TXN20240429001667,ACCT205803,MERCH300153,purchase,15.17,in_person,2024-04-29 02:21:47,approved,False
TXN20240429001668,ACCT203479,MERCH300157,purchase,10.41,in_person,2024-04-29 07:06:03,approved,False
TXN20240429001669,ACCT202022,MERCH300112,transfer,9.01,in_person,2024-04-29 11:55:00,approved,False
TXN20240429001670,ACCT205900,MERCH300097,withdrawal,14.73,atm,2024-04-29 03:09:28,approved,True
TXN20240429001671,ACCT200059,MERCH300280,purchase,138.78,atm,2024-04-29 06:18:46,approved,False
TXN20240429001672,ACCT203013,MERCH300123,transfer,68.18,mobile,2024-04-29 17:53:57,approved,False
TXN20240429001673,ACCT201442,MERCH300024,purchase,27.11,in_person,2024-04-29 19:40:40,approved,False
TXN20240429001674,ACCT201094,MERCH300067,transfer,56.56,mobile,2024-04-29 00:03:04,approved,False
TXN20240429001675,ACCT203964,MERCH300219,purchase,8.82,in_person,2024-04-29 03:51:49,approved,False
TXN20240429001676,ACCT203644,MERCH300157,purchase,10.23,mobile,2024-04-29 10:48:38,approved,False
TXN20240429001677,ACCT205412,MERCH300050,purchase,96.43,web,2024-04-29 07:30:03,approved,False
TXN20240429001678,ACCT201119,MERCH300163,purchase,57.98,web,2024-04-29 13:49:55,approved,False
TXN20240429001679,ACCT205849,MERCH300111,purchase,23.44,in_person,2024-04-29 00:54:07,approved,False
TXN20240429001680,ACCT202258,MERCH300127,purchase,33.34,mobile,2024-04-29 15:50:53,approved,False
TXN20240429001681,ACCT204599,MERCH300294,purchase,39.74,mobile,2024-04-29 16:30:07,approved,False
TXN20240429001682,ACCT203044,MERCH300151,purchase,34.95,web,2024-04-29 22:50:48,approved,False
TXN20240429001683,ACCT203551,MERCH300093,purchase,21.2,mobile,2024-04-29 17:34:28,approved,False
TXN20240429001684,ACCT206471,MERCH300206,withdrawal,80.03,atm,2024-04-29 00:52:35,approved,False
TXN20240429001685,ACCT200078,MERCH300080,deposit,22.55,mobile,2024-04-29 22:14:31,approved,False
TXN20240429001686,ACCT205307,MERCH300064,transfer,80.77,mobile,2024-04-29 08:20:10,approved,False
TXN20240429001687,ACCT202037,MERCH300261,purchase,13.97,in_person,2024-04-29 20:27:42,approved,False
TXN20240429001688,ACCT200862,MERCH300163,purchase,56.45,mobile,2024-04-29 21:53:39,reversed,False
TXN20240429001689,ACCT200464,MERCH300178,purchase,129.82,mobile,2024-04-29 14:35:17,approved,False
TXN20240429001690,ACCT204664,MERCH300144,transfer,42.13,mobile,2024-04-29 05:37:22,approved,False
TXN20240429001691,ACCT202616,MERCH300043,withdrawal,52.05,web,2024-04-29 14:33:57,approved,False
TXN20240429001692,ACCT202824,MERCH300020,deposit,32.64,web,2024-04-29 17:50:02,approved,False
TXN20240429001693,ACCT204104,MERCH300085,deposit,27.03,atm,2024-04-29 05:33:50,approved,False
TXN20240429001694,ACCT204377,MERCH300211,withdrawal,116.86,atm,2024-04-29 21:52:52,approved,False
TXN20240429001695,ACCT204754,MERCH300239,transfer,60.1,mobile,2024-04-29 00:52:53,approved,False
TXN20240429001696,ACCT201555,MERCH300293,purchase,53.56,in_person,2024-04-29 17:11:27,approved,False
TXN20240429001697,ACCT205913,MERCH300212,purchase,74.62,mobile,2024-04-29 14:23:18,approved,False
TXN20240429001698,ACCT202128,MERCH300223,withdrawal,61.36,web,2024-04-29 06:55:26,approved,False
TXN20240429001699,ACCT203614,MERCH300056,purchase,16.19,mobile,2024-04-29 17:51:37,approved,False
TXN20240429001700,ACCT200681,MERCH300184,purchase,30.45,in_person,2024-04-29 02:04:55,approved,False
TXN20240429001701,ACCT204541,MERCH300114,withdrawal,13.43,in_person,2024-04-29 23:45:01,approved,False
TXN20240429001702,ACCT205003,MERCH300054,purchase,84.5,mobile,2024-04-29 21:33:04,approved,False
TXN20240429001703,ACCT200055,MERCH300296,purchase,45.71,web,2024-04-29 03:05:29,approved,False
TXN20240429001704,ACCT200778,MERCH300121,purchase,2.71,web,2024-04-29 18:44:17,approved,False
TXN20240429001705,ACCT200962,MERCH300138,purchase,33.61,web,2024-04-29 19:41:00,approved,False
TXN20240429001706,ACCT200499,MERCH300126,deposit,20.85,in_person,2024-04-29 08:27:10,approved,False
TXN20240429001707,ACCT201611,MERCH300278,transfer,100.91,in_person,2024-04-29 03:28:36,reversed,False
TXN20240429001708,ACCT200532,MERCH300208,purchase,22.01,mobile,2024-04-29 01:13:56,approved,False
TXN20240429001709,ACCT203608,MERCH300294,deposit,116.43,in_person,2024-04-29 15:26:27,approved,False
TXN20240429001710,ACCT201488,MERCH300061,purchase,43.69,atm,2024-04-29 13:16:28,approved,False
TXN20240429001711,ACCT205901,MERCH300065,deposit,107.05,web,2024-04-29 03:13:18,approved,False
TXN20240429001712,ACCT200074,MERCH300253,deposit,22.64,web,2024-04-29 13:15:41,approved,False
TXN20240429001713,ACCT200209,MERCH300021,purchase,30.75,mobile,2024-04-29 14:31:59,approved,False
TXN20240429001714,ACCT205318,MERCH300167,purchase,47.55,mobile,2024-04-29 18:16:24,approved,False
TXN20240429001715,ACCT204495,MERCH300213,transfer,43.42,web,2024-04-29 07:44:46,approved,False
TXN20240429001716,ACCT201345,MERCH300131,purchase,19.04,in_person,2024-04-29 12:23:04,declined,False
TXN20240429001717,ACCT201769,MERCH300129,transfer,49.96,in_person,2024-04-29 20:44:04,declined,False
TXN20240429001718,ACCT201041,MERCH300033,withdrawal,6.41,atm,2024-04-29 12:11:56,approved,False
TXN20240429001719,ACCT203890,MERCH300160,purchase,32.11,in_person,2024-04-29 00:01:39,approved,False
TXN20240429001720,ACCT203155,MERCH300269,purchase,17.0,web,2024-04-29 04:33:40,approved,False
TXN20240429001721,ACCT201110,MERCH300159,purchase,9.14,mobile,2024-04-29 04:25:54,approved,False
TXN20240429001722,ACCT204652,MERCH300194,deposit,110.39,mobile,2024-04-29 19:58:52,approved,False
TXN20240429001723,ACCT201428,MERCH300218,purchase,64.63,web,2024-04-29 01:05:09,approved,False
TXN20240429001724,ACCT202846,MERCH300297,purchase,20.99,mobile,2024-04-29 10:04:56,approved,False
TXN20240429001725,ACCT205290,MERCH300282,purchase,8.25,atm,2024-04-29 08:31:51,approved,False
TXN20240429001726,ACCT200310,MERCH300164,purchase,164.18,mobile,2024-04-29 01:15:53,approved,False
TXN20240429001727,ACCT200609,MERCH300206,transfer,69.23,mobile,2024-04-29 12:21:50,approved,False
TXN20240429001728,ACCT200701,MERCH300255,transfer,65.62,mobile,2024-04-29 18:13:42,approved,False
TXN20240429001729,ACCT204607,MERCH300236,purchase,3.72,in_person,2024-04-29 02:15:19,approved,False
TXN20240429001730,ACCT201711,MERCH300059,purchase,68.85,atm,2024-04-29 02:06:01,approved,False
TXN20240429001731,ACCT203623,MERCH300215,deposit,47.36,in_person,2024-04-29 12:31:20,approved,False
TXN20240429001732,ACCT205220,MERCH300098,transfer,111.59,atm,2024-04-29 02:07:12,approved,False
TXN20240429001733,ACCT205942,MERCH300216,purchase,13.83,atm,2024-04-29 09:32:53,approved,False
TXN20240429001734,ACCT203626,MERCH300054,purchase,12.1,web,2024-04-29 15:25:18,approved,False
TXN20240429001735,ACCT204594,MERCH300027,purchase,21.85,in_person,2024-04-29 08:39:30,approved,False
TXN20240429001736,ACCT204991,MERCH300243,purchase,28.86,mobile,2024-04-29 19:11:01,approved,False
TXN20240429001737,ACCT204165,MERCH300101,purchase,16.55,in_person,2024-04-29 03:08:23,approved,False
TXN20240429001738,ACCT201515,MERCH300092,purchase,33.58,mobile,2024-04-29 11:42:17,approved,False
TXN20240429001739,ACCT200253,MERCH300181,purchase,87.61,web,2024-04-29 14:59:53,declined,False
TXN20240429001740,ACCT204490,MERCH300159,purchase,76.47,in_person,2024-04-29 08:38:12,approved,False
TXN20240429001741,ACCT202826,MERCH300106,purchase,70.02,in_person,2024-04-29 02:52:13,reversed,False
TXN20240429001742,ACCT202561,MERCH300076,purchase,19.46,mobile,2024-04-29 23:13:23,approved,False
TXN20240429001743,ACCT204463,MERCH300013,purchase,183.08,atm,2024-04-29 03:00:55,approved,False
TXN20240429001744,ACCT200660,MERCH300284,purchase,61.9,mobile,2024-04-29 10:15:55,approved,False
TXN20240429001745,ACCT200094,MERCH300157,transfer,77.12,mobile,2024-04-29 01:55:24,approved,False
TXN20240429001746,ACCT204928,MERCH300141,withdrawal,20.34,mobile,2024-04-29 07:48:02,approved,False
TXN20240429001747,ACCT204272,MERCH300238,purchase,76.35,in_person,2024-04-29 05:14:53,approved,False
TXN20240429001748,ACCT203052,MERCH300189,purchase,31.07,mobile,2024-04-29 17:12:41,approved,False
TXN20240429001749,ACCT206309,MERCH300067,purchase,55.85,mobile,2024-04-29 22:15:09,declined,False
TXN20240429001750,ACCT204565,MERCH300278,purchase,31.22,web,2024-04-29 02:35:13,approved,False
TXN20240429001751,ACCT202161,MERCH300247,purchase,87.39,in_person,2024-04-29 02:58:38,approved,False
TXN20240429001752,ACCT205187,MERCH300119,purchase,37.57,in_person,2024-04-29 07:38:01,approved,False
TXN20240429001753,ACCT201167,MERCH300034,withdrawal,55.92,web,2024-04-29 05:52:18,approved,False
TXN20240429001754,ACCT202291,MERCH300166,purchase,60.41,web,2024-04-29 07:21:41,approved,False
TXN20240429001755,ACCT203554,MERCH300153,deposit,15.85,mobile,2024-04-29 21:58:43,approved,False
TXN20240429001756,ACCT200508,MERCH300155,deposit,18.19,mobile,2024-04-29 20:40:11,approved,False
TXN20240429001757,ACCT204959,MERCH300047,withdrawal,162.74,in_person,2024-04-29 08:58:00,approved,False
TXN20240429001758,ACCT200929,MERCH300139,purchase,62.06,in_person,2024-04-29 09:47:04,approved,False
TXN20240429001759,ACCT206176,MERCH300098,transfer,33.29,web,2024-04-29 23:02:39,approved,False
TXN20240429001760,ACCT201283,MERCH300263,purchase,409.41,atm,2024-04-29 15:20:38,approved,False
TXN20240429001761,ACCT204555,MERCH300006,purchase,33.63,web,2024-04-29 07:44:33,approved,False
TXN20240429001762,ACCT202385,MERCH300172,deposit,15.23,mobile,2024-04-29 12:23:58,approved,False
TXN20240429001763,ACCT202254,MERCH300272,transfer,179.5,web,2024-04-29 18:39:31,approved,False
TXN20240429001764,ACCT203746,MERCH300194,purchase,6.57,atm,2024-04-29 03:50:07,approved,False
TXN20240429001765,ACCT204391,MERCH300222,transfer,73.3,mobile,2024-04-29 19:22:59,approved,False
TXN20240429001766,ACCT202824,MERCH300005,purchase,20.54,web,2024-04-29 16:22:27,approved,False
TXN20240429001767,ACCT205477,MERCH300101,purchase,14.62,atm,2024-04-29 18:32:07,approved,False
TXN20240429001768,ACCT201311,MERCH300034,transfer,92.24,in_person,2024-04-29 23:54:45,approved,False
TXN20240429001769,ACCT202894,MERCH300129,purchase,10.76,web,2024-04-29 13:32:48,approved,False
TXN20240429001770,ACCT205388,MERCH300206,purchase,19.45,web,2024-04-29 23:05:11,approved,False
TXN20240429001771,ACCT204735,MERCH300027,purchase,30.05,mobile,2024-04-29 03:13:48,approved,False
TXN20240429001772,ACCT202301,MERCH300230,deposit,41.43,in_person,2024-04-29 00:45:12,approved,False
TXN20240429001773,ACCT203263,MERCH300252,purchase,23.56,in_person,2024-04-29 09:02:24,approved,False
TXN20240429001774,ACCT201094,MERCH300296,withdrawal,28.08,in_person,2024-04-29 10:33:32,approved,False
TXN20240429001775,ACCT202420,MERCH300077,purchase,64.36,in_person,2024-04-29 11:19:53,approved,False
TXN20240429001776,ACCT203461,MERCH300118,deposit,190.47,web,2024-04-29 16:07:08,approved,False
TXN20240429001777,ACCT206206,MERCH300111,purchase,11.88,in_person,2024-04-29 12:50:57,approved,False
TXN20240429001778,ACCT201287,MERCH300131,withdrawal,28.01,in_person,2024-04-29 04:19:42,approved,False
TXN20240429001779,ACCT201022,MERCH300168,withdrawal,47.14,mobile,2024-04-29 09:24:30,approved,False
TXN20240429001780,ACCT201546,MERCH300217,purchase,14.99,in_person,2024-04-29 20:05:53,approved,False
TXN20240429001781,ACCT200596,MERCH300149,transfer,56.36,atm,2024-04-29 10:59:23,approved,False
TXN20240429001782,ACCT200944,MERCH300139,purchase,114.19,in_person,2024-04-29 23:51:20,approved,False
TXN20240429001783,ACCT206223,MERCH300236,purchase,48.5,mobile,2024-04-29 18:56:50,approved,False
TXN20240429001784,ACCT205601,MERCH300167,purchase,20.64,mobile,2024-04-29 06:17:53,approved,False
TXN20240429001785,ACCT205643,MERCH300021,withdrawal,28.46,in_person,2024-04-29 23:25:18,approved,False
TXN20240429001786,ACCT202638,MERCH300229,withdrawal,25.59,in_person,2024-04-29 20:10:29,approved,False
TXN20240429001787,ACCT201090,MERCH300135,purchase,4.2,mobile,2024-04-29 15:29:14,approved,False
TXN20240429001788,ACCT205438,MERCH300057,purchase,91.96,in_person,2024-04-29 19:36:42,approved,False
TXN20240429001789,ACCT204118,MERCH300037,purchase,171.56,web,2024-04-29 03:39:11,approved,False
TXN20240429001790,ACCT204193,MERCH300236,withdrawal,92.26,in_person,2024-04-29 15:18:02,approved,False
TXN20240429001791,ACCT204639,MERCH300276,purchase,27.91,web,2024-04-29 08:20:40,approved,False
TXN20240429001792,ACCT201179,MERCH300162,purchase,223.86,mobile,2024-04-29 16:22:24,approved,False
TXN20240429001793,ACCT203739,MERCH300196,purchase,15.01,web,2024-04-29 17:24:01,approved,False
TXN20240429001794,ACCT204837,MERCH300234,purchase,50.4,mobile,2024-04-29 18:44:09,approved,False
TXN20240429001795,ACCT204511,MERCH300219,purchase,28.25,web,2024-04-29 11:56:34,approved,False
TXN20240429001796,ACCT203055,MERCH300227,deposit,97.75,mobile,2024-04-29 13:19:52,approved,False
TXN20240429001797,ACCT201192,MERCH300211,purchase,191.39,in_person,2024-04-29 06:20:16,approved,False
TXN20240429001798,ACCT205200,MERCH300105,purchase,92.11,mobile,2024-04-29 17:48:49,approved,False
TXN20240429001799,ACCT206298,MERCH300114,purchase,4.73,mobile,2024-04-29 19:01:27,declined,False
TXN20240429001800,ACCT204620,MERCH300223,purchase,19.04,in_person,2024-04-29 13:21:49,approved,False
TXN20240429001801,ACCT204847,MERCH300200,purchase,17.58,mobile,2024-04-29 23:40:10,approved,False
TXN20240429001802,ACCT204407,MERCH300244,purchase,46.42,in_person,2024-04-29 18:38:48,approved,False
TXN20240429001803,ACCT204433,MERCH300013,purchase,63.07,mobile,2024-04-29 12:23:47,approved,False
TXN20240429001804,ACCT205591,MERCH300028,transfer,10.23,in_person,2024-04-29 05:15:12,approved,False
TXN20240429001805,ACCT205749,MERCH300081,purchase,71.57,mobile,2024-04-29 21:02:29,approved,False
TXN20240429001806,ACCT205856,MERCH300004,transfer,119.54,in_person,2024-04-29 09:55:15,declined,False
TXN20240429001807,ACCT202792,MERCH300184,purchase,34.47,atm,2024-04-29 17:51:17,declined,False
TXN20240429001808,ACCT206343,MERCH300183,purchase,87.22,in_person,2024-04-29 23:00:53,approved,False
TXN20240429001809,ACCT204480,MERCH300221,withdrawal,8.27,mobile,2024-04-29 08:49:29,approved,False
TXN20240429001810,ACCT203336,MERCH300261,purchase,11.58,in_person,2024-04-29 18:45:17,approved,False
TXN20240429001811,ACCT203994,MERCH300188,purchase,14.14,in_person,2024-04-29 22:39:39,approved,False
TXN20240429001812,ACCT203478,MERCH300017,purchase,108.19,mobile,2024-04-29 06:51:58,approved,False
TXN20240429001813,ACCT205165,MERCH300112,purchase,39.95,in_person,2024-04-29 18:52:11,approved,False
TXN20240429001814,ACCT203274,MERCH300203,transfer,16.26,in_person,2024-04-29 13:40:53,approved,False
TXN20240429001815,ACCT203583,MERCH300061,deposit,13.15,web,2024-04-29 17:32:50,approved,False
TXN20240429001816,ACCT201740,MERCH300257,purchase,82.62,web,2024-04-29 22:08:10,approved,False
TXN20240429001817,ACCT204210,MERCH300101,deposit,8.0,in_person,2024-04-29 20:10:19,approved,False
TXN20240429001818,ACCT200522,MERCH300030,purchase,54.17,mobile,2024-04-29 00:21:21,approved,False
TXN20240429001819,ACCT200801,MERCH300254,deposit,52.86,in_person,2024-04-29 07:02:34,approved,False
TXN20240429001820,ACCT202947,MERCH300094,purchase,18.24,web,2024-04-29 11:49:31,approved,False
TXN20240429001821,ACCT205580,MERCH300284,purchase,26.06,in_person,2024-04-29 01:44:02,approved,False
TXN20240429001822,ACCT204027,MERCH300189,deposit,46.07,web,2024-04-29 18:26:51,approved,False
TXN20240429001823,ACCT200741,MERCH300178,purchase,24.64,web,2024-04-29 13:13:22,approved,False
TXN20240429001824,ACCT206064,MERCH300029,purchase,73.35,atm,2024-04-29 13:26:09,declined,False
TXN20240429001825,ACCT201783,MERCH300230,purchase,91.62,mobile,2024-04-29 17:25:14,approved,False
TXN20240429001826,ACCT202393,MERCH300041,deposit,68.61,atm,2024-04-29 05:17:09,approved,False
TXN20240429001827,ACCT200956,MERCH300193,purchase,11.49,web,2024-04-29 06:43:44,approved,False
TXN20240429001828,ACCT205110,MERCH300212,purchase,8.6,in_person,2024-04-29 18:54:32,approved,False
TXN20240429001829,ACCT204240,MERCH300107,withdrawal,62.81,atm,2024-04-29 15:23:52,approved,False
TXN20240429001830,ACCT206362,MERCH300078,purchase,17.65,in_person,2024-04-29 00:37:08,approved,False
TXN20240429001831,ACCT203805,MERCH300235,deposit,141.62,web,2024-04-29 12:52:27,approved,False
TXN20240429001832,ACCT205789,MERCH300161,purchase,51.83,mobile,2024-04-29 15:46:49,approved,False
TXN20240429001833,ACCT201486,MERCH300277,purchase,31.18,web,2024-04-29 03:22:33,approved,False
TXN20240429001834,ACCT200484,MERCH300063,transfer,15.96,in_person,2024-04-29 04:37:58,approved,False
TXN20240429001835,ACCT203684,MERCH300179,purchase,235.2,in_person,2024-04-29 09:53:47,approved,False
TXN20240429001836,ACCT202909,MERCH300056,purchase,15.57,in_person,2024-04-29 00:10:38,approved,False
TXN20240429001837,ACCT203641,MERCH300203,purchase,53.68,mobile,2024-04-29 20:34:08,approved,False
TXN20240429001838,ACCT202253,MERCH300158,purchase,108.45,web,2024-04-29 11:36:34,approved,False
TXN20240429001839,ACCT204004,MERCH300211,purchase,352.72,mobile,2024-04-29 08:23:13,approved,False
TXN20240429001840,ACCT201610,MERCH300296,purchase,129.32,web,2024-04-29 04:29:22,approved,False
TXN20240429001841,ACCT200948,MERCH300293,purchase,25.82,mobile,2024-04-29 14:52:39,approved,False
TXN20240429001842,ACCT204279,MERCH300217,transfer,61.7,web,2024-04-29 15:10:08,approved,False
TXN20240429001843,ACCT204351,MERCH300027,purchase,8.98,in_person,2024-04-29 19:53:20,approved,False
TXN20240429001844,ACCT206004,MERCH300158,purchase,30.13,in_person,2024-04-29 07:02:50,approved,False
TXN20240429001845,ACCT203935,MERCH300267,purchase,17.72,mobile,2024-04-29 11:01:19,approved,False
TXN20240429001846,ACCT203048,MERCH300024,purchase,101.94,web,2024-04-29 19:21:17,approved,False
TXN20240429001847,ACCT203551,MERCH300054,purchase,45.01,in_person,2024-04-29 23:30:43,approved,False
TXN20240429001848,ACCT204252,MERCH300034,deposit,29.78,in_person,2024-04-29 02:26:00,approved,False
TXN20240429001849,ACCT201884,MERCH300132,purchase,173.58,mobile,2024-04-29 23:34:47,approved,False
TXN20240429001850,ACCT206211,MERCH300077,purchase,51.34,web,2024-04-29 14:26:31,approved,False
TXN20240429001851,ACCT203140,MERCH300245,purchase,17.42,in_person,2024-04-29 06:36:10,approved,False
TXN20240429001852,ACCT203829,MERCH300179,purchase,130.2,web,2024-04-29 15:47:03,approved,False
TXN20240429001853,ACCT201554,MERCH300075,purchase,91.25,in_person,2024-04-29 03:27:57,approved,False
TXN20240429001854,ACCT204868,MERCH300176,purchase,123.15,in_person,2024-04-29 23:08:59,approved,False
TXN20240429001855,ACCT200743,MERCH300024,purchase,84.03,mobile,2024-04-29 23:53:42,approved,False
TXN20240429001856,ACCT204284,MERCH300022,purchase,83.47,in_person,2024-04-29 04:05:24,approved,False
TXN20240429001857,ACCT204319,MERCH300182,purchase,31.27,in_person,2024-04-29 22:33:11,approved,False
TXN20240429001858,ACCT200555,MERCH300111,purchase,39.61,in_person,2024-04-29 19:38:51,declined,False
TXN20240429001859,ACCT206143,MERCH300195,purchase,64.26,in_person,2024-04-29 18:39:33,approved,False
TXN20240429001860,ACCT200457,MERCH300041,purchase,52.93,in_person,2024-04-29 07:26:25,approved,False
TXN20240429001861,ACCT205943,MERCH300290,purchase,43.61,web,2024-04-29 01:05:10,approved,False
TXN20240429001862,ACCT206179,MERCH300112,deposit,15.79,in_person,2024-04-29 00:16:31,approved,False
TXN20240429001863,ACCT200547,MERCH300118,purchase,94.91,web,2024-04-29 08:18:47,approved,False
TXN20240429001864,ACCT205426,MERCH300282,purchase,86.67,atm,2024-04-29 00:34:06,approved,False
TXN20240429001865,ACCT202480,MERCH300188,purchase,12.33,web,2024-04-29 17:25:25,approved,False
TXN20240429001866,ACCT200484,MERCH300150,withdrawal,3.37,web,2024-04-29 14:55:09,reversed,False
TXN20240429001867,ACCT204423,MERCH300129,purchase,38.13,in_person,2024-04-29 14:43:00,approved,False
TXN20240429001868,ACCT202795,MERCH300139,purchase,41.79,mobile,2024-04-29 14:11:19,declined,False
TXN20240429001869,ACCT202235,MERCH300112,purchase,10.67,in_person,2024-04-29 01:55:27,approved,False
TXN20240429001870,ACCT201631,MERCH300090,withdrawal,167.15,mobile,2024-04-29 14:48:50,approved,False
TXN20240429001871,ACCT204446,MERCH300202,purchase,13.36,atm,2024-04-29 05:58:25,approved,False
TXN20240429001872,ACCT200889,MERCH300174,deposit,24.77,in_person,2024-04-29 17:18:25,approved,False
TXN20240429001873,ACCT201804,MERCH300011,withdrawal,16.56,web,2024-04-29 20:41:56,approved,False
TXN20240429001874,ACCT202929,MERCH300034,purchase,64.27,mobile,2024-04-29 08:51:21,approved,False
TXN20240429001875,ACCT200414,MERCH300076,purchase,103.05,mobile,2024-04-29 05:25:57,approved,False
TXN20240429001876,ACCT201747,MERCH300004,transfer,36.82,in_person,2024-04-29 04:21:47,declined,False
TXN20240429001877,ACCT205027,MERCH300048,purchase,32.05,atm,2024-04-29 14:21:49,approved,False
TXN20240429001878,ACCT205268,MERCH300218,purchase,15.3,web,2024-04-29 13:09:04,approved,False
TXN20240429001879,ACCT203552,MERCH300148,purchase,146.52,in_person,2024-04-29 20:07:07,declined,False
TXN20240429001880,ACCT205507,MERCH300119,deposit,77.3,in_person,2024-04-29 12:20:46,approved,False
TXN20240429001881,ACCT206075,MERCH300170,purchase,17.67,mobile,2024-04-29 09:00:56,approved,False
TXN20240429001882,ACCT204167,MERCH300173,purchase,39.0,mobile,2024-04-29 23:51:16,approved,False
TXN20240429001883,ACCT200558,MERCH300187,transfer,6.78,web,2024-04-29 07:59:17,approved,False
TXN20240429001884,ACCT202591,MERCH300195,purchase,111.91,in_person,2024-04-29 05:03:31,approved,False
TXN20240429001885,ACCT202092,MERCH300272,purchase,562.98,mobile,2024-04-29 01:23:39,approved,False
TXN20240429001886,ACCT200655,MERCH300082,transfer,128.73,mobile,2024-04-29 19:05:33,approved,False
TXN20240429001887,ACCT206161,MERCH300171,purchase,16.21,web,2024-04-29 04:28:46,approved,False
TXN20240429001888,ACCT201211,MERCH300041,purchase,28.35,in_person,2024-04-29 08:49:02,approved,False
TXN20240429001889,ACCT205930,MERCH300227,purchase,5.66,web,2024-04-29 22:33:13,approved,False
TXN20240429001890,ACCT200107,MERCH300050,withdrawal,23.58,mobile,2024-04-29 03:23:32,declined,False
TXN20240429001891,ACCT202150,MERCH300040,purchase,8.88,web,2024-04-29 06:10:00,approved,False
TXN20240429001892,ACCT203541,MERCH300166,purchase,11.8,web,2024-04-29 13:53:33,approved,False
TXN20240429001893,ACCT200678,MERCH300144,purchase,54.23,in_person,2024-04-29 13:06:33,approved,False
TXN20240429001894,ACCT206109,MERCH300124,purchase,146.31,in_person,2024-04-29 08:07:56,approved,False
TXN20240429001895,ACCT205616,MERCH300002,purchase,16.55,in_person,2024-04-29 00:34:14,approved,False
TXN20240429001896,ACCT201600,MERCH300042,purchase,19.06,mobile,2024-04-29 07:37:38,approved,False
TXN20240429001897,ACCT201383,MERCH300155,purchase,10.43,mobile,2024-04-29 12:44:57,approved,False
TXN20240429001898,ACCT201022,MERCH300131,purchase,37.26,atm,2024-04-29 03:48:03,approved,False
TXN20240429001899,ACCT206428,MERCH300180,transfer,40.35,mobile,2024-04-29 21:41:17,approved,False
TXN20240429001900,ACCT202128,MERCH300176,purchase,19.47,in_person,2024-04-29 12:53:06,approved,False
TXN20240429001901,ACCT204336,MERCH300015,transfer,4.75,mobile,2024-04-29 17:38:05,approved,False
TXN20240429001902,ACCT202269,MERCH300045,transfer,83.45,web,2024-04-29 22:44:59,approved,False
TXN20240429001903,ACCT206449,MERCH300174,purchase,9.68,web,2024-04-29 22:58:01,approved,False
TXN20240429001904,ACCT204221,MERCH300136,transfer,20.46,mobile,2024-04-29 21:52:04,approved,False
TXN20240429001905,ACCT203313,MERCH300117,withdrawal,19.58,mobile,2024-04-29 09:47:41,approved,False
TXN20240429001906,ACCT201253,MERCH300294,deposit,46.99,in_person,2024-04-29 09:37:54,approved,False
TXN20240429001907,ACCT201732,MERCH300087,purchase,134.56,in_person,2024-04-29 02:35:25,approved,False
TXN20240429001908,ACCT205463,MERCH300118,purchase,40.25,in_person,2024-04-29 05:29:10,approved,False
TXN20240429001909,ACCT203074,MERCH300251,deposit,93.85,atm,2024-04-29 14:30:03,approved,False
TXN20240429001910,ACCT204105,MERCH300264,purchase,50.29,web,2024-04-29 11:14:23,approved,False
TXN20240429001911,ACCT203099,MERCH300073,transfer,8.94,in_person,2024-04-29 22:05:31,approved,False
TXN20240429001912,ACCT206044,MERCH300028,purchase,37.11,web,2024-04-29 13:42:25,approved,False
TXN20240429001913,ACCT203640,MERCH300179,purchase,94.08,web,2024-04-29 04:28:29,approved,False
TXN20240429001914,ACCT200700,MERCH300058,purchase,11.21,in_person,2024-04-29 18:02:48,approved,False
TXN20240429001915,ACCT203786,MERCH300004,transfer,56.77,in_person,2024-04-29 12:19:22,approved,False
TXN20240429001916,ACCT202533,MERCH300177,withdrawal,28.93,web,2024-04-29 14:34:21,declined,False
TXN20240429001917,ACCT201621,MERCH300292,purchase,56.97,atm,2024-04-29 04:58:15,approved,False
TXN20240429001918,ACCT202425,MERCH300189,purchase,44.69,web,2024-04-29 20:15:14,approved,False
TXN20240429001919,ACCT205565,MERCH300200,purchase,13.98,atm,2024-04-29 05:29:12,approved,False
TXN20240429001920,ACCT206475,MERCH300167,purchase,54.56,in_person,2024-04-29 16:18:12,approved,False
TXN20240429001921,ACCT201094,MERCH300080,purchase,36.25,in_person,2024-04-29 15:15:15,reversed,False
TXN20240429001922,ACCT203198,MERCH300015,purchase,44.53,in_person,2024-04-29 00:41:25,approved,False
TXN20240429001923,ACCT202851,MERCH300087,purchase,17.4,web,2024-04-29 10:45:20,approved,False
TXN20240429001924,ACCT201975,MERCH300242,purchase,35.56,atm,2024-04-29 19:34:49,declined,False
TXN20240429001925,ACCT206089,MERCH300283,withdrawal,50.47,mobile,2024-04-29 03:52:34,approved,False
TXN20240429001926,ACCT206473,MERCH300201,deposit,79.43,mobile,2024-04-29 18:12:45,approved,False
TXN20240429001927,ACCT201970,MERCH300035,purchase,96.3,in_person,2024-04-29 10:06:38,approved,False
TXN20240429001928,ACCT201222,MERCH300009,purchase,62.66,atm,2024-04-29 03:55:04,approved,False
TXN20240429001929,ACCT200518,MERCH300285,purchase,9.0,mobile,2024-04-29 05:05:05,approved,False
TXN20240429001930,ACCT203978,MERCH300029,purchase,36.61,web,2024-04-29 03:57:30,approved,False
TXN20240429001931,ACCT202210,MERCH300297,withdrawal,19.97,in_person,2024-04-29 02:57:51,approved,False
TXN20240429001932,ACCT204403,MERCH300220,purchase,58.51,in_person,2024-04-29 08:44:19,approved,False
TXN20240429001933,ACCT200218,MERCH300050,purchase,11.45,in_person,2024-04-29 10:17:58,approved,False
TXN20240429001934,ACCT201409,MERCH300222,purchase,28.81,atm,2024-04-29 19:41:12,approved,False
TXN20240429001935,ACCT201178,MERCH300142,deposit,163.29,web,2024-04-29 02:10:10,approved,False
TXN20240429001936,ACCT200839,MERCH300275,purchase,13.23,in_person,2024-04-29 06:55:31,approved,False
TXN20240429001937,ACCT203358,MERCH300248,purchase,41.58,mobile,2024-04-29 19:40:11,approved,False
TXN20240429001938,ACCT200959,MERCH300046,withdrawal,83.35,web,2024-04-29 15:33:48,approved,False
TXN20240429001939,ACCT205400,MERCH300065,deposit,187.67,web,2024-04-29 17:01:37,approved,False
TXN20240429001940,ACCT205049,MERCH300257,purchase,12.6,mobile,2024-04-29 15:25:49,approved,False
TXN20240429001941,ACCT202195,MERCH300140,purchase,12.13,in_person,2024-04-29 10:42:40,approved,False
TXN20240429001942,ACCT204825,MERCH300153,withdrawal,17.87,in_person,2024-04-29 03:57:39,approved,False
TXN20240429001943,ACCT200170,MERCH300196,purchase,7.68,web,2024-04-29 20:06:04,approved,False
TXN20240429001944,ACCT204874,MERCH300010,purchase,80.1,in_person,2024-04-29 00:21:05,approved,False
TXN20240429001945,ACCT201757,MERCH300110,deposit,51.74,mobile,2024-04-29 18:37:55,approved,False
TXN20240429001946,ACCT204447,MERCH300105,purchase,154.08,in_person,2024-04-29 15:51:35,approved,False
TXN20240429001947,ACCT200525,MERCH300147,transfer,84.06,in_person,2024-04-29 02:47:05,approved,False
TXN20240429001948,ACCT205636,MERCH300164,purchase,18.01,in_person,2024-04-29 17:11:43,approved,False
TXN20240429001949,ACCT202790,MERCH300016,deposit,19.79,in_person,2024-04-29 12:35:11,approved,False
TXN20240429001950,ACCT205855,MERCH300188,purchase,57.98,mobile,2024-04-29 16:48:24,approved,False
TXN20240429001951,ACCT204192,MERCH300155,purchase,64.9,in_person,2024-04-29 07:05:48,approved,False
TXN20240429001952,ACCT202328,MERCH300101,purchase,61.69,web,2024-04-29 16:49:53,approved,False
TXN20240429001953,ACCT205700,MERCH300213,purchase,40.54,web,2024-04-29 09:29:58,approved,False
TXN20240429001954,ACCT203356,MERCH300119,purchase,49.94,mobile,2024-04-29 04:44:10,approved,False
TXN20240429001955,ACCT200596,MERCH300240,transfer,55.9,mobile,2024-04-29 11:09:26,declined,False
TXN20240429001956,ACCT204543,MERCH300032,purchase,66.25,atm,2024-04-29 13:15:39,approved,False
TXN20240429001957,ACCT203619,MERCH300126,purchase,20.87,mobile,2024-04-29 05:29:45,approved,False
TXN20240429001958,ACCT205817,MERCH300117,purchase,105.93,in_person,2024-04-29 15:51:27,approved,False
TXN20240429001959,ACCT201413,MERCH300239,withdrawal,22.32,in_person,2024-04-29 03:20:42,declined,False
TXN20240429001960,ACCT201656,MERCH300145,purchase,48.64,atm,2024-04-29 23:27:38,declined,False
TXN20240429001961,ACCT201788,MERCH300287,purchase,116.46,web,2024-04-29 12:37:06,approved,False
TXN20240429001962,ACCT204374,MERCH300070,withdrawal,7.08,mobile,2024-04-29 18:28:02,approved,False
TXN20240429001963,ACCT200568,MERCH300017,purchase,123.45,mobile,2024-04-29 03:57:14,approved,False
TXN20240429001964,ACCT206296,MERCH300035,purchase,16.2,mobile,2024-04-29 22:59:42,approved,False
TXN20240429001965,ACCT206022,MERCH300079,deposit,50.25,mobile,2024-04-29 15:04:05,approved,False
TXN20240429001966,ACCT206363,MERCH300002,withdrawal,27.42,atm,2024-04-29 03:39:26,approved,False
TXN20240429001967,ACCT202578,MERCH300097,withdrawal,39.79,web,2024-04-29 12:01:47,approved,False
TXN20240429001968,ACCT202620,MERCH300270,purchase,110.44,atm,2024-04-29 20:08:13,approved,False
TXN20240429001969,ACCT201766,MERCH300285,purchase,80.08,atm,2024-04-29 07:03:39,approved,False
TXN20240429001970,ACCT202672,MERCH300149,purchase,119.13,in_person,2024-04-29 00:14:39,approved,False
TXN20240429001971,ACCT205227,MERCH300286,purchase,112.77,in_person,2024-04-29 19:52:35,approved,False
TXN20240429001972,ACCT200660,MERCH300091,purchase,39.96,web,2024-04-29 06:39:35,approved,False
TXN20240429001973,ACCT200147,MERCH300175,purchase,56.53,web,2024-04-29 11:35:14,approved,False
TXN20240429001974,ACCT202003,MERCH300070,deposit,31.93,web,2024-04-29 19:52:28,approved,False
TXN20240429001975,ACCT203903,MERCH300112,purchase,7.3,atm,2024-04-29 03:57:23,approved,False
TXN20240429001976,ACCT204793,MERCH300063,purchase,42.95,web,2024-04-29 00:12:41,approved,False
TXN20240429001977,ACCT201059,MERCH300228,purchase,87.57,atm,2024-04-29 22:27:25,approved,False
TXN20240429001978,ACCT205788,MERCH300162,purchase,51.1,web,2024-04-29 14:27:03,approved,False
TXN20240429001979,ACCT200209,MERCH300189,purchase,20.28,mobile,2024-04-29 16:41:23,approved,False
TXN20240429001980,ACCT202005,MERCH300269,purchase,24.73,web,2024-04-29 04:19:27,approved,False
TXN20240429001981,ACCT200193,MERCH300226,purchase,14.25,in_person,2024-04-29 12:44:59,approved,False
TXN20240429001982,ACCT204981,MERCH300267,purchase,50.35,web,2024-04-29 08:44:06,approved,False
TXN20240429001983,ACCT201521,MERCH300075,withdrawal,47.12,in_person,2024-04-29 03:57:41,approved,False
TXN20240429001984,ACCT206129,MERCH300022,purchase,48.52,web,2024-04-29 06:24:14,approved,False
TXN20240429001985,ACCT205596,MERCH300268,withdrawal,23.22,mobile,2024-04-29 09:27:45,approved,False
TXN20240429001986,ACCT206232,MERCH300237,purchase,27.9,in_person,2024-04-29 07:09:08,approved,True
TXN20240429001987,ACCT204124,MERCH300208,withdrawal,69.32,mobile,2024-04-29 21:36:29,approved,False
TXN20240429001988,ACCT203072,MERCH300152,transfer,12.47,mobile,2024-04-29 23:15:28,approved,False
TXN20240429001989,ACCT202632,MERCH300161,purchase,181.79,web,2024-04-29 15:00:40,reversed,False
TXN20240429001990,ACCT200310,MERCH300186,purchase,53.37,mobile,2024-04-29 07:03:31,approved,False
TXN20240429001991,ACCT202807,MERCH300278,purchase,22.18,web,2024-04-29 18:34:30,approved,False
TXN20240429001992,ACCT200925,MERCH300224,purchase,120.05,mobile,2024-04-29 15:19:06,approved,False
TXN20240429001993,ACCT205681,MERCH300028,withdrawal,30.14,in_person,2024-04-29 12:37:00,approved,False
TXN20240429001994,ACCT205410,MERCH300252,purchase,22.39,mobile,2024-04-29 17:24:58,approved,False
TXN20240429001995,ACCT201576,MERCH300180,purchase,32.15,mobile,2024-04-29 18:20:25,approved,False
TXN20240429001996,ACCT204841,MERCH300231,withdrawal,41.58,web,2024-04-29 08:52:48,approved,False
TXN20240429001997,ACCT202472,MERCH300281,purchase,55.52,mobile,2024-04-29 23:33:37,approved,False
TXN20240429001998,ACCT203381,MERCH300271,purchase,24.14,in_person,2024-04-29 20:07:25,approved,False
TXN20240429001999,ACCT203479,MERCH300238,purchase,14.19,atm,2024-04-29 02:27:37,approved,False
TXN20240429002000,ACCT201837,MERCH300262,purchase,324.0,in_person,2024-04-29 15:00:54,approved,False
TXN20240429002001,ACCT202172,MERCH300260,purchase,23.28,mobile,2024-04-29 21:35:53,approved,False
TXN20240429002002,ACCT202746,MERCH300185,purchase,38.67,in_person,2024-04-29 14:32:01,approved,False
TXN20240429002003,ACCT204740,MERCH300160,transfer,133.6,web,2024-04-29 19:26:48,approved,False
TXN20240429002004,ACCT204699,MERCH300001,deposit,38.35,in_person,2024-04-29 11:27:52,approved,False
TXN20240429002005,ACCT203369,MERCH300093,purchase,102.4,mobile,2024-04-29 21:34:07,approved,False
TXN20240429002006,ACCT203528,MERCH300238,withdrawal,28.7,in_person,2024-04-29 08:33:59,approved,False
TXN20240429002007,ACCT202474,MERCH300213,purchase,63.92,atm,2024-04-29 13:22:34,approved,False
TXN20240429002008,ACCT201359,MERCH300035,purchase,12.3,atm,2024-04-29 01:25:37,approved,False
TXN20240429002009,ACCT200816,MERCH300013,deposit,11.45,web,2024-04-29 03:49:40,approved,False
TXN20240429002010,ACCT205888,MERCH300191,transfer,27.48,atm,2024-04-29 04:28:33,approved,True
TXN20240429002011,ACCT205489,MERCH300276,withdrawal,104.89,in_person,2024-04-29 12:10:52,approved,False
TXN20240429002012,ACCT206205,MERCH300053,purchase,71.38,in_person,2024-04-29 05:04:54,declined,False
TXN20240429002013,ACCT203560,MERCH300266,purchase,27.18,atm,2024-04-29 05:34:29,approved,False
TXN20240429002014,ACCT203874,MERCH300147,withdrawal,142.33,mobile,2024-04-29 04:56:04,approved,False
TXN20240429002015,ACCT200459,MERCH300218,purchase,39.12,web,2024-04-29 09:39:00,approved,False
TXN20240429002016,ACCT200604,MERCH300285,purchase,46.63,in_person,2024-04-29 16:23:16,approved,False
TXN20240429002017,ACCT205149,MERCH300101,purchase,25.76,in_person,2024-04-29 20:24:43,approved,False
TXN20240429002018,ACCT205395,MERCH300232,purchase,7.25,atm,2024-04-29 05:08:40,approved,False
TXN20240429002019,ACCT204192,MERCH300285,transfer,35.57,atm,2024-04-29 22:14:31,approved,False
TXN20240429002020,ACCT200322,MERCH300194,deposit,147.69,mobile,2024-04-29 08:26:05,approved,False
TXN20240429002021,ACCT202985,MERCH300030,purchase,63.19,web,2024-04-29 21:01:37,approved,False
TXN20240429002022,ACCT204696,MERCH300195,purchase,22.88,atm,2024-04-29 15:43:09,approved,False
TXN20240429002023,ACCT205067,MERCH300281,deposit,63.35,web,2024-04-29 14:22:35,approved,False
TXN20240429002024,ACCT203413,MERCH300197,purchase,183.74,in_person,2024-04-29 03:30:34,approved,False
TXN20240429002025,ACCT204127,MERCH300239,purchase,158.77,in_person,2024-04-29 22:26:51,approved,False
TXN20240429002026,ACCT202881,MERCH300204,withdrawal,28.03,web,2024-04-29 15:19:44,approved,False
TXN20240429002027,ACCT205112,MERCH300285,purchase,31.05,in_person,2024-04-29 08:54:31,approved,False
TXN20240429002028,ACCT201474,MERCH300227,purchase,22.05,mobile,2024-04-29 01:37:31,approved,False
TXN20240429002029,ACCT200418,MERCH300142,deposit,61.98,web,2024-04-29 18:21:33,approved,False
TXN20240429002030,ACCT202514,MERCH300143,purchase,81.54,in_person,2024-04-29 16:00:56,approved,False
TXN20240429002031,ACCT201281,MERCH300209,purchase,45.85,atm,2024-04-29 22:44:56,approved,False
TXN20240429002032,ACCT203104,MERCH300064,purchase,12.45,in_person,2024-04-29 05:37:13,reversed,False
TXN20240429002033,ACCT202226,MERCH300232,transfer,20.34,in_person,2024-04-29 02:30:45,approved,False
TXN20240429002034,ACCT201074,MERCH300258,withdrawal,19.35,web,2024-04-29 03:41:54,approved,False
TXN20240429002035,ACCT204171,MERCH300132,purchase,16.98,in_person,2024-04-29 02:03:50,approved,False
TXN20240429002036,ACCT202860,MERCH300292,purchase,157.23,atm,2024-04-29 09:34:57,approved,False
TXN20240429002037,ACCT205289,MERCH300156,purchase,66.62,atm,2024-04-29 12:30:07,approved,False
TXN20240429002038,ACCT204850,MERCH300121,deposit,124.47,in_person,2024-04-29 13:58:57,approved,False
TXN20240429002039,ACCT206024,MERCH300129,purchase,19.7,web,2024-04-29 17:13:31,approved,False
TXN20240429002040,ACCT204266,MERCH300194,deposit,23.73,in_person,2024-04-29 02:02:27,approved,False
TXN20240429002041,ACCT201625,MERCH300157,deposit,58.36,mobile,2024-04-29 07:47:41,approved,False
TXN20240429002042,ACCT202217,MERCH300196,purchase,419.57,web,2024-04-29 05:56:33,approved,False
TXN20240429002043,ACCT204377,MERCH300097,purchase,26.99,atm,2024-04-29 00:33:17,approved,False
TXN20240429002044,ACCT205044,MERCH300051,purchase,12.24,atm,2024-04-29 06:26:33,approved,False
TXN20240429002045,ACCT204753,MERCH300113,deposit,41.83,mobile,2024-04-29 00:59:58,approved,False
TXN20240429002046,ACCT205137,MERCH300007,purchase,54.97,in_person,2024-04-29 10:06:15,approved,False
TXN20240429002047,ACCT206411,MERCH300035,withdrawal,89.35,mobile,2024-04-29 23:46:11,approved,False
TXN20240429002048,ACCT203570,MERCH300298,purchase,124.25,web,2024-04-29 14:01:40,approved,False
TXN20240429002049,ACCT201813,MERCH300107,purchase,57.39,web,2024-04-29 10:01:06,approved,False
TXN20240429002050,ACCT202145,MERCH300265,purchase,32.68,in_person,2024-04-29 22:21:28,approved,False
TXN20240429002051,ACCT206120,MERCH300249,purchase,65.49,web,2024-04-29 03:31:24,approved,False
TXN20240429002052,ACCT202682,MERCH300280,purchase,233.13,in_person,2024-04-29 20:43:58,approved,False
TXN20240429002053,ACCT205465,MERCH300279,purchase,19.78,in_person,2024-04-29 21:47:39,approved,False
TXN20240429002054,ACCT200019,MERCH300173,transfer,19.73,atm,2024-04-29 18:25:11,approved,False
TXN20240429002055,ACCT203035,MERCH300272,purchase,46.47,in_person,2024-04-29 14:05:37,approved,False
TXN20240429002056,ACCT201176,MERCH300200,purchase,28.72,web,2024-04-29 17:07:37,approved,False
TXN20240429002057,ACCT201663,MERCH300196,purchase,72.36,in_person,2024-04-29 04:49:06,approved,False
TXN20240429002058,ACCT205575,MERCH300240,deposit,169.07,mobile,2024-04-29 07:20:30,approved,False
TXN20240429002059,ACCT202361,MERCH300032,withdrawal,11.83,web,2024-04-29 13:37:27,approved,False
TXN20240429002060,ACCT200948,MERCH300214,purchase,48.29,in_person,2024-04-29 06:18:53,approved,False
TXN20240429002061,ACCT201032,MERCH300123,transfer,249.6,in_person,2024-04-29 00:39:22,approved,True
TXN20240429002062,ACCT205042,MERCH300204,purchase,71.15,web,2024-04-29 05:27:03,approved,False
TXN20240429002063,ACCT205249,MERCH300214,purchase,92.94,mobile,2024-04-29 02:05:52,approved,False
TXN20240429002064,ACCT201333,MERCH300146,purchase,9.05,web,2024-04-29 03:07:27,approved,False
TXN20240429002065,ACCT204183,MERCH300074,purchase,23.28,in_person,2024-04-29 10:48:36,approved,False
TXN20240429002066,ACCT203080,MERCH300015,purchase,140.54,web,2024-04-29 00:39:16,approved,False
TXN20240429002067,ACCT205931,MERCH300244,purchase,89.69,web,2024-04-29 16:53:46,approved,False
TXN20240429002068,ACCT200434,MERCH300276,transfer,27.01,in_person,2024-04-29 15:09:33,approved,False
TXN20240429002069,ACCT203710,MERCH300065,purchase,12.88,web,2024-04-29 13:38:46,approved,False
TXN20240429002070,ACCT204620,MERCH300035,purchase,14.74,web,2024-04-29 02:38:06,approved,False
TXN20240429002071,ACCT203724,MERCH300173,purchase,11.5,web,2024-04-29 16:35:41,approved,False
TXN20240429002072,ACCT206049,MERCH300050,purchase,36.22,web,2024-04-29 00:21:51,approved,False
TXN20240429002073,ACCT202797,MERCH300233,purchase,66.51,web,2024-04-29 20:48:17,approved,False
TXN20240429002074,ACCT205164,MERCH300087,deposit,3.86,mobile,2024-04-29 20:37:51,approved,False
TXN20240429002075,ACCT201475,MERCH300084,deposit,75.66,web,2024-04-29 20:00:44,declined,False
TXN20240429002076,ACCT204874,MERCH300115,purchase,29.22,web,2024-04-29 15:20:29,approved,False
TXN20240429002077,ACCT202074,MERCH300297,purchase,46.75,atm,2024-04-29 06:27:59,approved,False
TXN20240429002078,ACCT203566,MERCH300193,withdrawal,55.49,atm,2024-04-29 21:10:27,approved,False
TXN20240429002079,ACCT204039,MERCH300263,purchase,21.74,in_person,2024-04-29 18:24:47,approved,False
TXN20240429002080,ACCT202468,MERCH300003,purchase,21.35,mobile,2024-04-29 21:01:25,approved,False
TXN20240429002081,ACCT204053,MERCH300289,withdrawal,25.49,web,2024-04-29 05:18:24,reversed,False
TXN20240429002082,ACCT201903,MERCH300091,purchase,61.93,in_person,2024-04-29 21:13:35,approved,False
TXN20240429002083,ACCT202242,MERCH300142,transfer,13.34,mobile,2024-04-29 03:10:17,approved,False
TXN20240429002084,ACCT203026,MERCH300005,purchase,28.99,atm,2024-04-29 03:04:09,approved,False
TXN20240429002085,ACCT205511,MERCH300090,deposit,10.89,in_person,2024-04-29 23:09:38,declined,False
TXN20240429002086,ACCT206409,MERCH300063,transfer,49.64,web,2024-04-29 03:00:12,approved,False
TXN20240429002087,ACCT204814,MERCH300173,deposit,75.95,web,2024-04-29 18:01:18,approved,False
TXN20240429002088,ACCT202164,MERCH300110,purchase,13.09,in_person,2024-04-29 08:54:17,approved,False
TXN20240429002089,ACCT201771,MERCH300035,withdrawal,11.49,in_person,2024-04-29 11:29:35,approved,False
TXN20240429002090,ACCT201981,MERCH300257,purchase,89.64,web,2024-04-29 13:01:22,approved,False
TXN20240429002091,ACCT204730,MERCH300283,withdrawal,75.21,mobile,2024-04-29 21:39:37,approved,False
TXN20240429002092,ACCT200762,MERCH300119,purchase,11.15,mobile,2024-04-29 02:08:35,approved,False
TXN20240429002093,ACCT203374,MERCH300114,purchase,20.48,mobile,2024-04-29 04:40:26,approved,False
TXN20240429002094,ACCT203607,MERCH300021,deposit,161.58,in_person,2024-04-29 11:48:41,approved,False
TXN20240429002095,ACCT203741,MERCH300005,purchase,38.67,in_person,2024-04-29 08:53:46,approved,False
TXN20240429002096,ACCT206040,MERCH300020,withdrawal,13.5,in_person,2024-04-29 13:21:19,approved,False
TXN20240429002097,ACCT203308,MERCH300042,transfer,41.2,web,2024-04-29 18:37:07,approved,False
TXN20240429002098,ACCT206200,MERCH300051,purchase,59.09,mobile,2024-04-29 01:54:19,approved,False
TXN20240429002099,ACCT205528,MERCH300075,purchase,83.36,web,2024-04-29 06:08:04,approved,False
TXN20240429002100,ACCT202691,MERCH300057,purchase,9.15,in_person,2024-04-29 13:41:06,approved,False
TXN20240429002101,ACCT204211,MERCH300160,purchase,32.59,mobile,2024-04-29 15:05:48,approved,False
TXN20240429002102,ACCT202227,MERCH300054,deposit,29.16,web,2024-04-29 15:45:06,approved,False
TXN20240429002103,ACCT206288,MERCH300160,purchase,17.13,in_person,2024-04-29 22:53:31,approved,False
TXN20240429002104,ACCT201916,MERCH300260,purchase,63.85,web,2024-04-29 19:46:43,approved,False
TXN20240429002105,ACCT205888,MERCH300039,deposit,79.42,atm,2024-04-29 20:05:20,approved,False
TXN20240429002106,ACCT203111,MERCH300218,transfer,32.23,in_person,2024-04-29 13:56:16,approved,False
TXN20240429002107,ACCT200253,MERCH300205,purchase,14.57,in_person,2024-04-29 12:10:25,approved,False
TXN20240429002108,ACCT200127,MERCH300260,transfer,6.08,mobile,2024-04-29 08:30:53,approved,False
TXN20240429002109,ACCT204361,MERCH300212,purchase,21.89,in_person,2024-04-29 14:11:31,approved,False
TXN20240429002110,ACCT203490,MERCH300169,purchase,23.41,mobile,2024-04-29 06:28:08,approved,False
TXN20240429002111,ACCT200642,MERCH300274,transfer,544.86,web,2024-04-29 03:49:48,approved,False
TXN20240429002112,ACCT205855,MERCH300162,purchase,94.82,atm,2024-04-29 08:10:10,approved,False
TXN20240429002113,ACCT206096,MERCH300264,withdrawal,20.9,in_person,2024-04-29 07:44:26,approved,False
TXN20240429002114,ACCT203341,MERCH300145,transfer,28.57,web,2024-04-29 09:52:35,approved,False
TXN20240429002115,ACCT206373,MERCH300057,purchase,52.64,web,2024-04-29 02:12:57,approved,False
TXN20240429002116,ACCT201914,MERCH300195,purchase,117.51,web,2024-04-29 06:27:14,reversed,True
TXN20240429002117,ACCT205205,MERCH300059,purchase,204.35,in_person,2024-04-29 03:00:26,approved,False
TXN20240429002118,ACCT202889,MERCH300005,transfer,25.56,web,2024-04-29 07:47:11,approved,True
TXN20240429002119,ACCT202694,MERCH300180,transfer,56.93,in_person,2024-04-29 22:02:19,approved,False
TXN20240429002120,ACCT206263,MERCH300093,transfer,17.07,in_person,2024-04-29 04:22:32,approved,False
TXN20240429002121,ACCT203257,MERCH300245,transfer,48.22,web,2024-04-29 13:13:26,approved,False
TXN20240429002122,ACCT203226,MERCH300076,purchase,40.02,atm,2024-04-29 20:11:35,declined,False
TXN20240429002123,ACCT200551,MERCH300264,transfer,104.93,mobile,2024-04-29 14:33:39,approved,False
TXN20240429002124,ACCT206036,MERCH300133,purchase,20.63,in_person,2024-04-29 16:17:55,approved,False
TXN20240429002125,ACCT200112,MERCH300025,purchase,30.1,web,2024-04-29 08:54:12,approved,False
TXN20240429002126,ACCT204783,MERCH300004,purchase,45.69,in_person,2024-04-29 03:06:24,approved,False
TXN20240429002127,ACCT201028,MERCH300140,purchase,42.15,in_person,2024-04-29 16:41:33,approved,False
TXN20240429002128,ACCT203932,MERCH300281,purchase,9.42,in_person,2024-04-29 16:07:42,approved,False
TXN20240429002129,ACCT203254,MERCH300280,purchase,83.01,in_person,2024-04-29 16:17:34,approved,False
TXN20240429002130,ACCT202452,MERCH300172,purchase,23.95,web,2024-04-29 11:15:42,declined,False
TXN20240429002131,ACCT200702,MERCH300298,deposit,73.94,web,2024-04-29 10:23:06,declined,False
TXN20240429002132,ACCT204739,MERCH300020,transfer,68.09,web,2024-04-29 04:41:48,declined,False
TXN20240429002133,ACCT202519,MERCH300035,purchase,45.49,in_person,2024-04-29 04:29:27,approved,False
TXN20240429002134,ACCT202924,MERCH300044,withdrawal,9.28,web,2024-04-29 22:54:04,approved,False
TXN20240429002135,ACCT204193,MERCH300241,deposit,105.27,in_person,2024-04-29 12:11:41,declined,False
TXN20240429002136,ACCT202873,MERCH300281,withdrawal,21.52,web,2024-04-29 04:32:14,approved,False
TXN20240429002137,ACCT204769,MERCH300291,deposit,14.74,mobile,2024-04-29 09:55:09,approved,False
TXN20240429002138,ACCT203663,MERCH300151,purchase,74.56,in_person,2024-04-29 17:21:03,approved,False
TXN20240429002139,ACCT201948,MERCH300036,purchase,17.34,web,2024-04-29 13:26:42,approved,False
TXN20240429002140,ACCT200848,MERCH300298,transfer,23.66,web,2024-04-29 16:32:01,approved,False
TXN20240429002141,ACCT202914,MERCH300149,purchase,51.3,in_person,2024-04-29 14:28:34,approved,False
TXN20240429002142,ACCT200567,MERCH300021,withdrawal,126.2,web,2024-04-29 15:34:56,approved,False
TXN20240429002143,ACCT203434,MERCH300234,purchase,24.94,in_person,2024-04-29 10:57:20,approved,False
TXN20240429002144,ACCT200725,MERCH300197,transfer,70.52,web,2024-04-29 13:15:10,approved,False
TXN20240429002145,ACCT204872,MERCH300225,transfer,30.26,mobile,2024-04-29 13:31:55,approved,False
TXN20240429002146,ACCT201480,MERCH300188,withdrawal,55.39,mobile,2024-04-29 01:32:23,approved,False
TXN20240429002147,ACCT204644,MERCH300299,purchase,64.73,in_person,2024-04-29 05:51:43,approved,False
TXN20240429002148,ACCT202567,MERCH300110,purchase,22.71,atm,2024-04-29 19:46:38,approved,False
TXN20240429002149,ACCT204785,MERCH300011,purchase,213.64,atm,2024-04-29 12:45:15,approved,False
TXN20240429002150,ACCT201146,MERCH300233,purchase,71.1,in_person,2024-04-29 03:27:03,approved,False
TXN20240429002151,ACCT205242,MERCH300183,withdrawal,11.36,in_person,2024-04-29 15:05:09,approved,False
TXN20240429002152,ACCT205695,MERCH300005,purchase,58.48,in_person,2024-04-29 07:17:19,approved,False
TXN20240429002153,ACCT205128,MERCH300084,purchase,29.68,web,2024-04-29 07:53:38,approved,False
TXN20240429002154,ACCT200518,MERCH300197,purchase,45.72,atm,2024-04-29 00:50:23,approved,False
TXN20240429002155,ACCT204064,MERCH300073,deposit,10.17,in_person,2024-04-29 01:38:58,declined,False
TXN20240429002156,ACCT201607,MERCH300148,transfer,10.24,in_person,2024-04-29 02:41:48,approved,False
TXN20240429002157,ACCT203156,MERCH300022,purchase,22.08,in_person,2024-04-29 00:32:38,approved,False
TXN20240429002158,ACCT205344,MERCH300052,withdrawal,15.56,mobile,2024-04-29 23:14:39,approved,False
TXN20240429002159,ACCT205529,MERCH300088,purchase,221.09,in_person,2024-04-29 13:02:19,approved,False
TXN20240429002160,ACCT204733,MERCH300142,purchase,72.51,mobile,2024-04-29 09:01:41,approved,False
TXN20240429002161,ACCT201048,MERCH300129,purchase,38.63,in_person,2024-04-29 21:40:59,approved,False
TXN20240429002162,ACCT203697,MERCH300069,purchase,13.69,in_person,2024-04-29 10:30:22,approved,False
TXN20240429002163,ACCT203665,MERCH300270,purchase,15.83,web,2024-04-29 14:32:29,approved,False
TXN20240429002164,ACCT203722,MERCH300166,purchase,19.96,web,2024-04-29 14:05:01,approved,False
TXN20240429002165,ACCT201271,MERCH300145,deposit,13.15,web,2024-04-29 01:13:28,approved,False
TXN20240429002166,ACCT205908,MERCH300179,purchase,60.32,in_person,2024-04-29 04:19:35,approved,False
TXN20240429002167,ACCT202359,MERCH300232,deposit,8.77,in_person,2024-04-29 11:29:28,approved,False
TXN20240429002168,ACCT202730,MERCH300180,purchase,5.05,web,2024-04-29 16:49:02,declined,False
TXN20240429002169,ACCT202750,MERCH300222,purchase,25.84,web,2024-04-29 02:03:48,approved,False
TXN20240429002170,ACCT200937,MERCH300173,purchase,129.05,in_person,2024-04-29 12:59:33,approved,False
TXN20240429002171,ACCT203831,MERCH300075,purchase,8.65,in_person,2024-04-29 13:14:04,approved,False
TXN20240429002172,ACCT200932,MERCH300239,purchase,74.9,mobile,2024-04-29 17:39:47,approved,False
TXN20240429002173,ACCT203272,MERCH300108,purchase,42.69,mobile,2024-04-29 22:17:32,approved,False
TXN20240429002174,ACCT200616,MERCH300021,purchase,9.77,web,2024-04-29 03:43:41,approved,False
TXN20240429002175,ACCT204895,MERCH300207,withdrawal,26.28,mobile,2024-04-29 21:16:16,approved,False
TXN20240429002176,ACCT204638,MERCH300117,transfer,46.58,web,2024-04-29 04:20:48,approved,False
TXN20240429002177,ACCT203943,MERCH300021,withdrawal,48.9,in_person,2024-04-29 00:06:21,approved,False
TXN20240429002178,ACCT205936,MERCH300296,purchase,17.8,in_person,2024-04-29 16:35:40,approved,False
TXN20240429002179,ACCT205809,MERCH300150,deposit,50.84,atm,2024-04-29 15:13:08,approved,False
TXN20240429002180,ACCT201570,MERCH300250,transfer,151.62,web,2024-04-29 03:50:38,approved,False
TXN20240429002181,ACCT204405,MERCH300155,purchase,28.59,web,2024-04-29 10:44:05,approved,False
TXN20240429002182,ACCT200076,MERCH300018,purchase,105.12,mobile,2024-04-29 17:40:35,approved,False
TXN20240429002183,ACCT205361,MERCH300069,withdrawal,54.87,mobile,2024-04-29 20:50:10,approved,False
TXN20240429002184,ACCT205156,MERCH300138,purchase,70.85,in_person,2024-04-29 20:40:32,approved,False
TXN20240429002185,ACCT202700,MERCH300286,purchase,12.95,web,2024-04-29 14:54:11,approved,False
TXN20240429002186,ACCT203369,MERCH300171,purchase,61.62,web,2024-04-29 21:49:01,approved,False
TXN20240429002187,ACCT203824,MERCH300092,purchase,62.36,mobile,2024-04-29 22:25:28,approved,False
TXN20240429002188,ACCT205741,MERCH300096,purchase,41.34,in_person,2024-04-29 16:51:15,approved,False
TXN20240429002189,ACCT205536,MERCH300289,deposit,7.54,web,2024-04-29 20:21:53,approved,False
TXN20240429002190,ACCT206294,MERCH300037,withdrawal,55.08,mobile,2024-04-29 06:28:38,approved,False
TXN20240429002191,ACCT204250,MERCH300170,purchase,27.6,in_person,2024-04-29 12:44:24,approved,False
TXN20240429002192,ACCT200818,MERCH300253,deposit,38.3,mobile,2024-04-29 23:15:02,declined,False
TXN20240429002193,ACCT205923,MERCH300194,purchase,363.43,in_person,2024-04-29 19:06:14,approved,False
TXN20240429002194,ACCT201599,MERCH300073,deposit,76.56,web,2024-04-29 21:45:29,approved,False
TXN20240429002195,ACCT201276,MERCH300002,purchase,14.71,in_person,2024-04-29 22:36:09,approved,False
TXN20240429002196,ACCT204433,MERCH300017,purchase,34.2,web,2024-04-29 11:19:22,declined,False
TXN20240429002197,ACCT200168,MERCH300171,transfer,26.58,mobile,2024-04-29 01:00:00,approved,False
TXN20240429002198,ACCT205092,MERCH300262,withdrawal,40.61,in_person,2024-04-29 11:21:23,approved,False
TXN20240429002199,ACCT203892,MERCH300096,purchase,146.48,in_person,2024-04-29 04:59:05,approved,False
TXN20240429002200,ACCT200862,MERCH300215,purchase,31.5,web,2024-04-29 07:08:56,approved,False
TXN20240429002201,ACCT205583,MERCH300024,transfer,29.09,in_person,2024-04-29 09:50:50,approved,False
TXN20240429002202,ACCT202284,MERCH300279,purchase,78.78,web,2024-04-29 01:15:23,approved,False
TXN20240429002203,ACCT204724,MERCH300058,deposit,30.03,web,2024-04-29 13:56:51,approved,False
TXN20240429002204,ACCT200248,MERCH300024,purchase,131.07,mobile,2024-04-29 06:40:08,approved,False
TXN20240429002205,ACCT203313,MERCH300101,withdrawal,52.92,in_person,2024-04-29 21:42:06,approved,False
TXN20240429002206,ACCT205750,MERCH300215,purchase,19.47,web,2024-04-29 02:14:49,approved,False
TXN20240429002207,ACCT203563,MERCH300230,purchase,15.25,atm,2024-04-29 01:52:56,approved,False
TXN20240429002208,ACCT200745,MERCH300030,purchase,15.5,mobile,2024-04-29 08:24:02,approved,False
TXN20240429002209,ACCT203940,MERCH300079,deposit,83.69,in_person,2024-04-29 21:00:33,approved,False
TXN20240429002210,ACCT205466,MERCH300287,purchase,96.03,web,2024-04-29 23:46:43,approved,False
TXN20240429002211,ACCT202466,MERCH300131,purchase,44.24,web,2024-04-29 21:07:25,reversed,False
TXN20240429002212,ACCT200609,MERCH300261,deposit,31.68,mobile,2024-04-29 13:56:46,approved,False
TXN20240429002213,ACCT204256,MERCH300048,purchase,80.35,in_person,2024-04-29 06:15:21,approved,False
TXN20240429002214,ACCT204955,MERCH300026,deposit,157.54,in_person,2024-04-29 21:01:09,approved,False
TXN20240429002215,ACCT203574,MERCH300157,purchase,6.21,mobile,2024-04-29 22:23:08,approved,False
TXN20240429002216,ACCT201373,MERCH300106,purchase,72.33,atm,2024-04-29 15:40:47,approved,False
TXN20240429002217,ACCT200791,MERCH300035,purchase,29.47,web,2024-04-29 09:56:01,approved,False
TXN20240429002218,ACCT205378,MERCH300278,purchase,12.94,mobile,2024-04-29 00:31:02,approved,False
TXN20240429002219,ACCT202550,MERCH300276,withdrawal,54.82,in_person,2024-04-29 14:33:46,approved,False
TXN20240429002220,ACCT204625,MERCH300148,purchase,38.29,in_person,2024-04-29 16:52:21,approved,False
TXN20240429002221,ACCT200131,MERCH300150,purchase,50.96,in_person,2024-04-29 21:18:52,approved,False
TXN20240429002222,ACCT200856,MERCH300222,transfer,98.98,in_person,2024-04-29 01:27:10,approved,False
TXN20240429002223,ACCT200465,MERCH300136,transfer,38.13,web,2024-04-29 15:31:13,reversed,False
TXN20240429002224,ACCT200481,MERCH300015,purchase,40.53,in_person,2024-04-29 07:30:50,approved,False
TXN20240429002225,ACCT201178,MERCH300086,purchase,760.77,in_person,2024-04-29 19:19:00,approved,False
TXN20240429002226,ACCT205924,MERCH300130,purchase,329.82,atm,2024-04-29 06:03:10,approved,False
TXN20240429002227,ACCT206302,MERCH300000,transfer,98.54,in_person,2024-04-29 07:44:15,approved,False
TXN20240429002228,ACCT205374,MERCH300212,transfer,40.28,mobile,2024-04-29 00:11:34,approved,False
TXN20240429002229,ACCT205110,MERCH300269,purchase,20.82,in_person,2024-04-29 13:09:39,approved,False
TXN20240429002230,ACCT203607,MERCH300238,deposit,36.69,in_person,2024-04-29 12:20:20,approved,False
TXN20240429002231,ACCT201883,MERCH300295,withdrawal,61.9,web,2024-04-29 22:39:26,approved,False
TXN20240429002232,ACCT205151,MERCH300129,purchase,13.34,mobile,2024-04-29 21:06:35,approved,False
TXN20240429002233,ACCT202521,MERCH300200,purchase,46.63,mobile,2024-04-29 19:20:07,approved,False
TXN20240429002234,ACCT201419,MERCH300182,purchase,13.7,in_person,2024-04-29 13:34:44,approved,False
TXN20240429002235,ACCT203851,MERCH300112,purchase,74.41,in_person,2024-04-29 05:09:25,declined,False
TXN20240429002236,ACCT204174,MERCH300090,transfer,23.17,atm,2024-04-29 06:04:45,approved,False
TXN20240429002237,ACCT205941,MERCH300186,purchase,44.65,web,2024-04-29 14:16:34,approved,False
TXN20240429002238,ACCT204605,MERCH300178,purchase,57.81,in_person,2024-04-29 01:31:17,approved,False
TXN20240429002239,ACCT202069,MERCH300137,purchase,90.36,in_person,2024-04-29 06:15:39,approved,False
TXN20240429002240,ACCT202821,MERCH300185,purchase,50.66,web,2024-04-29 11:42:03,approved,False
TXN20240429002241,ACCT205057,MERCH300067,purchase,21.43,mobile,2024-04-29 09:40:25,approved,False
TXN20240429002242,ACCT201741,MERCH300260,purchase,16.44,mobile,2024-04-29 06:48:04,approved,False
TXN20240429002243,ACCT201113,MERCH300272,purchase,47.24,mobile,2024-04-29 23:19:17,approved,False
TXN20240429002244,ACCT202902,MERCH300044,transfer,51.95,web,2024-04-29 19:52:57,approved,False
TXN20240429002245,ACCT200422,MERCH300035,purchase,61.56,mobile,2024-04-29 07:31:04,approved,False
TXN20240429002246,ACCT203458,MERCH300175,purchase,128.3,in_person,2024-04-29 02:05:23,approved,False
TXN20240429002247,ACCT205658,MERCH300213,transfer,46.18,web,2024-04-29 18:12:11,approved,False
TXN20240429002248,ACCT206261,MERCH300039,purchase,131.41,in_person,2024-04-29 04:13:34,approved,False
TXN20240429002249,ACCT202307,MERCH300097,purchase,21.43,mobile,2024-04-29 01:20:15,declined,False
TXN20240429002250,ACCT204776,MERCH300249,deposit,35.46,web,2024-04-29 04:09:25,approved,False
TXN20240429002251,ACCT204936,MERCH300040,transfer,89.93,in_person,2024-04-29 15:57:43,approved,True
TXN20240429002252,ACCT201109,MERCH300112,transfer,20.31,web,2024-04-29 09:15:26,approved,False
TXN20240429002253,ACCT203955,MERCH300180,purchase,58.68,web,2024-04-29 03:32:58,approved,False
TXN20240429002254,ACCT203106,MERCH300077,purchase,23.3,in_person,2024-04-29 21:38:15,approved,False
TXN20240429002255,ACCT201511,MERCH300195,purchase,131.96,atm,2024-04-29 06:10:45,approved,False
TXN20240429002256,ACCT203575,MERCH300118,deposit,17.81,atm,2024-04-29 04:24:15,approved,False
TXN20240429002257,ACCT202616,MERCH300090,purchase,12.58,web,2024-04-29 02:36:04,approved,False
TXN20240429002258,ACCT201317,MERCH300025,transfer,51.42,web,2024-04-29 14:50:41,declined,False
TXN20240429002259,ACCT200576,MERCH300029,purchase,37.29,in_person,2024-04-29 09:23:34,approved,False
TXN20240429002260,ACCT205596,MERCH300192,purchase,21.79,in_person,2024-04-29 16:21:21,approved,False
TXN20240429002261,ACCT204350,MERCH300074,purchase,23.41,web,2024-04-29 00:14:37,approved,False
TXN20240429002262,ACCT203137,MERCH300175,purchase,29.68,atm,2024-04-29 09:11:52,approved,False
TXN20240429002263,ACCT204673,MERCH300012,purchase,43.66,atm,2024-04-29 21:07:25,approved,False
TXN20240429002264,ACCT204229,MERCH300049,purchase,20.11,mobile,2024-04-29 05:47:13,approved,False
TXN20240429002265,ACCT201570,MERCH300039,purchase,17.74,atm,2024-04-29 02:57:51,approved,False
TXN20240429002266,ACCT202549,MERCH300257,deposit,12.75,web,2024-04-29 03:20:08,approved,False
TXN20240429002267,ACCT202082,MERCH300064,purchase,34.57,in_person,2024-04-29 16:39:47,approved,False
TXN20240429002268,ACCT200137,MERCH300276,purchase,25.47,in_person,2024-04-29 18:28:07,approved,False
TXN20240429002269,ACCT201511,MERCH300204,purchase,32.29,web,2024-04-29 22:48:30,approved,False
TXN20240429002270,ACCT205077,MERCH300063,deposit,77.01,web,2024-04-29 05:47:33,approved,False
TXN20240429002271,ACCT203691,MERCH300150,purchase,56.48,web,2024-04-29 03:22:17,approved,False
TXN20240429002272,ACCT201608,MERCH300156,purchase,22.2,mobile,2024-04-29 17:18:38,declined,False
TXN20240429002273,ACCT200736,MERCH300060,deposit,8.59,mobile,2024-04-29 23:28:29,approved,False
TXN20240429002274,ACCT200109,MERCH300216,transfer,22.87,web,2024-04-29 12:07:51,approved,False
TXN20240429002275,ACCT204498,MERCH300178,purchase,21.8,in_person,2024-04-29 13:34:30,approved,False
TXN20240429002276,ACCT203683,MERCH300266,purchase,26.03,mobile,2024-04-29 23:47:08,approved,False
TXN20240429002277,ACCT206140,MERCH300158,purchase,9.48,atm,2024-04-29 18:55:20,approved,False
TXN20240429002278,ACCT201705,MERCH300116,purchase,83.41,in_person,2024-04-29 09:53:01,approved,False
TXN20240429002279,ACCT204671,MERCH300293,transfer,25.96,in_person,2024-04-29 05:25:23,reversed,False
TXN20240429002280,ACCT200291,MERCH300208,deposit,141.53,mobile,2024-04-29 09:21:09,approved,False
TXN20240429002281,ACCT204269,MERCH300048,withdrawal,191.24,mobile,2024-04-29 18:49:01,approved,False
TXN20240429002282,ACCT203100,MERCH300150,purchase,42.65,mobile,2024-04-29 11:39:17,approved,False
TXN20240429002283,ACCT200045,MERCH300243,purchase,19.73,in_person,2024-04-29 03:52:47,approved,False
TXN20240429002284,ACCT205182,MERCH300017,purchase,71.97,mobile,2024-04-29 21:22:20,approved,False
TXN20240429002285,ACCT204750,MERCH300029,purchase,69.33,atm,2024-04-29 02:03:51,approved,False
TXN20240429002286,ACCT202843,MERCH300141,transfer,17.19,web,2024-04-29 14:52:30,approved,False
TXN20240429002287,ACCT205530,MERCH300153,transfer,18.88,in_person,2024-04-29 05:30:39,approved,False
TXN20240429002288,ACCT204661,MERCH300271,purchase,19.77,web,2024-04-29 13:54:59,approved,False
TXN20240429002289,ACCT203936,MERCH300149,purchase,57.82,in_person,2024-04-29 08:44:57,approved,False
TXN20240429002290,ACCT200891,MERCH300011,transfer,6.03,web,2024-04-29 16:29:12,approved,False
TXN20240429002291,ACCT202530,MERCH300112,withdrawal,81.31,in_person,2024-04-29 00:32:53,approved,False
TXN20240429002292,ACCT201691,MERCH300035,purchase,23.72,web,2024-04-29 23:15:30,approved,False
TXN20240429002293,ACCT204880,MERCH300120,withdrawal,15.38,web,2024-04-29 12:09:30,approved,False
TXN20240429002294,ACCT203115,MERCH300106,purchase,139.45,in_person,2024-04-29 06:22:48,approved,False
TXN20240429002295,ACCT205314,MERCH300034,withdrawal,30.17,in_person,2024-04-29 15:24:33,approved,False
TXN20240429002296,ACCT206076,MERCH300090,purchase,40.41,in_person,2024-04-29 15:59:45,approved,False
TXN20240429002297,ACCT201752,MERCH300025,purchase,15.12,web,2024-04-29 16:26:02,approved,False
TXN20240429002298,ACCT204820,MERCH300008,deposit,9.61,web,2024-04-29 23:54:41,approved,False
TXN20240429002299,ACCT201553,MERCH300082,purchase,8.32,mobile,2024-04-29 19:01:48,approved,False
TXN20240429002300,ACCT205865,MERCH300260,purchase,27.96,mobile,2024-04-29 10:46:16,approved,False
TXN20240429002301,ACCT202795,MERCH300118,purchase,61.07,in_person,2024-04-29 20:00:51,approved,False
TXN20240429002302,ACCT201893,MERCH300009,purchase,61.77,in_person,2024-04-29 11:39:34,approved,False
TXN20240429002303,ACCT200571,MERCH300049,transfer,38.9,mobile,2024-04-29 16:21:15,approved,False
TXN20240429002304,ACCT206029,MERCH300102,purchase,18.43,mobile,2024-04-29 04:23:39,approved,False
TXN20240429002305,ACCT205167,MERCH300186,purchase,39.21,mobile,2024-04-29 18:22:54,approved,False
TXN20240429002306,ACCT202657,MERCH300194,purchase,33.04,in_person,2024-04-29 11:58:11,approved,False
TXN20240429002307,ACCT203173,MERCH300118,purchase,6.5,web,2024-04-29 09:39:07,approved,False
TXN20240429002308,ACCT203510,MERCH300242,purchase,79.23,in_person,2024-04-29 16:17:22,approved,False
TXN20240429002309,ACCT200397,MERCH300153,withdrawal,108.96,mobile,2024-04-29 11:15:11,approved,False
TXN20240429002310,ACCT202574,MERCH300061,transfer,73.29,web,2024-04-29 08:53:47,approved,False
TXN20240429002311,ACCT201355,MERCH300137,deposit,41.51,in_person,2024-04-29 13:53:54,approved,False
TXN20240429002312,ACCT200934,MERCH300052,purchase,85.35,mobile,2024-04-29 05:25:07,declined,False
TXN20240429002313,ACCT206097,MERCH300018,transfer,31.56,mobile,2024-04-29 17:28:26,approved,False
TXN20240429002314,ACCT201907,MERCH300010,transfer,147.2,in_person,2024-04-29 00:27:02,declined,False
TXN20240429002315,ACCT200622,MERCH300071,purchase,80.1,mobile,2024-04-29 03:26:44,approved,False
TXN20240429002316,ACCT202149,MERCH300064,transfer,322.58,atm,2024-04-29 23:04:16,approved,False
TXN20240429002317,ACCT201177,MERCH300081,purchase,56.97,in_person,2024-04-29 16:59:44,approved,False
TXN20240429002318,ACCT204890,MERCH300177,deposit,59.24,mobile,2024-04-29 15:05:18,approved,False
TXN20240429002319,ACCT206049,MERCH300019,transfer,48.8,in_person,2024-04-29 21:44:06,approved,False
TXN20240429002320,ACCT200667,MERCH300151,withdrawal,87.41,web,2024-04-29 20:36:35,approved,False
TXN20240429002321,ACCT202431,MERCH300127,purchase,22.48,atm,2024-04-29 11:45:05,declined,False
TXN20240429002322,ACCT201903,MERCH300167,purchase,66.15,in_person,2024-04-29 20:26:55,approved,False
TXN20240429002323,ACCT202062,MERCH300236,purchase,16.88,web,2024-04-29 23:39:42,approved,False
TXN20240429002324,ACCT204557,MERCH300044,purchase,9.48,web,2024-04-29 09:19:44,approved,False
TXN20240429002325,ACCT203504,MERCH300162,purchase,26.49,web,2024-04-29 14:33:38,approved,False
TXN20240429002326,ACCT203095,MERCH300218,purchase,81.04,in_person,2024-04-29 05:52:33,approved,False
TXN20240429002327,ACCT204802,MERCH300111,purchase,62.82,in_person,2024-04-29 15:34:14,approved,False
TXN20240429002328,ACCT204092,MERCH300105,purchase,7.28,web,2024-04-29 07:59:35,approved,False
TXN20240429002329,ACCT205676,MERCH300034,transfer,32.23,mobile,2024-04-29 04:25:02,approved,False
TXN20240429002330,ACCT204898,MERCH300016,purchase,25.28,mobile,2024-04-29 17:20:29,approved,False
TXN20240429002331,ACCT203366,MERCH300181,withdrawal,26.4,web,2024-04-29 21:55:01,approved,False
TXN20240429002332,ACCT200661,MERCH300160,purchase,22.89,in_person,2024-04-29 17:25:18,approved,False
TXN20240429002333,ACCT201684,MERCH300110,purchase,66.67,mobile,2024-04-29 02:40:47,approved,False
TXN20240429002334,ACCT203045,MERCH300094,purchase,65.96,in_person,2024-04-29 04:46:28,approved,False
TXN20240429002335,ACCT204291,MERCH300127,purchase,27.13,in_person,2024-04-29 09:37:10,approved,False
TXN20240429002336,ACCT205632,MERCH300267,purchase,67.55,mobile,2024-04-29 18:08:31,approved,False
TXN20240429002337,ACCT200163,MERCH300068,purchase,91.92,mobile,2024-04-29 16:11:15,approved,False
TXN20240429002338,ACCT200354,MERCH300152,purchase,22.03,mobile,2024-04-29 23:16:15,approved,False
TXN20240429002339,ACCT204489,MERCH300060,transfer,21.37,in_person,2024-04-29 04:04:12,approved,False
TXN20240429002340,ACCT202058,MERCH300064,purchase,60.58,in_person,2024-04-29 05:02:57,approved,False
TXN20240429002341,ACCT200207,MERCH300061,withdrawal,45.51,in_person,2024-04-29 02:47:35,approved,False
TXN20240429002342,ACCT201152,MERCH300109,purchase,136.71,in_person,2024-04-29 18:10:08,approved,False
TXN20240429002343,ACCT203815,MERCH300296,purchase,12.69,web,2024-04-29 20:47:11,approved,False
TXN20240429002344,ACCT205815,MERCH300109,purchase,58.94,mobile,2024-04-29 22:14:15,approved,False
TXN20240429002345,ACCT203921,MERCH300027,deposit,11.44,in_person,2024-04-29 15:08:25,approved,False
TXN20240429002346,ACCT204764,MERCH300177,purchase,59.82,mobile,2024-04-29 06:36:05,declined,False
TXN20240429002347,ACCT201753,MERCH300016,purchase,105.44,in_person,2024-04-29 17:14:37,approved,False
TXN20240429002348,ACCT204230,MERCH300190,purchase,22.19,web,2024-04-29 21:38:22,reversed,False
TXN20240429002349,ACCT202055,MERCH300146,purchase,20.18,mobile,2024-04-29 11:46:45,approved,False
TXN20240429002350,ACCT205789,MERCH300001,transfer,41.3,in_person,2024-04-29 10:16:56,approved,False
TXN20240429002351,ACCT203430,MERCH300098,transfer,53.72,mobile,2024-04-29 06:15:30,approved,False
TXN20240429002352,ACCT200007,MERCH300127,transfer,34.89,mobile,2024-04-29 17:41:56,approved,False
TXN20240429002353,ACCT206363,MERCH300213,purchase,14.66,web,2024-04-29 22:56:40,approved,False
TXN20240429002354,ACCT201374,MERCH300244,purchase,45.37,in_person,2024-04-29 11:39:51,approved,False
TXN20240429002355,ACCT200398,MERCH300063,purchase,156.69,in_person,2024-04-29 11:54:54,approved,False
TXN20240429002356,ACCT200108,MERCH300181,purchase,24.94,web,2024-04-29 09:26:51,approved,False
TXN20240429002357,ACCT204834,MERCH300224,purchase,35.76,in_person,2024-04-29 14:41:10,approved,False
TXN20240429002358,ACCT202463,MERCH300034,purchase,55.08,mobile,2024-04-29 06:46:05,approved,False
TXN20240429002359,ACCT206237,MERCH300206,purchase,33.29,in_person,2024-04-29 07:13:16,approved,False
TXN20240429002360,ACCT202490,MERCH300129,purchase,49.53,atm,2024-04-29 04:59:42,approved,False
TXN20240429002361,ACCT205814,MERCH300290,purchase,11.08,in_person,2024-04-29 11:42:02,approved,False
TXN20240429002362,ACCT201839,MERCH300057,purchase,23.66,in_person,2024-04-29 12:21:08,approved,False
TXN20240429002363,ACCT204663,MERCH300169,purchase,49.03,in_person,2024-04-29 09:10:26,approved,False
TXN20240429002364,ACCT201550,MERCH300226,purchase,44.78,in_person,2024-04-29 14:59:00,approved,False
TXN20240429002365,ACCT200527,MERCH300124,purchase,60.22,in_person,2024-04-29 22:50:45,approved,False
TXN20240429002366,ACCT205333,MERCH300281,purchase,15.29,mobile,2024-04-29 17:54:25,approved,False
TXN20240429002367,ACCT205656,MERCH300188,purchase,26.21,atm,2024-04-29 17:31:15,approved,False
TXN20240429002368,ACCT204643,MERCH300018,purchase,28.83,in_person,2024-04-29 23:14:53,approved,False
TXN20240429002369,ACCT201392,MERCH300148,purchase,30.46,mobile,2024-04-29 21:13:54,approved,False
TXN20240429002370,ACCT203403,MERCH300083,withdrawal,26.23,in_person,2024-04-29 11:13:53,reversed,False
TXN20240429002371,ACCT206102,MERCH300168,purchase,19.65,in_person,2024-04-29 12:13:40,approved,False
TXN20240429002372,ACCT205351,MERCH300253,purchase,89.18,in_person,2024-04-29 09:37:00,approved,False
TXN20240429002373,ACCT202618,MERCH300033,purchase,52.87,atm,2024-04-29 04:23:09,approved,False
TXN20240429002374,ACCT204622,MERCH300026,purchase,15.67,in_person,2024-04-29 01:14:49,declined,False
TXN20240429002375,ACCT203478,MERCH300158,purchase,93.45,in_person,2024-04-29 16:41:53,approved,False
TXN20240429002376,ACCT204106,MERCH300032,purchase,83.1,in_person,2024-04-29 04:54:47,approved,False
TXN20240429002377,ACCT204102,MERCH300284,purchase,57.53,web,2024-04-29 11:14:47,approved,False
TXN20240429002378,ACCT201281,MERCH300023,purchase,129.62,in_person,2024-04-29 08:44:10,approved,False
TXN20240429002379,ACCT203787,MERCH300007,purchase,37.79,atm,2024-04-29 00:19:09,approved,False
TXN20240429002380,ACCT201125,MERCH300005,purchase,261.89,in_person,2024-04-29 13:05:51,approved,False
TXN20240429002381,ACCT205461,MERCH300179,transfer,68.79,in_person,2024-04-29 03:18:50,approved,False
TXN20240429002382,ACCT205349,MERCH300068,purchase,135.07,web,2024-04-29 17:48:00,approved,False
TXN20240429002383,ACCT203616,MERCH300207,transfer,14.13,mobile,2024-04-29 21:22:35,approved,False
TXN20240429002384,ACCT201608,MERCH300028,transfer,12.89,atm,2024-04-29 04:50:41,approved,False
TXN20240429002385,ACCT201802,MERCH300164,purchase,29.19,web,2024-04-29 14:47:40,approved,False
TXN20240429002386,ACCT203648,MERCH300155,purchase,26.41,web,2024-04-29 12:10:41,approved,False
TXN20240429002387,ACCT201937,MERCH300139,purchase,158.08,web,2024-04-29 04:43:14,declined,True
TXN20240429002388,ACCT200329,MERCH300259,purchase,51.48,mobile,2024-04-29 22:21:08,approved,False
TXN20240429002389,ACCT200094,MERCH300249,purchase,67.62,web,2024-04-29 15:07:24,approved,True
TXN20240429002390,ACCT202247,MERCH300121,purchase,107.51,atm,2024-04-29 17:53:19,approved,False
TXN20240429002391,ACCT202789,MERCH300176,purchase,59.55,in_person,2024-04-29 02:43:36,approved,False
TXN20240429002392,ACCT201196,MERCH300029,transfer,20.71,in_person,2024-04-29 20:27:57,approved,False
TXN20240429002393,ACCT200583,MERCH300116,purchase,28.65,atm,2024-04-29 09:42:36,approved,False
TXN20240429002394,ACCT205446,MERCH300152,deposit,19.85,web,2024-04-29 03:05:20,reversed,False
TXN20240429002395,ACCT200775,MERCH300227,deposit,56.94,mobile,2024-04-29 11:42:00,approved,False
TXN20240429002396,ACCT203034,MERCH300166,purchase,149.23,atm,2024-04-29 16:31:11,approved,False
TXN20240429002397,ACCT205053,MERCH300053,purchase,3.69,in_person,2024-04-29 18:15:39,approved,False
TXN20240429002398,ACCT204475,MERCH300027,transfer,8.93,in_person,2024-04-29 20:23:40,approved,False
TXN20240429002399,ACCT201682,MERCH300274,purchase,49.99,atm,2024-04-29 18:14:43,approved,False
TXN20240429002400,ACCT205574,MERCH300097,purchase,59.16,in_person,2024-04-29 03:58:55,approved,False
TXN20240429002401,ACCT205510,MERCH300225,deposit,14.82,atm,2024-04-29 02:33:37,approved,False
TXN20240429002402,ACCT200984,MERCH300032,transfer,126.35,web,2024-04-29 19:45:41,approved,False
TXN20240429002403,ACCT200680,MERCH300139,purchase,16.34,in_person,2024-04-29 12:09:36,approved,False
TXN20240429002404,ACCT202960,MERCH300121,withdrawal,55.98,web,2024-04-29 14:01:57,approved,False
TXN20240429002405,ACCT202514,MERCH300233,purchase,84.66,mobile,2024-04-29 09:55:04,declined,False
TXN20240429002406,ACCT203694,MERCH300199,transfer,26.88,mobile,2024-04-29 01:27:21,approved,False
TXN20240429002407,ACCT200516,MERCH300021,transfer,87.53,in_person,2024-04-29 17:56:55,approved,False
TXN20240429002408,ACCT201151,MERCH300216,withdrawal,46.72,in_person,2024-04-29 18:57:46,approved,False
TXN20240429002409,ACCT206418,MERCH300179,purchase,43.98,in_person,2024-04-29 19:28:12,approved,False
TXN20240429002410,ACCT206092,MERCH300049,purchase,104.59,in_person,2024-04-29 15:51:33,approved,False
TXN20240429002411,ACCT203976,MERCH300032,purchase,6.73,web,2024-04-29 23:40:57,approved,False
TXN20240429002412,ACCT202653,MERCH300293,purchase,18.49,in_person,2024-04-29 09:16:50,approved,False
TXN20240429002413,ACCT203132,MERCH300249,transfer,27.76,mobile,2024-04-29 23:26:31,approved,False
TXN20240429002414,ACCT201697,MERCH300028,transfer,24.53,web,2024-04-29 05:16:17,approved,False
TXN20240429002415,ACCT201820,MERCH300253,purchase,16.98,web,2024-04-29 07:59:59,approved,False
TXN20240429002416,ACCT205467,MERCH300257,transfer,9.69,web,2024-04-29 01:04:02,approved,False
TXN20240429002417,ACCT205064,MERCH300289,purchase,96.68,mobile,2024-04-29 20:18:51,approved,False
TXN20240429002418,ACCT201797,MERCH300020,deposit,26.63,mobile,2024-04-29 11:02:18,approved,False
TXN20240429002419,ACCT203758,MERCH300143,purchase,17.22,web,2024-04-29 23:09:39,approved,False
TXN20240429002420,ACCT200856,MERCH300200,purchase,130.22,in_person,2024-04-29 02:33:30,approved,False
TXN20240429002421,ACCT203771,MERCH300289,purchase,68.74,mobile,2024-04-29 04:55:11,approved,False
TXN20240429002422,ACCT201734,MERCH300033,purchase,60.74,web,2024-04-29 06:41:20,approved,False
TXN20240429002423,ACCT202608,MERCH300167,deposit,36.41,in_person,2024-04-29 02:26:18,approved,False
TXN20240429002424,ACCT202590,MERCH300029,purchase,25.54,mobile,2024-04-29 00:19:57,approved,False
TXN20240429002425,ACCT202434,MERCH300148,withdrawal,58.65,web,2024-04-29 02:27:49,approved,False
TXN20240429002426,ACCT200161,MERCH300272,purchase,30.65,mobile,2024-04-29 16:07:50,approved,False
TXN20240429002427,ACCT201111,MERCH300133,purchase,12.69,in_person,2024-04-29 04:44:54,approved,False
TXN20240429002428,ACCT204929,MERCH300142,purchase,63.69,web,2024-04-29 18:23:47,reversed,False
TXN20240429002429,ACCT205189,MERCH300188,transfer,245.6,mobile,2024-04-29 01:43:35,approved,False
TXN20240429002430,ACCT201532,MERCH300086,purchase,86.28,in_person,2024-04-29 09:12:32,approved,False
TXN20240429002431,ACCT200528,MERCH300154,purchase,10.25,web,2024-04-29 08:18:56,approved,False
TXN20240429002432,ACCT202393,MERCH300035,purchase,375.13,in_person,2024-04-29 10:01:34,approved,False
TXN20240429002433,ACCT202692,MERCH300263,purchase,17.78,in_person,2024-04-29 20:02:40,approved,False
TXN20240429002434,ACCT206078,MERCH300126,purchase,127.66,in_person,2024-04-29 20:18:54,declined,False
TXN20240429002435,ACCT200427,MERCH300288,purchase,16.04,web,2024-04-29 11:31:48,approved,False
TXN20240429002436,ACCT200720,MERCH300042,purchase,32.93,mobile,2024-04-29 14:20:45,approved,False
TXN20240429002437,ACCT200674,MERCH300031,purchase,193.14,mobile,2024-04-29 19:18:35,declined,False
TXN20240429002438,ACCT206172,MERCH300288,purchase,21.38,web,2024-04-29 04:07:00,approved,False
TXN20240429002439,ACCT205982,MERCH300226,withdrawal,96.09,in_person,2024-04-29 03:46:53,approved,False
TXN20240429002440,ACCT200947,MERCH300081,purchase,25.5,in_person,2024-04-29 07:06:51,approved,False
TXN20240429002441,ACCT206423,MERCH300030,deposit,302.23,mobile,2024-04-29 16:21:38,approved,False
TXN20240429002442,ACCT205747,MERCH300201,deposit,12.9,mobile,2024-04-29 21:31:35,approved,False
TXN20240429002443,ACCT206147,MERCH300185,purchase,28.66,mobile,2024-04-29 19:59:37,approved,False
TXN20240429002444,ACCT205195,MERCH300226,withdrawal,207.69,mobile,2024-04-29 15:32:01,approved,False
TXN20240429002445,ACCT200476,MERCH300101,withdrawal,46.7,mobile,2024-04-29 10:54:30,approved,False
TXN20240429002446,ACCT202096,MERCH300255,withdrawal,39.73,in_person,2024-04-29 13:17:17,approved,False
TXN20240429002447,ACCT203809,MERCH300100,purchase,60.76,in_person,2024-04-29 06:06:36,approved,False
TXN20240429002448,ACCT200866,MERCH300228,transfer,20.78,mobile,2024-04-29 06:12:34,approved,False
TXN20240429002449,ACCT200515,MERCH300209,purchase,3.18,in_person,2024-04-29 21:54:43,approved,False
TXN20240429002450,ACCT200859,MERCH300198,withdrawal,36.22,web,2024-04-29 16:43:45,approved,False
TXN20240429002451,ACCT205534,MERCH300174,purchase,36.25,in_person,2024-04-29 00:55:29,approved,False
TXN20240429002452,ACCT205644,MERCH300275,transfer,61.22,mobile,2024-04-29 18:59:32,approved,False
TXN20240429002453,ACCT202730,MERCH300070,purchase,26.39,in_person,2024-04-29 19:18:49,approved,False
TXN20240429002454,ACCT204701,MERCH300197,purchase,23.21,mobile,2024-04-29 09:23:33,approved,False
TXN20240429002455,ACCT205533,MERCH300047,deposit,29.67,web,2024-04-29 18:49:58,approved,False
TXN20240429002456,ACCT201641,MERCH300216,withdrawal,54.6,web,2024-04-29 04:57:33,approved,False
TXN20240429002457,ACCT202466,MERCH300187,purchase,29.64,in_person,2024-04-29 10:49:46,approved,False
TXN20240429002458,ACCT203977,MERCH300204,transfer,14.41,in_person,2024-04-29 14:07:46,approved,False
TXN20240429002459,ACCT200449,MERCH300079,purchase,42.1,mobile,2024-04-29 11:41:56,approved,False
TXN20240429002460,ACCT202044,MERCH300063,purchase,69.9,mobile,2024-04-29 20:22:39,approved,False
TXN20240429002461,ACCT203519,MERCH300109,transfer,16.7,web,2024-04-29 14:33:00,approved,False
TXN20240429002462,ACCT206203,MERCH300104,purchase,7.95,mobile,2024-04-29 19:37:23,approved,False
TXN20240429002463,ACCT201623,MERCH300204,purchase,24.13,mobile,2024-04-29 18:19:14,approved,False
TXN20240429002464,ACCT206400,MERCH300173,purchase,2.98,in_person,2024-04-29 10:15:53,approved,False
TXN20240429002465,ACCT200660,MERCH300256,transfer,113.1,mobile,2024-04-29 10:42:06,approved,False
TXN20240429002466,ACCT204951,MERCH300270,transfer,5.06,web,2024-04-29 00:00:21,approved,False
TXN20240429002467,ACCT200739,MERCH300078,purchase,78.21,atm,2024-04-29 12:30:46,approved,False
TXN20240429002468,ACCT206004,MERCH300169,purchase,193.86,in_person,2024-04-29 02:15:35,approved,False
TXN20240429002469,ACCT201030,MERCH300187,purchase,59.15,in_person,2024-04-29 09:19:57,approved,False
TXN20240429002470,ACCT205180,MERCH300291,purchase,72.48,mobile,2024-04-29 13:05:19,approved,False
TXN20240429002471,ACCT205012,MERCH300208,withdrawal,37.93,mobile,2024-04-29 08:44:06,approved,False
TXN20240429002472,ACCT202006,MERCH300066,purchase,113.83,web,2024-04-29 13:20:27,approved,False
TXN20240429002473,ACCT200830,MERCH300231,transfer,40.49,in_person,2024-04-29 13:15:37,approved,False
TXN20240429002474,ACCT206243,MERCH300005,deposit,29.44,mobile,2024-04-29 09:16:48,approved,False
TXN20240429002475,ACCT203835,MERCH300111,purchase,39.99,mobile,2024-04-29 05:30:05,approved,False
TXN20240429002476,ACCT201274,MERCH300237,purchase,26.32,web,2024-04-29 21:49:18,approved,False
TXN20240429002477,ACCT202396,MERCH300286,purchase,66.58,in_person,2024-04-29 00:34:28,approved,False
TXN20240429002478,ACCT202827,MERCH300094,deposit,45.93,in_person,2024-04-29 14:31:49,approved,False
TXN20240429002479,ACCT201058,MERCH300125,purchase,81.0,mobile,2024-04-29 07:47:26,approved,False
TXN20240429002480,ACCT203245,MERCH300228,purchase,42.78,web,2024-04-29 19:43:50,approved,False
TXN20240429002481,ACCT200843,MERCH300294,purchase,71.16,in_person,2024-04-29 04:22:08,approved,False
TXN20240429002482,ACCT206049,MERCH300267,transfer,132.29,mobile,2024-04-29 16:13:55,approved,False
TXN20240429002483,ACCT200481,MERCH300131,deposit,17.41,mobile,2024-04-29 17:00:18,approved,False
TXN20240429002484,ACCT201807,MERCH300105,purchase,16.6,in_person,2024-04-29 13:33:28,approved,False
TXN20240429002485,ACCT204450,MERCH300172,purchase,9.47,mobile,2024-04-29 13:05:02,approved,False
TXN20240429002486,ACCT204181,MERCH300244,purchase,17.24,in_person,2024-04-29 09:57:32,approved,False
TXN20240429002487,ACCT202624,MERCH300218,purchase,38.81,in_person,2024-04-29 09:03:29,approved,False
TXN20240429002488,ACCT202635,MERCH300164,withdrawal,418.12,atm,2024-04-29 10:44:31,approved,False
TXN20240429002489,ACCT203726,MERCH300124,purchase,45.04,in_person,2024-04-29 04:58:31,approved,True
TXN20240429002490,ACCT205201,MERCH300048,purchase,11.1,web,2024-04-29 16:58:43,approved,False
TXN20240429002491,ACCT205325,MERCH300186,purchase,22.41,in_person,2024-04-29 21:36:08,declined,False
TXN20240429002492,ACCT204944,MERCH300002,withdrawal,31.29,web,2024-04-29 00:37:01,approved,False
TXN20240429002493,ACCT203955,MERCH300218,deposit,56.42,mobile,2024-04-29 08:25:14,approved,False
TXN20240429002494,ACCT201296,MERCH300054,purchase,27.95,in_person,2024-04-29 14:45:42,approved,False
TXN20240429002495,ACCT201527,MERCH300195,purchase,5.81,web,2024-04-29 18:03:11,approved,False
TXN20240429002496,ACCT203271,MERCH300246,purchase,6.44,web,2024-04-29 03:26:19,approved,False
TXN20240429002497,ACCT201607,MERCH300286,purchase,6.22,web,2024-04-29 02:15:18,approved,False
TXN20240429002498,ACCT200745,MERCH300017,purchase,42.94,web,2024-04-29 02:54:38,approved,False
TXN20240429002499,ACCT202279,MERCH300247,purchase,27.71,in_person,2024-04-29 11:44:58,approved,False
TXN20240429002500,ACCT203013,MERCH300071,deposit,71.49,mobile,2024-04-29 09:40:20,approved,False
TXN20240429002501,ACCT200450,MERCH300050,purchase,37.6,web,2024-04-29 12:36:15,approved,False
TXN20240429002502,ACCT201959,MERCH300272,withdrawal,95.94,mobile,2024-04-29 00:23:54,approved,False
TXN20240429002503,ACCT200705,MERCH300151,withdrawal,20.99,web,2024-04-29 03:15:39,approved,False
TXN20240429002504,ACCT202779,MERCH300170,deposit,2.83,web,2024-04-29 16:56:02,approved,False
TXN20240429002505,ACCT201184,MERCH300167,purchase,48.94,in_person,2024-04-29 06:25:30,reversed,False
TXN20240429002506,ACCT201610,MERCH300046,purchase,46.24,in_person,2024-04-29 20:39:14,approved,False
TXN20240429002507,ACCT201607,MERCH300231,transfer,13.85,web,2024-04-29 09:36:44,declined,False
TXN20240429002508,ACCT202068,MERCH300275,purchase,11.03,web,2024-04-29 15:33:59,approved,False
TXN20240429002509,ACCT204812,MERCH300047,withdrawal,89.52,in_person,2024-04-29 00:29:16,approved,False
TXN20240429002510,ACCT201662,MERCH300088,purchase,8.67,web,2024-04-29 21:51:09,approved,False
TXN20240429002511,ACCT204546,MERCH300146,purchase,94.3,mobile,2024-04-29 11:10:34,approved,False
TXN20240429002512,ACCT203627,MERCH300131,purchase,13.72,web,2024-04-29 21:24:16,approved,False
TXN20240429002513,ACCT200981,MERCH300189,purchase,14.44,web,2024-04-29 08:21:45,approved,False
TXN20240429002514,ACCT201974,MERCH300276,purchase,22.72,in_person,2024-04-29 14:24:03,approved,False
TXN20240429002515,ACCT203806,MERCH300268,transfer,138.66,web,2024-04-29 17:20:28,reversed,True
TXN20240429002516,ACCT206292,MERCH300123,purchase,14.41,mobile,2024-04-29 14:33:36,approved,False
TXN20240429002517,ACCT201916,MERCH300041,purchase,40.29,in_person,2024-04-29 07:31:33,approved,False
TXN20240429002518,ACCT201282,MERCH300072,transfer,12.77,atm,2024-04-29 12:37:58,approved,False
TXN20240429002519,ACCT203585,MERCH300025,purchase,94.43,web,2024-04-29 14:12:25,approved,False
TXN20240429002520,ACCT206003,MERCH300298,purchase,148.89,mobile,2024-04-29 18:25:46,approved,False
TXN20240429002521,ACCT200595,MERCH300042,purchase,31.92,in_person,2024-04-29 18:28:50,approved,False
TXN20240429002522,ACCT200025,MERCH300091,purchase,39.5,web,2024-04-29 12:01:25,approved,False
TXN20240429002523,ACCT206288,MERCH300010,deposit,4.44,in_person,2024-04-29 10:49:17,approved,False
TXN20240429002524,ACCT203626,MERCH300176,purchase,15.14,mobile,2024-04-29 14:16:06,approved,False
TXN20240429002525,ACCT201287,MERCH300241,transfer,49.72,in_person,2024-04-29 06:02:03,approved,False
TXN20240429002526,ACCT201569,MERCH300088,purchase,117.13,web,2024-04-29 16:24:47,approved,False
TXN20240429002527,ACCT205265,MERCH300270,purchase,116.44,atm,2024-04-29 15:07:24,approved,False
TXN20240429002528,ACCT200007,MERCH300081,purchase,61.92,in_person,2024-04-29 06:28:27,approved,False
TXN20240429002529,ACCT203596,MERCH300293,purchase,60.56,web,2024-04-29 20:03:32,approved,False
TXN20240429002530,ACCT202895,MERCH300184,deposit,8.17,in_person,2024-04-29 09:36:12,approved,False
TXN20240429002531,ACCT204475,MERCH300265,transfer,15.27,in_person,2024-04-29 00:29:59,approved,False
TXN20240429002532,ACCT202266,MERCH300227,transfer,50.5,atm,2024-04-29 11:37:06,approved,False
TXN20240429002533,ACCT203933,MERCH300269,purchase,13.7,in_person,2024-04-29 20:36:46,approved,False
TXN20240429002534,ACCT204749,MERCH300060,withdrawal,35.61,web,2024-04-29 08:57:19,approved,False
TXN20240429002535,ACCT203791,MERCH300093,purchase,10.95,mobile,2024-04-29 09:14:27,approved,False
TXN20240429002536,ACCT203717,MERCH300247,purchase,77.22,in_person,2024-04-29 00:22:04,declined,False
TXN20240429002537,ACCT205558,MERCH300081,purchase,20.78,in_person,2024-04-29 23:23:52,approved,False
TXN20240429002538,ACCT201461,MERCH300183,purchase,203.56,in_person,2024-04-29 07:13:01,approved,False
TXN20240429002539,ACCT201711,MERCH300265,purchase,102.23,mobile,2024-04-29 06:34:08,approved,False
TXN20240429002540,ACCT204790,MERCH300092,purchase,90.94,mobile,2024-04-29 21:57:49,approved,False
TXN20240429002541,ACCT204970,MERCH300017,purchase,38.76,atm,2024-04-29 07:37:03,approved,False
TXN20240429002542,ACCT205387,MERCH300049,purchase,29.92,mobile,2024-04-29 11:25:49,approved,False
TXN20240429002543,ACCT203645,MERCH300043,deposit,32.73,in_person,2024-04-29 14:42:51,approved,False
TXN20240429002544,ACCT203427,MERCH300225,purchase,51.31,web,2024-04-29 06:28:57,approved,False
TXN20240429002545,ACCT200092,MERCH300101,purchase,72.76,in_person,2024-04-29 23:38:01,approved,False
TXN20240429002546,ACCT204837,MERCH300166,purchase,44.87,atm,2024-04-29 01:23:13,approved,False
TXN20240429002547,ACCT201569,MERCH300282,purchase,96.91,mobile,2024-04-29 22:29:59,approved,False
TXN20240429002548,ACCT205710,MERCH300124,purchase,189.74,web,2024-04-29 08:32:26,approved,True
TXN20240429002549,ACCT203080,MERCH300237,purchase,135.73,mobile,2024-04-29 11:39:34,approved,False
TXN20240429002550,ACCT200547,MERCH300018,transfer,302.59,mobile,2024-04-29 08:21:52,approved,False
TXN20240429002551,ACCT206294,MERCH300194,purchase,119.73,in_person,2024-04-29 15:54:03,approved,False
TXN20240429002552,ACCT202161,MERCH300106,transfer,41.97,web,2024-04-29 07:26:51,approved,False
TXN20240429002553,ACCT204701,MERCH300200,transfer,29.46,mobile,2024-04-29 09:20:36,approved,False
TXN20240429002554,ACCT203935,MERCH300099,deposit,6.9,in_person,2024-04-29 07:38:34,approved,False
TXN20240429002555,ACCT203844,MERCH300216,purchase,69.64,web,2024-04-29 16:43:58,approved,False
TXN20240429002556,ACCT201956,MERCH300249,purchase,8.29,mobile,2024-04-29 12:02:00,approved,False
TXN20240429002557,ACCT204611,MERCH300188,purchase,54.89,web,2024-04-29 03:59:01,approved,False
TXN20240429002558,ACCT200133,MERCH300215,transfer,9.68,in_person,2024-04-29 09:56:19,approved,False
TXN20240429002559,ACCT202271,MERCH300123,purchase,39.69,web,2024-04-29 18:15:55,approved,False
TXN20240429002560,ACCT200709,MERCH300236,purchase,234.25,in_person,2024-04-29 10:10:15,approved,False
TXN20240429002561,ACCT204232,MERCH300218,purchase,31.6,web,2024-04-29 13:08:51,approved,False
TXN20240429002562,ACCT201222,MERCH300067,transfer,21.66,in_person,2024-04-29 07:53:34,approved,False
TXN20240429002563,ACCT205067,MERCH300190,transfer,75.66,in_person,2024-04-29 22:53:36,approved,False
TXN20240429002564,ACCT204865,MERCH300072,purchase,23.1,in_person,2024-04-29 14:20:29,declined,False
TXN20240429002565,ACCT204124,MERCH300247,transfer,67.72,in_person,2024-04-29 09:48:22,approved,False
TXN20240429002566,ACCT201922,MERCH300288,deposit,22.24,in_person,2024-04-29 02:26:25,approved,False
TXN20240429002567,ACCT205095,MERCH300140,transfer,42.96,in_person,2024-04-29 04:11:04,approved,False
TXN20240429002568,ACCT200543,MERCH300197,purchase,52.18,web,2024-04-29 15:46:46,approved,False
TXN20240429002569,ACCT203987,MERCH300289,transfer,33.89,web,2024-04-29 10:10:24,approved,False
TXN20240429002570,ACCT200372,MERCH300174,purchase,16.88,in_person,2024-04-29 05:04:46,approved,False
TXN20240429002571,ACCT203906,MERCH300185,transfer,76.61,web,2024-04-29 06:03:20,approved,False
TXN20240429002572,ACCT203861,MERCH300172,withdrawal,8.4,in_person,2024-04-29 00:13:36,approved,False
TXN20240429002573,ACCT205923,MERCH300133,withdrawal,41.96,in_person,2024-04-29 09:25:36,declined,False
TXN20240429002574,ACCT204383,MERCH300158,purchase,49.89,in_person,2024-04-29 20:24:42,declined,False
TXN20240429002575,ACCT204174,MERCH300253,withdrawal,13.1,web,2024-04-29 05:32:39,approved,False
TXN20240429002576,ACCT204142,MERCH300292,purchase,30.25,mobile,2024-04-29 14:55:20,approved,False
TXN20240429002577,ACCT203126,MERCH300104,purchase,12.47,mobile,2024-04-29 03:13:28,approved,False
TXN20240429002578,ACCT200435,MERCH300209,purchase,18.09,in_person,2024-04-29 00:15:43,approved,False
TXN20240429002579,ACCT202732,MERCH300285,purchase,140.67,in_person,2024-04-29 13:57:06,approved,False
TXN20240429002580,ACCT202332,MERCH300087,transfer,24.03,web,2024-04-29 16:42:08,reversed,False
TXN20240429002581,ACCT203940,MERCH300230,purchase,63.39,mobile,2024-04-29 23:47:44,approved,False
TXN20240429002582,ACCT202590,MERCH300034,deposit,7.75,web,2024-04-29 11:07:57,approved,False
TXN20240429002583,ACCT205565,MERCH300016,purchase,18.33,in_person,2024-04-29 08:14:24,approved,False
TXN20240429002584,ACCT200545,MERCH300099,purchase,55.79,web,2024-04-29 22:57:34,approved,False
TXN20240429002585,ACCT205858,MERCH300061,purchase,19.58,web,2024-04-29 18:28:47,approved,False
TXN20240429002586,ACCT201803,MERCH300204,purchase,42.1,mobile,2024-04-29 21:42:57,approved,False
TXN20240429002587,ACCT204551,MERCH300229,purchase,31.21,web,2024-04-29 20:12:07,approved,False
TXN20240429002588,ACCT202013,MERCH300193,withdrawal,69.53,atm,2024-04-29 18:03:04,approved,False
TXN20240429002589,ACCT204032,MERCH300280,withdrawal,34.47,in_person,2024-04-29 04:31:18,approved,False
TXN20240429002590,ACCT204706,MERCH300076,purchase,8.19,in_person,2024-04-29 12:19:22,approved,False
TXN20240429002591,ACCT200597,MERCH300248,transfer,25.67,atm,2024-04-29 08:15:13,approved,False
TXN20240429002592,ACCT201455,MERCH300251,transfer,123.58,web,2024-04-29 20:07:54,approved,False
TXN20240429002593,ACCT200392,MERCH300131,purchase,31.74,atm,2024-04-29 11:49:52,approved,False
TXN20240429002594,ACCT204380,MERCH300009,purchase,65.39,web,2024-04-29 04:17:48,approved,False
TXN20240429002595,ACCT205494,MERCH300173,purchase,26.1,in_person,2024-04-29 17:41:02,approved,False
TXN20240429002596,ACCT200295,MERCH300029,transfer,7.74,web,2024-04-29 05:59:29,approved,False
TXN20240429002597,ACCT201289,MERCH300285,deposit,75.04,web,2024-04-29 21:18:48,approved,False
TXN20240429002598,ACCT204034,MERCH300037,withdrawal,17.37,mobile,2024-04-29 01:01:54,approved,False
TXN20240429002599,ACCT202287,MERCH300200,transfer,66.73,web,2024-04-29 04:52:57,approved,False
TXN20240429002600,ACCT205440,MERCH300254,transfer,93.87,mobile,2024-04-29 17:53:27,approved,False
TXN20240429002601,ACCT201888,MERCH300041,purchase,31.2,in_person,2024-04-29 23:05:29,declined,False
TXN20240429002602,ACCT205969,MERCH300260,purchase,13.59,in_person,2024-04-29 13:02:31,approved,False
TXN20240429002603,ACCT202400,MERCH300144,purchase,35.23,in_person,2024-04-29 12:41:01,approved,False
TXN20240429002604,ACCT205318,MERCH300187,deposit,47.75,mobile,2024-04-29 20:40:00,approved,False
TXN20240429002605,ACCT201718,MERCH300013,withdrawal,17.36,in_person,2024-04-29 20:22:05,approved,False
TXN20240429002606,ACCT205846,MERCH300209,purchase,11.5,web,2024-04-29 14:58:06,approved,False
TXN20240429002607,ACCT201973,MERCH300100,deposit,6.42,mobile,2024-04-29 14:40:40,approved,False
TXN20240429002608,ACCT201894,MERCH300266,purchase,52.47,in_person,2024-04-29 21:22:59,approved,False
TXN20240429002609,ACCT203397,MERCH300295,transfer,38.81,atm,2024-04-29 23:15:08,reversed,False
TXN20240429002610,ACCT206281,MERCH300086,withdrawal,6.01,atm,2024-04-29 13:59:32,approved,False
TXN20240429002611,ACCT206154,MERCH300127,purchase,84.82,atm,2024-04-29 06:26:36,approved,False
TXN20240429002612,ACCT202250,MERCH300223,transfer,60.24,web,2024-04-29 08:41:55,approved,True
TXN20240429002613,ACCT201041,MERCH300005,withdrawal,9.33,in_person,2024-04-29 12:37:55,approved,False
TXN20240429002614,ACCT204574,MERCH300010,purchase,48.61,in_person,2024-04-29 09:04:47,approved,False
TXN20240429002615,ACCT203739,MERCH300013,purchase,34.68,in_person,2024-04-29 06:54:52,approved,False
TXN20240429002616,ACCT205168,MERCH300260,purchase,32.17,in_person,2024-04-29 21:47:35,approved,False
TXN20240429002617,ACCT200205,MERCH300233,purchase,24.12,mobile,2024-04-29 10:12:25,approved,False
TXN20240429002618,ACCT203863,MERCH300295,purchase,15.53,in_person,2024-04-29 07:27:29,approved,False
TXN20240429002619,ACCT205051,MERCH300117,purchase,4.27,web,2024-04-29 22:15:59,declined,False
TXN20240429002620,ACCT204451,MERCH300215,deposit,13.8,mobile,2024-04-29 01:21:40,approved,False
TXN20240429002621,ACCT201855,MERCH300224,purchase,71.69,in_person,2024-04-29 07:50:40,approved,False
TXN20240429002622,ACCT206426,MERCH300135,transfer,13.32,mobile,2024-04-29 20:55:06,approved,False
TXN20240429002623,ACCT201445,MERCH300251,purchase,36.66,mobile,2024-04-29 04:56:13,approved,False
TXN20240429002624,ACCT204106,MERCH300153,withdrawal,43.17,web,2024-04-29 13:57:28,approved,False
TXN20240429002625,ACCT201370,MERCH300277,purchase,74.65,in_person,2024-04-29 02:02:30,approved,False
TXN20240429002626,ACCT205967,MERCH300081,purchase,32.24,atm,2024-04-29 17:35:11,approved,False
TXN20240429002627,ACCT204972,MERCH300140,purchase,45.95,in_person,2024-04-29 08:01:59,approved,False
TXN20240429002628,ACCT201008,MERCH300116,purchase,31.92,in_person,2024-04-29 09:09:54,approved,False
TXN20240429002629,ACCT201293,MERCH300099,purchase,68.58,in_person,2024-04-29 02:36:26,approved,False
TXN20240429002630,ACCT201471,MERCH300110,purchase,45.32,web,2024-04-29 03:57:31,approved,False
TXN20240429002631,ACCT202746,MERCH300255,transfer,71.07,web,2024-04-29 01:39:53,approved,False
TXN20240429002632,ACCT200743,MERCH300254,purchase,204.88,in_person,2024-04-29 17:21:45,approved,False
TXN20240429002633,ACCT205621,MERCH300066,purchase,26.59,web,2024-04-29 19:17:00,approved,False
TXN20240429002634,ACCT203669,MERCH300066,purchase,15.94,atm,2024-04-29 16:18:29,approved,False
TXN20240429002635,ACCT201819,MERCH300292,purchase,26.15,mobile,2024-04-29 01:55:23,approved,False
TXN20240429002636,ACCT203477,MERCH300238,purchase,23.47,web,2024-04-29 02:20:46,approved,False
TXN20240429002637,ACCT202487,MERCH300244,purchase,4.7,atm,2024-04-29 19:10:09,approved,False
TXN20240429002638,ACCT202848,MERCH300085,deposit,250.36,in_person,2024-04-29 13:38:32,approved,False
TXN20240429002639,ACCT200095,MERCH300240,purchase,7.03,mobile,2024-04-29 01:46:00,approved,False
TXN20240429002640,ACCT202932,MERCH300009,purchase,47.7,web,2024-04-29 02:43:48,reversed,False
TXN20240429002641,ACCT201048,MERCH300145,purchase,85.38,in_person,2024-04-29 21:35:41,approved,False
TXN20240429002642,ACCT204448,MERCH300207,purchase,36.75,web,2024-04-29 16:11:51,approved,False
TXN20240429002643,ACCT205729,MERCH300084,deposit,65.83,mobile,2024-04-29 15:54:55,approved,False
TXN20240429002644,ACCT201582,MERCH300018,deposit,6.79,web,2024-04-29 20:30:04,approved,False
TXN20240429002645,ACCT202981,MERCH300021,purchase,40.0,web,2024-04-29 13:37:15,approved,False
TXN20240429002646,ACCT201174,MERCH300125,purchase,49.18,web,2024-04-29 21:54:50,approved,False
TXN20240429002647,ACCT200131,MERCH300026,deposit,22.11,mobile,2024-04-29 08:47:41,approved,False
TXN20240429002648,ACCT202512,MERCH300080,withdrawal,67.3,web,2024-04-29 00:45:24,approved,False
TXN20240429002649,ACCT203363,MERCH300036,withdrawal,61.08,in_person,2024-04-29 19:40:28,approved,False
TXN20240429002650,ACCT202429,MERCH300244,purchase,15.11,web,2024-04-29 13:14:34,approved,False
TXN20240429002651,ACCT206183,MERCH300000,purchase,33.34,web,2024-04-29 23:20:11,approved,False
TXN20240429002652,ACCT200452,MERCH300150,transfer,10.39,web,2024-04-29 17:58:19,approved,False
TXN20240429002653,ACCT204652,MERCH300041,withdrawal,69.64,mobile,2024-04-29 05:41:14,approved,False
TXN20240429002654,ACCT203871,MERCH300204,purchase,73.13,web,2024-04-29 00:22:03,approved,False
TXN20240429002655,ACCT204883,MERCH300187,purchase,197.55,in_person,2024-04-29 00:21:40,approved,False
TXN20240429002656,ACCT202130,MERCH300099,purchase,32.07,in_person,2024-04-29 21:52:39,approved,False
TXN20240429002657,ACCT203607,MERCH300034,transfer,80.31,in_person,2024-04-29 16:11:13,approved,False
TXN20240429002658,ACCT202431,MERCH300166,deposit,26.58,mobile,2024-04-29 12:55:34,approved,False
TXN20240429002659,ACCT204768,MERCH300211,purchase,56.78,mobile,2024-04-29 23:58:50,approved,False
TXN20240429002660,ACCT205681,MERCH300208,deposit,28.56,in_person,2024-04-29 11:48:36,approved,False
TXN20240429002661,ACCT200212,MERCH300107,deposit,29.41,web,2024-04-29 05:57:41,approved,False
TXN20240429002662,ACCT201223,MERCH300146,deposit,42.28,in_person,2024-04-29 04:29:32,approved,False
TXN20240429002663,ACCT201200,MERCH300110,purchase,64.56,web,2024-04-29 17:27:01,approved,False
TXN20240429002664,ACCT205848,MERCH300279,purchase,81.88,atm,2024-04-29 10:04:21,approved,False
TXN20240429002665,ACCT200214,MERCH300267,purchase,47.13,in_person,2024-04-29 18:17:26,approved,False
TXN20240429002666,ACCT202935,MERCH300233,purchase,21.76,in_person,2024-04-29 13:15:55,approved,False
TXN20240429002667,ACCT205672,MERCH300101,transfer,53.17,web,2024-04-29 11:28:37,approved,False
TXN20240429002668,ACCT204694,MERCH300076,purchase,87.1,web,2024-04-29 19:42:36,approved,False
TXN20240429002669,ACCT206060,MERCH300270,withdrawal,5.0,web,2024-04-29 16:58:14,approved,False
TXN20240429002670,ACCT204341,MERCH300181,deposit,39.07,mobile,2024-04-29 14:37:11,reversed,False
TXN20240429002671,ACCT203259,MERCH300143,purchase,10.55,mobile,2024-04-29 00:13:18,approved,False
TXN20240429002672,ACCT203500,MERCH300016,transfer,185.53,mobile,2024-04-29 00:58:50,approved,False
TXN20240429002673,ACCT204530,MERCH300045,purchase,35.85,in_person,2024-04-29 06:52:48,approved,False
TXN20240429002674,ACCT202209,MERCH300241,purchase,14.8,in_person,2024-04-29 05:01:24,approved,False
TXN20240429002675,ACCT206147,MERCH300207,purchase,7.26,in_person,2024-04-29 18:28:13,approved,False
TXN20240429002676,ACCT205565,MERCH300087,purchase,34.86,in_person,2024-04-29 22:11:12,approved,False
TXN20240429002677,ACCT201062,MERCH300006,withdrawal,19.34,web,2024-04-29 22:56:06,approved,False
TXN20240429002678,ACCT203055,MERCH300266,purchase,90.99,atm,2024-04-29 00:53:39,approved,False
TXN20240429002679,ACCT204230,MERCH300095,purchase,6.88,in_person,2024-04-29 22:11:02,approved,False
TXN20240429002680,ACCT203370,MERCH300100,purchase,63.5,web,2024-04-29 01:53:00,declined,False
TXN20240429002681,ACCT200636,MERCH300212,purchase,37.17,web,2024-04-29 03:04:25,approved,False
TXN20240429002682,ACCT204448,MERCH300144,purchase,94.27,web,2024-04-29 06:26:15,approved,False
TXN20240429002683,ACCT205083,MERCH300142,purchase,329.76,mobile,2024-04-29 20:55:37,approved,False
TXN20240429002684,ACCT200933,MERCH300005,purchase,18.73,mobile,2024-04-29 12:01:29,approved,False
TXN20240429002685,ACCT206038,MERCH300021,purchase,8.07,in_person,2024-04-29 13:08:34,approved,False
TXN20240429002686,ACCT204857,MERCH300115,purchase,25.74,in_person,2024-04-29 16:59:29,approved,False
TXN20240429002687,ACCT206277,MERCH300186,transfer,57.36,web,2024-04-29 08:20:13,approved,False
TXN20240429002688,ACCT204153,MERCH300253,withdrawal,128.91,mobile,2024-04-29 03:15:17,approved,False
TXN20240429002689,ACCT206134,MERCH300015,purchase,13.83,in_person,2024-04-29 00:24:27,approved,False
TXN20240429002690,ACCT201516,MERCH300159,purchase,27.88,web,2024-04-29 14:56:29,approved,False
TXN20240429002691,ACCT200649,MERCH300166,purchase,18.42,mobile,2024-04-29 06:11:46,approved,False
TXN20240429002692,ACCT203148,MERCH300237,purchase,75.64,atm,2024-04-29 16:36:59,approved,False
TXN20240429002693,ACCT202055,MERCH300140,transfer,31.41,web,2024-04-29 13:01:12,approved,False
TXN20240429002694,ACCT201977,MERCH300159,purchase,160.77,atm,2024-04-29 15:11:22,approved,False
TXN20240429002695,ACCT204669,MERCH300102,deposit,35.45,mobile,2024-04-29 04:22:05,approved,False
TXN20240429002696,ACCT205522,MERCH300208,purchase,28.99,web,2024-04-29 18:31:28,declined,False
TXN20240429002697,ACCT204115,MERCH300114,transfer,26.04,atm,2024-04-29 22:41:35,approved,False
TXN20240429002698,ACCT205822,MERCH300213,transfer,16.82,mobile,2024-04-29 20:46:45,approved,False
TXN20240429002699,ACCT206272,MERCH300288,transfer,10.38,mobile,2024-04-29 18:04:18,approved,False
TXN20240429002700,ACCT200059,MERCH300093,purchase,22.87,atm,2024-04-29 01:10:01,approved,False
TXN20240429002701,ACCT205064,MERCH300233,transfer,35.96,mobile,2024-04-29 02:46:10,approved,False
TXN20240429002702,ACCT205273,MERCH300020,purchase,16.47,in_person,2024-04-29 22:02:42,approved,False
TXN20240429002703,ACCT202957,MERCH300291,purchase,69.0,web,2024-04-29 14:44:46,approved,False
TXN20240429002704,ACCT200775,MERCH300056,deposit,72.8,web,2024-04-29 14:22:24,approved,False
TXN20240429002705,ACCT201463,MERCH300111,purchase,34.75,in_person,2024-04-29 17:18:37,approved,False
TXN20240429002706,ACCT204053,MERCH300144,transfer,28.21,web,2024-04-29 05:58:30,approved,False
TXN20240429002707,ACCT204444,MERCH300137,purchase,32.6,in_person,2024-04-29 07:45:17,approved,False
TXN20240429002708,ACCT201521,MERCH300136,purchase,25.84,web,2024-04-29 11:17:24,approved,False
TXN20240429002709,ACCT202780,MERCH300122,purchase,78.65,in_person,2024-04-29 14:51:50,approved,False
TXN20240429002710,ACCT200047,MERCH300019,transfer,60.76,web,2024-04-29 12:18:55,approved,False
TXN20240429002711,ACCT203282,MERCH300200,purchase,35.7,web,2024-04-29 09:40:10,approved,False
TXN20240429002712,ACCT202122,MERCH300277,purchase,36.04,atm,2024-04-29 21:32:19,approved,False
TXN20240429002713,ACCT202532,MERCH300227,purchase,13.49,in_person,2024-04-29 15:04:22,approved,False
TXN20240429002714,ACCT205755,MERCH300051,transfer,11.85,web,2024-04-29 23:50:48,approved,False
TXN20240429002715,ACCT201288,MERCH300221,transfer,88.18,mobile,2024-04-29 15:27:32,approved,False
TXN20240429002716,ACCT203792,MERCH300056,purchase,18.95,web,2024-04-29 01:09:46,approved,False
TXN20240429002717,ACCT202466,MERCH300182,purchase,83.54,web,2024-04-29 08:38:46,approved,False
TXN20240429002718,ACCT203840,MERCH300205,purchase,14.27,in_person,2024-04-29 03:28:29,approved,False
TXN20240429002719,ACCT202664,MERCH300200,transfer,69.07,mobile,2024-04-29 10:53:16,approved,False
TXN20240429002720,ACCT201415,MERCH300013,purchase,10.84,web,2024-04-29 15:01:15,approved,False
TXN20240429002721,ACCT202884,MERCH300104,purchase,20.15,atm,2024-04-29 03:50:27,approved,False
TXN20240429002722,ACCT200741,MERCH300225,deposit,54.56,web,2024-04-29 14:46:22,reversed,False
TXN20240429002723,ACCT202547,MERCH300188,purchase,33.58,web,2024-04-29 01:03:59,approved,False
TXN20240429002724,ACCT202339,MERCH300174,purchase,103.33,web,2024-04-29 20:55:21,approved,False
TXN20240429002725,ACCT200701,MERCH300251,deposit,133.42,web,2024-04-29 15:51:38,approved,False
TXN20240429002726,ACCT202608,MERCH300139,purchase,14.64,mobile,2024-04-29 10:02:31,approved,False
TXN20240429002727,ACCT203868,MERCH300142,transfer,72.06,web,2024-04-29 06:54:22,approved,False
TXN20240429002728,ACCT205345,MERCH300241,purchase,22.32,mobile,2024-04-29 01:24:19,approved,False
TXN20240429002729,ACCT200913,MERCH300064,purchase,42.0,in_person,2024-04-29 11:35:02,approved,False
TXN20240429002730,ACCT204179,MERCH300204,purchase,232.81,web,2024-04-29 18:16:59,approved,False
TXN20240429002731,ACCT200982,MERCH300140,purchase,37.87,in_person,2024-04-29 15:15:05,approved,False
TXN20240429002732,ACCT206212,MERCH300139,purchase,26.13,in_person,2024-04-29 02:46:33,approved,False
TXN20240429002733,ACCT200731,MERCH300040,deposit,32.74,web,2024-04-29 13:55:02,approved,False
TXN20240429002734,ACCT201965,MERCH300012,purchase,24.32,in_person,2024-04-29 04:21:51,approved,False
TXN20240429002735,ACCT202743,MERCH300062,purchase,64.21,in_person,2024-04-29 13:27:14,approved,False
TXN20240429002736,ACCT205110,MERCH300158,purchase,6.96,in_person,2024-04-29 23:53:31,approved,False
TXN20240429002737,ACCT201932,MERCH300065,withdrawal,56.33,web,2024-04-29 04:42:35,approved,False
TXN20240429002738,ACCT202476,MERCH300148,transfer,63.47,in_person,2024-04-29 04:24:05,approved,False
TXN20240429002739,ACCT201289,MERCH300003,purchase,53.11,in_person,2024-04-29 10:28:37,approved,False
TXN20240429002740,ACCT206427,MERCH300043,purchase,64.06,in_person,2024-04-29 13:47:20,approved,False
TXN20240429002741,ACCT203642,MERCH300140,purchase,21.31,in_person,2024-04-29 18:12:20,approved,False
TXN20240429002742,ACCT203779,MERCH300084,withdrawal,25.91,web,2024-04-29 06:58:07,approved,False
TXN20240429002743,ACCT200208,MERCH300194,deposit,73.92,in_person,2024-04-29 16:18:03,reversed,False
TXN20240429002744,ACCT204723,MERCH300223,purchase,67.02,web,2024-04-29 00:27:43,approved,False
TXN20240429002745,ACCT206063,MERCH300297,purchase,72.11,web,2024-04-29 04:12:24,approved,False
TXN20240429002746,ACCT205452,MERCH300187,withdrawal,21.35,mobile,2024-04-29 08:37:24,approved,False
TXN20240429002747,ACCT202254,MERCH300116,purchase,236.13,web,2024-04-29 06:46:08,declined,False
TXN20240429002748,ACCT200041,MERCH300248,purchase,17.44,in_person,2024-04-29 20:37:18,declined,False
TXN20240429002749,ACCT205359,MERCH300180,purchase,61.22,in_person,2024-04-29 01:07:25,approved,False
TXN20240429002750,ACCT200325,MERCH300051,purchase,37.83,in_person,2024-04-29 05:52:01,approved,False
TXN20240429002751,ACCT201431,MERCH300146,purchase,51.76,in_person,2024-04-29 06:47:54,approved,False
TXN20240429002752,ACCT202340,MERCH300046,purchase,28.16,web,2024-04-29 16:30:01,declined,False
TXN20240429002753,ACCT201071,MERCH300206,transfer,96.07,mobile,2024-04-29 07:05:39,approved,False
TXN20240429002754,ACCT203933,MERCH300210,purchase,18.23,web,2024-04-29 11:16:15,approved,False
TXN20240429002755,ACCT205124,MERCH300234,withdrawal,16.64,in_person,2024-04-29 06:11:31,approved,False
TXN20240429002756,ACCT202746,MERCH300197,purchase,19.12,mobile,2024-04-29 08:28:13,approved,False
TXN20240429002757,ACCT205009,MERCH300084,purchase,102.02,web,2024-04-29 06:09:03,approved,False
TXN20240429002758,ACCT204249,MERCH300150,transfer,80.02,in_person,2024-04-29 22:18:15,approved,False
TXN20240429002759,ACCT201470,MERCH300030,transfer,11.35,mobile,2024-04-29 15:31:25,approved,False
TXN20240429002760,ACCT203739,MERCH300279,purchase,18.52,web,2024-04-29 08:38:10,approved,False
TXN20240429002761,ACCT200238,MERCH300013,purchase,68.35,mobile,2024-04-29 04:57:23,approved,False
TXN20240429002762,ACCT204522,MERCH300109,transfer,40.25,mobile,2024-04-29 06:11:51,approved,False
TXN20240429002763,ACCT206374,MERCH300262,deposit,84.81,in_person,2024-04-29 14:26:13,approved,False
TXN20240429002764,ACCT202623,MERCH300047,purchase,219.96,atm,2024-04-29 11:42:42,approved,False
TXN20240429002765,ACCT204786,MERCH300000,transfer,28.7,web,2024-04-29 20:52:21,approved,False
TXN20240429002766,ACCT205819,MERCH300196,transfer,55.64,web,2024-04-29 22:48:09,approved,False
TXN20240429002767,ACCT204273,MERCH300207,purchase,302.89,in_person,2024-04-29 21:05:24,approved,False
TXN20240429002768,ACCT205936,MERCH300173,withdrawal,25.93,mobile,2024-04-29 16:11:18,approved,False
TXN20240429002769,ACCT200889,MERCH300009,transfer,37.38,mobile,2024-04-29 07:46:27,approved,False
TXN20240429002770,ACCT201020,MERCH300081,purchase,14.64,web,2024-04-29 16:07:01,approved,False
TXN20240429002771,ACCT202582,MERCH300169,deposit,41.72,mobile,2024-04-29 12:11:05,approved,True
TXN20240429002772,ACCT202878,MERCH300089,purchase,128.16,in_person,2024-04-29 15:47:24,approved,False
TXN20240429002773,ACCT203282,MERCH300222,purchase,21.97,in_person,2024-04-29 01:10:45,approved,False
TXN20240429002774,ACCT204294,MERCH300028,purchase,30.0,in_person,2024-04-29 02:49:47,approved,False
TXN20240429002775,ACCT206188,MERCH300127,deposit,26.31,mobile,2024-04-29 09:37:34,approved,False
TXN20240429002776,ACCT201346,MERCH300149,transfer,16.96,web,2024-04-29 09:19:17,approved,False
TXN20240429002777,ACCT202402,MERCH300180,deposit,22.89,in_person,2024-04-29 21:58:23,approved,False
TXN20240429002778,ACCT203355,MERCH300170,purchase,26.71,mobile,2024-04-29 07:23:14,approved,False
TXN20240429002779,ACCT201712,MERCH300009,withdrawal,46.19,in_person,2024-04-29 22:03:14,approved,False
TXN20240429002780,ACCT200496,MERCH300290,withdrawal,18.71,mobile,2024-04-29 23:00:15,approved,False
TXN20240429002781,ACCT202207,MERCH300001,deposit,126.22,web,2024-04-29 17:01:42,approved,False
TXN20240429002782,ACCT202393,MERCH300006,deposit,97.53,in_person,2024-04-29 02:42:13,approved,False
TXN20240429002783,ACCT200456,MERCH300225,transfer,17.74,atm,2024-04-29 16:32:58,approved,False
TXN20240429002784,ACCT205528,MERCH300026,transfer,118.12,mobile,2024-04-29 00:45:54,approved,False
TXN20240429002785,ACCT204228,MERCH300164,purchase,19.12,in_person,2024-04-29 02:35:16,approved,False
TXN20240429002786,ACCT201559,MERCH300167,purchase,37.42,mobile,2024-04-29 23:35:09,approved,False
TXN20240429002787,ACCT204508,MERCH300228,purchase,19.97,in_person,2024-04-29 05:16:38,approved,False
TXN20240429002788,ACCT203749,MERCH300061,withdrawal,18.27,in_person,2024-04-29 04:25:38,approved,False
TXN20240429002789,ACCT201524,MERCH300266,purchase,21.3,in_person,2024-04-29 09:49:44,declined,False
TXN20240429002790,ACCT206067,MERCH300025,purchase,27.24,mobile,2024-04-29 11:48:29,approved,False
TXN20240429002791,ACCT200860,MERCH300093,purchase,22.57,web,2024-04-29 11:30:29,approved,False
TXN20240429002792,ACCT202319,MERCH300275,withdrawal,19.98,in_person,2024-04-29 14:07:05,approved,False
TXN20240429002793,ACCT201178,MERCH300258,purchase,368.52,mobile,2024-04-29 22:19:18,approved,False
TXN20240429002794,ACCT203747,MERCH300193,deposit,67.92,mobile,2024-04-29 09:39:32,approved,False
TXN20240429002795,ACCT201262,MERCH300112,withdrawal,113.45,mobile,2024-04-29 01:53:42,approved,True
TXN20240429002796,ACCT206036,MERCH300169,purchase,54.71,web,2024-04-29 11:29:46,approved,False
TXN20240429002797,ACCT204220,MERCH300173,withdrawal,41.93,web,2024-04-29 13:40:50,approved,False
TXN20240429002798,ACCT201369,MERCH300267,purchase,94.51,web,2024-04-29 20:00:00,approved,True
TXN20240429002799,ACCT202897,MERCH300190,purchase,36.54,mobile,2024-04-29 22:06:38,approved,False
TXN20240429002800,ACCT204848,MERCH300082,purchase,38.21,web,2024-04-29 07:00:28,approved,False
TXN20240429002801,ACCT205774,MERCH300084,transfer,26.42,web,2024-04-29 12:46:33,approved,False
TXN20240429002802,ACCT201103,MERCH300012,purchase,110.87,in_person,2024-04-29 02:51:32,approved,False
TXN20240429002803,ACCT204424,MERCH300077,purchase,52.0,web,2024-04-29 17:55:40,approved,False
TXN20240429002804,ACCT205198,MERCH300168,purchase,101.35,in_person,2024-04-29 12:53:28,approved,False
TXN20240429002805,ACCT204373,MERCH300106,transfer,23.24,in_person,2024-04-29 19:34:36,approved,False
TXN20240429002806,ACCT202503,MERCH300238,purchase,103.11,in_person,2024-04-29 14:17:26,approved,False
TXN20240429002807,ACCT201049,MERCH300046,transfer,51.49,in_person,2024-04-29 20:58:05,approved,False
TXN20240429002808,ACCT205558,MERCH300018,purchase,100.07,in_person,2024-04-29 21:26:58,approved,False
TXN20240429002809,ACCT200424,MERCH300175,purchase,27.85,web,2024-04-29 13:42:29,approved,False
TXN20240429002810,ACCT200850,MERCH300051,transfer,29.75,in_person,2024-04-29 08:13:09,approved,False
TXN20240429002811,ACCT206105,MERCH300092,purchase,83.06,mobile,2024-04-29 00:05:53,approved,False
TXN20240429002812,ACCT200936,MERCH300098,deposit,8.55,web,2024-04-29 08:33:21,approved,False
TXN20240429002813,ACCT201120,MERCH300042,purchase,70.86,web,2024-04-29 23:09:56,approved,False
TXN20240429002814,ACCT204167,MERCH300198,purchase,42.24,atm,2024-04-29 00:16:34,approved,False
TXN20240429002815,ACCT201711,MERCH300116,purchase,81.53,in_person,2024-04-29 06:42:04,approved,False
TXN20240429002816,ACCT204730,MERCH300257,purchase,25.65,in_person,2024-04-29 02:02:43,approved,False
TXN20240429002817,ACCT200665,MERCH300152,purchase,34.16,in_person,2024-04-29 21:52:03,approved,False
TXN20240429002818,ACCT204241,MERCH300235,purchase,56.02,in_person,2024-04-29 01:41:09,approved,False
TXN20240429002819,ACCT202075,MERCH300220,purchase,40.88,in_person,2024-04-29 11:56:51,approved,False
TXN20240429002820,ACCT204768,MERCH300251,withdrawal,78.8,atm,2024-04-29 13:43:47,approved,False
TXN20240429002821,ACCT200062,MERCH300036,purchase,136.34,mobile,2024-04-29 23:40:24,reversed,False
TXN20240429002822,ACCT200436,MERCH300169,purchase,13.43,in_person,2024-04-29 17:56:48,approved,False
TXN20240429002823,ACCT201932,MERCH300077,transfer,89.22,in_person,2024-04-29 06:38:31,approved,False
TXN20240429002824,ACCT204452,MERCH300029,purchase,106.3,web,2024-04-29 12:37:30,declined,False
TXN20240429002825,ACCT200589,MERCH300281,purchase,11.4,web,2024-04-29 01:30:36,approved,False
TXN20240429002826,ACCT200323,MERCH300287,purchase,197.43,web,2024-04-29 01:58:17,approved,False
TXN20240429002827,ACCT201072,MERCH300179,deposit,33.94,web,2024-04-29 13:25:51,approved,False
TXN20240429002828,ACCT202864,MERCH300132,purchase,101.99,web,2024-04-29 19:44:12,approved,False
TXN20240429002829,ACCT205585,MERCH300111,purchase,12.09,mobile,2024-04-29 16:41:11,approved,False
TXN20240429002830,ACCT205460,MERCH300093,purchase,62.88,atm,2024-04-29 21:14:06,approved,False
TXN20240429002831,ACCT201719,MERCH300025,purchase,45.9,in_person,2024-04-29 06:05:41,approved,False
TXN20240429002832,ACCT202314,MERCH300041,purchase,59.97,in_person,2024-04-29 20:49:47,approved,False
TXN20240429002833,ACCT202349,MERCH300297,withdrawal,23.44,mobile,2024-04-29 03:41:39,approved,False
TXN20240429002834,ACCT204003,MERCH300132,purchase,120.87,web,2024-04-29 11:23:16,approved,False
TXN20240429002835,ACCT201662,MERCH300277,purchase,115.94,web,2024-04-29 05:41:26,approved,False
TXN20240429002836,ACCT203435,MERCH300295,purchase,194.73,in_person,2024-04-29 12:13:03,approved,False
TXN20240429002837,ACCT204617,MERCH300152,deposit,304.25,in_person,2024-04-29 11:59:03,approved,False
TXN20240429002838,ACCT205905,MERCH300222,purchase,34.45,in_person,2024-04-29 17:43:57,approved,False
TXN20240429002839,ACCT200759,MERCH300072,purchase,9.67,mobile,2024-04-29 02:12:12,approved,False
TXN20240429002840,ACCT201485,MERCH300227,purchase,150.53,in_person,2024-04-29 16:08:20,approved,False
TXN20240429002841,ACCT203567,MERCH300284,purchase,39.91,in_person,2024-04-29 07:34:34,approved,False
TXN20240429002842,ACCT202061,MERCH300018,purchase,16.23,atm,2024-04-29 10:41:28,approved,False
TXN20240429002843,ACCT200526,MERCH300175,purchase,238.02,mobile,2024-04-29 02:28:23,approved,False
TXN20240429002844,ACCT202415,MERCH300127,purchase,43.45,in_person,2024-04-29 16:18:14,approved,False
TXN20240429002845,ACCT201346,MERCH300099,purchase,71.07,mobile,2024-04-29 13:31:17,approved,False
TXN20240429002846,ACCT205346,MERCH300023,withdrawal,39.25,web,2024-04-29 22:13:42,approved,False
TXN20240429002847,ACCT200184,MERCH300227,purchase,73.7,web,2024-04-29 09:50:12,approved,False
TXN20240429002848,ACCT201082,MERCH300176,purchase,19.39,web,2024-04-29 18:36:27,approved,False
TXN20240429002849,ACCT204588,MERCH300167,purchase,45.94,in_person,2024-04-29 21:09:19,approved,False
TXN20240429002850,ACCT203768,MERCH300198,deposit,37.91,atm,2024-04-29 03:45:47,approved,False
TXN20240429002851,ACCT200756,MERCH300072,transfer,40.13,atm,2024-04-29 08:58:05,approved,False
TXN20240429002852,ACCT204116,MERCH300170,transfer,19.03,mobile,2024-04-29 16:07:45,approved,False
TXN20240429002853,ACCT203244,MERCH300192,purchase,63.11,web,2024-04-29 06:44:22,approved,False
TXN20240429002854,ACCT202164,MERCH300109,purchase,32.06,atm,2024-04-29 11:44:41,approved,False
TXN20240429002855,ACCT205230,MERCH300179,purchase,53.66,web,2024-04-29 07:53:22,approved,False
TXN20240429002856,ACCT205665,MERCH300032,purchase,74.56,mobile,2024-04-29 14:13:43,approved,False
TXN20240429002857,ACCT204097,MERCH300256,purchase,85.83,atm,2024-04-29 15:23:15,approved,False
TXN20240429002858,ACCT204174,MERCH300227,purchase,16.91,in_person,2024-04-29 07:22:45,approved,False
TXN20240429002859,ACCT204685,MERCH300048,purchase,81.83,in_person,2024-04-29 23:05:37,approved,False
TXN20240429002860,ACCT203046,MERCH300267,transfer,11.46,mobile,2024-04-29 10:32:30,approved,False
TXN20240429002861,ACCT202812,MERCH300157,purchase,123.77,mobile,2024-04-29 15:09:42,declined,False
TXN20240429002862,ACCT201010,MERCH300195,withdrawal,104.96,web,2024-04-29 17:49:36,approved,False
TXN20240429002863,ACCT200948,MERCH300241,purchase,39.87,mobile,2024-04-29 01:33:15,approved,False
TXN20240429002864,ACCT201625,MERCH300187,purchase,51.4,in_person,2024-04-29 10:36:54,approved,False
TXN20240429002865,ACCT200740,MERCH300038,purchase,28.76,web,2024-04-29 05:59:58,approved,False
TXN20240429002866,ACCT205082,MERCH300035,purchase,77.7,in_person,2024-04-29 14:26:06,approved,False
TXN20240429002867,ACCT203075,MERCH300056,withdrawal,19.57,in_person,2024-04-29 07:34:38,approved,False
TXN20240429002868,ACCT203465,MERCH300214,purchase,69.18,web,2024-04-29 09:03:06,approved,False
TXN20240429002869,ACCT203011,MERCH300236,transfer,30.52,in_person,2024-04-29 03:14:31,approved,False
TXN20240429002870,ACCT201583,MERCH300010,withdrawal,109.66,web,2024-04-29 13:07:32,approved,False
TXN20240429002871,ACCT204068,MERCH300026,purchase,152.44,mobile,2024-04-29 04:39:25,approved,False
TXN20240429002872,ACCT205104,MERCH300270,withdrawal,31.95,web,2024-04-29 01:10:01,approved,False
TXN20240429002873,ACCT201755,MERCH300174,transfer,14.69,web,2024-04-29 05:06:34,approved,False
TXN20240429002874,ACCT202302,MERCH300223,transfer,9.39,in_person,2024-04-29 13:25:23,approved,False
TXN20240429002875,ACCT200948,MERCH300295,purchase,14.47,in_person,2024-04-29 03:06:50,approved,False
TXN20240429002876,ACCT205271,MERCH300146,purchase,25.22,in_person,2024-04-29 21:27:38,approved,False
TXN20240429002877,ACCT202459,MERCH300075,purchase,9.56,atm,2024-04-29 15:07:00,approved,False
TXN20240429002878,ACCT200549,MERCH300188,transfer,83.16,web,2024-04-29 01:31:53,approved,False
TXN20240429002879,ACCT206149,MERCH300019,withdrawal,9.48,atm,2024-04-29 09:45:34,approved,False
TXN20240429002880,ACCT200544,MERCH300238,purchase,17.71,web,2024-04-29 02:14:04,approved,False
TXN20240429002881,ACCT204209,MERCH300237,purchase,28.06,in_person,2024-04-29 20:35:24,approved,False
TXN20240429002882,ACCT206277,MERCH300008,purchase,51.56,in_person,2024-04-29 07:39:37,approved,False
TXN20240429002883,ACCT205875,MERCH300169,purchase,38.04,in_person,2024-04-29 14:20:49,approved,False
TXN20240429002884,ACCT204942,MERCH300000,purchase,81.32,in_person,2024-04-29 18:44:36,approved,False
TXN20240429002885,ACCT205576,MERCH300103,purchase,44.15,mobile,2024-04-29 23:05:42,approved,False
TXN20240429002886,ACCT202389,MERCH300111,purchase,20.65,in_person,2024-04-29 08:37:54,approved,False
TXN20240429002887,ACCT204796,MERCH300127,deposit,10.16,web,2024-04-29 02:29:33,approved,False
TXN20240429002888,ACCT200411,MERCH300285,transfer,35.15,in_person,2024-04-29 06:57:43,approved,False
TXN20240429002889,ACCT203449,MERCH300051,withdrawal,142.02,mobile,2024-04-29 04:38:46,approved,False
TXN20240429002890,ACCT201719,MERCH300262,purchase,119.37,web,2024-04-29 21:01:12,approved,False
TXN20240429002891,ACCT200500,MERCH300189,purchase,24.02,web,2024-04-29 11:13:22,approved,False
TXN20240429002892,ACCT205919,MERCH300109,purchase,63.0,mobile,2024-04-29 21:22:00,approved,False
TXN20240429002893,ACCT203403,MERCH300214,purchase,43.65,in_person,2024-04-29 10:04:36,approved,False
TXN20240429002894,ACCT205180,MERCH300278,deposit,172.31,atm,2024-04-29 22:52:34,approved,False
TXN20240429002895,ACCT204366,MERCH300175,purchase,149.27,in_person,2024-04-29 10:49:25,approved,False
TXN20240429002896,ACCT201364,MERCH300024,withdrawal,213.98,mobile,2024-04-29 02:11:53,approved,False
TXN20240429002897,ACCT203406,MERCH300268,purchase,15.95,in_person,2024-04-29 19:14:01,approved,False
TXN20240429002898,ACCT203047,MERCH300219,purchase,90.77,web,2024-04-29 13:08:58,approved,False
TXN20240429002899,ACCT203094,MERCH300053,purchase,17.81,mobile,2024-04-29 02:03:13,approved,True
TXN20240429002900,ACCT205928,MERCH300224,purchase,22.53,in_person,2024-04-29 07:27:27,approved,False
TXN20240429002901,ACCT200671,MERCH300161,purchase,14.38,mobile,2024-04-29 05:27:03,approved,False
TXN20240429002902,ACCT202902,MERCH300210,deposit,135.02,mobile,2024-04-29 01:10:19,declined,False
TXN20240429002903,ACCT204812,MERCH300082,purchase,61.47,mobile,2024-04-29 11:21:54,approved,False
TXN20240429002904,ACCT206473,MERCH300191,withdrawal,38.81,mobile,2024-04-29 19:26:40,approved,False
TXN20240429002905,ACCT203352,MERCH300148,withdrawal,14.36,in_person,2024-04-29 22:25:01,approved,False
TXN20240429002906,ACCT203879,MERCH300102,purchase,95.99,in_person,2024-04-29 06:17:20,approved,False
TXN20240429002907,ACCT200396,MERCH300103,withdrawal,77.38,in_person,2024-04-29 04:29:24,approved,False
TXN20240429002908,ACCT203137,MERCH300153,deposit,58.29,web,2024-04-29 18:38:52,approved,False
TXN20240429002909,ACCT204622,MERCH300294,purchase,31.28,in_person,2024-04-29 17:22:23,approved,False
TXN20240429002910,ACCT203856,MERCH300080,purchase,41.97,web,2024-04-29 20:16:49,approved,False
TXN20240429002911,ACCT205904,MERCH300118,withdrawal,17.64,in_person,2024-04-29 23:34:25,approved,False
TXN20240429002912,ACCT201312,MERCH300289,deposit,20.04,mobile,2024-04-29 00:31:55,approved,False
TXN20240429002913,ACCT200576,MERCH300009,purchase,29.99,atm,2024-04-29 02:07:31,approved,False
TXN20240429002914,ACCT201501,MERCH300071,purchase,12.43,atm,2024-04-29 20:46:33,approved,False
TXN20240429002915,ACCT205292,MERCH300158,purchase,6.14,atm,2024-04-29 19:31:37,approved,False
TXN20240429002916,ACCT203191,MERCH300164,purchase,53.53,web,2024-04-29 18:08:25,declined,False
TXN20240429002917,ACCT204918,MERCH300063,purchase,151.71,web,2024-04-29 10:40:45,approved,False
TXN20240429002918,ACCT204918,MERCH300217,transfer,48.62,web,2024-04-29 05:23:39,approved,False
TXN20240429002919,ACCT201481,MERCH300137,purchase,74.06,mobile,2024-04-29 05:45:11,approved,False
TXN20240429002920,ACCT202015,MERCH300111,purchase,44.95,web,2024-04-29 19:59:04,approved,False
TXN20240429002921,ACCT203180,MERCH300128,deposit,90.29,mobile,2024-04-29 19:17:27,approved,False
TXN20240429002922,ACCT203502,MERCH300097,purchase,10.25,in_person,2024-04-29 10:37:09,approved,False
TXN20240429002923,ACCT205717,MERCH300021,purchase,33.27,web,2024-04-29 01:04:09,approved,False
TXN20240429002924,ACCT202278,MERCH300075,purchase,56.73,web,2024-04-29 20:04:36,approved,False
TXN20240429002925,ACCT202211,MERCH300260,purchase,25.2,in_person,2024-04-29 08:20:54,approved,False
TXN20240429002926,ACCT200331,MERCH300068,purchase,86.42,mobile,2024-04-29 06:59:18,approved,False
TXN20240429002927,ACCT201120,MERCH300050,purchase,72.75,web,2024-04-29 11:30:32,approved,False
TXN20240429002928,ACCT201947,MERCH300032,purchase,118.31,in_person,2024-04-29 06:26:22,approved,False
TXN20240429002929,ACCT203609,MERCH300096,withdrawal,67.57,web,2024-04-29 08:29:06,approved,False
TXN20240429002930,ACCT200593,MERCH300133,purchase,109.53,in_person,2024-04-29 14:15:51,approved,False
TXN20240429002931,ACCT200373,MERCH300063,purchase,88.99,in_person,2024-04-29 09:31:45,approved,False
TXN20240429002932,ACCT201857,MERCH300108,deposit,75.91,mobile,2024-04-29 02:12:57,approved,False
TXN20240429002933,ACCT204847,MERCH300008,purchase,29.66,mobile,2024-04-29 04:16:45,approved,False
TXN20240429002934,ACCT203463,MERCH300220,purchase,34.86,atm,2024-04-29 05:19:15,approved,False
TXN20240429002935,ACCT202123,MERCH300101,purchase,41.13,mobile,2024-04-29 09:48:18,approved,False
TXN20240429002936,ACCT201505,MERCH300117,purchase,56.54,web,2024-04-29 22:54:56,approved,False
TXN20240429002937,ACCT204084,MERCH300099,purchase,54.01,mobile,2024-04-29 05:21:02,approved,False
TXN20240429002938,ACCT202739,MERCH300066,purchase,157.73,in_person,2024-04-29 22:17:09,approved,False
TXN20240429002939,ACCT204381,MERCH300180,purchase,4.55,web,2024-04-29 14:14:36,approved,False
TXN20240429002940,ACCT200718,MERCH300284,purchase,41.18,mobile,2024-04-29 12:13:13,approved,False
TXN20240429002941,ACCT200982,MERCH300031,purchase,11.66,in_person,2024-04-29 22:55:34,approved,False
TXN20240429002942,ACCT200936,MERCH300168,transfer,7.42,in_person,2024-04-29 20:24:02,approved,False
TXN20240429002943,ACCT203304,MERCH300126,purchase,42.98,web,2024-04-29 19:52:23,approved,False
TXN20240429002944,ACCT205437,MERCH300003,purchase,16.78,in_person,2024-04-29 04:35:56,approved,False
TXN20240429002945,ACCT206050,MERCH300085,purchase,7.22,mobile,2024-04-29 05:44:30,approved,False
TXN20240429002946,ACCT200569,MERCH300276,purchase,21.12,mobile,2024-04-29 02:12:21,approved,False
TXN20240429002947,ACCT201992,MERCH300123,withdrawal,27.78,web,2024-04-29 03:23:59,approved,True
TXN20240429002948,ACCT203413,MERCH300160,purchase,128.96,mobile,2024-04-29 08:52:00,approved,False
TXN20240429002949,ACCT203716,MERCH300278,transfer,78.96,web,2024-04-29 17:43:23,reversed,False
TXN20240429002950,ACCT201101,MERCH300092,withdrawal,143.45,in_person,2024-04-29 01:48:24,approved,False
TXN20240429002951,ACCT205894,MERCH300247,purchase,129.42,mobile,2024-04-29 19:05:16,approved,False
TXN20240429002952,ACCT204284,MERCH300152,transfer,38.99,mobile,2024-04-29 02:54:46,approved,False
TXN20240429002953,ACCT203939,MERCH300093,purchase,37.13,in_person,2024-04-29 11:32:38,approved,False
TXN20240429002954,ACCT202853,MERCH300141,purchase,95.51,atm,2024-04-29 02:02:59,approved,False
TXN20240429002955,ACCT203717,MERCH300056,purchase,30.6,mobile,2024-04-29 23:07:14,approved,False
TXN20240429002956,ACCT200077,MERCH300005,purchase,37.45,in_person,2024-04-29 20:12:42,approved,False
TXN20240429002957,ACCT200961,MERCH300157,purchase,8.26,in_person,2024-04-29 03:21:12,approved,False
TXN20240429002958,ACCT201936,MERCH300067,transfer,61.17,in_person,2024-04-29 09:29:09,approved,False
TXN20240429002959,ACCT202384,MERCH300002,purchase,20.28,in_person,2024-04-29 03:55:06,approved,False
TXN20240429002960,ACCT204252,MERCH300182,deposit,10.05,web,2024-04-29 06:16:18,approved,False
TXN20240429002961,ACCT203043,MERCH300234,transfer,9.42,in_person,2024-04-29 03:09:18,approved,False
TXN20240429002962,ACCT205155,MERCH300200,withdrawal,20.5,web,2024-04-29 05:48:10,approved,False
TXN20240429002963,ACCT204552,MERCH300299,purchase,22.12,atm,2024-04-29 20:05:07,approved,False
TXN20240429002964,ACCT200856,MERCH300032,purchase,49.24,in_person,2024-04-29 01:17:28,approved,False
TXN20240429002965,ACCT202269,MERCH300180,purchase,135.27,web,2024-04-29 02:13:11,approved,True
TXN20240429002966,ACCT204789,MERCH300050,purchase,95.9,in_person,2024-04-29 05:09:13,approved,False
TXN20240429002967,ACCT203259,MERCH300274,purchase,17.96,in_person,2024-04-29 18:56:34,approved,False
TXN20240429002968,ACCT202063,MERCH300017,purchase,14.84,mobile,2024-04-29 00:40:46,approved,False
TXN20240429002969,ACCT200778,MERCH300293,deposit,6.22,atm,2024-04-29 11:40:01,approved,False
TXN20240429002970,ACCT202786,MERCH300006,purchase,33.96,atm,2024-04-29 10:50:22,approved,False
TXN20240429002971,ACCT201678,MERCH300242,purchase,67.29,in_person,2024-04-29 17:17:44,approved,False
TXN20240429002972,ACCT205613,MERCH300025,purchase,295.01,mobile,2024-04-29 00:34:05,approved,False
TXN20240429002973,ACCT202656,MERCH300073,purchase,32.27,in_person,2024-04-29 20:03:36,approved,False
TXN20240429002974,ACCT203828,MERCH300205,purchase,11.13,atm,2024-04-29 06:54:29,approved,False
TXN20240429002975,ACCT202537,MERCH300071,transfer,13.92,web,2024-04-29 01:49:11,approved,False
TXN20240429002976,ACCT202023,MERCH300260,purchase,44.68,web,2024-04-29 11:44:10,approved,False
TXN20240429002977,ACCT205003,MERCH300199,purchase,30.93,in_person,2024-04-29 17:45:18,approved,False
TXN20240429002978,ACCT204497,MERCH300080,purchase,10.96,mobile,2024-04-29 22:30:40,approved,False
TXN20240429002979,ACCT202920,MERCH300094,purchase,136.93,web,2024-04-29 01:38:53,approved,False
TXN20240429002980,ACCT201845,MERCH300235,purchase,82.73,mobile,2024-04-29 10:30:37,approved,False
TXN20240429002981,ACCT202637,MERCH300271,purchase,51.7,in_person,2024-04-29 19:26:13,approved,True
TXN20240429002982,ACCT204536,MERCH300270,purchase,43.42,mobile,2024-04-29 00:48:26,approved,False
TXN20240429002983,ACCT205000,MERCH300021,purchase,51.77,in_person,2024-04-29 22:33:15,approved,False
TXN20240429002984,ACCT202732,MERCH300058,deposit,56.92,web,2024-04-29 12:10:52,approved,False
TXN20240429002985,ACCT202921,MERCH300258,purchase,20.62,mobile,2024-04-29 19:34:00,approved,False
TXN20240429002986,ACCT203712,MERCH300077,purchase,101.27,web,2024-04-29 06:05:58,approved,False
TXN20240429002987,ACCT202703,MERCH300054,purchase,79.59,in_person,2024-04-29 08:02:31,approved,False
TXN20240429002988,ACCT202173,MERCH300086,purchase,11.19,web,2024-04-29 10:19:01,approved,False
TXN20240429002989,ACCT200917,MERCH300099,purchase,26.46,mobile,2024-04-29 18:07:02,approved,False
TXN20240429002990,ACCT206320,MERCH300065,purchase,73.56,in_person,2024-04-29 14:54:34,declined,True
TXN20240429002991,ACCT204291,MERCH300198,purchase,15.71,mobile,2024-04-29 01:28:02,approved,False
TXN20240429002992,ACCT201207,MERCH300002,purchase,48.42,atm,2024-04-29 09:43:39,approved,False
TXN20240429002993,ACCT202790,MERCH300068,withdrawal,11.38,in_person,2024-04-29 03:05:04,approved,False
TXN20240429002994,ACCT201202,MERCH300126,purchase,9.19,mobile,2024-04-29 17:28:04,approved,False
TXN20240429002995,ACCT202072,MERCH300209,purchase,24.69,web,2024-04-29 20:13:42,approved,False
TXN20240429002996,ACCT205418,MERCH300196,purchase,43.76,web,2024-04-29 22:38:27,approved,False
TXN20240429002997,ACCT202190,MERCH300056,withdrawal,136.21,mobile,2024-04-29 00:48:41,approved,False
TXN20240429002998,ACCT200758,MERCH300062,purchase,120.59,in_person,2024-04-29 16:18:18,approved,False
TXN20240429002999,ACCT206213,MERCH300000,transfer,28.83,in_person,2024-04-29 08:12:09,approved,False
TXN20240429003000,ACCT205015,MERCH300134,purchase,54.51,in_person,2024-04-29 08:30:55,approved,False
TXN20240429003001,ACCT200543,MERCH300297,withdrawal,97.23,mobile,2024-04-29 14:04:40,approved,False
TXN20240429003002,ACCT200057,MERCH300220,deposit,26.95,atm,2024-04-29 10:00:14,approved,False
TXN20240429003003,ACCT201859,MERCH300041,transfer,54.84,in_person,2024-04-29 19:39:14,approved,False
TXN20240429003004,ACCT202752,MERCH300250,transfer,239.07,web,2024-04-29 04:09:38,approved,False
TXN20240429003005,ACCT204730,MERCH300200,withdrawal,46.64,web,2024-04-29 09:45:45,approved,False
TXN20240429003006,ACCT201793,MERCH300000,purchase,173.64,in_person,2024-04-29 17:43:48,approved,False
TXN20240429003007,ACCT203169,MERCH300062,purchase,20.86,mobile,2024-04-29 21:55:41,approved,False
TXN20240429003008,ACCT200731,MERCH300054,purchase,31.5,web,2024-04-29 08:49:11,approved,False
TXN20240429003009,ACCT200482,MERCH300272,purchase,46.17,in_person,2024-04-29 12:41:22,approved,False
TXN20240429003010,ACCT201458,MERCH300046,withdrawal,15.63,in_person,2024-04-29 07:10:01,approved,False
TXN20240429003011,ACCT202207,MERCH300165,purchase,18.82,mobile,2024-04-29 07:14:54,approved,False
TXN20240429003012,ACCT203109,MERCH300157,purchase,178.26,in_person,2024-04-29 16:43:19,approved,False
TXN20240429003013,ACCT200746,MERCH300130,transfer,8.16,web,2024-04-29 23:02:09,declined,False
TXN20240429003014,ACCT202379,MERCH300241,deposit,67.1,web,2024-04-29 22:11:39,approved,False
TXN20240429003015,ACCT201025,MERCH300221,purchase,6.54,web,2024-04-29 14:22:24,approved,False
TXN20240429003016,ACCT206399,MERCH300067,purchase,17.86,web,2024-04-29 09:33:08,approved,False
TXN20240429003017,ACCT206119,MERCH300253,purchase,75.52,in_person,2024-04-29 09:25:09,approved,False
TXN20240429003018,ACCT200930,MERCH300156,withdrawal,41.75,atm,2024-04-29 06:43:03,approved,False
TXN20240429003019,ACCT204748,MERCH300121,purchase,28.34,in_person,2024-04-29 18:01:35,approved,False
TXN20240429003020,ACCT200903,MERCH300249,transfer,91.68,in_person,2024-04-29 16:17:53,declined,False
TXN20240429003021,ACCT202128,MERCH300255,purchase,36.4,in_person,2024-04-29 11:05:47,declined,False
TXN20240429003022,ACCT204742,MERCH300188,purchase,29.36,mobile,2024-04-29 15:09:24,approved,False
TXN20240429003023,ACCT204257,MERCH300242,transfer,42.41,atm,2024-04-29 01:15:09,approved,False
TXN20240429003024,ACCT205617,MERCH300296,purchase,45.81,in_person,2024-04-29 20:21:11,approved,False
TXN20240429003025,ACCT201655,MERCH300156,purchase,44.71,in_person,2024-04-29 12:59:06,approved,False
TXN20240429003026,ACCT202663,MERCH300165,purchase,61.05,mobile,2024-04-29 23:14:33,approved,False
TXN20240429003027,ACCT201068,MERCH300256,transfer,553.51,atm,2024-04-29 04:53:18,approved,False
TXN20240429003028,ACCT203231,MERCH300055,purchase,222.03,web,2024-04-29 22:14:41,approved,False
TXN20240429003029,ACCT200891,MERCH300140,transfer,10.29,in_person,2024-04-29 05:29:08,approved,False
TXN20240429003030,ACCT205070,MERCH300247,withdrawal,70.71,atm,2024-04-29 23:40:21,approved,False
TXN20240429003031,ACCT203044,MERCH300125,purchase,27.93,in_person,2024-04-29 20:03:20,approved,False
TXN20240429003032,ACCT202734,MERCH300123,purchase,103.82,mobile,2024-04-29 09:01:35,declined,False
TXN20240429003033,ACCT201683,MERCH300239,purchase,22.4,mobile,2024-04-29 00:12:00,approved,False
TXN20240429003034,ACCT204056,MERCH300205,purchase,39.96,mobile,2024-04-29 03:51:20,approved,False
TXN20240429003035,ACCT202946,MERCH300285,purchase,6.62,web,2024-04-29 23:32:48,approved,False
TXN20240429003036,ACCT200375,MERCH300242,purchase,63.12,mobile,2024-04-29 14:55:23,approved,False
TXN20240429003037,ACCT200324,MERCH300139,purchase,30.98,in_person,2024-04-29 15:41:09,approved,False
TXN20240429003038,ACCT200462,MERCH300061,transfer,37.75,atm,2024-04-29 18:27:54,approved,False
TXN20240429003039,ACCT204532,MERCH300284,purchase,8.3,in_person,2024-04-29 23:38:34,approved,False
TXN20240429003040,ACCT202249,MERCH300036,purchase,17.77,mobile,2024-04-29 10:30:44,approved,False
TXN20240429003041,ACCT201644,MERCH300155,purchase,5.63,web,2024-04-29 19:03:59,approved,False
TXN20240429003042,ACCT200835,MERCH300154,purchase,43.84,in_person,2024-04-29 08:19:32,approved,False
TXN20240429003043,ACCT201709,MERCH300216,purchase,57.12,mobile,2024-04-29 21:22:46,approved,False
TXN20240429003044,ACCT200257,MERCH300290,purchase,3.88,web,2024-04-29 18:52:14,approved,False
TXN20240429003045,ACCT203285,MERCH300202,purchase,41.68,in_person,2024-04-29 22:03:55,approved,False
TXN20240429003046,ACCT203098,MERCH300125,transfer,52.32,in_person,2024-04-29 09:16:30,approved,False
TXN20240429003047,ACCT203107,MERCH300020,purchase,16.36,in_person,2024-04-29 10:41:07,approved,False
TXN20240429003048,ACCT202460,MERCH300284,purchase,48.33,web,2024-04-29 01:33:40,approved,False
TXN20240429003049,ACCT202443,MERCH300157,purchase,20.95,web,2024-04-29 14:41:04,approved,False
TXN20240429003050,ACCT202680,MERCH300241,purchase,4.23,web,2024-04-29 06:19:07,approved,False
TXN20240429003051,ACCT201875,MERCH300032,deposit,76.77,mobile,2024-04-29 05:23:06,approved,False
TXN20240429003052,ACCT202411,MERCH300115,purchase,375.84,mobile,2024-04-29 09:52:38,approved,False
TXN20240429003053,ACCT201715,MERCH300231,transfer,63.91,mobile,2024-04-29 01:03:41,declined,False
TXN20240429003054,ACCT200941,MERCH300178,deposit,46.06,in_person,2024-04-29 06:18:15,approved,False
TXN20240429003055,ACCT206005,MERCH300265,purchase,13.65,mobile,2024-04-29 02:46:31,approved,False
TXN20240429003056,ACCT203084,MERCH300176,purchase,53.11,web,2024-04-29 04:52:44,approved,False
TXN20240429003057,ACCT201974,MERCH300068,withdrawal,102.35,mobile,2024-04-29 09:10:48,approved,False
TXN20240429003058,ACCT205665,MERCH300184,purchase,40.81,in_person,2024-04-29 04:00:57,approved,False
TXN20240429003059,ACCT203232,MERCH300035,purchase,7.46,in_person,2024-04-29 22:44:36,approved,False
TXN20240429003060,ACCT203303,MERCH300277,purchase,60.38,mobile,2024-04-29 11:04:27,approved,False
TXN20240429003061,ACCT201974,MERCH300131,purchase,134.8,web,2024-04-29 01:02:12,reversed,True
TXN20240429003062,ACCT204231,MERCH300280,purchase,55.29,in_person,2024-04-29 00:07:25,approved,False
TXN20240429003063,ACCT205525,MERCH300224,transfer,16.8,mobile,2024-04-29 09:48:43,approved,False
TXN20240429003064,ACCT200929,MERCH300059,purchase,35.15,web,2024-04-29 00:34:19,approved,False
TXN20240429003065,ACCT204144,MERCH300139,purchase,86.85,web,2024-04-29 05:01:24,approved,False
TXN20240429003066,ACCT204208,MERCH300109,transfer,38.51,atm,2024-04-29 16:07:20,approved,False
TXN20240429003067,ACCT201943,MERCH300189,withdrawal,29.9,mobile,2024-04-29 13:00:34,approved,False
TXN20240429003068,ACCT204896,MERCH300277,withdrawal,29.93,mobile,2024-04-29 01:59:30,declined,False
TXN20240429003069,ACCT204136,MERCH300169,purchase,28.47,in_person,2024-04-29 18:16:03,approved,False
TXN20240429003070,ACCT200279,MERCH300138,deposit,32.2,web,2024-04-29 03:25:14,approved,False
TXN20240429003071,ACCT204519,MERCH300089,transfer,36.25,in_person,2024-04-29 03:24:53,approved,False
TXN20240429003072,ACCT200191,MERCH300002,deposit,79.06,in_person,2024-04-29 12:34:12,approved,False
TXN20240429003073,ACCT202096,MERCH300123,purchase,62.31,mobile,2024-04-29 19:05:21,declined,False
TXN20240429003074,ACCT202405,MERCH300065,purchase,21.04,web,2024-04-29 12:03:29,approved,False
TXN20240429003075,ACCT203918,MERCH300115,purchase,5.41,atm,2024-04-29 12:41:07,approved,False
TXN20240429003076,ACCT205236,MERCH300207,purchase,6.63,web,2024-04-29 18:47:26,approved,False
TXN20240429003077,ACCT206103,MERCH300177,withdrawal,149.78,mobile,2024-04-29 05:15:53,approved,False
TXN20240429003078,ACCT204703,MERCH300041,purchase,7.54,in_person,2024-04-29 08:33:37,approved,False
TXN20240429003079,ACCT200471,MERCH300098,purchase,8.53,in_person,2024-04-29 14:48:33,approved,False
TXN20240429003080,ACCT201368,MERCH300121,purchase,26.41,in_person,2024-04-29 22:38:15,approved,False
TXN20240429003081,ACCT202443,MERCH300279,purchase,12.06,atm,2024-04-29 15:17:14,approved,False
TXN20240429003082,ACCT202148,MERCH300152,transfer,41.25,in_person,2024-04-29 21:03:42,approved,False
TXN20240429003083,ACCT202417,MERCH300060,purchase,33.38,in_person,2024-04-29 21:50:50,declined,False
TXN20240429003084,ACCT200084,MERCH300243,deposit,154.22,in_person,2024-04-29 04:39:52,approved,False
TXN20240429003085,ACCT205056,MERCH300008,purchase,9.5,web,2024-04-29 16:40:18,approved,False
TXN20240429003086,ACCT205136,MERCH300245,purchase,105.66,mobile,2024-04-29 08:09:23,approved,False
TXN20240429003087,ACCT202183,MERCH300038,purchase,150.6,in_person,2024-04-29 12:34:49,approved,False
TXN20240429003088,ACCT201655,MERCH300234,purchase,15.62,mobile,2024-04-29 12:28:15,approved,False
TXN20240429003089,ACCT201113,MERCH300263,purchase,16.75,atm,2024-04-29 10:17:51,approved,False
TXN20240429003090,ACCT204072,MERCH300246,purchase,51.3,web,2024-04-29 20:05:42,approved,False
TXN20240429003091,ACCT202024,MERCH300194,deposit,37.67,web,2024-04-29 05:07:50,approved,False
TXN20240429003092,ACCT200232,MERCH300138,purchase,8.01,in_person,2024-04-29 04:36:39,declined,False
TXN20240429003093,ACCT205631,MERCH300042,purchase,57.25,web,2024-04-29 19:01:08,approved,False
TXN20240429003094,ACCT203003,MERCH300225,deposit,48.3,web,2024-04-29 08:33:24,approved,False
TXN20240429003095,ACCT204303,MERCH300015,purchase,46.58,mobile,2024-04-29 10:20:21,approved,False
TXN20240429003096,ACCT205308,MERCH300085,purchase,192.39,atm,2024-04-29 10:53:12,declined,False
TXN20240429003097,ACCT205817,MERCH300212,transfer,56.38,web,2024-04-29 13:31:27,approved,False
TXN20240429003098,ACCT206423,MERCH300200,deposit,587.41,mobile,2024-04-29 22:43:31,approved,False
TXN20240429003099,ACCT202743,MERCH300245,purchase,41.25,mobile,2024-04-29 12:02:17,approved,False
TXN20240429003100,ACCT201055,MERCH300020,purchase,20.76,mobile,2024-04-29 13:37:18,declined,False
TXN20240429003101,ACCT201450,MERCH300154,deposit,17.73,atm,2024-04-29 13:40:42,approved,False
TXN20240429003102,ACCT203190,MERCH300147,deposit,113.51,web,2024-04-29 22:11:41,approved,False
TXN20240429003103,ACCT206163,MERCH300007,withdrawal,20.88,web,2024-04-29 10:27:43,approved,False
TXN20240429003104,ACCT201195,MERCH300100,transfer,55.07,in_person,2024-04-29 07:49:08,approved,False
TXN20240429003105,ACCT200974,MERCH300058,withdrawal,60.01,mobile,2024-04-29 14:50:22,approved,False
TXN20240429003106,ACCT205250,MERCH300017,purchase,89.99,atm,2024-04-29 03:15:54,approved,False
TXN20240429003107,ACCT203610,MERCH300115,withdrawal,18.78,in_person,2024-04-29 20:46:44,approved,False
TXN20240429003108,ACCT202326,MERCH300197,purchase,149.47,mobile,2024-04-29 10:21:55,declined,False
TXN20240429003109,ACCT205985,MERCH300295,deposit,82.13,atm,2024-04-29 23:46:14,approved,False
TXN20240429003110,ACCT204647,MERCH300124,purchase,8.68,in_person,2024-04-29 03:13:01,approved,False
TXN20240429003111,ACCT200377,MERCH300290,deposit,11.91,mobile,2024-04-29 23:03:04,approved,False
TXN20240429003112,ACCT203992,MERCH300276,purchase,63.92,web,2024-04-29 15:56:05,approved,False
TXN20240429003113,ACCT205015,MERCH300137,transfer,29.04,in_person,2024-04-29 04:15:21,approved,False
TXN20240429003114,ACCT204416,MERCH300045,deposit,8.7,web,2024-04-29 20:15:03,approved,False
TXN20240429003115,ACCT205476,MERCH300040,purchase,52.52,mobile,2024-04-29 01:00:33,approved,False
TXN20240429003116,ACCT202425,MERCH300138,deposit,146.51,in_person,2024-04-29 15:39:11,approved,False
TXN20240429003117,ACCT203665,MERCH300296,deposit,17.65,atm,2024-04-29 06:40:30,approved,False
TXN20240429003118,ACCT204482,MERCH300160,purchase,14.31,in_person,2024-04-29 05:43:53,approved,False
TXN20240429003119,ACCT201061,MERCH300095,purchase,51.12,in_person,2024-04-29 06:22:42,approved,False
TXN20240429003120,ACCT201279,MERCH300249,transfer,68.28,in_person,2024-04-29 07:55:13,approved,False
TXN20240429003121,ACCT206466,MERCH300289,transfer,28.08,in_person,2024-04-29 05:31:44,approved,False
TXN20240429003122,ACCT202172,MERCH300024,purchase,44.72,atm,2024-04-29 15:01:11,approved,False
TXN20240429003123,ACCT204338,MERCH300058,purchase,8.56,mobile,2024-04-29 05:16:17,approved,False
TXN20240429003124,ACCT200509,MERCH300273,transfer,29.66,in_person,2024-04-29 22:01:49,approved,False
TXN20240429003125,ACCT202495,MERCH300006,deposit,163.69,mobile,2024-04-29 17:08:13,approved,False
TXN20240429003126,ACCT205748,MERCH300064,purchase,30.0,web,2024-04-29 13:55:45,approved,False
TXN20240429003127,ACCT206181,MERCH300197,purchase,19.86,in_person,2024-04-29 04:41:57,approved,False
TXN20240429003128,ACCT200902,MERCH300161,purchase,5.9,mobile,2024-04-29 22:45:37,approved,False
TXN20240429003129,ACCT201874,MERCH300286,purchase,49.46,atm,2024-04-29 14:50:03,approved,False
TXN20240429003130,ACCT206221,MERCH300215,withdrawal,56.42,in_person,2024-04-29 16:26:39,declined,False
TXN20240429003131,ACCT204919,MERCH300107,purchase,22.93,atm,2024-04-29 19:46:58,approved,False
TXN20240429003132,ACCT200748,MERCH300092,purchase,25.35,in_person,2024-04-29 06:30:54,approved,False
TXN20240429003133,ACCT206467,MERCH300143,withdrawal,33.98,web,2024-04-29 18:14:37,approved,False
TXN20240429003134,ACCT202225,MERCH300278,deposit,88.78,web,2024-04-29 07:50:25,approved,False
TXN20240429003135,ACCT204313,MERCH300185,deposit,8.03,mobile,2024-04-29 20:52:51,approved,False
TXN20240429003136,ACCT200836,MERCH300249,purchase,76.6,web,2024-04-29 13:22:45,approved,False
TXN20240429003137,ACCT203832,MERCH300258,transfer,1351.09,in_person,2024-04-29 07:04:58,approved,False
TXN20240429003138,ACCT204914,MERCH300175,withdrawal,161.04,mobile,2024-04-29 23:56:33,approved,False
TXN20240429003139,ACCT205003,MERCH300262,purchase,62.16,mobile,2024-04-29 18:13:39,approved,False
TXN20240429003140,ACCT200141,MERCH300002,purchase,85.77,atm,2024-04-29 15:40:42,approved,False
TXN20240429003141,ACCT201426,MERCH300159,purchase,12.89,web,2024-04-29 15:48:37,approved,False
TXN20240429003142,ACCT202737,MERCH300179,withdrawal,70.17,mobile,2024-04-29 08:37:25,approved,False
TXN20240429003143,ACCT202617,MERCH300299,purchase,27.9,in_person,2024-04-29 02:11:46,declined,False
TXN20240429003144,ACCT202187,MERCH300121,purchase,338.88,in_person,2024-04-29 19:59:16,approved,False
TXN20240429003145,ACCT206093,MERCH300236,withdrawal,27.1,mobile,2024-04-29 16:27:22,approved,False
TXN20240429003146,ACCT206305,MERCH300044,transfer,38.78,mobile,2024-04-29 18:52:19,approved,False
TXN20240429003147,ACCT202372,MERCH300237,withdrawal,91.18,in_person,2024-04-29 04:02:36,approved,False
TXN20240429003148,ACCT204835,MERCH300273,deposit,104.16,in_person,2024-04-29 01:53:18,approved,False
TXN20240429003149,ACCT206438,MERCH300272,purchase,45.31,mobile,2024-04-29 03:13:56,approved,False
TXN20240429003150,ACCT205836,MERCH300060,purchase,26.87,web,2024-04-29 14:41:14,approved,False
TXN20240429003151,ACCT200309,MERCH300268,purchase,137.91,mobile,2024-04-29 10:24:27,approved,False
TXN20240429003152,ACCT202356,MERCH300218,purchase,18.29,web,2024-04-29 23:23:33,approved,False
TXN20240429003153,ACCT200672,MERCH300240,transfer,16.36,mobile,2024-04-29 09:14:41,approved,False
TXN20240429003154,ACCT203079,MERCH300250,purchase,72.78,web,2024-04-29 01:56:48,approved,False
TXN20240429003155,ACCT200134,MERCH300135,purchase,30.53,web,2024-04-29 14:54:08,approved,False
TXN20240429003156,ACCT204736,MERCH300283,purchase,22.25,atm,2024-04-29 12:11:18,approved,False
TXN20240429003157,ACCT203786,MERCH300045,purchase,126.69,in_person,2024-04-29 05:13:05,approved,False
TXN20240429003158,ACCT202511,MERCH300027,withdrawal,258.41,mobile,2024-04-29 12:52:33,declined,False
TXN20240429003159,ACCT204875,MERCH300102,purchase,63.56,in_person,2024-04-29 03:48:13,approved,False
TXN20240429003160,ACCT202631,MERCH300119,purchase,118.39,web,2024-04-29 19:36:17,approved,False
TXN20240429003161,ACCT206134,MERCH300246,deposit,39.02,mobile,2024-04-29 21:37:52,approved,False
TXN20240429003162,ACCT201814,MERCH300014,purchase,38.14,mobile,2024-04-29 04:18:34,approved,False
TXN20240429003163,ACCT205382,MERCH300267,purchase,57.5,mobile,2024-04-29 14:09:28,approved,False
TXN20240429003164,ACCT202873,MERCH300246,withdrawal,23.45,in_person,2024-04-29 10:53:12,approved,False
TXN20240429003165,ACCT203361,MERCH300145,purchase,16.71,web,2024-04-29 04:12:26,approved,False
TXN20240429003166,ACCT204317,MERCH300149,purchase,112.01,in_person,2024-04-29 16:07:27,approved,False
TXN20240429003167,ACCT202536,MERCH300101,purchase,26.94,in_person,2024-04-29 18:17:50,approved,False
TXN20240429003168,ACCT203117,MERCH300009,purchase,17.61,in_person,2024-04-29 15:20:28,declined,False
TXN20240429003169,ACCT201212,MERCH300145,deposit,42.9,atm,2024-04-29 14:53:41,approved,False
TXN20240429003170,ACCT203030,MERCH300168,transfer,35.16,in_person,2024-04-29 20:26:02,approved,False
TXN20240429003171,ACCT206360,MERCH300033,purchase,29.45,atm,2024-04-29 01:47:26,declined,False
TXN20240429003172,ACCT201113,MERCH300115,purchase,104.39,mobile,2024-04-29 09:55:07,approved,False
TXN20240429003173,ACCT202933,MERCH300196,deposit,14.56,atm,2024-04-29 11:18:24,approved,False
TXN20240429003174,ACCT200236,MERCH300216,purchase,73.61,mobile,2024-04-29 12:57:21,approved,False
TXN20240429003175,ACCT204955,MERCH300017,purchase,100.82,in_person,2024-04-29 15:10:27,approved,False
TXN20240429003176,ACCT202712,MERCH300092,deposit,16.7,mobile,2024-04-29 01:08:24,approved,False
TXN20240429003177,ACCT200466,MERCH300131,purchase,25.59,web,2024-04-29 06:20:29,approved,False
TXN20240429003178,ACCT200704,MERCH300106,purchase,39.18,web,2024-04-29 05:35:55,approved,False
TXN20240429003179,ACCT202022,MERCH300109,transfer,60.22,in_person,2024-04-29 20:46:00,approved,False
TXN20240429003180,ACCT206321,MERCH300277,withdrawal,93.78,in_person,2024-04-29 16:34:22,approved,False
TXN20240429003181,ACCT201275,MERCH300135,purchase,38.87,mobile,2024-04-29 12:09:09,approved,False
TXN20240429003182,ACCT200644,MERCH300274,withdrawal,111.86,in_person,2024-04-29 13:56:44,approved,False
TXN20240429003183,ACCT201012,MERCH300005,purchase,38.66,mobile,2024-04-29 15:30:53,approved,False
TXN20240429003184,ACCT202175,MERCH300048,purchase,39.27,in_person,2024-04-29 17:37:00,declined,False
TXN20240429003185,ACCT200626,MERCH300261,withdrawal,14.33,web,2024-04-29 14:28:30,approved,False
TXN20240429003186,ACCT200551,MERCH300295,withdrawal,31.01,web,2024-04-29 23:18:46,approved,False
TXN20240429003187,ACCT203931,MERCH300188,withdrawal,26.8,web,2024-04-29 04:41:36,declined,False
TXN20240429003188,ACCT205026,MERCH300139,purchase,82.95,mobile,2024-04-29 05:11:26,approved,False
TXN20240429003189,ACCT200615,MERCH300142,purchase,164.16,mobile,2024-04-29 02:56:08,approved,False
TXN20240429003190,ACCT202785,MERCH300100,purchase,30.88,web,2024-04-29 03:40:44,approved,False
TXN20240429003191,ACCT203246,MERCH300156,purchase,21.81,in_person,2024-04-29 14:19:47,approved,False
TXN20240429003192,ACCT200917,MERCH300286,purchase,36.24,in_person,2024-04-29 17:10:03,approved,False
TXN20240429003193,ACCT204101,MERCH300151,purchase,38.43,mobile,2024-04-29 09:45:59,approved,False
TXN20240429003194,ACCT205194,MERCH300091,withdrawal,19.6,mobile,2024-04-29 18:09:50,approved,False
TXN20240429003195,ACCT205189,MERCH300014,purchase,118.18,mobile,2024-04-29 02:16:51,approved,False
TXN20240429003196,ACCT205334,MERCH300259,deposit,7.9,atm,2024-04-29 13:50:00,approved,False
TXN20240429003197,ACCT202984,MERCH300285,purchase,43.16,web,2024-04-29 09:41:04,approved,False
TXN20240429003198,ACCT200997,MERCH300017,purchase,44.11,in_person,2024-04-29 18:27:12,approved,False
TXN20240429003199,ACCT202614,MERCH300110,purchase,12.21,mobile,2024-04-29 19:01:17,approved,False
TXN20240429003200,ACCT204740,MERCH300024,purchase,197.24,web,2024-04-29 16:41:43,approved,False
TXN20240429003201,ACCT200575,MERCH300030,purchase,30.92,web,2024-04-29 22:35:23,approved,False
TXN20240429003202,ACCT200209,MERCH300298,purchase,32.06,mobile,2024-04-29 10:03:46,approved,False
TXN20240429003203,ACCT206042,MERCH300014,purchase,13.45,in_person,2024-04-29 03:06:42,approved,False
TXN20240429003204,ACCT202401,MERCH300151,purchase,15.06,in_person,2024-04-29 18:18:23,approved,False
TXN20240429003205,ACCT205371,MERCH300018,withdrawal,24.27,in_person,2024-04-29 23:51:25,approved,False
TXN20240429003206,ACCT203049,MERCH300033,transfer,74.01,in_person,2024-04-29 04:31:34,approved,False
TXN20240429003207,ACCT205527,MERCH300272,purchase,18.84,in_person,2024-04-29 19:17:06,approved,False
TXN20240429003208,ACCT202526,MERCH300274,purchase,62.92,web,2024-04-29 04:15:43,approved,False
TXN20240429003209,ACCT203042,MERCH300166,purchase,10.65,in_person,2024-04-29 18:41:17,approved,False
TXN20240429003210,ACCT205062,MERCH300055,purchase,31.05,in_person,2024-04-29 12:19:39,approved,False
TXN20240429003211,ACCT202716,MERCH300001,withdrawal,21.78,in_person,2024-04-29 02:28:15,approved,False
TXN20240429003212,ACCT203166,MERCH300126,purchase,81.4,atm,2024-04-29 09:17:59,approved,False
TXN20240429003213,ACCT201129,MERCH300047,deposit,27.22,atm,2024-04-29 15:20:53,approved,False
TXN20240429003214,ACCT200335,MERCH300216,purchase,36.51,web,2024-04-29 07:25:39,approved,False
TXN20240429003215,ACCT204670,MERCH300251,deposit,43.4,mobile,2024-04-29 20:23:53,approved,False
TXN20240429003216,ACCT200868,MERCH300254,withdrawal,37.01,web,2024-04-29 03:12:35,approved,False
TXN20240429003217,ACCT203557,MERCH300139,purchase,64.5,atm,2024-04-29 23:12:13,approved,False
TXN20240429003218,ACCT203838,MERCH300043,transfer,13.97,mobile,2024-04-29 13:02:04,approved,False
TXN20240429003219,ACCT204091,MERCH300217,deposit,8.37,mobile,2024-04-29 00:58:43,reversed,False
TXN20240429003220,ACCT202627,MERCH300240,purchase,2.02,in_person,2024-04-29 21:53:17,approved,False
TXN20240429003221,ACCT200586,MERCH300028,purchase,43.12,web,2024-04-29 08:24:32,declined,False
TXN20240429003222,ACCT200540,MERCH300020,purchase,22.27,in_person,2024-04-29 07:22:42,approved,False
TXN20240429003223,ACCT205692,MERCH300138,transfer,140.91,mobile,2024-04-29 23:47:42,approved,False
TXN20240429003224,ACCT205615,MERCH300155,withdrawal,28.4,atm,2024-04-29 20:24:21,approved,False
TXN20240429003225,ACCT201214,MERCH300027,purchase,34.38,in_person,2024-04-29 06:09:06,approved,False
TXN20240429003226,ACCT201968,MERCH300251,purchase,20.07,mobile,2024-04-29 12:15:34,approved,False
TXN20240429003227,ACCT200799,MERCH300139,purchase,7.6,in_person,2024-04-29 11:06:59,approved,False
TXN20240429003228,ACCT206066,MERCH300134,transfer,17.58,mobile,2024-04-29 04:17:58,approved,False
TXN20240429003229,ACCT200598,MERCH300222,transfer,13.56,mobile,2024-04-29 14:20:15,approved,False
TXN20240429003230,ACCT200102,MERCH300114,deposit,63.35,mobile,2024-04-29 02:13:43,approved,True
TXN20240429003231,ACCT202367,MERCH300157,purchase,37.57,in_person,2024-04-29 00:20:20,approved,False
TXN20240429003232,ACCT200143,MERCH300290,purchase,50.39,mobile,2024-04-29 11:32:45,approved,False
TXN20240429003233,ACCT202750,MERCH300037,deposit,13.52,mobile,2024-04-29 11:52:07,reversed,False
TXN20240429003234,ACCT201536,MERCH300114,deposit,17.12,in_person,2024-04-29 11:56:32,approved,False
TXN20240429003235,ACCT202216,MERCH300042,purchase,17.11,web,2024-04-29 09:19:22,approved,False
TXN20240429003236,ACCT200712,MERCH300151,purchase,14.36,in_person,2024-04-29 15:59:36,declined,False
TXN20240429003237,ACCT204346,MERCH300020,deposit,89.06,mobile,2024-04-29 14:55:20,approved,False
TXN20240429003238,ACCT200670,MERCH300060,purchase,36.59,mobile,2024-04-29 00:05:12,approved,False
TXN20240429003239,ACCT201964,MERCH300107,purchase,26.18,atm,2024-04-29 20:37:10,declined,False
TXN20240429003240,ACCT201270,MERCH300018,purchase,43.99,mobile,2024-04-29 12:29:37,approved,False
TXN20240429003241,ACCT204707,MERCH300120,withdrawal,33.2,in_person,2024-04-29 04:32:11,approved,False
TXN20240429003242,ACCT205308,MERCH300081,purchase,59.54,atm,2024-04-29 09:29:59,approved,False
TXN20240429003243,ACCT202938,MERCH300060,purchase,25.89,mobile,2024-04-29 19:44:16,approved,False
TXN20240429003244,ACCT201922,MERCH300101,purchase,84.83,mobile,2024-04-29 08:23:57,approved,False
TXN20240429003245,ACCT201112,MERCH300186,withdrawal,60.61,web,2024-04-29 21:29:50,approved,False
TXN20240429003246,ACCT200477,MERCH300124,withdrawal,18.24,web,2024-04-29 03:45:59,approved,False
TXN20240429003247,ACCT205144,MERCH300268,purchase,38.68,in_person,2024-04-29 00:40:48,approved,False
TXN20240429003248,ACCT200913,MERCH300251,purchase,37.96,mobile,2024-04-29 15:08:00,approved,False
TXN20240429003249,ACCT201015,MERCH300025,purchase,11.75,atm,2024-04-29 22:31:32,approved,False
TXN20240429003250,ACCT205967,MERCH300043,transfer,44.42,in_person,2024-04-29 19:57:35,approved,False
TXN20240429003251,ACCT206088,MERCH300216,purchase,181.19,atm,2024-04-29 14:23:08,approved,False
TXN20240429003252,ACCT205116,MERCH300114,withdrawal,24.76,in_person,2024-04-29 11:23:15,approved,False
TXN20240429003253,ACCT205955,MERCH300006,purchase,52.23,atm,2024-04-29 19:06:54,approved,False
TXN20240429003254,ACCT204719,MERCH300011,purchase,26.54,in_person,2024-04-29 00:11:08,approved,False
TXN20240429003255,ACCT205815,MERCH300051,purchase,50.24,web,2024-04-29 23:27:14,approved,False
TXN20240429003256,ACCT202168,MERCH300196,transfer,73.73,atm,2024-04-29 13:17:02,approved,False
TXN20240429003257,ACCT202516,MERCH300197,purchase,62.28,web,2024-04-29 05:38:03,approved,False
TXN20240429003258,ACCT203473,MERCH300049,deposit,29.42,mobile,2024-04-29 06:51:54,approved,False
TXN20240429003259,ACCT204668,MERCH300169,purchase,68.87,mobile,2024-04-29 23:37:49,approved,False
TXN20240429003260,ACCT203574,MERCH300104,purchase,7.38,web,2024-04-29 23:36:57,approved,False
TXN20240429003261,ACCT205377,MERCH300282,transfer,38.65,web,2024-04-29 17:31:57,approved,False
TXN20240429003262,ACCT203036,MERCH300100,purchase,22.18,web,2024-04-29 08:59:30,approved,False
TXN20240429003263,ACCT202543,MERCH300200,purchase,56.47,mobile,2024-04-29 02:48:48,approved,False
TXN20240429003264,ACCT201105,MERCH300057,transfer,127.35,atm,2024-04-29 12:20:20,approved,False
TXN20240429003265,ACCT203621,MERCH300005,purchase,15.21,in_person,2024-04-29 11:53:14,approved,False
TXN20240429003266,ACCT200041,MERCH300181,purchase,7.81,in_person,2024-04-29 10:39:18,approved,False
TXN20240429003267,ACCT200714,MERCH300204,purchase,7.66,in_person,2024-04-29 16:45:30,approved,False
TXN20240429003268,ACCT204629,MERCH300116,purchase,276.12,mobile,2024-04-29 13:50:03,approved,False
TXN20240429003269,ACCT203174,MERCH300234,purchase,6.73,web,2024-04-29 08:30:35,approved,False
TXN20240429003270,ACCT200194,MERCH300046,transfer,16.0,atm,2024-04-29 08:24:41,approved,False
TXN20240429003271,ACCT205641,MERCH300057,purchase,47.23,mobile,2024-04-29 12:19:12,approved,False
TXN20240429003272,ACCT200482,MERCH300039,purchase,58.86,in_person,2024-04-29 17:33:11,approved,False
TXN20240429003273,ACCT200610,MERCH300210,transfer,86.41,mobile,2024-04-29 11:44:17,approved,False
TXN20240429003274,ACCT205153,MERCH300044,transfer,34.74,in_person,2024-04-29 14:52:53,approved,False
TXN20240429003275,ACCT204130,MERCH300200,purchase,53.42,web,2024-04-29 23:08:58,approved,False
TXN20240429003276,ACCT205199,MERCH300203,purchase,17.26,in_person,2024-04-29 13:17:22,approved,False
TXN20240429003277,ACCT203438,MERCH300094,transfer,189.23,web,2024-04-29 02:38:36,approved,False
TXN20240429003278,ACCT203284,MERCH300022,purchase,23.32,web,2024-04-29 06:38:24,approved,False
TXN20240429003279,ACCT204023,MERCH300179,withdrawal,77.7,in_person,2024-04-29 08:57:13,approved,True
TXN20240429003280,ACCT200597,MERCH300200,withdrawal,20.09,mobile,2024-04-29 04:13:13,approved,False
TXN20240429003281,ACCT201683,MERCH300251,purchase,17.37,web,2024-04-29 14:41:44,approved,False
TXN20240429003282,ACCT204506,MERCH300169,transfer,62.58,mobile,2024-04-29 03:06:52,approved,False
TXN20240429003283,ACCT201956,MERCH300142,withdrawal,16.53,atm,2024-04-29 07:22:12,approved,False
TXN20240429003284,ACCT206297,MERCH300015,purchase,143.71,web,2024-04-29 07:38:29,approved,False
TXN20240429003285,ACCT203419,MERCH300281,withdrawal,75.88,atm,2024-04-29 06:37:43,approved,False
TXN20240429003286,ACCT200780,MERCH300025,purchase,37.04,web,2024-04-29 16:35:40,declined,True
TXN20240429003287,ACCT205933,MERCH300046,purchase,67.91,web,2024-04-29 20:33:11,approved,False
TXN20240429003288,ACCT200138,MERCH300264,purchase,23.52,web,2024-04-29 09:45:34,approved,False
TXN20240429003289,ACCT203738,MERCH300121,purchase,50.89,web,2024-04-29 15:37:45,approved,False
TXN20240429003290,ACCT201142,MERCH300207,purchase,120.53,atm,2024-04-29 18:39:50,approved,False
TXN20240429003291,ACCT202658,MERCH300135,transfer,94.63,in_person,2024-04-29 06:19:39,approved,False
TXN20240429003292,ACCT200477,MERCH300224,purchase,64.43,in_person,2024-04-29 05:26:35,approved,True
TXN20240429003293,ACCT204206,MERCH300269,purchase,69.46,in_person,2024-04-29 00:26:14,declined,False
TXN20240429003294,ACCT206337,MERCH300073,deposit,201.83,mobile,2024-04-29 22:59:57,approved,False
TXN20240429003295,ACCT201588,MERCH300127,purchase,50.68,in_person,2024-04-29 10:27:51,approved,False
TXN20240429003296,ACCT205303,MERCH300089,purchase,20.93,web,2024-04-29 12:30:11,approved,False
TXN20240429003297,ACCT204475,MERCH300262,withdrawal,46.21,web,2024-04-29 17:08:43,approved,True
TXN20240429003298,ACCT202332,MERCH300217,deposit,5.67,mobile,2024-04-29 18:38:50,approved,False
TXN20240429003299,ACCT204356,MERCH300255,purchase,11.63,in_person,2024-04-29 08:20:15,approved,False
TXN20240429003300,ACCT205027,MERCH300233,purchase,40.74,mobile,2024-04-29 23:27:52,approved,False
TXN20240429003301,ACCT203767,MERCH300071,deposit,32.0,in_person,2024-04-29 02:47:48,approved,False
TXN20240429003302,ACCT205679,MERCH300016,transfer,12.55,web,2024-04-29 16:27:10,approved,False
TXN20240429003303,ACCT205175,MERCH300088,purchase,36.59,in_person,2024-04-29 20:55:58,approved,False
TXN20240429003304,ACCT203765,MERCH300000,transfer,31.58,mobile,2024-04-29 22:57:29,declined,False
TXN20240429003305,ACCT201479,MERCH300222,purchase,34.73,atm,2024-04-29 11:38:29,approved,False
TXN20240429003306,ACCT206235,MERCH300050,withdrawal,5.25,mobile,2024-04-29 03:55:27,approved,False
TXN20240429003307,ACCT204110,MERCH300054,withdrawal,5.48,web,2024-04-29 09:10:50,approved,False
TXN20240429003308,ACCT205124,MERCH300135,purchase,36.34,in_person,2024-04-29 03:16:32,approved,False
TXN20240429003309,ACCT203040,MERCH300231,purchase,24.56,mobile,2024-04-29 19:33:55,approved,False
TXN20240429003310,ACCT205991,MERCH300258,transfer,73.33,atm,2024-04-29 07:36:10,approved,False
TXN20240429003311,ACCT201534,MERCH300179,purchase,13.85,atm,2024-04-29 19:58:53,approved,False
TXN20240429003312,ACCT200015,MERCH300015,purchase,34.05,web,2024-04-29 10:26:50,approved,False
TXN20240429003313,ACCT202178,MERCH300272,deposit,22.78,mobile,2024-04-29 11:35:56,approved,False
TXN20240429003314,ACCT201149,MERCH300059,deposit,49.14,mobile,2024-04-29 05:17:15,approved,False
TXN20240429003315,ACCT200633,MERCH300170,deposit,88.37,mobile,2024-04-29 11:56:56,approved,False
TXN20240429003316,ACCT205400,MERCH300011,purchase,139.83,mobile,2024-04-29 22:32:55,approved,False
TXN20240429003317,ACCT202102,MERCH300186,purchase,7.69,atm,2024-04-29 23:55:09,approved,False
TXN20240429003318,ACCT205505,MERCH300168,purchase,67.89,web,2024-04-29 18:14:14,approved,False
TXN20240429003319,ACCT202142,MERCH300097,purchase,176.75,web,2024-04-29 08:44:50,approved,False
TXN20240429003320,ACCT204862,MERCH300142,purchase,12.47,mobile,2024-04-29 17:29:36,approved,False
TXN20240429003321,ACCT200924,MERCH300170,purchase,139.32,in_person,2024-04-29 03:54:21,approved,False
TXN20240429003322,ACCT201128,MERCH300255,purchase,49.33,in_person,2024-04-29 19:24:16,approved,False
TXN20240429003323,ACCT205172,MERCH300236,transfer,44.79,web,2024-04-29 08:23:29,approved,False
TXN20240429003324,ACCT202365,MERCH300275,purchase,8.69,mobile,2024-04-29 16:19:01,approved,False
TXN20240429003325,ACCT205508,MERCH300239,deposit,9.34,in_person,2024-04-29 15:52:01,approved,False
TXN20240429003326,ACCT201733,MERCH300053,withdrawal,36.17,web,2024-04-29 16:36:34,approved,False
TXN20240429003327,ACCT201018,MERCH300226,purchase,11.71,in_person,2024-04-29 21:35:45,reversed,False
TXN20240429003328,ACCT203213,MERCH300019,withdrawal,83.78,in_person,2024-04-29 10:13:43,approved,False
TXN20240429003329,ACCT202028,MERCH300066,purchase,14.05,mobile,2024-04-29 03:13:30,approved,False
TXN20240429003330,ACCT200870,MERCH300058,purchase,56.09,in_person,2024-04-29 16:38:49,approved,False
TXN20240429003331,ACCT201867,MERCH300127,deposit,91.77,web,2024-04-29 05:12:41,approved,False
TXN20240429003332,ACCT204479,MERCH300038,purchase,26.56,in_person,2024-04-29 19:11:21,approved,False
TXN20240429003333,ACCT205898,MERCH300076,deposit,6.82,mobile,2024-04-29 10:23:43,approved,False
TXN20240429003334,ACCT205257,MERCH300031,purchase,15.1,in_person,2024-04-29 13:25:02,approved,False
TXN20240429003335,ACCT201148,MERCH300270,purchase,17.71,web,2024-04-29 03:47:37,approved,False
TXN20240429003336,ACCT200052,MERCH300182,transfer,34.89,in_person,2024-04-29 19:37:53,approved,False
TXN20240429003337,ACCT206435,MERCH300014,withdrawal,92.63,web,2024-04-29 20:17:02,approved,False
TXN20240429003338,ACCT204376,MERCH300175,deposit,8.76,web,2024-04-29 08:41:39,approved,False
TXN20240429003339,ACCT203355,MERCH300055,purchase,31.62,mobile,2024-04-29 02:11:25,approved,False
TXN20240429003340,ACCT203471,MERCH300231,transfer,167.68,atm,2024-04-29 08:28:18,approved,False
TXN20240429003341,ACCT202035,MERCH300046,withdrawal,25.23,mobile,2024-04-29 12:15:22,approved,False
TXN20240429003342,ACCT206301,MERCH300232,purchase,86.91,atm,2024-04-29 15:17:12,approved,False
TXN20240429003343,ACCT200334,MERCH300039,purchase,40.39,in_person,2024-04-29 19:00:10,approved,False
TXN20240429003344,ACCT206058,MERCH300198,purchase,7.6,in_person,2024-04-29 23:39:27,approved,False
TXN20240429003345,ACCT201627,MERCH300280,withdrawal,37.71,in_person,2024-04-29 04:20:53,approved,False
TXN20240429003346,ACCT203989,MERCH300001,transfer,78.93,mobile,2024-04-29 07:31:55,approved,False
TXN20240429003347,ACCT206259,MERCH300056,purchase,46.98,web,2024-04-29 01:43:56,approved,False
TXN20240429003348,ACCT200642,MERCH300236,purchase,77.43,in_person,2024-04-29 13:18:04,approved,False
TXN20240429003349,ACCT200287,MERCH300099,transfer,15.61,in_person,2024-04-29 22:13:41,approved,False
TXN20240429003350,ACCT201341,MERCH300156,withdrawal,48.97,in_person,2024-04-29 00:38:39,approved,False
TXN20240429003351,ACCT202385,MERCH300259,purchase,55.91,in_person,2024-04-29 20:06:53,approved,True
TXN20240429003352,ACCT205634,MERCH300071,purchase,4.65,web,2024-04-29 13:32:51,approved,False
TXN20240429003353,ACCT202839,MERCH300099,transfer,65.17,mobile,2024-04-29 19:26:45,approved,False
TXN20240429003354,ACCT200278,MERCH300023,purchase,18.98,mobile,2024-04-29 23:34:30,approved,False
TXN20240429003355,ACCT200941,MERCH300119,withdrawal,60.54,web,2024-04-29 07:40:09,approved,False
TXN20240429003356,ACCT200100,MERCH300241,deposit,106.86,web,2024-04-29 20:01:32,approved,False
TXN20240429003357,ACCT204729,MERCH300152,purchase,24.32,mobile,2024-04-29 22:29:01,approved,False
TXN20240429003358,ACCT205105,MERCH300090,purchase,81.49,atm,2024-04-29 08:49:57,approved,False
TXN20240429003359,ACCT200769,MERCH300035,purchase,15.05,in_person,2024-04-29 03:29:43,approved,False
TXN20240429003360,ACCT203918,MERCH300205,purchase,10.08,atm,2024-04-29 07:47:38,approved,False
TXN20240429003361,ACCT205605,MERCH300211,purchase,46.49,mobile,2024-04-29 22:07:38,approved,False
TXN20240429003362,ACCT201967,MERCH300124,purchase,22.17,in_person,2024-04-29 22:40:15,approved,False
TXN20240429003363,ACCT204717,MERCH300230,purchase,100.86,in_person,2024-04-29 22:36:22,approved,False
TXN20240429003364,ACCT205349,MERCH300019,purchase,30.77,mobile,2024-04-29 00:12:26,approved,False
TXN20240429003365,ACCT200645,MERCH300111,deposit,46.13,in_person,2024-04-29 18:15:13,approved,False
TXN20240429003366,ACCT205727,MERCH300072,purchase,8.7,mobile,2024-04-29 13:41:57,approved,False
TXN20240429003367,ACCT201721,MERCH300267,transfer,20.93,web,2024-04-29 12:53:39,approved,False
TXN20240429003368,ACCT202531,MERCH300198,purchase,40.76,web,2024-04-29 21:50:42,approved,False
TXN20240429003369,ACCT203583,MERCH300127,purchase,18.85,in_person,2024-04-29 00:12:50,approved,False
TXN20240429003370,ACCT202795,MERCH300212,purchase,85.79,in_person,2024-04-29 19:27:00,approved,False
TXN20240429003371,ACCT205693,MERCH300214,purchase,12.79,mobile,2024-04-29 15:11:30,approved,False
TXN20240429003372,ACCT200076,MERCH300283,purchase,13.2,in_person,2024-04-29 01:11:19,approved,False
TXN20240429003373,ACCT202602,MERCH300162,purchase,23.5,in_person,2024-04-29 03:04:13,approved,False
TXN20240429003374,ACCT205052,MERCH300085,withdrawal,30.25,mobile,2024-04-29 19:33:42,approved,False
TXN20240429003375,ACCT205407,MERCH300201,purchase,9.2,web,2024-04-29 18:42:20,approved,False
TXN20240429003376,ACCT201228,MERCH300242,purchase,33.52,atm,2024-04-29 06:34:48,approved,False
TXN20240429003377,ACCT200047,MERCH300122,withdrawal,84.47,mobile,2024-04-29 17:58:43,approved,False
TXN20240429003378,ACCT204776,MERCH300286,deposit,19.51,atm,2024-04-29 23:47:30,approved,False
TXN20240429003379,ACCT202483,MERCH300140,withdrawal,28.31,mobile,2024-04-29 22:31:01,approved,False
TXN20240429003380,ACCT202835,MERCH300271,deposit,22.64,atm,2024-04-29 16:17:22,approved,False
TXN20240429003381,ACCT203981,MERCH300059,deposit,36.66,in_person,2024-04-29 04:04:15,approved,False
TXN20240429003382,ACCT206324,MERCH300096,deposit,81.72,in_person,2024-04-29 11:43:49,approved,False
TXN20240429003383,ACCT203718,MERCH300026,purchase,10.88,atm,2024-04-29 21:02:13,approved,False
TXN20240429003384,ACCT206308,MERCH300272,withdrawal,206.73,in_person,2024-04-29 18:02:41,approved,False
TXN20240429003385,ACCT202791,MERCH300190,purchase,163.35,atm,2024-04-29 22:53:35,approved,False
TXN20240429003386,ACCT204645,MERCH300295,purchase,59.06,in_person,2024-04-29 09:07:06,approved,False
TXN20240429003387,ACCT202154,MERCH300064,purchase,14.69,web,2024-04-29 13:26:25,approved,False
TXN20240429003388,ACCT200149,MERCH300119,purchase,41.16,mobile,2024-04-29 11:18:12,approved,False
TXN20240429003389,ACCT203354,MERCH300197,purchase,58.6,atm,2024-04-29 06:17:29,approved,False
TXN20240429003390,ACCT204835,MERCH300067,purchase,65.93,in_person,2024-04-29 21:39:44,approved,False
TXN20240429003391,ACCT201915,MERCH300017,transfer,10.54,in_person,2024-04-29 18:00:33,approved,False
TXN20240429003392,ACCT206269,MERCH300166,transfer,51.5,web,2024-04-29 05:14:11,approved,False
TXN20240429003393,ACCT200279,MERCH300123,purchase,27.25,in_person,2024-04-29 04:47:50,approved,False
TXN20240429003394,ACCT204113,MERCH300172,purchase,41.32,mobile,2024-04-29 17:49:59,approved,False
TXN20240429003395,ACCT203918,MERCH300122,deposit,11.56,atm,2024-04-29 13:10:22,approved,False
TXN20240429003396,ACCT205206,MERCH300005,withdrawal,49.56,in_person,2024-04-29 16:29:11,reversed,False
TXN20240429003397,ACCT206186,MERCH300197,purchase,16.2,atm,2024-04-29 00:40:38,approved,False
TXN20240429003398,ACCT201881,MERCH300026,purchase,11.14,mobile,2024-04-29 12:05:14,approved,False
TXN20240429003399,ACCT205395,MERCH300067,purchase,45.7,in_person,2024-04-29 17:05:15,approved,False
TXN20240429003400,ACCT205437,MERCH300254,purchase,65.5,in_person,2024-04-29 04:11:39,approved,False
TXN20240429003401,ACCT200395,MERCH300083,purchase,135.13,mobile,2024-04-29 10:23:53,approved,False
TXN20240429003402,ACCT203614,MERCH300103,purchase,13.13,mobile,2024-04-29 00:50:47,approved,False
TXN20240429003403,ACCT204196,MERCH300030,purchase,33.28,web,2024-04-29 17:29:20,approved,False
TXN20240429003404,ACCT201275,MERCH300181,purchase,19.33,mobile,2024-04-29 10:38:09,approved,False
TXN20240429003405,ACCT202568,MERCH300146,purchase,27.4,mobile,2024-04-29 21:53:11,approved,False
TXN20240429003406,ACCT203923,MERCH300001,purchase,33.3,web,2024-04-29 13:04:52,approved,False
TXN20240429003407,ACCT202023,MERCH300196,purchase,205.05,mobile,2024-04-29 02:31:03,approved,True
TXN20240429003408,ACCT200144,MERCH300114,purchase,14.55,mobile,2024-04-29 21:06:31,reversed,False
TXN20240429003409,ACCT201428,MERCH300068,purchase,46.96,web,2024-04-29 20:26:03,approved,False
TXN20240429003410,ACCT203188,MERCH300258,purchase,28.89,atm,2024-04-29 17:10:09,approved,False
TXN20240429003411,ACCT200624,MERCH300269,purchase,52.99,in_person,2024-04-29 16:59:13,approved,False
TXN20240429003412,ACCT200998,MERCH300169,withdrawal,116.02,in_person,2024-04-29 12:48:37,approved,False
TXN20240429003413,ACCT205851,MERCH300209,withdrawal,16.3,web,2024-04-29 14:41:28,approved,False
TXN20240429003414,ACCT204455,MERCH300003,purchase,23.96,in_person,2024-04-29 15:06:56,approved,False
TXN20240429003415,ACCT201198,MERCH300171,purchase,23.13,in_person,2024-04-29 20:54:43,approved,False
TXN20240429003416,ACCT204650,MERCH300262,purchase,178.16,in_person,2024-04-29 04:29:40,approved,False
TXN20240429003417,ACCT206109,MERCH300279,transfer,50.79,web,2024-04-29 17:03:11,approved,False
TXN20240429003418,ACCT206103,MERCH300188,purchase,118.15,web,2024-04-29 05:26:00,approved,False
TXN20240429003419,ACCT203288,MERCH300069,withdrawal,59.81,mobile,2024-04-29 13:52:56,approved,False
TXN20240429003420,ACCT201392,MERCH300114,purchase,10.23,in_person,2024-04-29 21:41:12,declined,False
TXN20240429003421,ACCT203683,MERCH300175,purchase,3.71,in_person,2024-04-29 11:57:27,approved,False
TXN20240429003422,ACCT205431,MERCH300130,deposit,14.65,web,2024-04-29 00:53:42,approved,False
TXN20240429003423,ACCT204888,MERCH300253,purchase,20.57,in_person,2024-04-29 08:44:36,approved,False
TXN20240429003424,ACCT204407,MERCH300094,deposit,14.55,web,2024-04-29 00:00:55,declined,False
TXN20240429003425,ACCT204716,MERCH300197,purchase,44.75,mobile,2024-04-29 02:48:44,declined,False
TXN20240429003426,ACCT205782,MERCH300100,transfer,49.57,web,2024-04-29 11:24:33,approved,False
TXN20240429003427,ACCT205113,MERCH300120,purchase,37.52,atm,2024-04-29 21:25:01,approved,False
TXN20240429003428,ACCT203129,MERCH300051,transfer,24.24,atm,2024-04-29 02:02:49,approved,False
TXN20240429003429,ACCT204405,MERCH300002,purchase,84.04,in_person,2024-04-29 15:57:55,approved,False
TXN20240429003430,ACCT205282,MERCH300239,transfer,42.7,web,2024-04-29 14:06:31,approved,False
TXN20240429003431,ACCT200426,MERCH300095,transfer,72.42,in_person,2024-04-29 20:36:29,approved,False
TXN20240429003432,ACCT204805,MERCH300227,purchase,4.82,in_person,2024-04-29 11:44:29,approved,False
TXN20240429003433,ACCT204305,MERCH300002,purchase,91.89,mobile,2024-04-29 22:51:47,declined,False
TXN20240429003434,ACCT203943,MERCH300041,purchase,120.13,mobile,2024-04-29 00:06:02,approved,False
TXN20240429003435,ACCT200230,MERCH300286,purchase,65.29,mobile,2024-04-29 12:57:32,approved,False
TXN20240429003436,ACCT203924,MERCH300038,deposit,84.11,web,2024-04-29 19:27:04,approved,False
TXN20240429003437,ACCT202801,MERCH300131,purchase,28.3,in_person,2024-04-29 02:03:11,approved,False
TXN20240429003438,ACCT201260,MERCH300042,transfer,16.43,web,2024-04-29 06:06:37,approved,False
TXN20240429003439,ACCT200381,MERCH300126,purchase,39.3,in_person,2024-04-29 16:22:42,approved,True
TXN20240429003440,ACCT203623,MERCH300189,deposit,70.87,in_person,2024-04-29 23:19:40,approved,False
TXN20240429003441,ACCT200357,MERCH300097,transfer,17.85,mobile,2024-04-29 18:27:13,approved,False
TXN20240429003442,ACCT204374,MERCH300251,purchase,24.64,in_person,2024-04-29 17:29:59,approved,False
TXN20240429003443,ACCT204510,MERCH300018,purchase,44.24,web,2024-04-29 21:30:13,approved,False
TXN20240429003444,ACCT202534,MERCH300182,purchase,49.42,atm,2024-04-29 23:54:12,approved,False
TXN20240429003445,ACCT203901,MERCH300252,withdrawal,36.85,web,2024-04-29 14:52:06,approved,False
TXN20240429003446,ACCT201164,MERCH300139,purchase,36.04,web,2024-04-29 03:01:36,approved,False
TXN20240429003447,ACCT204379,MERCH300164,purchase,36.14,in_person,2024-04-29 04:48:58,approved,False
TXN20240429003448,ACCT205992,MERCH300129,purchase,23.25,mobile,2024-04-29 02:13:55,approved,False
TXN20240429003449,ACCT200574,MERCH300111,purchase,25.33,web,2024-04-29 16:36:07,approved,False
TXN20240429003450,ACCT206171,MERCH300112,purchase,101.29,atm,2024-04-29 13:08:59,approved,False
TXN20240429003451,ACCT203659,MERCH300263,transfer,21.31,atm,2024-04-29 13:30:40,approved,False
TXN20240429003452,ACCT206215,MERCH300152,transfer,55.32,in_person,2024-04-29 19:15:01,approved,False
TXN20240429003453,ACCT202749,MERCH300004,withdrawal,15.99,mobile,2024-04-29 10:34:29,approved,False
TXN20240429003454,ACCT205018,MERCH300087,purchase,178.64,web,2024-04-29 17:16:16,approved,False
TXN20240429003455,ACCT201530,MERCH300195,transfer,4.85,in_person,2024-04-29 19:20:57,approved,False
TXN20240429003456,ACCT206159,MERCH300093,deposit,21.85,in_person,2024-04-29 10:10:44,approved,False
TXN20240429003457,ACCT200600,MERCH300149,purchase,19.56,in_person,2024-04-29 03:42:31,approved,False
TXN20240429003458,ACCT204558,MERCH300230,purchase,9.05,mobile,2024-04-29 05:06:12,approved,False
TXN20240429003459,ACCT203878,MERCH300083,purchase,86.89,atm,2024-04-29 09:54:36,approved,False
TXN20240429003460,ACCT203446,MERCH300035,purchase,58.53,mobile,2024-04-29 09:34:38,approved,False
TXN20240429003461,ACCT204142,MERCH300233,purchase,66.02,web,2024-04-29 12:41:38,approved,False
TXN20240429003462,ACCT204805,MERCH300266,purchase,31.42,in_person,2024-04-29 20:22:54,approved,False
TXN20240429003463,ACCT201033,MERCH300193,purchase,25.59,in_person,2024-04-29 04:26:26,approved,False
TXN20240429003464,ACCT205975,MERCH300131,purchase,107.77,web,2024-04-29 13:39:05,approved,False
TXN20240429003465,ACCT202349,MERCH300133,purchase,22.16,in_person,2024-04-29 07:05:46,approved,False
TXN20240429003466,ACCT203426,MERCH300122,purchase,126.84,in_person,2024-04-29 14:00:03,approved,False
TXN20240429003467,ACCT202125,MERCH300116,purchase,79.05,in_person,2024-04-29 08:45:25,approved,False
TXN20240429003468,ACCT204113,MERCH300228,transfer,68.75,web,2024-04-29 01:17:42,approved,False
TXN20240429003469,ACCT201648,MERCH300020,purchase,61.31,in_person,2024-04-29 12:16:31,approved,False
TXN20240429003470,ACCT200847,MERCH300082,transfer,111.48,web,2024-04-29 20:20:03,approved,False
TXN20240429003471,ACCT200091,MERCH300180,transfer,51.74,atm,2024-04-29 23:29:02,approved,False
TXN20240429003472,ACCT205725,MERCH300098,purchase,40.5,in_person,2024-04-29 13:02:59,approved,False
TXN20240429003473,ACCT201288,MERCH300198,transfer,30.74,mobile,2024-04-29 09:27:18,approved,False
TXN20240429003474,ACCT205103,MERCH300205,transfer,35.48,atm,2024-04-29 19:21:19,approved,False
TXN20240429003475,ACCT206035,MERCH300048,transfer,270.97,mobile,2024-04-29 03:13:21,approved,False
TXN20240429003476,ACCT201193,MERCH300160,purchase,159.79,in_person,2024-04-29 01:18:17,approved,False
TXN20240429003477,ACCT201995,MERCH300183,purchase,12.72,mobile,2024-04-29 23:30:47,approved,False
TXN20240429003478,ACCT205443,MERCH300236,purchase,44.03,web,2024-04-29 19:31:28,approved,False
TXN20240429003479,ACCT201479,MERCH300181,withdrawal,49.75,in_person,2024-04-29 16:24:57,approved,False
TXN20240429003480,ACCT206343,MERCH300013,transfer,23.39,mobile,2024-04-29 00:04:41,approved,False
TXN20240429003481,ACCT200156,MERCH300255,purchase,46.59,web,2024-04-29 11:11:13,approved,False
TXN20240429003482,ACCT200091,MERCH300227,withdrawal,169.57,web,2024-04-29 18:16:18,approved,False
TXN20240429003483,ACCT200235,MERCH300093,transfer,64.46,web,2024-04-29 18:49:23,approved,False
TXN20240429003484,ACCT205221,MERCH300177,transfer,58.61,in_person,2024-04-29 04:35:20,approved,False
TXN20240429003485,ACCT205049,MERCH300237,purchase,15.64,web,2024-04-29 23:12:13,approved,False
TXN20240429003486,ACCT204799,MERCH300262,transfer,90.94,web,2024-04-29 10:08:33,approved,False
TXN20240429003487,ACCT202207,MERCH300227,purchase,113.56,web,2024-04-29 01:12:08,approved,True
TXN20240429003488,ACCT204455,MERCH300134,purchase,56.05,atm,2024-04-29 18:30:09,approved,False
TXN20240429003489,ACCT201457,MERCH300123,purchase,27.66,in_person,2024-04-29 08:57:34,approved,False
TXN20240429003490,ACCT205600,MERCH300016,transfer,13.66,atm,2024-04-29 16:27:04,approved,False
TXN20240429003491,ACCT206278,MERCH300169,purchase,75.11,atm,2024-04-29 08:17:17,approved,True
TXN20240429003492,ACCT205655,MERCH300136,deposit,11.69,mobile,2024-04-29 17:11:15,approved,False
TXN20240429003493,ACCT201978,MERCH300151,purchase,45.56,in_person,2024-04-29 10:26:50,approved,False
TXN20240429003494,ACCT204654,MERCH300102,purchase,13.38,web,2024-04-29 16:48:15,approved,False
TXN20240429003495,ACCT200718,MERCH300085,purchase,19.05,web,2024-04-29 12:05:18,approved,False
TXN20240429003496,ACCT206190,MERCH300051,transfer,43.51,mobile,2024-04-29 17:06:56,approved,False
TXN20240429003497,ACCT206107,MERCH300028,purchase,8.67,mobile,2024-04-29 04:24:14,approved,False
TXN20240429003498,ACCT206105,MERCH300215,withdrawal,44.06,in_person,2024-04-29 19:06:48,approved,False
TXN20240429003499,ACCT201292,MERCH300266,purchase,111.75,in_person,2024-04-29 06:12:44,approved,False
TXN20240429003500,ACCT200574,MERCH300099,purchase,9.3,mobile,2024-04-29 22:01:05,approved,False
TXN20240429003501,ACCT200879,MERCH300068,purchase,55.65,in_person,2024-04-29 23:13:15,approved,False
TXN20240429003502,ACCT202816,MERCH300281,purchase,114.76,mobile,2024-04-29 06:31:57,approved,False
TXN20240429003503,ACCT202626,MERCH300164,withdrawal,113.08,atm,2024-04-29 00:37:57,approved,True
TXN20240429003504,ACCT201237,MERCH300158,purchase,15.38,mobile,2024-04-29 12:15:52,approved,False
TXN20240429003505,ACCT201551,MERCH300174,deposit,113.89,mobile,2024-04-29 11:35:38,approved,False
TXN20240429003506,ACCT203024,MERCH300225,purchase,12.25,mobile,2024-04-29 00:16:27,approved,False
TXN20240429003507,ACCT205712,MERCH300114,transfer,26.74,web,2024-04-29 18:42:35,approved,False
TXN20240429003508,ACCT201113,MERCH300259,transfer,8.49,web,2024-04-29 10:53:36,approved,True
TXN20240429003509,ACCT204293,MERCH300065,transfer,62.51,in_person,2024-04-29 16:59:14,approved,False
TXN20240429003510,ACCT204801,MERCH300014,transfer,57.8,mobile,2024-04-29 20:57:41,approved,False
TXN20240429003511,ACCT205403,MERCH300270,purchase,4.12,web,2024-04-29 15:51:31,declined,False
TXN20240429003512,ACCT205826,MERCH300102,transfer,17.3,atm,2024-04-29 06:02:17,approved,False
TXN20240429003513,ACCT205112,MERCH300209,purchase,143.13,web,2024-04-29 19:54:15,approved,False
TXN20240429003514,ACCT203553,MERCH300216,transfer,21.79,mobile,2024-04-29 14:43:57,approved,False
TXN20240429003515,ACCT200109,MERCH300141,purchase,10.87,web,2024-04-29 15:54:43,approved,False
TXN20240429003516,ACCT204791,MERCH300170,purchase,53.26,in_person,2024-04-29 06:28:10,approved,False
TXN20240429003517,ACCT203574,MERCH300142,purchase,9.9,in_person,2024-04-29 16:01:44,approved,False
TXN20240429003518,ACCT204014,MERCH300210,purchase,44.94,mobile,2024-04-29 11:03:21,approved,False
TXN20240429003519,ACCT201090,MERCH300277,purchase,8.59,in_person,2024-04-29 04:59:21,approved,False
TXN20240429003520,ACCT203567,MERCH300233,purchase,22.02,mobile,2024-04-29 04:54:08,approved,False
TXN20240429003521,ACCT206455,MERCH300032,purchase,24.61,mobile,2024-04-29 07:48:44,declined,False
TXN20240429003522,ACCT201990,MERCH300128,deposit,24.85,mobile,2024-04-29 08:12:48,approved,False
TXN20240429003523,ACCT200284,MERCH300089,purchase,31.3,in_person,2024-04-29 10:34:16,approved,False
TXN20240429003524,ACCT202048,MERCH300036,purchase,30.06,in_person,2024-04-29 17:32:15,approved,False
TXN20240429003525,ACCT202612,MERCH300075,purchase,161.02,web,2024-04-29 23:15:47,approved,False
TXN20240429003526,ACCT204181,MERCH300138,purchase,41.2,in_person,2024-04-29 14:32:10,approved,False
TXN20240429003527,ACCT205452,MERCH300119,purchase,31.85,mobile,2024-04-29 21:26:17,approved,False
TXN20240429003528,ACCT200601,MERCH300106,purchase,68.88,web,2024-04-29 17:29:11,declined,False
TXN20240429003529,ACCT204887,MERCH300286,withdrawal,35.02,in_person,2024-04-29 15:46:57,approved,False
TXN20240429003530,ACCT206426,MERCH300046,purchase,4.8,in_person,2024-04-29 10:42:58,approved,False
TXN20240429003531,ACCT203965,MERCH300254,purchase,30.46,web,2024-04-29 08:17:20,approved,False
TXN20240429003532,ACCT200275,MERCH300255,transfer,6.58,web,2024-04-29 05:05:13,approved,False
TXN20240429003533,ACCT202154,MERCH300040,purchase,17.21,web,2024-04-29 09:49:51,approved,False
TXN20240429003534,ACCT201359,MERCH300289,purchase,11.36,web,2024-04-29 00:21:22,approved,False
TXN20240429003535,ACCT202927,MERCH300101,purchase,51.61,web,2024-04-29 06:03:49,approved,False
TXN20240429003536,ACCT200938,MERCH300042,purchase,132.83,mobile,2024-04-29 18:00:08,approved,False
TXN20240429003537,ACCT203256,MERCH300242,deposit,53.26,web,2024-04-29 14:37:21,approved,False
TXN20240429003538,ACCT202880,MERCH300134,purchase,49.64,in_person,2024-04-29 23:28:53,approved,False
TXN20240429003539,ACCT202196,MERCH300161,purchase,136.86,mobile,2024-04-29 06:01:34,declined,False
TXN20240429003540,ACCT202934,MERCH300171,deposit,25.71,mobile,2024-04-29 00:21:49,approved,False
TXN20240429003541,ACCT200684,MERCH300216,purchase,72.02,mobile,2024-04-29 15:15:33,approved,False
TXN20240429003542,ACCT204936,MERCH300167,withdrawal,50.68,in_person,2024-04-29 01:12:28,approved,False
TXN20240429003543,ACCT203637,MERCH300041,purchase,67.91,atm,2024-04-29 05:10:49,approved,False
TXN20240429003544,ACCT200448,MERCH300007,deposit,64.24,in_person,2024-04-29 02:28:02,approved,False
TXN20240429003545,ACCT201788,MERCH300291,purchase,99.42,mobile,2024-04-29 16:55:44,approved,False
TXN20240429003546,ACCT206280,MERCH300107,purchase,15.35,in_person,2024-04-29 15:51:50,approved,False
TXN20240429003547,ACCT201986,MERCH300203,purchase,48.48,web,2024-04-29 11:15:23,approved,False
TXN20240429003548,ACCT205180,MERCH300126,withdrawal,56.94,atm,2024-04-29 20:51:09,approved,False
TXN20240429003549,ACCT201374,MERCH300080,purchase,181.93,atm,2024-04-29 09:55:24,approved,False
TXN20240429003550,ACCT200468,MERCH300193,purchase,44.73,mobile,2024-04-29 20:43:13,approved,False
TXN20240429003551,ACCT201912,MERCH300115,deposit,40.12,in_person,2024-04-29 18:27:53,approved,False
TXN20240429003552,ACCT205003,MERCH300034,deposit,33.59,in_person,2024-04-29 05:01:33,approved,False
TXN20240429003553,ACCT203025,MERCH300124,transfer,104.44,web,2024-04-29 13:43:44,approved,False
TXN20240429003554,ACCT204619,MERCH300186,purchase,16.07,mobile,2024-04-29 02:44:54,approved,False
TXN20240429003555,ACCT203332,MERCH300288,purchase,87.48,web,2024-04-29 01:51:21,approved,False
TXN20240429003556,ACCT202494,MERCH300241,transfer,19.47,in_person,2024-04-29 21:45:41,approved,False
TXN20240429003557,ACCT201847,MERCH300291,transfer,3.26,in_person,2024-04-29 23:39:57,approved,False
TXN20240429003558,ACCT202428,MERCH300067,purchase,58.16,in_person,2024-04-29 19:52:49,approved,False
TXN20240429003559,ACCT203066,MERCH300055,deposit,21.41,in_person,2024-04-29 13:16:33,approved,False
TXN20240429003560,ACCT200419,MERCH300285,transfer,21.37,web,2024-04-29 05:31:26,approved,False
TXN20240429003561,ACCT202050,MERCH300094,purchase,115.53,web,2024-04-29 23:40:00,approved,False
TXN20240429003562,ACCT205301,MERCH300266,purchase,35.93,atm,2024-04-29 00:51:06,approved,False
TXN20240429003563,ACCT203289,MERCH300045,withdrawal,66.57,web,2024-04-29 18:18:47,approved,False
TXN20240429003564,ACCT204667,MERCH300189,purchase,105.63,in_person,2024-04-29 16:00:08,approved,False
TXN20240429003565,ACCT201313,MERCH300063,transfer,11.81,in_person,2024-04-29 22:15:07,approved,False
TXN20240429003566,ACCT201778,MERCH300124,transfer,20.92,atm,2024-04-29 14:26:48,approved,False
TXN20240429003567,ACCT203473,MERCH300052,purchase,104.12,in_person,2024-04-29 15:55:13,approved,False
TXN20240429003568,ACCT205152,MERCH300238,transfer,73.21,mobile,2024-04-29 22:53:09,approved,False
TXN20240429003569,ACCT200850,MERCH300188,deposit,41.31,web,2024-04-29 11:30:28,declined,False
TXN20240429003570,ACCT203501,MERCH300199,transfer,6.86,mobile,2024-04-29 03:28:12,approved,False
TXN20240429003571,ACCT202825,MERCH300063,purchase,83.75,web,2024-04-29 02:13:28,declined,False
TXN20240429003572,ACCT201544,MERCH300186,purchase,274.71,mobile,2024-04-29 18:21:26,approved,False
TXN20240429003573,ACCT201990,MERCH300054,transfer,75.67,mobile,2024-04-29 14:01:25,approved,False
TXN20240429003574,ACCT200512,MERCH300089,deposit,29.31,web,2024-04-29 01:10:41,approved,False
TXN20240429003575,ACCT203547,MERCH300132,purchase,29.71,atm,2024-04-29 13:16:31,declined,False
TXN20240429003576,ACCT204831,MERCH300141,purchase,123.77,web,2024-04-29 17:25:09,declined,False
TXN20240429003577,ACCT202912,MERCH300245,transfer,28.87,web,2024-04-29 04:54:38,approved,False
TXN20240429003578,ACCT203367,MERCH300068,purchase,230.36,in_person,2024-04-29 16:44:34,approved,False
TXN20240429003579,ACCT204475,MERCH300200,withdrawal,58.81,web,2024-04-29 03:33:25,approved,False
TXN20240429003580,ACCT203605,MERCH300138,deposit,354.83,mobile,2024-04-29 11:28:39,approved,False
TXN20240429003581,ACCT205509,MERCH300245,transfer,17.68,web,2024-04-29 05:50:52,approved,False
TXN20240429003582,ACCT202357,MERCH300235,transfer,29.56,mobile,2024-04-29 05:06:15,approved,False
TXN20240429003583,ACCT204469,MERCH300020,purchase,101.97,mobile,2024-04-29 05:45:19,approved,False
TXN20240429003584,ACCT206180,MERCH300232,deposit,70.09,web,2024-04-29 00:28:23,approved,False
TXN20240429003585,ACCT201006,MERCH300104,purchase,59.35,web,2024-04-29 13:58:01,approved,False
TXN20240429003586,ACCT204936,MERCH300074,withdrawal,59.85,atm,2024-04-29 11:57:28,approved,False
TXN20240429003587,ACCT201081,MERCH300031,purchase,21.26,in_person,2024-04-29 06:05:44,approved,False
TXN20240429003588,ACCT204313,MERCH300060,purchase,11.71,atm,2024-04-29 22:49:15,approved,False
TXN20240429003589,ACCT204144,MERCH300226,purchase,55.33,in_person,2024-04-29 09:57:59,approved,False
TXN20240429003590,ACCT205529,MERCH300198,purchase,235.83,in_person,2024-04-29 06:57:56,declined,False
TXN20240429003591,ACCT204133,MERCH300008,purchase,7.33,web,2024-04-29 09:55:09,approved,False
TXN20240429003592,ACCT204326,MERCH300204,purchase,13.04,mobile,2024-04-29 04:30:50,approved,False
TXN20240429003593,ACCT200859,MERCH300220,purchase,20.57,web,2024-04-29 22:02:51,approved,False
TXN20240429003594,ACCT204741,MERCH300092,purchase,11.71,in_person,2024-04-29 19:21:32,approved,True
TXN20240429003595,ACCT205146,MERCH300239,purchase,7.44,mobile,2024-04-29 14:42:26,approved,False
TXN20240429003596,ACCT203199,MERCH300137,transfer,11.3,mobile,2024-04-29 14:45:03,approved,False
TXN20240429003597,ACCT200649,MERCH300205,transfer,53.51,atm,2024-04-29 08:01:51,approved,False
TXN20240429003598,ACCT204461,MERCH300106,purchase,11.95,in_person,2024-04-29 00:01:35,declined,False
TXN20240429003599,ACCT202327,MERCH300086,purchase,28.23,mobile,2024-04-29 11:55:26,approved,False
TXN20240429003600,ACCT201613,MERCH300126,purchase,14.21,in_person,2024-04-29 20:21:19,approved,False
TXN20240429003601,ACCT205735,MERCH300097,purchase,19.35,in_person,2024-04-29 11:19:40,approved,False
TXN20240429003602,ACCT202942,MERCH300273,purchase,59.59,web,2024-04-29 08:21:18,approved,False
TXN20240429003603,ACCT204578,MERCH300084,deposit,718.3,web,2024-04-29 20:02:49,approved,False
TXN20240429003604,ACCT201755,MERCH300086,purchase,26.72,web,2024-04-29 14:09:18,approved,False
TXN20240429003605,ACCT201744,MERCH300076,withdrawal,35.2,in_person,2024-04-29 09:36:23,approved,False
TXN20240429003606,ACCT203389,MERCH300218,purchase,153.52,in_person,2024-04-29 02:32:31,approved,False
TXN20240429003607,ACCT200131,MERCH300230,deposit,29.24,web,2024-04-29 23:20:21,approved,False
TXN20240429003608,ACCT202408,MERCH300175,withdrawal,23.84,in_person,2024-04-29 11:18:51,approved,False
TXN20240429003609,ACCT200542,MERCH300082,transfer,662.63,mobile,2024-04-29 06:03:42,approved,False
TXN20240429003610,ACCT203271,MERCH300019,purchase,7.0,web,2024-04-29 18:00:30,approved,False
TXN20240429003611,ACCT203446,MERCH300104,purchase,40.6,web,2024-04-29 21:18:14,approved,False
TXN20240429003612,ACCT203433,MERCH300233,transfer,82.15,mobile,2024-04-29 16:59:26,reversed,False
TXN20240429003613,ACCT203669,MERCH300274,purchase,6.3,web,2024-04-29 21:36:25,approved,False
TXN20240429003614,ACCT203691,MERCH300095,transfer,24.81,atm,2024-04-29 03:00:56,approved,False
TXN20240429003615,ACCT203106,MERCH300092,purchase,30.33,web,2024-04-29 16:34:04,approved,False
TXN20240429003616,ACCT200346,MERCH300022,deposit,31.88,web,2024-04-29 18:24:09,approved,False
TXN20240429003617,ACCT204899,MERCH300137,purchase,15.79,in_person,2024-04-29 13:45:08,approved,False
TXN20240429003618,ACCT205417,MERCH300111,purchase,46.49,mobile,2024-04-29 19:03:23,approved,False
TXN20240429003619,ACCT204921,MERCH300247,deposit,5.61,in_person,2024-04-29 14:17:04,approved,False
TXN20240429003620,ACCT203266,MERCH300299,withdrawal,40.27,in_person,2024-04-29 14:33:01,approved,False
TXN20240429003621,ACCT201692,MERCH300048,deposit,67.67,in_person,2024-04-29 07:56:22,approved,False
TXN20240429003622,ACCT202957,MERCH300185,deposit,57.67,mobile,2024-04-29 21:39:07,approved,False
TXN20240429003623,ACCT204156,MERCH300233,purchase,23.42,web,2024-04-29 18:05:35,approved,True
TXN20240429003624,ACCT204795,MERCH300057,purchase,33.11,atm,2024-04-29 19:28:35,approved,False
TXN20240429003625,ACCT203673,MERCH300295,deposit,9.95,in_person,2024-04-29 15:21:58,approved,False
TXN20240429003626,ACCT200588,MERCH300289,purchase,121.08,web,2024-04-29 15:41:23,approved,False
TXN20240429003627,ACCT200109,MERCH300096,purchase,12.6,mobile,2024-04-29 23:42:43,approved,False
TXN20240429003628,ACCT205321,MERCH300153,purchase,7.76,in_person,2024-04-29 05:27:34,approved,False
TXN20240429003629,ACCT202242,MERCH300093,purchase,13.8,in_person,2024-04-29 02:07:21,approved,False
TXN20240429003630,ACCT204775,MERCH300185,deposit,3.69,atm,2024-04-29 20:49:31,approved,False
TXN20240429003631,ACCT201684,MERCH300086,purchase,18.47,mobile,2024-04-29 13:45:13,approved,False
TXN20240429003632,ACCT201248,MERCH300001,purchase,38.33,web,2024-04-29 01:34:43,approved,True
TXN20240429003633,ACCT200070,MERCH300281,purchase,32.2,web,2024-04-29 15:21:48,approved,False
TXN20240429003634,ACCT200692,MERCH300228,transfer,7.44,mobile,2024-04-29 16:25:33,approved,False
TXN20240429003635,ACCT205111,MERCH300001,purchase,31.45,web,2024-04-29 04:22:42,approved,False
TXN20240429003636,ACCT206027,MERCH300200,purchase,39.65,mobile,2024-04-29 16:14:10,approved,False
TXN20240429003637,ACCT206214,MERCH300232,withdrawal,69.17,web,2024-04-29 11:57:39,approved,False
TXN20240429003638,ACCT200054,MERCH300036,withdrawal,4.27,web,2024-04-29 23:02:40,approved,False
TXN20240429003639,ACCT206139,MERCH300032,purchase,46.45,web,2024-04-29 20:27:54,approved,False
TXN20240429003640,ACCT203362,MERCH300216,purchase,150.14,in_person,2024-04-29 16:29:04,approved,False
TXN20240429003641,ACCT204705,MERCH300237,purchase,55.95,web,2024-04-29 00:03:29,approved,False
TXN20240429003642,ACCT204710,MERCH300089,purchase,36.91,atm,2024-04-29 18:35:08,approved,False
TXN20240429003643,ACCT205288,MERCH300102,deposit,6.66,mobile,2024-04-29 13:55:55,approved,False
TXN20240429003644,ACCT204262,MERCH300074,transfer,30.04,mobile,2024-04-29 18:13:33,approved,False
TXN20240429003645,ACCT203964,MERCH300117,purchase,46.12,web,2024-04-29 18:22:10,approved,False
TXN20240429003646,ACCT202861,MERCH300096,purchase,44.7,in_person,2024-04-29 15:51:34,approved,False
TXN20240429003647,ACCT204470,MERCH300267,purchase,30.2,web,2024-04-29 10:47:03,reversed,False
TXN20240429003648,ACCT202606,MERCH300102,withdrawal,80.01,in_person,2024-04-29 21:48:00,approved,False
TXN20240429003649,ACCT202560,MERCH300126,purchase,87.69,mobile,2024-04-29 05:50:13,approved,False
TXN20240429003650,ACCT203319,MERCH300206,transfer,80.99,mobile,2024-04-29 09:43:56,approved,False
TXN20240429003651,ACCT202182,MERCH300292,purchase,103.35,in_person,2024-04-29 19:10:59,approved,False
TXN20240429003652,ACCT205237,MERCH300158,purchase,92.16,mobile,2024-04-29 19:19:05,approved,False
TXN20240429003653,ACCT201513,MERCH300282,purchase,32.96,mobile,2024-04-29 02:46:35,approved,False
TXN20240429003654,ACCT204777,MERCH300225,purchase,12.62,mobile,2024-04-29 16:45:11,approved,False
TXN20240429003655,ACCT203486,MERCH300015,purchase,21.64,atm,2024-04-29 18:25:33,approved,False
TXN20240429003656,ACCT203761,MERCH300295,purchase,91.95,mobile,2024-04-29 03:04:08,approved,False
TXN20240429003657,ACCT205609,MERCH300028,transfer,79.88,in_person,2024-04-29 07:13:50,approved,False
TXN20240429003658,ACCT204728,MERCH300052,deposit,21.56,mobile,2024-04-29 19:53:40,approved,False
TXN20240429003659,ACCT202551,MERCH300210,purchase,71.66,web,2024-04-29 07:54:17,approved,False
TXN20240429003660,ACCT204977,MERCH300233,purchase,18.68,web,2024-04-29 02:17:04,approved,True
TXN20240429003661,ACCT203683,MERCH300299,purchase,11.68,web,2024-04-29 17:54:18,approved,False
TXN20240429003662,ACCT202905,MERCH300052,transfer,15.74,in_person,2024-04-29 17:00:14,approved,False
TXN20240429003663,ACCT206140,MERCH300127,purchase,17.51,atm,2024-04-29 23:43:41,approved,False
TXN20240429003664,ACCT201633,MERCH300273,purchase,57.82,web,2024-04-29 05:40:44,approved,False
TXN20240429003665,ACCT203039,MERCH300049,purchase,25.51,web,2024-04-29 23:27:03,approved,False
TXN20240429003666,ACCT202581,MERCH300298,purchase,201.75,atm,2024-04-29 18:49:09,approved,False
TXN20240429003667,ACCT204625,MERCH300205,withdrawal,53.59,web,2024-04-29 16:31:23,declined,False
TXN20240429003668,ACCT206450,MERCH300208,purchase,11.62,in_person,2024-04-29 09:15:32,approved,False
TXN20240429003669,ACCT202629,MERCH300050,purchase,5.52,in_person,2024-04-29 22:14:16,approved,False
TXN20240429003670,ACCT204258,MERCH300292,withdrawal,26.21,in_person,2024-04-29 23:01:50,approved,False
TXN20240429003671,ACCT204622,MERCH300156,withdrawal,16.58,in_person,2024-04-29 05:31:42,approved,False
TXN20240429003672,ACCT200269,MERCH300077,purchase,26.16,web,2024-04-29 10:49:59,approved,False
TXN20240429003673,ACCT200409,MERCH300029,purchase,19.58,in_person,2024-04-29 15:48:16,approved,False
TXN20240429003674,ACCT204092,MERCH300224,transfer,8.19,web,2024-04-29 17:25:26,declined,False
TXN20240429003675,ACCT202145,MERCH300034,withdrawal,37.72,atm,2024-04-29 20:36:00,approved,False
TXN20240429003676,ACCT202903,MERCH300109,purchase,24.81,web,2024-04-29 17:04:03,approved,False
TXN20240429003677,ACCT206106,MERCH300219,purchase,9.74,web,2024-04-29 16:08:36,approved,False
TXN20240429003678,ACCT204053,MERCH300070,purchase,21.86,mobile,2024-04-29 23:41:36,approved,False
TXN20240429003679,ACCT201189,MERCH300073,transfer,65.67,in_person,2024-04-29 09:38:53,approved,False
TXN20240429003680,ACCT200748,MERCH300095,purchase,64.07,web,2024-04-29 14:02:08,approved,False
TXN20240429003681,ACCT205799,MERCH300226,purchase,49.09,in_person,2024-04-29 19:29:20,approved,False
TXN20240429003682,ACCT203877,MERCH300210,purchase,28.07,in_person,2024-04-29 17:05:53,approved,False
TXN20240429003683,ACCT206126,MERCH300219,withdrawal,73.46,in_person,2024-04-29 03:04:57,declined,False
TXN20240429003684,ACCT206309,MERCH300286,purchase,69.52,web,2024-04-29 03:41:06,approved,False
TXN20240429003685,ACCT205186,MERCH300012,transfer,172.45,in_person,2024-04-29 13:51:15,approved,False
TXN20240429003686,ACCT201633,MERCH300185,purchase,27.76,web,2024-04-29 11:29:33,approved,False
TXN20240429003687,ACCT201797,MERCH300247,transfer,28.51,mobile,2024-04-29 05:31:33,approved,False
TXN20240429003688,ACCT205312,MERCH300010,purchase,370.42,web,2024-04-29 23:09:09,approved,False
TXN20240429003689,ACCT204197,MERCH300155,purchase,20.61,mobile,2024-04-29 21:28:04,approved,False
TXN20240429003690,ACCT200407,MERCH300033,purchase,124.54,in_person,2024-04-29 13:35:44,approved,False
TXN20240429003691,ACCT205812,MERCH300110,purchase,21.43,web,2024-04-29 18:20:59,approved,False
TXN20240429003692,ACCT205958,MERCH300064,deposit,54.45,in_person,2024-04-29 01:25:56,approved,False
TXN20240429003693,ACCT201164,MERCH300286,purchase,112.75,web,2024-04-29 20:12:04,approved,False
TXN20240429003694,ACCT202900,MERCH300119,withdrawal,19.54,web,2024-04-29 15:03:55,approved,False
TXN20240429003695,ACCT200672,MERCH300211,purchase,24.11,in_person,2024-04-29 22:33:28,approved,False
TXN20240429003696,ACCT204269,MERCH300141,purchase,62.17,mobile,2024-04-29 13:40:49,approved,False
TXN20240429003697,ACCT203605,MERCH300045,purchase,101.19,web,2024-04-29 13:05:58,approved,False
TXN20240429003698,ACCT201132,MERCH300091,purchase,61.85,web,2024-04-29 15:43:08,approved,False
TXN20240429003699,ACCT203339,MERCH300276,transfer,7.55,mobile,2024-04-29 16:19:12,approved,False
TXN20240429003700,ACCT201962,MERCH300037,purchase,49.29,atm,2024-04-29 12:49:25,approved,False
TXN20240429003701,ACCT202098,MERCH300063,purchase,33.0,mobile,2024-04-29 00:29:57,approved,True
TXN20240429003702,ACCT205031,MERCH300236,purchase,15.14,mobile,2024-04-29 19:19:23,approved,False
TXN20240429003703,ACCT206146,MERCH300263,purchase,58.14,mobile,2024-04-29 19:19:09,approved,False
TXN20240429003704,ACCT204626,MERCH300245,purchase,153.81,mobile,2024-04-29 23:26:00,approved,False
TXN20240429003705,ACCT200585,MERCH300096,purchase,34.35,in_person,2024-04-29 02:29:38,approved,False
TXN20240429003706,ACCT202587,MERCH300119,purchase,77.56,in_person,2024-04-29 23:06:22,approved,False
TXN20240429003707,ACCT203939,MERCH300023,purchase,111.38,in_person,2024-04-29 15:25:24,approved,False
TXN20240429003708,ACCT205436,MERCH300194,purchase,57.09,web,2024-04-29 16:09:27,approved,False
TXN20240429003709,ACCT203621,MERCH300055,purchase,11.45,in_person,2024-04-29 17:08:25,declined,False
TXN20240429003710,ACCT204612,MERCH300029,purchase,59.77,web,2024-04-29 23:40:43,approved,False
TXN20240429003711,ACCT202168,MERCH300220,purchase,84.5,in_person,2024-04-29 08:55:21,approved,False
TXN20240429003712,ACCT200082,MERCH300037,purchase,9.63,atm,2024-04-29 09:43:57,approved,False
TXN20240429003713,ACCT203027,MERCH300218,purchase,12.39,mobile,2024-04-29 06:16:29,approved,False
TXN20240429003714,ACCT203562,MERCH300022,purchase,31.49,in_person,2024-04-29 02:28:07,approved,False
TXN20240429003715,ACCT205090,MERCH300110,purchase,54.42,mobile,2024-04-29 11:59:13,approved,False
TXN20240429003716,ACCT205670,MERCH300220,deposit,9.31,web,2024-04-29 09:28:27,approved,False
TXN20240429003717,ACCT203251,MERCH300006,purchase,19.38,mobile,2024-04-29 20:37:43,approved,False
TXN20240429003718,ACCT205090,MERCH300067,purchase,85.4,in_person,2024-04-29 10:42:07,approved,False
TXN20240429003719,ACCT205964,MERCH300219,purchase,184.67,atm,2024-04-29 15:15:36,approved,False
TXN20240429003720,ACCT200396,MERCH300145,transfer,41.49,web,2024-04-29 17:05:34,approved,False
TXN20240429003721,ACCT203822,MERCH300201,withdrawal,18.94,in_person,2024-04-29 13:31:29,approved,False
TXN20240429003722,ACCT204650,MERCH300206,purchase,99.8,atm,2024-04-29 01:05:26,approved,False
TXN20240429003723,ACCT206276,MERCH300041,purchase,45.23,mobile,2024-04-29 03:20:50,approved,False
TXN20240429003724,ACCT203223,MERCH300081,transfer,19.62,web,2024-04-29 23:08:41,approved,False
TXN20240429003725,ACCT204951,MERCH300123,withdrawal,20.34,in_person,2024-04-29 13:12:34,approved,False
TXN20240429003726,ACCT201953,MERCH300153,transfer,63.27,web,2024-04-29 17:35:52,approved,False
TXN20240429003727,ACCT202995,MERCH300295,purchase,93.9,in_person,2024-04-29 17:23:00,approved,False
TXN20240429003728,ACCT202504,MERCH300187,purchase,123.86,in_person,2024-04-29 07:33:13,approved,False
TXN20240429003729,ACCT203700,MERCH300168,purchase,73.98,mobile,2024-04-29 04:21:06,approved,False
TXN20240429003730,ACCT206072,MERCH300049,withdrawal,47.7,mobile,2024-04-29 05:31:36,approved,False
TXN20240429003731,ACCT200601,MERCH300015,transfer,62.11,mobile,2024-04-29 10:25:22,approved,False
TXN20240429003732,ACCT205431,MERCH300127,purchase,18.68,atm,2024-04-29 01:37:27,approved,False
TXN20240429003733,ACCT205639,MERCH300255,purchase,113.81,in_person,2024-04-29 02:04:08,approved,False
TXN20240429003734,ACCT200108,MERCH300232,purchase,7.27,in_person,2024-04-29 22:00:18,approved,False
TXN20240429003735,ACCT201629,MERCH300045,purchase,8.8,in_person,2024-04-29 05:05:50,approved,False
TXN20240429003736,ACCT204088,MERCH300038,transfer,47.85,web,2024-04-29 09:23:03,approved,False
TXN20240429003737,ACCT201112,MERCH300027,purchase,11.11,in_person,2024-04-29 12:41:38,approved,False
TXN20240429003738,ACCT205418,MERCH300285,withdrawal,43.0,mobile,2024-04-29 23:19:33,approved,False
TXN20240429003739,ACCT205942,MERCH300011,deposit,26.46,mobile,2024-04-29 00:08:58,approved,False
TXN20240429003740,ACCT202672,MERCH300044,purchase,52.94,in_person,2024-04-29 12:16:35,approved,False
TXN20240429003741,ACCT205451,MERCH300116,deposit,21.57,in_person,2024-04-29 04:35:16,approved,False
TXN20240429003742,ACCT203751,MERCH300006,purchase,26.46,in_person,2024-04-29 06:55:42,approved,False
TXN20240429003743,ACCT203701,MERCH300210,purchase,63.11,mobile,2024-04-29 02:31:38,approved,False
TXN20240429003744,ACCT201794,MERCH300188,transfer,88.4,in_person,2024-04-29 07:09:47,approved,False
TXN20240429003745,ACCT202108,MERCH300003,purchase,7.31,in_person,2024-04-29 17:06:30,approved,False
TXN20240429003746,ACCT205429,MERCH300023,purchase,117.85,web,2024-04-29 05:46:30,approved,False
TXN20240429003747,ACCT202651,MERCH300140,purchase,10.89,in_person,2024-04-29 15:18:16,approved,False
TXN20240429003748,ACCT204039,MERCH300104,purchase,3.15,in_person,2024-04-29 15:03:20,approved,False
TXN20240429003749,ACCT204010,MERCH300096,transfer,35.88,web,2024-04-29 09:20:33,approved,False
TXN20240429003750,ACCT200230,MERCH300021,purchase,27.69,web,2024-04-29 22:45:47,approved,False
TXN20240429003751,ACCT206071,MERCH300230,withdrawal,115.27,web,2024-04-29 11:40:54,approved,False
TXN20240429003752,ACCT204905,MERCH300149,purchase,32.65,web,2024-04-29 20:12:18,approved,False
TXN20240429003753,ACCT204153,MERCH300276,purchase,54.1,atm,2024-04-29 13:29:25,approved,False
TXN20240429003754,ACCT200893,MERCH300021,withdrawal,33.65,in_person,2024-04-29 12:18:56,approved,False
TXN20240429003755,ACCT204293,MERCH300051,deposit,35.04,in_person,2024-04-29 16:26:02,approved,False
TXN20240429003756,ACCT204347,MERCH300229,purchase,99.02,in_person,2024-04-29 17:33:02,approved,False
TXN20240429003757,ACCT202831,MERCH300285,transfer,100.94,atm,2024-04-29 11:15:22,approved,False
TXN20240429003758,ACCT200596,MERCH300005,withdrawal,15.29,web,2024-04-29 00:18:00,approved,False
TXN20240429003759,ACCT205949,MERCH300232,purchase,144.58,in_person,2024-04-29 03:05:24,declined,False
TXN20240429003760,ACCT200459,MERCH300019,transfer,53.02,atm,2024-04-29 04:52:04,declined,False
TXN20240429003761,ACCT206211,MERCH300000,transfer,23.61,in_person,2024-04-29 06:06:37,approved,False
TXN20240429003762,ACCT200464,MERCH300010,purchase,134.32,web,2024-04-29 02:30:11,approved,False
TXN20240429003763,ACCT205359,MERCH300035,purchase,79.73,web,2024-04-29 06:16:34,approved,True
TXN20240429003764,ACCT202703,MERCH300229,purchase,83.0,web,2024-04-29 14:25:45,approved,False
TXN20240429003765,ACCT202462,MERCH300298,purchase,71.14,in_person,2024-04-29 22:02:32,approved,False
TXN20240429003766,ACCT206176,MERCH300223,purchase,33.69,atm,2024-04-29 00:16:42,approved,False
TXN20240429003767,ACCT202825,MERCH300066,purchase,79.22,mobile,2024-04-29 18:44:40,approved,False
TXN20240429003768,ACCT201957,MERCH300031,purchase,33.84,mobile,2024-04-29 20:18:26,approved,False
TXN20240429003769,ACCT200129,MERCH300232,withdrawal,204.13,in_person,2024-04-29 13:55:47,approved,False
TXN20240429003770,ACCT201050,MERCH300098,withdrawal,44.74,in_person,2024-04-29 17:47:24,approved,False
TXN20240429003771,ACCT203939,MERCH300015,deposit,140.43,in_person,2024-04-29 11:16:50,approved,False
TXN20240429003772,ACCT200376,MERCH300249,purchase,47.13,in_person,2024-04-29 17:12:57,approved,False
TXN20240429003773,ACCT202114,MERCH300240,purchase,72.19,web,2024-04-29 13:52:43,approved,False
TXN20240429003774,ACCT202638,MERCH300219,purchase,63.6,in_person,2024-04-29 07:00:25,approved,False
TXN20240429003775,ACCT202578,MERCH300234,purchase,9.76,web,2024-04-29 19:34:05,approved,False
TXN20240429003776,ACCT202172,MERCH300199,purchase,23.84,mobile,2024-04-29 05:07:25,approved,True
TXN20240429003777,ACCT204022,MERCH300274,deposit,11.41,web,2024-04-29 14:29:55,reversed,False
TXN20240429003778,ACCT200588,MERCH300233,transfer,321.92,web,2024-04-29 19:27:16,declined,False
TXN20240429003779,ACCT206466,MERCH300292,withdrawal,41.54,mobile,2024-04-29 02:52:00,declined,False
TXN20240429003780,ACCT200813,MERCH300055,purchase,15.15,in_person,2024-04-29 05:20:57,approved,False
TXN20240429003781,ACCT200681,MERCH300224,deposit,28.1,web,2024-04-29 14:38:59,approved,False
TXN20240429003782,ACCT205716,MERCH300234,withdrawal,88.39,web,2024-04-29 00:58:46,approved,False
TXN20240429003783,ACCT204032,MERCH300144,deposit,40.33,in_person,2024-04-29 22:25:47,approved,False
TXN20240429003784,ACCT200696,MERCH300208,purchase,17.26,mobile,2024-04-29 00:25:28,approved,False
TXN20240429003785,ACCT203000,MERCH300281,purchase,55.91,mobile,2024-04-29 23:46:44,approved,False
TXN20240429003786,ACCT203126,MERCH300176,deposit,21.52,in_person,2024-04-29 08:57:28,approved,False
TXN20240429003787,ACCT200258,MERCH300253,purchase,26.81,web,2024-04-29 14:54:23,approved,False
TXN20240429003788,ACCT202142,MERCH300227,purchase,93.44,atm,2024-04-29 05:54:19,approved,False
TXN20240429003789,ACCT202717,MERCH300168,transfer,40.39,atm,2024-04-29 08:49:59,approved,False
TXN20240429003790,ACCT200635,MERCH300193,purchase,23.77,in_person,2024-04-29 08:40:41,approved,False
TXN20240429003791,ACCT202597,MERCH300042,transfer,154.41,web,2024-04-29 22:30:57,approved,False
TXN20240429003792,ACCT205063,MERCH300173,transfer,10.73,web,2024-04-29 18:29:33,approved,False
TXN20240429003793,ACCT203528,MERCH300144,transfer,44.77,in_person,2024-04-29 06:45:35,approved,False
TXN20240429003794,ACCT201874,MERCH300033,purchase,62.89,in_person,2024-04-29 01:16:52,approved,False
TXN20240429003795,ACCT200841,MERCH300127,transfer,371.26,in_person,2024-04-29 09:25:03,approved,False
TXN20240429003796,ACCT204058,MERCH300095,purchase,53.94,mobile,2024-04-29 00:44:46,approved,False
TXN20240429003797,ACCT205467,MERCH300195,purchase,103.74,mobile,2024-04-29 19:24:21,approved,False
TXN20240429003798,ACCT201249,MERCH300018,purchase,51.59,web,2024-04-29 01:59:09,approved,False
TXN20240429003799,ACCT204906,MERCH300111,purchase,104.64,mobile,2024-04-29 10:01:14,approved,False
TXN20240429003800,ACCT205591,MERCH300019,purchase,6.13,web,2024-04-29 09:06:51,approved,False
TXN20240429003801,ACCT202023,MERCH300169,purchase,46.73,web,2024-04-29 09:44:50,approved,False
TXN20240429003802,ACCT201386,MERCH300268,purchase,65.32,in_person,2024-04-29 22:58:56,approved,False
TXN20240429003803,ACCT201824,MERCH300052,transfer,99.26,mobile,2024-04-29 10:01:40,approved,False
TXN20240429003804,ACCT206231,MERCH300213,transfer,11.42,atm,2024-04-29 08:48:03,approved,False
TXN20240429003805,ACCT203203,MERCH300102,purchase,76.18,web,2024-04-29 07:30:07,approved,False
TXN20240429003806,ACCT200058,MERCH300122,purchase,169.63,in_person,2024-04-29 06:41:40,declined,False
TXN20240429003807,ACCT200219,MERCH300192,purchase,18.48,in_person,2024-04-29 16:52:25,approved,False
TXN20240429003808,ACCT202255,MERCH300134,purchase,23.81,mobile,2024-04-29 09:22:57,approved,False
TXN20240429003809,ACCT200278,MERCH300021,transfer,3.88,in_person,2024-04-29 07:56:06,approved,False
TXN20240429003810,ACCT202454,MERCH300037,deposit,19.17,atm,2024-04-29 00:14:42,approved,False
TXN20240429003811,ACCT204376,MERCH300286,purchase,7.43,web,2024-04-29 04:21:51,approved,False
TXN20240429003812,ACCT205571,MERCH300190,purchase,19.86,mobile,2024-04-29 06:28:40,declined,False
TXN20240429003813,ACCT200153,MERCH300125,withdrawal,15.43,mobile,2024-04-29 23:38:49,approved,False
TXN20240429003814,ACCT200514,MERCH300156,purchase,6.72,web,2024-04-29 14:36:43,approved,False
TXN20240429003815,ACCT204081,MERCH300028,purchase,10.98,mobile,2024-04-29 04:27:38,approved,False
TXN20240429003816,ACCT204589,MERCH300198,purchase,161.51,mobile,2024-04-29 02:40:45,approved,False
TXN20240429003817,ACCT203425,MERCH300272,transfer,27.55,web,2024-04-29 17:53:30,approved,False
TXN20240429003818,ACCT200368,MERCH300017,purchase,23.03,mobile,2024-04-29 09:33:07,approved,False
TXN20240429003819,ACCT201451,MERCH300091,deposit,26.02,web,2024-04-29 05:21:02,approved,False
TXN20240429003820,ACCT202752,MERCH300130,purchase,116.22,in_person,2024-04-29 08:08:54,approved,False
TXN20240429003821,ACCT204892,MERCH300178,purchase,119.87,in_person,2024-04-29 00:52:33,approved,False
TXN20240429003822,ACCT206367,MERCH300117,purchase,5.43,in_person,2024-04-29 16:12:24,approved,False
TXN20240429003823,ACCT200636,MERCH300275,deposit,78.72,in_person,2024-04-29 22:13:35,approved,False
TXN20240429003824,ACCT203040,MERCH300183,purchase,42.08,web,2024-04-29 16:20:41,approved,False
TXN20240429003825,ACCT204724,MERCH300033,purchase,16.9,mobile,2024-04-29 02:19:59,approved,False
TXN20240429003826,ACCT203049,MERCH300278,deposit,130.43,in_person,2024-04-29 05:02:40,declined,False
TXN20240429003827,ACCT201392,MERCH300187,purchase,45.96,web,2024-04-29 11:48:15,approved,False
TXN20240429003828,ACCT202985,MERCH300141,purchase,59.0,in_person,2024-04-29 14:30:42,approved,False
TXN20240429003829,ACCT202168,MERCH300289,purchase,92.84,atm,2024-04-29 21:59:45,approved,False
TXN20240429003830,ACCT204706,MERCH300130,deposit,17.98,in_person,2024-04-29 18:56:47,approved,False
TXN20240429003831,ACCT205774,MERCH300241,transfer,40.34,mobile,2024-04-29 03:06:23,approved,False
TXN20240429003832,ACCT203152,MERCH300027,purchase,28.65,in_person,2024-04-29 22:52:40,approved,False
TXN20240429003833,ACCT200606,MERCH300052,purchase,20.03,web,2024-04-29 09:59:35,approved,False
TXN20240429003834,ACCT200684,MERCH300041,transfer,31.14,web,2024-04-29 18:21:58,approved,False
TXN20240429003835,ACCT204438,MERCH300007,purchase,5.02,in_person,2024-04-29 00:11:59,approved,False
TXN20240429003836,ACCT205990,MERCH300169,purchase,11.32,in_person,2024-04-29 14:33:01,approved,False
TXN20240429003837,ACCT203241,MERCH300122,purchase,23.41,mobile,2024-04-29 22:58:55,approved,False
TXN20240429003838,ACCT203474,MERCH300168,transfer,83.3,in_person,2024-04-29 12:54:42,declined,False
TXN20240429003839,ACCT204404,MERCH300163,transfer,90.78,mobile,2024-04-29 00:55:49,approved,False
TXN20240429003840,ACCT202805,MERCH300235,purchase,45.28,web,2024-04-29 16:00:07,approved,False
TXN20240429003841,ACCT200527,MERCH300055,purchase,107.26,in_person,2024-04-29 05:37:22,approved,False
TXN20240429003842,ACCT205881,MERCH300094,purchase,82.23,web,2024-04-29 21:12:16,approved,False
TXN20240429003843,ACCT201105,MERCH300242,withdrawal,129.75,web,2024-04-29 14:45:07,approved,False
TXN20240429003844,ACCT203529,MERCH300027,purchase,15.73,web,2024-04-29 09:37:32,approved,False
TXN20240429003845,ACCT203551,MERCH300103,purchase,40.75,web,2024-04-29 03:42:28,approved,False
TXN20240429003846,ACCT202920,MERCH300139,withdrawal,21.72,mobile,2024-04-29 20:05:55,approved,False
TXN20240429003847,ACCT203471,MERCH300199,transfer,96.98,mobile,2024-04-29 18:07:13,declined,False
TXN20240429003848,ACCT203013,MERCH300216,deposit,117.56,in_person,2024-04-29 09:26:52,approved,False
TXN20240429003849,ACCT203160,MERCH300148,withdrawal,19.05,in_person,2024-04-29 05:41:42,approved,False
TXN20240429003850,ACCT203804,MERCH300001,purchase,60.09,in_person,2024-04-29 09:33:55,approved,False
TXN20240429003851,ACCT201436,MERCH300157,deposit,20.37,in_person,2024-04-29 00:33:59,approved,False
TXN20240429003852,ACCT201632,MERCH300067,purchase,12.3,in_person,2024-04-29 03:05:51,approved,False
TXN20240429003853,ACCT204485,MERCH300019,purchase,126.81,in_person,2024-04-29 12:24:50,approved,False
TXN20240429003854,ACCT202898,MERCH300112,transfer,54.56,in_person,2024-04-29 00:26:11,approved,False
TXN20240429003855,ACCT203939,MERCH300058,purchase,141.86,in_person,2024-04-29 23:22:14,approved,False
TXN20240429003856,ACCT205445,MERCH300262,purchase,4.16,in_person,2024-04-29 15:10:15,approved,False
TXN20240429003857,ACCT200074,MERCH300047,purchase,49.61,mobile,2024-04-29 19:22:47,approved,False
TXN20240429003858,ACCT205944,MERCH300112,purchase,30.57,in_person,2024-04-29 03:24:39,approved,False
TXN20240429003859,ACCT200514,MERCH300236,withdrawal,33.05,mobile,2024-04-29 20:02:53,approved,False
TXN20240429003860,ACCT203208,MERCH300058,deposit,32.19,mobile,2024-04-29 13:05:58,approved,False
TXN20240429003861,ACCT203955,MERCH300230,purchase,203.56,atm,2024-04-29 15:10:02,approved,False
TXN20240429003862,ACCT204415,MERCH300206,transfer,46.7,atm,2024-04-29 23:36:51,approved,False
TXN20240429003863,ACCT205173,MERCH300216,purchase,26.67,in_person,2024-04-29 05:02:58,approved,False
TXN20240429003864,ACCT200065,MERCH300067,purchase,189.5,mobile,2024-04-29 21:27:27,approved,False
TXN20240429003865,ACCT200776,MERCH300037,purchase,34.16,in_person,2024-04-29 21:29:03,approved,False
TXN20240429003866,ACCT202910,MERCH300110,purchase,44.39,web,2024-04-29 20:05:40,approved,False
TXN20240429003867,ACCT205925,MERCH300208,transfer,11.46,atm,2024-04-29 18:49:33,approved,False
TXN20240429003868,ACCT205654,MERCH300104,purchase,17.72,in_person,2024-04-29 16:01:15,approved,False
TXN20240429003869,ACCT203929,MERCH300019,withdrawal,68.63,web,2024-04-29 14:45:31,approved,False
TXN20240429003870,ACCT205523,MERCH300231,withdrawal,129.61,web,2024-04-29 07:25:45,approved,False
TXN20240429003871,ACCT201451,MERCH300278,deposit,21.54,mobile,2024-04-29 11:32:09,approved,False
TXN20240429003872,ACCT203357,MERCH300017,purchase,16.08,web,2024-04-29 01:23:57,approved,False
TXN20240429003873,ACCT203338,MERCH300011,purchase,15.09,atm,2024-04-29 14:48:38,approved,False
TXN20240429003874,ACCT201988,MERCH300150,deposit,34.44,in_person,2024-04-29 08:56:50,approved,False
TXN20240429003875,ACCT200929,MERCH300097,purchase,84.9,in_person,2024-04-29 05:57:50,approved,False
TXN20240429003876,ACCT201914,MERCH300026,purchase,44.39,mobile,2024-04-29 04:45:16,approved,False
TXN20240429003877,ACCT205212,MERCH300032,purchase,56.58,in_person,2024-04-29 18:45:42,approved,False
TXN20240429003878,ACCT201615,MERCH300053,withdrawal,38.25,in_person,2024-04-29 03:38:40,approved,False
TXN20240429003879,ACCT205217,MERCH300294,deposit,34.32,in_person,2024-04-29 21:05:16,approved,False
TXN20240429003880,ACCT204825,MERCH300137,deposit,9.06,in_person,2024-04-29 16:53:34,approved,False
TXN20240429003881,ACCT200237,MERCH300090,purchase,52.61,atm,2024-04-29 16:53:39,approved,False
TXN20240429003882,ACCT204056,MERCH300021,transfer,94.89,web,2024-04-29 19:59:28,approved,False
TXN20240429003883,ACCT201945,MERCH300218,withdrawal,130.78,in_person,2024-04-29 21:40:59,approved,False
TXN20240429003884,ACCT203829,MERCH300227,deposit,43.43,web,2024-04-29 04:05:25,approved,False
TXN20240429003885,ACCT202373,MERCH300013,purchase,46.4,web,2024-04-29 02:02:58,approved,False
TXN20240429003886,ACCT200514,MERCH300114,transfer,45.33,in_person,2024-04-29 23:37:02,approved,False
TXN20240429003887,ACCT202182,MERCH300258,purchase,55.35,web,2024-04-29 00:29:30,approved,False
TXN20240429003888,ACCT201978,MERCH300236,purchase,46.25,atm,2024-04-29 16:04:54,approved,False
TXN20240429003889,ACCT201793,MERCH300039,deposit,62.97,mobile,2024-04-29 15:10:42,approved,False
TXN20240429003890,ACCT203674,MERCH300136,withdrawal,22.59,atm,2024-04-29 14:01:42,approved,False
TXN20240429003891,ACCT205978,MERCH300113,purchase,13.64,in_person,2024-04-29 11:56:47,approved,False
TXN20240429003892,ACCT204374,MERCH300132,purchase,26.7,web,2024-04-29 15:35:01,approved,False
TXN20240429003893,ACCT203690,MERCH300133,purchase,62.29,in_person,2024-04-29 04:28:12,approved,False
TXN20240429003894,ACCT204098,MERCH300076,purchase,39.79,web,2024-04-29 03:04:50,approved,False
TXN20240429003895,ACCT202506,MERCH300154,purchase,28.55,web,2024-04-29 11:24:27,approved,False
TXN20240429003896,ACCT203927,MERCH300247,purchase,39.46,mobile,2024-04-29 02:09:34,approved,False
TXN20240429003897,ACCT201723,MERCH300272,purchase,28.81,atm,2024-04-29 05:17:53,approved,False
TXN20240429003898,ACCT200944,MERCH300018,purchase,32.94,web,2024-04-29 07:30:47,approved,False
TXN20240429003899,ACCT203994,MERCH300247,transfer,56.64,in_person,2024-04-29 02:36:53,reversed,False
TXN20240429003900,ACCT205992,MERCH300008,deposit,16.09,atm,2024-04-29 16:28:10,approved,False
TXN20240429003901,ACCT204961,MERCH300140,purchase,36.95,atm,2024-04-29 19:51:35,approved,False
TXN20240429003902,ACCT203027,MERCH300121,purchase,53.78,in_person,2024-04-29 06:29:21,approved,False
TXN20240429003903,ACCT204450,MERCH300177,purchase,23.56,web,2024-04-29 08:30:43,approved,False
TXN20240429003904,ACCT200949,MERCH300277,withdrawal,13.36,web,2024-04-29 14:54:00,approved,False
TXN20240429003905,ACCT200069,MERCH300061,purchase,19.7,web,2024-04-29 07:48:11,approved,False
TXN20240429003906,ACCT202642,MERCH300034,purchase,55.56,web,2024-04-29 17:06:11,approved,False
TXN20240429003907,ACCT200531,MERCH300121,deposit,135.28,in_person,2024-04-29 20:33:21,approved,False
TXN20240429003908,ACCT205927,MERCH300095,withdrawal,58.95,web,2024-04-29 19:42:39,approved,False
TXN20240429003909,ACCT202854,MERCH300173,purchase,10.67,in_person,2024-04-29 18:58:18,approved,False
TXN20240429003910,ACCT203054,MERCH300156,purchase,26.12,in_person,2024-04-29 19:55:53,approved,False
TXN20240429003911,ACCT200069,MERCH300037,purchase,14.07,atm,2024-04-29 20:43:38,declined,False
TXN20240429003912,ACCT204874,MERCH300155,purchase,60.44,in_person,2024-04-29 14:06:35,approved,False
TXN20240429003913,ACCT201577,MERCH300201,withdrawal,22.65,web,2024-04-29 11:53:18,approved,False
TXN20240429003914,ACCT200289,MERCH300057,transfer,16.54,in_person,2024-04-29 23:14:34,approved,False
TXN20240429003915,ACCT202906,MERCH300261,purchase,32.89,mobile,2024-04-29 01:28:40,approved,False
TXN20240429003916,ACCT203845,MERCH300275,purchase,315.74,in_person,2024-04-29 15:15:08,approved,False
TXN20240429003917,ACCT205822,MERCH300072,transfer,15.81,atm,2024-04-29 00:19:18,approved,False
TXN20240429003918,ACCT204100,MERCH300090,transfer,32.97,mobile,2024-04-29 10:24:56,approved,False
TXN20240429003919,ACCT203507,MERCH300023,deposit,454.53,mobile,2024-04-29 04:55:36,approved,False
TXN20240429003920,ACCT201922,MERCH300292,purchase,20.13,web,2024-04-29 00:30:30,approved,False
TXN20240429003921,ACCT201263,MERCH300032,purchase,163.82,web,2024-04-29 12:14:38,approved,False
TXN20240429003922,ACCT201201,MERCH300109,purchase,23.26,mobile,2024-04-29 17:56:33,approved,False
TXN20240429003923,ACCT203350,MERCH300196,purchase,19.97,web,2024-04-29 21:08:55,approved,False
TXN20240429003924,ACCT201819,MERCH300152,purchase,54.14,mobile,2024-04-29 22:42:29,declined,False
TXN20240429003925,ACCT203892,MERCH300258,purchase,178.2,web,2024-04-29 12:10:01,approved,False
TXN20240429003926,ACCT203131,MERCH300135,withdrawal,45.47,web,2024-04-29 05:14:22,approved,False
TXN20240429003927,ACCT201865,MERCH300119,purchase,113.48,mobile,2024-04-29 08:47:16,approved,False
TXN20240429003928,ACCT200204,MERCH300123,transfer,16.61,in_person,2024-04-29 17:34:06,declined,True
TXN20240429003929,ACCT200949,MERCH300138,purchase,14.47,web,2024-04-29 22:27:56,approved,False
TXN20240429003930,ACCT203433,MERCH300256,purchase,92.43,in_person,2024-04-29 22:21:17,approved,False
TXN20240429003931,ACCT201735,MERCH300197,purchase,54.36,in_person,2024-04-29 23:35:42,approved,False
TXN20240429003932,ACCT203727,MERCH300080,transfer,59.31,mobile,2024-04-29 19:44:39,approved,False
TXN20240429003933,ACCT206388,MERCH300255,purchase,77.21,mobile,2024-04-29 22:26:04,approved,False
TXN20240429003934,ACCT205864,MERCH300184,transfer,120.8,atm,2024-04-29 06:52:08,approved,False
TXN20240429003935,ACCT200710,MERCH300085,withdrawal,22.22,atm,2024-04-29 22:58:00,approved,False
TXN20240429003936,ACCT205667,MERCH300119,transfer,5.08,in_person,2024-04-29 15:26:23,approved,False
TXN20240429003937,ACCT202574,MERCH300281,purchase,15.94,web,2024-04-29 12:51:56,approved,False
TXN20240429003938,ACCT202939,MERCH300173,purchase,29.69,mobile,2024-04-29 10:22:34,approved,False
TXN20240429003939,ACCT202683,MERCH300284,purchase,20.05,in_person,2024-04-29 23:17:48,approved,False
TXN20240429003940,ACCT203379,MERCH300235,purchase,23.79,in_person,2024-04-29 16:53:47,approved,False
TXN20240429003941,ACCT203574,MERCH300113,withdrawal,4.48,in_person,2024-04-29 14:33:14,approved,False
TXN20240429003942,ACCT202062,MERCH300030,purchase,17.78,mobile,2024-04-29 22:46:48,approved,False
TXN20240429003943,ACCT206054,MERCH300291,purchase,202.73,web,2024-04-29 15:23:27,approved,False
TXN20240429003944,ACCT204564,MERCH300065,deposit,24.73,mobile,2024-04-29 05:36:29,approved,False
TXN20240429003945,ACCT200402,MERCH300280,purchase,13.14,in_person,2024-04-29 12:38:22,approved,False
TXN20240429003946,ACCT206138,MERCH300008,purchase,18.86,atm,2024-04-29 05:13:30,approved,False
TXN20240429003947,ACCT203760,MERCH300170,deposit,22.79,web,2024-04-29 09:07:49,approved,False
TXN20240429003948,ACCT204192,MERCH300089,purchase,152.38,in_person,2024-04-29 01:36:30,approved,False
TXN20240429003949,ACCT200234,MERCH300267,purchase,49.81,mobile,2024-04-29 12:25:48,approved,False
TXN20240429003950,ACCT201384,MERCH300015,purchase,12.12,in_person,2024-04-29 22:09:32,approved,False
TXN20240429003951,ACCT204934,MERCH300090,transfer,13.31,in_person,2024-04-29 02:02:58,approved,False
TXN20240429003952,ACCT205859,MERCH300117,purchase,111.14,mobile,2024-04-29 12:45:49,approved,False
TXN20240429003953,ACCT200753,MERCH300118,purchase,59.02,in_person,2024-04-29 02:07:09,approved,False
TXN20240429003954,ACCT201262,MERCH300294,purchase,38.79,mobile,2024-04-29 15:41:28,approved,False
TXN20240429003955,ACCT205054,MERCH300032,deposit,9.05,in_person,2024-04-29 18:30:19,approved,False
TXN20240429003956,ACCT206103,MERCH300168,purchase,62.53,mobile,2024-04-29 07:01:18,approved,False
TXN20240429003957,ACCT202299,MERCH300077,transfer,42.52,in_person,2024-04-29 11:31:48,approved,False
TXN20240429003958,ACCT204472,MERCH300066,deposit,16.75,in_person,2024-04-29 19:40:17,declined,False
TXN20240429003959,ACCT202188,MERCH300223,purchase,29.86,in_person,2024-04-29 07:28:07,approved,False
TXN20240429003960,ACCT201207,MERCH300106,transfer,63.58,atm,2024-04-29 07:28:57,approved,False
TXN20240429003961,ACCT202920,MERCH300073,purchase,32.64,mobile,2024-04-29 13:45:38,approved,False
TXN20240429003962,ACCT201616,MERCH300041,withdrawal,75.81,in_person,2024-04-29 23:01:25,approved,False
TXN20240429003963,ACCT202879,MERCH300174,transfer,87.04,in_person,2024-04-29 15:57:29,approved,False
TXN20240429003964,ACCT201191,MERCH300081,purchase,10.37,web,2024-04-29 02:19:37,approved,False
TXN20240429003965,ACCT200023,MERCH300232,transfer,6.26,mobile,2024-04-29 22:34:50,approved,False
TXN20240429003966,ACCT205844,MERCH300013,purchase,79.18,in_person,2024-04-29 18:10:21,approved,False
TXN20240429003967,ACCT203577,MERCH300096,purchase,86.01,mobile,2024-04-29 20:48:06,approved,False
TXN20240429003968,ACCT202010,MERCH300291,purchase,15.28,mobile,2024-04-29 15:38:10,approved,False
TXN20240429003969,ACCT201639,MERCH300042,purchase,14.97,in_person,2024-04-29 11:03:41,approved,False
TXN20240429003970,ACCT201323,MERCH300022,purchase,33.14,mobile,2024-04-29 06:08:56,approved,False
TXN20240429003971,ACCT205179,MERCH300153,transfer,33.47,in_person,2024-04-29 13:37:49,declined,False
TXN20240429003972,ACCT204016,MERCH300044,deposit,8.54,in_person,2024-04-29 02:16:18,approved,False
TXN20240429003973,ACCT201540,MERCH300088,withdrawal,14.13,in_person,2024-04-29 04:19:38,approved,False
TXN20240429003974,ACCT200033,MERCH300159,deposit,90.32,in_person,2024-04-29 18:11:07,approved,False
TXN20240429003975,ACCT202362,MERCH300062,purchase,49.72,atm,2024-04-29 03:12:23,approved,False
TXN20240429003976,ACCT201531,MERCH300090,transfer,13.1,web,2024-04-29 09:25:59,approved,False
TXN20240429003977,ACCT205205,MERCH300149,purchase,115.63,in_person,2024-04-29 08:40:19,approved,False
TXN20240429003978,ACCT200627,MERCH300044,purchase,8.9,web,2024-04-29 04:43:03,approved,False
TXN20240429003979,ACCT206212,MERCH300272,purchase,87.93,web,2024-04-29 02:28:26,approved,False
TXN20240429003980,ACCT203578,MERCH300120,purchase,75.65,web,2024-04-29 02:59:40,approved,False
TXN20240429003981,ACCT201975,MERCH300026,purchase,32.15,atm,2024-04-29 12:32:48,approved,False
TXN20240429003982,ACCT204454,MERCH300148,purchase,28.15,web,2024-04-29 03:13:49,approved,False
TXN20240429003983,ACCT206148,MERCH300153,transfer,18.86,in_person,2024-04-29 19:47:10,approved,False
TXN20240429003984,ACCT202835,MERCH300150,purchase,42.86,mobile,2024-04-29 21:00:29,declined,False
TXN20240429003985,ACCT203740,MERCH300077,purchase,48.4,web,2024-04-29 07:50:03,approved,False
TXN20240429003986,ACCT200840,MERCH300278,purchase,21.1,in_person,2024-04-29 16:33:53,approved,False
TXN20240429003987,ACCT206413,MERCH300009,purchase,9.59,in_person,2024-04-29 03:21:30,approved,False
TXN20240429003988,ACCT204620,MERCH300169,purchase,64.03,mobile,2024-04-29 08:50:10,approved,False
TXN20240429003989,ACCT203407,MERCH300240,purchase,42.14,mobile,2024-04-29 07:15:26,approved,False
TXN20240429003990,ACCT202067,MERCH300282,purchase,9.36,atm,2024-04-29 00:54:44,approved,False
TXN20240429003991,ACCT202567,MERCH300095,purchase,19.67,mobile,2024-04-29 14:55:13,approved,False
TXN20240429003992,ACCT202040,MERCH300054,withdrawal,5.2,atm,2024-04-29 23:10:15,approved,False
TXN20240429003993,ACCT203059,MERCH300043,purchase,38.34,web,2024-04-29 05:07:29,approved,False
TXN20240429003994,ACCT202550,MERCH300240,purchase,20.82,web,2024-04-29 21:46:00,approved,False
TXN20240429003995,ACCT202850,MERCH300081,transfer,21.22,web,2024-04-29 02:05:38,approved,False
TXN20240429003996,ACCT201122,MERCH300291,withdrawal,38.52,web,2024-04-29 08:14:28,approved,False
TXN20240429003997,ACCT201540,MERCH300060,purchase,40.61,web,2024-04-29 06:10:16,approved,False
TXN20240429003998,ACCT201698,MERCH300190,purchase,84.48,mobile,2024-04-29 05:22:45,declined,False
TXN20240429003999,ACCT203941,MERCH300005,deposit,95.39,web,2024-04-29 15:29:54,approved,False
TXN20240429004000,ACCT200026,MERCH300253,purchase,11.66,in_person,2024-04-29 06:31:29,declined,False
TXN20240429004001,ACCT202244,MERCH300189,purchase,30.69,web,2024-04-29 14:48:59,approved,False
TXN20240429004002,ACCT203038,MERCH300004,deposit,95.29,in_person,2024-04-29 02:15:23,approved,False
TXN20240429004003,ACCT204399,MERCH300185,purchase,18.37,web,2024-04-29 15:13:02,reversed,False
TXN20240429004004,ACCT204876,MERCH300032,purchase,72.51,in_person,2024-04-29 20:15:40,approved,False
TXN20240429004005,ACCT206101,MERCH300242,transfer,23.12,mobile,2024-04-29 05:17:19,reversed,False
TXN20240429004006,ACCT201969,MERCH300275,purchase,96.98,mobile,2024-04-29 12:26:54,reversed,False
TXN20240429004007,ACCT205088,MERCH300104,purchase,70.52,in_person,2024-04-29 21:33:46,approved,False
TXN20240429004008,ACCT202412,MERCH300260,purchase,21.67,in_person,2024-04-29 05:53:27,approved,False
TXN20240429004009,ACCT205261,MERCH300207,withdrawal,33.35,in_person,2024-04-29 21:08:18,approved,False
TXN20240429004010,ACCT205178,MERCH300202,purchase,94.64,in_person,2024-04-29 09:53:13,approved,False
TXN20240429004011,ACCT202382,MERCH300143,purchase,14.0,mobile,2024-04-29 04:54:25,approved,False
TXN20240429004012,ACCT203240,MERCH300193,purchase,13.48,mobile,2024-04-29 19:02:16,approved,False
TXN20240429004013,ACCT201914,MERCH300030,purchase,153.32,mobile,2024-04-29 16:39:14,approved,False
TXN20240429004014,ACCT205125,MERCH300070,purchase,72.86,in_person,2024-04-29 10:18:53,approved,False
TXN20240429004015,ACCT202893,MERCH300074,transfer,70.74,in_person,2024-04-29 21:15:21,approved,False
TXN20240429004016,ACCT205305,MERCH300200,purchase,28.03,web,2024-04-29 15:54:36,approved,False
TXN20240429004017,ACCT204647,MERCH300181,withdrawal,26.52,in_person,2024-04-29 01:26:07,approved,False
TXN20240429004018,ACCT201867,MERCH300151,purchase,114.46,atm,2024-04-29 20:05:55,approved,False
TXN20240429004019,ACCT204580,MERCH300226,purchase,29.06,in_person,2024-04-29 16:46:58,approved,False
TXN20240429004020,ACCT203939,MERCH300141,purchase,190.99,mobile,2024-04-29 01:37:28,approved,False
TXN20240429004021,ACCT206251,MERCH300265,withdrawal,81.83,atm,2024-04-29 04:53:07,approved,False
TXN20240429004022,ACCT205173,MERCH300256,purchase,139.91,mobile,2024-04-29 22:31:34,approved,False
TXN20240429004023,ACCT204254,MERCH300197,purchase,42.94,mobile,2024-04-29 14:20:55,approved,False
TXN20240429004024,ACCT205784,MERCH300274,purchase,18.13,atm,2024-04-29 08:10:03,approved,False
TXN20240429004025,ACCT202567,MERCH300292,withdrawal,44.51,mobile,2024-04-29 18:51:49,approved,False
TXN20240429004026,ACCT201923,MERCH300018,purchase,16.72,mobile,2024-04-29 16:58:04,approved,False
TXN20240429004027,ACCT202298,MERCH300227,deposit,69.23,mobile,2024-04-29 03:24:30,approved,False
TXN20240429004028,ACCT201297,MERCH300105,purchase,60.73,mobile,2024-04-29 14:47:51,approved,False
TXN20240429004029,ACCT203449,MERCH300264,purchase,45.75,web,2024-04-29 09:33:11,approved,False
TXN20240429004030,ACCT200218,MERCH300108,purchase,5.5,mobile,2024-04-29 01:44:01,approved,False
TXN20240429004031,ACCT200584,MERCH300008,purchase,37.81,atm,2024-04-29 01:31:35,approved,False
TXN20240429004032,ACCT201599,MERCH300062,withdrawal,47.03,web,2024-04-29 01:18:20,approved,False
TXN20240429004033,ACCT203598,MERCH300176,deposit,51.21,atm,2024-04-29 09:18:25,approved,False
TXN20240429004034,ACCT206106,MERCH300022,purchase,38.21,web,2024-04-29 02:33:29,approved,True
TXN20240429004035,ACCT201270,MERCH300292,purchase,56.37,atm,2024-04-29 07:14:36,approved,False
TXN20240429004036,ACCT202752,MERCH300064,purchase,461.89,mobile,2024-04-29 20:39:49,approved,False
TXN20240429004037,ACCT204785,MERCH300188,purchase,55.84,in_person,2024-04-29 22:33:02,approved,False
TXN20240429004038,ACCT203477,MERCH300279,transfer,47.56,web,2024-04-29 23:46:56,declined,False
TXN20240429004039,ACCT200102,MERCH300142,deposit,32.57,web,2024-04-29 09:16:02,approved,False
TXN20240429004040,ACCT202080,MERCH300087,purchase,31.22,in_person,2024-04-29 16:22:23,approved,False
TXN20240429004041,ACCT204393,MERCH300120,purchase,26.22,web,2024-04-29 23:26:53,approved,False
TXN20240429004042,ACCT200530,MERCH300147,purchase,173.85,web,2024-04-29 05:12:15,approved,False
TXN20240429004043,ACCT203546,MERCH300054,deposit,55.99,mobile,2024-04-29 21:29:51,approved,False
TXN20240429004044,ACCT200275,MERCH300270,purchase,10.02,in_person,2024-04-29 11:54:23,approved,False
TXN20240429004045,ACCT203413,MERCH300064,purchase,43.29,web,2024-04-29 09:52:56,approved,False
TXN20240429004046,ACCT200437,MERCH300141,purchase,21.37,web,2024-04-29 18:38:35,approved,False
TXN20240429004047,ACCT200364,MERCH300186,purchase,13.99,in_person,2024-04-29 01:16:25,approved,False
TXN20240429004048,ACCT201480,MERCH300246,purchase,18.16,in_person,2024-04-29 10:10:28,approved,False
TXN20240429004049,ACCT200339,MERCH300248,purchase,30.11,web,2024-04-29 09:40:38,approved,False
TXN20240429004050,ACCT203139,MERCH300197,purchase,10.52,in_person,2024-04-29 11:37:10,approved,False
TXN20240429004051,ACCT203938,MERCH300197,purchase,14.23,mobile,2024-04-29 21:40:59,approved,False
TXN20240429004052,ACCT205855,MERCH300223,purchase,49.65,in_person,2024-04-29 10:09:03,approved,False
TXN20240429004053,ACCT204613,MERCH300216,purchase,27.09,web,2024-04-29 08:17:34,approved,False
TXN20240429004054,ACCT203155,MERCH300028,purchase,18.07,web,2024-04-29 17:26:56,approved,False
TXN20240429004055,ACCT200223,MERCH300144,purchase,46.34,mobile,2024-04-29 12:24:01,approved,False
TXN20240429004056,ACCT203459,MERCH300218,withdrawal,142.18,web,2024-04-29 19:17:20,approved,False
TXN20240429004057,ACCT201326,MERCH300043,transfer,40.43,in_person,2024-04-29 01:23:26,approved,False
TXN20240429004058,ACCT203500,MERCH300146,withdrawal,386.16,web,2024-04-29 21:16:18,approved,False
TXN20240429004059,ACCT205640,MERCH300166,purchase,60.47,in_person,2024-04-29 11:02:16,declined,False
TXN20240429004060,ACCT203671,MERCH300209,transfer,139.19,mobile,2024-04-29 18:34:07,approved,False
TXN20240429004061,ACCT205000,MERCH300005,deposit,90.22,mobile,2024-04-29 12:56:14,approved,False
TXN20240429004062,ACCT204605,MERCH300104,purchase,50.58,web,2024-04-29 19:33:29,approved,False
TXN20240429004063,ACCT202123,MERCH300278,transfer,53.32,in_person,2024-04-29 14:00:06,approved,False
TXN20240429004064,ACCT205385,MERCH300064,transfer,66.68,in_person,2024-04-29 00:45:40,approved,False
TXN20240429004065,ACCT203694,MERCH300169,purchase,108.17,in_person,2024-04-29 18:03:08,approved,False
TXN20240429004066,ACCT200680,MERCH300069,purchase,9.87,in_person,2024-04-29 06:28:39,approved,False
TXN20240429004067,ACCT200527,MERCH300139,purchase,33.69,atm,2024-04-29 16:31:18,approved,False
TXN20240429004068,ACCT204606,MERCH300258,purchase,122.97,in_person,2024-04-29 18:10:41,approved,False
TXN20240429004069,ACCT204804,MERCH300010,purchase,135.24,mobile,2024-04-29 21:22:17,approved,False
TXN20240429004070,ACCT201361,MERCH300151,purchase,17.89,atm,2024-04-29 01:43:08,approved,False
TXN20240429004071,ACCT204562,MERCH300008,withdrawal,13.01,in_person,2024-04-29 14:05:59,approved,False
TXN20240429004072,ACCT202249,MERCH300039,purchase,10.51,in_person,2024-04-29 13:51:07,approved,False
TXN20240429004073,ACCT200620,MERCH300136,purchase,59.14,mobile,2024-04-29 04:11:15,approved,False
TXN20240429004074,ACCT203046,MERCH300031,transfer,16.31,in_person,2024-04-29 18:55:55,declined,False
TXN20240429004075,ACCT203627,MERCH300283,withdrawal,17.56,in_person,2024-04-29 04:30:15,declined,False
TXN20240429004076,ACCT205092,MERCH300008,purchase,26.39,mobile,2024-04-29 01:39:22,approved,False
TXN20240429004077,ACCT200507,MERCH300289,purchase,11.98,web,2024-04-29 22:06:18,approved,False
TXN20240429004078,ACCT202769,MERCH300221,purchase,16.96,in_person,2024-04-29 06:17:56,approved,False
TXN20240429004079,ACCT202986,MERCH300256,purchase,21.65,in_person,2024-04-29 10:15:19,approved,False
TXN20240429004080,ACCT200562,MERCH300074,withdrawal,7.67,web,2024-04-29 04:29:44,approved,False
TXN20240429004081,ACCT204348,MERCH300210,purchase,142.81,in_person,2024-04-29 02:07:45,approved,False
TXN20240429004082,ACCT203641,MERCH300135,purchase,13.02,in_person,2024-04-29 16:24:26,approved,False
TXN20240429004083,ACCT204438,MERCH300157,deposit,11.37,web,2024-04-29 04:52:39,declined,False
TXN20240429004084,ACCT202078,MERCH300143,transfer,23.15,in_person,2024-04-29 08:29:43,approved,False
TXN20240429004085,ACCT201007,MERCH300168,purchase,7.58,web,2024-04-29 14:09:51,approved,False
TXN20240429004086,ACCT203932,MERCH300155,purchase,12.26,web,2024-04-29 04:29:17,approved,False
TXN20240429004087,ACCT201808,MERCH300206,transfer,92.88,web,2024-04-29 19:30:06,approved,False
TXN20240429004088,ACCT205035,MERCH300063,purchase,94.68,in_person,2024-04-29 21:57:57,declined,False
TXN20240429004089,ACCT201252,MERCH300123,transfer,8.01,in_person,2024-04-29 23:58:41,approved,False
TXN20240429004090,ACCT203419,MERCH300094,withdrawal,63.96,in_person,2024-04-29 16:19:32,approved,False
TXN20240429004091,ACCT206263,MERCH300206,transfer,34.37,in_person,2024-04-29 10:19:59,approved,False
TXN20240429004092,ACCT205187,MERCH300062,purchase,12.11,mobile,2024-04-29 07:11:03,approved,False
TXN20240429004093,ACCT203340,MERCH300083,purchase,38.27,in_person,2024-04-29 22:41:22,approved,False
TXN20240429004094,ACCT203666,MERCH300169,transfer,46.53,web,2024-04-29 21:07:49,approved,False
TXN20240429004095,ACCT201187,MERCH300226,purchase,50.61,mobile,2024-04-29 00:49:04,reversed,False
TXN20240429004096,ACCT204409,MERCH300030,transfer,36.27,mobile,2024-04-29 10:53:52,approved,False
TXN20240429004097,ACCT202119,MERCH300263,purchase,37.44,web,2024-04-29 04:38:48,approved,False
TXN20240429004098,ACCT203690,MERCH300286,purchase,29.78,mobile,2024-04-29 12:35:58,approved,False
TXN20240429004099,ACCT200281,MERCH300181,purchase,13.24,mobile,2024-04-29 04:36:34,approved,False
TXN20240429004100,ACCT201451,MERCH300209,deposit,85.66,in_person,2024-04-29 08:07:03,approved,False
TXN20240429004101,ACCT203606,MERCH300209,purchase,33.0,atm,2024-04-29 07:20:05,approved,False
TXN20240429004102,ACCT201584,MERCH300145,purchase,13.84,mobile,2024-04-29 15:43:34,approved,False
TXN20240429004103,ACCT205140,MERCH300018,purchase,38.73,in_person,2024-04-29 08:37:44,approved,False
TXN20240429004104,ACCT200378,MERCH300054,purchase,14.16,mobile,2024-04-29 19:53:50,approved,False
TXN20240429004105,ACCT205540,MERCH300177,purchase,161.65,mobile,2024-04-29 15:58:18,approved,False
TXN20240429004106,ACCT201604,MERCH300227,purchase,64.93,mobile,2024-04-29 18:42:22,approved,False
TXN20240429004107,ACCT201629,MERCH300239,purchase,25.28,web,2024-04-29 23:15:33,approved,False
TXN20240429004108,ACCT205359,MERCH300149,purchase,36.15,in_person,2024-04-29 07:32:44,approved,False
TXN20240429004109,ACCT203164,MERCH300280,purchase,178.4,mobile,2024-04-29 00:54:36,approved,False
TXN20240429004110,ACCT204468,MERCH300171,withdrawal,82.67,in_person,2024-04-29 00:06:57,approved,False
TXN20240429004111,ACCT202753,MERCH300113,transfer,17.29,web,2024-04-29 05:03:18,approved,False
TXN20240429004112,ACCT202897,MERCH300140,purchase,73.52,mobile,2024-04-29 09:51:02,approved,False
TXN20240429004113,ACCT204487,MERCH300090,purchase,68.31,in_person,2024-04-29 21:37:28,approved,False
TXN20240429004114,ACCT205007,MERCH300212,purchase,64.38,web,2024-04-29 03:45:24,approved,False
TXN20240429004115,ACCT205986,MERCH300118,deposit,46.55,web,2024-04-29 11:36:35,approved,False
TXN20240429004116,ACCT201635,MERCH300277,deposit,16.04,in_person,2024-04-29 19:00:03,approved,False
TXN20240429004117,ACCT203913,MERCH300263,deposit,6.33,in_person,2024-04-29 14:57:20,approved,False
TXN20240429004118,ACCT205258,MERCH300298,purchase,749.42,web,2024-04-29 10:05:12,approved,False
TXN20240429004119,ACCT201077,MERCH300298,purchase,13.79,mobile,2024-04-29 05:56:05,approved,False
TXN20240429004120,ACCT201752,MERCH300100,purchase,16.38,atm,2024-04-29 10:20:49,approved,False
TXN20240429004121,ACCT204151,MERCH300114,deposit,36.66,web,2024-04-29 06:44:52,approved,False
TXN20240429004122,ACCT203084,MERCH300214,purchase,24.62,in_person,2024-04-29 18:28:36,approved,False
TXN20240429004123,ACCT200339,MERCH300116,purchase,69.19,in_person,2024-04-29 03:41:23,approved,False
TXN20240429004124,ACCT200040,MERCH300159,purchase,256.38,in_person,2024-04-29 09:17:45,approved,False
TXN20240429004125,ACCT201404,MERCH300117,withdrawal,4.67,mobile,2024-04-29 00:26:07,approved,False
TXN20240429004126,ACCT206016,MERCH300274,transfer,52.69,in_person,2024-04-29 15:35:57,approved,False
TXN20240429004127,ACCT204492,MERCH300073,withdrawal,24.04,mobile,2024-04-29 14:18:03,approved,False
TXN20240429004128,ACCT201952,MERCH300239,purchase,23.06,in_person,2024-04-29 00:02:03,reversed,False
TXN20240429004129,ACCT201691,MERCH300286,transfer,30.95,web,2024-04-29 00:33:09,approved,False
TXN20240429004130,ACCT203888,MERCH300274,purchase,107.62,mobile,2024-04-29 04:13:53,approved,False
TXN20240429004131,ACCT202357,MERCH300180,withdrawal,136.26,web,2024-04-29 00:59:57,approved,False
TXN20240429004132,ACCT204430,MERCH300198,deposit,6.35,mobile,2024-04-29 03:03:32,approved,False
TXN20240429004133,ACCT201847,MERCH300050,purchase,2.91,mobile,2024-04-29 11:18:54,approved,False
TXN20240429004134,ACCT203519,MERCH300038,purchase,84.96,mobile,2024-04-29 15:41:41,approved,False
TXN20240429004135,ACCT201302,MERCH300270,withdrawal,55.83,web,2024-04-29 18:33:16,approved,False
TXN20240429004136,ACCT202284,MERCH300108,purchase,106.15,web,2024-04-29 17:25:53,approved,False
TXN20240429004137,ACCT200764,MERCH300245,deposit,140.43,in_person,2024-04-29 16:38:23,approved,False
TXN20240429004138,ACCT200898,MERCH300047,purchase,12.72,mobile,2024-04-29 19:54:45,approved,False
TXN20240429004139,ACCT203651,MERCH300073,purchase,32.25,in_person,2024-04-29 20:57:20,approved,False
TXN20240429004140,ACCT200533,MERCH300114,withdrawal,21.47,mobile,2024-04-29 01:44:35,approved,True
TXN20240429004141,ACCT204461,MERCH300146,purchase,25.66,web,2024-04-29 07:04:40,approved,False
TXN20240429004142,ACCT205940,MERCH300273,purchase,10.02,mobile,2024-04-29 06:24:46,approved,False
TXN20240429004143,ACCT201768,MERCH300282,withdrawal,42.01,mobile,2024-04-29 21:53:26,approved,False
TXN20240429004144,ACCT203821,MERCH300124,purchase,153.66,web,2024-04-29 05:52:41,approved,True
TXN20240429004145,ACCT201209,MERCH300157,purchase,87.93,mobile,2024-04-29 05:33:23,approved,False
TXN20240429004146,ACCT200813,MERCH300014,purchase,41.14,in_person,2024-04-29 05:21:55,approved,False
TXN20240429004147,ACCT201642,MERCH300149,purchase,26.53,mobile,2024-04-29 08:20:28,approved,False
TXN20240429004148,ACCT202019,MERCH300019,purchase,11.39,mobile,2024-04-29 21:05:36,approved,False
TXN20240429004149,ACCT200907,MERCH300257,transfer,27.17,web,2024-04-29 09:58:38,approved,False
TXN20240429004150,ACCT205772,MERCH300007,deposit,79.32,in_person,2024-04-29 06:51:27,approved,False
TXN20240429004151,ACCT201782,MERCH300132,transfer,108.75,web,2024-04-29 14:13:46,approved,False
TXN20240429004152,ACCT204938,MERCH300112,purchase,83.17,mobile,2024-04-29 04:19:40,approved,False
TXN20240429004153,ACCT200195,MERCH300004,transfer,8.13,in_person,2024-04-29 09:21:31,approved,False
TXN20240429004154,ACCT200911,MERCH300081,transfer,8.33,in_person,2024-04-29 10:23:21,approved,False
TXN20240429004155,ACCT204214,MERCH300182,purchase,74.12,mobile,2024-04-29 07:49:52,approved,False
TXN20240429004156,ACCT204182,MERCH300226,purchase,45.51,in_person,2024-04-29 09:22:35,approved,False
TXN20240429004157,ACCT201970,MERCH300129,transfer,44.87,in_person,2024-04-29 12:02:35,approved,True
TXN20240429004158,ACCT204119,MERCH300127,transfer,34.7,in_person,2024-04-29 20:36:55,approved,False
TXN20240429004159,ACCT200784,MERCH300255,purchase,545.79,in_person,2024-04-29 03:59:12,approved,False
TXN20240429004160,ACCT204972,MERCH300066,purchase,24.24,in_person,2024-04-29 01:54:40,approved,False
TXN20240429004161,ACCT206148,MERCH300161,purchase,36.17,mobile,2024-04-29 23:23:13,approved,False
TXN20240429004162,ACCT204531,MERCH300221,purchase,13.06,atm,2024-04-29 01:55:58,approved,False
TXN20240429004163,ACCT200988,MERCH300025,transfer,12.4,in_person,2024-04-29 13:06:59,declined,False
TXN20240429004164,ACCT201831,MERCH300287,purchase,52.57,web,2024-04-29 06:48:57,approved,False
TXN20240429004165,ACCT206054,MERCH300191,purchase,106.61,web,2024-04-29 00:33:03,approved,False
TXN20240429004166,ACCT202912,MERCH300246,transfer,11.87,web,2024-04-29 00:46:23,approved,False
TXN20240429004167,ACCT204423,MERCH300236,purchase,133.42,mobile,2024-04-29 22:13:31,declined,False
TXN20240429004168,ACCT206287,MERCH300106,purchase,14.23,atm,2024-04-29 17:25:25,declined,False
TXN20240429004169,ACCT206018,MERCH300208,purchase,61.27,mobile,2024-04-29 04:14:28,approved,False
TXN20240429004170,ACCT202039,MERCH300056,purchase,9.62,in_person,2024-04-29 03:20:44,approved,False
TXN20240429004171,ACCT206036,MERCH300222,transfer,32.58,mobile,2024-04-29 14:30:43,approved,False
TXN20240429004172,ACCT201731,MERCH300135,purchase,51.75,web,2024-04-29 08:07:22,approved,False
TXN20240429004173,ACCT201205,MERCH300178,purchase,37.94,web,2024-04-29 02:55:53,approved,False
TXN20240429004174,ACCT203305,MERCH300155,purchase,75.71,web,2024-04-29 07:26:52,approved,False
TXN20240429004175,ACCT205735,MERCH300147,purchase,16.42,atm,2024-04-29 20:24:52,approved,False
TXN20240429004176,ACCT201750,MERCH300023,transfer,24.36,atm,2024-04-29 12:40:42,approved,False
TXN20240429004177,ACCT201059,MERCH300194,purchase,24.6,in_person,2024-04-29 17:06:41,approved,False
TXN20240429004178,ACCT200611,MERCH300106,transfer,57.33,web,2024-04-29 01:13:47,approved,False
TXN20240429004179,ACCT204254,MERCH300022,purchase,222.61,mobile,2024-04-29 02:57:39,approved,False
TXN20240429004180,ACCT206349,MERCH300279,purchase,61.84,web,2024-04-29 15:21:20,approved,False
TXN20240429004181,ACCT202231,MERCH300278,transfer,89.02,mobile,2024-04-29 05:45:29,approved,False
TXN20240429004182,ACCT204395,MERCH300208,purchase,44.05,web,2024-04-29 04:30:52,approved,False
TXN20240429004183,ACCT203579,MERCH300039,purchase,21.27,in_person,2024-04-29 02:40:35,approved,False
TXN20240429004184,ACCT201040,MERCH300221,purchase,41.68,in_person,2024-04-29 19:36:11,approved,False
TXN20240429004185,ACCT203048,MERCH300086,transfer,57.5,mobile,2024-04-29 20:16:05,approved,False
TXN20240429004186,ACCT204645,MERCH300279,purchase,151.69,atm,2024-04-29 10:25:38,approved,False
TXN20240429004187,ACCT203368,MERCH300201,purchase,55.8,mobile,2024-04-29 17:49:49,approved,False
TXN20240429004188,ACCT201566,MERCH300067,transfer,12.08,in_person,2024-04-29 17:55:16,approved,False
TXN20240429004189,ACCT201473,MERCH300192,purchase,10.25,mobile,2024-04-29 05:16:14,declined,False
TXN20240429004190,ACCT200055,MERCH300004,purchase,30.35,mobile,2024-04-29 03:26:54,approved,False
TXN20240429004191,ACCT204862,MERCH300129,purchase,21.34,web,2024-04-29 04:56:35,approved,False
TXN20240429004192,ACCT204723,MERCH300164,purchase,51.55,web,2024-04-29 19:05:38,approved,False
TXN20240429004193,ACCT202125,MERCH300198,purchase,111.23,mobile,2024-04-29 03:25:19,approved,False
TXN20240429004194,ACCT206153,MERCH300139,withdrawal,46.91,web,2024-04-29 15:17:05,approved,False
TXN20240429004195,ACCT205913,MERCH300112,purchase,102.26,web,2024-04-29 20:30:46,approved,False
TXN20240429004196,ACCT203208,MERCH300085,purchase,53.26,mobile,2024-04-29 16:34:22,approved,False
TXN20240429004197,ACCT206121,MERCH300222,purchase,81.49,mobile,2024-04-29 20:07:15,declined,False
TXN20240429004198,ACCT204324,MERCH300271,transfer,217.56,in_person,2024-04-29 04:11:48,approved,False
TXN20240429004199,ACCT203284,MERCH300168,purchase,13.81,in_person,2024-04-29 11:33:18,approved,False
TXN20240429004200,ACCT202602,MERCH300028,purchase,46.53,web,2024-04-29 13:30:20,reversed,False
TXN20240429004201,ACCT201211,MERCH300233,purchase,34.76,atm,2024-04-29 19:15:10,approved,False
TXN20240429004202,ACCT206436,MERCH300162,purchase,38.06,web,2024-04-29 17:59:11,approved,False
TXN20240429004203,ACCT200144,MERCH300259,purchase,66.12,atm,2024-04-29 22:20:40,approved,False
TXN20240429004204,ACCT203040,MERCH300245,purchase,26.59,web,2024-04-29 01:05:35,approved,False
TXN20240429004205,ACCT203238,MERCH300092,purchase,61.73,in_person,2024-04-29 22:10:18,approved,False
TXN20240429004206,ACCT203917,MERCH300223,transfer,55.18,web,2024-04-29 02:07:43,approved,False
TXN20240429004207,ACCT200855,MERCH300091,purchase,50.85,atm,2024-04-29 07:26:21,approved,False
TXN20240429004208,ACCT205936,MERCH300056,purchase,20.81,in_person,2024-04-29 00:17:43,approved,False
TXN20240429004209,ACCT203600,MERCH300198,purchase,85.12,in_person,2024-04-29 08:39:50,approved,False
TXN20240429004210,ACCT204892,MERCH300108,purchase,41.77,mobile,2024-04-29 02:14:06,approved,False
TXN20240429004211,ACCT205557,MERCH300191,transfer,24.79,web,2024-04-29 14:52:53,reversed,False
TXN20240429004212,ACCT200369,MERCH300299,withdrawal,11.82,atm,2024-04-29 16:17:38,approved,False
TXN20240429004213,ACCT204310,MERCH300207,transfer,62.85,atm,2024-04-29 06:55:14,declined,False
TXN20240429004214,ACCT204111,MERCH300283,purchase,79.65,web,2024-04-29 00:45:50,approved,True
TXN20240429004215,ACCT202606,MERCH300165,purchase,22.97,mobile,2024-04-29 14:56:55,approved,False
TXN20240429004216,ACCT205553,MERCH300261,deposit,46.58,in_person,2024-04-29 16:49:04,approved,False
TXN20240429004217,ACCT201633,MERCH300154,purchase,67.11,web,2024-04-29 13:59:12,approved,False
TXN20240429004218,ACCT203308,MERCH300068,withdrawal,29.37,in_person,2024-04-29 13:52:02,approved,False
TXN20240429004219,ACCT202007,MERCH300253,purchase,102.94,atm,2024-04-29 06:35:52,approved,False
TXN20240429004220,ACCT205858,MERCH300215,withdrawal,20.8,in_person,2024-04-29 08:14:56,declined,False
TXN20240429004221,ACCT203840,MERCH300259,purchase,40.82,web,2024-04-29 04:47:10,approved,False
TXN20240429004222,ACCT203811,MERCH300106,purchase,25.96,mobile,2024-04-29 13:42:18,approved,False
TXN20240429004223,ACCT201997,MERCH300263,purchase,5.0,web,2024-04-29 16:16:56,approved,True
TXN20240429004224,ACCT203550,MERCH300142,purchase,48.76,in_person,2024-04-29 05:39:05,declined,False
TXN20240429004225,ACCT202163,MERCH300261,purchase,33.35,in_person,2024-04-29 02:35:03,approved,False
TXN20240429004226,ACCT200076,MERCH300023,purchase,23.29,web,2024-04-29 22:58:11,approved,False
TXN20240429004227,ACCT203668,MERCH300149,withdrawal,34.95,web,2024-04-29 04:58:10,reversed,False
TXN20240429004228,ACCT205811,MERCH300263,purchase,103.52,web,2024-04-29 10:21:10,approved,False
TXN20240429004229,ACCT206256,MERCH300010,transfer,23.64,web,2024-04-29 07:20:00,approved,False
TXN20240429004230,ACCT205093,MERCH300146,purchase,26.61,mobile,2024-04-29 17:53:47,approved,False
TXN20240429004231,ACCT206362,MERCH300019,purchase,16.33,in_person,2024-04-29 06:49:50,approved,False
TXN20240429004232,ACCT200793,MERCH300251,withdrawal,63.36,in_person,2024-04-29 00:09:00,approved,False
TXN20240429004233,ACCT203872,MERCH300210,withdrawal,31.83,atm,2024-04-29 08:29:57,approved,False
TXN20240429004234,ACCT203503,MERCH300165,purchase,35.81,in_person,2024-04-29 07:45:07,approved,False
TXN20240429004235,ACCT201478,MERCH300241,purchase,6.34,in_person,2024-04-29 22:36:30,approved,False
TXN20240429004236,ACCT204586,MERCH300118,purchase,36.1,mobile,2024-04-29 06:01:35,approved,False
TXN20240429004237,ACCT202540,MERCH300020,purchase,283.77,web,2024-04-29 08:19:14,approved,False
TXN20240429004238,ACCT201985,MERCH300158,purchase,224.37,in_person,2024-04-29 03:55:24,approved,False
TXN20240429004239,ACCT200513,MERCH300158,deposit,24.94,web,2024-04-29 00:50:19,approved,False
TXN20240429004240,ACCT204996,MERCH300224,purchase,31.05,web,2024-04-29 20:20:08,approved,False
TXN20240429004241,ACCT200871,MERCH300095,transfer,126.1,web,2024-04-29 04:22:55,approved,False
TXN20240429004242,ACCT202712,MERCH300165,deposit,36.89,atm,2024-04-29 05:04:00,approved,False
TXN20240429004243,ACCT204323,MERCH300169,transfer,47.52,in_person,2024-04-29 02:35:28,approved,False
TXN20240429004244,ACCT200004,MERCH300132,withdrawal,73.67,in_person,2024-04-29 00:15:56,approved,False
TXN20240429004245,ACCT204336,MERCH300030,purchase,18.78,web,2024-04-29 13:03:33,approved,False
TXN20240429004246,ACCT201333,MERCH300143,transfer,37.43,mobile,2024-04-29 18:01:49,approved,False
TXN20240429004247,ACCT206390,MERCH300132,withdrawal,302.89,in_person,2024-04-29 18:31:05,approved,False
TXN20240429004248,ACCT203914,MERCH300293,purchase,32.91,web,2024-04-29 04:06:48,approved,False
TXN20240429004249,ACCT206299,MERCH300256,purchase,65.47,web,2024-04-29 20:29:15,approved,False
TXN20240429004250,ACCT206057,MERCH300104,purchase,45.52,web,2024-04-29 11:13:39,approved,False
TXN20240429004251,ACCT202518,MERCH300114,purchase,72.99,web,2024-04-29 11:37:19,declined,False
TXN20240429004252,ACCT200227,MERCH300049,withdrawal,43.28,in_person,2024-04-29 14:34:50,approved,False
TXN20240429004253,ACCT202379,MERCH300052,transfer,24.3,in_person,2024-04-29 11:56:08,approved,False
TXN20240429004254,ACCT201754,MERCH300172,purchase,93.86,in_person,2024-04-29 05:27:44,approved,False
TXN20240429004255,ACCT205849,MERCH300188,purchase,20.41,mobile,2024-04-29 20:36:30,approved,False
TXN20240429004256,ACCT201553,MERCH300230,purchase,29.58,in_person,2024-04-29 14:24:20,approved,False
TXN20240429004257,ACCT204593,MERCH300250,purchase,261.35,mobile,2024-04-29 08:28:30,approved,False
TXN20240429004258,ACCT203330,MERCH300236,purchase,152.18,in_person,2024-04-29 02:54:38,approved,False
TXN20240429004259,ACCT200062,MERCH300144,purchase,76.68,web,2024-04-29 09:00:08,approved,False
TXN20240429004260,ACCT206366,MERCH300086,transfer,26.22,mobile,2024-04-29 00:12:23,declined,False
TXN20240429004261,ACCT202746,MERCH300167,purchase,92.19,in_person,2024-04-29 16:29:38,approved,False
TXN20240429004262,ACCT201658,MERCH300062,purchase,24.29,in_person,2024-04-29 11:45:41,approved,False
TXN20240429004263,ACCT202016,MERCH300191,deposit,67.46,web,2024-04-29 01:32:20,declined,False
TXN20240429004264,ACCT201902,MERCH300122,purchase,96.31,web,2024-04-29 01:34:56,approved,False
TXN20240429004265,ACCT202775,MERCH300237,purchase,98.11,web,2024-04-29 03:14:23,approved,False
TXN20240429004266,ACCT202749,MERCH300168,withdrawal,24.15,mobile,2024-04-29 20:07:54,approved,False
TXN20240429004267,ACCT204074,MERCH300273,purchase,26.62,mobile,2024-04-29 10:22:42,approved,False
TXN20240429004268,ACCT201749,MERCH300171,deposit,31.87,atm,2024-04-29 18:16:32,approved,False
TXN20240429004269,ACCT205357,MERCH300083,deposit,25.27,in_person,2024-04-29 00:47:39,approved,False
TXN20240429004270,ACCT201174,MERCH300062,withdrawal,28.76,web,2024-04-29 14:24:26,approved,False
TXN20240429004271,ACCT205212,MERCH300224,purchase,335.52,mobile,2024-04-29 07:51:06,approved,False
TXN20240429004272,ACCT205862,MERCH300076,purchase,60.83,web,2024-04-29 00:39:09,approved,False
TXN20240429004273,ACCT205999,MERCH300121,deposit,56.85,atm,2024-04-29 06:59:00,approved,False
TXN20240429004274,ACCT200385,MERCH300019,transfer,336.17,web,2024-04-29 23:07:08,approved,False
TXN20240429004275,ACCT205463,MERCH300196,purchase,45.04,in_person,2024-04-29 23:13:30,approved,False
TXN20240429004276,ACCT202498,MERCH300188,deposit,26.34,mobile,2024-04-29 16:24:47,approved,False
TXN20240429004277,ACCT201952,MERCH300293,purchase,7.95,web,2024-04-29 14:14:01,approved,False
TXN20240429004278,ACCT203334,MERCH300285,transfer,27.73,in_person,2024-04-29 23:41:08,approved,False
TXN20240429004279,ACCT203558,MERCH300268,purchase,263.1,web,2024-04-29 00:38:18,approved,False
TXN20240429004280,ACCT206327,MERCH300150,withdrawal,64.96,atm,2024-04-29 04:55:27,approved,False
TXN20240429004281,ACCT205260,MERCH300238,purchase,65.49,mobile,2024-04-29 09:00:51,approved,False
TXN20240429004282,ACCT203623,MERCH300095,withdrawal,49.87,mobile,2024-04-29 13:18:11,approved,False
TXN20240429004283,ACCT201975,MERCH300194,purchase,73.26,mobile,2024-04-29 06:19:47,approved,False
TXN20240429004284,ACCT203271,MERCH300083,purchase,3.63,web,2024-04-29 04:04:43,approved,False
TXN20240429004285,ACCT201571,MERCH300043,purchase,70.04,web,2024-04-29 12:53:43,approved,False
TXN20240429004286,ACCT202372,MERCH300193,purchase,31.6,atm,2024-04-29 02:32:44,approved,False
TXN20240429004287,ACCT203692,MERCH300097,purchase,76.69,in_person,2024-04-29 15:44:27,approved,False
TXN20240429004288,ACCT200682,MERCH300175,transfer,33.88,mobile,2024-04-29 08:25:12,approved,False
TXN20240429004289,ACCT202562,MERCH300055,purchase,23.74,web,2024-04-29 02:51:51,approved,False
TXN20240429004290,ACCT200866,MERCH300011,purchase,69.28,mobile,2024-04-29 15:50:12,approved,False
TXN20240429004291,ACCT206133,MERCH300193,purchase,74.23,web,2024-04-29 13:28:22,approved,False
TXN20240429004292,ACCT205898,MERCH300037,withdrawal,13.51,web,2024-04-29 04:29:35,approved,False
TXN20240429004293,ACCT206064,MERCH300073,purchase,39.14,in_person,2024-04-29 09:24:57,approved,False
TXN20240429004294,ACCT204757,MERCH300261,purchase,61.76,in_person,2024-04-29 20:47:23,approved,False
TXN20240429004295,ACCT202493,MERCH300078,purchase,27.28,atm,2024-04-29 10:32:26,approved,False
TXN20240429004296,ACCT201750,MERCH300297,purchase,19.9,in_person,2024-04-29 04:26:48,approved,False
TXN20240429004297,ACCT206021,MERCH300074,purchase,23.4,web,2024-04-29 12:46:36,approved,False
TXN20240429004298,ACCT201109,MERCH300094,withdrawal,17.44,mobile,2024-04-29 20:15:57,approved,False
TXN20240429004299,ACCT203166,MERCH300121,purchase,91.47,web,2024-04-29 20:24:23,approved,False
TXN20240429004300,ACCT203929,MERCH300003,withdrawal,10.74,web,2024-04-29 14:11:46,approved,False
TXN20240429004301,ACCT206163,MERCH300016,deposit,22.72,mobile,2024-04-29 04:48:50,approved,False
TXN20240429004302,ACCT206434,MERCH300110,deposit,28.28,web,2024-04-29 10:42:43,approved,False
TXN20240429004303,ACCT201478,MERCH300283,purchase,38.02,web,2024-04-29 04:28:59,declined,False
TXN20240429004304,ACCT204881,MERCH300251,deposit,138.45,atm,2024-04-29 22:58:13,approved,False
TXN20240429004305,ACCT205971,MERCH300228,deposit,27.96,web,2024-04-29 16:58:41,approved,False
TXN20240429004306,ACCT203259,MERCH300080,purchase,24.77,in_person,2024-04-29 20:32:19,approved,False
TXN20240429004307,ACCT203900,MERCH300104,deposit,5.24,atm,2024-04-29 15:54:19,approved,False
TXN20240429004308,ACCT205218,MERCH300116,purchase,14.92,web,2024-04-29 10:39:30,declined,False
TXN20240429004309,ACCT202428,MERCH300291,purchase,26.39,mobile,2024-04-29 07:01:20,approved,False
TXN20240429004310,ACCT202110,MERCH300057,purchase,23.39,web,2024-04-29 20:25:09,approved,False
TXN20240429004311,ACCT203704,MERCH300001,withdrawal,28.91,web,2024-04-29 12:54:33,approved,False
TXN20240429004312,ACCT203698,MERCH300046,purchase,51.9,mobile,2024-04-29 05:14:24,approved,False
TXN20240429004313,ACCT205801,MERCH300113,purchase,20.96,mobile,2024-04-29 10:24:44,approved,False
TXN20240429004314,ACCT200423,MERCH300180,purchase,97.72,mobile,2024-04-29 08:13:54,approved,True
TXN20240429004315,ACCT200676,MERCH300036,purchase,84.37,web,2024-04-29 03:02:44,approved,False
TXN20240429004316,ACCT202948,MERCH300029,purchase,123.37,in_person,2024-04-29 04:09:21,approved,True
TXN20240429004317,ACCT203778,MERCH300091,purchase,15.11,web,2024-04-29 20:30:51,approved,False
TXN20240429004318,ACCT202196,MERCH300098,deposit,135.28,web,2024-04-29 12:23:49,approved,False
TXN20240429004319,ACCT200190,MERCH300015,deposit,40.3,in_person,2024-04-29 23:30:52,approved,False
TXN20240429004320,ACCT204589,MERCH300027,purchase,89.02,mobile,2024-04-29 21:26:47,approved,False
TXN20240429004321,ACCT201406,MERCH300014,transfer,83.54,mobile,2024-04-29 22:09:06,approved,False
TXN20240429004322,ACCT203934,MERCH300010,purchase,60.65,web,2024-04-29 13:32:01,approved,False
TXN20240429004323,ACCT206189,MERCH300162,withdrawal,25.65,web,2024-04-29 13:57:41,reversed,False
TXN20240429004324,ACCT202918,MERCH300199,transfer,182.18,web,2024-04-29 03:48:36,approved,False
TXN20240429004325,ACCT200274,MERCH300105,transfer,31.48,web,2024-04-29 00:17:14,approved,False
TXN20240429004326,ACCT203941,MERCH300038,purchase,42.85,in_person,2024-04-29 04:36:23,approved,False
TXN20240429004327,ACCT204612,MERCH300177,purchase,35.48,web,2024-04-29 03:05:30,approved,False
TXN20240429004328,ACCT204167,MERCH300187,purchase,45.47,web,2024-04-29 23:59:32,approved,False
TXN20240429004329,ACCT201871,MERCH300159,purchase,7.51,web,2024-04-29 17:53:44,approved,False
TXN20240429004330,ACCT203011,MERCH300100,purchase,14.91,web,2024-04-29 12:39:49,approved,False
TXN20240429004331,ACCT204718,MERCH300257,transfer,19.58,mobile,2024-04-29 22:57:05,declined,False
TXN20240429004332,ACCT203289,MERCH300208,withdrawal,177.79,web,2024-04-29 08:59:26,approved,False
TXN20240429004333,ACCT201089,MERCH300199,purchase,126.95,mobile,2024-04-29 10:15:46,approved,False
TXN20240429004334,ACCT202009,MERCH300242,transfer,41.82,mobile,2024-04-29 21:32:44,approved,False
TXN20240429004335,ACCT204456,MERCH300116,purchase,6.41,mobile,2024-04-29 03:47:39,approved,False
TXN20240429004336,ACCT201469,MERCH300062,purchase,37.43,in_person,2024-04-29 19:07:02,approved,False
TXN20240429004337,ACCT201514,MERCH300042,transfer,63.13,mobile,2024-04-29 22:07:17,approved,False
TXN20240429004338,ACCT200671,MERCH300169,transfer,24.63,in_person,2024-04-29 22:54:58,approved,False
TXN20240429004339,ACCT205146,MERCH300145,deposit,4.79,mobile,2024-04-29 23:26:26,approved,False
TXN20240429004340,ACCT205366,MERCH300215,transfer,52.99,web,2024-04-29 20:21:23,approved,False
TXN20240429004341,ACCT202828,MERCH300278,transfer,25.82,in_person,2024-04-29 13:56:17,approved,False
TXN20240429004342,ACCT205784,MERCH300266,deposit,21.99,web,2024-04-29 21:53:38,approved,False
TXN20240429004343,ACCT205854,MERCH300032,purchase,16.73,web,2024-04-29 10:14:31,approved,False
TXN20240429004344,ACCT201037,MERCH300021,purchase,7.65,in_person,2024-04-29 04:52:31,approved,False
TXN20240429004345,ACCT203004,MERCH300058,purchase,145.97,in_person,2024-04-29 02:23:29,approved,False
TXN20240429004346,ACCT202711,MERCH300008,deposit,86.31,web,2024-04-29 02:32:04,approved,False
TXN20240429004347,ACCT200458,MERCH300027,purchase,83.42,mobile,2024-04-29 08:40:52,approved,False
TXN20240429004348,ACCT205624,MERCH300111,purchase,37.29,mobile,2024-04-29 18:44:59,declined,False
TXN20240429004349,ACCT203133,MERCH300063,transfer,19.83,mobile,2024-04-29 22:46:54,approved,True
TXN20240429004350,ACCT202804,MERCH300206,withdrawal,56.95,in_person,2024-04-29 04:34:09,approved,False
TXN20240429004351,ACCT201335,MERCH300085,deposit,36.82,mobile,2024-04-29 12:25:13,approved,False
TXN20240429004352,ACCT204231,MERCH300256,withdrawal,38.4,in_person,2024-04-29 08:23:25,approved,False
TXN20240429004353,ACCT201172,MERCH300298,purchase,38.41,in_person,2024-04-29 08:26:12,approved,False
TXN20240429004354,ACCT204404,MERCH300199,purchase,34.82,in_person,2024-04-29 04:39:46,approved,False
TXN20240429004355,ACCT202215,MERCH300020,purchase,17.43,web,2024-04-29 21:00:26,approved,False
TXN20240429004356,ACCT200855,MERCH300146,transfer,46.39,atm,2024-04-29 18:02:48,approved,False
TXN20240429004357,ACCT204348,MERCH300016,purchase,60.49,mobile,2024-04-29 09:31:26,reversed,False
TXN20240429004358,ACCT205426,MERCH300002,purchase,81.97,mobile,2024-04-29 12:14:43,approved,False
TXN20240429004359,ACCT200284,MERCH300157,purchase,149.64,mobile,2024-04-29 14:29:09,approved,False
TXN20240429004360,ACCT203286,MERCH300293,transfer,95.35,in_person,2024-04-29 05:09:42,approved,False
TXN20240429004361,ACCT202912,MERCH300043,purchase,14.36,web,2024-04-29 22:18:44,approved,False
TXN20240429004362,ACCT205832,MERCH300151,purchase,35.38,in_person,2024-04-29 10:16:30,approved,False
TXN20240429004363,ACCT201044,MERCH300070,purchase,75.06,mobile,2024-04-29 09:36:21,approved,False
TXN20240429004364,ACCT200184,MERCH300119,purchase,129.11,in_person,2024-04-29 10:17:38,approved,False
TXN20240429004365,ACCT202149,MERCH300047,purchase,144.81,in_person,2024-04-29 01:01:08,approved,False
TXN20240429004366,ACCT203754,MERCH300198,purchase,12.04,in_person,2024-04-29 20:04:13,declined,False
TXN20240429004367,ACCT205195,MERCH300175,withdrawal,58.2,mobile,2024-04-29 03:13:41,approved,False
TXN20240429004368,ACCT204718,MERCH300241,purchase,24.69,web,2024-04-29 08:54:42,approved,False
TXN20240429004369,ACCT203967,MERCH300023,transfer,73.28,in_person,2024-04-29 05:11:37,approved,False
TXN20240429004370,ACCT200096,MERCH300088,purchase,19.65,in_person,2024-04-29 18:40:46,reversed,False
TXN20240429004371,ACCT202183,MERCH300263,purchase,170.76,in_person,2024-04-29 04:21:47,declined,False
TXN20240429004372,ACCT200070,MERCH300083,transfer,93.3,mobile,2024-04-29 00:00:09,declined,False
TXN20240429004373,ACCT205803,MERCH300224,transfer,23.79,web,2024-04-29 16:21:57,approved,False
TXN20240429004374,ACCT201189,MERCH300205,purchase,18.67,atm,2024-04-29 01:59:17,approved,False
TXN20240429004375,ACCT202745,MERCH300019,purchase,8.13,in_person,2024-04-29 23:08:59,approved,False
TXN20240429004376,ACCT202668,MERCH300178,purchase,134.94,mobile,2024-04-29 22:16:02,approved,False
TXN20240429004377,ACCT204789,MERCH300207,purchase,106.51,web,2024-04-29 19:08:09,approved,False
TXN20240429004378,ACCT204325,MERCH300080,purchase,102.17,in_person,2024-04-29 00:18:02,approved,False
TXN20240429004379,ACCT204524,MERCH300294,purchase,26.34,in_person,2024-04-29 13:37:30,approved,False
TXN20240429004380,ACCT205520,MERCH300093,purchase,51.13,in_person,2024-04-29 15:07:43,approved,False
TXN20240429004381,ACCT204586,MERCH300109,purchase,43.55,web,2024-04-29 12:45:38,approved,False
TXN20240429004382,ACCT205989,MERCH300021,purchase,130.51,atm,2024-04-29 00:08:10,approved,False
TXN20240429004383,ACCT200286,MERCH300179,purchase,21.43,in_person,2024-04-29 23:22:51,declined,False
TXN20240429004384,ACCT205475,MERCH300273,transfer,21.4,in_person,2024-04-29 20:33:33,approved,False
TXN20240429004385,ACCT201189,MERCH300224,purchase,56.49,web,2024-04-29 05:39:37,approved,False
TXN20240429004386,ACCT201122,MERCH300056,purchase,23.14,web,2024-04-29 23:25:20,approved,False
TXN20240429004387,ACCT201462,MERCH300062,purchase,52.63,mobile,2024-04-29 21:49:12,approved,False
TXN20240429004388,ACCT206004,MERCH300277,transfer,179.96,mobile,2024-04-29 01:18:31,approved,False
TXN20240429004389,ACCT200599,MERCH300234,transfer,61.88,mobile,2024-04-29 13:57:10,approved,False
TXN20240429004390,ACCT204860,MERCH300037,purchase,138.69,atm,2024-04-29 00:21:26,approved,False
TXN20240429004391,ACCT200802,MERCH300033,withdrawal,29.59,mobile,2024-04-29 10:14:56,approved,False
TXN20240429004392,ACCT200770,MERCH300025,purchase,22.8,mobile,2024-04-29 22:46:28,approved,False
TXN20240429004393,ACCT206011,MERCH300057,purchase,35.25,mobile,2024-04-29 05:59:17,approved,False
TXN20240429004394,ACCT202478,MERCH300124,purchase,71.63,atm,2024-04-29 15:25:01,approved,False
TXN20240429004395,ACCT204658,MERCH300095,purchase,28.81,in_person,2024-04-29 19:26:11,declined,False
TXN20240429004396,ACCT205498,MERCH300068,purchase,38.41,in_person,2024-04-29 21:14:10,approved,False
TXN20240429004397,ACCT206327,MERCH300249,purchase,16.69,mobile,2024-04-29 08:44:31,approved,False
TXN20240429004398,ACCT204266,MERCH300025,purchase,10.04,web,2024-04-29 00:33:57,approved,False
TXN20240429004399,ACCT204787,MERCH300222,purchase,77.48,in_person,2024-04-29 05:39:12,approved,False
TXN20240429004400,ACCT201856,MERCH300150,purchase,11.82,in_person,2024-04-29 15:51:14,approved,False
TXN20240429004401,ACCT205188,MERCH300167,purchase,11.89,in_person,2024-04-29 16:45:09,approved,True
TXN20240429004402,ACCT205073,MERCH300176,purchase,110.93,mobile,2024-04-29 19:18:29,approved,False
TXN20240429004403,ACCT201308,MERCH300191,purchase,40.83,web,2024-04-29 18:45:39,approved,False
TXN20240429004404,ACCT200207,MERCH300106,purchase,97.39,mobile,2024-04-29 18:10:45,approved,False
TXN20240429004405,ACCT204557,MERCH300026,deposit,26.35,in_person,2024-04-29 23:01:05,approved,False
TXN20240429004406,ACCT204789,MERCH300224,purchase,167.4,in_person,2024-04-29 00:49:34,approved,False
TXN20240429004407,ACCT203975,MERCH300235,purchase,17.56,web,2024-04-29 11:33:45,approved,False
TXN20240429004408,ACCT204001,MERCH300159,purchase,28.04,web,2024-04-29 19:35:04,approved,False
TXN20240429004409,ACCT200366,MERCH300223,purchase,33.19,web,2024-04-29 19:53:22,approved,False
TXN20240429004410,ACCT204949,MERCH300002,purchase,23.6,mobile,2024-04-29 14:54:25,approved,False
TXN20240429004411,ACCT203346,MERCH300040,purchase,6.57,web,2024-04-29 10:49:29,approved,False
TXN20240429004412,ACCT202127,MERCH300032,purchase,17.44,mobile,2024-04-29 22:42:31,reversed,False
TXN20240429004413,ACCT205521,MERCH300170,purchase,13.27,web,2024-04-29 02:37:53,approved,False
TXN20240429004414,ACCT202797,MERCH300175,purchase,11.88,web,2024-04-29 22:00:37,approved,False
TXN20240429004415,ACCT202065,MERCH300031,purchase,179.77,in_person,2024-04-29 20:44:26,approved,False
TXN20240429004416,ACCT203920,MERCH300063,purchase,42.22,mobile,2024-04-29 10:26:52,approved,False
TXN20240429004417,ACCT204189,MERCH300024,purchase,163.0,in_person,2024-04-29 06:27:59,approved,False
TXN20240429004418,ACCT205151,MERCH300119,purchase,13.66,atm,2024-04-29 05:46:15,approved,False
TXN20240429004419,ACCT206258,MERCH300257,purchase,28.79,mobile,2024-04-29 07:01:00,approved,False
TXN20240429004420,ACCT201305,MERCH300230,withdrawal,15.4,mobile,2024-04-29 10:23:08,approved,False
TXN20240429004421,ACCT203758,MERCH300130,purchase,59.59,in_person,2024-04-29 17:14:05,approved,False
TXN20240429004422,ACCT203915,MERCH300180,purchase,5.92,web,2024-04-29 18:06:20,approved,False
TXN20240429004423,ACCT205255,MERCH300091,transfer,25.14,in_person,2024-04-29 19:39:40,approved,False
TXN20240429004424,ACCT201903,MERCH300030,purchase,90.01,in_person,2024-04-29 16:41:28,approved,False
TXN20240429004425,ACCT201966,MERCH300030,purchase,53.37,mobile,2024-04-29 16:01:13,approved,False
TXN20240429004426,ACCT206418,MERCH300107,transfer,28.68,mobile,2024-04-29 00:13:08,declined,False
TXN20240429004427,ACCT202858,MERCH300260,transfer,27.69,web,2024-04-29 23:08:05,approved,False
TXN20240429004428,ACCT200307,MERCH300172,transfer,18.11,mobile,2024-04-29 03:25:15,approved,False
TXN20240429004429,ACCT200620,MERCH300215,purchase,116.61,web,2024-04-29 05:16:48,approved,False
TXN20240429004430,ACCT201719,MERCH300254,purchase,66.33,web,2024-04-29 23:01:03,approved,False
TXN20240429004431,ACCT205236,MERCH300157,purchase,30.7,in_person,2024-04-29 16:07:23,approved,False
TXN20240429004432,ACCT203375,MERCH300058,purchase,216.33,atm,2024-04-29 03:41:35,approved,False
TXN20240429004433,ACCT200576,MERCH300213,purchase,29.63,mobile,2024-04-29 07:06:33,approved,False
TXN20240429004434,ACCT203440,MERCH300188,purchase,20.51,mobile,2024-04-29 22:58:31,approved,False
TXN20240429004435,ACCT202597,MERCH300140,purchase,34.42,in_person,2024-04-29 01:38:44,approved,False
TXN20240429004436,ACCT204708,MERCH300269,purchase,41.28,atm,2024-04-29 17:31:00,reversed,False
TXN20240429004437,ACCT204176,MERCH300146,withdrawal,11.22,web,2024-04-29 21:30:38,approved,False
TXN20240429004438,ACCT202784,MERCH300092,purchase,228.02,web,2024-04-29 11:33:29,approved,False
TXN20240429004439,ACCT205275,MERCH300002,purchase,59.57,web,2024-04-29 23:10:04,approved,False
TXN20240429004440,ACCT202587,MERCH300089,purchase,33.17,in_person,2024-04-29 09:06:14,approved,False
TXN20240429004441,ACCT202526,MERCH300161,deposit,142.63,web,2024-04-29 16:17:09,approved,False
TXN20240429004442,ACCT202857,MERCH300062,transfer,10.91,mobile,2024-04-29 02:17:46,approved,False
TXN20240429004443,ACCT205248,MERCH300209,deposit,74.55,mobile,2024-04-29 07:22:48,approved,False
TXN20240429004444,ACCT200145,MERCH300248,deposit,58.39,web,2024-04-29 10:41:14,declined,False
TXN20240429004445,ACCT204559,MERCH300084,purchase,19.95,in_person,2024-04-29 19:16:21,approved,False
TXN20240429004446,ACCT205601,MERCH300277,withdrawal,37.6,web,2024-04-29 06:19:32,approved,False
TXN20240429004447,ACCT204514,MERCH300267,purchase,230.9,in_person,2024-04-29 15:39:31,approved,False
TXN20240429004448,ACCT205421,MERCH300033,purchase,60.28,web,2024-04-29 08:25:30,approved,False
TXN20240429004449,ACCT202210,MERCH300037,purchase,46.56,in_person,2024-04-29 09:33:34,approved,False
TXN20240429004450,ACCT204577,MERCH300153,purchase,134.05,in_person,2024-04-29 22:52:38,approved,False
TXN20240429004451,ACCT201124,MERCH300269,purchase,12.66,web,2024-04-29 11:54:15,approved,False
TXN20240429004452,ACCT203834,MERCH300075,purchase,42.97,web,2024-04-29 20:02:29,approved,False
TXN20240429004453,ACCT200018,MERCH300223,purchase,40.99,in_person,2024-04-29 04:49:42,declined,False
TXN20240429004454,ACCT203836,MERCH300159,purchase,336.28,mobile,2024-04-29 18:19:47,approved,False
TXN20240429004455,ACCT203092,MERCH300293,transfer,65.14,web,2024-04-29 18:17:46,approved,False
TXN20240429004456,ACCT204630,MERCH300209,purchase,31.01,in_person,2024-04-29 13:06:40,approved,False
TXN20240429004457,ACCT206330,MERCH300247,withdrawal,41.78,in_person,2024-04-29 19:46:18,approved,False
TXN20240429004458,ACCT201457,MERCH300223,purchase,22.89,web,2024-04-29 19:31:22,approved,False
TXN20240429004459,ACCT202182,MERCH300224,withdrawal,72.97,in_person,2024-04-29 17:55:42,approved,False
TXN20240429004460,ACCT204808,MERCH300113,deposit,102.77,in_person,2024-04-29 06:18:00,approved,False
TXN20240429004461,ACCT201848,MERCH300173,purchase,529.85,web,2024-04-29 14:23:43,approved,False
TXN20240429004462,ACCT202893,MERCH300092,purchase,41.87,mobile,2024-04-29 23:55:46,approved,False
TXN20240429004463,ACCT205067,MERCH300145,deposit,7.78,web,2024-04-29 19:03:52,approved,False
TXN20240429004464,ACCT203724,MERCH300273,purchase,38.05,atm,2024-04-29 06:27:10,approved,False
TXN20240429004465,ACCT201920,MERCH300211,purchase,104.82,atm,2024-04-29 11:22:55,approved,False
TXN20240429004466,ACCT201573,MERCH300087,purchase,29.96,web,2024-04-29 17:05:10,approved,False
TXN20240429004467,ACCT203136,MERCH300193,purchase,63.76,web,2024-04-29 06:49:07,approved,False
TXN20240429004468,ACCT203969,MERCH300157,purchase,16.15,web,2024-04-29 12:39:38,approved,False
TXN20240429004469,ACCT205481,MERCH300217,withdrawal,57.3,web,2024-04-29 08:09:10,declined,False
TXN20240429004470,ACCT206202,MERCH300079,purchase,28.21,in_person,2024-04-29 02:52:57,approved,False
TXN20240429004471,ACCT203443,MERCH300246,transfer,253.65,in_person,2024-04-29 23:09:43,approved,False
TXN20240429004472,ACCT206141,MERCH300063,purchase,111.3,in_person,2024-04-29 12:23:33,approved,False
TXN20240429004473,ACCT204889,MERCH300129,transfer,15.17,web,2024-04-29 15:24:36,approved,False
TXN20240429004474,ACCT205837,MERCH300135,purchase,31.48,web,2024-04-29 22:36:16,approved,False
TXN20240429004475,ACCT202085,MERCH300177,purchase,52.38,web,2024-04-29 17:23:23,approved,False
TXN20240429004476,ACCT202652,MERCH300244,withdrawal,41.6,mobile,2024-04-29 09:17:24,approved,False
TXN20240429004477,ACCT200169,MERCH300053,deposit,25.16,in_person,2024-04-29 13:04:15,declined,False
TXN20240429004478,ACCT200596,MERCH300095,purchase,23.14,web,2024-04-29 18:52:07,declined,True
TXN20240429004479,ACCT200163,MERCH300095,purchase,99.39,web,2024-04-29 07:31:02,declined,False
TXN20240429004480,ACCT201944,MERCH300222,purchase,79.08,mobile,2024-04-29 14:17:48,approved,False
TXN20240429004481,ACCT203098,MERCH300152,purchase,29.83,mobile,2024-04-29 03:40:38,approved,False
TXN20240429004482,ACCT202138,MERCH300109,purchase,91.22,web,2024-04-29 23:20:47,approved,False
TXN20240429004483,ACCT205060,MERCH300248,purchase,95.5,in_person,2024-04-29 17:23:39,approved,False
TXN20240429004484,ACCT201946,MERCH300254,purchase,33.52,in_person,2024-04-29 15:21:39,approved,False
TXN20240429004485,ACCT203056,MERCH300000,purchase,73.48,mobile,2024-04-29 14:13:42,approved,False
TXN20240429004486,ACCT203493,MERCH300031,withdrawal,52.93,in_person,2024-04-29 07:42:30,approved,False
TXN20240429004487,ACCT203502,MERCH300267,purchase,17.18,web,2024-04-29 10:43:30,approved,False
TXN20240429004488,ACCT204757,MERCH300063,purchase,74.5,in_person,2024-04-29 08:16:00,approved,False
TXN20240429004489,ACCT203057,MERCH300176,deposit,95.44,web,2024-04-29 06:21:15,approved,False
TXN20240429004490,ACCT204413,MERCH300248,purchase,62.38,in_person,2024-04-29 18:19:23,approved,False
TXN20240429004491,ACCT201555,MERCH300145,purchase,18.54,mobile,2024-04-29 05:32:14,approved,False
TXN20240429004492,ACCT203756,MERCH300072,purchase,16.8,web,2024-04-29 17:59:50,approved,False
TXN20240429004493,ACCT202556,MERCH300173,transfer,18.9,web,2024-04-29 16:17:00,approved,False
TXN20240429004494,ACCT201929,MERCH300275,transfer,72.91,mobile,2024-04-29 16:53:43,approved,False
TXN20240429004495,ACCT206374,MERCH300243,purchase,90.21,mobile,2024-04-29 01:55:34,approved,False
TXN20240429004496,ACCT202713,MERCH300277,transfer,74.56,in_person,2024-04-29 04:20:22,approved,False
TXN20240429004497,ACCT205446,MERCH300141,purchase,16.08,in_person,2024-04-29 23:48:00,approved,False
TXN20240429004498,ACCT204666,MERCH300192,purchase,31.32,web,2024-04-29 12:13:15,approved,False
TXN20240429004499,ACCT203555,MERCH300233,transfer,5.64,mobile,2024-04-29 23:20:01,approved,False
TXN20240429004500,ACCT206452,MERCH300272,purchase,140.4,in_person,2024-04-29 12:43:29,approved,False
TXN20240429004501,ACCT205824,MERCH300010,purchase,87.71,in_person,2024-04-29 22:58:56,approved,False
TXN20240429004502,ACCT204798,MERCH300164,withdrawal,19.99,web,2024-04-29 21:25:20,approved,False
TXN20240429004503,ACCT202856,MERCH300268,withdrawal,93.37,mobile,2024-04-29 14:03:47,approved,False
TXN20240429004504,ACCT205491,MERCH300079,purchase,18.31,web,2024-04-29 21:06:49,approved,False
TXN20240429004505,ACCT202786,MERCH300223,purchase,15.17,atm,2024-04-29 18:10:03,approved,False
TXN20240429004506,ACCT202692,MERCH300115,withdrawal,33.61,atm,2024-04-29 00:32:12,approved,True
TXN20240429004507,ACCT201396,MERCH300083,deposit,70.24,in_person,2024-04-29 02:58:43,approved,False
TXN20240429004508,ACCT204041,MERCH300013,purchase,29.44,in_person,2024-04-29 02:25:48,approved,False
TXN20240429004509,ACCT203061,MERCH300256,purchase,115.76,web,2024-04-29 22:21:07,approved,False
TXN20240429004510,ACCT202765,MERCH300130,transfer,25.28,web,2024-04-29 13:51:38,approved,False
TXN20240429004511,ACCT200366,MERCH300140,purchase,51.93,mobile,2024-04-29 02:13:38,approved,False
TXN20240429004512,ACCT205361,MERCH300104,purchase,23.5,web,2024-04-29 05:48:59,approved,False
TXN20240429004513,ACCT201747,MERCH300144,purchase,262.57,in_person,2024-04-29 14:44:36,approved,False
TXN20240429004514,ACCT200663,MERCH300254,purchase,52.19,in_person,2024-04-29 21:35:58,approved,False
TXN20240429004515,ACCT205813,MERCH300186,deposit,36.18,atm,2024-04-29 17:54:55,approved,False
TXN20240429004516,ACCT206064,MERCH300004,purchase,26.41,mobile,2024-04-29 05:28:34,approved,False
TXN20240429004517,ACCT203529,MERCH300192,purchase,35.91,in_person,2024-04-29 21:41:59,approved,False
TXN20240429004518,ACCT203620,MERCH300188,purchase,43.6,web,2024-04-29 19:24:46,approved,False
TXN20240429004519,ACCT200919,MERCH300162,transfer,20.06,mobile,2024-04-29 22:16:08,approved,False
TXN20240429004520,ACCT203365,MERCH300145,transfer,130.81,web,2024-04-29 14:37:05,approved,False
TXN20240429004521,ACCT204797,MERCH300123,purchase,50.77,in_person,2024-04-29 14:35:28,reversed,False
TXN20240429004522,ACCT202593,MERCH300068,purchase,13.47,in_person,2024-04-29 21:50:39,approved,False
TXN20240429004523,ACCT200131,MERCH300069,withdrawal,74.27,in_person,2024-04-29 19:35:12,approved,False
TXN20240429004524,ACCT200468,MERCH300270,purchase,18.95,atm,2024-04-29 22:59:22,approved,False
TXN20240429004525,ACCT201617,MERCH300091,transfer,13.22,in_person,2024-04-29 09:21:43,approved,False
TXN20240429004526,ACCT200085,MERCH300149,deposit,102.14,web,2024-04-29 10:35:04,approved,False
TXN20240429004527,ACCT201039,MERCH300235,withdrawal,29.61,in_person,2024-04-29 13:19:57,approved,False
TXN20240429004528,ACCT204288,MERCH300071,purchase,47.62,web,2024-04-29 12:47:37,approved,False
TXN20240429004529,ACCT204488,MERCH300273,deposit,36.52,mobile,2024-04-29 09:17:07,approved,False
TXN20240429004530,ACCT204462,MERCH300025,transfer,25.88,in_person,2024-04-29 07:22:16,declined,False
TXN20240429004531,ACCT204343,MERCH300149,purchase,83.93,in_person,2024-04-29 13:56:09,approved,False
TXN20240429004532,ACCT202370,MERCH300165,transfer,32.62,in_person,2024-04-29 07:13:21,approved,False
TXN20240429004533,ACCT205868,MERCH300117,transfer,16.1,mobile,2024-04-29 07:51:11,approved,False
TXN20240429004534,ACCT205036,MERCH300265,deposit,147.3,web,2024-04-29 20:41:22,approved,False
TXN20240429004535,ACCT205755,MERCH300272,purchase,56.2,in_person,2024-04-29 00:06:00,approved,False
TXN20240429004536,ACCT200191,MERCH300029,purchase,12.75,atm,2024-04-29 08:35:31,approved,False
TXN20240429004537,ACCT204833,MERCH300015,withdrawal,102.7,web,2024-04-29 03:41:41,approved,False
TXN20240429004538,ACCT205867,MERCH300249,purchase,17.16,in_person,2024-04-29 21:02:02,approved,False
TXN20240429004539,ACCT201643,MERCH300078,deposit,98.81,atm,2024-04-29 02:46:35,approved,False
TXN20240429004540,ACCT203645,MERCH300179,purchase,57.72,in_person,2024-04-29 13:16:38,approved,False
TXN20240429004541,ACCT206264,MERCH300228,deposit,39.17,in_person,2024-04-29 14:05:52,approved,False
TXN20240429004542,ACCT201549,MERCH300015,deposit,25.84,mobile,2024-04-29 21:08:39,approved,False
TXN20240429004543,ACCT206467,MERCH300287,withdrawal,43.36,mobile,2024-04-29 19:35:18,approved,False
TXN20240429004544,ACCT204025,MERCH300214,transfer,10.32,web,2024-04-29 21:51:02,approved,False
TXN20240429004545,ACCT203773,MERCH300014,deposit,27.7,web,2024-04-29 05:03:11,approved,False
TXN20240429004546,ACCT201795,MERCH300062,purchase,17.23,mobile,2024-04-29 16:57:38,approved,False
TXN20240429004547,ACCT203859,MERCH300165,purchase,21.27,mobile,2024-04-29 04:21:49,approved,False
TXN20240429004548,ACCT203029,MERCH300032,purchase,55.19,in_person,2024-04-29 17:10:09,approved,False
TXN20240429004549,ACCT203105,MERCH300224,withdrawal,21.02,in_person,2024-04-29 18:57:42,approved,False
TXN20240429004550,ACCT200148,MERCH300230,purchase,411.52,atm,2024-04-29 03:48:49,approved,True
TXN20240429004551,ACCT202772,MERCH300063,purchase,81.35,in_person,2024-04-29 06:40:35,approved,False
TXN20240429004552,ACCT205594,MERCH300154,purchase,80.62,web,2024-04-29 04:52:25,approved,False
TXN20240429004553,ACCT200591,MERCH300013,purchase,87.5,in_person,2024-04-29 03:32:30,approved,False
TXN20240429004554,ACCT200222,MERCH300195,purchase,30.35,atm,2024-04-29 04:56:44,approved,False
TXN20240429004555,ACCT203952,MERCH300155,purchase,39.23,in_person,2024-04-29 16:52:38,approved,False
TXN20240429004556,ACCT205775,MERCH300132,withdrawal,7.82,in_person,2024-04-29 01:54:14,approved,False
TXN20240429004557,ACCT202634,MERCH300192,transfer,44.99,in_person,2024-04-29 14:48:15,approved,False
TXN20240429004558,ACCT201870,MERCH300249,purchase,62.17,web,2024-04-29 23:27:05,approved,False
TXN20240429004559,ACCT204919,MERCH300246,purchase,21.77,web,2024-04-29 20:08:49,approved,False
TXN20240429004560,ACCT201642,MERCH300183,purchase,104.26,in_person,2024-04-29 22:21:34,approved,False
TXN20240429004561,ACCT204911,MERCH300172,deposit,15.54,web,2024-04-29 20:14:17,declined,False
TXN20240429004562,ACCT205905,MERCH300049,purchase,41.48,mobile,2024-04-29 15:15:36,approved,False
TXN20240429004563,ACCT200495,MERCH300237,purchase,8.72,web,2024-04-29 06:39:33,approved,False
TXN20240429004564,ACCT200863,MERCH300045,deposit,71.49,in_person,2024-04-29 11:19:57,approved,False
TXN20240429004565,ACCT205038,MERCH300248,purchase,24.08,web,2024-04-29 20:53:15,approved,False
TXN20240429004566,ACCT200517,MERCH300289,purchase,17.11,in_person,2024-04-29 02:35:14,approved,False
TXN20240429004567,ACCT201884,MERCH300226,deposit,74.1,web,2024-04-29 08:47:59,approved,False
TXN20240429004568,ACCT200453,MERCH300098,deposit,41.31,in_person,2024-04-29 03:08:47,approved,False
TXN20240429004569,ACCT200070,MERCH300174,withdrawal,56.23,web,2024-04-29 18:22:38,approved,False
TXN20240429004570,ACCT200648,MERCH300295,purchase,16.75,in_person,2024-04-29 14:45:59,approved,False
TXN20240429004571,ACCT201408,MERCH300065,purchase,11.66,mobile,2024-04-29 06:28:10,approved,False
TXN20240429004572,ACCT200781,MERCH300276,purchase,23.15,web,2024-04-29 13:06:52,approved,False
TXN20240429004573,ACCT203521,MERCH300167,deposit,31.85,mobile,2024-04-29 00:54:39,declined,False
TXN20240429004574,ACCT201453,MERCH300247,purchase,22.37,web,2024-04-29 07:02:07,approved,False
TXN20240429004575,ACCT205929,MERCH300064,withdrawal,21.61,mobile,2024-04-29 13:01:40,approved,False
TXN20240429004576,ACCT203079,MERCH300055,purchase,72.01,web,2024-04-29 20:07:38,approved,False
TXN20240429004577,ACCT204993,MERCH300273,purchase,18.22,in_person,2024-04-29 16:25:08,approved,False
TXN20240429004578,ACCT201195,MERCH300156,withdrawal,216.45,web,2024-04-29 22:32:24,approved,False
TXN20240429004579,ACCT205479,MERCH300206,purchase,90.28,web,2024-04-29 19:57:30,approved,False
TXN20240429004580,ACCT201440,MERCH300090,purchase,17.36,mobile,2024-04-29 11:59:56,declined,False
TXN20240429004581,ACCT202321,MERCH300192,purchase,38.78,mobile,2024-04-29 02:58:14,approved,False
TXN20240429004582,ACCT206121,MERCH300091,purchase,105.06,web,2024-04-29 17:14:49,approved,False
TXN20240429004583,ACCT201926,MERCH300173,purchase,174.68,web,2024-04-29 12:13:25,declined,False
TXN20240429004584,ACCT203677,MERCH300153,withdrawal,60.94,in_person,2024-04-29 22:16:23,reversed,False
TXN20240429004585,ACCT206280,MERCH300268,purchase,13.93,web,2024-04-29 20:30:03,declined,False
TXN20240429004586,ACCT200267,MERCH300156,purchase,30.48,web,2024-04-29 10:40:05,approved,False
TXN20240429004587,ACCT202878,MERCH300092,purchase,91.05,web,2024-04-29 16:07:55,approved,False
TXN20240429004588,ACCT201875,MERCH300078,deposit,27.26,mobile,2024-04-29 22:17:40,approved,False
TXN20240429004589,ACCT204787,MERCH300063,purchase,111.07,mobile,2024-04-29 20:23:13,approved,False
TXN20240429004590,ACCT202195,MERCH300017,transfer,11.27,mobile,2024-04-29 20:36:28,approved,False
TXN20240429004591,ACCT204343,MERCH300139,purchase,120.64,in_person,2024-04-29 02:14:05,approved,False
TXN20240429004592,ACCT203608,MERCH300025,transfer,35.18,web,2024-04-29 13:10:54,approved,False
TXN20240429004593,ACCT205457,MERCH300219,transfer,18.89,in_person,2024-04-29 22:43:52,approved,False
TXN20240429004594,ACCT201903,MERCH300278,purchase,79.97,web,2024-04-29 07:10:49,approved,False
TXN20240429004595,ACCT202611,MERCH300261,deposit,79.64,mobile,2024-04-29 14:56:22,approved,False
TXN20240429004596,ACCT205667,MERCH300274,purchase,21.63,atm,2024-04-29 04:07:56,approved,False
TXN20240429004597,ACCT204696,MERCH300231,transfer,37.04,web,2024-04-29 10:59:52,approved,False
TXN20240429004598,ACCT206433,MERCH300222,withdrawal,8.05,web,2024-04-29 15:29:32,approved,False
TXN20240429004599,ACCT205218,MERCH300076,withdrawal,22.84,web,2024-04-29 09:21:33,approved,False
TXN20240429004600,ACCT201310,MERCH300149,purchase,24.32,in_person,2024-04-29 09:16:40,reversed,False
TXN20240429004601,ACCT201557,MERCH300265,purchase,7.58,web,2024-04-29 07:30:22,approved,False
TXN20240429004602,ACCT200223,MERCH300050,purchase,46.94,mobile,2024-04-29 07:18:22,approved,False
TXN20240429004603,ACCT202789,MERCH300018,transfer,36.82,web,2024-04-29 02:41:16,approved,False
TXN20240429004604,ACCT200123,MERCH300191,purchase,42.38,in_person,2024-04-29 12:31:01,approved,False
TXN20240429004605,ACCT203129,MERCH300115,purchase,16.77,mobile,2024-04-29 09:42:26,approved,False
TXN20240429004606,ACCT200453,MERCH300216,purchase,43.88,mobile,2024-04-29 18:35:33,reversed,False
TXN20240429004607,ACCT204500,MERCH300145,deposit,12.56,in_person,2024-04-29 19:49:39,approved,False
TXN20240429004608,ACCT200047,MERCH300158,deposit,139.83,mobile,2024-04-29 02:40:37,approved,False
TXN20240429004609,ACCT204400,MERCH300037,purchase,112.19,web,2024-04-29 13:00:48,approved,False
TXN20240429004610,ACCT201912,MERCH300038,purchase,28.49,mobile,2024-04-29 01:32:09,declined,False
TXN20240429004611,ACCT202033,MERCH300107,purchase,47.27,atm,2024-04-29 22:23:54,approved,False
TXN20240429004612,ACCT202790,MERCH300279,purchase,13.96,in_person,2024-04-29 02:27:20,approved,False
TXN20240429004613,ACCT202828,MERCH300268,purchase,35.05,mobile,2024-04-29 08:59:11,approved,False
TXN20240429004614,ACCT202692,MERCH300215,purchase,44.22,web,2024-04-29 08:20:04,approved,False
TXN20240429004615,ACCT202878,MERCH300290,withdrawal,17.49,web,2024-04-29 01:03:50,reversed,False
TXN20240429004616,ACCT202608,MERCH300239,purchase,10.77,mobile,2024-04-29 22:04:17,approved,False
TXN20240429004617,ACCT206012,MERCH300140,purchase,130.49,mobile,2024-04-29 07:22:26,approved,False
TXN20240429004618,ACCT200702,MERCH300292,withdrawal,55.23,web,2024-04-29 12:48:45,approved,False
TXN20240429004619,ACCT203380,MERCH300171,deposit,21.65,web,2024-04-29 01:13:00,approved,False
TXN20240429004620,ACCT206444,MERCH300230,withdrawal,131.48,web,2024-04-29 08:29:16,approved,False
TXN20240429004621,ACCT200802,MERCH300254,purchase,8.34,web,2024-04-29 03:30:14,approved,False
TXN20240429004622,ACCT204633,MERCH300088,purchase,49.17,web,2024-04-29 15:49:31,approved,False
TXN20240429004623,ACCT200344,MERCH300233,purchase,37.85,atm,2024-04-29 08:50:47,approved,False
TXN20240429004624,ACCT203199,MERCH300161,purchase,46.79,web,2024-04-29 22:42:01,reversed,False
TXN20240429004625,ACCT204457,MERCH300100,purchase,42.26,mobile,2024-04-29 19:56:19,approved,False
TXN20240429004626,ACCT202677,MERCH300063,withdrawal,52.55,in_person,2024-04-29 08:50:40,approved,False
TXN20240429004627,ACCT203434,MERCH300181,transfer,16.07,web,2024-04-29 21:44:04,approved,False
TXN20240429004628,ACCT200238,MERCH300015,purchase,39.76,in_person,2024-04-29 01:14:38,approved,False
TXN20240429004629,ACCT204052,MERCH300279,deposit,70.96,web,2024-04-29 00:19:10,approved,False
TXN20240429004630,ACCT201338,MERCH300095,transfer,42.38,web,2024-04-29 01:04:51,approved,False
TXN20240429004631,ACCT201089,MERCH300143,purchase,34.06,in_person,2024-04-29 04:27:10,approved,False
TXN20240429004632,ACCT200295,MERCH300168,transfer,4.49,web,2024-04-29 13:26:45,approved,False
TXN20240429004633,ACCT201419,MERCH300261,purchase,32.4,mobile,2024-04-29 02:14:53,approved,False
TXN20240429004634,ACCT201532,MERCH300056,deposit,158.23,in_person,2024-04-29 09:01:02,approved,False
TXN20240429004635,ACCT201389,MERCH300239,deposit,41.44,in_person,2024-04-29 15:46:32,approved,False
TXN20240429004636,ACCT202377,MERCH300157,purchase,90.72,mobile,2024-04-29 03:45:29,approved,False
TXN20240429004637,ACCT202196,MERCH300174,transfer,55.13,in_person,2024-04-29 04:34:17,approved,False
TXN20240429004638,ACCT201023,MERCH300069,purchase,88.31,web,2024-04-29 07:42:21,approved,False
TXN20240429004639,ACCT201083,MERCH300246,deposit,19.96,mobile,2024-04-29 17:20:45,approved,False
TXN20240429004640,ACCT201432,MERCH300147,withdrawal,6.59,web,2024-04-29 03:02:46,approved,False
TXN20240429004641,ACCT205267,MERCH300135,transfer,89.2,in_person,2024-04-29 21:51:31,approved,False
TXN20240429004642,ACCT200618,MERCH300047,purchase,12.94,in_person,2024-04-29 19:17:16,approved,False
TXN20240429004643,ACCT203696,MERCH300146,purchase,44.83,mobile,2024-04-29 16:31:52,approved,False
TXN20240429004644,ACCT202198,MERCH300175,purchase,142.98,mobile,2024-04-29 12:36:36,approved,False
TXN20240429004645,ACCT201175,MERCH300250,purchase,67.23,mobile,2024-04-29 20:14:45,approved,False
TXN20240429004646,ACCT205026,MERCH300262,transfer,61.23,mobile,2024-04-29 20:18:26,approved,False
TXN20240429004647,ACCT200805,MERCH300111,transfer,3.0,atm,2024-04-29 20:58:25,approved,False
TXN20240429004648,ACCT200802,MERCH300116,transfer,15.15,atm,2024-04-29 09:17:41,approved,False
TXN20240429004649,ACCT200989,MERCH300040,transfer,30.24,web,2024-04-29 08:51:45,approved,False
TXN20240429004650,ACCT202417,MERCH300242,purchase,11.67,web,2024-04-29 14:42:01,approved,False
TXN20240429004651,ACCT201347,MERCH300113,purchase,10.03,in_person,2024-04-29 14:06:53,approved,False
TXN20240429004652,ACCT204513,MERCH300199,purchase,56.83,in_person,2024-04-29 14:03:01,approved,False
TXN20240429004653,ACCT202675,MERCH300222,purchase,79.18,mobile,2024-04-29 19:06:30,approved,False
TXN20240429004654,ACCT200836,MERCH300024,purchase,77.77,web,2024-04-29 09:36:20,approved,False
TXN20240429004655,ACCT206027,MERCH300052,transfer,18.73,atm,2024-04-29 21:24:25,approved,False
TXN20240429004656,ACCT206218,MERCH300204,purchase,31.28,web,2024-04-29 02:22:22,approved,False
TXN20240429004657,ACCT203296,MERCH300002,purchase,50.51,in_person,2024-04-29 18:52:36,approved,False
TXN20240429004658,ACCT204750,MERCH300237,purchase,101.01,web,2024-04-29 02:35:57,declined,False
TXN20240429004659,ACCT202993,MERCH300148,transfer,12.91,web,2024-04-29 18:23:39,approved,False
TXN20240429004660,ACCT201146,MERCH300285,purchase,22.56,web,2024-04-29 06:16:27,reversed,False
TXN20240429004661,ACCT203380,MERCH300193,purchase,28.87,mobile,2024-04-29 22:04:32,approved,False
TXN20240429004662,ACCT206118,MERCH300205,deposit,105.88,in_person,2024-04-29 21:57:49,approved,False
TXN20240429004663,ACCT204113,MERCH300151,purchase,151.79,web,2024-04-29 11:34:57,approved,False
TXN20240429004664,ACCT205902,MERCH300055,purchase,96.31,web,2024-04-29 21:10:43,approved,False
TXN20240429004665,ACCT202787,MERCH300159,purchase,107.29,mobile,2024-04-29 01:46:30,declined,False
TXN20240429004666,ACCT206390,MERCH300287,withdrawal,50.64,in_person,2024-04-29 22:40:25,approved,False
TXN20240429004667,ACCT202119,MERCH300270,deposit,108.31,web,2024-04-29 21:30:52,approved,False
TXN20240429004668,ACCT203945,MERCH300242,transfer,49.53,in_person,2024-04-29 06:54:50,approved,False
TXN20240429004669,ACCT201974,MERCH300106,transfer,88.04,in_person,2024-04-29 04:14:35,approved,False
TXN20240429004670,ACCT206203,MERCH300072,purchase,145.06,mobile,2024-04-29 22:08:12,approved,False
TXN20240429004671,ACCT201581,MERCH300273,transfer,6.13,in_person,2024-04-29 04:58:05,approved,False
TXN20240429004672,ACCT200475,MERCH300161,purchase,15.45,in_person,2024-04-29 16:31:09,approved,False
TXN20240429004673,ACCT203017,MERCH300045,deposit,172.23,in_person,2024-04-29 00:40:40,approved,False
TXN20240429004674,ACCT206463,MERCH300233,withdrawal,178.77,atm,2024-04-29 15:48:40,approved,False
TXN20240429004675,ACCT203773,MERCH300231,transfer,47.66,atm,2024-04-29 00:44:41,approved,False
TXN20240429004676,ACCT200145,MERCH300151,purchase,15.31,mobile,2024-04-29 13:27:01,approved,False
TXN20240429004677,ACCT206034,MERCH300115,deposit,54.69,in_person,2024-04-29 08:34:12,approved,False
TXN20240429004678,ACCT202478,MERCH300056,purchase,67.02,in_person,2024-04-29 00:16:23,approved,False
TXN20240429004679,ACCT202804,MERCH300288,withdrawal,48.75,in_person,2024-04-29 21:52:41,approved,False
TXN20240429004680,ACCT205383,MERCH300087,transfer,43.34,atm,2024-04-29 13:56:20,approved,False
TXN20240429004681,ACCT206094,MERCH300283,transfer,101.55,mobile,2024-04-29 09:48:03,approved,False
TXN20240429004682,ACCT200455,MERCH300234,transfer,12.33,web,2024-04-29 22:59:13,declined,False
TXN20240429004683,ACCT201155,MERCH300130,purchase,71.95,mobile,2024-04-29 11:56:22,approved,False
TXN20240429004684,ACCT201109,MERCH300293,purchase,9.75,web,2024-04-29 16:23:00,approved,False
TXN20240429004685,ACCT203038,MERCH300112,purchase,40.05,web,2024-04-29 15:24:48,approved,False
TXN20240429004686,ACCT202021,MERCH300208,withdrawal,16.26,atm,2024-04-29 22:34:03,approved,False
TXN20240429004687,ACCT203745,MERCH300136,purchase,38.59,in_person,2024-04-29 01:25:01,declined,False
TXN20240429004688,ACCT204037,MERCH300231,purchase,6.25,mobile,2024-04-29 01:57:47,approved,False
TXN20240429004689,ACCT202305,MERCH300224,withdrawal,3.19,atm,2024-04-29 10:03:42,approved,False
TXN20240429004690,ACCT201317,MERCH300030,transfer,119.22,mobile,2024-04-29 01:56:13,approved,False
TXN20240429004691,ACCT201270,MERCH300272,withdrawal,121.09,in_person,2024-04-29 16:27:54,approved,False
TXN20240429004692,ACCT201792,MERCH300139,purchase,30.39,mobile,2024-04-29 06:29:48,approved,False
TXN20240429004693,ACCT204332,MERCH300139,purchase,40.9,mobile,2024-04-29 21:55:38,approved,False
TXN20240429004694,ACCT204400,MERCH300065,purchase,69.04,mobile,2024-04-29 15:18:52,approved,False
TXN20240429004695,ACCT200728,MERCH300207,purchase,99.79,web,2024-04-29 20:30:28,approved,False
TXN20240429004696,ACCT203638,MERCH300040,deposit,92.56,in_person,2024-04-29 06:30:11,approved,False
TXN20240429004697,ACCT202482,MERCH300080,purchase,9.56,web,2024-04-29 09:49:22,declined,False
TXN20240429004698,ACCT203270,MERCH300060,purchase,293.71,atm,2024-04-29 01:03:04,approved,False
TXN20240429004699,ACCT203368,MERCH300031,deposit,133.4,mobile,2024-04-29 17:31:01,approved,True
TXN20240429004700,ACCT205818,MERCH300167,purchase,18.52,web,2024-04-29 03:46:17,approved,False
TXN20240429004701,ACCT200878,MERCH300144,deposit,336.8,in_person,2024-04-29 03:39:04,approved,False
TXN20240429004702,ACCT201079,MERCH300061,purchase,13.85,web,2024-04-29 13:58:12,approved,False
TXN20240429004703,ACCT201432,MERCH300286,withdrawal,27.92,in_person,2024-04-29 09:38:18,approved,False
TXN20240429004704,ACCT203925,MERCH300121,purchase,5.79,in_person,2024-04-29 00:02:40,approved,False
TXN20240429004705,ACCT205568,MERCH300290,transfer,123.24,in_person,2024-04-29 03:45:14,approved,False
TXN20240429004706,ACCT205143,MERCH300003,transfer,232.09,mobile,2024-04-29 16:10:02,approved,False
TXN20240429004707,ACCT200937,MERCH300193,purchase,156.07,web,2024-04-29 07:09:36,approved,False
TXN20240429004708,ACCT205362,MERCH300284,transfer,26.22,in_person,2024-04-29 14:01:35,approved,False
TXN20240429004709,ACCT204461,MERCH300088,purchase,88.34,mobile,2024-04-29 05:14:16,declined,False
TXN20240429004710,ACCT204268,MERCH300152,withdrawal,25.18,mobile,2024-04-29 18:42:13,approved,False
TXN20240429004711,ACCT205304,MERCH300259,withdrawal,6.65,web,2024-04-29 05:44:07,approved,False
TXN20240429004712,ACCT202696,MERCH300047,deposit,30.3,web,2024-04-29 08:17:55,approved,False
TXN20240429004713,ACCT205811,MERCH300277,purchase,191.14,in_person,2024-04-29 19:03:02,approved,False
TXN20240429004714,ACCT206389,MERCH300016,purchase,20.63,in_person,2024-04-29 01:12:30,approved,False
TXN20240429004715,ACCT201268,MERCH300188,purchase,19.71,mobile,2024-04-29 16:09:56,approved,False
TXN20240429004716,ACCT203334,MERCH300050,purchase,44.92,atm,2024-04-29 01:38:44,approved,False
TXN20240429004717,ACCT205196,MERCH300166,purchase,31.0,mobile,2024-04-29 11:31:18,approved,False
TXN20240429004718,ACCT202153,MERCH300096,purchase,26.3,in_person,2024-04-29 04:43:50,reversed,False
TXN20240429004719,ACCT203020,MERCH300204,purchase,22.47,mobile,2024-04-29 17:07:07,approved,False
TXN20240429004720,ACCT200146,MERCH300099,withdrawal,113.08,in_person,2024-04-29 17:24:25,approved,False
TXN20240429004721,ACCT200621,MERCH300060,purchase,13.64,web,2024-04-29 18:39:27,approved,False
TXN20240429004722,ACCT204674,MERCH300255,transfer,29.99,mobile,2024-04-29 03:03:08,approved,False
TXN20240429004723,ACCT203387,MERCH300195,purchase,88.09,in_person,2024-04-29 14:44:59,approved,False
TXN20240429004724,ACCT200602,MERCH300240,purchase,36.39,mobile,2024-04-29 00:18:11,declined,False
TXN20240429004725,ACCT205860,MERCH300252,purchase,72.56,mobile,2024-04-29 05:41:35,declined,False
TXN20240429004726,ACCT204874,MERCH300063,transfer,78.67,mobile,2024-04-29 15:27:03,approved,False
TXN20240429004727,ACCT200349,MERCH300137,purchase,26.25,in_person,2024-04-29 02:35:30,approved,False
TXN20240429004728,ACCT201775,MERCH300118,purchase,168.64,web,2024-04-29 23:46:38,approved,False
TXN20240429004729,ACCT202534,MERCH300249,withdrawal,20.24,in_person,2024-04-29 06:24:27,approved,False
TXN20240429004730,ACCT206249,MERCH300178,deposit,25.65,web,2024-04-29 02:31:13,approved,False
TXN20240429004731,ACCT202194,MERCH300259,purchase,24.5,atm,2024-04-29 22:34:49,approved,False
TXN20240429004732,ACCT202205,MERCH300141,purchase,16.95,mobile,2024-04-29 08:52:21,approved,False
TXN20240429004733,ACCT201596,MERCH300017,transfer,8.21,in_person,2024-04-29 02:21:25,approved,False
TXN20240429004734,ACCT204383,MERCH300126,purchase,30.28,mobile,2024-04-29 03:52:39,approved,False
TXN20240429004735,ACCT203416,MERCH300042,purchase,32.07,atm,2024-04-29 10:51:33,approved,False
TXN20240429004736,ACCT201715,MERCH300223,transfer,61.91,in_person,2024-04-29 10:23:17,approved,False
TXN20240429004737,ACCT201943,MERCH300133,deposit,18.47,web,2024-04-29 07:30:54,approved,False
TXN20240429004738,ACCT206228,MERCH300138,transfer,78.91,in_person,2024-04-29 06:11:11,approved,False
TXN20240429004739,ACCT200005,MERCH300039,deposit,40.3,web,2024-04-29 15:08:49,approved,False
TXN20240429004740,ACCT206399,MERCH300199,purchase,65.06,mobile,2024-04-29 09:42:11,approved,False
TXN20240429004741,ACCT200407,MERCH300257,purchase,115.74,mobile,2024-04-29 18:42:05,approved,False
TXN20240429004742,ACCT205734,MERCH300176,purchase,109.11,mobile,2024-04-29 15:01:51,approved,False
TXN20240429004743,ACCT204354,MERCH300073,transfer,9.4,web,2024-04-29 11:10:28,approved,False
TXN20240429004744,ACCT200716,MERCH300031,purchase,65.95,mobile,2024-04-29 15:17:10,approved,False
TXN20240429004745,ACCT204892,MERCH300248,purchase,181.92,web,2024-04-29 03:59:52,approved,True
TXN20240429004746,ACCT200378,MERCH300051,purchase,20.55,mobile,2024-04-29 21:47:14,approved,False
TXN20240429004747,ACCT200464,MERCH300226,transfer,134.23,in_person,2024-04-29 02:12:21,approved,True
TXN20240429004748,ACCT202236,MERCH300024,purchase,127.84,in_person,2024-04-29 07:58:43,approved,False
TXN20240429004749,ACCT205780,MERCH300174,purchase,66.04,in_person,2024-04-29 00:47:31,approved,True
TXN20240429004750,ACCT202070,MERCH300092,transfer,10.01,in_person,2024-04-29 16:48:30,approved,False
TXN20240429004751,ACCT200733,MERCH300016,purchase,13.89,web,2024-04-29 09:23:43,approved,False
TXN20240429004752,ACCT204215,MERCH300042,purchase,28.65,atm,2024-04-29 23:05:23,approved,False
TXN20240429004753,ACCT201926,MERCH300077,transfer,282.49,mobile,2024-04-29 23:00:15,approved,False
TXN20240429004754,ACCT200800,MERCH300224,deposit,42.62,web,2024-04-29 20:57:01,approved,False
TXN20240429004755,ACCT203511,MERCH300050,purchase,14.77,mobile,2024-04-29 14:27:23,approved,False
TXN20240429004756,ACCT204644,MERCH300193,purchase,97.3,mobile,2024-04-29 07:58:28,approved,False
TXN20240429004757,ACCT204438,MERCH300189,purchase,13.73,web,2024-04-29 07:26:40,approved,False
TXN20240429004758,ACCT201123,MERCH300153,purchase,28.41,in_person,2024-04-29 21:34:26,approved,False
TXN20240429004759,ACCT203021,MERCH300208,deposit,216.48,atm,2024-04-29 09:58:27,declined,False
TXN20240429004760,ACCT203482,MERCH300021,purchase,22.34,web,2024-04-29 08:02:34,approved,True
TXN20240429004761,ACCT203830,MERCH300018,purchase,71.15,in_person,2024-04-29 23:18:39,approved,False
TXN20240429004762,ACCT201972,MERCH300236,transfer,369.25,in_person,2024-04-29 05:59:51,approved,False
TXN20240429004763,ACCT200785,MERCH300063,purchase,17.14,mobile,2024-04-29 16:26:10,approved,False
TXN20240429004764,ACCT204847,MERCH300223,transfer,72.91,in_person,2024-04-29 18:11:52,approved,False
TXN20240429004765,ACCT205495,MERCH300246,purchase,9.22,mobile,2024-04-29 14:25:44,approved,False
TXN20240429004766,ACCT201704,MERCH300066,purchase,71.09,atm,2024-04-29 06:53:28,approved,False
TXN20240429004767,ACCT202351,MERCH300034,purchase,42.91,web,2024-04-29 09:31:23,approved,False
TXN20240429004768,ACCT203072,MERCH300080,purchase,9.29,mobile,2024-04-29 18:22:52,approved,False
TXN20240429004769,ACCT202188,MERCH300060,purchase,27.64,atm,2024-04-29 03:46:24,approved,False
TXN20240429004770,ACCT201539,MERCH300044,deposit,56.75,in_person,2024-04-29 01:23:56,approved,False
TXN20240429004771,ACCT205960,MERCH300133,purchase,65.92,in_person,2024-04-29 17:12:53,approved,False
TXN20240429004772,ACCT205220,MERCH300116,deposit,33.33,in_person,2024-04-29 20:31:48,approved,False
TXN20240429004773,ACCT205857,MERCH300203,purchase,16.86,web,2024-04-29 13:52:17,approved,False
TXN20240429004774,ACCT203124,MERCH300188,deposit,16.59,web,2024-04-29 08:18:28,reversed,False
TXN20240429004775,ACCT204380,MERCH300252,purchase,50.68,in_person,2024-04-29 10:55:50,approved,False
TXN20240429004776,ACCT200538,MERCH300258,transfer,14.07,web,2024-04-29 20:58:53,approved,False
TXN20240429004777,ACCT203447,MERCH300184,purchase,22.7,web,2024-04-29 02:50:43,approved,False
TXN20240429004778,ACCT201303,MERCH300085,purchase,21.83,mobile,2024-04-29 18:56:26,approved,False
TXN20240429004779,ACCT202268,MERCH300186,purchase,14.3,mobile,2024-04-29 10:16:47,declined,False
TXN20240429004780,ACCT202936,MERCH300083,transfer,67.03,atm,2024-04-29 20:58:58,approved,False
TXN20240429004781,ACCT202084,MERCH300167,purchase,29.14,mobile,2024-04-29 13:43:13,declined,False
TXN20240429004782,ACCT203066,MERCH300002,purchase,64.76,web,2024-04-29 23:21:31,approved,False
TXN20240429004783,ACCT205352,MERCH300199,purchase,11.77,mobile,2024-04-29 22:29:08,approved,False
TXN20240429004784,ACCT201914,MERCH300006,withdrawal,39.08,web,2024-04-29 07:55:19,approved,False
TXN20240429004785,ACCT201485,MERCH300299,purchase,178.2,in_person,2024-04-29 23:13:20,approved,False
TXN20240429004786,ACCT202999,MERCH300239,purchase,103.32,web,2024-04-29 04:12:07,approved,False
TXN20240429004787,ACCT200320,MERCH300163,purchase,27.63,in_person,2024-04-29 20:39:04,approved,False
TXN20240429004788,ACCT201294,MERCH300263,purchase,218.1,web,2024-04-29 06:00:38,approved,False
TXN20240429004789,ACCT201956,MERCH300025,purchase,26.54,in_person,2024-04-29 11:36:01,declined,False
TXN20240429004790,ACCT200371,MERCH300260,withdrawal,12.34,web,2024-04-29 10:52:57,approved,False
TXN20240429004791,ACCT201077,MERCH300298,withdrawal,22.04,in_person,2024-04-29 18:54:20,approved,False
TXN20240429004792,ACCT203259,MERCH300218,purchase,4.07,mobile,2024-04-29 13:43:29,approved,False
TXN20240429004793,ACCT205051,MERCH300028,purchase,14.72,mobile,2024-04-29 10:51:52,approved,False
TXN20240429004794,ACCT203868,MERCH300071,purchase,61.26,mobile,2024-04-29 22:52:48,approved,False
TXN20240429004795,ACCT204932,MERCH300213,purchase,62.87,mobile,2024-04-29 03:07:23,approved,False
TXN20240429004796,ACCT204756,MERCH300036,transfer,5.96,mobile,2024-04-29 06:29:59,approved,False
TXN20240429004797,ACCT205699,MERCH300112,purchase,6.11,mobile,2024-04-29 14:40:42,approved,False
TXN20240429004798,ACCT201888,MERCH300223,deposit,19.33,web,2024-04-29 21:53:42,approved,False
TXN20240429004799,ACCT204387,MERCH300271,transfer,50.96,in_person,2024-04-29 01:59:03,approved,False
TXN20240429004800,ACCT206375,MERCH300068,purchase,72.5,web,2024-04-29 05:31:33,approved,False
TXN20240429004801,ACCT204708,MERCH300112,purchase,21.64,web,2024-04-29 20:45:34,approved,False
TXN20240429004802,ACCT201800,MERCH300286,withdrawal,14.15,atm,2024-04-29 19:10:59,approved,False
TXN20240429004803,ACCT205739,MERCH300129,purchase,18.8,web,2024-04-29 01:15:16,approved,False
TXN20240429004804,ACCT205557,MERCH300213,purchase,17.12,atm,2024-04-29 18:52:44,approved,False
TXN20240429004805,ACCT200759,MERCH300123,purchase,19.43,in_person,2024-04-29 10:17:53,approved,False
TXN20240429004806,ACCT203845,MERCH300126,purchase,175.78,atm,2024-04-29 14:15:19,approved,False
TXN20240429004807,ACCT200461,MERCH300287,purchase,343.91,in_person,2024-04-29 06:38:07,approved,False
TXN20240429004808,ACCT200078,MERCH300145,transfer,30.01,in_person,2024-04-29 19:25:31,approved,False
TXN20240429004809,ACCT200814,MERCH300264,purchase,28.05,in_person,2024-04-29 13:23:38,declined,False
TXN20240429004810,ACCT203368,MERCH300060,purchase,88.96,atm,2024-04-29 21:01:30,approved,False
TXN20240429004811,ACCT200912,MERCH300162,purchase,77.14,in_person,2024-04-29 23:22:09,approved,False
TXN20240429004812,ACCT205457,MERCH300073,purchase,24.31,in_person,2024-04-29 19:53:24,approved,False
TXN20240429004813,ACCT200520,MERCH300048,purchase,159.66,in_person,2024-04-29 07:52:18,approved,False
TXN20240429004814,ACCT204118,MERCH300221,purchase,65.98,in_person,2024-04-29 01:30:43,approved,False
TXN20240429004815,ACCT201919,MERCH300037,purchase,42.86,mobile,2024-04-29 10:51:13,approved,False
TXN20240429004816,ACCT200528,MERCH300237,transfer,42.98,mobile,2024-04-29 19:47:58,approved,False
TXN20240429004817,ACCT202109,MERCH300169,deposit,77.98,web,2024-04-29 07:32:15,approved,False
TXN20240429004818,ACCT203131,MERCH300150,purchase,168.93,web,2024-04-29 19:21:41,approved,False
TXN20240429004819,ACCT205295,MERCH300061,purchase,78.84,in_person,2024-04-29 12:21:20,approved,False
TXN20240429004820,ACCT202426,MERCH300022,withdrawal,9.11,mobile,2024-04-29 12:51:21,approved,False
TXN20240429004821,ACCT202027,MERCH300102,purchase,26.49,mobile,2024-04-29 11:35:27,approved,False
TXN20240429004822,ACCT201830,MERCH300181,transfer,88.73,web,2024-04-29 00:31:27,approved,False
TXN20240429004823,ACCT201109,MERCH300025,purchase,37.6,web,2024-04-29 04:42:25,approved,False
TXN20240429004824,ACCT205659,MERCH300107,purchase,46.11,web,2024-04-29 14:23:13,approved,False
TXN20240429004825,ACCT200276,MERCH300220,purchase,148.38,atm,2024-04-29 11:41:51,approved,False
TXN20240429004826,ACCT204685,MERCH300186,purchase,258.77,in_person,2024-04-29 15:18:16,approved,False
TXN20240429004827,ACCT202917,MERCH300205,transfer,24.98,web,2024-04-29 14:03:42,approved,False
TXN20240429004828,ACCT206070,MERCH300258,deposit,11.45,web,2024-04-29 08:55:21,approved,False
TXN20240429004829,ACCT205276,MERCH300264,withdrawal,35.5,web,2024-04-29 00:05:43,approved,False
TXN20240429004830,ACCT205410,MERCH300122,purchase,19.39,atm,2024-04-29 19:48:51,approved,False
TXN20240429004831,ACCT206395,MERCH300042,purchase,7.22,web,2024-04-29 01:02:35,approved,False
TXN20240429004832,ACCT200908,MERCH300059,purchase,27.82,mobile,2024-04-29 00:13:05,approved,False
TXN20240429004833,ACCT202226,MERCH300061,purchase,17.55,in_person,2024-04-29 00:49:04,approved,False
TXN20240429004834,ACCT200850,MERCH300039,transfer,19.25,web,2024-04-29 01:28:58,approved,False
TXN20240429004835,ACCT205422,MERCH300126,transfer,23.39,web,2024-04-29 07:23:26,declined,False
TXN20240429004836,ACCT205174,MERCH300234,deposit,98.43,web,2024-04-29 08:49:16,approved,False
TXN20240429004837,ACCT205418,MERCH300062,purchase,41.53,web,2024-04-29 00:09:30,approved,True
TXN20240429004838,ACCT200957,MERCH300189,transfer,24.28,web,2024-04-29 03:14:14,approved,False
TXN20240429004839,ACCT202764,MERCH300252,purchase,16.86,in_person,2024-04-29 09:26:14,approved,False
TXN20240429004840,ACCT202364,MERCH300233,purchase,31.46,web,2024-04-29 02:08:55,approved,False
TXN20240429004841,ACCT200936,MERCH300104,withdrawal,45.69,web,2024-04-29 22:21:06,approved,False
TXN20240429004842,ACCT205743,MERCH300084,purchase,20.7,mobile,2024-04-29 05:28:27,approved,False
TXN20240429004843,ACCT201262,MERCH300234,purchase,76.19,in_person,2024-04-29 10:11:31,approved,False
TXN20240429004844,ACCT201546,MERCH300046,purchase,18.93,web,2024-04-29 14:17:52,approved,False
TXN20240429004845,ACCT206074,MERCH300254,purchase,304.91,web,2024-04-29 07:38:11,approved,False
TXN20240429004846,ACCT203634,MERCH300100,transfer,18.98,in_person,2024-04-29 18:46:50,approved,False
TXN20240429004847,ACCT203007,MERCH300130,withdrawal,21.06,web,2024-04-29 10:16:08,approved,False
TXN20240429004848,ACCT205882,MERCH300016,purchase,22.91,in_person,2024-04-29 01:41:01,approved,False
TXN20240429004849,ACCT205095,MERCH300265,transfer,130.75,in_person,2024-04-29 13:11:33,approved,False
TXN20240429004850,ACCT201279,MERCH300023,purchase,29.89,mobile,2024-04-29 11:58:11,approved,False
TXN20240429004851,ACCT205558,MERCH300257,purchase,57.36,in_person,2024-04-29 15:02:08,declined,False
TXN20240429004852,ACCT204555,MERCH300133,purchase,24.28,mobile,2024-04-29 00:30:02,approved,False
TXN20240429004853,ACCT204902,MERCH300013,purchase,11.55,mobile,2024-04-29 06:16:15,approved,False
TXN20240429004854,ACCT204333,MERCH300105,purchase,47.19,in_person,2024-04-29 09:25:48,approved,False
TXN20240429004855,ACCT203362,MERCH300101,purchase,135.65,in_person,2024-04-29 11:59:19,approved,False
TXN20240429004856,ACCT203479,MERCH300262,transfer,29.4,atm,2024-04-29 12:58:13,approved,False
TXN20240429004857,ACCT201646,MERCH300132,purchase,20.29,web,2024-04-29 23:59:01,approved,False
TXN20240429004858,ACCT203011,MERCH300019,purchase,38.08,web,2024-04-29 02:55:46,approved,False
TXN20240429004859,ACCT203959,MERCH300132,purchase,37.73,in_person,2024-04-29 07:37:34,approved,False
TXN20240429004860,ACCT204701,MERCH300036,deposit,13.76,in_person,2024-04-29 20:17:08,approved,False
TXN20240429004861,ACCT201697,MERCH300270,purchase,11.26,web,2024-04-29 05:03:21,approved,False
TXN20240429004862,ACCT205116,MERCH300132,purchase,36.02,mobile,2024-04-29 17:58:07,approved,False
TXN20240429004863,ACCT202526,MERCH300171,purchase,44.6,mobile,2024-04-29 02:03:50,approved,False
TXN20240429004864,ACCT201508,MERCH300133,transfer,103.64,web,2024-04-29 22:20:45,approved,False
TXN20240429004865,ACCT201138,MERCH300244,purchase,96.93,in_person,2024-04-29 14:05:25,approved,False
TXN20240429004866,ACCT201873,MERCH300004,transfer,27.92,atm,2024-04-29 14:41:23,approved,False
TXN20240429004867,ACCT202714,MERCH300158,transfer,51.52,in_person,2024-04-29 09:13:45,approved,False
TXN20240429004868,ACCT203613,MERCH300169,purchase,24.86,in_person,2024-04-29 17:51:05,approved,False
TXN20240429004869,ACCT201004,MERCH300002,purchase,13.12,mobile,2024-04-29 10:09:46,approved,False
TXN20240429004870,ACCT206416,MERCH300052,purchase,114.9,web,2024-04-29 06:14:55,approved,False
TXN20240429004871,ACCT203738,MERCH300209,purchase,37.95,in_person,2024-04-29 02:46:53,approved,False
TXN20240429004872,ACCT206124,MERCH300216,transfer,81.13,mobile,2024-04-29 23:50:36,approved,False
TXN20240429004873,ACCT202194,MERCH300183,withdrawal,9.44,in_person,2024-04-29 16:37:47,approved,False
TXN20240429004874,ACCT206406,MERCH300131,withdrawal,117.73,mobile,2024-04-29 16:58:10,approved,False
TXN20240429004875,ACCT202379,MERCH300073,transfer,82.51,mobile,2024-04-29 04:30:30,approved,False
TXN20240429004876,ACCT202131,MERCH300167,purchase,29.85,web,2024-04-29 08:18:00,approved,False
TXN20240429004877,ACCT202310,MERCH300161,withdrawal,26.57,mobile,2024-04-29 07:23:52,declined,False
TXN20240429004878,ACCT202361,MERCH300161,transfer,28.94,mobile,2024-04-29 18:12:48,approved,True
TXN20240429004879,ACCT203721,MERCH300139,purchase,49.86,in_person,2024-04-29 05:03:55,approved,False
TXN20240429004880,ACCT202902,MERCH300160,purchase,58.9,mobile,2024-04-29 20:17:52,approved,False
TXN20240429004881,ACCT205934,MERCH300163,purchase,40.82,web,2024-04-29 14:14:06,approved,False
TXN20240429004882,ACCT204427,MERCH300073,purchase,130.7,mobile,2024-04-29 19:45:46,approved,False
TXN20240429004883,ACCT202867,MERCH300236,purchase,16.55,web,2024-04-29 23:43:04,approved,False
TXN20240429004884,ACCT205966,MERCH300063,purchase,17.39,atm,2024-04-29 18:21:20,reversed,False
TXN20240429004885,ACCT206479,MERCH300054,transfer,35.19,web,2024-04-29 23:38:28,approved,False
TXN20240429004886,ACCT201807,MERCH300003,transfer,47.07,atm,2024-04-29 04:05:42,approved,False
TXN20240429004887,ACCT201402,MERCH300250,purchase,45.6,in_person,2024-04-29 15:18:58,approved,False
TXN20240429004888,ACCT200423,MERCH300241,purchase,60.17,mobile,2024-04-29 04:51:15,approved,False
TXN20240429004889,ACCT204583,MERCH300264,purchase,27.92,mobile,2024-04-29 15:00:52,approved,False
TXN20240429004890,ACCT200133,MERCH300270,purchase,24.23,in_person,2024-04-29 22:48:34,approved,False
TXN20240429004891,ACCT205501,MERCH300283,purchase,152.75,mobile,2024-04-29 01:15:01,approved,False
TXN20240429004892,ACCT201220,MERCH300074,purchase,11.93,mobile,2024-04-29 20:22:10,approved,False
TXN20240429004893,ACCT203472,MERCH300074,purchase,116.87,mobile,2024-04-29 14:36:38,approved,False
TXN20240429004894,ACCT204057,MERCH300063,purchase,17.23,web,2024-04-29 10:40:36,reversed,False
TXN20240429004895,ACCT205490,MERCH300041,purchase,72.41,in_person,2024-04-29 20:31:30,approved,False
TXN20240429004896,ACCT203840,MERCH300063,withdrawal,77.15,atm,2024-04-29 02:19:58,approved,False
TXN20240429004897,ACCT201445,MERCH300065,withdrawal,58.97,web,2024-04-29 02:00:49,approved,False
TXN20240429004898,ACCT204159,MERCH300029,purchase,7.01,web,2024-04-29 03:31:35,declined,False
TXN20240429004899,ACCT203068,MERCH300156,purchase,152.85,in_person,2024-04-29 17:55:38,approved,False
TXN20240429004900,ACCT203551,MERCH300293,purchase,14.9,in_person,2024-04-29 23:42:21,approved,False
TXN20240429004901,ACCT204948,MERCH300033,purchase,99.16,web,2024-04-29 22:11:32,approved,False
TXN20240429004902,ACCT204792,MERCH300240,purchase,50.15,mobile,2024-04-29 14:47:59,approved,False
TXN20240429004903,ACCT201249,MERCH300215,transfer,73.36,web,2024-04-29 16:34:49,approved,False
TXN20240429004904,ACCT205511,MERCH300297,purchase,8.86,mobile,2024-04-29 09:59:57,approved,False
TXN20240429004905,ACCT201542,MERCH300082,purchase,27.3,mobile,2024-04-29 13:05:26,approved,False
TXN20240429004906,ACCT200552,MERCH300016,purchase,158.45,atm,2024-04-29 18:04:13,approved,False
TXN20240429004907,ACCT203487,MERCH300181,transfer,20.91,in_person,2024-04-29 09:37:49,approved,False
TXN20240429004908,ACCT202267,MERCH300048,transfer,27.58,web,2024-04-29 05:48:32,approved,False
TXN20240429004909,ACCT203919,MERCH300076,transfer,18.42,in_person,2024-04-29 03:44:38,approved,False
TXN20240429004910,ACCT204766,MERCH300090,deposit,51.91,web,2024-04-29 08:03:13,approved,False
TXN20240429004911,ACCT203020,MERCH300072,purchase,17.55,mobile,2024-04-29 21:35:57,approved,False
TXN20240429004912,ACCT202677,MERCH300274,transfer,86.62,in_person,2024-04-29 13:03:14,approved,False
TXN20240429004913,ACCT202310,MERCH300025,purchase,40.19,mobile,2024-04-29 20:33:26,approved,False
TXN20240429004914,ACCT205220,MERCH300173,purchase,128.39,in_person,2024-04-29 02:51:33,approved,False
TXN20240429004915,ACCT204148,MERCH300048,purchase,74.38,web,2024-04-29 01:31:46,approved,False
TXN20240429004916,ACCT204693,MERCH300095,transfer,28.61,in_person,2024-04-29 04:30:24,declined,True
TXN20240429004917,ACCT201437,MERCH300027,purchase,107.42,web,2024-04-29 08:37:01,approved,False
TXN20240429004918,ACCT200282,MERCH300013,withdrawal,18.87,mobile,2024-04-29 03:34:38,approved,False
TXN20240429004919,ACCT203594,MERCH300269,deposit,9.83,in_person,2024-04-29 17:38:45,approved,False
TXN20240429004920,ACCT205697,MERCH300155,purchase,22.74,mobile,2024-04-29 18:18:19,declined,False
TXN20240429004921,ACCT200430,MERCH300157,purchase,14.15,in_person,2024-04-29 18:58:31,approved,False
TXN20240429004922,ACCT200285,MERCH300284,purchase,34.28,web,2024-04-29 07:56:13,approved,False
TXN20240429004923,ACCT206045,MERCH300277,purchase,37.98,web,2024-04-29 02:12:23,declined,False
TXN20240429004924,ACCT205421,MERCH300297,withdrawal,58.02,web,2024-04-29 13:35:47,approved,False
TXN20240429004925,ACCT203426,MERCH300008,deposit,104.85,in_person,2024-04-29 06:18:53,approved,False
TXN20240429004926,ACCT204872,MERCH300027,deposit,70.85,mobile,2024-04-29 14:22:53,approved,False
TXN20240429004927,ACCT206257,MERCH300246,transfer,56.77,in_person,2024-04-29 09:27:43,approved,False
TXN20240429004928,ACCT200267,MERCH300215,purchase,16.16,mobile,2024-04-29 19:41:19,approved,False
TXN20240429004929,ACCT201334,MERCH300024,purchase,11.04,mobile,2024-04-29 13:20:54,approved,False
TXN20240429004930,ACCT204014,MERCH300290,purchase,68.13,in_person,2024-04-29 04:05:07,approved,False
TXN20240429004931,ACCT202098,MERCH300103,purchase,10.58,mobile,2024-04-29 10:31:05,approved,False
TXN20240429004932,ACCT204625,MERCH300251,purchase,87.85,atm,2024-04-29 15:47:37,approved,False
TXN20240429004933,ACCT203830,MERCH300064,transfer,36.4,in_person,2024-04-29 05:52:52,approved,False
TXN20240429004934,ACCT203575,MERCH300080,purchase,24.36,in_person,2024-04-29 01:02:17,approved,False
TXN20240429004935,ACCT204211,MERCH300295,purchase,13.73,web,2024-04-29 06:25:47,approved,False
TXN20240429004936,ACCT200343,MERCH300184,purchase,17.76,web,2024-04-29 14:34:22,approved,False
TXN20240429004937,ACCT201813,MERCH300178,purchase,23.46,in_person,2024-04-29 16:17:27,approved,False
TXN20240429004938,ACCT202600,MERCH300248,purchase,15.48,in_person,2024-04-29 12:21:20,approved,False
TXN20240429004939,ACCT203416,MERCH300059,transfer,68.1,in_person,2024-04-29 04:09:47,approved,False
TXN20240429004940,ACCT202876,MERCH300156,deposit,34.77,in_person,2024-04-29 20:37:42,approved,False
TXN20240429004941,ACCT202579,MERCH300096,deposit,29.7,in_person,2024-04-29 23:12:25,approved,False
TXN20240429004942,ACCT206340,MERCH300262,purchase,23.89,web,2024-04-29 03:26:01,declined,False
TXN20240429004943,ACCT203558,MERCH300083,purchase,82.55,mobile,2024-04-29 21:16:18,approved,False
TXN20240429004944,ACCT200681,MERCH300208,purchase,5.74,in_person,2024-04-29 04:41:26,approved,False
TXN20240429004945,ACCT202407,MERCH300157,purchase,12.19,mobile,2024-04-29 02:57:37,approved,False
TXN20240429004946,ACCT200948,MERCH300097,purchase,23.59,mobile,2024-04-29 09:56:17,reversed,False
TXN20240429004947,ACCT205744,MERCH300062,purchase,159.0,in_person,2024-04-29 16:18:56,approved,False
TXN20240429004948,ACCT204227,MERCH300020,purchase,36.89,mobile,2024-04-29 14:19:47,approved,False
TXN20240429004949,ACCT202243,MERCH300156,purchase,26.15,mobile,2024-04-29 20:23:39,approved,False
TXN20240429004950,ACCT205312,MERCH300244,purchase,87.48,mobile,2024-04-29 08:19:04,approved,False
TXN20240429004951,ACCT204661,MERCH300184,transfer,11.65,web,2024-04-29 04:26:51,approved,False
TXN20240429004952,ACCT203868,MERCH300207,withdrawal,84.96,in_person,2024-04-29 19:02:24,approved,False
TXN20240429004953,ACCT200130,MERCH300044,purchase,15.7,atm,2024-04-29 15:19:56,approved,False
TXN20240429004954,ACCT204341,MERCH300242,deposit,7.58,web,2024-04-29 19:51:38,approved,False
TXN20240429004955,ACCT203201,MERCH300293,purchase,25.69,mobile,2024-04-29 15:42:00,declined,False
TXN20240429004956,ACCT200409,MERCH300102,purchase,12.0,in_person,2024-04-29 20:11:29,approved,False
TXN20240429004957,ACCT202913,MERCH300020,purchase,24.97,mobile,2024-04-29 16:25:52,approved,False
TXN20240429004958,ACCT201046,MERCH300146,purchase,18.03,web,2024-04-29 16:31:07,approved,True
TXN20240429004959,ACCT201440,MERCH300224,purchase,26.11,web,2024-04-29 00:54:44,approved,False
TXN20240429004960,ACCT200270,MERCH300109,transfer,72.46,web,2024-04-29 08:02:51,approved,False
TXN20240429004961,ACCT201977,MERCH300159,purchase,177.57,atm,2024-04-29 08:28:42,approved,False
TXN20240429004962,ACCT204117,MERCH300039,purchase,25.16,web,2024-04-29 17:14:59,approved,False
TXN20240429004963,ACCT203578,MERCH300213,withdrawal,23.43,in_person,2024-04-29 12:06:33,approved,False
TXN20240429004964,ACCT206358,MERCH300191,transfer,34.24,web,2024-04-29 17:34:36,approved,False
TXN20240429004965,ACCT201553,MERCH300208,purchase,13.84,in_person,2024-04-29 04:18:52,approved,False
TXN20240429004966,ACCT201693,MERCH300033,withdrawal,117.42,mobile,2024-04-29 10:35:25,approved,False
TXN20240429004967,ACCT205038,MERCH300253,deposit,26.51,atm,2024-04-29 23:52:36,approved,False
TXN20240429004968,ACCT203991,MERCH300142,purchase,118.08,mobile,2024-04-29 04:05:01,approved,False
TXN20240429004969,ACCT201343,MERCH300020,purchase,11.27,in_person,2024-04-29 05:43:43,approved,False
TXN20240429004970,ACCT201399,MERCH300004,purchase,22.44,mobile,2024-04-29 06:20:55,approved,False
TXN20240429004971,ACCT200941,MERCH300208,withdrawal,15.45,web,2024-04-29 14:51:01,approved,False
TXN20240429004972,ACCT200130,MERCH300117,purchase,5.27,in_person,2024-04-29 09:07:10,approved,False
TXN20240429004973,ACCT200484,MERCH300006,withdrawal,26.07,mobile,2024-04-29 17:20:36,approved,False
TXN20240429004974,ACCT205600,MERCH300057,purchase,8.85,atm,2024-04-29 13:25:34,approved,False
TXN20240429004975,ACCT200366,MERCH300163,purchase,31.53,mobile,2024-04-29 12:38:18,approved,False
TXN20240429004976,ACCT205866,MERCH300011,purchase,6.53,in_person,2024-04-29 16:23:57,approved,False
TXN20240429004977,ACCT204751,MERCH300173,withdrawal,61.67,web,2024-04-29 00:38:37,approved,False
TXN20240429004978,ACCT204884,MERCH300270,purchase,18.02,mobile,2024-04-29 11:20:52,approved,False
TXN20240429004979,ACCT205590,MERCH300129,purchase,25.17,atm,2024-04-29 04:34:57,approved,False
TXN20240429004980,ACCT201669,MERCH300067,deposit,23.33,atm,2024-04-29 00:01:18,approved,False
TXN20240429004981,ACCT201500,MERCH300177,purchase,63.01,mobile,2024-04-29 19:09:46,approved,False
TXN20240429004982,ACCT205257,MERCH300037,purchase,40.65,web,2024-04-29 23:03:14,approved,False
TXN20240429004983,ACCT201521,MERCH300231,purchase,28.36,in_person,2024-04-29 06:29:49,approved,False
TXN20240429004984,ACCT204837,MERCH300231,deposit,13.48,web,2024-04-29 16:35:09,approved,False
TXN20240429004985,ACCT205646,MERCH300179,purchase,56.55,in_person,2024-04-29 23:59:47,approved,False
TXN20240429004986,ACCT201960,MERCH300007,purchase,47.49,web,2024-04-29 23:00:06,approved,False
TXN20240429004987,ACCT206247,MERCH300063,deposit,38.18,mobile,2024-04-29 21:16:55,approved,False
TXN20240429004988,ACCT205489,MERCH300213,withdrawal,47.92,in_person,2024-04-29 04:45:13,approved,False
TXN20240429004989,ACCT200791,MERCH300041,transfer,105.22,in_person,2024-04-29 09:53:33,approved,False
TXN20240429004990,ACCT205236,MERCH300148,withdrawal,8.13,mobile,2024-04-29 15:09:36,approved,False
TXN20240429004991,ACCT203915,MERCH300287,withdrawal,12.37,in_person,2024-04-29 00:59:11,approved,False
TXN20240429004992,ACCT205571,MERCH300025,purchase,13.39,mobile,2024-04-29 23:40:21,declined,False
TXN20240429004993,ACCT204781,MERCH300054,purchase,8.87,mobile,2024-04-29 14:30:03,approved,False
TXN20240429004994,ACCT200452,MERCH300298,purchase,29.61,web,2024-04-29 16:41:16,approved,False
TXN20240429004995,ACCT204392,MERCH300007,purchase,18.56,mobile,2024-04-29 14:29:16,approved,False
TXN20240429004996,ACCT205340,MERCH300277,transfer,305.65,in_person,2024-04-29 12:37:53,approved,False
TXN20240429004997,ACCT203214,MERCH300147,deposit,38.12,mobile,2024-04-29 22:03:26,approved,False
TXN20240429004998,ACCT200307,MERCH300069,purchase,37.04,in_person,2024-04-29 20:43:05,approved,False
TXN20240429004999,ACCT204627,MERCH300125,purchase,119.78,in_person,2024-04-29 01:31:26,approved,False
TXN20240429005000,ACCT200885,MERCH300248,purchase,24.18,atm,2024-04-29 01:06:17,declined,False
TXN20240429005001,ACCT205747,MERCH300294,purchase,10.87,in_person,2024-04-29 00:45:55,approved,False
TXN20240429005002,ACCT202332,MERCH300053,purchase,11.05,mobile,2024-04-29 00:03:38,approved,False
TXN20240429005003,ACCT206425,MERCH300188,purchase,104.6,atm,2024-04-29 09:25:46,approved,False
TXN20240429005004,ACCT201887,MERCH300150,purchase,8.0,mobile,2024-04-29 23:02:55,approved,False
TXN20240429005005,ACCT201617,MERCH300230,purchase,13.53,atm,2024-04-29 12:02:31,approved,False
TXN20240429005006,ACCT205703,MERCH300082,withdrawal,133.47,web,2024-04-29 21:51:32,approved,False
TXN20240429005007,ACCT203142,MERCH300204,transfer,74.7,in_person,2024-04-29 03:56:22,reversed,False
TXN20240429005008,ACCT201449,MERCH300275,deposit,34.31,atm,2024-04-29 16:43:53,approved,False
TXN20240429005009,ACCT200576,MERCH300132,purchase,77.87,web,2024-04-29 12:17:53,approved,False
TXN20240429005010,ACCT200299,MERCH300030,purchase,177.15,atm,2024-04-29 13:24:14,approved,False
TXN20240429005011,ACCT203409,MERCH300216,deposit,13.53,atm,2024-04-29 22:42:06,approved,False
TXN20240429005012,ACCT201769,MERCH300224,transfer,53.57,web,2024-04-29 18:26:52,approved,False
TXN20240429005013,ACCT200693,MERCH300235,purchase,11.84,web,2024-04-29 17:18:33,approved,False
TXN20240429005014,ACCT204127,MERCH300147,withdrawal,47.18,web,2024-04-29 02:42:19,approved,False
TXN20240429005015,ACCT201703,MERCH300207,transfer,68.87,in_person,2024-04-29 11:44:31,approved,False
TXN20240429005016,ACCT202828,MERCH300128,purchase,14.32,mobile,2024-04-29 23:11:43,approved,False
TXN20240429005017,ACCT206009,MERCH300083,withdrawal,51.04,in_person,2024-04-29 15:57:50,approved,False
TXN20240429005018,ACCT203352,MERCH300043,transfer,21.96,mobile,2024-04-29 16:56:19,approved,False
TXN20240429005019,ACCT204168,MERCH300131,purchase,63.35,in_person,2024-04-29 09:50:22,approved,False
TXN20240429005020,ACCT203692,MERCH300177,withdrawal,139.49,in_person,2024-04-29 04:16:25,approved,False
TXN20240429005021,ACCT205954,MERCH300241,purchase,115.2,mobile,2024-04-29 23:50:12,approved,False
TXN20240429005022,ACCT205838,MERCH300146,withdrawal,6.83,atm,2024-04-29 01:57:05,approved,True
TXN20240429005023,ACCT203518,MERCH300029,purchase,64.64,in_person,2024-04-29 10:22:53,approved,False
TXN20240429005024,ACCT202645,MERCH300079,withdrawal,30.52,in_person,2024-04-29 10:54:50,approved,False
TXN20240429005025,ACCT203760,MERCH300047,purchase,14.14,mobile,2024-04-29 22:51:07,approved,False
TXN20240429005026,ACCT200962,MERCH300205,purchase,99.34,in_person,2024-04-29 11:53:24,declined,False
TXN20240429005027,ACCT205152,MERCH300130,purchase,64.74,web,2024-04-29 14:30:45,approved,False
TXN20240429005028,ACCT205267,MERCH300021,purchase,43.76,in_person,2024-04-29 08:15:53,approved,False
TXN20240429005029,ACCT204005,MERCH300134,purchase,26.31,mobile,2024-04-29 07:17:04,approved,False
TXN20240429005030,ACCT200437,MERCH300149,purchase,21.21,in_person,2024-04-29 21:01:03,approved,False
TXN20240429005031,ACCT202321,MERCH300201,deposit,306.93,web,2024-04-29 19:34:45,approved,False
TXN20240429005032,ACCT203027,MERCH300006,purchase,13.45,atm,2024-04-29 08:39:20,declined,False
TXN20240429005033,ACCT206334,MERCH300295,withdrawal,162.2,atm,2024-04-29 16:53:42,approved,False
TXN20240429005034,ACCT206005,MERCH300124,purchase,12.99,web,2024-04-29 17:40:03,approved,False
TXN20240429005035,ACCT202803,MERCH300175,purchase,25.83,web,2024-04-29 18:26:22,approved,False
TXN20240429005036,ACCT200229,MERCH300089,withdrawal,68.37,in_person,2024-04-29 00:32:48,approved,False
TXN20240429005037,ACCT202735,MERCH300253,purchase,24.04,in_person,2024-04-29 13:21:12,approved,False
TXN20240429005038,ACCT201890,MERCH300091,purchase,64.05,web,2024-04-29 23:07:17,approved,False
TXN20240429005039,ACCT200058,MERCH300073,purchase,115.06,web,2024-04-29 17:15:52,approved,False
TXN20240429005040,ACCT203809,MERCH300259,withdrawal,212.89,web,2024-04-29 05:00:55,approved,False
TXN20240429005041,ACCT200517,MERCH300180,purchase,13.81,mobile,2024-04-29 19:48:29,approved,False
TXN20240429005042,ACCT204488,MERCH300105,purchase,60.25,mobile,2024-04-29 01:25:48,approved,False
TXN20240429005043,ACCT204093,MERCH300276,purchase,35.2,in_person,2024-04-29 05:24:00,approved,False
TXN20240429005044,ACCT201235,MERCH300121,purchase,14.74,mobile,2024-04-29 05:12:51,approved,False
TXN20240429005045,ACCT202910,MERCH300013,transfer,37.76,web,2024-04-29 13:06:26,approved,False
TXN20240429005046,ACCT201698,MERCH300286,purchase,41.06,in_person,2024-04-29 18:34:33,approved,False
TXN20240429005047,ACCT205003,MERCH300175,purchase,31.45,web,2024-04-29 22:25:02,approved,False
TXN20240429005048,ACCT202263,MERCH300208,purchase,40.06,web,2024-04-29 05:34:29,approved,False
TXN20240429005049,ACCT204740,MERCH300122,transfer,63.41,mobile,2024-04-29 01:15:31,approved,False
TXN20240429005050,ACCT203126,MERCH300166,purchase,6.07,in_person,2024-04-29 08:11:03,approved,False
TXN20240429005051,ACCT200944,MERCH300154,purchase,30.24,in_person,2024-04-29 01:44:30,approved,False
TXN20240429005052,ACCT205480,MERCH300217,purchase,91.48,in_person,2024-04-29 10:11:59,approved,False
TXN20240429005053,ACCT203730,MERCH300093,transfer,10.6,atm,2024-04-29 23:45:52,approved,False
TXN20240429005054,ACCT206457,MERCH300150,purchase,92.48,mobile,2024-04-29 05:43:01,approved,False
TXN20240429005055,ACCT201559,MERCH300164,purchase,8.84,mobile,2024-04-29 20:45:22,declined,False
TXN20240429005056,ACCT202365,MERCH300048,purchase,13.78,web,2024-04-29 20:21:01,approved,False
TXN20240429005057,ACCT204335,MERCH300104,deposit,24.59,mobile,2024-04-29 12:07:45,approved,False
TXN20240429005058,ACCT202541,MERCH300183,withdrawal,7.96,in_person,2024-04-29 21:50:24,approved,False
TXN20240429005059,ACCT200275,MERCH300170,purchase,8.95,mobile,2024-04-29 18:49:49,approved,False
TXN20240429005060,ACCT200365,MERCH300151,purchase,24.71,mobile,2024-04-29 15:23:12,approved,False
TXN20240429005061,ACCT201385,MERCH300084,deposit,107.44,in_person,2024-04-29 12:42:00,approved,False
TXN20240429005062,ACCT201146,MERCH300204,transfer,65.84,in_person,2024-04-29 01:48:21,approved,False
TXN20240429005063,ACCT206112,MERCH300088,purchase,25.73,in_person,2024-04-29 18:41:05,approved,False
TXN20240429005064,ACCT202114,MERCH300204,withdrawal,110.63,mobile,2024-04-29 17:45:23,approved,False
TXN20240429005065,ACCT204127,MERCH300186,purchase,131.75,web,2024-04-29 13:01:25,declined,False
TXN20240429005066,ACCT203876,MERCH300107,purchase,35.55,web,2024-04-29 11:12:53,approved,False
TXN20240429005067,ACCT203890,MERCH300181,transfer,64.9,mobile,2024-04-29 15:30:20,approved,False
TXN20240429005068,ACCT200711,MERCH300239,purchase,83.86,mobile,2024-04-29 01:37:47,approved,False
TXN20240429005069,ACCT204717,MERCH300031,transfer,42.52,mobile,2024-04-29 01:04:33,approved,False
TXN20240429005070,ACCT203667,MERCH300094,withdrawal,132.32,mobile,2024-04-29 11:08:34,approved,False
TXN20240429005071,ACCT202157,MERCH300009,deposit,24.63,in_person,2024-04-29 20:57:14,approved,False
TXN20240429005072,ACCT201687,MERCH300097,deposit,28.27,web,2024-04-29 16:42:42,approved,False
TXN20240429005073,ACCT206143,MERCH300040,purchase,56.36,web,2024-04-29 06:15:31,declined,False
TXN20240429005074,ACCT206250,MERCH300047,purchase,49.04,web,2024-04-29 18:26:19,approved,False
TXN20240429005075,ACCT202278,MERCH300183,purchase,80.66,mobile,2024-04-29 23:58:01,approved,False
TXN20240429005076,ACCT202668,MERCH300141,purchase,52.58,mobile,2024-04-29 20:49:23,approved,False
TXN20240429005077,ACCT204319,MERCH300163,withdrawal,109.27,mobile,2024-04-29 03:20:12,approved,False
TXN20240429005078,ACCT201704,MERCH300215,transfer,114.57,mobile,2024-04-29 19:53:02,approved,False
TXN20240429005079,ACCT205008,MERCH300119,withdrawal,15.14,mobile,2024-04-29 21:34:51,approved,False
TXN20240429005080,ACCT200803,MERCH300170,purchase,18.58,in_person,2024-04-29 11:56:10,approved,False
TXN20240429005081,ACCT203970,MERCH300269,deposit,4.02,web,2024-04-29 14:03:14,declined,False
TXN20240429005082,ACCT205195,MERCH300158,withdrawal,49.03,web,2024-04-29 01:59:46,approved,False
TXN20240429005083,ACCT201648,MERCH300250,purchase,24.76,mobile,2024-04-29 05:52:30,approved,False
TXN20240429005084,ACCT200628,MERCH300178,withdrawal,50.85,in_person,2024-04-29 15:03:06,approved,False
TXN20240429005085,ACCT205764,MERCH300290,purchase,18.96,mobile,2024-04-29 05:11:46,approved,False
TXN20240429005086,ACCT200746,MERCH300125,purchase,18.85,atm,2024-04-29 15:31:39,declined,False
TXN20240429005087,ACCT205848,MERCH300210,transfer,46.33,web,2024-04-29 08:55:15,approved,False
TXN20240429005088,ACCT202584,MERCH300076,purchase,25.27,in_person,2024-04-29 14:44:02,approved,False
TXN20240429005089,ACCT200339,MERCH300011,deposit,51.46,mobile,2024-04-29 04:46:35,approved,False
TXN20240429005090,ACCT201694,MERCH300050,purchase,131.8,in_person,2024-04-29 22:21:46,approved,False
TXN20240429005091,ACCT202654,MERCH300066,purchase,72.49,web,2024-04-29 14:56:33,approved,False
TXN20240429005092,ACCT205879,MERCH300293,purchase,58.98,in_person,2024-04-29 13:58:49,approved,False
TXN20240429005093,ACCT205137,MERCH300192,purchase,60.38,web,2024-04-29 17:52:10,approved,False
TXN20240429005094,ACCT201863,MERCH300252,purchase,36.88,mobile,2024-04-29 03:34:31,approved,False
TXN20240429005095,ACCT205996,MERCH300271,transfer,55.07,web,2024-04-29 13:06:24,approved,False
TXN20240429005096,ACCT201173,MERCH300051,transfer,96.43,web,2024-04-29 22:44:30,approved,False
TXN20240429005097,ACCT205122,MERCH300144,transfer,147.49,in_person,2024-04-29 20:58:42,approved,False
TXN20240429005098,ACCT203315,MERCH300208,purchase,207.82,web,2024-04-29 13:28:10,approved,False
TXN20240429005099,ACCT202600,MERCH300142,purchase,12.38,in_person,2024-04-29 23:32:11,approved,False
TXN20240429005100,ACCT203671,MERCH300268,purchase,388.53,in_person,2024-04-29 01:31:36,approved,False
TXN20240429005101,ACCT205819,MERCH300035,purchase,126.28,web,2024-04-29 12:46:26,approved,False
TXN20240429005102,ACCT204589,MERCH300016,purchase,48.57,web,2024-04-29 04:10:45,approved,False
TXN20240429005103,ACCT204075,MERCH300218,purchase,56.48,web,2024-04-29 01:32:00,approved,False
TXN20240429005104,ACCT202044,MERCH300032,purchase,18.14,in_person,2024-04-29 04:15:37,declined,False
TXN20240429005105,ACCT200454,MERCH300249,purchase,55.34,in_person,2024-04-29 06:58:09,approved,False
TXN20240429005106,ACCT205409,MERCH300295,purchase,97.11,web,2024-04-29 15:15:52,approved,False
TXN20240429005107,ACCT201099,MERCH300159,withdrawal,8.08,web,2024-04-29 02:29:27,approved,False
TXN20240429005108,ACCT206308,MERCH300280,purchase,251.82,in_person,2024-04-29 15:36:45,approved,False
TXN20240429005109,ACCT205021,MERCH300204,transfer,51.72,atm,2024-04-29 07:46:19,approved,False
TXN20240429005110,ACCT205687,MERCH300198,withdrawal,70.5,in_person,2024-04-29 23:03:58,approved,False
TXN20240429005111,ACCT201749,MERCH300124,deposit,133.47,web,2024-04-29 19:57:52,approved,False
TXN20240429005112,ACCT205451,MERCH300050,purchase,16.09,web,2024-04-29 00:42:40,declined,False
TXN20240429005113,ACCT201549,MERCH300092,transfer,27.68,mobile,2024-04-29 07:37:03,approved,False
TXN20240429005114,ACCT201388,MERCH300291,purchase,13.08,atm,2024-04-29 23:56:52,approved,False
TXN20240429005115,ACCT201320,MERCH300010,transfer,30.12,web,2024-04-29 18:46:45,approved,False
TXN20240429005116,ACCT201335,MERCH300200,withdrawal,133.38,web,2024-04-29 08:57:09,approved,False
TXN20240429005117,ACCT205391,MERCH300066,purchase,39.0,in_person,2024-04-29 14:44:29,approved,False
TXN20240429005118,ACCT204204,MERCH300135,purchase,46.02,in_person,2024-04-29 12:36:46,approved,False
TXN20240429005119,ACCT201390,MERCH300126,withdrawal,226.27,in_person,2024-04-29 05:40:53,approved,False
TXN20240429005120,ACCT201679,MERCH300204,purchase,9.96,web,2024-04-29 18:42:52,approved,False
TXN20240429005121,ACCT200567,MERCH300152,transfer,117.11,mobile,2024-04-29 14:09:12,approved,False
TXN20240429005122,ACCT204151,MERCH300113,purchase,57.63,in_person,2024-04-29 21:16:35,reversed,False
TXN20240429005123,ACCT203405,MERCH300173,deposit,30.1,atm,2024-04-29 17:29:25,approved,False
TXN20240429005124,ACCT205223,MERCH300149,withdrawal,33.28,mobile,2024-04-29 03:04:49,approved,False
TXN20240429005125,ACCT201236,MERCH300057,purchase,103.45,mobile,2024-04-29 03:38:39,approved,False
TXN20240429005126,ACCT204175,MERCH300196,purchase,24.29,mobile,2024-04-29 00:00:28,approved,False
TXN20240429005127,ACCT203098,MERCH300146,purchase,63.34,web,2024-04-29 19:05:21,approved,False
TXN20240429005128,ACCT204702,MERCH300029,deposit,10.45,mobile,2024-04-29 17:11:22,approved,False
TXN20240429005129,ACCT201078,MERCH300003,purchase,14.65,atm,2024-04-29 01:46:04,approved,False
TXN20240429005130,ACCT200924,MERCH300028,purchase,19.92,web,2024-04-29 04:18:31,approved,False
TXN20240429005131,ACCT205547,MERCH300080,purchase,17.72,in_person,2024-04-29 21:22:11,approved,False
TXN20240429005132,ACCT205118,MERCH300252,purchase,15.13,atm,2024-04-29 13:04:59,approved,False
TXN20240429005133,ACCT201921,MERCH300207,deposit,84.66,mobile,2024-04-29 15:15:24,approved,False
TXN20240429005134,ACCT204584,MERCH300152,purchase,43.46,in_person,2024-04-29 00:21:03,approved,False
TXN20240429005135,ACCT203770,MERCH300252,purchase,10.24,in_person,2024-04-29 06:35:01,approved,False
TXN20240429005136,ACCT201189,MERCH300051,purchase,25.47,atm,2024-04-29 07:28:11,approved,False
TXN20240429005137,ACCT201323,MERCH300272,purchase,44.97,in_person,2024-04-29 18:51:48,approved,False
TXN20240429005138,ACCT201092,MERCH300089,purchase,109.63,atm,2024-04-29 00:11:32,approved,False
TXN20240429005139,ACCT203435,MERCH300037,purchase,56.93,in_person,2024-04-29 15:49:19,approved,False
TXN20240429005140,ACCT204214,MERCH300001,purchase,73.74,in_person,2024-04-29 05:57:03,approved,False
TXN20240429005141,ACCT200840,MERCH300171,purchase,25.43,web,2024-04-29 20:54:44,approved,False
TXN20240429005142,ACCT205825,MERCH300220,purchase,26.04,in_person,2024-04-29 10:13:20,approved,False
TXN20240429005143,ACCT201335,MERCH300219,purchase,172.8,mobile,2024-04-29 11:09:32,approved,False
TXN20240429005144,ACCT203656,MERCH300284,withdrawal,37.02,atm,2024-04-29 10:15:54,approved,False
TXN20240429005145,ACCT202424,MERCH300197,transfer,10.09,mobile,2024-04-29 15:07:06,approved,False
TXN20240429005146,ACCT205247,MERCH300130,purchase,33.71,in_person,2024-04-29 16:06:00,approved,False
TXN20240429005147,ACCT205850,MERCH300032,purchase,92.61,web,2024-04-29 22:58:15,approved,False
TXN20240429005148,ACCT205980,MERCH300000,deposit,93.36,mobile,2024-04-29 09:29:06,reversed,False
TXN20240429005149,ACCT202512,MERCH300238,transfer,110.48,in_person,2024-04-29 00:28:08,approved,False
TXN20240429005150,ACCT206452,MERCH300170,withdrawal,56.74,mobile,2024-04-29 08:45:34,approved,False
TXN20240429005151,ACCT205070,MERCH300294,purchase,35.72,mobile,2024-04-29 00:55:07,approved,False
TXN20240429005152,ACCT201275,MERCH300182,purchase,37.64,atm,2024-04-29 17:15:43,approved,False
TXN20240429005153,ACCT204908,MERCH300011,purchase,51.81,web,2024-04-29 17:17:22,approved,False
TXN20240429005154,ACCT200327,MERCH300113,transfer,15.31,atm,2024-04-29 23:13:28,approved,False
TXN20240429005155,ACCT200856,MERCH300071,transfer,41.79,web,2024-04-29 03:14:41,approved,False
TXN20240429005156,ACCT201265,MERCH300014,purchase,31.27,web,2024-04-29 15:34:40,reversed,False
TXN20240429005157,ACCT201585,MERCH300207,purchase,54.52,in_person,2024-04-29 01:43:55,approved,False
TXN20240429005158,ACCT203687,MERCH300290,purchase,1.7,web,2024-04-29 08:19:05,approved,False
TXN20240429005159,ACCT205115,MERCH300289,withdrawal,29.33,in_person,2024-04-29 07:49:20,approved,True
TXN20240429005160,ACCT201129,MERCH300043,deposit,10.13,mobile,2024-04-29 16:42:21,approved,False
TXN20240429005161,ACCT202929,MERCH300240,purchase,24.73,in_person,2024-04-29 00:28:48,approved,False
TXN20240429005162,ACCT204414,MERCH300144,purchase,277.01,in_person,2024-04-29 16:33:34,declined,False
TXN20240429005163,ACCT200111,MERCH300080,withdrawal,235.41,atm,2024-04-29 02:40:29,approved,False
TXN20240429005164,ACCT203142,MERCH300126,purchase,43.63,web,2024-04-29 15:04:48,approved,False
TXN20240429005165,ACCT201503,MERCH300076,purchase,130.3,mobile,2024-04-29 19:31:25,approved,False
TXN20240429005166,ACCT201573,MERCH300039,purchase,19.67,web,2024-04-29 13:29:45,approved,False
TXN20240429005167,ACCT200103,MERCH300277,deposit,91.27,in_person,2024-04-29 16:23:49,approved,False
TXN20240429005168,ACCT205894,MERCH300170,purchase,153.11,in_person,2024-04-29 13:02:20,approved,False
TXN20240429005169,ACCT205234,MERCH300046,purchase,8.15,web,2024-04-29 15:57:37,approved,False
TXN20240429005170,ACCT203584,MERCH300295,transfer,34.34,in_person,2024-04-29 13:10:24,approved,True
TXN20240429005171,ACCT200452,MERCH300214,purchase,11.19,in_person,2024-04-29 13:57:51,approved,False
TXN20240429005172,ACCT202187,MERCH300164,deposit,154.62,in_person,2024-04-29 06:41:51,approved,False
TXN20240429005173,ACCT205158,MERCH300144,purchase,17.25,mobile,2024-04-29 05:04:02,approved,False
TXN20240429005174,ACCT203729,MERCH300177,withdrawal,49.93,web,2024-04-29 10:31:46,approved,False
TXN20240429005175,ACCT204875,MERCH300092,purchase,45.16,in_person,2024-04-29 09:37:05,approved,False
TXN20240429005176,ACCT201226,MERCH300192,deposit,57.75,in_person,2024-04-29 12:45:21,approved,False
TXN20240429005177,ACCT204905,MERCH300053,withdrawal,9.11,in_person,2024-04-29 18:08:06,approved,False
TXN20240429005178,ACCT205603,MERCH300276,transfer,34.8,mobile,2024-04-29 08:00:07,approved,False
TXN20240429005179,ACCT200974,MERCH300212,purchase,40.02,in_person,2024-04-29 08:48:11,approved,False
TXN20240429005180,ACCT205180,MERCH300256,deposit,116.85,in_person,2024-04-29 18:07:58,approved,False
TXN20240429005181,ACCT203024,MERCH300175,purchase,32.31,web,2024-04-29 16:18:14,approved,False
TXN20240429005182,ACCT202635,MERCH300026,deposit,266.63,web,2024-04-29 21:55:06,approved,False
TXN20240429005183,ACCT200458,MERCH300013,purchase,43.7,in_person,2024-04-29 04:46:50,approved,False
TXN20240429005184,ACCT201481,MERCH300095,purchase,24.37,in_person,2024-04-29 22:23:52,approved,False
TXN20240429005185,ACCT204758,MERCH300032,purchase,109.56,web,2024-04-29 02:49:41,declined,False
TXN20240429005186,ACCT204991,MERCH300189,purchase,29.89,mobile,2024-04-29 07:30:17,approved,False
TXN20240429005187,ACCT200839,MERCH300195,transfer,32.46,web,2024-04-29 17:33:32,approved,False
TXN20240429005188,ACCT202974,MERCH300201,transfer,33.87,mobile,2024-04-29 23:38:47,approved,False
TXN20240429005189,ACCT204062,MERCH300227,purchase,70.53,web,2024-04-29 22:00:27,approved,False
TXN20240429005190,ACCT200129,MERCH300185,transfer,83.22,web,2024-04-29 05:32:30,approved,False
TXN20240429005191,ACCT201229,MERCH300182,purchase,46.49,web,2024-04-29 20:10:24,approved,False
TXN20240429005192,ACCT203871,MERCH300172,purchase,31.87,in_person,2024-04-29 00:27:24,approved,False
TXN20240429005193,ACCT205048,MERCH300125,purchase,142.05,mobile,2024-04-29 15:27:16,declined,False
TXN20240429005194,ACCT201695,MERCH300080,purchase,9.67,in_person,2024-04-29 20:41:42,approved,False
TXN20240429005195,ACCT204078,MERCH300103,purchase,9.09,atm,2024-04-29 18:18:08,approved,False
TXN20240429005196,ACCT201923,MERCH300268,transfer,64.03,in_person,2024-04-29 08:46:40,approved,False
TXN20240429005197,ACCT202555,MERCH300127,purchase,174.65,in_person,2024-04-29 19:58:11,approved,False
TXN20240429005198,ACCT206367,MERCH300080,purchase,8.73,in_person,2024-04-29 21:21:07,approved,False
TXN20240429005199,ACCT203359,MERCH300054,purchase,17.91,atm,2024-04-29 19:00:49,approved,False
TXN20240429005200,ACCT201588,MERCH300211,purchase,22.63,in_person,2024-04-29 11:39:16,approved,False
TXN20240429005201,ACCT200988,MERCH300132,purchase,11.03,in_person,2024-04-29 20:33:13,approved,False
TXN20240429005202,ACCT200912,MERCH300051,purchase,83.12,in_person,2024-04-29 08:10:26,approved,False
TXN20240429005203,ACCT203683,MERCH300288,deposit,8.79,web,2024-04-29 10:37:01,approved,False
TXN20240429005204,ACCT201867,MERCH300228,transfer,25.47,in_person,2024-04-29 12:04:34,approved,False
TXN20240429005205,ACCT205003,MERCH300206,purchase,35.63,web,2024-04-29 15:45:12,approved,False
TXN20240429005206,ACCT204193,MERCH300242,purchase,201.43,mobile,2024-04-29 17:53:08,approved,False
TXN20240429005207,ACCT204255,MERCH300105,purchase,51.91,in_person,2024-04-29 17:23:51,approved,False
TXN20240429005208,ACCT200145,MERCH300009,transfer,35.99,web,2024-04-29 01:11:29,approved,False
TXN20240429005209,ACCT202537,MERCH300128,purchase,12.4,in_person,2024-04-29 14:23:18,approved,False
TXN20240429005210,ACCT204607,MERCH300070,deposit,27.16,mobile,2024-04-29 06:10:30,approved,False
TXN20240429005211,ACCT200690,MERCH300270,transfer,60.79,mobile,2024-04-29 13:19:10,approved,False
TXN20240429005212,ACCT205101,MERCH300071,purchase,40.88,in_person,2024-04-29 02:47:29,approved,False
TXN20240429005213,ACCT203773,MERCH300257,purchase,40.16,in_person,2024-04-29 11:30:07,approved,False
TXN20240429005214,ACCT204840,MERCH300122,purchase,65.82,atm,2024-04-29 23:23:00,approved,False
TXN20240429005215,ACCT203686,MERCH300051,purchase,12.44,in_person,2024-04-29 09:37:57,declined,False
TXN20240429005216,ACCT206377,MERCH300036,transfer,40.09,in_person,2024-04-29 21:53:27,approved,False
TXN20240429005217,ACCT205528,MERCH300149,purchase,102.06,in_person,2024-04-29 04:21:51,approved,False
TXN20240429005218,ACCT205456,MERCH300167,purchase,291.27,mobile,2024-04-29 12:09:01,approved,False
TXN20240429005219,ACCT202736,MERCH300041,purchase,44.65,mobile,2024-04-29 17:59:05,approved,False
TXN20240429005220,ACCT202155,MERCH300227,purchase,10.27,web,2024-04-29 01:11:55,approved,False
TXN20240429005221,ACCT205928,MERCH300187,purchase,17.68,web,2024-04-29 09:47:11,approved,False
TXN20240429005222,ACCT205227,MERCH300117,purchase,114.01,web,2024-04-29 02:16:37,approved,False
TXN20240429005223,ACCT206300,MERCH300287,purchase,54.39,web,2024-04-29 03:14:53,approved,False
TXN20240429005224,ACCT203729,MERCH300059,transfer,35.41,in_person,2024-04-29 07:37:31,approved,False
TXN20240429005225,ACCT205944,MERCH300198,deposit,84.91,web,2024-04-29 19:46:01,approved,False
TXN20240429005226,ACCT203699,MERCH300264,purchase,24.69,web,2024-04-29 16:15:39,approved,False
TXN20240429005227,ACCT201710,MERCH300097,purchase,23.45,web,2024-04-29 16:27:10,approved,False
TXN20240429005228,ACCT204196,MERCH300084,purchase,15.36,web,2024-04-29 19:23:38,approved,False
TXN20240429005229,ACCT206295,MERCH300193,purchase,28.04,mobile,2024-04-29 15:35:26,approved,False
TXN20240429005230,ACCT200766,MERCH300012,purchase,7.5,web,2024-04-29 22:35:30,approved,False
TXN20240429005231,ACCT203015,MERCH300182,withdrawal,100.76,atm,2024-04-29 00:41:13,approved,False
TXN20240429005232,ACCT201072,MERCH300040,purchase,44.01,web,2024-04-29 00:56:41,approved,False
TXN20240429005233,ACCT205870,MERCH300158,deposit,29.82,atm,2024-04-29 08:18:58,approved,False
TXN20240429005234,ACCT201244,MERCH300165,deposit,36.23,web,2024-04-29 16:34:23,approved,False
TXN20240429005235,ACCT204599,MERCH300238,purchase,36.74,in_person,2024-04-29 14:52:19,approved,False
TXN20240429005236,ACCT205219,MERCH300117,purchase,175.21,atm,2024-04-29 18:28:42,approved,False
TXN20240429005237,ACCT205339,MERCH300147,purchase,70.46,web,2024-04-29 17:54:41,approved,False
TXN20240429005238,ACCT205149,MERCH300105,purchase,32.05,mobile,2024-04-29 09:54:13,approved,False
TXN20240429005239,ACCT202927,MERCH300009,purchase,64.56,in_person,2024-04-29 22:25:04,approved,False
TXN20240429005240,ACCT202084,MERCH300046,purchase,15.42,in_person,2024-04-29 00:37:01,approved,False
TXN20240429005241,ACCT203301,MERCH300177,purchase,39.36,web,2024-04-29 14:34:40,approved,False
TXN20240429005242,ACCT204685,MERCH300225,purchase,55.25,web,2024-04-29 16:23:07,approved,False
TXN20240429005243,ACCT204775,MERCH300145,transfer,6.4,web,2024-04-29 17:29:26,approved,False
TXN20240429005244,ACCT204194,MERCH300165,deposit,20.4,web,2024-04-29 07:16:23,approved,False
TXN20240429005245,ACCT204546,MERCH300087,purchase,74.77,web,2024-04-29 08:01:11,approved,False
TXN20240429005246,ACCT206110,MERCH300167,purchase,157.79,in_person,2024-04-29 21:13:49,approved,False
TXN20240429005247,ACCT200507,MERCH300009,transfer,20.15,in_person,2024-04-29 18:25:02,declined,False
TXN20240429005248,ACCT201516,MERCH300160,purchase,79.91,mobile,2024-04-29 01:14:06,approved,False
TXN20240429005249,ACCT201104,MERCH300084,purchase,69.78,in_person,2024-04-29 18:17:01,approved,False
TXN20240429005250,ACCT206119,MERCH300256,purchase,46.59,mobile,2024-04-29 12:44:39,approved,False
TXN20240429005251,ACCT200800,MERCH300057,purchase,45.72,in_person,2024-04-29 11:45:51,approved,False
TXN20240429005252,ACCT200366,MERCH300007,purchase,143.65,web,2024-04-29 06:48:25,approved,False
TXN20240429005253,ACCT203711,MERCH300252,purchase,7.59,web,2024-04-29 17:32:12,approved,False
TXN20240429005254,ACCT201755,MERCH300052,deposit,8.64,in_person,2024-04-29 07:50:31,approved,False
TXN20240429005255,ACCT205510,MERCH300093,transfer,19.62,mobile,2024-04-29 18:52:03,approved,False
TXN20240429005256,ACCT200866,MERCH300115,purchase,25.08,atm,2024-04-29 23:07:11,declined,False
TXN20240429005257,ACCT202929,MERCH300051,transfer,32.53,mobile,2024-04-29 21:11:09,approved,False
TXN20240429005258,ACCT204721,MERCH300269,withdrawal,20.92,web,2024-04-29 12:36:59,approved,False
TXN20240429005259,ACCT205667,MERCH300230,purchase,5.74,mobile,2024-04-29 12:34:57,approved,False
TXN20240429005260,ACCT204241,MERCH300143,transfer,40.14,web,2024-04-29 15:42:55,approved,False
TXN20240429005261,ACCT205207,MERCH300122,deposit,39.51,mobile,2024-04-29 19:49:25,approved,False
TXN20240429005262,ACCT204765,MERCH300071,purchase,37.72,web,2024-04-29 18:48:45,approved,False
TXN20240429005263,ACCT203989,MERCH300006,withdrawal,244.34,in_person,2024-04-29 23:21:26,approved,False
TXN20240429005264,ACCT205968,MERCH300155,purchase,41.08,mobile,2024-04-29 09:46:06,declined,False
TXN20240429005265,ACCT201068,MERCH300010,purchase,231.39,in_person,2024-04-29 06:11:27,approved,False
TXN20240429005266,ACCT205232,MERCH300197,purchase,69.92,in_person,2024-04-29 15:08:09,approved,False
TXN20240429005267,ACCT202418,MERCH300134,purchase,86.81,web,2024-04-29 23:46:28,approved,False
TXN20240429005268,ACCT201667,MERCH300161,transfer,25.77,atm,2024-04-29 01:34:24,approved,False
TXN20240429005269,ACCT203189,MERCH300154,deposit,117.96,mobile,2024-04-29 22:22:45,approved,False
TXN20240429005270,ACCT202642,MERCH300011,transfer,280.35,atm,2024-04-29 09:51:08,approved,False
TXN20240429005271,ACCT200406,MERCH300284,deposit,7.34,web,2024-04-29 18:55:53,approved,False
TXN20240429005272,ACCT201671,MERCH300093,purchase,25.35,in_person,2024-04-29 00:04:33,approved,False
TXN20240429005273,ACCT202050,MERCH300171,transfer,117.21,mobile,2024-04-29 13:16:02,approved,False
TXN20240429005274,ACCT202297,MERCH300055,purchase,14.83,in_person,2024-04-29 14:13:45,approved,False
TXN20240429005275,ACCT205794,MERCH300157,transfer,59.3,mobile,2024-04-29 22:43:02,approved,False
TXN20240429005276,ACCT205471,MERCH300049,deposit,35.75,web,2024-04-29 21:53:36,approved,False
TXN20240429005277,ACCT203658,MERCH300163,purchase,23.66,mobile,2024-04-29 09:51:25,approved,False
TXN20240429005278,ACCT203967,MERCH300198,purchase,47.59,mobile,2024-04-29 20:21:14,approved,False
TXN20240429005279,ACCT202907,MERCH300078,purchase,21.45,mobile,2024-04-29 06:36:33,declined,False
TXN20240429005280,ACCT204621,MERCH300006,transfer,88.71,in_person,2024-04-29 17:26:45,approved,False
TXN20240429005281,ACCT201281,MERCH300243,purchase,296.88,in_person,2024-04-29 13:12:31,approved,False
TXN20240429005282,ACCT204069,MERCH300291,purchase,11.59,in_person,2024-04-29 16:09:47,approved,False
TXN20240429005283,ACCT201191,MERCH300271,transfer,4.78,atm,2024-04-29 15:27:22,approved,False
TXN20240429005284,ACCT200803,MERCH300107,transfer,40.11,atm,2024-04-29 15:49:08,approved,False
TXN20240429005285,ACCT204151,MERCH300137,purchase,86.19,web,2024-04-29 06:21:54,approved,False
TXN20240429005286,ACCT202396,MERCH300128,purchase,7.83,mobile,2024-04-29 23:03:48,approved,False
TXN20240429005287,ACCT206060,MERCH300215,deposit,4.81,in_person,2024-04-29 02:16:13,approved,False
TXN20240429005288,ACCT205918,MERCH300123,withdrawal,57.11,in_person,2024-04-29 11:37:22,approved,False
TXN20240429005289,ACCT201261,MERCH300053,purchase,101.07,in_person,2024-04-29 11:01:36,approved,False
TXN20240429005290,ACCT200987,MERCH300055,transfer,72.77,mobile,2024-04-29 07:28:08,approved,False
TXN20240429005291,ACCT201513,MERCH300013,withdrawal,17.01,web,2024-04-29 03:19:21,reversed,False
TXN20240429005292,ACCT206285,MERCH300114,purchase,28.07,in_person,2024-04-29 19:27:14,approved,False
TXN20240429005293,ACCT204426,MERCH300270,purchase,57.37,in_person,2024-04-29 10:12:16,approved,False
TXN20240429005294,ACCT204068,MERCH300148,purchase,104.12,mobile,2024-04-29 17:15:05,approved,False
TXN20240429005295,ACCT204853,MERCH300281,deposit,8.22,web,2024-04-29 08:03:57,approved,False
TXN20240429005296,ACCT202234,MERCH300157,purchase,14.6,web,2024-04-29 04:03:00,approved,False
TXN20240429005297,ACCT204644,MERCH300258,purchase,46.5,web,2024-04-29 18:24:41,reversed,False
TXN20240429005298,ACCT204449,MERCH300240,purchase,35.32,in_person,2024-04-29 11:46:45,approved,False
TXN20240429005299,ACCT203370,MERCH300229,withdrawal,26.85,in_person,2024-04-29 05:15:46,approved,False
TXN20240429005300,ACCT204227,MERCH300290,purchase,24.98,web,2024-04-29 13:40:07,approved,False
TXN20240429005301,ACCT206052,MERCH300098,purchase,11.72,web,2024-04-29 02:15:50,approved,False
TXN20240429005302,ACCT201741,MERCH300256,purchase,17.65,web,2024-04-29 06:16:59,approved,False
TXN20240429005303,ACCT201794,MERCH300202,withdrawal,75.07,web,2024-04-29 23:31:15,approved,False
TXN20240429005304,ACCT201964,MERCH300027,transfer,15.21,in_person,2024-04-29 18:52:02,approved,False
TXN20240429005305,ACCT206351,MERCH300137,purchase,25.02,mobile,2024-04-29 00:41:11,approved,False
TXN20240429005306,ACCT204675,MERCH300114,purchase,108.51,mobile,2024-04-29 13:55:18,approved,False
TXN20240429005307,ACCT200487,MERCH300079,deposit,49.97,web,2024-04-29 15:41:12,approved,False
TXN20240429005308,ACCT206016,MERCH300134,purchase,47.52,mobile,2024-04-29 11:17:56,approved,False
TXN20240429005309,ACCT206206,MERCH300075,purchase,15.0,mobile,2024-04-29 18:08:42,approved,False
TXN20240429005310,ACCT200349,MERCH300107,deposit,19.16,mobile,2024-04-29 19:21:28,approved,False
TXN20240429005311,ACCT204246,MERCH300237,purchase,63.82,mobile,2024-04-29 02:20:36,approved,False
TXN20240429005312,ACCT202314,MERCH300237,withdrawal,17.83,in_person,2024-04-29 01:42:02,approved,False
TXN20240429005313,ACCT204965,MERCH300174,transfer,20.19,atm,2024-04-29 19:21:48,approved,False
TXN20240429005314,ACCT202794,MERCH300261,transfer,60.36,atm,2024-04-29 04:17:32,approved,False
TXN20240429005315,ACCT203623,MERCH300226,transfer,61.91,in_person,2024-04-29 10:13:11,approved,False
TXN20240429005316,ACCT205981,MERCH300249,purchase,36.55,mobile,2024-04-29 20:24:32,approved,False
TXN20240429005317,ACCT206225,MERCH300171,withdrawal,345.19,web,2024-04-29 17:30:14,approved,False
TXN20240429005318,ACCT202032,MERCH300158,purchase,66.5,mobile,2024-04-29 10:18:39,approved,False
TXN20240429005319,ACCT204678,MERCH300096,purchase,54.38,web,2024-04-29 01:48:40,approved,False
TXN20240429005320,ACCT200901,MERCH300088,withdrawal,34.73,atm,2024-04-29 21:22:22,approved,False
TXN20240429005321,ACCT201875,MERCH300268,purchase,34.5,web,2024-04-29 04:42:41,approved,True
TXN20240429005322,ACCT203465,MERCH300138,deposit,144.2,in_person,2024-04-29 00:18:37,approved,False
TXN20240429005323,ACCT202424,MERCH300137,purchase,8.91,in_person,2024-04-29 03:43:35,approved,False
TXN20240429005324,ACCT203949,MERCH300258,purchase,5.65,atm,2024-04-29 17:15:24,approved,False
TXN20240429005325,ACCT205970,MERCH300182,purchase,39.46,web,2024-04-29 11:01:29,approved,False
TXN20240429005326,ACCT201806,MERCH300170,purchase,49.56,in_person,2024-04-29 10:41:48,approved,False
TXN20240429005327,ACCT202996,MERCH300163,purchase,8.4,in_person,2024-04-29 00:06:02,approved,False
TXN20240429005328,ACCT205687,MERCH300036,purchase,9.36,in_person,2024-04-29 08:58:17,approved,False
TXN20240429005329,ACCT203853,MERCH300233,purchase,88.58,mobile,2024-04-29 06:22:26,approved,False
TXN20240429005330,ACCT200489,MERCH300159,transfer,21.62,web,2024-04-29 16:13:30,approved,False
TXN20240429005331,ACCT205928,MERCH300260,transfer,16.93,in_person,2024-04-29 05:58:15,approved,False
TXN20240429005332,ACCT204902,MERCH300126,withdrawal,28.64,in_person,2024-04-29 22:36:40,approved,False
TXN20240429005333,ACCT202070,MERCH300118,purchase,6.14,in_person,2024-04-29 05:31:34,approved,False
TXN20240429005334,ACCT203325,MERCH300140,purchase,38.93,in_person,2024-04-29 16:07:51,approved,False
TXN20240429005335,ACCT202630,MERCH300061,purchase,26.27,web,2024-04-29 17:09:04,approved,False
TXN20240429005336,ACCT205959,MERCH300026,purchase,87.34,web,2024-04-29 15:16:57,approved,False
TXN20240429005337,ACCT203929,MERCH300054,deposit,35.17,mobile,2024-04-29 15:20:44,approved,False
TXN20240429005338,ACCT203566,MERCH300052,transfer,169.13,web,2024-04-29 01:10:37,approved,False
TXN20240429005339,ACCT204559,MERCH300014,purchase,26.9,web,2024-04-29 09:14:15,approved,False
TXN20240429005340,ACCT203706,MERCH300039,transfer,18.91,web,2024-04-29 09:03:47,approved,False
TXN20240429005341,ACCT206252,MERCH300104,deposit,11.42,in_person,2024-04-29 07:14:05,approved,False
TXN20240429005342,ACCT200011,MERCH300125,purchase,61.69,mobile,2024-04-29 16:17:16,approved,False
TXN20240429005343,ACCT204452,MERCH300293,purchase,80.64,web,2024-04-29 06:08:29,approved,False
TXN20240429005344,ACCT203057,MERCH300181,purchase,70.08,mobile,2024-04-29 05:28:53,approved,False
TXN20240429005345,ACCT204319,MERCH300037,purchase,37.86,web,2024-04-29 14:03:29,declined,False
TXN20240429005346,ACCT205110,MERCH300140,withdrawal,18.11,mobile,2024-04-29 08:52:41,approved,False
TXN20240429005347,ACCT202312,MERCH300020,transfer,19.62,in_person,2024-04-29 01:44:07,approved,False
TXN20240429005348,ACCT203011,MERCH300236,withdrawal,7.35,web,2024-04-29 13:30:51,approved,False
TXN20240429005349,ACCT202040,MERCH300053,purchase,7.3,mobile,2024-04-29 06:20:30,approved,False
TXN20240429005350,ACCT203002,MERCH300163,purchase,48.37,mobile,2024-04-29 17:30:56,approved,False
TXN20240429005351,ACCT206443,MERCH300205,withdrawal,23.02,in_person,2024-04-29 03:30:34,approved,False
TXN20240429005352,ACCT204435,MERCH300052,purchase,38.7,in_person,2024-04-29 12:41:19,approved,False
TXN20240429005353,ACCT200166,MERCH300284,purchase,29.39,in_person,2024-04-29 06:24:03,approved,False
TXN20240429005354,ACCT206062,MERCH300111,purchase,26.23,in_person,2024-04-29 07:28:21,approved,False
TXN20240429005355,ACCT203388,MERCH300288,transfer,31.06,atm,2024-04-29 21:32:21,approved,False
TXN20240429005356,ACCT202736,MERCH300163,withdrawal,44.2,web,2024-04-29 01:33:27,approved,False
TXN20240429005357,ACCT201773,MERCH300126,purchase,19.82,web,2024-04-29 05:10:11,approved,False
TXN20240429005358,ACCT205274,MERCH300060,purchase,14.67,mobile,2024-04-29 21:58:02,approved,False
TXN20240429005359,ACCT204078,MERCH300269,deposit,14.86,web,2024-04-29 17:05:06,approved,False
TXN20240429005360,ACCT204110,MERCH300251,withdrawal,8.83,mobile,2024-04-29 15:42:26,approved,False
TXN20240429005361,ACCT203105,MERCH300027,purchase,38.54,mobile,2024-04-29 23:48:22,approved,False
TXN20240429005362,ACCT202416,MERCH300273,purchase,51.39,atm,2024-04-29 01:48:22,approved,False
TXN20240429005363,ACCT205319,MERCH300252,purchase,7.39,mobile,2024-04-29 23:19:33,approved,False
TXN20240429005364,ACCT203472,MERCH300061,purchase,53.69,web,2024-04-29 06:53:55,approved,False
TXN20240429005365,ACCT206390,MERCH300050,purchase,180.3,web,2024-04-29 05:55:53,approved,False
TXN20240429005366,ACCT203683,MERCH300114,purchase,6.92,in_person,2024-04-29 05:26:48,approved,False
TXN20240429005367,ACCT205982,MERCH300043,purchase,40.15,mobile,2024-04-29 15:33:55,approved,False
TXN20240429005368,ACCT202086,MERCH300134,purchase,24.72,web,2024-04-29 15:01:54,approved,False
TXN20240429005369,ACCT204423,MERCH300164,purchase,52.34,web,2024-04-29 07:58:22,approved,False
TXN20240429005370,ACCT203206,MERCH300138,transfer,15.86,mobile,2024-04-29 14:50:08,approved,False
TXN20240429005371,ACCT205104,MERCH300099,purchase,99.74,web,2024-04-29 11:12:49,approved,False
TXN20240429005372,ACCT204318,MERCH300258,transfer,63.12,web,2024-04-29 18:27:14,approved,False
TXN20240429005373,ACCT203717,MERCH300235,purchase,25.22,web,2024-04-29 18:15:23,approved,False
TXN20240429005374,ACCT205803,MERCH300099,deposit,20.8,web,2024-04-29 03:13:46,approved,False
TXN20240429005375,ACCT204028,MERCH300280,purchase,20.81,in_person,2024-04-29 17:16:49,approved,False
TXN20240429005376,ACCT202314,MERCH300153,transfer,51.82,mobile,2024-04-29 21:06:59,approved,False
TXN20240429005377,ACCT203539,MERCH300075,withdrawal,49.09,web,2024-04-29 17:20:39,approved,False
TXN20240429005378,ACCT201636,MERCH300140,purchase,416.08,in_person,2024-04-29 10:06:21,approved,False
TXN20240429005379,ACCT200914,MERCH300188,purchase,38.69,mobile,2024-04-29 07:57:35,approved,False
TXN20240429005380,ACCT201971,MERCH300060,purchase,41.34,mobile,2024-04-29 14:12:35,approved,False
TXN20240429005381,ACCT204440,MERCH300129,purchase,82.19,web,2024-04-29 19:37:35,approved,False
TXN20240429005382,ACCT203648,MERCH300229,purchase,35.92,web,2024-04-29 01:30:21,approved,False
TXN20240429005383,ACCT201873,MERCH300266,withdrawal,35.91,in_person,2024-04-29 15:31:57,approved,False
TXN20240429005384,ACCT206210,MERCH300136,purchase,43.38,web,2024-04-29 06:22:48,approved,False
TXN20240429005385,ACCT205724,MERCH300124,withdrawal,22.71,mobile,2024-04-29 03:19:50,approved,False
TXN20240429005386,ACCT205977,MERCH300203,purchase,84.42,in_person,2024-04-29 14:49:03,approved,False
TXN20240429005387,ACCT200595,MERCH300103,purchase,18.89,mobile,2024-04-29 06:23:58,approved,False
TXN20240429005388,ACCT203881,MERCH300123,purchase,104.79,in_person,2024-04-29 04:37:29,approved,False
TXN20240429005389,ACCT202300,MERCH300106,purchase,8.43,web,2024-04-29 21:57:31,approved,False
TXN20240429005390,ACCT205074,MERCH300258,transfer,10.63,web,2024-04-29 23:11:51,approved,False
TXN20240429005391,ACCT200901,MERCH300200,purchase,25.14,web,2024-04-29 11:34:31,approved,False
TXN20240429005392,ACCT201602,MERCH300167,purchase,16.79,atm,2024-04-29 18:46:49,approved,False
TXN20240429005393,ACCT200809,MERCH300249,purchase,49.11,web,2024-04-29 16:21:29,declined,False
TXN20240429005394,ACCT206446,MERCH300209,purchase,31.22,web,2024-04-29 02:50:42,approved,False
TXN20240429005395,ACCT201335,MERCH300249,purchase,158.21,in_person,2024-04-29 07:41:10,approved,False
TXN20240429005396,ACCT206437,MERCH300030,purchase,21.34,in_person,2024-04-29 03:15:28,approved,False
TXN20240429005397,ACCT204518,MERCH300032,purchase,67.28,atm,2024-04-29 18:21:46,approved,False
TXN20240429005398,ACCT203757,MERCH300236,deposit,37.13,web,2024-04-29 05:24:32,approved,False
TXN20240429005399,ACCT203232,MERCH300227,purchase,21.35,web,2024-04-29 14:31:27,approved,False
TXN20240429005400,ACCT202047,MERCH300201,transfer,21.02,web,2024-04-29 12:51:11,approved,False
TXN20240429005401,ACCT200104,MERCH300231,purchase,9.84,web,2024-04-29 09:57:45,approved,False
TXN20240429005402,ACCT204972,MERCH300296,purchase,48.62,mobile,2024-04-29 01:04:54,approved,False
TXN20240429005403,ACCT205127,MERCH300024,purchase,35.43,mobile,2024-04-29 13:37:28,approved,False
TXN20240429005404,ACCT205894,MERCH300036,purchase,61.41,atm,2024-04-29 23:57:51,approved,False
TXN20240429005405,ACCT201922,MERCH300108,withdrawal,16.57,mobile,2024-04-29 08:09:59,approved,False
TXN20240429005406,ACCT205989,MERCH300071,withdrawal,174.86,mobile,2024-04-29 16:43:03,approved,False
TXN20240429005407,ACCT204299,MERCH300168,purchase,65.73,in_person,2024-04-29 09:31:36,approved,False
TXN20240429005408,ACCT201274,MERCH300228,withdrawal,13.31,mobile,2024-04-29 17:03:34,approved,False
TXN20240429005409,ACCT206006,MERCH300273,purchase,11.39,web,2024-04-29 04:52:35,approved,False
TXN20240429005410,ACCT201789,MERCH300094,deposit,29.36,mobile,2024-04-29 09:44:04,approved,False
TXN20240429005411,ACCT204620,MERCH300144,transfer,12.03,in_person,2024-04-29 21:37:43,approved,False
TXN20240429005412,ACCT202532,MERCH300215,withdrawal,22.05,mobile,2024-04-29 13:19:33,approved,False
TXN20240429005413,ACCT200524,MERCH300155,transfer,22.86,in_person,2024-04-29 17:41:14,approved,False
TXN20240429005414,ACCT203380,MERCH300017,purchase,18.46,mobile,2024-04-29 16:37:20,approved,False
TXN20240429005415,ACCT206080,MERCH300227,withdrawal,32.61,mobile,2024-04-29 23:57:13,approved,False
TXN20240429005416,ACCT202193,MERCH300001,transfer,13.88,web,2024-04-29 19:16:01,approved,False
TXN20240429005417,ACCT200448,MERCH300011,deposit,47.61,atm,2024-04-29 08:29:37,declined,False
TXN20240429005418,ACCT202410,MERCH300276,purchase,6.18,in_person,2024-04-29 14:20:20,approved,False
TXN20240429005419,ACCT205233,MERCH300113,purchase,25.91,atm,2024-04-29 08:12:31,approved,False
TXN20240429005420,ACCT200857,MERCH300142,purchase,10.24,web,2024-04-29 00:16:49,approved,False
TXN20240429005421,ACCT203599,MERCH300224,withdrawal,46.68,web,2024-04-29 13:34:31,approved,False
TXN20240429005422,ACCT201335,MERCH300013,purchase,38.53,atm,2024-04-29 17:19:11,approved,False
TXN20240429005423,ACCT203589,MERCH300049,purchase,19.85,atm,2024-04-29 05:08:23,approved,False
TXN20240429005424,ACCT201119,MERCH300196,transfer,78.75,atm,2024-04-29 22:36:24,approved,False
TXN20240429005425,ACCT205570,MERCH300166,purchase,129.59,web,2024-04-29 14:42:42,approved,False
TXN20240429005426,ACCT203239,MERCH300131,purchase,34.61,mobile,2024-04-29 23:43:35,approved,False
TXN20240429005427,ACCT206010,MERCH300150,transfer,338.3,mobile,2024-04-29 05:55:03,approved,False
TXN20240429005428,ACCT200421,MERCH300050,deposit,74.25,in_person,2024-04-29 06:52:19,approved,False
TXN20240429005429,ACCT203306,MERCH300063,transfer,63.36,in_person,2024-04-29 10:37:55,approved,False
TXN20240429005430,ACCT203770,MERCH300227,purchase,18.95,atm,2024-04-29 20:45:50,declined,False
TXN20240429005431,ACCT202655,MERCH300280,purchase,246.36,web,2024-04-29 10:59:04,approved,False
TXN20240429005432,ACCT200271,MERCH300077,purchase,46.43,atm,2024-04-29 12:22:29,approved,False
TXN20240429005433,ACCT203265,MERCH300266,purchase,104.57,mobile,2024-04-29 15:11:42,approved,False
TXN20240429005434,ACCT200730,MERCH300072,deposit,116.4,in_person,2024-04-29 05:24:38,approved,False
TXN20240429005435,ACCT201442,MERCH300212,purchase,12.89,in_person,2024-04-29 18:42:56,approved,False
TXN20240429005436,ACCT203984,MERCH300270,purchase,12.72,mobile,2024-04-29 17:11:58,approved,False
TXN20240429005437,ACCT201356,MERCH300021,deposit,50.59,atm,2024-04-29 08:30:26,approved,False
TXN20240429005438,ACCT201814,MERCH300190,deposit,12.09,atm,2024-04-29 03:30:43,approved,False
TXN20240429005439,ACCT203069,MERCH300191,purchase,24.96,web,2024-04-29 21:34:41,approved,False
TXN20240429005440,ACCT201015,MERCH300249,transfer,26.21,mobile,2024-04-29 13:54:54,approved,False
TXN20240429005441,ACCT201008,MERCH300278,withdrawal,8.08,in_person,2024-04-29 07:13:07,approved,False
TXN20240429005442,ACCT204612,MERCH300097,purchase,45.06,in_person,2024-04-29 21:08:28,declined,False
TXN20240429005443,ACCT201006,MERCH300159,deposit,20.62,mobile,2024-04-29 02:24:35,approved,True
TXN20240429005444,ACCT203869,MERCH300244,purchase,148.25,mobile,2024-04-29 13:52:46,approved,False
TXN20240429005445,ACCT203569,MERCH300022,transfer,11.51,mobile,2024-04-29 12:04:41,approved,False
TXN20240429005446,ACCT205271,MERCH300113,transfer,46.93,in_person,2024-04-29 22:43:23,approved,False
TXN20240429005447,ACCT200524,MERCH300167,transfer,24.83,mobile,2024-04-29 10:49:54,approved,False
TXN20240429005448,ACCT206282,MERCH300278,deposit,12.13,mobile,2024-04-29 20:15:40,approved,False
TXN20240429005449,ACCT203186,MERCH300218,purchase,9.29,mobile,2024-04-29 07:31:58,approved,False
TXN20240429005450,ACCT202277,MERCH300041,purchase,47.16,mobile,2024-04-29 00:36:15,approved,False
TXN20240429005451,ACCT202266,MERCH300167,purchase,64.05,mobile,2024-04-29 01:36:18,approved,False
TXN20240429005452,ACCT202175,MERCH300117,purchase,73.89,mobile,2024-04-29 16:52:23,approved,False
TXN20240429005453,ACCT206282,MERCH300086,withdrawal,16.0,in_person,2024-04-29 02:45:20,approved,False
TXN20240429005454,ACCT205999,MERCH300144,withdrawal,25.62,in_person,2024-04-29 16:07:55,approved,False
TXN20240429005455,ACCT203427,MERCH300235,purchase,18.67,web,2024-04-29 20:51:46,approved,False
TXN20240429005456,ACCT205236,MERCH300025,purchase,5.65,web,2024-04-29 04:15:22,approved,True
TXN20240429005457,ACCT206242,MERCH300209,withdrawal,95.59,in_person,2024-04-29 15:56:26,approved,False
TXN20240429005458,ACCT203332,MERCH300248,purchase,99.12,in_person,2024-04-29 13:54:49,approved,False
TXN20240429005459,ACCT200573,MERCH300061,transfer,47.47,mobile,2024-04-29 00:32:02,approved,False
TXN20240429005460,ACCT203178,MERCH300020,purchase,59.68,mobile,2024-04-29 20:03:51,approved,False
TXN20240429005461,ACCT200313,MERCH300286,purchase,105.26,web,2024-04-29 21:00:28,approved,False
TXN20240429005462,ACCT202896,MERCH300208,purchase,43.92,mobile,2024-04-29 23:28:48,approved,False
TXN20240429005463,ACCT202296,MERCH300014,withdrawal,57.58,mobile,2024-04-29 13:36:25,approved,False
TXN20240429005464,ACCT204228,MERCH300105,purchase,6.13,mobile,2024-04-29 03:45:44,approved,False
TXN20240429005465,ACCT205029,MERCH300209,transfer,28.98,web,2024-04-29 18:40:41,declined,False
TXN20240429005466,ACCT201105,MERCH300031,purchase,58.34,in_person,2024-04-29 12:14:02,approved,False
TXN20240429005467,ACCT204393,MERCH300299,purchase,39.28,web,2024-04-29 18:55:36,approved,False
TXN20240429005468,ACCT204176,MERCH300270,purchase,16.78,in_person,2024-04-29 05:05:56,approved,False
TXN20240429005469,ACCT206055,MERCH300162,purchase,142.12,in_person,2024-04-29 00:05:53,approved,False
TXN20240429005470,ACCT200296,MERCH300293,purchase,95.42,in_person,2024-04-29 02:53:36,approved,False
TXN20240429005471,ACCT202616,MERCH300273,transfer,25.93,web,2024-04-29 20:47:15,approved,False
TXN20240429005472,ACCT205815,MERCH300094,deposit,85.59,web,2024-04-29 04:22:50,approved,False
TXN20240429005473,ACCT200666,MERCH300002,purchase,130.32,in_person,2024-04-29 10:13:18,approved,False
TXN20240429005474,ACCT205055,MERCH300082,purchase,21.08,web,2024-04-29 04:17:26,approved,False
TXN20240429005475,ACCT206314,MERCH300285,purchase,224.88,web,2024-04-29 14:07:01,approved,False
TXN20240429005476,ACCT204206,MERCH300124,purchase,43.53,in_person,2024-04-29 23:10:29,approved,False
TXN20240429005477,ACCT205541,MERCH300260,purchase,51.02,mobile,2024-04-29 22:31:25,declined,False
TXN20240429005478,ACCT201917,MERCH300035,transfer,13.36,mobile,2024-04-29 21:29:16,approved,False
TXN20240429005479,ACCT206266,MERCH300252,purchase,21.07,atm,2024-04-29 19:19:10,declined,False
TXN20240429005480,ACCT202733,MERCH300180,transfer,15.74,web,2024-04-29 19:04:48,approved,False
TXN20240429005481,ACCT204826,MERCH300216,purchase,118.59,mobile,2024-04-29 11:25:23,approved,False
TXN20240429005482,ACCT205356,MERCH300194,purchase,43.85,web,2024-04-29 17:37:45,approved,False
TXN20240429005483,ACCT201963,MERCH300026,purchase,9.05,mobile,2024-04-29 00:32:09,approved,False
TXN20240429005484,ACCT205168,MERCH300244,purchase,79.23,mobile,2024-04-29 15:32:06,approved,False
TXN20240429005485,ACCT203393,MERCH300277,purchase,39.59,mobile,2024-04-29 13:22:35,approved,False
TXN20240429005486,ACCT203314,MERCH300269,purchase,16.49,mobile,2024-04-29 18:25:40,approved,False
TXN20240429005487,ACCT202575,MERCH300047,purchase,24.67,mobile,2024-04-29 22:57:25,approved,False
TXN20240429005488,ACCT205778,MERCH300161,purchase,26.54,atm,2024-04-29 10:34:08,approved,False
TXN20240429005489,ACCT202695,MERCH300255,purchase,12.13,web,2024-04-29 15:29:36,approved,False
TXN20240429005490,ACCT203970,MERCH300226,purchase,8.62,in_person,2024-04-29 01:02:43,approved,False
TXN20240429005491,ACCT203283,MERCH300002,transfer,136.54,web,2024-04-29 18:59:45,approved,False
TXN20240429005492,ACCT206477,MERCH300015,purchase,61.33,web,2024-04-29 09:19:44,approved,False
TXN20240429005493,ACCT204211,MERCH300146,purchase,33.61,in_person,2024-04-29 07:31:33,approved,False
TXN20240429005494,ACCT201821,MERCH300054,purchase,19.24,atm,2024-04-29 20:21:58,approved,False
TXN20240429005495,ACCT203318,MERCH300175,purchase,53.55,in_person,2024-04-29 20:30:06,approved,False
TXN20240429005496,ACCT203106,MERCH300190,transfer,25.96,in_person,2024-04-29 00:04:54,approved,False
TXN20240429005497,ACCT202869,MERCH300124,purchase,39.83,in_person,2024-04-29 09:44:26,approved,False
TXN20240429005498,ACCT203304,MERCH300225,deposit,113.16,web,2024-04-29 11:51:24,approved,False
TXN20240429005499,ACCT201322,MERCH300253,purchase,122.22,mobile,2024-04-29 09:10:21,approved,False
TXN20240429005500,ACCT200079,MERCH300239,transfer,25.71,mobile,2024-04-29 21:16:07,declined,False
TXN20240429005501,ACCT200893,MERCH300201,purchase,149.95,in_person,2024-04-29 11:15:31,approved,False
TXN20240429005502,ACCT201711,MERCH300268,purchase,30.12,mobile,2024-04-29 18:36:22,approved,False
TXN20240429005503,ACCT202229,MERCH300200,purchase,18.55,mobile,2024-04-29 02:49:55,approved,False
TXN20240429005504,ACCT204129,MERCH300292,purchase,34.89,in_person,2024-04-29 07:52:49,approved,False
TXN20240429005505,ACCT203393,MERCH300211,purchase,33.24,atm,2024-04-29 14:42:37,reversed,False
TXN20240429005506,ACCT203600,MERCH300044,purchase,95.25,web,2024-04-29 11:48:15,approved,False
TXN20240429005507,ACCT204373,MERCH300218,withdrawal,16.37,in_person,2024-04-29 11:17:59,approved,False
TXN20240429005508,ACCT202256,MERCH300146,purchase,46.68,in_person,2024-04-29 22:48:14,approved,False
TXN20240429005509,ACCT205354,MERCH300115,transfer,25.36,web,2024-04-29 10:52:31,approved,False
TXN20240429005510,ACCT205985,MERCH300289,transfer,38.37,in_person,2024-04-29 05:35:55,approved,False
TXN20240429005511,ACCT201774,MERCH300261,transfer,33.94,web,2024-04-29 11:49:35,approved,False
TXN20240429005512,ACCT201568,MERCH300138,purchase,42.77,web,2024-04-29 23:17:53,approved,False
TXN20240429005513,ACCT203092,MERCH300023,deposit,61.63,mobile,2024-04-29 15:37:25,approved,False
TXN20240429005514,ACCT205121,MERCH300041,withdrawal,39.41,mobile,2024-04-29 16:46:05,approved,False
TXN20240429005515,ACCT205118,MERCH300098,deposit,30.42,web,2024-04-29 14:12:30,approved,False
TXN20240429005516,ACCT201698,MERCH300041,purchase,184.49,in_person,2024-04-29 04:59:40,approved,False
TXN20240429005517,ACCT200972,MERCH300232,purchase,4.61,web,2024-04-29 18:43:21,approved,False
TXN20240429005518,ACCT204625,MERCH300156,deposit,37.58,atm,2024-04-29 18:54:45,approved,False
TXN20240429005519,ACCT206223,MERCH300159,purchase,39.04,in_person,2024-04-29 19:10:06,approved,False
TXN20240429005520,ACCT202769,MERCH300256,purchase,7.18,in_person,2024-04-29 03:20:39,declined,False
TXN20240429005521,ACCT203107,MERCH300240,deposit,34.46,web,2024-04-29 15:36:48,approved,False
TXN20240429005522,ACCT205606,MERCH300018,purchase,6.64,web,2024-04-29 09:16:29,approved,False
TXN20240429005523,ACCT204563,MERCH300227,purchase,121.14,in_person,2024-04-29 11:27:03,approved,False
TXN20240429005524,ACCT200302,MERCH300170,purchase,70.99,web,2024-04-29 10:52:40,approved,False
TXN20240429005525,ACCT205863,MERCH300202,purchase,32.25,mobile,2024-04-29 18:42:31,approved,False
TXN20240429005526,ACCT205431,MERCH300225,purchase,26.4,web,2024-04-29 02:23:01,approved,False
TXN20240429005527,ACCT200935,MERCH300229,purchase,38.87,in_person,2024-04-29 22:49:33,approved,False
TXN20240429005528,ACCT200271,MERCH300131,purchase,54.32,web,2024-04-29 22:30:12,approved,False
TXN20240429005529,ACCT200755,MERCH300205,deposit,39.58,in_person,2024-04-29 03:05:25,approved,False
TXN20240429005530,ACCT202786,MERCH300169,purchase,55.32,in_person,2024-04-29 07:39:33,approved,False
TXN20240429005531,ACCT203281,MERCH300017,transfer,222.63,web,2024-04-29 16:21:41,approved,False
TXN20240429005532,ACCT201149,MERCH300119,purchase,56.35,in_person,2024-04-29 20:57:19,approved,False
TXN20240429005533,ACCT205490,MERCH300178,purchase,24.01,web,2024-04-29 09:02:59,approved,False
TXN20240429005534,ACCT201336,MERCH300227,purchase,94.2,web,2024-04-29 03:32:31,declined,False
TXN20240429005535,ACCT200733,MERCH300123,purchase,140.42,mobile,2024-04-29 21:39:25,approved,False
TXN20240429005536,ACCT203808,MERCH300172,transfer,8.58,web,2024-04-29 17:20:20,approved,False
TXN20240429005537,ACCT204579,MERCH300004,purchase,9.8,mobile,2024-04-29 14:31:15,approved,False
TXN20240429005538,ACCT202783,MERCH300235,purchase,5.25,in_person,2024-04-29 06:09:37,approved,False
TXN20240429005539,ACCT202431,MERCH300112,transfer,128.53,in_person,2024-04-29 02:11:19,approved,False
TXN20240429005540,ACCT201607,MERCH300278,withdrawal,5.05,in_person,2024-04-29 18:22:43,approved,False
TXN20240429005541,ACCT203358,MERCH300046,purchase,23.64,web,2024-04-29 20:05:51,approved,False
TXN20240429005542,ACCT203620,MERCH300027,transfer,61.97,web,2024-04-29 20:10:19,approved,False
TXN20240429005543,ACCT203284,MERCH300045,transfer,34.76,in_person,2024-04-29 08:16:38,approved,False
TXN20240429005544,ACCT205748,MERCH300219,purchase,40.13,mobile,2024-04-29 22:08:18,approved,False
TXN20240429005545,ACCT206273,MERCH300012,purchase,51.01,in_person,2024-04-29 08:31:29,approved,False
TXN20240429005546,ACCT201811,MERCH300051,purchase,39.67,mobile,2024-04-29 12:43:29,approved,False
TXN20240429005547,ACCT200060,MERCH300062,purchase,243.42,in_person,2024-04-29 01:08:14,approved,False
TXN20240429005548,ACCT202968,MERCH300156,transfer,9.44,in_person,2024-04-29 21:47:56,approved,False
TXN20240429005549,ACCT200897,MERCH300066,withdrawal,9.17,web,2024-04-29 00:52:08,approved,False
TXN20240429005550,ACCT202842,MERCH300026,withdrawal,52.81,mobile,2024-04-29 21:49:55,approved,False
TXN20240429005551,ACCT204693,MERCH300055,purchase,35.57,in_person,2024-04-29 04:44:32,approved,False
TXN20240429005552,ACCT200338,MERCH300081,purchase,23.57,web,2024-04-29 15:58:46,approved,False
TXN20240429005553,ACCT203751,MERCH300240,purchase,19.18,mobile,2024-04-29 18:54:43,approved,False
TXN20240429005554,ACCT202356,MERCH300013,deposit,20.52,in_person,2024-04-29 15:16:11,approved,False
TXN20240429005555,ACCT202776,MERCH300295,deposit,10.63,web,2024-04-29 01:40:11,approved,False
TXN20240429005556,ACCT204482,MERCH300186,deposit,12.07,web,2024-04-29 10:56:45,approved,False
TXN20240429005557,ACCT204303,MERCH300092,purchase,10.63,in_person,2024-04-29 07:40:17,approved,False
TXN20240429005558,ACCT200282,MERCH300226,withdrawal,32.85,mobile,2024-04-29 17:58:40,approved,False
TXN20240429005559,ACCT204444,MERCH300054,purchase,64.41,web,2024-04-29 05:11:03,approved,False
TXN20240429005560,ACCT202866,MERCH300078,withdrawal,67.74,web,2024-04-29 18:20:44,approved,False
TXN20240429005561,ACCT202207,MERCH300004,purchase,132.57,in_person,2024-04-29 00:32:48,approved,False
TXN20240429005562,ACCT202495,MERCH300040,purchase,108.15,mobile,2024-04-29 09:54:20,approved,False
TXN20240429005563,ACCT204893,MERCH300185,transfer,35.49,in_person,2024-04-29 03:26:05,declined,False
TXN20240429005564,ACCT205177,MERCH300085,transfer,30.25,mobile,2024-04-29 15:15:39,approved,False
TXN20240429005565,ACCT202747,MERCH300225,purchase,28.26,mobile,2024-04-29 11:21:08,approved,False
TXN20240429005566,ACCT204754,MERCH300070,purchase,42.31,web,2024-04-29 16:24:43,approved,False
TXN20240429005567,ACCT204273,MERCH300280,purchase,21.27,atm,2024-04-29 12:06:54,approved,False
TXN20240429005568,ACCT203997,MERCH300265,purchase,48.87,web,2024-04-29 10:19:16,approved,False
TXN20240429005569,ACCT200455,MERCH300071,deposit,85.9,mobile,2024-04-29 08:51:01,declined,False
TXN20240429005570,ACCT202713,MERCH300129,purchase,36.42,in_person,2024-04-29 11:10:24,approved,False
TXN20240429005571,ACCT200301,MERCH300281,purchase,28.44,in_person,2024-04-29 02:59:23,approved,False
TXN20240429005572,ACCT201756,MERCH300155,withdrawal,36.18,web,2024-04-29 15:49:41,approved,False
TXN20240429005573,ACCT206242,MERCH300145,purchase,40.55,in_person,2024-04-29 17:43:57,approved,False
TXN20240429005574,ACCT205866,MERCH300183,purchase,7.13,in_person,2024-04-29 21:59:38,approved,False
TXN20240429005575,ACCT206286,MERCH300235,purchase,17.58,mobile,2024-04-29 12:09:01,approved,False
TXN20240429005576,ACCT203857,MERCH300251,withdrawal,65.76,mobile,2024-04-29 03:50:56,approved,False
TXN20240429005577,ACCT206365,MERCH300179,deposit,162.23,in_person,2024-04-29 06:46:13,approved,False
TXN20240429005578,ACCT202236,MERCH300169,purchase,17.55,mobile,2024-04-29 14:46:43,approved,False
TXN20240429005579,ACCT202074,MERCH300273,transfer,31.56,mobile,2024-04-29 23:35:28,approved,False
TXN20240429005580,ACCT204102,MERCH300263,purchase,26.72,in_person,2024-04-29 19:43:16,approved,False
TXN20240429005581,ACCT201686,MERCH300146,transfer,39.96,in_person,2024-04-29 10:15:03,approved,False
TXN20240429005582,ACCT204601,MERCH300096,withdrawal,31.29,web,2024-04-29 16:45:20,approved,False
TXN20240429005583,ACCT203847,MERCH300063,purchase,25.42,in_person,2024-04-29 07:38:49,declined,False
TXN20240429005584,ACCT204401,MERCH300039,purchase,6.86,in_person,2024-04-29 09:33:58,approved,False
TXN20240429005585,ACCT204472,MERCH300239,purchase,33.6,in_person,2024-04-29 08:53:15,approved,False
TXN20240429005586,ACCT202717,MERCH300284,withdrawal,76.43,web,2024-04-29 19:45:51,approved,False
TXN20240429005587,ACCT202351,MERCH300046,purchase,24.99,in_person,2024-04-29 11:05:43,approved,False
TXN20240429005588,ACCT205068,MERCH300286,purchase,164.87,mobile,2024-04-29 07:52:01,approved,False
TXN20240429005589,ACCT200642,MERCH300292,transfer,35.17,web,2024-04-29 16:17:50,approved,False
TXN20240429005590,ACCT204995,MERCH300103,transfer,5.11,in_person,2024-04-29 16:25:25,declined,False
TXN20240429005591,ACCT204521,MERCH300296,withdrawal,51.27,mobile,2024-04-29 15:24:33,approved,False
TXN20240429005592,ACCT201138,MERCH300019,purchase,17.43,web,2024-04-29 04:15:23,approved,False
TXN20240429005593,ACCT205959,MERCH300272,purchase,46.99,web,2024-04-29 11:24:31,approved,False
TXN20240429005594,ACCT200744,MERCH300022,purchase,90.08,mobile,2024-04-29 19:16:40,approved,False
TXN20240429005595,ACCT203385,MERCH300008,purchase,44.06,in_person,2024-04-29 18:38:10,approved,False
TXN20240429005596,ACCT201249,MERCH300217,purchase,33.48,in_person,2024-04-29 00:48:35,approved,False
TXN20240429005597,ACCT205094,MERCH300158,deposit,28.86,mobile,2024-04-29 18:30:40,approved,False
TXN20240429005598,ACCT200856,MERCH300083,purchase,44.82,mobile,2024-04-29 11:05:16,approved,False
TXN20240429005599,ACCT201651,MERCH300263,purchase,95.25,mobile,2024-04-29 15:22:44,approved,False
TXN20240429005600,ACCT202224,MERCH300132,deposit,79.4,mobile,2024-04-29 12:39:47,approved,False
TXN20240429005601,ACCT202680,MERCH300014,purchase,4.98,mobile,2024-04-29 10:21:56,approved,False
TXN20240429005602,ACCT204712,MERCH300024,purchase,233.98,mobile,2024-04-29 02:32:05,approved,False
TXN20240429005603,ACCT201070,MERCH300163,withdrawal,36.87,mobile,2024-04-29 21:17:12,approved,False
TXN20240429005604,ACCT204890,MERCH300131,purchase,160.26,atm,2024-04-29 23:41:19,approved,False
TXN20240429005605,ACCT201621,MERCH300041,purchase,35.63,web,2024-04-29 15:08:09,approved,False
TXN20240429005606,ACCT200481,MERCH300071,purchase,29.58,mobile,2024-04-29 17:48:31,approved,False
TXN20240429005607,ACCT203406,MERCH300296,purchase,14.1,atm,2024-04-29 02:31:20,approved,False
TXN20240429005608,ACCT204115,MERCH300192,purchase,27.94,mobile,2024-04-29 01:59:20,approved,False
TXN20240429005609,ACCT204821,MERCH300247,purchase,31.97,in_person,2024-04-29 18:12:37,approved,False
TXN20240429005610,ACCT205460,MERCH300283,withdrawal,42.09,web,2024-04-29 17:58:54,approved,False
TXN20240429005611,ACCT200453,MERCH300167,withdrawal,16.58,web,2024-04-29 18:36:53,approved,False
TXN20240429005612,ACCT204600,MERCH300063,purchase,9.49,web,2024-04-29 19:36:27,approved,False
TXN20240429005613,ACCT201501,MERCH300280,withdrawal,22.32,atm,2024-04-29 20:37:27,approved,False
TXN20240429005614,ACCT202733,MERCH300151,withdrawal,30.13,mobile,2024-04-29 05:08:53,approved,False
TXN20240429005615,ACCT202698,MERCH300162,purchase,41.42,in_person,2024-04-29 23:30:43,approved,False
TXN20240429005616,ACCT201936,MERCH300269,transfer,57.66,atm,2024-04-29 03:31:57,approved,False
TXN20240429005617,ACCT205895,MERCH300009,purchase,144.69,in_person,2024-04-29 03:15:21,declined,False
TXN20240429005618,ACCT202335,MERCH300190,purchase,48.72,web,2024-04-29 22:55:41,approved,False
TXN20240429005619,ACCT206334,MERCH300146,transfer,179.02,mobile,2024-04-29 22:43:51,approved,False
TXN20240429005620,ACCT205324,MERCH300270,transfer,55.57,in_person,2024-04-29 04:20:28,approved,False
TXN20240429005621,ACCT205486,MERCH300123,transfer,44.05,web,2024-04-29 20:03:51,approved,False
TXN20240429005622,ACCT202812,MERCH300135,transfer,22.86,web,2024-04-29 09:22:14,approved,False
TXN20240429005623,ACCT203214,MERCH300071,purchase,103.83,mobile,2024-04-29 11:05:07,approved,False
TXN20240429005624,ACCT200269,MERCH300269,purchase,45.12,mobile,2024-04-29 18:02:03,approved,False
TXN20240429005625,ACCT203960,MERCH300099,transfer,9.82,atm,2024-04-29 15:55:21,approved,False
TXN20240429005626,ACCT200400,MERCH300004,purchase,33.24,atm,2024-04-29 21:58:13,approved,False
TXN20240429005627,ACCT203246,MERCH300126,purchase,43.84,mobile,2024-04-29 10:47:06,approved,False
TXN20240429005628,ACCT204265,MERCH300171,purchase,14.8,mobile,2024-04-29 12:29:39,declined,False
TXN20240429005629,ACCT202875,MERCH300053,purchase,27.24,mobile,2024-04-29 05:55:12,approved,False
TXN20240429005630,ACCT202142,MERCH300139,withdrawal,82.93,web,2024-04-29 09:12:05,approved,False
TXN20240429005631,ACCT200547,MERCH300155,transfer,144.46,mobile,2024-04-29 21:18:49,approved,False
TXN20240429005632,ACCT203592,MERCH300133,purchase,66.07,in_person,2024-04-29 16:06:23,approved,False
TXN20240429005633,ACCT202663,MERCH300031,purchase,47.08,in_person,2024-04-29 05:39:45,approved,False
TXN20240429005634,ACCT204264,MERCH300214,purchase,46.01,in_person,2024-04-29 16:47:14,approved,False
TXN20240429005635,ACCT200868,MERCH300156,purchase,28.47,in_person,2024-04-29 17:19:46,declined,False
TXN20240429005636,ACCT203364,MERCH300088,purchase,24.33,in_person,2024-04-29 11:51:12,approved,False
TXN20240429005637,ACCT203399,MERCH300129,deposit,79.17,mobile,2024-04-29 03:27:22,approved,False
TXN20240429005638,ACCT204189,MERCH300167,transfer,79.95,in_person,2024-04-29 15:52:37,approved,False
TXN20240429005639,ACCT206254,MERCH300085,withdrawal,12.62,in_person,2024-04-29 06:06:52,approved,False
TXN20240429005640,ACCT202112,MERCH300224,purchase,18.75,atm,2024-04-29 11:20:52,approved,False
TXN20240429005641,ACCT203854,MERCH300278,purchase,69.72,in_person,2024-04-29 18:23:16,approved,False
TXN20240429005642,ACCT206443,MERCH300207,purchase,10.19,web,2024-04-29 20:16:43,approved,False
TXN20240429005643,ACCT204931,MERCH300034,withdrawal,19.19,mobile,2024-04-29 04:36:57,approved,False
TXN20240429005644,ACCT205140,MERCH300015,transfer,40.12,mobile,2024-04-29 10:51:03,approved,False
TXN20240429005645,ACCT203882,MERCH300109,purchase,49.6,web,2024-04-29 05:55:37,approved,False
TXN20240429005646,ACCT204305,MERCH300132,withdrawal,43.97,atm,2024-04-29 12:11:47,approved,False
TXN20240429005647,ACCT203206,MERCH300040,deposit,26.48,in_person,2024-04-29 20:16:31,approved,False
TXN20240429005648,ACCT204669,MERCH300203,purchase,49.25,in_person,2024-04-29 05:31:48,approved,False
TXN20240429005649,ACCT202482,MERCH300219,withdrawal,143.42,web,2024-04-29 23:58:39,approved,False
TXN20240429005650,ACCT200086,MERCH300123,purchase,24.3,in_person,2024-04-29 22:55:17,approved,False
TXN20240429005651,ACCT203688,MERCH300176,transfer,27.0,in_person,2024-04-29 09:28:12,approved,False
TXN20240429005652,ACCT204679,MERCH300088,purchase,15.43,web,2024-04-29 17:23:00,approved,False
TXN20240429005653,ACCT204432,MERCH300077,withdrawal,6.12,in_person,2024-04-29 23:27:47,approved,False
TXN20240429005654,ACCT203786,MERCH300299,purchase,82.47,web,2024-04-29 03:04:06,approved,False
TXN20240429005655,ACCT205189,MERCH300241,purchase,54.81,web,2024-04-29 08:41:46,approved,False
TXN20240429005656,ACCT204929,MERCH300010,deposit,44.47,atm,2024-04-29 07:57:27,approved,False
TXN20240429005657,ACCT206376,MERCH300026,transfer,42.29,mobile,2024-04-29 10:56:10,approved,False
TXN20240429005658,ACCT201405,MERCH300243,purchase,48.61,mobile,2024-04-29 08:33:22,approved,False
TXN20240429005659,ACCT204378,MERCH300210,transfer,61.86,atm,2024-04-29 18:12:09,approved,False
TXN20240429005660,ACCT203288,MERCH300296,purchase,541.46,in_person,2024-04-29 06:15:08,declined,False
TXN20240429005661,ACCT206108,MERCH300186,purchase,62.74,mobile,2024-04-29 13:35:33,approved,False
TXN20240429005662,ACCT202726,MERCH300224,purchase,204.82,web,2024-04-29 18:16:47,approved,False
TXN20240429005663,ACCT202505,MERCH300087,withdrawal,77.96,atm,2024-04-29 05:45:53,approved,False
TXN20240429005664,ACCT200029,MERCH300250,purchase,50.37,mobile,2024-04-29 09:43:29,approved,False
TXN20240429005665,ACCT204616,MERCH300089,purchase,23.79,mobile,2024-04-29 15:47:53,approved,False
TXN20240429005666,ACCT201766,MERCH300052,transfer,21.72,in_person,2024-04-29 08:45:34,declined,False
TXN20240429005667,ACCT202789,MERCH300251,withdrawal,30.03,mobile,2024-04-29 08:50:50,approved,False
TXN20240429005668,ACCT203142,MERCH300133,deposit,34.05,in_person,2024-04-29 07:56:16,approved,False
TXN20240429005669,ACCT204809,MERCH300083,transfer,20.26,in_person,2024-04-29 07:45:49,approved,False
TXN20240429005670,ACCT200651,MERCH300218,purchase,30.87,web,2024-04-29 00:44:38,approved,False
TXN20240429005671,ACCT205928,MERCH300204,purchase,10.26,web,2024-04-29 09:06:26,approved,False
TXN20240429005672,ACCT204735,MERCH300087,purchase,36.56,web,2024-04-29 05:51:50,approved,False
TXN20240429005673,ACCT202940,MERCH300173,purchase,36.56,mobile,2024-04-29 21:45:05,approved,False
TXN20240429005674,ACCT202524,MERCH300009,purchase,43.42,in_person,2024-04-29 08:59:37,approved,False
TXN20240429005675,ACCT206307,MERCH300070,purchase,11.58,in_person,2024-04-29 01:52:52,approved,False
TXN20240429005676,ACCT205353,MERCH300050,purchase,54.25,web,2024-04-29 14:29:57,approved,False
TXN20240429005677,ACCT200268,MERCH300098,withdrawal,29.37,web,2024-04-29 17:30:47,approved,False
TXN20240429005678,ACCT202550,MERCH300232,purchase,23.34,web,2024-04-29 17:15:53,approved,False
TXN20240429005679,ACCT203814,MERCH300285,purchase,15.99,web,2024-04-29 00:15:11,approved,False
TXN20240429005680,ACCT204151,MERCH300140,purchase,91.08,mobile,2024-04-29 00:40:17,approved,False
TXN20240429005681,ACCT200583,MERCH300131,purchase,15.67,in_person,2024-04-29 18:57:20,approved,False
TXN20240429005682,ACCT202169,MERCH300257,withdrawal,264.85,mobile,2024-04-29 06:33:22,approved,False
TXN20240429005683,ACCT203537,MERCH300260,deposit,84.97,mobile,2024-04-29 16:45:42,approved,False
TXN20240429005684,ACCT204002,MERCH300285,purchase,66.36,mobile,2024-04-29 02:59:23,approved,False
TXN20240429005685,ACCT202665,MERCH300210,purchase,9.35,mobile,2024-04-29 01:50:59,approved,False
TXN20240429005686,ACCT200493,MERCH300241,withdrawal,43.14,in_person,2024-04-29 07:16:48,approved,False
TXN20240429005687,ACCT202186,MERCH300025,purchase,52.94,web,2024-04-29 02:37:57,approved,False
TXN20240429005688,ACCT204889,MERCH300226,transfer,18.02,mobile,2024-04-29 04:47:15,approved,False
TXN20240429005689,ACCT202809,MERCH300019,purchase,75.82,mobile,2024-04-29 16:56:49,approved,False
TXN20240429005690,ACCT201492,MERCH300121,withdrawal,114.28,in_person,2024-04-29 07:20:53,approved,False
TXN20240429005691,ACCT200649,MERCH300115,transfer,18.94,in_person,2024-04-29 14:11:14,declined,False
TXN20240429005692,ACCT202179,MERCH300290,transfer,12.35,web,2024-04-29 22:41:05,approved,False
TXN20240429005693,ACCT200233,MERCH300035,purchase,8.62,mobile,2024-04-29 08:14:34,approved,False
TXN20240429005694,ACCT202272,MERCH300249,purchase,49.41,in_person,2024-04-29 03:26:58,approved,False
TXN20240429005695,ACCT206099,MERCH300033,purchase,13.39,web,2024-04-29 01:06:48,declined,False
TXN20240429005696,ACCT200411,MERCH300142,deposit,89.17,web,2024-04-29 01:25:32,approved,False
TXN20240429005697,ACCT205372,MERCH300129,deposit,144.37,mobile,2024-04-29 02:19:36,approved,False
TXN20240429005698,ACCT205338,MERCH300142,purchase,87.05,mobile,2024-04-29 20:53:45,approved,False
TXN20240429005699,ACCT206399,MERCH300175,purchase,28.49,in_person,2024-04-29 01:37:34,approved,False
TXN20240429005700,ACCT205261,MERCH300060,purchase,21.69,in_person,2024-04-29 13:37:23,approved,False
TXN20240429005701,ACCT204934,MERCH300263,purchase,16.48,web,2024-04-29 04:31:47,approved,False
TXN20240429005702,ACCT200280,MERCH300013,purchase,104.18,atm,2024-04-29 16:22:00,approved,False
TXN20240429005703,ACCT202044,MERCH300140,purchase,23.85,web,2024-04-29 18:21:31,approved,False
TXN20240429005704,ACCT203904,MERCH300268,purchase,40.58,web,2024-04-29 07:40:57,approved,False
TXN20240429005705,ACCT203124,MERCH300177,purchase,20.59,mobile,2024-04-29 09:53:16,approved,False
TXN20240429005706,ACCT201595,MERCH300007,transfer,27.7,in_person,2024-04-29 11:26:49,approved,False
TXN20240429005707,ACCT205531,MERCH300202,withdrawal,18.41,mobile,2024-04-29 11:44:39,approved,False
TXN20240429005708,ACCT201765,MERCH300160,purchase,548.64,mobile,2024-04-29 04:39:39,approved,False
TXN20240429005709,ACCT206153,MERCH300253,purchase,22.43,in_person,2024-04-29 02:46:13,approved,False
TXN20240429005710,ACCT200284,MERCH300179,purchase,106.3,in_person,2024-04-29 18:44:15,approved,False
TXN20240429005711,ACCT206400,MERCH300160,purchase,6.24,mobile,2024-04-29 14:45:00,approved,False
TXN20240429005712,ACCT205409,MERCH300229,purchase,242.69,in_person,2024-04-29 17:44:16,approved,False
TXN20240429005713,ACCT204317,MERCH300116,purchase,419.88,web,2024-04-29 09:26:06,approved,False
TXN20240429005714,ACCT202016,MERCH300297,deposit,104.95,in_person,2024-04-29 18:35:05,approved,False
TXN20240429005715,ACCT202730,MERCH300294,withdrawal,24.94,in_person,2024-04-29 05:14:32,approved,False
TXN20240429005716,ACCT205791,MERCH300153,purchase,84.33,in_person,2024-04-29 14:28:27,approved,False
TXN20240429005717,ACCT200481,MERCH300275,purchase,30.33,web,2024-04-29 05:20:56,approved,False
TXN20240429005718,ACCT204819,MERCH300225,withdrawal,31.2,in_person,2024-04-29 00:56:24,approved,False
TXN20240429005719,ACCT200119,MERCH300219,purchase,234.35,web,2024-04-29 02:24:56,approved,False
TXN20240429005720,ACCT202832,MERCH300260,transfer,42.58,web,2024-04-29 17:03:54,approved,False
TXN20240429005721,ACCT201598,MERCH300122,purchase,14.98,web,2024-04-29 14:56:53,approved,False
TXN20240429005722,ACCT200880,MERCH300163,purchase,35.51,atm,2024-04-29 10:30:31,approved,False
TXN20240429005723,ACCT205539,MERCH300238,purchase,156.02,web,2024-04-29 01:32:29,approved,False
TXN20240429005724,ACCT202207,MERCH300106,purchase,61.6,web,2024-04-29 14:51:02,approved,False
TXN20240429005725,ACCT203648,MERCH300138,withdrawal,13.09,web,2024-04-29 07:39:21,approved,False
TXN20240429005726,ACCT205048,MERCH300184,purchase,230.33,in_person,2024-04-29 05:47:25,approved,False
TXN20240429005727,ACCT205120,MERCH300151,transfer,570.37,in_person,2024-04-29 15:22:25,approved,False
TXN20240429005728,ACCT205017,MERCH300267,purchase,10.35,web,2024-04-29 02:54:07,approved,False
TXN20240429005729,ACCT204062,MERCH300049,withdrawal,76.69,mobile,2024-04-29 20:43:49,reversed,False
TXN20240429005730,ACCT201719,MERCH300032,purchase,39.98,web,2024-04-29 03:40:50,approved,False
TXN20240429005731,ACCT204531,MERCH300067,purchase,21.59,in_person,2024-04-29 13:04:33,reversed,False
TXN20240429005732,ACCT203163,MERCH300116,deposit,45.64,web,2024-04-29 12:57:47,approved,False
TXN20240429005733,ACCT201476,MERCH300126,purchase,65.69,in_person,2024-04-29 06:38:31,approved,False
TXN20240429005734,ACCT200134,MERCH300028,purchase,40.02,mobile,2024-04-29 11:25:39,approved,False
TXN20240429005735,ACCT203715,MERCH300008,purchase,16.56,atm,2024-04-29 09:16:34,approved,False
TXN20240429005736,ACCT202099,MERCH300168,purchase,13.68,web,2024-04-29 10:27:18,approved,False
TXN20240429005737,ACCT200284,MERCH300272,withdrawal,14.3,web,2024-04-29 11:42:54,approved,False
TXN20240429005738,ACCT200754,MERCH300271,transfer,68.16,in_person,2024-04-29 15:34:32,approved,False
TXN20240429005739,ACCT202810,MERCH300286,purchase,211.96,in_person,2024-04-29 10:40:21,approved,False
TXN20240429005740,ACCT201359,MERCH300126,transfer,13.58,web,2024-04-29 08:33:13,approved,False
TXN20240429005741,ACCT204501,MERCH300281,purchase,30.81,mobile,2024-04-29 03:43:34,approved,False
TXN20240429005742,ACCT205623,MERCH300120,purchase,141.27,in_person,2024-04-29 14:34:29,approved,False
TXN20240429005743,ACCT204727,MERCH300179,transfer,44.19,in_person,2024-04-29 23:41:14,approved,False
TXN20240429005744,ACCT201197,MERCH300013,purchase,21.99,web,2024-04-29 12:21:35,approved,False
TXN20240429005745,ACCT201522,MERCH300167,purchase,57.86,in_person,2024-04-29 11:40:30,approved,False
TXN20240429005746,ACCT203769,MERCH300272,withdrawal,14.99,web,2024-04-29 08:30:22,approved,False
TXN20240429005747,ACCT203589,MERCH300007,purchase,75.96,in_person,2024-04-29 15:01:10,approved,False
TXN20240429005748,ACCT203389,MERCH300289,purchase,64.71,in_person,2024-04-29 21:13:24,approved,False
TXN20240429005749,ACCT200149,MERCH300116,transfer,48.46,mobile,2024-04-29 23:33:49,approved,False
TXN20240429005750,ACCT203551,MERCH300001,purchase,42.04,mobile,2024-04-29 00:14:34,approved,False
TXN20240429005751,ACCT205687,MERCH300066,deposit,26.36,atm,2024-04-29 04:22:15,approved,False
TXN20240429005752,ACCT200952,MERCH300148,withdrawal,33.91,web,2024-04-29 15:01:10,approved,False
TXN20240429005753,ACCT204307,MERCH300154,purchase,31.59,web,2024-04-29 05:52:04,approved,False
TXN20240429005754,ACCT204312,MERCH300197,purchase,11.25,web,2024-04-29 17:14:09,approved,False
TXN20240429005755,ACCT205443,MERCH300061,purchase,266.26,mobile,2024-04-29 08:57:46,approved,False
TXN20240429005756,ACCT201263,MERCH300258,purchase,49.06,web,2024-04-29 23:02:45,approved,False
TXN20240429005757,ACCT200428,MERCH300151,purchase,33.9,atm,2024-04-29 19:52:57,approved,False
TXN20240429005758,ACCT202382,MERCH300147,transfer,12.57,web,2024-04-29 15:15:54,approved,False
TXN20240429005759,ACCT205478,MERCH300169,purchase,34.72,web,2024-04-29 19:43:54,approved,False
TXN20240429005760,ACCT200758,MERCH300000,purchase,15.98,in_person,2024-04-29 17:50:12,approved,False
TXN20240429005761,ACCT201752,MERCH300249,withdrawal,22.92,mobile,2024-04-29 06:49:07,approved,False
TXN20240429005762,ACCT206385,MERCH300094,purchase,193.79,web,2024-04-29 20:17:17,approved,False
TXN20240429005763,ACCT204812,MERCH300068,deposit,154.44,mobile,2024-04-29 19:54:05,approved,False
TXN20240429005764,ACCT203659,MERCH300141,transfer,32.72,web,2024-04-29 14:26:21,reversed,False
TXN20240429005765,ACCT202905,MERCH300252,deposit,24.09,in_person,2024-04-29 18:56:53,approved,False
TXN20240429005766,ACCT206466,MERCH300135,withdrawal,42.91,in_person,2024-04-29 17:05:59,approved,False
TXN20240429005767,ACCT206478,MERCH300143,deposit,170.52,web,2024-04-29 01:19:33,approved,False
TXN20240429005768,ACCT205920,MERCH300281,purchase,84.82,mobile,2024-04-29 23:10:12,approved,False
TXN20240429005769,ACCT206359,MERCH300045,purchase,40.84,in_person,2024-04-29 17:33:28,approved,False
TXN20240429005770,ACCT201737,MERCH300200,transfer,11.57,in_person,2024-04-29 05:13:13,approved,False
TXN20240429005771,ACCT202948,MERCH300118,deposit,71.25,in_person,2024-04-29 07:01:56,approved,False
TXN20240429005772,ACCT200567,MERCH300093,withdrawal,121.91,in_person,2024-04-29 15:53:51,approved,False
TXN20240429005773,ACCT203091,MERCH300234,purchase,94.31,web,2024-04-29 20:53:38,reversed,False
TXN20240429005774,ACCT205393,MERCH300204,transfer,134.23,in_person,2024-04-29 19:45:47,approved,False
TXN20240429005775,ACCT205894,MERCH300035,purchase,96.01,atm,2024-04-29 21:08:04,declined,False
TXN20240429005776,ACCT204833,MERCH300217,transfer,60.15,web,2024-04-29 15:35:43,approved,False
TXN20240429005777,ACCT205755,MERCH300150,withdrawal,25.71,mobile,2024-04-29 03:25:21,approved,False
TXN20240429005778,ACCT206023,MERCH300006,purchase,112.53,in_person,2024-04-29 17:06:00,approved,True
TXN20240429005779,ACCT200744,MERCH300195,purchase,174.75,in_person,2024-04-29 15:33:05,approved,False
TXN20240429005780,ACCT205432,MERCH300209,purchase,17.99,in_person,2024-04-29 06:46:42,approved,False
TXN20240429005781,ACCT204103,MERCH300009,purchase,32.18,mobile,2024-04-29 20:11:05,approved,False
TXN20240429005782,ACCT205763,MERCH300090,purchase,79.43,web,2024-04-29 05:25:41,approved,False
TXN20240429005783,ACCT205896,MERCH300049,purchase,33.02,mobile,2024-04-29 00:24:53,approved,False
TXN20240429005784,ACCT204956,MERCH300248,purchase,12.73,mobile,2024-04-29 14:27:21,approved,False
TXN20240429005785,ACCT204623,MERCH300132,withdrawal,58.36,in_person,2024-04-29 06:58:45,approved,False
TXN20240429005786,ACCT206215,MERCH300277,transfer,31.93,mobile,2024-04-29 13:28:49,approved,False
TXN20240429005787,ACCT200497,MERCH300289,deposit,44.42,atm,2024-04-29 00:14:47,approved,False
TXN20240429005788,ACCT200088,MERCH300289,purchase,74.41,web,2024-04-29 05:02:35,approved,False
TXN20240429005789,ACCT204352,MERCH300086,purchase,17.79,in_person,2024-04-29 16:15:06,approved,False
TXN20240429005790,ACCT203543,MERCH300276,transfer,200.45,in_person,2024-04-29 15:31:22,declined,False
TXN20240429005791,ACCT200721,MERCH300231,purchase,98.96,in_person,2024-04-29 01:19:26,approved,False
TXN20240429005792,ACCT204959,MERCH300038,purchase,86.31,atm,2024-04-29 00:23:43,approved,False
TXN20240429005793,ACCT203561,MERCH300131,transfer,74.09,mobile,2024-04-29 05:44:26,approved,False
TXN20240429005794,ACCT202540,MERCH300074,transfer,104.14,in_person,2024-04-29 03:17:33,approved,False
TXN20240429005795,ACCT205225,MERCH300002,deposit,54.85,mobile,2024-04-29 22:58:48,approved,False
TXN20240429005796,ACCT200714,MERCH300016,deposit,28.68,web,2024-04-29 18:55:09,approved,False
TXN20240429005797,ACCT203646,MERCH300078,purchase,48.79,mobile,2024-04-29 20:03:19,approved,False
TXN20240429005798,ACCT203968,MERCH300073,purchase,13.17,mobile,2024-04-29 06:57:27,approved,False
TXN20240429005799,ACCT203490,MERCH300180,purchase,5.79,in_person,2024-04-29 06:02:24,approved,False
TXN20240429005800,ACCT201712,MERCH300033,purchase,19.77,mobile,2024-04-29 14:33:38,approved,False
TXN20240429005801,ACCT201664,MERCH300283,purchase,15.87,mobile,2024-04-29 08:12:25,approved,False
TXN20240429005802,ACCT201000,MERCH300108,deposit,46.75,mobile,2024-04-29 18:36:56,approved,False
TXN20240429005803,ACCT203605,MERCH300081,purchase,263.2,atm,2024-04-29 04:25:20,approved,False
TXN20240429005804,ACCT205934,MERCH300054,purchase,75.76,mobile,2024-04-29 09:18:08,approved,False
TXN20240429005805,ACCT200497,MERCH300079,purchase,50.74,web,2024-04-29 10:24:58,approved,False
TXN20240429005806,ACCT205712,MERCH300208,purchase,28.28,web,2024-04-29 21:32:18,approved,False
TXN20240429005807,ACCT202907,MERCH300173,withdrawal,46.45,mobile,2024-04-29 03:59:10,approved,False
TXN20240429005808,ACCT204421,MERCH300217,transfer,64.62,web,2024-04-29 07:10:32,approved,False
TXN20240429005809,ACCT202636,MERCH300087,transfer,18.85,in_person,2024-04-29 03:50:31,approved,False
TXN20240429005810,ACCT200289,MERCH300002,withdrawal,32.56,mobile,2024-04-29 19:01:34,approved,False
TXN20240429005811,ACCT202250,MERCH300275,purchase,169.18,mobile,2024-04-29 08:24:42,approved,False
TXN20240429005812,ACCT206257,MERCH300092,purchase,92.77,web,2024-04-29 05:45:30,approved,False
TXN20240429005813,ACCT203196,MERCH300154,purchase,41.03,mobile,2024-04-29 18:15:22,approved,False
TXN20240429005814,ACCT203543,MERCH300039,purchase,79.19,mobile,2024-04-29 12:25:21,approved,False
TXN20240429005815,ACCT203623,MERCH300213,purchase,110.43,mobile,2024-04-29 22:08:00,approved,False
TXN20240429005816,ACCT202957,MERCH300143,purchase,103.38,web,2024-04-29 01:09:48,approved,False
TXN20240429005817,ACCT205819,MERCH300114,purchase,77.5,mobile,2024-04-29 22:33:13,approved,False
TXN20240429005818,ACCT202777,MERCH300292,deposit,34.94,web,2024-04-29 06:15:35,approved,False
TXN20240429005819,ACCT200062,MERCH300295,purchase,42.79,in_person,2024-04-29 21:20:27,reversed,False
TXN20240429005820,ACCT204667,MERCH300108,purchase,81.32,in_person,2024-04-29 05:49:20,approved,False
TXN20240429005821,ACCT203160,MERCH300112,purchase,19.22,in_person,2024-04-29 22:26:09,approved,False
TXN20240429005822,ACCT201796,MERCH300173,purchase,45.42,in_person,2024-04-29 17:38:12,approved,False
TXN20240429005823,ACCT204637,MERCH300266,deposit,9.56,mobile,2024-04-29 17:40:47,approved,False
TXN20240429005824,ACCT204811,MERCH300084,purchase,33.67,in_person,2024-04-29 17:30:06,approved,False
TXN20240429005825,ACCT201260,MERCH300194,purchase,29.7,web,2024-04-29 19:25:06,approved,False
TXN20240429005826,ACCT202812,MERCH300212,purchase,32.01,web,2024-04-29 23:27:13,approved,False
TXN20240429005827,ACCT203966,MERCH300166,deposit,29.11,web,2024-04-29 15:16:05,approved,False
TXN20240429005828,ACCT201114,MERCH300184,purchase,39.92,mobile,2024-04-29 20:28:14,approved,False
TXN20240429005829,ACCT204728,MERCH300186,purchase,24.74,web,2024-04-29 23:36:27,approved,False
TXN20240429005830,ACCT200223,MERCH300024,transfer,24.33,mobile,2024-04-29 03:18:04,approved,False
TXN20240429005831,ACCT203061,MERCH300188,transfer,192.42,in_person,2024-04-29 18:34:20,approved,False
TXN20240429005832,ACCT200728,MERCH300136,purchase,99.8,web,2024-04-29 10:47:41,approved,False
TXN20240429005833,ACCT205374,MERCH300176,purchase,47.07,in_person,2024-04-29 06:53:54,approved,False
TXN20240429005834,ACCT204860,MERCH300183,purchase,93.3,in_person,2024-04-29 11:29:02,approved,False
TXN20240429005835,ACCT203747,MERCH300100,deposit,44.11,in_person,2024-04-29 13:12:37,approved,False
TXN20240429005836,ACCT205484,MERCH300155,purchase,68.02,web,2024-04-29 03:43:31,approved,False
TXN20240429005837,ACCT204891,MERCH300276,purchase,41.09,in_person,2024-04-29 15:44:05,approved,False
TXN20240429005838,ACCT202714,MERCH300154,deposit,72.84,atm,2024-04-29 08:45:28,approved,False
TXN20240429005839,ACCT202777,MERCH300059,deposit,32.65,mobile,2024-04-29 04:19:45,approved,False
TXN20240429005840,ACCT205572,MERCH300076,purchase,63.92,web,2024-04-29 12:53:18,approved,False
TXN20240429005841,ACCT202148,MERCH300186,purchase,49.03,in_person,2024-04-29 11:47:40,approved,False
TXN20240429005842,ACCT200297,MERCH300179,purchase,33.07,in_person,2024-04-29 09:58:03,approved,False
TXN20240429005843,ACCT200896,MERCH300005,deposit,20.93,web,2024-04-29 18:04:58,approved,False
TXN20240429005844,ACCT203857,MERCH300073,transfer,190.14,atm,2024-04-29 03:19:43,approved,False
TXN20240429005845,ACCT204872,MERCH300219,purchase,104.56,mobile,2024-04-29 09:37:13,approved,False
TXN20240429005846,ACCT203487,MERCH300121,transfer,58.15,mobile,2024-04-29 08:38:01,approved,False
TXN20240429005847,ACCT202942,MERCH300012,withdrawal,94.64,web,2024-04-29 03:48:17,approved,False
TXN20240429005848,ACCT201982,MERCH300196,deposit,82.19,atm,2024-04-29 13:37:15,approved,False
TXN20240429005849,ACCT205607,MERCH300258,transfer,24.83,in_person,2024-04-29 17:54:26,approved,False
TXN20240429005850,ACCT205144,MERCH300071,transfer,33.84,mobile,2024-04-29 01:40:19,approved,False
TXN20240429005851,ACCT200489,MERCH300164,transfer,7.41,web,2024-04-29 14:19:31,approved,False
TXN20240429005852,ACCT203388,MERCH300154,deposit,10.8,mobile,2024-04-29 18:49:09,approved,False
TXN20240429005853,ACCT201775,MERCH300072,purchase,6.26,atm,2024-04-29 13:35:35,approved,False
TXN20240429005854,ACCT200808,MERCH300178,purchase,52.18,web,2024-04-29 17:35:53,approved,False
TXN20240429005855,ACCT202963,MERCH300218,purchase,68.84,mobile,2024-04-29 08:39:53,approved,False
TXN20240429005856,ACCT200618,MERCH300104,purchase,10.42,mobile,2024-04-29 12:33:10,approved,False
TXN20240429005857,ACCT204012,MERCH300191,transfer,28.0,mobile,2024-04-29 00:04:41,approved,False
TXN20240429005858,ACCT204884,MERCH300192,transfer,10.26,in_person,2024-04-29 21:16:51,approved,False
TXN20240429005859,ACCT203167,MERCH300034,purchase,250.34,in_person,2024-04-29 18:57:38,approved,False
TXN20240429005860,ACCT202793,MERCH300135,purchase,55.48,in_person,2024-04-29 17:59:07,approved,False
TXN20240429005861,ACCT204100,MERCH300263,deposit,64.17,in_person,2024-04-29 00:49:47,approved,False
TXN20240429005862,ACCT205449,MERCH300040,deposit,6.43,web,2024-04-29 00:22:41,approved,False
TXN20240429005863,ACCT202359,MERCH300065,purchase,22.54,web,2024-04-29 00:06:50,approved,False
TXN20240429005864,ACCT200617,MERCH300194,deposit,87.2,in_person,2024-04-29 19:54:19,approved,False
TXN20240429005865,ACCT201869,MERCH300244,withdrawal,41.36,in_person,2024-04-29 06:22:14,approved,False
TXN20240429005866,ACCT200154,MERCH300091,purchase,252.25,in_person,2024-04-29 05:06:18,approved,False
TXN20240429005867,ACCT205489,MERCH300132,transfer,98.95,web,2024-04-29 20:49:21,approved,False
TXN20240429005868,ACCT203944,MERCH300295,purchase,64.88,in_person,2024-04-29 02:03:24,approved,False
TXN20240429005869,ACCT204499,MERCH300088,purchase,33.98,web,2024-04-29 09:55:03,approved,False
TXN20240429005870,ACCT200517,MERCH300149,purchase,40.31,web,2024-04-29 12:51:11,approved,False
TXN20240429005871,ACCT201409,MERCH300202,purchase,30.15,mobile,2024-04-29 05:47:05,approved,False
TXN20240429005872,ACCT200280,MERCH300068,purchase,272.81,web,2024-04-29 07:55:05,approved,False
TXN20240429005873,ACCT201534,MERCH300293,purchase,13.09,web,2024-04-29 21:49:52,approved,False
TXN20240429005874,ACCT202079,MERCH300060,transfer,104.79,web,2024-04-29 05:08:37,approved,False
TXN20240429005875,ACCT203653,MERCH300048,purchase,48.47,in_person,2024-04-29 14:10:54,approved,False
TXN20240429005876,ACCT204807,MERCH300011,purchase,18.44,web,2024-04-29 04:32:42,approved,False
TXN20240429005877,ACCT204742,MERCH300023,purchase,167.24,mobile,2024-04-29 13:42:11,approved,False
TXN20240429005878,ACCT200734,MERCH300181,purchase,51.7,web,2024-04-29 04:18:22,approved,False
TXN20240429005879,ACCT203027,MERCH300259,purchase,15.39,atm,2024-04-29 15:41:14,approved,False
TXN20240429005880,ACCT201587,MERCH300114,deposit,44.39,mobile,2024-04-29 20:37:07,approved,False
TXN20240429005881,ACCT206332,MERCH300176,purchase,15.42,mobile,2024-04-29 17:00:04,approved,False
TXN20240429005882,ACCT203294,MERCH300162,purchase,26.4,web,2024-04-29 18:41:27,approved,False
TXN20240429005883,ACCT200564,MERCH300263,purchase,82.37,in_person,2024-04-29 21:39:03,approved,False
TXN20240429005884,ACCT205934,MERCH300004,purchase,16.54,web,2024-04-29 20:01:36,approved,False
TXN20240429005885,ACCT202582,MERCH300031,deposit,43.65,in_person,2024-04-29 03:45:30,approved,False
TXN20240429005886,ACCT201696,MERCH300232,purchase,49.53,in_person,2024-04-29 03:12:04,approved,False
TXN20240429005887,ACCT201496,MERCH300115,purchase,165.57,in_person,2024-04-29 19:38:00,approved,False
TXN20240429005888,ACCT204345,MERCH300018,deposit,21.1,in_person,2024-04-29 03:20:44,declined,False
TXN20240429005889,ACCT201769,MERCH300242,purchase,11.27,in_person,2024-04-29 17:57:44,approved,False
TXN20240429005890,ACCT204290,MERCH300085,deposit,32.08,mobile,2024-04-29 13:37:15,approved,False
TXN20240429005891,ACCT205094,MERCH300269,deposit,18.07,web,2024-04-29 06:42:07,approved,False
TXN20240429005892,ACCT205975,MERCH300047,transfer,38.12,mobile,2024-04-29 14:07:58,approved,False
TXN20240429005893,ACCT204477,MERCH300065,transfer,17.1,mobile,2024-04-29 18:26:57,approved,False
TXN20240429005894,ACCT204975,MERCH300068,purchase,51.48,atm,2024-04-29 07:15:50,approved,False
TXN20240429005895,ACCT206149,MERCH300163,transfer,40.35,web,2024-04-29 01:35:49,approved,False
TXN20240429005896,ACCT200482,MERCH300116,purchase,68.14,web,2024-04-29 05:06:36,approved,False
TXN20240429005897,ACCT201144,MERCH300243,deposit,92.18,mobile,2024-04-29 19:00:21,declined,False
TXN20240429005898,ACCT201357,MERCH300254,transfer,59.4,in_person,2024-04-29 15:59:13,declined,False
TXN20240429005899,ACCT201955,MERCH300105,purchase,43.2,in_person,2024-04-29 23:09:31,approved,False
TXN20240429005900,ACCT201076,MERCH300156,purchase,39.1,in_person,2024-04-29 06:55:53,approved,False
TXN20240429005901,ACCT206099,MERCH300267,purchase,30.97,web,2024-04-29 11:54:52,approved,False
TXN20240429005902,ACCT203429,MERCH300239,purchase,65.65,web,2024-04-29 20:34:55,approved,False
TXN20240429005903,ACCT200406,MERCH300108,transfer,28.06,mobile,2024-04-29 07:14:25,approved,False
TXN20240429005904,ACCT200142,MERCH300261,purchase,21.25,mobile,2024-04-29 18:40:43,declined,False
TXN20240429005905,ACCT201471,MERCH300130,purchase,108.68,web,2024-04-29 13:58:23,declined,False
TXN20240429005906,ACCT205972,MERCH300246,deposit,23.64,mobile,2024-04-29 15:09:53,approved,False
TXN20240429005907,ACCT205603,MERCH300255,transfer,47.03,in_person,2024-04-29 19:49:04,approved,False
TXN20240429005908,ACCT201030,MERCH300161,transfer,45.07,mobile,2024-04-29 03:42:47,approved,False
TXN20240429005909,ACCT203769,MERCH300271,deposit,12.42,mobile,2024-04-29 20:49:53,approved,False
TXN20240429005910,ACCT205666,MERCH300161,deposit,27.43,mobile,2024-04-29 02:55:11,approved,False
TXN20240429005911,ACCT203847,MERCH300158,purchase,76.93,in_person,2024-04-29 22:21:46,reversed,False
TXN20240429005912,ACCT205645,MERCH300191,purchase,46.19,in_person,2024-04-29 16:43:00,approved,False
TXN20240429005913,ACCT203917,MERCH300272,withdrawal,23.27,atm,2024-04-29 10:09:20,approved,False
TXN20240429005914,ACCT205188,MERCH300033,purchase,17.25,web,2024-04-29 12:39:24,approved,False
TXN20240429005915,ACCT201092,MERCH300098,withdrawal,81.63,mobile,2024-04-29 00:51:52,approved,False
TXN20240429005916,ACCT200945,MERCH300026,purchase,29.58,web,2024-04-29 00:14:04,approved,False
TXN20240429005917,ACCT204760,MERCH300003,purchase,102.83,atm,2024-04-29 12:03:10,approved,False
TXN20240429005918,ACCT202530,MERCH300059,purchase,73.46,atm,2024-04-29 10:13:48,approved,False
TXN20240429005919,ACCT203132,MERCH300117,purchase,117.28,in_person,2024-04-29 13:38:05,approved,False
TXN20240429005920,ACCT203821,MERCH300082,withdrawal,56.41,web,2024-04-29 00:22:17,approved,False
TXN20240429005921,ACCT200485,MERCH300160,purchase,63.64,mobile,2024-04-29 02:50:23,approved,False
TXN20240429005922,ACCT205115,MERCH300097,purchase,22.65,in_person,2024-04-29 05:49:57,approved,False
TXN20240429005923,ACCT204803,MERCH300148,purchase,51.24,atm,2024-04-29 03:30:52,approved,False
TXN20240429005924,ACCT200402,MERCH300004,purchase,33.84,mobile,2024-04-29 22:33:53,approved,False
TXN20240429005925,ACCT204617,MERCH300272,purchase,170.54,mobile,2024-04-29 22:04:32,approved,False
TXN20240429005926,ACCT200682,MERCH300009,transfer,23.91,web,2024-04-29 19:55:23,approved,False
TXN20240429005927,ACCT204246,MERCH300227,purchase,71.54,web,2024-04-29 00:43:44,approved,False
TXN20240429005928,ACCT204804,MERCH300201,purchase,113.41,in_person,2024-04-29 19:20:25,approved,False
TXN20240429005929,ACCT202616,MERCH300288,purchase,23.41,mobile,2024-04-29 07:41:42,approved,False
TXN20240429005930,ACCT200015,MERCH300034,transfer,120.88,in_person,2024-04-29 15:06:30,approved,False
TXN20240429005931,ACCT201115,MERCH300048,purchase,9.72,web,2024-04-29 14:33:45,approved,False
TXN20240429005932,ACCT200879,MERCH300248,purchase,113.55,in_person,2024-04-29 21:05:39,approved,False
TXN20240429005933,ACCT202092,MERCH300009,purchase,63.64,web,2024-04-29 10:53:36,approved,False
TXN20240429005934,ACCT200092,MERCH300143,purchase,42.89,in_person,2024-04-29 19:11:09,approved,False
TXN20240429005935,ACCT206417,MERCH300043,purchase,21.31,in_person,2024-04-29 12:37:42,approved,False
TXN20240429005936,ACCT201719,MERCH300125,transfer,96.53,in_person,2024-04-29 15:35:04,approved,False
TXN20240429005937,ACCT202037,MERCH300121,purchase,27.96,mobile,2024-04-29 01:39:40,approved,False
TXN20240429005938,ACCT203476,MERCH300271,purchase,80.57,atm,2024-04-29 17:35:13,approved,False
TXN20240429005939,ACCT203285,MERCH300034,purchase,22.84,web,2024-04-29 04:27:28,approved,False
TXN20240429005940,ACCT204200,MERCH300164,purchase,9.13,in_person,2024-04-29 04:54:52,approved,False
TXN20240429005941,ACCT201817,MERCH300107,purchase,24.22,in_person,2024-04-29 23:40:09,approved,False
TXN20240429005942,ACCT201660,MERCH300209,purchase,43.33,in_person,2024-04-29 19:06:35,approved,False
TXN20240429005943,ACCT200855,MERCH300024,purchase,15.95,in_person,2024-04-29 21:57:07,approved,False
TXN20240429005944,ACCT200916,MERCH300124,purchase,36.71,mobile,2024-04-29 23:16:05,approved,False
TXN20240429005945,ACCT205568,MERCH300246,purchase,52.12,mobile,2024-04-29 19:33:12,declined,False
TXN20240429005946,ACCT201566,MERCH300024,deposit,15.55,web,2024-04-29 18:23:52,approved,False
TXN20240429005947,ACCT205061,MERCH300217,purchase,11.43,web,2024-04-29 14:49:50,approved,False
TXN20240429005948,ACCT204043,MERCH300180,purchase,98.06,in_person,2024-04-29 09:14:58,approved,False
TXN20240429005949,ACCT202214,MERCH300000,purchase,46.92,web,2024-04-29 21:22:30,approved,False
TXN20240429005950,ACCT201324,MERCH300266,purchase,19.13,mobile,2024-04-29 19:13:30,approved,False
TXN20240429005951,ACCT203062,MERCH300176,purchase,45.62,in_person,2024-04-29 03:13:41,approved,False
TXN20240429005952,ACCT203374,MERCH300108,purchase,15.56,in_person,2024-04-29 19:45:27,approved,False
TXN20240429005953,ACCT202448,MERCH300070,purchase,64.4,web,2024-04-29 02:37:15,approved,False
TXN20240429005954,ACCT202269,MERCH300186,purchase,31.06,in_person,2024-04-29 00:33:56,approved,False
TXN20240429005955,ACCT206435,MERCH300101,purchase,30.81,mobile,2024-04-29 17:32:36,declined,False
TXN20240429005956,ACCT203502,MERCH300032,purchase,45.16,atm,2024-04-29 02:24:06,approved,False
TXN20240429005957,ACCT200751,MERCH300076,purchase,10.29,web,2024-04-29 10:00:09,approved,False
TXN20240429005958,ACCT203518,MERCH300033,transfer,28.73,web,2024-04-29 19:42:28,reversed,False
TXN20240429005959,ACCT203750,MERCH300257,purchase,20.88,web,2024-04-29 11:12:46,approved,False
TXN20240429005960,ACCT206182,MERCH300187,purchase,11.93,in_person,2024-04-29 20:20:09,approved,False
TXN20240429005961,ACCT202777,MERCH300078,purchase,48.81,web,2024-04-29 04:24:14,approved,False
TXN20240429005962,ACCT203425,MERCH300155,deposit,105.35,atm,2024-04-29 08:35:36,approved,False
TXN20240429005963,ACCT202499,MERCH300158,purchase,46.07,web,2024-04-29 22:05:41,approved,False
TXN20240429005964,ACCT205488,MERCH300063,withdrawal,49.37,mobile,2024-04-29 07:03:10,approved,False
TXN20240429005965,ACCT200295,MERCH300217,purchase,7.51,web,2024-04-29 20:19:51,approved,False
TXN20240429005966,ACCT200416,MERCH300250,purchase,22.52,web,2024-04-29 15:00:45,approved,False
TXN20240429005967,ACCT206209,MERCH300041,transfer,37.78,in_person,2024-04-29 09:01:42,declined,False
TXN20240429005968,ACCT204213,MERCH300076,purchase,35.95,web,2024-04-29 16:20:48,approved,False
TXN20240429005969,ACCT200371,MERCH300132,purchase,9.98,mobile,2024-04-29 14:53:52,approved,False
TXN20240429005970,ACCT206477,MERCH300049,purchase,41.77,in_person,2024-04-29 02:19:10,approved,False
TXN20240429005971,ACCT203752,MERCH300118,deposit,32.17,mobile,2024-04-29 05:31:48,approved,False
TXN20240429005972,ACCT205736,MERCH300135,purchase,68.42,in_person,2024-04-29 00:15:07,approved,False
TXN20240429005973,ACCT202006,MERCH300025,purchase,48.69,mobile,2024-04-29 12:35:42,approved,False
TXN20240429005974,ACCT200268,MERCH300192,purchase,52.22,web,2024-04-29 21:13:09,approved,False
TXN20240429005975,ACCT202865,MERCH300296,deposit,26.39,mobile,2024-04-29 00:13:08,approved,False
TXN20240429005976,ACCT201439,MERCH300227,purchase,33.21,in_person,2024-04-29 16:21:33,approved,False
TXN20240429005977,ACCT203660,MERCH300016,purchase,198.02,atm,2024-04-29 08:34:25,approved,False
TXN20240429005978,ACCT204003,MERCH300024,purchase,47.12,web,2024-04-29 08:01:23,approved,False
TXN20240429005979,ACCT203109,MERCH300125,withdrawal,130.34,web,2024-04-29 02:12:00,approved,False
TXN20240429005980,ACCT203890,MERCH300018,purchase,16.46,in_person,2024-04-29 02:57:07,approved,False
TXN20240429005981,ACCT205031,MERCH300012,purchase,19.19,web,2024-04-29 14:11:13,approved,False
TXN20240429005982,ACCT203291,MERCH300209,purchase,57.14,mobile,2024-04-29 04:45:46,approved,False
TXN20240429005983,ACCT203929,MERCH300142,withdrawal,29.97,web,2024-04-29 01:34:02,approved,False
TXN20240429005984,ACCT206049,MERCH300155,purchase,80.71,in_person,2024-04-29 06:42:53,approved,False
TXN20240429005985,ACCT202939,MERCH300270,purchase,16.91,web,2024-04-29 05:23:54,approved,False
TXN20240429005986,ACCT201339,MERCH300219,purchase,45.98,web,2024-04-29 16:08:09,approved,False
TXN20240429005987,ACCT204492,MERCH300226,purchase,63.94,in_person,2024-04-29 14:28:05,approved,False
TXN20240429005988,ACCT205404,MERCH300116,purchase,22.41,web,2024-04-29 06:42:02,approved,False
TXN20240429005989,ACCT202587,MERCH300278,transfer,49.34,web,2024-04-29 18:01:12,approved,False
TXN20240429005990,ACCT205594,MERCH300280,purchase,67.36,web,2024-04-29 21:37:18,approved,False
TXN20240429005991,ACCT203135,MERCH300276,transfer,38.83,web,2024-04-29 04:21:04,approved,False
TXN20240429005992,ACCT204034,MERCH300235,transfer,6.52,in_person,2024-04-29 21:11:56,approved,False
TXN20240429005993,ACCT203586,MERCH300062,deposit,76.06,in_person,2024-04-29 05:52:15,reversed,False
TXN20240429005994,ACCT204182,MERCH300197,purchase,10.93,in_person,2024-04-29 09:44:02,approved,False
TXN20240429005995,ACCT204679,MERCH300261,purchase,8.43,web,2024-04-29 09:59:10,approved,False
TXN20240429005996,ACCT201022,MERCH300267,deposit,20.38,mobile,2024-04-29 09:55:20,approved,False
TXN20240429005997,ACCT202150,MERCH300130,purchase,4.5,web,2024-04-29 16:19:00,approved,False
TXN20240429005998,ACCT203177,MERCH300100,deposit,35.31,in_person,2024-04-29 22:02:01,approved,False
TXN20240429005999,ACCT200335,MERCH300160,purchase,54.94,in_person,2024-04-29 15:22:58,approved,False
TXN20240429006000,ACCT202081,MERCH300043,withdrawal,46.04,in_person,2024-04-29 10:47:44,approved,False
TXN20240429006001,ACCT203930,MERCH300032,purchase,57.23,in_person,2024-04-29 02:26:00,approved,False
TXN20240429006002,ACCT200638,MERCH300081,purchase,18.7,atm,2024-04-29 00:29:33,declined,False
TXN20240429006003,ACCT205704,MERCH300197,purchase,31.82,in_person,2024-04-29 07:01:30,approved,False
TXN20240429006004,ACCT204952,MERCH300019,purchase,82.41,web,2024-04-29 09:59:55,approved,False
TXN20240429006005,ACCT205077,MERCH300255,withdrawal,61.91,web,2024-04-29 09:17:31,approved,False
TXN20240429006006,ACCT204584,MERCH300115,purchase,45.37,web,2024-04-29 04:02:42,approved,False
TXN20240429006007,ACCT203163,MERCH300091,deposit,32.76,web,2024-04-29 05:48:50,reversed,False
TXN20240429006008,ACCT203387,MERCH300029,transfer,112.86,in_person,2024-04-29 03:33:27,approved,False
TXN20240429006009,ACCT204471,MERCH300179,purchase,604.91,in_person,2024-04-29 00:57:21,approved,False
TXN20240429006010,ACCT204231,MERCH300046,purchase,38.26,in_person,2024-04-29 17:23:43,approved,False
TXN20240429006011,ACCT200723,MERCH300228,purchase,36.79,web,2024-04-29 22:18:12,approved,False
TXN20240429006012,ACCT201960,MERCH300045,purchase,33.88,mobile,2024-04-29 15:05:48,approved,False
TXN20240429006013,ACCT202297,MERCH300142,purchase,27.01,in_person,2024-04-29 19:10:41,approved,False
TXN20240429006014,ACCT200307,MERCH300099,purchase,17.77,mobile,2024-04-29 00:01:01,approved,False
TXN20240429006015,ACCT204032,MERCH300280,purchase,28.29,web,2024-04-29 01:26:58,approved,False
TXN20240429006016,ACCT202415,MERCH300209,deposit,63.5,web,2024-04-29 15:35:46,approved,False
TXN20240429006017,ACCT202594,MERCH300130,purchase,19.33,web,2024-04-29 04:37:48,approved,False
TXN20240429006018,ACCT200379,MERCH300082,purchase,16.96,in_person,2024-04-29 05:36:48,approved,False
TXN20240429006019,ACCT201935,MERCH300119,purchase,14.92,web,2024-04-29 07:05:50,approved,False
TXN20240429006020,ACCT200205,MERCH300238,purchase,74.88,mobile,2024-04-29 05:53:56,approved,False
TXN20240429006021,ACCT202519,MERCH300120,purchase,43.28,in_person,2024-04-29 15:37:19,approved,False
TXN20240429006022,ACCT204972,MERCH300262,purchase,74.66,in_person,2024-04-29 20:59:44,approved,False
TXN20240429006023,ACCT205423,MERCH300246,purchase,52.3,in_person,2024-04-29 10:21:20,approved,False
TXN20240429006024,ACCT202078,MERCH300231,purchase,50.53,mobile,2024-04-29 15:20:48,approved,False
TXN20240429006025,ACCT204559,MERCH300159,transfer,146.31,in_person,2024-04-29 17:19:38,approved,False
TXN20240429006026,ACCT203907,MERCH300259,deposit,8.72,web,2024-04-29 21:21:46,declined,False
TXN20240429006027,ACCT205178,MERCH300180,purchase,119.92,web,2024-04-29 18:55:08,approved,False
TXN20240429006028,ACCT201451,MERCH300127,purchase,111.91,atm,2024-04-29 05:45:22,declined,False
TXN20240429006029,ACCT201340,MERCH300214,purchase,19.64,in_person,2024-04-29 06:33:28,approved,False
TXN20240429006030,ACCT200363,MERCH300153,purchase,65.17,mobile,2024-04-29 09:50:39,approved,False
TXN20240429006031,ACCT201617,MERCH300016,purchase,15.19,web,2024-04-29 15:13:30,approved,False
TXN20240429006032,ACCT203755,MERCH300043,purchase,168.14,mobile,2024-04-29 22:23:01,approved,False
TXN20240429006033,ACCT200516,MERCH300299,withdrawal,53.19,mobile,2024-04-29 21:50:35,approved,False
TXN20240429006034,ACCT206006,MERCH300090,purchase,24.38,mobile,2024-04-29 08:57:05,approved,False
TXN20240429006035,ACCT201465,MERCH300048,withdrawal,115.0,web,2024-04-29 19:05:44,approved,False
TXN20240429006036,ACCT201650,MERCH300147,purchase,97.25,in_person,2024-04-29 05:51:14,approved,False
TXN20240429006037,ACCT204825,MERCH300189,purchase,48.59,mobile,2024-04-29 05:03:17,approved,False
TXN20240429006038,ACCT203518,MERCH300099,purchase,57.15,web,2024-04-29 10:05:17,approved,False
TXN20240429006039,ACCT200532,MERCH300164,purchase,25.58,in_person,2024-04-29 10:24:49,approved,False
TXN20240429006040,ACCT200058,MERCH300072,deposit,55.75,mobile,2024-04-29 09:12:37,approved,False
TXN20240429006041,ACCT203700,MERCH300008,deposit,58.03,in_person,2024-04-29 04:00:44,declined,False
TXN20240429006042,ACCT200466,MERCH300271,purchase,11.44,web,2024-04-29 03:11:50,approved,False
TXN20240429006043,ACCT202434,MERCH300022,transfer,42.41,mobile,2024-04-29 20:37:33,approved,False
TXN20240429006044,ACCT203527,MERCH300031,deposit,12.73,web,2024-04-29 05:49:58,approved,False
TXN20240429006045,ACCT202366,MERCH300075,purchase,11.39,web,2024-04-29 13:12:58,approved,False
TXN20240429006046,ACCT201801,MERCH300025,purchase,30.59,in_person,2024-04-29 07:16:55,approved,False
TXN20240429006047,ACCT200433,MERCH300298,deposit,17.24,mobile,2024-04-29 22:00:23,approved,False
TXN20240429006048,ACCT204361,MERCH300203,deposit,11.29,web,2024-04-29 12:43:47,declined,False
TXN20240429006049,ACCT204476,MERCH300280,purchase,191.48,in_person,2024-04-29 10:43:48,approved,False
TXN20240429006050,ACCT202852,MERCH300278,purchase,18.76,mobile,2024-04-29 15:40:50,approved,False
TXN20240429006051,ACCT204381,MERCH300000,transfer,13.37,in_person,2024-04-29 08:29:28,approved,False
TXN20240429006052,ACCT206031,MERCH300183,purchase,59.35,mobile,2024-04-29 15:32:48,approved,False
TXN20240429006053,ACCT206459,MERCH300224,purchase,28.84,in_person,2024-04-29 03:35:25,approved,False
TXN20240429006054,ACCT205959,MERCH300138,withdrawal,63.76,in_person,2024-04-29 04:19:19,approved,False
TXN20240429006055,ACCT203116,MERCH300019,purchase,88.72,atm,2024-04-29 00:12:43,approved,False
TXN20240429006056,ACCT205115,MERCH300149,purchase,44.84,in_person,2024-04-29 03:20:45,approved,False
TXN20240429006057,ACCT200948,MERCH300128,purchase,24.26,mobile,2024-04-29 21:39:08,approved,False
TXN20240429006058,ACCT206364,MERCH300172,purchase,32.38,web,2024-04-29 18:32:32,approved,False
TXN20240429006059,ACCT203713,MERCH300212,purchase,157.03,in_person,2024-04-29 21:19:46,approved,False
TXN20240429006060,ACCT201125,MERCH300293,purchase,84.23,in_person,2024-04-29 21:21:31,approved,False
TXN20240429006061,ACCT200904,MERCH300092,purchase,87.4,mobile,2024-04-29 10:42:00,approved,False
TXN20240429006062,ACCT204854,MERCH300209,transfer,22.75,web,2024-04-29 16:42:53,approved,False
TXN20240429006063,ACCT202011,MERCH300228,purchase,81.92,in_person,2024-04-29 19:09:28,approved,False
TXN20240429006064,ACCT201448,MERCH300205,purchase,25.86,web,2024-04-29 03:56:17,approved,False
TXN20240429006065,ACCT204263,MERCH300065,transfer,17.88,web,2024-04-29 01:56:08,approved,False
TXN20240429006066,ACCT205533,MERCH300246,purchase,34.84,in_person,2024-04-29 07:31:21,approved,False
TXN20240429006067,ACCT200730,MERCH300248,purchase,109.9,in_person,2024-04-29 05:39:30,approved,False
TXN20240429006068,ACCT203168,MERCH300143,transfer,25.16,mobile,2024-04-29 22:53:36,approved,False
TXN20240429006069,ACCT201615,MERCH300151,transfer,43.83,in_person,2024-04-29 18:32:08,approved,False
TXN20240429006070,ACCT204101,MERCH300241,purchase,12.63,atm,2024-04-29 16:26:12,approved,False
TXN20240429006071,ACCT201483,MERCH300031,withdrawal,150.18,in_person,2024-04-29 21:55:31,approved,False
TXN20240429006072,ACCT202384,MERCH300238,purchase,16.28,in_person,2024-04-29 04:32:23,approved,False
TXN20240429006073,ACCT204819,MERCH300018,deposit,88.23,atm,2024-04-29 16:04:53,approved,False
TXN20240429006074,ACCT204894,MERCH300239,withdrawal,82.31,mobile,2024-04-29 17:38:20,reversed,False
TXN20240429006075,ACCT200260,MERCH300183,transfer,105.63,atm,2024-04-29 01:42:37,approved,False
TXN20240429006076,ACCT200406,MERCH300158,deposit,12.44,in_person,2024-04-29 15:04:53,approved,False
TXN20240429006077,ACCT204870,MERCH300235,purchase,18.83,mobile,2024-04-29 05:35:46,approved,False
TXN20240429006078,ACCT200154,MERCH300198,transfer,273.78,atm,2024-04-29 09:38:23,approved,False
TXN20240429006079,ACCT201603,MERCH300160,purchase,13.21,web,2024-04-29 01:56:21,approved,False
TXN20240429006080,ACCT202527,MERCH300090,deposit,240.02,in_person,2024-04-29 01:10:17,approved,False
TXN20240429006081,ACCT200576,MERCH300109,transfer,148.52,in_person,2024-04-29 10:54:23,approved,False
TXN20240429006082,ACCT205416,MERCH300163,purchase,311.63,mobile,2024-04-29 14:26:49,reversed,False
TXN20240429006083,ACCT202347,MERCH300236,deposit,22.09,atm,2024-04-29 03:22:01,approved,False
TXN20240429006084,ACCT203992,MERCH300294,transfer,164.75,web,2024-04-29 01:47:06,approved,False
TXN20240429006085,ACCT205009,MERCH300202,purchase,57.9,in_person,2024-04-29 03:23:08,approved,False
TXN20240429006086,ACCT206343,MERCH300122,transfer,116.42,atm,2024-04-29 03:31:03,approved,False
TXN20240429006087,ACCT204644,MERCH300021,purchase,59.63,in_person,2024-04-29 05:31:29,approved,False
TXN20240429006088,ACCT206057,MERCH300156,deposit,32.68,in_person,2024-04-29 14:20:16,approved,False
TXN20240429006089,ACCT201762,MERCH300228,purchase,15.01,in_person,2024-04-29 03:30:08,approved,False
TXN20240429006090,ACCT200626,MERCH300196,deposit,7.25,mobile,2024-04-29 21:28:00,approved,False
TXN20240429006091,ACCT202264,MERCH300088,purchase,88.76,in_person,2024-04-29 06:45:50,approved,False
TXN20240429006092,ACCT201566,MERCH300258,purchase,11.28,web,2024-04-29 01:21:59,approved,False
TXN20240429006093,ACCT205553,MERCH300248,withdrawal,89.77,atm,2024-04-29 22:53:05,approved,False
TXN20240429006094,ACCT203561,MERCH300214,purchase,87.55,mobile,2024-04-29 10:03:23,approved,False
TXN20240429006095,ACCT204024,MERCH300184,purchase,67.59,web,2024-04-29 08:15:23,approved,False
TXN20240429006096,ACCT201347,MERCH300076,purchase,13.43,web,2024-04-29 09:26:10,approved,False
TXN20240429006097,ACCT202218,MERCH300158,purchase,14.93,web,2024-04-29 20:36:17,approved,False
TXN20240429006098,ACCT205137,MERCH300184,deposit,85.31,in_person,2024-04-29 13:09:09,approved,False
TXN20240429006099,ACCT203263,MERCH300097,purchase,176.86,mobile,2024-04-29 02:42:05,approved,True
TXN20240429006100,ACCT204916,MERCH300101,transfer,128.38,mobile,2024-04-29 11:17:01,declined,False
TXN20240429006101,ACCT203960,MERCH300210,purchase,11.58,web,2024-04-29 20:46:27,declined,False
TXN20240429006102,ACCT200433,MERCH300234,purchase,17.89,mobile,2024-04-29 18:37:47,approved,False
TXN20240429006103,ACCT204970,MERCH300273,purchase,17.62,web,2024-04-29 13:00:52,approved,False
TXN20240429006104,ACCT203440,MERCH300253,purchase,42.55,atm,2024-04-29 11:23:56,approved,False
TXN20240429006105,ACCT203111,MERCH300128,withdrawal,39.97,web,2024-04-29 20:02:17,approved,False
TXN20240429006106,ACCT200635,MERCH300248,purchase,15.98,web,2024-04-29 04:21:22,approved,False
TXN20240429006107,ACCT201474,MERCH300286,purchase,11.73,atm,2024-04-29 00:27:45,approved,False
TXN20240429006108,ACCT204170,MERCH300259,purchase,38.83,web,2024-04-29 00:20:27,approved,False
TXN20240429006109,ACCT204033,MERCH300292,deposit,75.71,atm,2024-04-29 12:56:06,approved,False
TXN20240429006110,ACCT202277,MERCH300168,purchase,88.31,web,2024-04-29 20:46:44,approved,False
TXN20240429006111,ACCT200310,MERCH300254,purchase,114.03,web,2024-04-29 21:43:10,approved,False
TXN20240429006112,ACCT203594,MERCH300107,purchase,26.63,in_person,2024-04-29 21:10:02,approved,False
TXN20240429006113,ACCT202636,MERCH300002,purchase,19.2,mobile,2024-04-29 07:32:45,approved,False
TXN20240429006114,ACCT201800,MERCH300291,purchase,73.29,web,2024-04-29 11:00:35,approved,False
TXN20240429006115,ACCT200971,MERCH300056,purchase,104.72,web,2024-04-29 04:30:54,approved,False
TXN20240429006116,ACCT202096,MERCH300264,purchase,102.99,web,2024-04-29 11:56:39,declined,False
TXN20240429006117,ACCT202698,MERCH300298,purchase,113.93,mobile,2024-04-29 00:45:54,approved,False
TXN20240429006118,ACCT206465,MERCH300071,withdrawal,16.01,web,2024-04-29 06:05:08,approved,False
TXN20240429006119,ACCT201557,MERCH300053,purchase,12.2,in_person,2024-04-29 00:37:05,approved,False
TXN20240429006120,ACCT200649,MERCH300211,purchase,43.2,atm,2024-04-29 07:21:49,approved,False
TXN20240429006121,ACCT202159,MERCH300268,purchase,72.02,web,2024-04-29 14:02:39,approved,False
TXN20240429006122,ACCT203358,MERCH300186,purchase,34.86,atm,2024-04-29 11:00:59,approved,False
TXN20240429006123,ACCT202989,MERCH300127,transfer,25.88,web,2024-04-29 02:37:42,declined,False
TXN20240429006124,ACCT200871,MERCH300171,transfer,34.6,in_person,2024-04-29 18:55:29,approved,False
TXN20240429006125,ACCT205824,MERCH300265,purchase,61.47,mobile,2024-04-29 18:57:16,approved,False
TXN20240429006126,ACCT200638,MERCH300091,purchase,46.81,atm,2024-04-29 03:17:57,approved,False
TXN20240429006127,ACCT201855,MERCH300022,withdrawal,25.75,atm,2024-04-29 10:33:40,approved,False
TXN20240429006128,ACCT205131,MERCH300047,purchase,34.86,web,2024-04-29 07:15:00,approved,False
TXN20240429006129,ACCT206086,MERCH300248,purchase,11.59,mobile,2024-04-29 21:59:10,approved,False
TXN20240429006130,ACCT204098,MERCH300253,withdrawal,11.45,mobile,2024-04-29 11:45:08,approved,False
TXN20240429006131,ACCT201932,MERCH300252,withdrawal,46.44,mobile,2024-04-29 23:29:26,approved,False
TXN20240429006132,ACCT203007,MERCH300057,purchase,39.9,web,2024-04-29 11:58:32,approved,False
TXN20240429006133,ACCT206041,MERCH300285,withdrawal,47.16,web,2024-04-29 03:01:16,approved,False
TXN20240429006134,ACCT205259,MERCH300158,purchase,22.83,mobile,2024-04-29 04:31:28,approved,False
TXN20240429006135,ACCT204980,MERCH300297,purchase,60.67,in_person,2024-04-29 11:17:51,approved,False
TXN20240429006136,ACCT205533,MERCH300015,purchase,68.93,mobile,2024-04-29 10:34:43,approved,False
TXN20240429006137,ACCT204922,MERCH300213,purchase,13.56,web,2024-04-29 23:58:31,approved,False
TXN20240429006138,ACCT201037,MERCH300008,purchase,39.36,mobile,2024-04-29 12:59:38,reversed,False
TXN20240429006139,ACCT203867,MERCH300025,deposit,15.31,mobile,2024-04-29 00:42:59,approved,False
TXN20240429006140,ACCT203129,MERCH300122,transfer,11.18,in_person,2024-04-29 20:28:18,approved,False
TXN20240429006141,ACCT201037,MERCH300125,transfer,5.65,web,2024-04-29 08:26:40,approved,False
TXN20240429006142,ACCT203426,MERCH300211,purchase,448.59,in_person,2024-04-29 20:12:35,approved,False
TXN20240429006143,ACCT200248,MERCH300069,transfer,56.01,in_person,2024-04-29 05:53:00,approved,False
TXN20240429006144,ACCT201485,MERCH300145,transfer,67.5,in_person,2024-04-29 01:33:39,approved,False
TXN20240429006145,ACCT201635,MERCH300004,purchase,5.46,in_person,2024-04-29 07:17:33,approved,False
TXN20240429006146,ACCT200323,MERCH300221,purchase,37.92,in_person,2024-04-29 20:08:41,approved,False
TXN20240429006147,ACCT201219,MERCH300075,purchase,31.49,in_person,2024-04-29 04:23:22,approved,False
TXN20240429006148,ACCT202420,MERCH300044,purchase,37.26,web,2024-04-29 04:01:51,approved,False
TXN20240429006149,ACCT201646,MERCH300113,transfer,29.47,web,2024-04-29 21:08:58,approved,False
TXN20240429006150,ACCT203873,MERCH300048,purchase,99.99,in_person,2024-04-29 15:55:37,approved,False
TXN20240429006151,ACCT205983,MERCH300168,purchase,21.3,mobile,2024-04-29 00:02:31,approved,False
TXN20240429006152,ACCT203634,MERCH300008,purchase,21.6,web,2024-04-29 06:33:34,approved,False
TXN20240429006153,ACCT206008,MERCH300254,purchase,23.17,atm,2024-04-29 06:34:42,approved,False
TXN20240429006154,ACCT205555,MERCH300161,purchase,14.89,in_person,2024-04-29 16:48:41,approved,False
TXN20240429006155,ACCT204859,MERCH300204,purchase,40.74,atm,2024-04-29 04:19:37,approved,False
TXN20240429006156,ACCT204620,MERCH300287,transfer,8.98,web,2024-04-29 01:08:25,approved,False
TXN20240429006157,ACCT202174,MERCH300266,purchase,21.37,in_person,2024-04-29 08:55:54,approved,False
TXN20240429006158,ACCT202232,MERCH300013,deposit,115.57,in_person,2024-04-29 07:56:48,approved,False
TXN20240429006159,ACCT202920,MERCH300253,withdrawal,28.43,web,2024-04-29 11:25:07,approved,False
TXN20240429006160,ACCT205829,MERCH300237,withdrawal,40.78,in_person,2024-04-29 13:48:43,approved,False
TXN20240429006161,ACCT202217,MERCH300064,purchase,106.25,in_person,2024-04-29 09:58:49,approved,False
TXN20240429006162,ACCT202463,MERCH300128,purchase,105.78,web,2024-04-29 13:04:55,approved,False
TXN20240429006163,ACCT204899,MERCH300169,transfer,23.31,web,2024-04-29 10:48:14,approved,False
TXN20240429006164,ACCT205670,MERCH300267,purchase,50.44,in_person,2024-04-29 07:34:30,approved,False
TXN20240429006165,ACCT201214,MERCH300026,purchase,12.94,mobile,2024-04-29 15:09:00,approved,False
TXN20240429006166,ACCT200619,MERCH300024,purchase,18.14,atm,2024-04-29 15:52:12,approved,False
TXN20240429006167,ACCT203744,MERCH300173,purchase,25.09,in_person,2024-04-29 03:58:41,approved,False
TXN20240429006168,ACCT201892,MERCH300244,withdrawal,53.91,web,2024-04-29 14:05:37,approved,False
TXN20240429006169,ACCT203777,MERCH300060,purchase,29.69,atm,2024-04-29 09:54:14,approved,False
TXN20240429006170,ACCT204340,MERCH300072,transfer,22.07,mobile,2024-04-29 16:47:10,approved,False
TXN20240429006171,ACCT200514,MERCH300076,purchase,5.93,in_person,2024-04-29 06:49:05,reversed,False
TXN20240429006172,ACCT205108,MERCH300292,transfer,5.61,mobile,2024-04-29 17:04:59,approved,False
TXN20240429006173,ACCT202470,MERCH300000,purchase,38.74,web,2024-04-29 14:54:13,approved,False
TXN20240429006174,ACCT204912,MERCH300061,purchase,62.27,web,2024-04-29 12:39:56,approved,False
TXN20240429006175,ACCT201863,MERCH300085,purchase,12.85,in_person,2024-04-29 03:03:18,approved,False
TXN20240429006176,ACCT204855,MERCH300053,purchase,37.51,in_person,2024-04-29 07:59:49,approved,False
TXN20240429006177,ACCT205221,MERCH300000,deposit,92.42,web,2024-04-29 13:53:19,approved,False
TXN20240429006178,ACCT202287,MERCH300200,deposit,122.57,mobile,2024-04-29 04:10:50,approved,False
TXN20240429006179,ACCT205108,MERCH300034,withdrawal,5.68,web,2024-04-29 05:11:57,approved,False
TXN20240429006180,ACCT204174,MERCH300248,purchase,8.92,web,2024-04-29 18:16:24,declined,False
TXN20240429006181,ACCT201796,MERCH300117,purchase,45.56,web,2024-04-29 16:43:14,approved,False
TXN20240429006182,ACCT202288,MERCH300041,purchase,86.02,web,2024-04-29 10:29:52,approved,False
TXN20240429006183,ACCT203134,MERCH300093,purchase,148.62,mobile,2024-04-29 13:03:59,approved,False
TXN20240429006184,ACCT203856,MERCH300176,purchase,25.88,in_person,2024-04-29 08:39:55,approved,False
TXN20240429006185,ACCT203601,MERCH300030,purchase,89.15,web,2024-04-29 07:56:49,reversed,False
TXN20240429006186,ACCT206380,MERCH300074,purchase,19.52,web,2024-04-29 15:01:23,approved,False
TXN20240429006187,ACCT204124,MERCH300029,withdrawal,172.88,in_person,2024-04-29 06:04:47,approved,False
TXN20240429006188,ACCT200047,MERCH300065,purchase,54.17,mobile,2024-04-29 15:36:07,approved,False
TXN20240429006189,ACCT204291,MERCH300087,transfer,19.71,web,2024-04-29 09:35:40,approved,False
TXN20240429006190,ACCT202642,MERCH300254,deposit,162.83,web,2024-04-29 09:32:18,approved,False
TXN20240429006191,ACCT202280,MERCH300042,transfer,24.67,in_person,2024-04-29 16:43:16,approved,False
TXN20240429006192,ACCT200793,MERCH300054,purchase,56.29,in_person,2024-04-29 18:24:40,approved,False
TXN20240429006193,ACCT203197,MERCH300123,purchase,47.04,in_person,2024-04-29 21:18:25,approved,False
TXN20240429006194,ACCT200215,MERCH300134,purchase,77.15,in_person,2024-04-29 21:58:54,approved,False
TXN20240429006195,ACCT205985,MERCH300075,transfer,44.56,mobile,2024-04-29 21:01:52,approved,False
TXN20240429006196,ACCT200282,MERCH300190,withdrawal,16.02,mobile,2024-04-29 10:37:58,approved,False
TXN20240429006197,ACCT205215,MERCH300252,purchase,69.15,web,2024-04-29 10:54:58,approved,False
TXN20240429006198,ACCT203415,MERCH300202,purchase,21.42,in_person,2024-04-29 19:23:04,approved,False
TXN20240429006199,ACCT202765,MERCH300119,purchase,102.51,mobile,2024-04-29 08:41:11,approved,False
TXN20240429006200,ACCT201127,MERCH300109,purchase,53.0,atm,2024-04-29 18:40:41,approved,False
TXN20240429006201,ACCT205191,MERCH300080,purchase,37.42,mobile,2024-04-29 01:30:10,approved,False
TXN20240429006202,ACCT201614,MERCH300298,transfer,22.98,atm,2024-04-29 04:02:14,approved,False
TXN20240429006203,ACCT203291,MERCH300016,purchase,14.11,web,2024-04-29 15:36:41,approved,False
TXN20240429006204,ACCT203174,MERCH300034,purchase,8.21,web,2024-04-29 05:51:26,approved,False
TXN20240429006205,ACCT201469,MERCH300136,purchase,33.5,web,2024-04-29 18:21:43,reversed,False
TXN20240429006206,ACCT201004,MERCH300125,withdrawal,5.1,in_person,2024-04-29 00:52:06,approved,False
TXN20240429006207,ACCT202007,MERCH300087,purchase,58.8,web,2024-04-29 05:57:42,approved,False
TXN20240429006208,ACCT200785,MERCH300074,purchase,18.31,web,2024-04-29 01:05:05,approved,False
TXN20240429006209,ACCT200841,MERCH300046,purchase,142.24,web,2024-04-29 21:31:58,approved,False
TXN20240429006210,ACCT203790,MERCH300068,purchase,47.59,in_person,2024-04-29 03:02:20,approved,False
TXN20240429006211,ACCT203554,MERCH300048,purchase,18.02,mobile,2024-04-29 13:51:06,approved,False
TXN20240429006212,ACCT205005,MERCH300154,purchase,30.41,mobile,2024-04-29 03:45:25,approved,False
TXN20240429006213,ACCT200237,MERCH300208,purchase,19.12,web,2024-04-29 12:04:05,declined,False
TXN20240429006214,ACCT205559,MERCH300073,purchase,44.27,web,2024-04-29 12:17:40,approved,False
TXN20240429006215,ACCT202087,MERCH300220,purchase,51.97,in_person,2024-04-29 13:22:27,approved,False
TXN20240429006216,ACCT202618,MERCH300169,purchase,156.12,in_person,2024-04-29 23:09:43,approved,True
TXN20240429006217,ACCT204218,MERCH300226,withdrawal,105.82,web,2024-04-29 17:02:44,approved,False
TXN20240429006218,ACCT205976,MERCH300202,purchase,159.26,in_person,2024-04-29 06:07:31,declined,False
TXN20240429006219,ACCT203291,MERCH300255,transfer,40.6,in_person,2024-04-29 12:46:11,approved,False
TXN20240429006220,ACCT203460,MERCH300058,purchase,72.61,mobile,2024-04-29 03:33:57,approved,True
TXN20240429006221,ACCT204777,MERCH300212,deposit,30.62,mobile,2024-04-29 18:11:37,approved,False
TXN20240429006222,ACCT203780,MERCH300213,purchase,26.26,web,2024-04-29 00:50:18,approved,False
TXN20240429006223,ACCT200504,MERCH300259,transfer,9.95,mobile,2024-04-29 14:01:39,approved,False
TXN20240429006224,ACCT205688,MERCH300058,purchase,7.32,web,2024-04-29 19:35:06,approved,False
TXN20240429006225,ACCT201478,MERCH300297,purchase,23.06,mobile,2024-04-29 20:54:27,approved,False
TXN20240429006226,ACCT201929,MERCH300118,purchase,69.43,in_person,2024-04-29 10:40:08,approved,True
TXN20240429006227,ACCT202837,MERCH300281,withdrawal,11.0,web,2024-04-29 22:37:44,declined,False
TXN20240429006228,ACCT203401,MERCH300089,transfer,38.12,in_person,2024-04-29 00:00:07,approved,False
TXN20240429006229,ACCT202851,MERCH300260,purchase,8.55,in_person,2024-04-29 23:23:15,approved,False
TXN20240429006230,ACCT201442,MERCH300143,transfer,77.42,web,2024-04-29 22:19:23,approved,False
TXN20240429006231,ACCT204317,MERCH300000,purchase,122.9,web,2024-04-29 14:18:02,approved,False
TXN20240429006232,ACCT202629,MERCH300222,deposit,10.32,atm,2024-04-29 14:16:32,approved,False
TXN20240429006233,ACCT201314,MERCH300091,purchase,10.59,web,2024-04-29 11:33:05,approved,False
TXN20240429006234,ACCT202382,MERCH300126,purchase,13.33,atm,2024-04-29 20:12:14,approved,False
TXN20240429006235,ACCT205548,MERCH300293,purchase,79.64,mobile,2024-04-29 15:08:22,approved,False
TXN20240429006236,ACCT200420,MERCH300117,purchase,21.3,in_person,2024-04-29 07:31:58,approved,False
TXN20240429006237,ACCT200250,MERCH300199,deposit,13.24,web,2024-04-29 16:23:08,approved,False
TXN20240429006238,ACCT200371,MERCH300224,purchase,18.86,mobile,2024-04-29 20:06:13,approved,False
TXN20240429006239,ACCT203058,MERCH300216,purchase,8.67,web,2024-04-29 12:30:53,approved,False
TXN20240429006240,ACCT200252,MERCH300236,purchase,12.44,in_person,2024-04-29 16:46:51,approved,False
TXN20240429006241,ACCT205988,MERCH300067,transfer,16.96,in_person,2024-04-29 15:18:19,approved,False
TXN20240429006242,ACCT203629,MERCH300206,purchase,126.45,in_person,2024-04-29 14:31:52,approved,False
TXN20240429006243,ACCT200413,MERCH300222,transfer,35.83,in_person,2024-04-29 03:28:27,approved,False
TXN20240429006244,ACCT206469,MERCH300099,purchase,187.05,web,2024-04-29 17:49:54,approved,False
TXN20240429006245,ACCT201127,MERCH300160,purchase,30.55,in_person,2024-04-29 20:37:44,approved,False
TXN20240429006246,ACCT204256,MERCH300127,purchase,21.1,in_person,2024-04-29 13:57:15,approved,False
TXN20240429006247,ACCT204230,MERCH300238,deposit,35.19,mobile,2024-04-29 14:07:13,approved,False
TXN20240429006248,ACCT203039,MERCH300043,purchase,22.62,in_person,2024-04-29 20:59:56,approved,False
TXN20240429006249,ACCT204714,MERCH300274,purchase,26.22,mobile,2024-04-29 00:11:50,approved,False
TXN20240429006250,ACCT204698,MERCH300289,purchase,145.71,mobile,2024-04-29 10:23:44,approved,False
TXN20240429006251,ACCT205099,MERCH300159,purchase,73.93,in_person,2024-04-29 09:24:59,declined,False
TXN20240429006252,ACCT205188,MERCH300081,transfer,22.83,atm,2024-04-29 15:12:10,approved,False
TXN20240429006253,ACCT201602,MERCH300256,purchase,29.22,atm,2024-04-29 09:06:19,approved,False
TXN20240429006254,ACCT201228,MERCH300278,purchase,38.09,web,2024-04-29 12:29:02,approved,False
TXN20240429006255,ACCT201945,MERCH300100,purchase,119.82,web,2024-04-29 16:00:31,approved,False
TXN20240429006256,ACCT200972,MERCH300108,purchase,6.26,web,2024-04-29 14:13:14,approved,False
TXN20240429006257,ACCT206314,MERCH300105,transfer,85.97,web,2024-04-29 04:20:50,approved,False
TXN20240429006258,ACCT204665,MERCH300065,purchase,19.38,atm,2024-04-29 03:14:09,approved,False
TXN20240429006259,ACCT205405,MERCH300132,purchase,70.34,atm,2024-04-29 01:42:03,approved,False
TXN20240429006260,ACCT206449,MERCH300075,transfer,11.39,mobile,2024-04-29 07:32:55,approved,False
TXN20240429006261,ACCT200038,MERCH300018,withdrawal,4.84,mobile,2024-04-29 03:04:34,approved,False
TXN20240429006262,ACCT202780,MERCH300090,purchase,48.55,web,2024-04-29 07:09:11,approved,False
TXN20240429006263,ACCT201142,MERCH300187,purchase,37.67,web,2024-04-29 13:21:47,approved,False
TXN20240429006264,ACCT201629,MERCH300279,purchase,14.81,in_person,2024-04-29 12:54:35,approved,False
TXN20240429006265,ACCT206429,MERCH300083,deposit,15.42,mobile,2024-04-29 06:57:33,approved,False
TXN20240429006266,ACCT202556,MERCH300127,purchase,13.88,web,2024-04-29 15:05:03,approved,False
TXN20240429006267,ACCT200207,MERCH300017,purchase,88.45,web,2024-04-29 01:19:16,approved,False
TXN20240429006268,ACCT202274,MERCH300078,purchase,84.99,in_person,2024-04-29 13:13:24,approved,False
TXN20240429006269,ACCT204633,MERCH300247,purchase,135.66,web,2024-04-29 03:44:55,declined,False
TXN20240429006270,ACCT204464,MERCH300024,purchase,36.47,in_person,2024-04-29 13:24:06,approved,False
TXN20240429006271,ACCT204948,MERCH300257,withdrawal,99.46,web,2024-04-29 14:38:12,approved,False
TXN20240429006272,ACCT201656,MERCH300040,purchase,64.03,in_person,2024-04-29 03:56:11,approved,False
TXN20240429006273,ACCT201292,MERCH300113,purchase,34.98,web,2024-04-29 08:37:15,approved,False
TXN20240429006274,ACCT205482,MERCH300223,transfer,103.55,web,2024-04-29 08:42:11,approved,False
TXN20240429006275,ACCT204881,MERCH300280,withdrawal,73.25,web,2024-04-29 23:18:14,declined,False
TXN20240429006276,ACCT201627,MERCH300034,transfer,87.04,in_person,2024-04-29 12:26:00,approved,False
TXN20240429006277,ACCT202404,MERCH300189,purchase,173.02,in_person,2024-04-29 19:27:37,approved,False
TXN20240429006278,ACCT203760,MERCH300076,purchase,38.9,in_person,2024-04-29 08:14:50,approved,False
TXN20240429006279,ACCT204815,MERCH300201,deposit,9.09,in_person,2024-04-29 13:35:37,approved,False
TXN20240429006280,ACCT201930,MERCH300047,purchase,8.59,web,2024-04-29 03:46:28,approved,False
TXN20240429006281,ACCT204262,MERCH300180,purchase,56.0,mobile,2024-04-29 10:04:29,approved,False
TXN20240429006282,ACCT201031,MERCH300283,transfer,54.84,web,2024-04-29 16:25:01,approved,False
TXN20240429006283,ACCT201199,MERCH300098,purchase,20.16,atm,2024-04-29 12:21:42,approved,False
TXN20240429006284,ACCT203847,MERCH300163,purchase,38.2,web,2024-04-29 12:56:52,approved,False
TXN20240429006285,ACCT202272,MERCH300270,purchase,70.57,web,2024-04-29 08:14:38,approved,False
TXN20240429006286,ACCT205392,MERCH300209,purchase,5.44,mobile,2024-04-29 23:38:33,approved,False
TXN20240429006287,ACCT204771,MERCH300053,purchase,39.95,in_person,2024-04-29 05:30:29,approved,False
TXN20240429006288,ACCT204605,MERCH300258,purchase,101.13,web,2024-04-29 04:28:58,approved,False
TXN20240429006289,ACCT201768,MERCH300224,purchase,19.09,mobile,2024-04-29 05:59:34,approved,False
TXN20240429006290,ACCT200129,MERCH300164,withdrawal,119.77,web,2024-04-29 14:51:38,approved,False
TXN20240429006291,ACCT201765,MERCH300287,withdrawal,216.66,mobile,2024-04-29 15:51:33,declined,False
TXN20240429006292,ACCT204074,MERCH300055,purchase,23.19,in_person,2024-04-29 09:20:45,approved,False
TXN20240429006293,ACCT203878,MERCH300055,transfer,44.4,mobile,2024-04-29 21:16:42,approved,False
TXN20240429006294,ACCT205531,MERCH300241,purchase,77.48,in_person,2024-04-29 21:09:29,approved,False
TXN20240429006295,ACCT200047,MERCH300225,withdrawal,74.27,atm,2024-04-29 00:58:07,approved,False
TXN20240429006296,ACCT200318,MERCH300218,transfer,14.57,in_person,2024-04-29 17:23:01,approved,False
TXN20240429006297,ACCT203185,MERCH300250,purchase,40.41,mobile,2024-04-29 08:31:27,approved,False
TXN20240429006298,ACCT204248,MERCH300066,purchase,116.42,atm,2024-04-29 06:40:13,approved,False
TXN20240429006299,ACCT200413,MERCH300196,purchase,91.88,web,2024-04-29 13:31:16,approved,False
TXN20240429006300,ACCT205284,MERCH300209,withdrawal,20.05,web,2024-04-29 03:07:09,approved,False
TXN20240429006301,ACCT201730,MERCH300076,purchase,37.82,atm,2024-04-29 16:47:00,approved,False
TXN20240429006302,ACCT201044,MERCH300142,transfer,36.01,in_person,2024-04-29 10:09:28,approved,False
TXN20240429006303,ACCT201451,MERCH300271,purchase,101.54,in_person,2024-04-29 21:19:20,approved,False
TXN20240429006304,ACCT206349,MERCH300040,deposit,135.73,atm,2024-04-29 19:01:26,approved,False
TXN20240429006305,ACCT201507,MERCH300110,purchase,24.03,web,2024-04-29 19:54:10,approved,False
TXN20240429006306,ACCT201678,MERCH300281,transfer,14.75,in_person,2024-04-29 07:28:23,approved,False
TXN20240429006307,ACCT203988,MERCH300167,purchase,245.12,web,2024-04-29 14:28:32,approved,True
TXN20240429006308,ACCT204939,MERCH300069,purchase,85.7,web,2024-04-29 01:19:19,approved,False
TXN20240429006309,ACCT203173,MERCH300192,purchase,32.17,in_person,2024-04-29 10:02:00,reversed,False
TXN20240429006310,ACCT203474,MERCH300114,purchase,83.66,in_person,2024-04-29 04:39:24,approved,False
TXN20240429006311,ACCT204060,MERCH300037,purchase,37.29,mobile,2024-04-29 00:28:41,declined,False
TXN20240429006312,ACCT204578,MERCH300016,transfer,89.55,web,2024-04-29 11:18:20,declined,False
TXN20240429006313,ACCT206085,MERCH300050,purchase,74.0,atm,2024-04-29 17:30:16,approved,False
TXN20240429006314,ACCT206078,MERCH300172,purchase,83.8,mobile,2024-04-29 21:57:29,approved,False
TXN20240429006315,ACCT206206,MERCH300280,purchase,15.55,mobile,2024-04-29 22:33:52,approved,False
TXN20240429006316,ACCT201225,MERCH300207,purchase,39.28,in_person,2024-04-29 14:32:54,approved,False
TXN20240429006317,ACCT203631,MERCH300014,withdrawal,6.46,atm,2024-04-29 17:52:55,approved,False
TXN20240429006318,ACCT204686,MERCH300251,purchase,89.86,in_person,2024-04-29 19:40:44,approved,False
TXN20240429006319,ACCT202129,MERCH300231,purchase,3.6,in_person,2024-04-29 11:10:07,approved,False
TXN20240429006320,ACCT201733,MERCH300156,purchase,64.94,atm,2024-04-29 12:35:41,approved,False
TXN20240429006321,ACCT205935,MERCH300253,purchase,20.95,mobile,2024-04-29 18:20:42,approved,False
TXN20240429006322,ACCT204821,MERCH300158,purchase,215.22,in_person,2024-04-29 09:29:09,approved,False
TXN20240429006323,ACCT204520,MERCH300180,purchase,9.07,web,2024-04-29 08:21:32,approved,False
TXN20240429006324,ACCT205252,MERCH300294,purchase,24.15,in_person,2024-04-29 00:20:26,approved,False
TXN20240429006325,ACCT202006,MERCH300018,transfer,28.89,in_person,2024-04-29 07:35:57,approved,False
TXN20240429006326,ACCT202910,MERCH300156,purchase,34.26,web,2024-04-29 07:45:03,approved,False
TXN20240429006327,ACCT203208,MERCH300129,transfer,58.94,in_person,2024-04-29 21:52:00,approved,False
TXN20240429006328,ACCT200645,MERCH300291,withdrawal,32.52,in_person,2024-04-29 13:19:25,approved,False
TXN20240429006329,ACCT203052,MERCH300137,purchase,36.59,web,2024-04-29 15:38:16,approved,False
TXN20240429006330,ACCT200075,MERCH300141,purchase,100.51,mobile,2024-04-29 23:00:14,approved,False
TXN20240429006331,ACCT204649,MERCH300227,purchase,14.11,in_person,2024-04-29 22:14:44,approved,False
TXN20240429006332,ACCT205670,MERCH300042,purchase,35.58,in_person,2024-04-29 16:52:16,approved,False
TXN20240429006333,ACCT202269,MERCH300247,transfer,72.94,mobile,2024-04-29 22:34:57,approved,False
TXN20240429006334,ACCT205379,MERCH300091,purchase,75.41,in_person,2024-04-29 11:10:22,approved,False
TXN20240429006335,ACCT203685,MERCH300087,deposit,40.68,in_person,2024-04-29 00:28:39,approved,False
TXN20240429006336,ACCT202576,MERCH300260,purchase,64.06,web,2024-04-29 20:27:45,approved,False
TXN20240429006337,ACCT203800,MERCH300182,transfer,44.44,mobile,2024-04-29 22:45:14,approved,False
TXN20240429006338,ACCT202801,MERCH300131,purchase,32.96,in_person,2024-04-29 12:34:10,approved,False
TXN20240429006339,ACCT204933,MERCH300036,purchase,35.01,in_person,2024-04-29 05:41:46,approved,False
TXN20240429006340,ACCT201075,MERCH300096,purchase,36.28,mobile,2024-04-29 23:16:09,approved,False
TXN20240429006341,ACCT201602,MERCH300182,transfer,41.39,in_person,2024-04-29 13:58:19,approved,False
TXN20240429006342,ACCT202159,MERCH300227,purchase,43.74,in_person,2024-04-29 09:31:41,approved,False
TXN20240429006343,ACCT200913,MERCH300100,withdrawal,15.66,mobile,2024-04-29 12:08:56,approved,False
TXN20240429006344,ACCT205572,MERCH300022,purchase,47.75,web,2024-04-29 18:19:30,approved,False
TXN20240429006345,ACCT203678,MERCH300223,withdrawal,23.02,mobile,2024-04-29 13:37:02,approved,False
TXN20240429006346,ACCT205225,MERCH300176,deposit,38.71,in_person,2024-04-29 22:14:40,approved,False
TXN20240429006347,ACCT205809,MERCH300157,transfer,48.08,in_person,2024-04-29 03:49:27,approved,False
TXN20240429006348,ACCT201104,MERCH300103,purchase,7.42,in_person,2024-04-29 21:57:04,approved,False
TXN20240429006349,ACCT202307,MERCH300026,purchase,14.99,mobile,2024-04-29 11:37:54,approved,False
TXN20240429006350,ACCT203714,MERCH300123,purchase,87.07,in_person,2024-04-29 01:54:04,approved,False
TXN20240429006351,ACCT201034,MERCH300125,deposit,101.17,mobile,2024-04-29 11:16:46,approved,False
TXN20240429006352,ACCT201454,MERCH300282,purchase,62.69,in_person,2024-04-29 23:13:53,approved,False
TXN20240429006353,ACCT204331,MERCH300174,purchase,5.34,mobile,2024-04-29 00:06:59,approved,False
TXN20240429006354,ACCT202246,MERCH300191,purchase,19.76,mobile,2024-04-29 04:27:14,approved,False
TXN20240429006355,ACCT204723,MERCH300059,purchase,50.45,web,2024-04-29 22:37:19,approved,False
TXN20240429006356,ACCT205097,MERCH300219,purchase,31.89,in_person,2024-04-29 22:39:08,approved,False
TXN20240429006357,ACCT204487,MERCH300061,purchase,91.88,mobile,2024-04-29 01:56:17,approved,False
TXN20240429006358,ACCT205523,MERCH300084,purchase,87.53,mobile,2024-04-29 19:46:51,approved,False
TXN20240429006359,ACCT202391,MERCH300081,purchase,72.45,in_person,2024-04-29 08:19:26,approved,False
TXN20240429006360,ACCT200428,MERCH300166,purchase,34.59,in_person,2024-04-29 16:35:49,approved,False
TXN20240429006361,ACCT201899,MERCH300026,purchase,45.63,mobile,2024-04-29 18:36:16,approved,False
TXN20240429006362,ACCT205039,MERCH300296,transfer,82.51,in_person,2024-04-29 13:35:00,approved,False
TXN20240429006363,ACCT200904,MERCH300055,transfer,26.75,mobile,2024-04-29 02:12:56,approved,False
TXN20240429006364,ACCT201275,MERCH300082,deposit,7.68,mobile,2024-04-29 22:03:02,approved,False
TXN20240429006365,ACCT203074,MERCH300147,purchase,50.94,in_person,2024-04-29 01:43:08,approved,False
TXN20240429006366,ACCT204616,MERCH300220,purchase,20.42,in_person,2024-04-29 08:34:15,approved,False
TXN20240429006367,ACCT201461,MERCH300152,purchase,57.6,mobile,2024-04-29 03:53:30,approved,False
TXN20240429006368,ACCT202487,MERCH300290,purchase,17.85,web,2024-04-29 04:58:36,approved,False
TXN20240429006369,ACCT203834,MERCH300013,deposit,26.7,mobile,2024-04-29 19:46:54,approved,False
TXN20240429006370,ACCT204992,MERCH300040,transfer,210.08,mobile,2024-04-29 16:01:14,approved,False
TXN20240429006371,ACCT201280,MERCH300199,purchase,6.46,atm,2024-04-29 23:53:02,approved,False
TXN20240429006372,ACCT205671,MERCH300227,purchase,33.77,web,2024-04-29 12:02:06,approved,False
TXN20240429006373,ACCT203265,MERCH300136,purchase,74.37,atm,2024-04-29 17:19:15,approved,False
TXN20240429006374,ACCT204249,MERCH300234,withdrawal,253.11,in_person,2024-04-29 08:21:03,approved,False
TXN20240429006375,ACCT203047,MERCH300035,purchase,23.94,atm,2024-04-29 04:52:56,approved,False
TXN20240429006376,ACCT202774,MERCH300298,purchase,29.57,in_person,2024-04-29 06:13:27,approved,False
TXN20240429006377,ACCT200768,MERCH300028,purchase,80.16,mobile,2024-04-29 01:14:11,approved,False
TXN20240429006378,ACCT204663,MERCH300218,purchase,23.7,in_person,2024-04-29 00:37:43,approved,False
TXN20240429006379,ACCT203233,MERCH300036,purchase,37.34,web,2024-04-29 10:58:22,approved,False
TXN20240429006380,ACCT205214,MERCH300113,purchase,87.26,in_person,2024-04-29 17:29:38,approved,False
TXN20240429006381,ACCT202929,MERCH300155,purchase,8.79,web,2024-04-29 16:09:49,approved,False
TXN20240429006382,ACCT203158,MERCH300041,purchase,19.53,mobile,2024-04-29 14:17:13,approved,False
TXN20240429006383,ACCT201133,MERCH300226,purchase,22.17,in_person,2024-04-29 03:29:49,approved,False
TXN20240429006384,ACCT205615,MERCH300075,purchase,34.21,mobile,2024-04-29 01:30:46,approved,False
TXN20240429006385,ACCT203774,MERCH300222,purchase,19.02,mobile,2024-04-29 06:01:31,approved,False
TXN20240429006386,ACCT204118,MERCH300031,purchase,311.77,in_person,2024-04-29 03:04:06,approved,False
TXN20240429006387,ACCT204956,MERCH300276,purchase,11.47,in_person,2024-04-29 09:22:51,approved,False
TXN20240429006388,ACCT204323,MERCH300209,transfer,15.65,web,2024-04-29 22:33:52,approved,False
TXN20240429006389,ACCT205495,MERCH300057,purchase,13.22,web,2024-04-29 02:45:24,approved,False
TXN20240429006390,ACCT203897,MERCH300280,purchase,38.17,atm,2024-04-29 17:32:53,approved,False
TXN20240429006391,ACCT201200,MERCH300202,withdrawal,42.26,web,2024-04-29 03:58:56,approved,False
TXN20240429006392,ACCT206064,MERCH300048,purchase,52.26,web,2024-04-29 09:00:34,approved,False
TXN20240429006393,ACCT205267,MERCH300273,deposit,64.96,in_person,2024-04-29 23:14:19,approved,False
TXN20240429006394,ACCT202377,MERCH300032,purchase,83.34,web,2024-04-29 12:29:18,approved,False
TXN20240429006395,ACCT206217,MERCH300040,transfer,114.35,in_person,2024-04-29 01:32:32,approved,False
TXN20240429006396,ACCT203114,MERCH300077,purchase,26.07,in_person,2024-04-29 00:00:19,approved,False
TXN20240429006397,ACCT200588,MERCH300081,purchase,106.09,mobile,2024-04-29 09:36:17,approved,False
TXN20240429006398,ACCT206065,MERCH300284,purchase,42.85,in_person,2024-04-29 00:24:58,approved,False
TXN20240429006399,ACCT204798,MERCH300164,purchase,33.53,web,2024-04-29 01:47:11,approved,False
TXN20240429006400,ACCT204065,MERCH300205,transfer,41.78,web,2024-04-29 06:05:36,approved,False
TXN20240429006401,ACCT203512,MERCH300171,withdrawal,18.95,web,2024-04-29 18:20:55,approved,False
TXN20240429006402,ACCT203739,MERCH300033,deposit,32.62,mobile,2024-04-29 15:47:42,approved,False
TXN20240429006403,ACCT202888,MERCH300165,transfer,28.05,mobile,2024-04-29 22:55:23,approved,False
TXN20240429006404,ACCT203588,MERCH300091,purchase,37.74,web,2024-04-29 15:03:32,approved,False
TXN20240429006405,ACCT201190,MERCH300284,transfer,81.01,atm,2024-04-29 12:14:34,approved,False
TXN20240429006406,ACCT200455,MERCH300044,deposit,26.88,mobile,2024-04-29 04:43:11,approved,False
TXN20240429006407,ACCT205809,MERCH300093,withdrawal,39.16,in_person,2024-04-29 16:54:25,approved,False
TXN20240429006408,ACCT203608,MERCH300263,purchase,44.69,web,2024-04-29 08:47:52,approved,False
TXN20240429006409,ACCT204921,MERCH300256,purchase,2.9,in_person,2024-04-29 00:22:58,declined,False
TXN20240429006410,ACCT200373,MERCH300050,transfer,45.2,in_person,2024-04-29 20:22:02,approved,False
TXN20240429006411,ACCT202068,MERCH300197,deposit,35.76,web,2024-04-29 23:17:35,approved,False
TXN20240429006412,ACCT202790,MERCH300043,purchase,25.54,in_person,2024-04-29 22:09:27,approved,False
TXN20240429006413,ACCT201226,MERCH300038,purchase,16.83,in_person,2024-04-29 02:35:21,approved,False
TXN20240429006414,ACCT206185,MERCH300121,deposit,99.55,web,2024-04-29 06:26:52,approved,False
TXN20240429006415,ACCT201348,MERCH300170,purchase,163.24,in_person,2024-04-29 12:45:01,approved,False
TXN20240429006416,ACCT204423,MERCH300072,purchase,80.31,in_person,2024-04-29 07:58:17,approved,False
TXN20240429006417,ACCT206362,MERCH300028,purchase,33.92,in_person,2024-04-29 16:15:32,approved,False
TXN20240429006418,ACCT202577,MERCH300035,withdrawal,100.73,in_person,2024-04-29 09:01:16,approved,False
TXN20240429006419,ACCT200514,MERCH300069,purchase,4.32,in_person,2024-04-29 17:01:12,approved,False
TXN20240429006420,ACCT205965,MERCH300289,deposit,5.32,in_person,2024-04-29 14:58:37,approved,False
TXN20240429006421,ACCT202015,MERCH300150,purchase,30.99,mobile,2024-04-29 18:24:38,approved,False
TXN20240429006422,ACCT202614,MERCH300156,purchase,5.21,web,2024-04-29 18:04:55,approved,False
TXN20240429006423,ACCT203304,MERCH300253,purchase,75.04,in_person,2024-04-29 00:03:38,approved,False
TXN20240429006424,ACCT203897,MERCH300251,transfer,150.37,mobile,2024-04-29 15:30:00,declined,False
TXN20240429006425,ACCT202063,MERCH300137,purchase,34.27,atm,2024-04-29 22:38:02,approved,False
TXN20240429006426,ACCT202818,MERCH300119,purchase,20.91,mobile,2024-04-29 17:03:49,approved,False
TXN20240429006427,ACCT204567,MERCH300284,purchase,62.07,web,2024-04-29 07:46:02,reversed,False
TXN20240429006428,ACCT204721,MERCH300143,withdrawal,44.38,in_person,2024-04-29 04:55:41,approved,False
TXN20240429006429,ACCT202064,MERCH300246,purchase,103.41,mobile,2024-04-29 20:23:15,approved,False
TXN20240429006430,ACCT201216,MERCH300022,purchase,3.21,atm,2024-04-29 05:30:53,approved,False
TXN20240429006431,ACCT204799,MERCH300286,purchase,65.32,in_person,2024-04-29 01:07:14,approved,False
TXN20240429006432,ACCT200535,MERCH300002,purchase,42.21,mobile,2024-04-29 15:26:01,approved,False
TXN20240429006433,ACCT205183,MERCH300177,purchase,10.7,web,2024-04-29 19:04:07,approved,False
TXN20240429006434,ACCT202767,MERCH300103,purchase,65.91,atm,2024-04-29 00:57:21,approved,False
TXN20240429006435,ACCT202031,MERCH300163,purchase,24.7,web,2024-04-29 04:58:39,approved,False
TXN20240429006436,ACCT201296,MERCH300294,withdrawal,71.97,mobile,2024-04-29 09:27:18,approved,False
TXN20240429006437,ACCT202182,MERCH300221,withdrawal,93.96,mobile,2024-04-29 09:30:00,approved,False
TXN20240429006438,ACCT201427,MERCH300108,purchase,26.52,web,2024-04-29 11:51:16,approved,False
TXN20240429006439,ACCT200250,MERCH300240,withdrawal,9.38,in_person,2024-04-29 12:30:21,approved,False
TXN20240429006440,ACCT200250,MERCH300138,purchase,29.39,in_person,2024-04-29 19:22:14,approved,False
TXN20240429006441,ACCT202207,MERCH300076,purchase,183.16,web,2024-04-29 06:55:45,reversed,False
TXN20240429006442,ACCT201695,MERCH300208,transfer,46.36,mobile,2024-04-29 22:01:10,approved,False
TXN20240429006443,ACCT206060,MERCH300235,purchase,8.66,web,2024-04-29 22:58:40,approved,False
TXN20240429006444,ACCT204326,MERCH300061,purchase,29.08,in_person,2024-04-29 20:43:45,approved,False
TXN20240429006445,ACCT203843,MERCH300139,purchase,11.66,atm,2024-04-29 05:21:57,approved,False
TXN20240429006446,ACCT202969,MERCH300197,purchase,70.91,atm,2024-04-29 11:55:29,reversed,False
TXN20240429006447,ACCT201032,MERCH300082,purchase,51.19,web,2024-04-29 11:54:39,approved,False
TXN20240429006448,ACCT202507,MERCH300161,purchase,15.29,web,2024-04-29 13:27:17,approved,False
TXN20240429006449,ACCT202214,MERCH300058,purchase,258.5,in_person,2024-04-29 13:24:11,reversed,False
TXN20240429006450,ACCT201895,MERCH300018,purchase,29.52,web,2024-04-29 19:21:46,approved,False
TXN20240429006451,ACCT203974,MERCH300275,purchase,13.92,mobile,2024-04-29 20:18:09,approved,False
TXN20240429006452,ACCT202361,MERCH300245,purchase,34.19,web,2024-04-29 06:13:09,approved,False
TXN20240429006453,ACCT205245,MERCH300094,purchase,23.25,mobile,2024-04-29 16:36:17,approved,False
TXN20240429006454,ACCT206473,MERCH300016,transfer,110.3,web,2024-04-29 07:58:17,approved,False
TXN20240429006455,ACCT204160,MERCH300229,purchase,65.39,mobile,2024-04-29 03:34:02,approved,False
TXN20240429006456,ACCT201147,MERCH300026,purchase,25.49,in_person,2024-04-29 17:48:19,approved,False
TXN20240429006457,ACCT201624,MERCH300047,withdrawal,7.59,in_person,2024-04-29 22:23:23,approved,False
TXN20240429006458,ACCT205766,MERCH300101,purchase,23.55,atm,2024-04-29 00:13:28,approved,False
TXN20240429006459,ACCT200211,MERCH300073,transfer,186.55,in_person,2024-04-29 09:33:23,approved,False
TXN20240429006460,ACCT206189,MERCH300130,withdrawal,35.99,in_person,2024-04-29 05:09:23,approved,False
TXN20240429006461,ACCT200907,MERCH300291,purchase,18.87,mobile,2024-04-29 13:51:52,approved,False
TXN20240429006462,ACCT201037,MERCH300098,purchase,9.58,in_person,2024-04-29 08:33:23,approved,False
TXN20240429006463,ACCT205560,MERCH300188,transfer,22.73,mobile,2024-04-29 14:03:00,approved,False
TXN20240429006464,ACCT202393,MERCH300010,deposit,75.63,mobile,2024-04-29 23:51:38,approved,False
TXN20240429006465,ACCT202880,MERCH300185,purchase,26.33,mobile,2024-04-29 21:29:42,approved,False
TXN20240429006466,ACCT200778,MERCH300114,withdrawal,5.54,in_person,2024-04-29 16:14:53,approved,False
TXN20240429006467,ACCT200012,MERCH300285,purchase,25.28,mobile,2024-04-29 23:22:42,approved,False
TXN20240429006468,ACCT201625,MERCH300046,withdrawal,50.22,in_person,2024-04-29 03:24:14,approved,False
TXN20240429006469,ACCT201795,MERCH300018,purchase,44.72,mobile,2024-04-29 04:39:51,approved,False
TXN20240429006470,ACCT200141,MERCH300142,purchase,133.65,web,2024-04-29 02:30:40,approved,False
TXN20240429006471,ACCT203182,MERCH300200,transfer,28.75,web,2024-04-29 05:20:45,approved,False
TXN20240429006472,ACCT201135,MERCH300077,purchase,70.94,in_person,2024-04-29 07:25:37,approved,False
TXN20240429006473,ACCT202371,MERCH300131,withdrawal,24.08,atm,2024-04-29 21:29:00,approved,False
TXN20240429006474,ACCT201871,MERCH300062,transfer,45.49,web,2024-04-29 23:25:33,reversed,False
TXN20240429006475,ACCT200192,MERCH300257,withdrawal,26.68,in_person,2024-04-29 09:07:59,approved,False
TXN20240429006476,ACCT205261,MERCH300161,purchase,18.82,in_person,2024-04-29 08:40:00,approved,False
TXN20240429006477,ACCT202177,MERCH300065,purchase,20.78,mobile,2024-04-29 16:01:55,approved,False
TXN20240429006478,ACCT205460,MERCH300239,purchase,143.65,mobile,2024-04-29 21:12:01,approved,False
TXN20240429006479,ACCT201761,MERCH300227,purchase,12.96,web,2024-04-29 20:17:57,approved,False
TXN20240429006480,ACCT202117,MERCH300108,purchase,59.33,mobile,2024-04-29 03:08:09,approved,False
TXN20240429006481,ACCT206418,MERCH300282,transfer,41.6,in_person,2024-04-29 10:30:18,declined,False
TXN20240429006482,ACCT204952,MERCH300036,purchase,19.86,web,2024-04-29 03:01:23,approved,False
TXN20240429006483,ACCT205101,MERCH300133,deposit,56.67,web,2024-04-29 02:24:57,approved,False
TXN20240429006484,ACCT205927,MERCH300159,transfer,54.97,in_person,2024-04-29 19:34:54,approved,False
TXN20240429006485,ACCT200185,MERCH300162,transfer,78.59,web,2024-04-29 20:17:12,approved,False
TXN20240429006486,ACCT200474,MERCH300138,purchase,42.64,web,2024-04-29 07:29:57,approved,False
TXN20240429006487,ACCT203205,MERCH300022,withdrawal,28.89,mobile,2024-04-29 13:26:54,approved,False
TXN20240429006488,ACCT205821,MERCH300123,withdrawal,6.72,mobile,2024-04-29 08:19:01,approved,False
TXN20240429006489,ACCT205433,MERCH300032,purchase,63.28,web,2024-04-29 21:08:00,approved,False
TXN20240429006490,ACCT204411,MERCH300069,purchase,14.84,mobile,2024-04-29 03:40:49,approved,False
TXN20240429006491,ACCT200105,MERCH300279,purchase,42.56,web,2024-04-29 21:45:53,approved,False
TXN20240429006492,ACCT203441,MERCH300068,purchase,25.86,in_person,2024-04-29 10:52:13,approved,False
TXN20240429006493,ACCT202481,MERCH300079,deposit,82.85,mobile,2024-04-29 02:18:35,approved,False
TXN20240429006494,ACCT200611,MERCH300252,purchase,111.7,in_person,2024-04-29 21:04:00,approved,False
TXN20240429006495,ACCT205222,MERCH300226,purchase,489.59,in_person,2024-04-29 05:40:07,approved,False
TXN20240429006496,ACCT203720,MERCH300076,purchase,10.3,in_person,2024-04-29 22:17:50,approved,False
TXN20240429006497,ACCT205189,MERCH300209,purchase,172.02,in_person,2024-04-29 06:54:07,approved,False
TXN20240429006498,ACCT204214,MERCH300099,purchase,82.91,web,2024-04-29 15:19:33,approved,False
TXN20240429006499,ACCT205227,MERCH300145,purchase,169.56,web,2024-04-29 12:39:15,approved,False
TXN20240429006500,ACCT204761,MERCH300076,transfer,28.93,web,2024-04-29 09:48:25,approved,False
TXN20240429006501,ACCT203259,MERCH300106,purchase,14.72,in_person,2024-04-29 21:20:33,approved,False
TXN20240429006502,ACCT202013,MERCH300043,purchase,40.51,in_person,2024-04-29 14:52:05,approved,False
TXN20240429006503,ACCT205724,MERCH300217,purchase,16.63,mobile,2024-04-29 13:24:04,approved,False
TXN20240429006504,ACCT203641,MERCH300288,deposit,30.44,in_person,2024-04-29 03:17:57,approved,False
TXN20240429006505,ACCT205788,MERCH300136,purchase,157.58,mobile,2024-04-29 00:52:14,approved,False
TXN20240429006506,ACCT205894,MERCH300060,purchase,77.61,in_person,2024-04-29 03:30:51,approved,False
TXN20240429006507,ACCT201168,MERCH300075,transfer,44.5,mobile,2024-04-29 04:32:25,approved,False
TXN20240429006508,ACCT205323,MERCH300205,purchase,90.9,in_person,2024-04-29 22:49:02,approved,True
TXN20240429006509,ACCT205029,MERCH300065,transfer,6.74,in_person,2024-04-29 09:31:03,approved,True
TXN20240429006510,ACCT201218,MERCH300020,withdrawal,27.21,web,2024-04-29 14:42:29,approved,False
TXN20240429006511,ACCT202847,MERCH300086,purchase,11.86,atm,2024-04-29 10:21:29,approved,False
TXN20240429006512,ACCT206353,MERCH300195,purchase,18.48,web,2024-04-29 06:28:05,approved,False
TXN20240429006513,ACCT203040,MERCH300190,purchase,69.14,web,2024-04-29 20:38:13,approved,False
TXN20240429006514,ACCT203098,MERCH300173,purchase,43.2,in_person,2024-04-29 18:26:01,approved,False
TXN20240429006515,ACCT202941,MERCH300127,purchase,12.03,in_person,2024-04-29 19:08:48,approved,False
TXN20240429006516,ACCT200164,MERCH300294,withdrawal,46.43,mobile,2024-04-29 23:35:21,approved,False
TXN20240429006517,ACCT204766,MERCH300281,purchase,84.46,web,2024-04-29 17:10:12,approved,False
TXN20240429006518,ACCT201178,MERCH300011,purchase,581.26,in_person,2024-04-29 04:34:52,approved,False
TXN20240429006519,ACCT200412,MERCH300076,deposit,114.51,atm,2024-04-29 05:19:09,approved,False
TXN20240429006520,ACCT200388,MERCH300293,deposit,28.31,in_person,2024-04-29 03:36:18,approved,False
TXN20240429006521,ACCT201608,MERCH300173,transfer,2.77,mobile,2024-04-29 08:51:35,approved,False
TXN20240429006522,ACCT206136,MERCH300020,purchase,26.49,web,2024-04-29 12:47:54,approved,False
TXN20240429006523,ACCT200312,MERCH300027,purchase,52.87,web,2024-04-29 18:52:20,approved,False
TXN20240429006524,ACCT203362,MERCH300276,withdrawal,117.63,in_person,2024-04-29 03:40:02,approved,False
TXN20240429006525,ACCT201373,MERCH300156,purchase,69.71,atm,2024-04-29 01:10:12,approved,False
TXN20240429006526,ACCT202037,MERCH300055,purchase,25.93,in_person,2024-04-29 11:41:09,approved,False
TXN20240429006527,ACCT203537,MERCH300047,transfer,33.7,mobile,2024-04-29 10:07:47,approved,False
TXN20240429006528,ACCT206309,MERCH300191,purchase,24.8,in_person,2024-04-29 15:31:27,approved,False
TXN20240429006529,ACCT205965,MERCH300136,purchase,8.16,mobile,2024-04-29 07:16:40,approved,False
TXN20240429006530,ACCT201491,MERCH300226,transfer,20.95,in_person,2024-04-29 07:21:39,approved,False
TXN20240429006531,ACCT205599,MERCH300289,purchase,50.51,mobile,2024-04-29 15:11:33,approved,False
TXN20240429006532,ACCT201583,MERCH300268,purchase,72.43,in_person,2024-04-29 11:22:15,approved,False
TXN20240429006533,ACCT204012,MERCH300229,transfer,53.39,web,2024-04-29 19:05:25,approved,False
TXN20240429006534,ACCT204543,MERCH300181,purchase,24.62,web,2024-04-29 00:34:01,approved,False
TXN20240429006535,ACCT201371,MERCH300044,purchase,19.26,web,2024-04-29 00:27:26,approved,False
TXN20240429006536,ACCT204855,MERCH300039,transfer,64.5,in_person,2024-04-29 07:14:19,approved,False
TXN20240429006537,ACCT201996,MERCH300119,purchase,21.26,mobile,2024-04-29 13:04:29,approved,False
TXN20240429006538,ACCT202769,MERCH300221,purchase,10.38,web,2024-04-29 06:21:16,approved,False
TXN20240429006539,ACCT200803,MERCH300144,purchase,46.59,mobile,2024-04-29 21:00:54,declined,False
TXN20240429006540,ACCT202097,MERCH300054,transfer,25.26,in_person,2024-04-29 09:48:03,declined,False
TXN20240429006541,ACCT205280,MERCH300265,purchase,127.58,in_person,2024-04-29 21:40:08,approved,False
TXN20240429006542,ACCT201486,MERCH300172,purchase,23.97,mobile,2024-04-29 05:21:12,approved,False
TXN20240429006543,ACCT204994,MERCH300209,purchase,80.8,web,2024-04-29 12:14:25,approved,True
TXN20240429006544,ACCT200204,MERCH300003,purchase,32.31,in_person,2024-04-29 06:50:21,approved,False
TXN20240429006545,ACCT204982,MERCH300226,purchase,35.79,web,2024-04-29 08:05:50,approved,False
TXN20240429006546,ACCT200942,MERCH300274,withdrawal,63.31,in_person,2024-04-29 15:49:23,approved,False
TXN20240429006547,ACCT203100,MERCH300074,purchase,51.74,mobile,2024-04-29 07:17:16,approved,False
TXN20240429006548,ACCT206199,MERCH300198,purchase,19.08,web,2024-04-29 17:40:42,approved,False
TXN20240429006549,ACCT203240,MERCH300124,purchase,17.41,web,2024-04-29 11:02:43,approved,False
TXN20240429006550,ACCT204922,MERCH300288,purchase,48.05,atm,2024-04-29 12:05:46,approved,False
TXN20240429006551,ACCT203367,MERCH300138,deposit,326.7,mobile,2024-04-29 19:08:52,approved,False
TXN20240429006552,ACCT204603,MERCH300202,purchase,62.92,mobile,2024-04-29 00:31:14,approved,False
TXN20240429006553,ACCT203501,MERCH300259,purchase,16.54,web,2024-04-29 03:34:52,approved,False
TXN20240429006554,ACCT203271,MERCH300170,purchase,30.68,in_person,2024-04-29 00:43:22,approved,False
TXN20240429006555,ACCT205879,MERCH300225,purchase,62.28,mobile,2024-04-29 12:41:52,approved,False
TXN20240429006556,ACCT203791,MERCH300241,purchase,14.05,mobile,2024-04-29 02:28:59,approved,False
TXN20240429006557,ACCT201570,MERCH300113,withdrawal,343.34,mobile,2024-04-29 09:03:27,approved,False
TXN20240429006558,ACCT201599,MERCH300253,purchase,104.72,web,2024-04-29 17:50:06,approved,False
TXN20240429006559,ACCT205642,MERCH300169,purchase,94.55,atm,2024-04-29 04:39:23,approved,False
TXN20240429006560,ACCT201078,MERCH300097,purchase,27.82,in_person,2024-04-29 03:31:42,approved,False
TXN20240429006561,ACCT203260,MERCH300045,withdrawal,123.81,mobile,2024-04-29 11:41:17,approved,False
TXN20240429006562,ACCT205731,MERCH300024,purchase,24.36,web,2024-04-29 20:13:06,reversed,False
TXN20240429006563,ACCT202815,MERCH300143,purchase,40.79,in_person,2024-04-29 03:11:55,approved,False
TXN20240429006564,ACCT205354,MERCH300164,purchase,30.12,mobile,2024-04-29 20:37:03,approved,False
TXN20240429006565,ACCT200629,MERCH300225,purchase,93.4,atm,2024-04-29 14:40:08,approved,False
TXN20240429006566,ACCT206457,MERCH300200,withdrawal,106.62,mobile,2024-04-29 11:53:18,approved,False
TXN20240429006567,ACCT206337,MERCH300238,purchase,208.1,web,2024-04-29 20:22:27,approved,False
TXN20240429006568,ACCT203618,MERCH300038,transfer,41.93,in_person,2024-04-29 11:51:47,approved,False
TXN20240429006569,ACCT200970,MERCH300179,purchase,200.2,web,2024-04-29 13:41:47,approved,False
TXN20240429006570,ACCT203765,MERCH300176,purchase,48.54,in_person,2024-04-29 08:53:21,approved,False
TXN20240429006571,ACCT206008,MERCH300113,purchase,69.65,in_person,2024-04-29 17:14:01,approved,False
TXN20240429006572,ACCT200906,MERCH300194,purchase,7.87,web,2024-04-29 08:18:53,approved,False
TXN20240429006573,ACCT204226,MERCH300213,purchase,44.38,web,2024-04-29 01:42:55,approved,False
TXN20240429006574,ACCT202020,MERCH300037,withdrawal,10.66,atm,2024-04-29 04:16:26,approved,False
TXN20240429006575,ACCT202351,MERCH300223,purchase,61.81,in_person,2024-04-29 12:47:49,approved,False
TXN20240429006576,ACCT200994,MERCH300156,transfer,35.37,mobile,2024-04-29 11:42:11,approved,False
TXN20240429006577,ACCT201908,MERCH300150,transfer,90.36,mobile,2024-04-29 03:56:38,approved,False
TXN20240429006578,ACCT205452,MERCH300025,purchase,23.49,mobile,2024-04-29 06:38:39,approved,False
TXN20240429006579,ACCT203046,MERCH300062,purchase,71.07,web,2024-04-29 18:10:16,approved,False
TXN20240429006580,ACCT204184,MERCH300075,purchase,8.26,in_person,2024-04-29 04:09:16,approved,False
TXN20240429006581,ACCT205837,MERCH300117,purchase,23.46,in_person,2024-04-29 06:59:04,approved,True
TXN20240429006582,ACCT202857,MERCH300252,purchase,24.25,mobile,2024-04-29 03:02:03,approved,False
TXN20240429006583,ACCT204217,MERCH300076,withdrawal,50.98,mobile,2024-04-29 22:17:08,declined,False
TXN20240429006584,ACCT200675,MERCH300271,purchase,69.57,mobile,2024-04-29 12:43:02,approved,False
TXN20240429006585,ACCT201646,MERCH300247,purchase,49.15,web,2024-04-29 07:18:15,approved,False
TXN20240429006586,ACCT200696,MERCH300229,purchase,10.39,mobile,2024-04-29 10:43:07,approved,False
TXN20240429006587,ACCT202977,MERCH300053,transfer,11.88,web,2024-04-29 06:14:26,approved,False
TXN20240429006588,ACCT206357,MERCH300158,purchase,54.8,web,2024-04-29 20:42:40,approved,False
TXN20240429006589,ACCT201647,MERCH300017,purchase,60.74,in_person,2024-04-29 07:22:48,approved,False
TXN20240429006590,ACCT201136,MERCH300125,purchase,40.74,in_person,2024-04-29 07:36:43,approved,False
TXN20240429006591,ACCT200591,MERCH300021,purchase,7.33,mobile,2024-04-29 04:36:48,approved,False
TXN20240429006592,ACCT206341,MERCH300151,purchase,50.2,mobile,2024-04-29 05:20:44,approved,False
TXN20240429006593,ACCT203686,MERCH300276,transfer,18.19,in_person,2024-04-29 05:36:37,approved,False
TXN20240429006594,ACCT206031,MERCH300052,purchase,11.79,in_person,2024-04-29 13:13:18,approved,False
TXN20240429006595,ACCT202305,MERCH300065,transfer,10.86,mobile,2024-04-29 13:19:36,approved,False
TXN20240429006596,ACCT202056,MERCH300200,purchase,19.47,web,2024-04-29 22:08:32,approved,False
TXN20240429006597,ACCT205221,MERCH300006,purchase,24.42,web,2024-04-29 08:31:00,approved,False
TXN20240429006598,ACCT201862,MERCH300172,transfer,28.49,in_person,2024-04-29 21:36:20,approved,False
TXN20240429006599,ACCT201117,MERCH300126,purchase,9.02,web,2024-04-29 13:04:07,reversed,False
TXN20240429006600,ACCT204195,MERCH300066,purchase,13.08,web,2024-04-29 20:07:04,reversed,False
TXN20240429006601,ACCT204577,MERCH300219,transfer,151.54,atm,2024-04-29 18:41:48,approved,False
TXN20240429006602,ACCT202153,MERCH300050,deposit,193.08,mobile,2024-04-29 22:45:37,approved,False
TXN20240429006603,ACCT202474,MERCH300184,purchase,45.73,mobile,2024-04-29 19:53:38,approved,False
TXN20240429006604,ACCT203416,MERCH300103,purchase,65.76,in_person,2024-04-29 03:17:59,approved,False
TXN20240429006605,ACCT205266,MERCH300083,purchase,338.43,in_person,2024-04-29 12:15:49,approved,False
TXN20240429006606,ACCT204100,MERCH300029,purchase,29.18,in_person,2024-04-29 17:21:31,approved,False
TXN20240429006607,ACCT206131,MERCH300146,transfer,95.66,atm,2024-04-29 00:54:18,approved,False
TXN20240429006608,ACCT202562,MERCH300110,purchase,22.37,web,2024-04-29 07:12:33,approved,False
TXN20240429006609,ACCT204081,MERCH300220,purchase,8.69,web,2024-04-29 04:52:08,approved,False
TXN20240429006610,ACCT200295,MERCH300064,transfer,5.69,web,2024-04-29 01:03:34,declined,False
TXN20240429006611,ACCT202521,MERCH300094,purchase,36.85,atm,2024-04-29 00:19:50,approved,False
TXN20240429006612,ACCT205100,MERCH300023,transfer,108.49,mobile,2024-04-29 14:24:45,approved,False
TXN20240429006613,ACCT203095,MERCH300147,deposit,35.72,in_person,2024-04-29 08:35:05,approved,False
TXN20240429006614,ACCT200195,MERCH300213,purchase,25.35,mobile,2024-04-29 21:22:07,approved,False
TXN20240429006615,ACCT201668,MERCH300066,purchase,89.22,atm,2024-04-29 02:41:50,approved,False
TXN20240429006616,ACCT200310,MERCH300170,transfer,77.02,in_person,2024-04-29 06:01:56,approved,False
TXN20240429006617,ACCT202545,MERCH300056,purchase,12.17,in_person,2024-04-29 15:12:16,approved,False
TXN20240429006618,ACCT206198,MERCH300201,purchase,21.16,in_person,2024-04-29 15:01:47,approved,False
TXN20240429006619,ACCT205633,MERCH300031,purchase,116.07,web,2024-04-29 17:57:20,approved,False
TXN20240429006620,ACCT203319,MERCH300120,purchase,30.51,mobile,2024-04-29 08:09:24,approved,False
TXN20240429006621,ACCT204633,MERCH300082,purchase,112.79,web,2024-04-29 15:29:45,approved,False
TXN20240429006622,ACCT204728,MERCH300101,purchase,19.61,mobile,2024-04-29 22:04:41,declined,False
TXN20240429006623,ACCT203368,MERCH300154,purchase,98.23,mobile,2024-04-29 06:03:10,approved,False
TXN20240429006624,ACCT206260,MERCH300157,purchase,46.92,web,2024-04-29 08:47:34,approved,False
TXN20240429006625,ACCT200148,MERCH300089,withdrawal,193.79,in_person,2024-04-29 23:13:29,approved,False
TXN20240429006626,ACCT205061,MERCH300000,purchase,25.6,mobile,2024-04-29 18:25:34,approved,False
TXN20240429006627,ACCT200105,MERCH300179,purchase,190.05,web,2024-04-29 21:19:28,approved,False
TXN20240429006628,ACCT200602,MERCH300121,withdrawal,40.25,web,2024-04-29 20:48:52,approved,False
TXN20240429006629,ACCT205342,MERCH300039,purchase,12.99,in_person,2024-04-29 20:16:44,approved,False
TXN20240429006630,ACCT203878,MERCH300006,deposit,14.22,web,2024-04-29 16:04:01,declined,False
TXN20240429006631,ACCT201599,MERCH300174,purchase,43.75,mobile,2024-04-29 03:31:51,declined,False
TXN20240429006632,ACCT201992,MERCH300118,withdrawal,52.36,web,2024-04-29 01:35:26,approved,False
TXN20240429006633,ACCT204723,MERCH300113,transfer,95.16,web,2024-04-29 19:25:47,approved,False
TXN20240429006634,ACCT200586,MERCH300289,purchase,47.65,atm,2024-04-29 07:36:47,approved,False
TXN20240429006635,ACCT203976,MERCH300210,transfer,6.85,atm,2024-04-29 00:00:12,approved,False
TXN20240429006636,ACCT202531,MERCH300263,purchase,29.84,in_person,2024-04-29 01:10:10,approved,False
TXN20240429006637,ACCT205225,MERCH300150,purchase,71.5,in_person,2024-04-29 23:15:55,approved,False
TXN20240429006638,ACCT202071,MERCH300050,transfer,23.27,in_person,2024-04-29 23:25:50,approved,False
TXN20240429006639,ACCT202394,MERCH300077,purchase,22.21,web,2024-04-29 16:09:22,approved,False
TXN20240429006640,ACCT205484,MERCH300139,purchase,46.37,web,2024-04-29 10:51:28,approved,False
TXN20240429006641,ACCT200071,MERCH300141,purchase,74.37,mobile,2024-04-29 21:40:05,approved,False
TXN20240429006642,ACCT203715,MERCH300282,purchase,12.17,mobile,2024-04-29 02:32:49,declined,False
TXN20240429006643,ACCT201039,MERCH300231,purchase,44.98,mobile,2024-04-29 03:10:02,approved,False
TXN20240429006644,ACCT204861,MERCH300231,purchase,92.06,in_person,2024-04-29 14:26:57,approved,False
TXN20240429006645,ACCT206024,MERCH300105,purchase,33.32,web,2024-04-29 06:06:04,approved,False
TXN20240429006646,ACCT200690,MERCH300027,purchase,81.51,mobile,2024-04-29 05:19:23,approved,False
TXN20240429006647,ACCT200309,MERCH300177,withdrawal,49.6,web,2024-04-29 12:26:04,approved,False
TXN20240429006648,ACCT201042,MERCH300212,purchase,16.17,in_person,2024-04-29 10:53:43,approved,False
TXN20240429006649,ACCT201076,MERCH300068,purchase,59.39,mobile,2024-04-29 03:00:03,approved,False
TXN20240429006650,ACCT203668,MERCH300139,purchase,101.37,mobile,2024-04-29 07:51:10,approved,False
TXN20240429006651,ACCT201917,MERCH300028,deposit,38.34,web,2024-04-29 01:21:39,approved,False
TXN20240429006652,ACCT200041,MERCH300119,withdrawal,13.4,in_person,2024-04-29 07:17:09,approved,False
TXN20240429006653,ACCT203804,MERCH300278,transfer,87.99,mobile,2024-04-29 12:04:14,approved,False
TXN20240429006654,ACCT201232,MERCH300176,purchase,40.95,atm,2024-04-29 13:14:44,approved,False
TXN20240429006655,ACCT203350,MERCH300254,purchase,33.53,web,2024-04-29 13:27:15,approved,False
TXN20240429006656,ACCT206094,MERCH300045,transfer,97.5,atm,2024-04-29 04:58:17,approved,False
TXN20240429006657,ACCT204272,MERCH300130,purchase,56.61,mobile,2024-04-29 23:05:29,approved,False
TXN20240429006658,ACCT206004,MERCH300095,purchase,66.03,mobile,2024-04-29 00:53:26,approved,False
TXN20240429006659,ACCT201413,MERCH300154,transfer,37.22,mobile,2024-04-29 21:26:12,approved,False
TXN20240429006660,ACCT201136,MERCH300002,withdrawal,27.4,web,2024-04-29 15:36:49,declined,False
TXN20240429006661,ACCT205959,MERCH300138,deposit,70.21,web,2024-04-29 09:37:45,approved,False
TXN20240429006662,ACCT202967,MERCH300171,purchase,14.29,mobile,2024-04-29 11:32:22,approved,False
TXN20240429006663,ACCT204230,MERCH300243,purchase,39.74,atm,2024-04-29 11:43:49,approved,False
TXN20240429006664,ACCT206315,MERCH300293,transfer,65.39,in_person,2024-04-29 03:59:24,approved,False
TXN20240429006665,ACCT204227,MERCH300199,withdrawal,65.44,mobile,2024-04-29 00:30:37,approved,False
TXN20240429006666,ACCT206035,MERCH300161,purchase,435.9,mobile,2024-04-29 15:19:18,approved,False
TXN20240429006667,ACCT203354,MERCH300082,purchase,56.28,mobile,2024-04-29 23:44:54,approved,False
TXN20240429006668,ACCT204145,MERCH300004,purchase,21.09,web,2024-04-29 09:11:04,approved,False
TXN20240429006669,ACCT204400,MERCH300104,withdrawal,66.17,web,2024-04-29 07:34:15,approved,False
TXN20240429006670,ACCT203949,MERCH300038,purchase,11.57,web,2024-04-29 03:24:51,approved,False
TXN20240429006671,ACCT205198,MERCH300243,purchase,68.86,atm,2024-04-29 00:43:51,approved,False
TXN20240429006672,ACCT200204,MERCH300010,deposit,27.56,mobile,2024-04-29 11:52:01,approved,False
TXN20240429006673,ACCT204331,MERCH300274,purchase,12.09,mobile,2024-04-29 05:43:13,approved,False
TXN20240429006674,ACCT204712,MERCH300165,purchase,433.11,in_person,2024-04-29 19:39:01,approved,False
TXN20240429006675,ACCT205088,MERCH300080,purchase,25.15,in_person,2024-04-29 13:46:21,approved,False
TXN20240429006676,ACCT205609,MERCH300093,purchase,34.45,atm,2024-04-29 01:47:24,approved,False
TXN20240429006677,ACCT204092,MERCH300004,purchase,26.74,web,2024-04-29 13:13:35,approved,False
TXN20240429006678,ACCT200629,MERCH300019,withdrawal,88.43,in_person,2024-04-29 11:04:53,approved,False
TXN20240429006679,ACCT205927,MERCH300120,purchase,22.13,mobile,2024-04-29 12:48:16,approved,False
TXN20240429006680,ACCT200009,MERCH300089,purchase,120.69,in_person,2024-04-29 14:11:46,approved,False
TXN20240429006681,ACCT206426,MERCH300217,purchase,50.21,in_person,2024-04-29 19:44:43,approved,False
TXN20240429006682,ACCT201554,MERCH300280,purchase,135.04,in_person,2024-04-29 09:54:13,approved,False
TXN20240429006683,ACCT203483,MERCH300085,withdrawal,77.49,web,2024-04-29 19:47:18,approved,False
TXN20240429006684,ACCT204310,MERCH300019,transfer,114.26,in_person,2024-04-29 10:36:21,approved,False
TXN20240429006685,ACCT200692,MERCH300108,purchase,13.45,atm,2024-04-29 16:03:23,approved,False
TXN20240429006686,ACCT203878,MERCH300062,purchase,65.63,web,2024-04-29 09:00:14,approved,False
TXN20240429006687,ACCT200758,MERCH300236,transfer,45.13,atm,2024-04-29 21:05:07,approved,False
TXN20240429006688,ACCT206211,MERCH300240,purchase,56.67,mobile,2024-04-29 22:08:42,approved,False
TXN20240429006689,ACCT200600,MERCH300227,purchase,118.39,mobile,2024-04-29 13:33:13,approved,False
TXN20240429006690,ACCT200532,MERCH300112,transfer,57.15,in_person,2024-04-29 09:28:53,reversed,False
TXN20240429006691,ACCT203827,MERCH300052,withdrawal,27.44,in_person,2024-04-29 19:30:30,approved,False
TXN20240429006692,ACCT204334,MERCH300095,purchase,5.87,mobile,2024-04-29 06:45:35,approved,False
TXN20240429006693,ACCT203690,MERCH300203,purchase,45.35,in_person,2024-04-29 21:50:54,approved,False
TXN20240429006694,ACCT200700,MERCH300177,purchase,26.56,web,2024-04-29 02:11:57,approved,False
TXN20240429006695,ACCT202313,MERCH300067,purchase,37.95,mobile,2024-04-29 20:35:21,approved,False
TXN20240429006696,ACCT205356,MERCH300289,deposit,71.19,mobile,2024-04-29 09:26:23,approved,True
TXN20240429006697,ACCT204261,MERCH300217,withdrawal,13.78,in_person,2024-04-29 06:18:41,approved,False
TXN20240429006698,ACCT206389,MERCH300156,purchase,86.78,web,2024-04-29 15:08:15,approved,False
TXN20240429006699,ACCT206169,MERCH300213,purchase,5.66,mobile,2024-04-29 15:49:06,approved,False
TXN20240429006700,ACCT202384,MERCH300080,purchase,14.29,mobile,2024-04-29 04:02:26,approved,False
TXN20240429006701,ACCT203092,MERCH300288,transfer,46.09,in_person,2024-04-29 11:48:13,approved,False
TXN20240429006702,ACCT204974,MERCH300117,purchase,12.34,in_person,2024-04-29 20:58:41,approved,False
TXN20240429006703,ACCT205663,MERCH300124,purchase,16.39,in_person,2024-04-29 21:06:19,approved,False
TXN20240429006704,ACCT202215,MERCH300046,withdrawal,38.58,web,2024-04-29 02:51:33,approved,False
TXN20240429006705,ACCT201664,MERCH300014,purchase,26.8,mobile,2024-04-29 07:20:10,approved,False
TXN20240429006706,ACCT204785,MERCH300015,purchase,113.27,in_person,2024-04-29 09:47:52,approved,False
TXN20240429006707,ACCT204372,MERCH300059,transfer,30.13,mobile,2024-04-29 00:30:24,approved,False
TXN20240429006708,ACCT204325,MERCH300244,purchase,25.8,in_person,2024-04-29 06:34:31,approved,False
TXN20240429006709,ACCT202910,MERCH300117,transfer,26.47,atm,2024-04-29 17:46:49,approved,False
TXN20240429006710,ACCT201380,MERCH300278,purchase,20.64,web,2024-04-29 10:33:51,approved,False
TXN20240429006711,ACCT202857,MERCH300145,withdrawal,7.97,web,2024-04-29 12:04:57,approved,False
TXN20240429006712,ACCT202422,MERCH300204,purchase,257.5,in_person,2024-04-29 02:01:10,approved,False
TXN20240429006713,ACCT205622,MERCH300028,purchase,6.72,in_person,2024-04-29 19:03:19,approved,False
TXN20240429006714,ACCT203272,MERCH300293,purchase,23.4,web,2024-04-29 04:22:04,approved,False
TXN20240429006715,ACCT203153,MERCH300024,purchase,91.48,web,2024-04-29 01:37:47,approved,False
TXN20240429006716,ACCT202477,MERCH300067,purchase,165.05,in_person,2024-04-29 04:14:57,approved,False
TXN20240429006717,ACCT203904,MERCH300294,transfer,26.45,in_person,2024-04-29 16:12:23,approved,False
TXN20240429006718,ACCT205318,MERCH300252,transfer,23.11,web,2024-04-29 00:01:01,approved,False
TXN20240429006719,ACCT204560,MERCH300127,purchase,23.09,atm,2024-04-29 09:22:36,approved,False
TXN20240429006720,ACCT204475,MERCH300065,purchase,82.31,web,2024-04-29 06:04:46,approved,False
TXN20240429006721,ACCT204701,MERCH300099,purchase,25.8,in_person,2024-04-29 09:57:56,approved,False
TXN20240429006722,ACCT205934,MERCH300094,purchase,15.19,in_person,2024-04-29 12:29:15,approved,False
TXN20240429006723,ACCT203911,MERCH300014,purchase,61.6,mobile,2024-04-29 18:48:09,approved,False
TXN20240429006724,ACCT202012,MERCH300172,purchase,46.08,web,2024-04-29 23:04:15,approved,False
TXN20240429006725,ACCT203548,MERCH300049,purchase,116.98,web,2024-04-29 09:38:55,approved,False
TXN20240429006726,ACCT206075,MERCH300030,purchase,21.66,mobile,2024-04-29 02:55:09,approved,False
TXN20240429006727,ACCT201179,MERCH300008,purchase,85.32,web,2024-04-29 22:44:46,approved,False
TXN20240429006728,ACCT200907,MERCH300290,deposit,20.83,web,2024-04-29 06:09:57,approved,False
TXN20240429006729,ACCT204976,MERCH300038,purchase,13.45,web,2024-04-29 10:40:51,approved,False
TXN20240429006730,ACCT205141,MERCH300170,transfer,308.37,web,2024-04-29 23:14:26,approved,False
TXN20240429006731,ACCT206086,MERCH300265,purchase,17.24,mobile,2024-04-29 07:58:05,approved,False
TXN20240429006732,ACCT205236,MERCH300269,purchase,17.51,web,2024-04-29 09:07:52,approved,False
TXN20240429006733,ACCT204077,MERCH300128,purchase,27.34,in_person,2024-04-29 10:21:01,approved,False
TXN20240429006734,ACCT204634,MERCH300137,purchase,159.72,atm,2024-04-29 18:02:13,approved,False
TXN20240429006735,ACCT204899,MERCH300243,purchase,44.37,atm,2024-04-29 08:04:28,approved,False
TXN20240429006736,ACCT206330,MERCH300125,purchase,34.44,web,2024-04-29 17:43:18,approved,False
TXN20240429006737,ACCT202251,MERCH300179,purchase,81.39,mobile,2024-04-29 14:23:34,approved,False
TXN20240429006738,ACCT201370,MERCH300293,purchase,67.34,in_person,2024-04-29 11:14:59,approved,False
TXN20240429006739,ACCT205941,MERCH300027,purchase,111.57,atm,2024-04-29 21:43:41,approved,False
TXN20240429006740,ACCT203666,MERCH300112,transfer,14.92,in_person,2024-04-29 13:01:00,approved,False
TXN20240429006741,ACCT204818,MERCH300185,purchase,30.41,web,2024-04-29 11:19:53,declined,False
TXN20240429006742,ACCT201783,MERCH300111,purchase,195.38,atm,2024-04-29 23:55:49,approved,False
TXN20240429006743,ACCT201244,MERCH300071,transfer,62.85,web,2024-04-29 10:43:34,approved,False
TXN20240429006744,ACCT206309,MERCH300076,purchase,19.94,in_person,2024-04-29 11:52:27,approved,False
TXN20240429006745,ACCT202626,MERCH300049,withdrawal,88.29,mobile,2024-04-29 14:14:46,approved,False
TXN20240429006746,ACCT206101,MERCH300169,purchase,16.42,atm,2024-04-29 04:02:35,approved,False
