transaction_id,account_id,merchant_id,type,amount,channel,timestamp,status,is_fraud
TXN20240215000000,ACCT201201,MERCH300073,deposit,127.34,mobile,2024-02-15 18:34:13,approved,False
TXN20240215000001,ACCT205689,MERCH300239,purchase,4.9,web,2024-02-15 13:28:43,approved,False
TXN20240215000002,ACCT206100,MERCH300125,transfer,89.46,in_person,2024-02-15 22:14:53,approved,False
TXN20240215000003,ACCT201931,MERCH300227,purchase,12.4,atm,2024-02-15 03:51:51,approved,False
TXN20240215000004,ACCT204661,MERCH300094,purchase,8.22,mobile,2024-02-15 04:33:09,approved,False
TXN20240215000005,ACCT203681,MERCH300136,purchase,69.18,mobile,2024-02-15 07:44:05,approved,False
TXN20240215000006,ACCT201597,MERCH300159,purchase,22.51,web,2024-02-15 04:24:19,approved,False
TXN20240215000007,ACCT200030,MERCH300106,purchase,12.98,web,2024-02-15 17:11:10,approved,False
TXN20240215000008,ACCT202447,MERCH300093,transfer,165.87,mobile,2024-02-15 14:45:39,approved,False
TXN20240215000009,ACCT206089,MERCH300105,purchase,23.89,web,2024-02-15 22:20:52,approved,False
TXN20240215000010,ACCT200202,MERCH300157,purchase,21.85,web,2024-02-15 18:31:51,approved,False
TXN20240215000011,ACCT201276,MERCH300281,purchase,22.3,in_person,2024-02-15 03:38:25,approved,False
TXN20240215000012,ACCT203137,MERCH300012,purchase,49.49,mobile,2024-02-15 13:39:23,approved,False
TXN20240215000013,ACCT204132,MERCH300264,withdrawal,91.02,in_person,2024-02-15 04:48:35,approved,False
TXN20240215000014,ACCT203995,MERCH300251,withdrawal,10.38,in_person,2024-02-15 15:02:22,approved,False
TXN20240215000015,ACCT205116,MERCH300031,purchase,57.73,mobile,2024-02-15 23:05:44,reversed,False
TXN20240215000016,ACCT201110,MERCH300253,deposit,12.25,web,2024-02-15 13:22:05,approved,False
TXN20240215000017,ACCT202859,MERCH300175,purchase,68.03,in_person,2024-02-15 21:03:46,approved,False
TXN20240215000018,ACCT201497,MERCH300285,purchase,24.07,mobile,2024-02-15 22:56:56,approved,False
TXN20240215000019,ACCT201070,MERCH300257,withdrawal,13.43,atm,2024-02-15 03:08:22,approved,False
TXN20240215000020,ACCT203685,MERCH300168,transfer,71.29,in_person,2024-02-15 19:47:46,approved,False
TXN20240215000021,ACCT201228,MERCH300115,withdrawal,47.75,in_person,2024-02-15 02:52:35,approved,False
TXN20240215000022,ACCT200331,MERCH300214,withdrawal,46.79,in_person,2024-02-15 15:22:07,approved,False
TXN20240215000023,ACCT204531,MERCH300248,purchase,15.72,in_person,2024-02-15 17:09:37,approved,False
TXN20240215000024,ACCT204695,MERCH300278,purchase,23.67,web,2024-02-15 09:51:10,approved,False
TXN20240215000025,ACCT202736,MERCH300129,transfer,11.96,mobile,2024-02-15 07:07:49,approved,False
TXN20240215000026,ACCT202777,MERCH300041,purchase,160.1,atm,2024-02-15 02:48:42,approved,False
TXN20240215000027,ACCT202223,MERCH300073,withdrawal,383.26,web,2024-02-15 05:19:33,approved,False
TXN20240215000028,ACCT202128,MERCH300121,withdrawal,26.44,in_person,2024-02-15 09:47:27,approved,False
TXN20240215000029,ACCT201233,MERCH300171,purchase,34.1,mobile,2024-02-15 11:00:39,approved,False
TXN20240215000030,ACCT206133,MERCH300077,withdrawal,33.16,in_person,2024-02-15 12:53:30,approved,False
TXN20240215000031,ACCT201932,MERCH300060,purchase,90.99,in_person,2024-02-15 03:43:18,approved,False
TXN20240215000032,ACCT203349,MERCH300297,purchase,83.41,in_person,2024-02-15 12:22:51,approved,False
TXN20240215000033,ACCT203907,MERCH300213,purchase,86.33,in_person,2024-02-15 14:27:58,approved,False
TXN20240215000034,ACCT204063,MERCH300265,purchase,80.65,in_person,2024-02-15 02:19:47,approved,False
TXN20240215000035,ACCT203895,MERCH300278,purchase,35.08,atm,2024-02-15 23:24:13,approved,False
TXN20240215000036,ACCT205827,MERCH300148,purchase,3.44,in_person,2024-02-15 06:47:54,approved,False
TXN20240215000037,ACCT204001,MERCH300198,transfer,32.3,web,2024-02-15 22:08:13,approved,False
TXN20240215000038,ACCT204147,MERCH300214,withdrawal,106.01,mobile,2024-02-15 00:23:56,approved,False
TXN20240215000039,ACCT202547,MERCH300267,purchase,17.64,in_person,2024-02-15 16:18:03,declined,False
TXN20240215000040,ACCT201176,MERCH300108,deposit,31.37,web,2024-02-15 23:38:59,approved,False
TXN20240215000041,ACCT201123,MERCH300140,withdrawal,13.15,web,2024-02-15 10:19:10,approved,False
TXN20240215000042,ACCT200432,MERCH300284,purchase,18.98,in_person,2024-02-15 23:36:07,approved,False
TXN20240215000043,ACCT203053,MERCH300001,purchase,162.58,in_person,2024-02-15 22:36:12,approved,False
TXN20240215000044,ACCT202816,MERCH300269,purchase,55.42,in_person,2024-02-15 02:48:20,approved,False
TXN20240215000045,ACCT203263,MERCH300189,withdrawal,107.32,web,2024-02-15 08:27:45,approved,False
TXN20240215000046,ACCT201114,MERCH300025,withdrawal,64.34,mobile,2024-02-15 05:18:23,approved,False
TXN20240215000047,ACCT203458,MERCH300148,purchase,105.7,in_person,2024-02-15 18:04:35,approved,False
TXN20240215000048,ACCT201151,MERCH300245,purchase,20.68,in_person,2024-02-15 06:36:05,approved,False
TXN20240215000049,ACCT205285,MERCH300253,purchase,560.3,web,2024-02-15 20:22:58,approved,False
TXN20240215000050,ACCT203066,MERCH300292,purchase,49.63,in_person,2024-02-15 00:07:10,approved,False
TXN20240215000051,ACCT203629,MERCH300182,purchase,128.07,mobile,2024-02-15 15:00:57,approved,False
TXN20240215000052,ACCT205820,MERCH300090,purchase,15.92,atm,2024-02-15 09:35:50,approved,False
TXN20240215000053,ACCT203365,MERCH300126,transfer,34.21,mobile,2024-02-15 09:17:15,approved,False
TXN20240215000054,ACCT200997,MERCH300149,purchase,17.27,web,2024-02-15 08:39:09,approved,False
TXN20240215000055,ACCT205512,MERCH300038,purchase,54.66,web,2024-02-15 01:05:38,approved,False
TXN20240215000056,ACCT204153,MERCH300090,purchase,307.16,web,2024-02-15 16:13:02,approved,False
TXN20240215000057,ACCT206473,MERCH300267,purchase,153.78,mobile,2024-02-15 21:01:32,approved,False
TXN20240215000058,ACCT205086,MERCH300173,deposit,100.21,web,2024-02-15 23:21:14,approved,False
TXN20240215000059,ACCT201582,MERCH300095,purchase,32.22,web,2024-02-15 16:34:17,approved,True
TXN20240215000060,ACCT201628,MERCH300167,transfer,18.59,web,2024-02-15 17:14:54,declined,False
TXN20240215000061,ACCT203579,MERCH300074,transfer,50.36,web,2024-02-15 21:43:22,approved,False
TXN20240215000062,ACCT200609,MERCH300054,purchase,44.4,web,2024-02-15 18:31:43,approved,False
TXN20240215000063,ACCT202026,MERCH300001,purchase,23.16,in_person,2024-02-15 23:29:17,approved,False
TXN20240215000064,ACCT206094,MERCH300076,purchase,48.66,web,2024-02-15 18:07:13,approved,False
TXN20240215000065,ACCT203735,MERCH300228,transfer,19.34,mobile,2024-02-15 07:55:34,approved,False
TXN20240215000066,ACCT205420,MERCH300030,withdrawal,19.53,in_person,2024-02-15 02:04:14,approved,False
TXN20240215000067,ACCT205449,MERCH300038,purchase,12.31,mobile,2024-02-15 11:16:34,approved,False
TXN20240215000068,ACCT205362,MERCH300164,purchase,69.92,in_person,2024-02-15 02:49:18,approved,True
TXN20240215000069,ACCT202376,MERCH300196,deposit,11.54,mobile,2024-02-15 21:33:47,approved,False
TXN20240215000070,ACCT201591,MERCH300118,purchase,59.79,in_person,2024-02-15 04:38:40,approved,False
TXN20240215000071,ACCT205608,MERCH300004,purchase,41.63,web,2024-02-15 15:16:15,approved,False
TXN20240215000072,ACCT205184,MERCH300195,purchase,62.64,web,2024-02-15 05:35:32,approved,False
TXN20240215000073,ACCT204174,MERCH300052,purchase,27.74,mobile,2024-02-15 03:12:02,approved,False
TXN20240215000074,ACCT203944,MERCH300068,transfer,92.14,in_person,2024-02-15 04:39:03,approved,False
TXN20240215000075,ACCT206020,MERCH300115,purchase,14.91,mobile,2024-02-15 08:05:36,approved,False
TXN20240215000076,ACCT205730,MERCH300244,purchase,12.6,in_person,2024-02-15 14:32:07,approved,False
TXN20240215000077,ACCT205234,MERCH300004,purchase,20.91,in_person,2024-02-15 01:54:57,approved,False
TXN20240215000078,ACCT204653,MERCH300048,transfer,196.03,in_person,2024-02-15 21:07:20,approved,False
TXN20240215000079,ACCT203778,MERCH300084,purchase,106.73,web,2024-02-15 16:03:46,approved,False
TXN20240215000080,ACCT202327,MERCH300057,purchase,10.96,web,2024-02-15 02:22:09,approved,True
TXN20240215000081,ACCT202387,MERCH300178,deposit,32.2,atm,2024-02-15 23:00:22,approved,False
TXN20240215000082,ACCT205786,MERCH300029,transfer,75.57,web,2024-02-15 12:04:04,approved,False
TXN20240215000083,ACCT203023,MERCH300203,transfer,27.28,mobile,2024-02-15 03:36:58,approved,False
TXN20240215000084,ACCT201060,MERCH300102,transfer,32.23,web,2024-02-15 23:25:21,approved,False
TXN20240215000085,ACCT204208,MERCH300202,transfer,64.85,web,2024-02-15 03:37:35,approved,False
TXN20240215000086,ACCT206459,MERCH300042,purchase,63.22,in_person,2024-02-15 13:28:43,approved,False
TXN20240215000087,ACCT201626,MERCH300150,withdrawal,116.08,web,2024-02-15 22:13:34,approved,False
TXN20240215000088,ACCT203478,MERCH300124,deposit,80.27,mobile,2024-02-15 07:51:15,approved,False
TXN20240215000089,ACCT200069,MERCH300166,purchase,17.08,in_person,2024-02-15 05:54:56,approved,False
TXN20240215000090,ACCT203027,MERCH300098,purchase,53.09,in_person,2024-02-15 11:33:51,approved,False
TXN20240215000091,ACCT200168,MERCH300193,purchase,115.93,web,2024-02-15 06:21:57,approved,False
TXN20240215000092,ACCT205903,MERCH300080,withdrawal,14.53,web,2024-02-15 05:28:36,approved,False
TXN20240215000093,ACCT203629,MERCH300211,deposit,40.57,in_person,2024-02-15 10:13:24,approved,False
TXN20240215000094,ACCT204738,MERCH300253,purchase,19.63,in_person,2024-02-15 00:59:15,approved,False
TXN20240215000095,ACCT202555,MERCH300198,deposit,190.05,in_person,2024-02-15 17:56:32,approved,False
TXN20240215000096,ACCT202999,MERCH300264,purchase,156.44,in_person,2024-02-15 10:03:49,approved,False
TXN20240215000097,ACCT200683,MERCH300049,purchase,16.85,mobile,2024-02-15 07:22:49,approved,False
TXN20240215000098,ACCT200788,MERCH300137,purchase,335.97,mobile,2024-02-15 15:07:01,approved,False
TXN20240215000099,ACCT203014,MERCH300029,purchase,85.72,web,2024-02-15 00:50:31,approved,True
TXN20240215000100,ACCT200955,MERCH300283,purchase,11.67,in_person,2024-02-15 11:38:17,approved,False
TXN20240215000101,ACCT200557,MERCH300202,purchase,37.81,mobile,2024-02-15 13:09:49,approved,False
TXN20240215000102,ACCT204374,MERCH300086,deposit,12.46,web,2024-02-15 11:29:47,approved,False
TXN20240215000103,ACCT201226,MERCH300080,purchase,23.35,web,2024-02-15 13:00:01,approved,False
TXN20240215000104,ACCT201058,MERCH300136,purchase,58.68,web,2024-02-15 04:10:20,reversed,False
TXN20240215000105,ACCT200032,MERCH300056,deposit,5.5,in_person,2024-02-15 15:50:49,declined,False
TXN20240215000106,ACCT205681,MERCH300196,transfer,28.65,mobile,2024-02-15 03:48:10,approved,False
TXN20240215000107,ACCT206099,MERCH300281,withdrawal,19.23,in_person,2024-02-15 05:58:22,approved,False
TXN20240215000108,ACCT202641,MERCH300137,withdrawal,187.54,mobile,2024-02-15 15:09:32,approved,False
TXN20240215000109,ACCT205865,MERCH300257,purchase,11.18,in_person,2024-02-15 11:37:24,approved,False
TXN20240215000110,ACCT205666,MERCH300010,purchase,30.05,in_person,2024-02-15 22:01:06,approved,False
TXN20240215000111,ACCT201607,MERCH300272,purchase,11.78,in_person,2024-02-15 05:26:22,approved,False
TXN20240215000112,ACCT203196,MERCH300073,purchase,18.86,mobile,2024-02-15 16:52:36,approved,False
TXN20240215000113,ACCT201238,MERCH300242,purchase,8.13,in_person,2024-02-15 07:40:46,approved,False
TXN20240215000114,ACCT204454,MERCH300060,transfer,57.96,atm,2024-02-15 10:49:36,approved,False
TXN20240215000115,ACCT201531,MERCH300007,purchase,10.71,in_person,2024-02-15 15:44:59,approved,False
TXN20240215000116,ACCT201189,MERCH300147,transfer,67.47,web,2024-02-15 17:34:48,approved,False
TXN20240215000117,ACCT205076,MERCH300181,withdrawal,119.0,web,2024-02-15 22:49:40,approved,False
TXN20240215000118,ACCT200680,MERCH300020,purchase,56.74,in_person,2024-02-15 08:25:48,approved,False
TXN20240215000119,ACCT205093,MERCH300102,deposit,22.6,mobile,2024-02-15 19:39:07,approved,False
TXN20240215000120,ACCT205091,MERCH300224,deposit,63.98,mobile,2024-02-15 03:28:55,approved,False
TXN20240215000121,ACCT201197,MERCH300298,transfer,19.0,mobile,2024-02-15 14:54:27,approved,False
TXN20240215000122,ACCT206406,MERCH300042,purchase,72.09,in_person,2024-02-15 04:24:08,approved,False
TXN20240215000123,ACCT205486,MERCH300208,purchase,126.22,in_person,2024-02-15 03:37:58,approved,False
TXN20240215000124,ACCT204156,MERCH300266,deposit,8.56,in_person,2024-02-15 18:23:30,approved,False
TXN20240215000125,ACCT206173,MERCH300182,transfer,28.38,mobile,2024-02-15 22:22:34,approved,False
TXN20240215000126,ACCT205934,MERCH300228,purchase,14.16,in_person,2024-02-15 14:51:50,approved,False
TXN20240215000127,ACCT203519,MERCH300191,purchase,46.44,mobile,2024-02-15 18:31:49,approved,False
TXN20240215000128,ACCT203715,MERCH300182,withdrawal,24.39,in_person,2024-02-15 13:40:48,approved,False
TXN20240215000129,ACCT204942,MERCH300150,withdrawal,30.66,atm,2024-02-15 13:13:41,approved,False
TXN20240215000130,ACCT202043,MERCH300263,purchase,41.16,in_person,2024-02-15 22:36:59,approved,False
TXN20240215000131,ACCT203738,MERCH300280,purchase,52.5,in_person,2024-02-15 06:47:12,approved,False
TXN20240215000132,ACCT201470,MERCH300231,purchase,63.11,web,2024-02-15 20:54:08,approved,False
TXN20240215000133,ACCT201489,MERCH300198,withdrawal,94.72,web,2024-02-15 13:00:04,approved,False
TXN20240215000134,ACCT200425,MERCH300288,purchase,11.51,in_person,2024-02-15 00:25:05,approved,False
TXN20240215000135,ACCT201963,MERCH300043,transfer,29.15,mobile,2024-02-15 21:15:11,approved,False
TXN20240215000136,ACCT205191,MERCH300199,transfer,130.7,in_person,2024-02-15 01:38:24,approved,False
TXN20240215000137,ACCT205410,MERCH300138,purchase,12.84,web,2024-02-15 03:43:21,approved,False
TXN20240215000138,ACCT204143,MERCH300047,purchase,168.13,in_person,2024-02-15 05:09:03,approved,False
TXN20240215000139,ACCT203947,MERCH300185,transfer,23.19,in_person,2024-02-15 23:24:04,approved,False
TXN20240215000140,ACCT203218,MERCH300008,purchase,311.58,web,2024-02-15 06:04:12,approved,False
TXN20240215000141,ACCT200332,MERCH300051,purchase,21.75,mobile,2024-02-15 09:34:14,approved,False
TXN20240215000142,ACCT202785,MERCH300139,purchase,39.15,mobile,2024-02-15 15:31:50,approved,False
TXN20240215000143,ACCT203223,MERCH300054,transfer,33.29,mobile,2024-02-15 02:30:55,approved,False
TXN20240215000144,ACCT201296,MERCH300157,purchase,30.2,mobile,2024-02-15 15:40:58,approved,False
TXN20240215000145,ACCT200679,MERCH300183,purchase,31.58,mobile,2024-02-15 09:35:12,approved,False
TXN20240215000146,ACCT204589,MERCH300290,purchase,163.35,in_person,2024-02-15 17:55:33,approved,False
TXN20240215000147,ACCT205129,MERCH300073,purchase,32.74,web,2024-02-15 07:45:03,approved,False
TXN20240215000148,ACCT202969,MERCH300065,transfer,437.0,web,2024-02-15 16:38:57,approved,False
TXN20240215000149,ACCT204877,MERCH300100,purchase,10.4,mobile,2024-02-15 12:56:13,approved,False
TXN20240215000150,ACCT200623,MERCH300224,purchase,36.42,in_person,2024-02-15 03:58:21,approved,False
TXN20240215000151,ACCT205316,MERCH300002,purchase,33.94,web,2024-02-15 14:55:35,approved,False
TXN20240215000152,ACCT202159,MERCH300111,purchase,36.02,mobile,2024-02-15 03:57:21,approved,False
TXN20240215000153,ACCT202530,MERCH300195,purchase,107.07,web,2024-02-15 17:10:49,approved,False
TXN20240215000154,ACCT200502,MERCH300017,deposit,55.35,mobile,2024-02-15 09:54:25,approved,False
TXN20240215000155,ACCT200831,MERCH300179,purchase,28.94,in_person,2024-02-15 20:28:30,approved,False
TXN20240215000156,ACCT200278,MERCH300231,purchase,51.04,in_person,2024-02-15 15:38:44,approved,False
TXN20240215000157,ACCT200388,MERCH300254,purchase,10.75,in_person,2024-02-15 10:19:14,approved,False
TXN20240215000158,ACCT203857,MERCH300098,purchase,125.89,atm,2024-02-15 21:40:28,approved,False
TXN20240215000159,ACCT202007,MERCH300288,purchase,52.23,mobile,2024-02-15 03:05:35,approved,False
TXN20240215000160,ACCT200794,MERCH300096,purchase,165.59,web,2024-02-15 10:00:30,declined,False
TXN20240215000161,ACCT202820,MERCH300145,purchase,21.0,web,2024-02-15 14:41:51,approved,False
TXN20240215000162,ACCT201210,MERCH300276,purchase,70.86,mobile,2024-02-15 20:03:26,approved,False
TXN20240215000163,ACCT204165,MERCH300115,purchase,23.93,in_person,2024-02-15 22:47:39,approved,False
TXN20240215000164,ACCT202541,MERCH300238,purchase,7.04,mobile,2024-02-15 03:41:59,approved,False
TXN20240215000165,ACCT205124,MERCH300267,purchase,24.11,atm,2024-02-15 07:05:37,approved,False
TXN20240215000166,ACCT204745,MERCH300291,purchase,19.7,web,2024-02-15 20:21:34,approved,False
TXN20240215000167,ACCT200797,MERCH300285,purchase,90.8,web,2024-02-15 20:03:10,approved,False
TXN20240215000168,ACCT201590,MERCH300232,purchase,220.37,web,2024-02-15 18:07:09,approved,False
TXN20240215000169,ACCT200690,MERCH300172,purchase,43.12,in_person,2024-02-15 23:04:58,approved,False
TXN20240215000170,ACCT204428,MERCH300179,purchase,24.18,atm,2024-02-15 10:25:24,approved,False
TXN20240215000171,ACCT200383,MERCH300072,purchase,33.89,web,2024-02-15 19:35:40,approved,False
TXN20240215000172,ACCT204720,MERCH300158,purchase,73.15,in_person,2024-02-15 23:30:14,approved,False
TXN20240215000173,ACCT203165,MERCH300165,transfer,27.47,web,2024-02-15 01:12:47,approved,False
TXN20240215000174,ACCT206195,MERCH300102,transfer,12.2,web,2024-02-15 11:26:53,approved,False
TXN20240215000175,ACCT205199,MERCH300119,purchase,36.0,in_person,2024-02-15 08:47:31,reversed,False
TXN20240215000176,ACCT205076,MERCH300280,purchase,54.3,atm,2024-02-15 20:40:52,approved,False
TXN20240215000177,ACCT204174,MERCH300128,purchase,35.22,web,2024-02-15 02:56:07,approved,False
TXN20240215000178,ACCT200504,MERCH300079,purchase,14.44,in_person,2024-02-15 20:41:29,declined,False
TXN20240215000179,ACCT203010,MERCH300156,purchase,105.99,web,2024-02-15 04:06:35,approved,False
TXN20240215000180,ACCT202098,MERCH300135,purchase,80.15,web,2024-02-15 12:31:19,approved,False
TXN20240215000181,ACCT206350,MERCH300229,purchase,21.6,mobile,2024-02-15 23:14:07,approved,False
TXN20240215000182,ACCT203376,MERCH300005,withdrawal,7.64,in_person,2024-02-15 23:35:08,approved,False
TXN20240215000183,ACCT201925,MERCH300186,purchase,64.1,web,2024-02-15 17:48:59,approved,False
TXN20240215000184,ACCT205182,MERCH300040,deposit,44.67,web,2024-02-15 09:19:34,approved,False
TXN20240215000185,ACCT206396,MERCH300095,deposit,72.2,web,2024-02-15 11:18:08,approved,False
TXN20240215000186,ACCT202100,MERCH300071,transfer,51.8,in_person,2024-02-15 05:28:08,approved,False
TXN20240215000187,ACCT203996,MERCH300158,transfer,61.71,mobile,2024-02-15 18:46:16,approved,False
TXN20240215000188,ACCT204068,MERCH300174,purchase,103.05,atm,2024-02-15 04:16:20,approved,False
TXN20240215000189,ACCT205266,MERCH300160,transfer,513.66,mobile,2024-02-15 01:28:27,approved,False
TXN20240215000190,ACCT202614,MERCH300031,withdrawal,5.87,mobile,2024-02-15 20:58:45,approved,False
TXN20240215000191,ACCT206224,MERCH300062,transfer,15.52,web,2024-02-15 00:56:35,approved,False
TXN20240215000192,ACCT200278,MERCH300108,purchase,10.22,in_person,2024-02-15 02:39:12,reversed,False
TXN20240215000193,ACCT202643,MERCH300271,purchase,131.86,in_person,2024-02-15 03:45:56,approved,False
TXN20240215000194,ACCT200769,MERCH300044,purchase,5.91,mobile,2024-02-15 18:06:18,approved,False
TXN20240215000195,ACCT204794,MERCH300125,purchase,8.77,mobile,2024-02-15 11:32:48,approved,False
TXN20240215000196,ACCT202241,MERCH300149,purchase,29.66,in_person,2024-02-15 02:17:11,approved,False
TXN20240215000197,ACCT202391,MERCH300241,transfer,59.65,web,2024-02-15 21:56:33,approved,False
TXN20240215000198,ACCT206310,MERCH300266,transfer,57.67,atm,2024-02-15 17:09:12,approved,False
TXN20240215000199,ACCT200829,MERCH300041,purchase,184.15,web,2024-02-15 01:09:39,approved,False
TXN20240215000200,ACCT201240,MERCH300061,purchase,40.79,web,2024-02-15 11:59:56,approved,False
TXN20240215000201,ACCT202047,MERCH300291,purchase,20.86,web,2024-02-15 22:38:44,approved,False
TXN20240215000202,ACCT205025,MERCH300288,transfer,109.56,mobile,2024-02-15 10:14:23,approved,False
TXN20240215000203,ACCT206089,MERCH300154,transfer,44.19,web,2024-02-15 21:59:38,approved,False
TXN20240215000204,ACCT201425,MERCH300002,purchase,69.27,web,2024-02-15 19:53:49,approved,False
TXN20240215000205,ACCT203269,MERCH300116,transfer,39.81,atm,2024-02-15 13:01:50,approved,False
TXN20240215000206,ACCT202387,MERCH300047,purchase,32.34,web,2024-02-15 19:12:18,approved,False
TXN20240215000207,ACCT201820,MERCH300092,withdrawal,51.58,mobile,2024-02-15 01:34:36,approved,False
TXN20240215000208,ACCT201549,MERCH300077,transfer,25.27,mobile,2024-02-15 19:00:38,approved,False
TXN20240215000209,ACCT201793,MERCH300227,purchase,149.28,web,2024-02-15 20:17:27,approved,False
TXN20240215000210,ACCT205770,MERCH300207,purchase,67.54,atm,2024-02-15 07:44:14,approved,False
TXN20240215000211,ACCT205955,MERCH300250,purchase,31.52,mobile,2024-02-15 18:28:47,approved,False
TXN20240215000212,ACCT204176,MERCH300149,purchase,24.93,mobile,2024-02-15 01:10:51,approved,False
TXN20240215000213,ACCT201436,MERCH300065,withdrawal,43.49,web,2024-02-15 23:16:57,approved,False
TXN20240215000214,ACCT205278,MERCH300178,purchase,46.57,in_person,2024-02-15 11:26:04,approved,False
TXN20240215000215,ACCT201568,MERCH300123,purchase,24.7,mobile,2024-02-15 05:52:13,approved,False
TXN20240215000216,ACCT203636,MERCH300067,purchase,44.68,in_person,2024-02-15 19:25:18,approved,False
TXN20240215000217,ACCT205017,MERCH300254,purchase,22.58,mobile,2024-02-15 06:03:07,approved,False
TXN20240215000218,ACCT206054,MERCH300195,purchase,39.41,atm,2024-02-15 21:18:32,approved,False
TXN20240215000219,ACCT204920,MERCH300116,purchase,18.97,web,2024-02-15 02:10:03,approved,False
TXN20240215000220,ACCT201793,MERCH300209,purchase,95.74,mobile,2024-02-15 05:17:04,approved,False
TXN20240215000221,ACCT202060,MERCH300123,purchase,308.7,in_person,2024-02-15 07:39:59,approved,False
TXN20240215000222,ACCT205366,MERCH300252,transfer,6.5,web,2024-02-15 20:56:05,approved,False
TXN20240215000223,ACCT202769,MERCH300187,transfer,19.23,in_person,2024-02-15 08:19:43,approved,False
TXN20240215000224,ACCT202554,MERCH300026,purchase,26.46,in_person,2024-02-15 18:51:29,approved,False
TXN20240215000225,ACCT202253,MERCH300175,withdrawal,55.19,mobile,2024-02-15 16:11:26,approved,False
TXN20240215000226,ACCT203579,MERCH300076,withdrawal,28.54,in_person,2024-02-15 17:30:31,approved,False
TXN20240215000227,ACCT205271,MERCH300213,deposit,65.88,in_person,2024-02-15 16:45:50,approved,False
TXN20240215000228,ACCT205187,MERCH300220,withdrawal,17.43,in_person,2024-02-15 21:26:02,approved,False
TXN20240215000229,ACCT204853,MERCH300111,purchase,8.3,web,2024-02-15 01:36:53,approved,False
TXN20240215000230,ACCT202603,MERCH300089,purchase,20.88,in_person,2024-02-15 17:53:51,approved,False
TXN20240215000231,ACCT205244,MERCH300246,transfer,22.23,in_person,2024-02-15 08:59:19,approved,False
TXN20240215000232,ACCT200014,MERCH300135,purchase,23.18,web,2024-02-15 13:12:14,approved,False
TXN20240215000233,ACCT206390,MERCH300123,purchase,136.69,in_person,2024-02-15 04:02:41,approved,False
TXN20240215000234,ACCT204373,MERCH300218,purchase,9.59,in_person,2024-02-15 13:18:39,approved,False
TXN20240215000235,ACCT202205,MERCH300169,transfer,9.94,atm,2024-02-15 10:55:07,approved,False
TXN20240215000236,ACCT200558,MERCH300117,purchase,36.62,in_person,2024-02-15 06:50:10,approved,False
TXN20240215000237,ACCT205332,MERCH300243,purchase,8.77,in_person,2024-02-15 02:13:35,approved,False
TXN20240215000238,ACCT200369,MERCH300051,purchase,22.24,mobile,2024-02-15 11:02:58,approved,False
TXN20240215000239,ACCT201719,MERCH300172,purchase,127.01,in_person,2024-02-15 21:46:04,approved,False
TXN20240215000240,ACCT201392,MERCH300159,purchase,26.71,mobile,2024-02-15 01:05:40,approved,False
TXN20240215000241,ACCT205267,MERCH300215,purchase,51.13,in_person,2024-02-15 20:16:09,declined,False
TXN20240215000242,ACCT203849,MERCH300267,purchase,17.98,web,2024-02-15 00:35:31,approved,False
TXN20240215000243,ACCT203903,MERCH300183,purchase,19.44,atm,2024-02-15 01:50:43,approved,False
TXN20240215000244,ACCT205332,MERCH300276,purchase,7.6,atm,2024-02-15 06:26:13,approved,False
TXN20240215000245,ACCT200106,MERCH300237,purchase,15.42,atm,2024-02-15 22:27:45,approved,False
TXN20240215000246,ACCT200313,MERCH300025,transfer,62.21,web,2024-02-15 11:26:36,approved,False
TXN20240215000247,ACCT204668,MERCH300130,purchase,77.23,mobile,2024-02-15 13:02:11,approved,False
TXN20240215000248,ACCT204573,MERCH300035,purchase,82.28,in_person,2024-02-15 20:36:06,approved,False
TXN20240215000249,ACCT206366,MERCH300120,withdrawal,49.96,web,2024-02-15 21:30:13,approved,False
TXN20240215000250,ACCT202713,MERCH300217,purchase,16.6,web,2024-02-15 15:41:26,approved,False
TXN20240215000251,ACCT200723,MERCH300157,purchase,19.63,mobile,2024-02-15 20:11:39,approved,False
TXN20240215000252,ACCT206189,MERCH300230,purchase,4.87,atm,2024-02-15 08:43:45,approved,False
TXN20240215000253,ACCT205328,MERCH300068,purchase,127.98,in_person,2024-02-15 17:48:27,approved,False
TXN20240215000254,ACCT203274,MERCH300196,purchase,12.8,atm,2024-02-15 00:47:25,approved,False
TXN20240215000255,ACCT205570,MERCH300025,purchase,96.93,web,2024-02-15 20:00:31,approved,False
TXN20240215000256,ACCT201334,MERCH300199,purchase,8.05,mobile,2024-02-15 11:15:00,approved,False
TXN20240215000257,ACCT203053,MERCH300277,purchase,76.92,web,2024-02-15 19:14:33,approved,False
TXN20240215000258,ACCT201923,MERCH300163,purchase,78.47,web,2024-02-15 18:40:57,approved,False
TXN20240215000259,ACCT203500,MERCH300056,purchase,190.85,in_person,2024-02-15 22:28:30,approved,False
TXN20240215000260,ACCT204622,MERCH300168,purchase,32.02,in_person,2024-02-15 19:55:48,approved,False
TXN20240215000261,ACCT204062,MERCH300270,transfer,42.9,in_person,2024-02-15 11:48:00,approved,False
TXN20240215000262,ACCT200252,MERCH300183,purchase,13.86,web,2024-02-15 05:21:43,declined,False
TXN20240215000263,ACCT202016,MERCH300069,purchase,46.36,in_person,2024-02-15 09:45:35,approved,False
TXN20240215000264,ACCT200004,MERCH300248,purchase,18.37,web,2024-02-15 11:49:24,approved,False
TXN20240215000265,ACCT200418,MERCH300236,purchase,36.36,in_person,2024-02-15 05:17:29,declined,False
TXN20240215000266,ACCT200952,MERCH300146,purchase,8.19,mobile,2024-02-15 20:12:00,approved,False
TXN20240215000267,ACCT200741,MERCH300204,purchase,66.19,web,2024-02-15 09:52:51,approved,False
TXN20240215000268,ACCT205330,MERCH300062,purchase,9.69,web,2024-02-15 02:58:43,approved,False
TXN20240215000269,ACCT204847,MERCH300293,purchase,12.24,web,2024-02-15 15:19:12,approved,False
TXN20240215000270,ACCT201778,MERCH300018,purchase,68.3,in_person,2024-02-15 06:05:02,approved,False
TXN20240215000271,ACCT205155,MERCH300062,transfer,43.49,mobile,2024-02-15 08:39:48,approved,False
TXN20240215000272,ACCT205295,MERCH300196,transfer,62.67,atm,2024-02-15 18:40:32,approved,False
TXN20240215000273,ACCT200526,MERCH300052,purchase,128.99,in_person,2024-02-15 07:52:10,approved,False
TXN20240215000274,ACCT203592,MERCH300271,transfer,43.18,in_person,2024-02-15 13:31:45,approved,False
TXN20240215000275,ACCT201180,MERCH300189,purchase,21.71,in_person,2024-02-15 05:10:57,approved,False
TXN20240215000276,ACCT203003,MERCH300284,purchase,24.15,web,2024-02-15 02:09:43,approved,False
TXN20240215000277,ACCT206154,MERCH300140,deposit,88.21,web,2024-02-15 22:55:42,approved,True
TXN20240215000278,ACCT204720,MERCH300092,purchase,12.12,in_person,2024-02-15 05:51:58,approved,False
TXN20240215000279,ACCT200308,MERCH300267,transfer,52.47,web,2024-02-15 11:10:04,approved,False
TXN20240215000280,ACCT205115,MERCH300033,purchase,55.86,web,2024-02-15 09:56:29,approved,False
TXN20240215000281,ACCT203062,MERCH300171,purchase,28.88,atm,2024-02-15 14:34:41,approved,False
TXN20240215000282,ACCT203787,MERCH300192,purchase,43.6,web,2024-02-15 01:45:41,approved,False
TXN20240215000283,ACCT205504,MERCH300280,transfer,229.26,in_person,2024-02-15 14:50:14,approved,False
TXN20240215000284,ACCT204671,MERCH300100,purchase,70.12,web,2024-02-15 13:22:02,approved,False
TXN20240215000285,ACCT202979,MERCH300176,purchase,40.51,web,2024-02-15 08:28:10,approved,False
TXN20240215000286,ACCT204432,MERCH300230,purchase,9.08,web,2024-02-15 05:03:47,approved,False
TXN20240215000287,ACCT200434,MERCH300101,transfer,12.07,atm,2024-02-15 17:23:35,declined,False
TXN20240215000288,ACCT200655,MERCH300051,purchase,206.92,web,2024-02-15 04:25:04,approved,False
TXN20240215000289,ACCT205505,MERCH300007,purchase,72.87,atm,2024-02-15 10:58:00,approved,False
TXN20240215000290,ACCT203929,MERCH300257,purchase,25.54,web,2024-02-15 06:47:47,approved,False
TXN20240215000291,ACCT205997,MERCH300237,transfer,35.22,mobile,2024-02-15 20:07:17,approved,False
TXN20240215000292,ACCT200107,MERCH300250,purchase,31.15,web,2024-02-15 01:02:52,approved,False
TXN20240215000293,ACCT203549,MERCH300249,transfer,23.52,web,2024-02-15 10:56:16,approved,False
TXN20240215000294,ACCT204585,MERCH300258,purchase,73.27,mobile,2024-02-15 04:27:49,approved,False
TXN20240215000295,ACCT205876,MERCH300008,transfer,77.03,in_person,2024-02-15 20:24:10,declined,False
TXN20240215000296,ACCT205452,MERCH300085,purchase,48.9,mobile,2024-02-15 15:30:18,approved,False
TXN20240215000297,ACCT203563,MERCH300172,purchase,32.61,in_person,2024-02-15 16:06:42,approved,False
TXN20240215000298,ACCT201737,MERCH300213,purchase,21.83,in_person,2024-02-15 19:14:49,approved,False
TXN20240215000299,ACCT202941,MERCH300281,transfer,27.83,in_person,2024-02-15 15:26:05,approved,False
TXN20240215000300,ACCT201540,MERCH300144,purchase,38.3,mobile,2024-02-15 08:38:28,approved,False
TXN20240215000301,ACCT204821,MERCH300254,transfer,48.55,in_person,2024-02-15 05:20:07,approved,False
TXN20240215000302,ACCT204230,MERCH300213,purchase,49.81,web,2024-02-15 10:01:20,approved,False
TXN20240215000303,ACCT204728,MERCH300126,withdrawal,16.66,in_person,2024-02-15 20:30:00,approved,False
TXN20240215000304,ACCT205084,MERCH300162,transfer,80.46,web,2024-02-15 18:25:26,approved,False
TXN20240215000305,ACCT205233,MERCH300115,deposit,44.86,mobile,2024-02-15 12:22:47,approved,False
TXN20240215000306,ACCT201958,MERCH300159,transfer,7.49,web,2024-02-15 12:26:12,approved,False
TXN20240215000307,ACCT206198,MERCH300094,transfer,14.03,in_person,2024-02-15 19:57:10,approved,False
TXN20240215000308,ACCT203318,MERCH300068,purchase,97.86,web,2024-02-15 12:47:29,approved,False
TXN20240215000309,ACCT201815,MERCH300246,withdrawal,42.17,in_person,2024-02-15 01:36:45,declined,False
TXN20240215000310,ACCT201505,MERCH300045,transfer,29.7,in_person,2024-02-15 15:50:26,approved,False
TXN20240215000311,ACCT203701,MERCH300027,purchase,428.8,atm,2024-02-15 02:08:44,approved,False
TXN20240215000312,ACCT202764,MERCH300101,transfer,50.31,atm,2024-02-15 22:01:15,approved,False
TXN20240215000313,ACCT204636,MERCH300013,deposit,22.73,in_person,2024-02-15 03:45:30,approved,False
TXN20240215000314,ACCT201968,MERCH300221,purchase,36.04,in_person,2024-02-15 08:27:47,approved,False
TXN20240215000315,ACCT202887,MERCH300156,deposit,66.7,in_person,2024-02-15 18:00:15,approved,False
TXN20240215000316,ACCT204574,MERCH300065,withdrawal,34.05,in_person,2024-02-15 03:28:27,approved,True
TXN20240215000317,ACCT201082,MERCH300151,transfer,40.92,mobile,2024-02-15 22:01:35,approved,False
TXN20240215000318,ACCT204750,MERCH300138,purchase,107.12,web,2024-02-15 22:39:29,approved,False
TXN20240215000319,ACCT201032,MERCH300016,purchase,46.48,in_person,2024-02-15 13:12:52,approved,False
TXN20240215000320,ACCT201388,MERCH300115,deposit,6.09,web,2024-02-15 00:29:39,approved,False
TXN20240215000321,ACCT201081,MERCH300008,purchase,41.85,mobile,2024-02-15 00:40:21,approved,False
TXN20240215000322,ACCT202930,MERCH300084,withdrawal,43.45,in_person,2024-02-15 17:37:46,approved,False
TXN20240215000323,ACCT202514,MERCH300000,purchase,159.57,web,2024-02-15 23:56:46,approved,False
TXN20240215000324,ACCT200717,MERCH300179,purchase,25.33,in_person,2024-02-15 07:33:04,approved,False
TXN20240215000325,ACCT203646,MERCH300290,purchase,161.49,in_person,2024-02-15 05:37:38,approved,False
TXN20240215000326,ACCT202063,MERCH300043,purchase,107.71,in_person,2024-02-15 00:14:10,approved,False
TXN20240215000327,ACCT201856,MERCH300251,purchase,25.71,atm,2024-02-15 17:52:47,approved,False
TXN20240215000328,ACCT202142,MERCH300085,purchase,142.25,in_person,2024-02-15 19:15:34,approved,False
TXN20240215000329,ACCT204273,MERCH300063,purchase,68.57,in_person,2024-02-15 02:52:33,approved,False
TXN20240215000330,ACCT201038,MERCH300242,transfer,79.62,web,2024-02-15 01:28:27,approved,False
TXN20240215000331,ACCT203977,MERCH300032,purchase,53.77,in_person,2024-02-15 11:31:54,approved,False
TXN20240215000332,ACCT200049,MERCH300121,withdrawal,98.29,web,2024-02-15 22:20:21,approved,False
TXN20240215000333,ACCT203574,MERCH300260,purchase,7.49,web,2024-02-15 05:16:40,approved,False
TXN20240215000334,ACCT202245,MERCH300147,purchase,51.3,web,2024-02-15 16:56:26,approved,False
TXN20240215000335,ACCT205566,MERCH300048,deposit,40.17,in_person,2024-02-15 03:56:36,approved,False
TXN20240215000336,ACCT201878,MERCH300167,purchase,22.64,mobile,2024-02-15 21:42:23,approved,False
TXN20240215000337,ACCT204957,MERCH300256,purchase,23.96,in_person,2024-02-15 22:25:17,approved,True
TXN20240215000338,ACCT202779,MERCH300161,purchase,2.39,web,2024-02-15 17:41:40,approved,False
TXN20240215000339,ACCT201493,MERCH300218,purchase,19.44,in_person,2024-02-15 16:57:18,approved,False
TXN20240215000340,ACCT203590,MERCH300294,purchase,86.9,web,2024-02-15 09:13:52,approved,False
TXN20240215000341,ACCT205898,MERCH300097,purchase,26.49,web,2024-02-15 00:13:23,approved,True
TXN20240215000342,ACCT201334,MERCH300055,purchase,9.78,mobile,2024-02-15 12:47:00,declined,False
TXN20240215000343,ACCT205014,MERCH300072,purchase,47.1,in_person,2024-02-15 10:46:53,approved,False
TXN20240215000344,ACCT206035,MERCH300296,purchase,54.72,mobile,2024-02-15 15:21:14,approved,False
TXN20240215000345,ACCT205470,MERCH300287,purchase,44.32,mobile,2024-02-15 10:26:47,approved,False
TXN20240215000346,ACCT206212,MERCH300212,transfer,31.56,in_person,2024-02-15 03:51:27,approved,False
TXN20240215000347,ACCT204741,MERCH300103,purchase,35.84,mobile,2024-02-15 18:19:55,approved,False
TXN20240215000348,ACCT201565,MERCH300174,purchase,32.83,in_person,2024-02-15 16:49:41,approved,False
TXN20240215000349,ACCT204560,MERCH300291,purchase,12.63,web,2024-02-15 08:52:23,approved,False
TXN20240215000350,ACCT202767,MERCH300150,transfer,12.73,in_person,2024-02-15 08:24:41,approved,False
TXN20240215000351,ACCT200315,MERCH300196,purchase,37.17,mobile,2024-02-15 00:51:42,approved,False
TXN20240215000352,ACCT202200,MERCH300183,purchase,107.31,mobile,2024-02-15 20:13:25,approved,False
TXN20240215000353,ACCT202400,MERCH300153,purchase,40.75,in_person,2024-02-15 03:11:10,approved,False
TXN20240215000354,ACCT205181,MERCH300004,purchase,7.06,atm,2024-02-15 15:07:51,approved,False
TXN20240215000355,ACCT203929,MERCH300210,deposit,96.06,in_person,2024-02-15 15:22:09,approved,False
TXN20240215000356,ACCT206330,MERCH300225,deposit,48.28,in_person,2024-02-15 16:21:51,approved,False
TXN20240215000357,ACCT204042,MERCH300116,transfer,46.7,in_person,2024-02-15 01:34:40,approved,False
TXN20240215000358,ACCT203891,MERCH300092,purchase,24.96,mobile,2024-02-15 19:05:11,approved,False
TXN20240215000359,ACCT205389,MERCH300010,purchase,110.76,mobile,2024-02-15 08:40:38,approved,False
TXN20240215000360,ACCT203122,MERCH300015,purchase,16.15,mobile,2024-02-15 00:02:57,approved,False
TXN20240215000361,ACCT202244,MERCH300131,purchase,116.77,in_person,2024-02-15 16:22:13,approved,False
TXN20240215000362,ACCT205404,MERCH300138,transfer,5.82,mobile,2024-02-15 09:05:37,approved,False
TXN20240215000363,ACCT202518,MERCH300087,withdrawal,55.54,in_person,2024-02-15 08:36:27,approved,False
TXN20240215000364,ACCT200367,MERCH300066,purchase,41.87,atm,2024-02-15 15:47:25,approved,False
TXN20240215000365,ACCT205865,MERCH300208,purchase,101.59,mobile,2024-02-15 22:04:27,approved,False
TXN20240215000366,ACCT205963,MERCH300136,purchase,4.21,in_person,2024-02-15 13:44:24,approved,False
TXN20240215000367,ACCT203118,MERCH300107,transfer,21.47,web,2024-02-15 01:47:05,approved,False
TXN20240215000368,ACCT205811,MERCH300165,purchase,184.43,mobile,2024-02-15 01:47:10,approved,False
TXN20240215000369,ACCT201354,MERCH300152,purchase,52.73,mobile,2024-02-15 05:57:11,approved,False
TXN20240215000370,ACCT200052,MERCH300287,purchase,62.13,mobile,2024-02-15 10:28:33,approved,False
TXN20240215000371,ACCT202200,MERCH300082,purchase,102.88,atm,2024-02-15 10:10:27,approved,False
TXN20240215000372,ACCT205798,MERCH300137,transfer,14.62,web,2024-02-15 14:53:52,approved,False
TXN20240215000373,ACCT202015,MERCH300098,transfer,67.27,in_person,2024-02-15 22:33:58,approved,False
TXN20240215000374,ACCT201721,MERCH300056,deposit,38.1,in_person,2024-02-15 18:06:38,approved,False
TXN20240215000375,ACCT200507,MERCH300174,purchase,17.78,in_person,2024-02-15 14:41:57,approved,False
TXN20240215000376,ACCT200838,MERCH300113,purchase,13.65,mobile,2024-02-15 23:05:58,approved,False
TXN20240215000377,ACCT205314,MERCH300193,purchase,27.18,web,2024-02-15 01:41:43,approved,False
TXN20240215000378,ACCT205782,MERCH300204,purchase,58.64,in_person,2024-02-15 20:34:56,approved,False
TXN20240215000379,ACCT206206,MERCH300293,purchase,22.42,in_person,2024-02-15 14:08:24,approved,False
TXN20240215000380,ACCT203038,MERCH300227,purchase,58.17,in_person,2024-02-15 18:43:48,approved,False
TXN20240215000381,ACCT205012,MERCH300081,transfer,28.95,web,2024-02-15 05:10:22,approved,False
TXN20240215000382,ACCT200377,MERCH300187,purchase,11.15,web,2024-02-15 11:04:39,approved,False
TXN20240215000383,ACCT203477,MERCH300184,purchase,104.88,atm,2024-02-15 22:36:30,approved,False
TXN20240215000384,ACCT205821,MERCH300213,transfer,30.39,web,2024-02-15 11:05:58,approved,False
TXN20240215000385,ACCT204607,MERCH300249,withdrawal,13.84,mobile,2024-02-15 07:15:23,approved,False
TXN20240215000386,ACCT205846,MERCH300034,purchase,26.2,in_person,2024-02-15 15:40:07,approved,False
TXN20240215000387,ACCT203734,MERCH300033,withdrawal,69.58,in_person,2024-02-15 16:13:15,approved,False
TXN20240215000388,ACCT206369,MERCH300277,purchase,52.25,in_person,2024-02-15 21:37:32,approved,False
TXN20240215000389,ACCT205669,MERCH300177,purchase,50.13,web,2024-02-15 03:44:27,approved,False
TXN20240215000390,ACCT202760,MERCH300146,purchase,119.21,mobile,2024-02-15 12:31:29,approved,False
TXN20240215000391,ACCT201593,MERCH300261,purchase,43.78,in_person,2024-02-15 03:47:24,approved,False
TXN20240215000392,ACCT206284,MERCH300121,transfer,122.27,web,2024-02-15 02:43:00,approved,False
TXN20240215000393,ACCT206198,MERCH300166,purchase,33.61,mobile,2024-02-15 22:50:00,approved,False
TXN20240215000394,ACCT204612,MERCH300242,purchase,219.98,in_person,2024-02-15 09:52:25,approved,False
TXN20240215000395,ACCT205490,MERCH300222,purchase,9.63,mobile,2024-02-15 05:14:04,approved,False
TXN20240215000396,ACCT200586,MERCH300245,transfer,35.9,mobile,2024-02-15 10:47:19,approved,False
TXN20240215000397,ACCT202700,MERCH300217,purchase,38.69,in_person,2024-02-15 16:25:21,approved,False
TXN20240215000398,ACCT203671,MERCH300221,purchase,89.12,mobile,2024-02-15 06:20:57,approved,False
TXN20240215000399,ACCT204400,MERCH300014,purchase,26.61,mobile,2024-02-15 02:40:22,approved,False
TXN20240215000400,ACCT203397,MERCH300266,deposit,31.22,atm,2024-02-15 07:28:52,approved,False
TXN20240215000401,ACCT206256,MERCH300037,purchase,36.38,web,2024-02-15 15:17:49,declined,False
TXN20240215000402,ACCT201839,MERCH300224,transfer,20.14,mobile,2024-02-15 01:04:59,approved,False
TXN20240215000403,ACCT201432,MERCH300106,purchase,30.92,web,2024-02-15 10:35:03,approved,False
TXN20240215000404,ACCT202728,MERCH300241,purchase,25.56,in_person,2024-02-15 05:23:42,approved,False
TXN20240215000405,ACCT206006,MERCH300117,transfer,22.68,mobile,2024-02-15 05:18:51,approved,False
TXN20240215000406,ACCT204650,MERCH300266,purchase,81.87,web,2024-02-15 05:15:12,approved,False
TXN20240215000407,ACCT202733,MERCH300071,purchase,46.64,web,2024-02-15 05:15:09,approved,False
TXN20240215000408,ACCT203912,MERCH300276,transfer,10.92,mobile,2024-02-15 16:13:46,approved,False
TXN20240215000409,ACCT204796,MERCH300115,purchase,10.47,in_person,2024-02-15 09:24:11,approved,False
TXN20240215000410,ACCT201623,MERCH300243,deposit,7.97,in_person,2024-02-15 11:21:56,approved,False
TXN20240215000411,ACCT205422,MERCH300147,deposit,22.0,web,2024-02-15 10:27:37,approved,False
TXN20240215000412,ACCT200583,MERCH300214,purchase,22.54,web,2024-02-15 13:46:23,approved,False
TXN20240215000413,ACCT200784,MERCH300141,purchase,136.4,mobile,2024-02-15 14:24:18,approved,False
TXN20240215000414,ACCT202232,MERCH300276,purchase,58.68,in_person,2024-02-15 00:21:20,approved,False
TXN20240215000415,ACCT201576,MERCH300206,purchase,15.02,web,2024-02-15 07:32:09,approved,False
TXN20240215000416,ACCT200463,MERCH300091,deposit,7.28,web,2024-02-15 20:28:41,approved,False
TXN20240215000417,ACCT205173,MERCH300126,purchase,110.39,web,2024-02-15 11:42:51,approved,False
TXN20240215000418,ACCT201050,MERCH300057,transfer,65.78,web,2024-02-15 19:13:39,approved,False
TXN20240215000419,ACCT202095,MERCH300298,deposit,135.77,web,2024-02-15 18:27:30,approved,False
TXN20240215000420,ACCT203045,MERCH300011,transfer,21.67,in_person,2024-02-15 10:15:41,approved,False
TXN20240215000421,ACCT202785,MERCH300208,purchase,14.99,web,2024-02-15 08:20:53,approved,False
TXN20240215000422,ACCT201360,MERCH300203,withdrawal,51.64,in_person,2024-02-15 11:44:50,approved,False
TXN20240215000423,ACCT203166,MERCH300025,purchase,50.6,atm,2024-02-15 19:17:16,approved,False
TXN20240215000424,ACCT203392,MERCH300041,purchase,18.78,mobile,2024-02-15 08:49:04,approved,False
TXN20240215000425,ACCT204427,MERCH300185,transfer,111.82,web,2024-02-15 19:37:03,declined,False
TXN20240215000426,ACCT202772,MERCH300134,purchase,62.48,web,2024-02-15 11:18:56,approved,False
TXN20240215000427,ACCT202567,MERCH300258,purchase,17.06,web,2024-02-15 07:42:58,approved,False
TXN20240215000428,ACCT200924,MERCH300143,withdrawal,114.06,web,2024-02-15 06:34:01,approved,False
TXN20240215000429,ACCT201861,MERCH300194,purchase,22.16,in_person,2024-02-15 16:16:32,approved,False
TXN20240215000430,ACCT206107,MERCH300222,purchase,43.18,web,2024-02-15 02:28:44,approved,False
TXN20240215000431,ACCT205942,MERCH300203,purchase,15.74,web,2024-02-15 00:05:06,approved,False
TXN20240215000432,ACCT202676,MERCH300094,purchase,18.8,in_person,2024-02-15 01:26:41,approved,False
TXN20240215000433,ACCT204965,MERCH300256,purchase,51.93,mobile,2024-02-15 06:18:47,approved,False
TXN20240215000434,ACCT205762,MERCH300204,purchase,37.52,in_person,2024-02-15 06:10:29,approved,False
TXN20240215000435,ACCT204170,MERCH300298,deposit,51.94,in_person,2024-02-15 18:41:58,approved,False
TXN20240215000436,ACCT202446,MERCH300082,purchase,32.19,in_person,2024-02-15 05:34:06,approved,False
TXN20240215000437,ACCT201599,MERCH300005,withdrawal,26.67,mobile,2024-02-15 11:57:13,approved,False
TXN20240215000438,ACCT202301,MERCH300259,withdrawal,193.44,in_person,2024-02-15 11:39:35,approved,False
TXN20240215000439,ACCT200056,MERCH300292,purchase,13.36,web,2024-02-15 00:05:38,approved,False
TXN20240215000440,ACCT203268,MERCH300109,withdrawal,70.79,mobile,2024-02-15 01:24:26,approved,False
TXN20240215000441,ACCT201918,MERCH300065,purchase,116.02,mobile,2024-02-15 22:18:40,approved,False
TXN20240215000442,ACCT203484,MERCH300258,purchase,7.8,mobile,2024-02-15 23:16:08,approved,False
TXN20240215000443,ACCT200216,MERCH300165,purchase,46.52,in_person,2024-02-15 11:00:45,approved,False
TXN20240215000444,ACCT201998,MERCH300290,deposit,8.36,in_person,2024-02-15 08:05:54,approved,False
TXN20240215000445,ACCT200307,MERCH300159,withdrawal,53.54,in_person,2024-02-15 23:52:11,approved,False
TXN20240215000446,ACCT206136,MERCH300196,purchase,22.44,web,2024-02-15 20:34:16,reversed,False
TXN20240215000447,ACCT205397,MERCH300071,purchase,44.67,mobile,2024-02-15 00:11:25,approved,False
TXN20240215000448,ACCT206464,MERCH300010,withdrawal,64.39,web,2024-02-15 14:16:02,approved,False
TXN20240215000449,ACCT201520,MERCH300232,purchase,179.0,web,2024-02-15 23:24:01,approved,False
TXN20240215000450,ACCT205832,MERCH300082,purchase,37.54,web,2024-02-15 12:06:48,approved,False
TXN20240215000451,ACCT200832,MERCH300092,deposit,27.19,web,2024-02-15 01:41:59,approved,False
TXN20240215000452,ACCT202169,MERCH300123,transfer,53.56,atm,2024-02-15 20:40:16,approved,False
TXN20240215000453,ACCT206111,MERCH300116,deposit,76.93,in_person,2024-02-15 05:56:34,approved,False
TXN20240215000454,ACCT202707,MERCH300221,purchase,13.76,web,2024-02-15 22:53:50,approved,False
TXN20240215000455,ACCT201007,MERCH300181,purchase,19.68,web,2024-02-15 18:21:57,approved,False
TXN20240215000456,ACCT202058,MERCH300137,transfer,62.41,in_person,2024-02-15 04:27:02,approved,False
TXN20240215000457,ACCT204653,MERCH300112,purchase,81.77,atm,2024-02-15 18:50:50,approved,False
TXN20240215000458,ACCT201230,MERCH300005,purchase,221.33,mobile,2024-02-15 23:10:51,approved,False
TXN20240215000459,ACCT201740,MERCH300289,purchase,97.46,in_person,2024-02-15 11:48:23,approved,False
TXN20240215000460,ACCT205889,MERCH300123,purchase,23.33,mobile,2024-02-15 01:53:12,approved,False
TXN20240215000461,ACCT206446,MERCH300200,purchase,6.7,atm,2024-02-15 02:08:10,reversed,False
TXN20240215000462,ACCT205871,MERCH300297,deposit,10.63,web,2024-02-15 04:45:30,approved,False
TXN20240215000463,ACCT203627,MERCH300117,purchase,14.52,atm,2024-02-15 06:27:08,approved,False
TXN20240215000464,ACCT205327,MERCH300040,purchase,29.46,mobile,2024-02-15 04:12:45,approved,False
TXN20240215000465,ACCT203864,MERCH300270,purchase,15.58,web,2024-02-15 17:08:12,approved,False
TXN20240215000466,ACCT205490,MERCH300115,deposit,26.41,atm,2024-02-15 04:30:58,approved,False
TXN20240215000467,ACCT202717,MERCH300076,purchase,92.08,web,2024-02-15 22:31:14,approved,False
TXN20240215000468,ACCT200688,MERCH300264,purchase,85.85,in_person,2024-02-15 15:59:52,approved,False
TXN20240215000469,ACCT201769,MERCH300250,deposit,21.68,in_person,2024-02-15 07:23:25,approved,False
TXN20240215000470,ACCT204733,MERCH300096,transfer,108.34,atm,2024-02-15 21:09:11,approved,False
TXN20240215000471,ACCT205388,MERCH300125,withdrawal,24.67,web,2024-02-15 11:35:24,approved,False
TXN20240215000472,ACCT203999,MERCH300273,purchase,26.71,mobile,2024-02-15 04:03:32,approved,False
TXN20240215000473,ACCT201961,MERCH300100,purchase,14.73,mobile,2024-02-15 23:51:01,approved,False
TXN20240215000474,ACCT204128,MERCH300066,purchase,7.58,in_person,2024-02-15 04:24:56,approved,False
TXN20240215000475,ACCT201461,MERCH300247,transfer,80.68,web,2024-02-15 12:53:46,approved,False
TXN20240215000476,ACCT203147,MERCH300193,purchase,25.72,web,2024-02-15 11:36:01,approved,False
TXN20240215000477,ACCT204385,MERCH300243,transfer,61.3,mobile,2024-02-15 21:25:10,approved,False
TXN20240215000478,ACCT204140,MERCH300197,purchase,6.92,mobile,2024-02-15 14:18:11,approved,False
TXN20240215000479,ACCT200136,MERCH300225,purchase,28.32,web,2024-02-15 08:43:49,approved,False
TXN20240215000480,ACCT202317,MERCH300222,purchase,17.51,web,2024-02-15 02:08:35,approved,False
TXN20240215000481,ACCT203835,MERCH300181,purchase,30.79,web,2024-02-15 03:31:12,approved,False
TXN20240215000482,ACCT204675,MERCH300004,purchase,103.03,mobile,2024-02-15 09:43:15,approved,False
TXN20240215000483,ACCT203846,MERCH300291,purchase,37.41,web,2024-02-15 10:25:38,approved,False
TXN20240215000484,ACCT204131,MERCH300137,withdrawal,10.94,in_person,2024-02-15 13:31:06,approved,False
TXN20240215000485,ACCT204623,MERCH300095,purchase,46.23,in_person,2024-02-15 19:23:25,approved,False
TXN20240215000486,ACCT206176,MERCH300219,deposit,41.78,mobile,2024-02-15 04:05:17,approved,False
TXN20240215000487,ACCT202045,MERCH300282,purchase,42.5,in_person,2024-02-15 19:26:13,approved,False
TXN20240215000488,ACCT205688,MERCH300141,purchase,36.56,web,2024-02-15 11:08:11,approved,False
TXN20240215000489,ACCT203389,MERCH300289,purchase,102.16,in_person,2024-02-15 19:58:18,approved,False
TXN20240215000490,ACCT200163,MERCH300106,purchase,94.1,in_person,2024-02-15 13:00:33,declined,False
TXN20240215000491,ACCT204638,MERCH300299,transfer,23.04,mobile,2024-02-15 12:12:44,approved,False
TXN20240215000492,ACCT205555,MERCH300182,purchase,46.8,in_person,2024-02-15 15:13:39,approved,False
TXN20240215000493,ACCT203835,MERCH300209,purchase,38.28,web,2024-02-15 16:17:04,approved,False
TXN20240215000494,ACCT201023,MERCH300084,purchase,32.92,in_person,2024-02-15 02:36:42,approved,False
TXN20240215000495,ACCT202205,MERCH300277,purchase,22.71,atm,2024-02-15 15:26:42,approved,False
TXN20240215000496,ACCT202168,MERCH300248,purchase,35.06,in_person,2024-02-15 20:48:33,approved,False
TXN20240215000497,ACCT200489,MERCH300117,purchase,7.76,in_person,2024-02-15 07:30:12,approved,False
TXN20240215000498,ACCT204262,MERCH300299,purchase,118.82,web,2024-02-15 07:23:43,approved,False
TXN20240215000499,ACCT200546,MERCH300267,transfer,51.88,web,2024-02-15 10:43:50,approved,False
TXN20240215000500,ACCT202751,MERCH300266,purchase,54.8,web,2024-02-15 20:33:15,approved,False
TXN20240215000501,ACCT201941,MERCH300237,deposit,84.67,mobile,2024-02-15 23:21:17,approved,False
TXN20240215000502,ACCT204112,MERCH300035,purchase,112.82,mobile,2024-02-15 17:40:32,approved,False
TXN20240215000503,ACCT200428,MERCH300144,purchase,37.29,web,2024-02-15 10:06:41,approved,False
TXN20240215000504,ACCT202826,MERCH300289,purchase,47.01,mobile,2024-02-15 12:25:03,approved,False
TXN20240215000505,ACCT203618,MERCH300161,purchase,46.68,in_person,2024-02-15 22:44:24,approved,False
TXN20240215000506,ACCT201646,MERCH300154,purchase,21.13,web,2024-02-15 00:11:15,approved,False
TXN20240215000507,ACCT203694,MERCH300001,purchase,43.15,web,2024-02-15 13:31:03,approved,False
TXN20240215000508,ACCT204290,MERCH300151,purchase,77.75,web,2024-02-15 20:57:26,approved,False
TXN20240215000509,ACCT203848,MERCH300015,purchase,55.94,mobile,2024-02-15 19:26:28,approved,False
TXN20240215000510,ACCT205284,MERCH300242,transfer,29.17,mobile,2024-02-15 08:09:53,approved,False
TXN20240215000511,ACCT205176,MERCH300143,purchase,58.01,mobile,2024-02-15 16:05:46,approved,False
TXN20240215000512,ACCT202499,MERCH300293,purchase,76.95,mobile,2024-02-15 16:17:33,approved,False
TXN20240215000513,ACCT202098,MERCH300100,purchase,58.41,mobile,2024-02-15 14:05:14,approved,False
TXN20240215000514,ACCT206106,MERCH300168,purchase,18.68,in_person,2024-02-15 03:03:19,approved,False
TXN20240215000515,ACCT200307,MERCH300234,purchase,38.44,atm,2024-02-15 12:47:26,approved,False
TXN20240215000516,ACCT202300,MERCH300295,purchase,6.26,web,2024-02-15 16:12:51,approved,False
TXN20240215000517,ACCT204427,MERCH300242,withdrawal,179.45,mobile,2024-02-15 11:51:13,approved,False
TXN20240215000518,ACCT201388,MERCH300087,purchase,29.85,mobile,2024-02-15 06:25:43,approved,False
TXN20240215000519,ACCT200043,MERCH300172,purchase,70.71,web,2024-02-15 12:31:58,approved,False
TXN20240215000520,ACCT200747,MERCH300251,purchase,26.32,web,2024-02-15 16:52:02,approved,False
TXN20240215000521,ACCT200038,MERCH300283,purchase,3.44,in_person,2024-02-15 02:20:31,approved,False
TXN20240215000522,ACCT203252,MERCH300248,withdrawal,81.49,web,2024-02-15 12:58:46,approved,False
TXN20240215000523,ACCT205757,MERCH300043,withdrawal,177.66,atm,2024-02-15 18:15:24,approved,False
TXN20240215000524,ACCT205091,MERCH300177,transfer,110.38,mobile,2024-02-15 21:13:23,approved,False
TXN20240215000525,ACCT206019,MERCH300208,purchase,710.64,atm,2024-02-15 08:57:42,approved,False
TXN20240215000526,ACCT200845,MERCH300004,purchase,48.87,in_person,2024-02-15 02:13:29,declined,False
TXN20240215000527,ACCT201766,MERCH300187,withdrawal,50.66,atm,2024-02-15 11:57:42,approved,False
TXN20240215000528,ACCT203412,MERCH300095,purchase,58.48,mobile,2024-02-15 16:09:04,approved,False
TXN20240215000529,ACCT202742,MERCH300113,purchase,121.4,mobile,2024-02-15 19:01:30,approved,False
TXN20240215000530,ACCT200873,MERCH300097,transfer,170.29,web,2024-02-15 21:46:40,approved,False
TXN20240215000531,ACCT204036,MERCH300132,purchase,32.6,in_person,2024-02-15 20:46:49,approved,False
TXN20240215000532,ACCT201823,MERCH300013,purchase,127.24,mobile,2024-02-15 18:08:18,approved,False
TXN20240215000533,ACCT204745,MERCH300139,purchase,24.68,in_person,2024-02-15 19:59:46,approved,False
TXN20240215000534,ACCT204817,MERCH300148,withdrawal,37.53,mobile,2024-02-15 16:56:51,approved,False
TXN20240215000535,ACCT205826,MERCH300083,deposit,48.24,in_person,2024-02-15 22:09:43,approved,False
TXN20240215000536,ACCT200686,MERCH300273,deposit,38.5,atm,2024-02-15 14:55:13,approved,False
TXN20240215000537,ACCT201819,MERCH300079,transfer,56.26,web,2024-02-15 08:53:33,approved,False
TXN20240215000538,ACCT205839,MERCH300087,deposit,28.33,in_person,2024-02-15 03:56:51,approved,False
TXN20240215000539,ACCT205306,MERCH300029,withdrawal,179.96,in_person,2024-02-15 02:12:48,approved,False
TXN20240215000540,ACCT204705,MERCH300027,purchase,93.47,web,2024-02-15 14:46:06,approved,False
TXN20240215000541,ACCT202413,MERCH300250,purchase,73.21,mobile,2024-02-15 00:38:39,approved,False
TXN20240215000542,ACCT202379,MERCH300027,withdrawal,58.73,in_person,2024-02-15 10:03:08,approved,False
TXN20240215000543,ACCT201587,MERCH300246,deposit,62.48,web,2024-02-15 03:21:40,approved,False
TXN20240215000544,ACCT206420,MERCH300256,transfer,53.61,web,2024-02-15 13:30:36,approved,False
TXN20240215000545,ACCT204002,MERCH300223,withdrawal,31.73,atm,2024-02-15 11:08:45,approved,False
TXN20240215000546,ACCT200783,MERCH300062,purchase,105.55,mobile,2024-02-15 15:27:51,approved,False
TXN20240215000547,ACCT203663,MERCH300109,transfer,51.59,in_person,2024-02-15 12:10:07,approved,False
TXN20240215000548,ACCT204585,MERCH300164,purchase,58.75,mobile,2024-02-15 07:41:27,approved,False
TXN20240215000549,ACCT205260,MERCH300263,purchase,46.39,web,2024-02-15 12:55:41,approved,False
TXN20240215000550,ACCT202365,MERCH300196,purchase,15.95,in_person,2024-02-15 15:59:13,approved,False
TXN20240215000551,ACCT204357,MERCH300282,withdrawal,27.05,mobile,2024-02-15 09:02:51,approved,False
TXN20240215000552,ACCT204769,MERCH300030,transfer,10.86,in_person,2024-02-15 13:33:42,approved,False
TXN20240215000553,ACCT201645,MERCH300150,purchase,4.47,web,2024-02-15 09:10:09,approved,False
TXN20240215000554,ACCT201780,MERCH300278,deposit,17.88,web,2024-02-15 11:08:31,approved,False
TXN20240215000555,ACCT204817,MERCH300262,withdrawal,28.44,mobile,2024-02-15 21:26:53,approved,False
TXN20240215000556,ACCT205650,MERCH300231,purchase,13.17,web,2024-02-15 01:04:44,approved,False
TXN20240215000557,ACCT204386,MERCH300202,purchase,6.18,mobile,2024-02-15 11:01:12,approved,False
TXN20240215000558,ACCT205840,MERCH300240,purchase,18.65,web,2024-02-15 01:38:48,approved,False
TXN20240215000559,ACCT202011,MERCH300096,purchase,85.55,in_person,2024-02-15 13:00:11,approved,False
TXN20240215000560,ACCT203198,MERCH300004,purchase,244.38,mobile,2024-02-15 08:04:12,approved,False
TXN20240215000561,ACCT202534,MERCH300245,purchase,96.22,in_person,2024-02-15 21:58:07,approved,False
TXN20240215000562,ACCT205342,MERCH300153,purchase,38.0,web,2024-02-15 00:45:28,approved,False
TXN20240215000563,ACCT205178,MERCH300266,withdrawal,173.17,mobile,2024-02-15 21:36:23,approved,False
TXN20240215000564,ACCT205886,MERCH300050,purchase,39.15,web,2024-02-15 03:39:09,approved,False
TXN20240215000565,ACCT203679,MERCH300009,purchase,127.57,in_person,2024-02-15 18:30:00,approved,False
TXN20240215000566,ACCT201996,MERCH300098,withdrawal,109.69,mobile,2024-02-15 11:49:28,approved,False
TXN20240215000567,ACCT203281,MERCH300099,purchase,38.64,mobile,2024-02-15 13:31:54,approved,False
TXN20240215000568,ACCT205725,MERCH300032,purchase,28.31,in_person,2024-02-15 23:49:49,approved,False
TXN20240215000569,ACCT202760,MERCH300113,purchase,246.9,in_person,2024-02-15 01:38:49,approved,False
TXN20240215000570,ACCT205387,MERCH300175,deposit,21.74,in_person,2024-02-15 03:34:42,approved,True
TXN20240215000571,ACCT201070,MERCH300192,purchase,7.11,mobile,2024-02-15 22:19:13,approved,False
TXN20240215000572,ACCT201885,MERCH300005,withdrawal,27.17,web,2024-02-15 05:19:13,reversed,False
TXN20240215000573,ACCT205917,MERCH300102,purchase,13.32,in_person,2024-02-15 02:47:18,approved,False
TXN20240215000574,ACCT202059,MERCH300192,purchase,50.05,in_person,2024-02-15 22:12:34,approved,False
TXN20240215000575,ACCT203537,MERCH300274,transfer,60.11,mobile,2024-02-15 12:27:32,approved,False
TXN20240215000576,ACCT201081,MERCH300154,deposit,41.98,in_person,2024-02-15 02:48:02,approved,False
TXN20240215000577,ACCT200895,MERCH300269,deposit,27.24,mobile,2024-02-15 01:19:05,declined,False
TXN20240215000578,ACCT206234,MERCH300225,transfer,21.88,mobile,2024-02-15 00:06:42,approved,False
TXN20240215000579,ACCT204952,MERCH300110,purchase,71.33,atm,2024-02-15 02:56:20,approved,False
TXN20240215000580,ACCT202253,MERCH300249,purchase,41.22,mobile,2024-02-15 04:54:52,approved,False
TXN20240215000581,ACCT203258,MERCH300068,purchase,34.89,mobile,2024-02-15 07:22:36,approved,False
TXN20240215000582,ACCT204665,MERCH300150,purchase,40.42,in_person,2024-02-15 04:53:53,approved,False
TXN20240215000583,ACCT204637,MERCH300171,purchase,8.38,web,2024-02-15 15:52:09,approved,False
TXN20240215000584,ACCT203130,MERCH300150,purchase,77.85,atm,2024-02-15 07:31:49,approved,False
TXN20240215000585,ACCT202122,MERCH300252,purchase,22.61,web,2024-02-15 02:23:25,approved,False
TXN20240215000586,ACCT203366,MERCH300209,purchase,12.54,in_person,2024-02-15 05:30:17,approved,False
TXN20240215000587,ACCT205762,MERCH300201,purchase,80.6,mobile,2024-02-15 18:46:41,approved,False
TXN20240215000588,ACCT204073,MERCH300142,purchase,54.11,in_person,2024-02-15 21:37:24,approved,False
TXN20240215000589,ACCT205858,MERCH300195,withdrawal,53.52,mobile,2024-02-15 17:27:19,approved,False
TXN20240215000590,ACCT200763,MERCH300184,purchase,230.02,in_person,2024-02-15 17:08:17,approved,False
TXN20240215000591,ACCT205721,MERCH300024,withdrawal,66.67,web,2024-02-15 10:06:33,approved,False
TXN20240215000592,ACCT200582,MERCH300018,deposit,37.09,web,2024-02-15 16:21:52,approved,False
TXN20240215000593,ACCT204885,MERCH300244,purchase,69.63,web,2024-02-15 07:35:18,approved,False
TXN20240215000594,ACCT203275,MERCH300172,purchase,71.78,in_person,2024-02-15 00:59:03,approved,False
TXN20240215000595,ACCT205570,MERCH300286,purchase,194.24,in_person,2024-02-15 18:39:40,approved,False
TXN20240215000596,ACCT203522,MERCH300222,purchase,63.25,web,2024-02-15 11:40:55,approved,False
TXN20240215000597,ACCT206225,MERCH300029,deposit,110.04,in_person,2024-02-15 04:49:06,approved,False
TXN20240215000598,ACCT206011,MERCH300245,purchase,15.69,mobile,2024-02-15 22:39:45,approved,False
TXN20240215000599,ACCT204078,MERCH300111,purchase,17.28,mobile,2024-02-15 02:04:54,approved,False
TXN20240215000600,ACCT203879,MERCH300088,deposit,33.61,web,2024-02-15 03:43:10,approved,False
TXN20240215000601,ACCT205209,MERCH300139,purchase,152.47,web,2024-02-15 17:38:04,approved,False
TXN20240215000602,ACCT206280,MERCH300290,withdrawal,10.53,web,2024-02-15 02:33:46,approved,False
TXN20240215000603,ACCT203314,MERCH300205,purchase,59.75,in_person,2024-02-15 12:37:56,approved,False
TXN20240215000604,ACCT203503,MERCH300231,purchase,19.45,in_person,2024-02-15 06:53:40,approved,False
TXN20240215000605,ACCT203094,MERCH300144,transfer,5.2,mobile,2024-02-15 19:29:27,approved,False
TXN20240215000606,ACCT206148,MERCH300111,purchase,49.32,in_person,2024-02-15 23:36:54,approved,False
TXN20240215000607,ACCT203869,MERCH300063,purchase,79.77,mobile,2024-02-15 22:53:19,approved,False
TXN20240215000608,ACCT201930,MERCH300132,deposit,29.56,mobile,2024-02-15 04:29:01,approved,False
TXN20240215000609,ACCT205268,MERCH300204,purchase,32.91,in_person,2024-02-15 09:42:45,approved,False
TXN20240215000610,ACCT205554,MERCH300194,purchase,124.5,mobile,2024-02-15 14:36:10,approved,False
TXN20240215000611,ACCT201492,MERCH300184,purchase,31.54,in_person,2024-02-15 18:08:44,approved,False
TXN20240215000612,ACCT205531,MERCH300233,purchase,53.02,mobile,2024-02-15 13:49:05,approved,False
TXN20240215000613,ACCT202244,MERCH300042,purchase,22.96,in_person,2024-02-15 06:31:35,approved,False
TXN20240215000614,ACCT202322,MERCH300218,purchase,62.8,in_person,2024-02-15 10:26:38,approved,False
TXN20240215000615,ACCT205873,MERCH300014,purchase,46.57,mobile,2024-02-15 23:37:17,approved,False
TXN20240215000616,ACCT202812,MERCH300236,purchase,28.74,atm,2024-02-15 18:58:09,approved,False
TXN20240215000617,ACCT201600,MERCH300277,purchase,34.68,mobile,2024-02-15 20:56:58,declined,False
TXN20240215000618,ACCT202957,MERCH300146,purchase,64.54,in_person,2024-02-15 09:33:46,approved,False
TXN20240215000619,ACCT204925,MERCH300052,purchase,34.49,mobile,2024-02-15 03:30:36,approved,False
TXN20240215000620,ACCT203132,MERCH300232,deposit,30.84,mobile,2024-02-15 13:51:35,approved,False
TXN20240215000621,ACCT205068,MERCH300155,deposit,128.36,in_person,2024-02-15 07:01:59,approved,False
TXN20240215000622,ACCT201113,MERCH300182,purchase,10.07,mobile,2024-02-15 12:48:48,approved,False
TXN20240215000623,ACCT206478,MERCH300029,purchase,84.87,web,2024-02-15 04:00:02,approved,False
TXN20240215000624,ACCT203446,MERCH300207,transfer,33.93,web,2024-02-15 23:36:41,approved,False
TXN20240215000625,ACCT201222,MERCH300171,withdrawal,59.39,in_person,2024-02-15 03:51:48,approved,False
TXN20240215000626,ACCT202107,MERCH300266,purchase,27.7,atm,2024-02-15 06:35:23,approved,False
TXN20240215000627,ACCT201771,MERCH300232,purchase,29.41,in_person,2024-02-15 00:28:35,approved,False
TXN20240215000628,ACCT202209,MERCH300173,purchase,48.34,web,2024-02-15 17:11:25,approved,False
TXN20240215000629,ACCT203976,MERCH300042,purchase,13.07,mobile,2024-02-15 15:06:18,approved,False
TXN20240215000630,ACCT204878,MERCH300294,deposit,273.81,web,2024-02-15 21:38:15,approved,False
TXN20240215000631,ACCT203900,MERCH300187,deposit,5.96,atm,2024-02-15 02:35:48,approved,False
TXN20240215000632,ACCT204552,MERCH300052,transfer,56.41,mobile,2024-02-15 21:54:03,approved,False
TXN20240215000633,ACCT202470,MERCH300125,transfer,20.9,web,2024-02-15 18:49:19,approved,False
TXN20240215000634,ACCT204303,MERCH300146,purchase,91.46,in_person,2024-02-15 10:54:24,approved,False
TXN20240215000635,ACCT203339,MERCH300168,purchase,145.91,in_person,2024-02-15 16:16:04,approved,False
TXN20240215000636,ACCT203586,MERCH300159,purchase,18.99,mobile,2024-02-15 12:47:04,approved,False
TXN20240215000637,ACCT201618,MERCH300203,transfer,33.82,in_person,2024-02-15 02:46:26,approved,False
TXN20240215000638,ACCT205731,MERCH300023,deposit,13.46,in_person,2024-02-15 16:21:37,approved,False
TXN20240215000639,ACCT200706,MERCH300027,purchase,14.19,atm,2024-02-15 13:07:36,approved,False
TXN20240215000640,ACCT204081,MERCH300137,purchase,34.54,in_person,2024-02-15 05:46:21,approved,False
TXN20240215000641,ACCT200083,MERCH300080,deposit,87.47,in_person,2024-02-15 04:58:57,approved,False
TXN20240215000642,ACCT201971,MERCH300160,purchase,14.53,in_person,2024-02-15 13:29:22,approved,False
TXN20240215000643,ACCT202566,MERCH300097,withdrawal,20.27,mobile,2024-02-15 03:54:16,approved,True
TXN20240215000644,ACCT206261,MERCH300059,withdrawal,50.14,mobile,2024-02-15 08:56:59,approved,False
TXN20240215000645,ACCT200108,MERCH300290,deposit,29.7,web,2024-02-15 11:30:27,approved,False
TXN20240215000646,ACCT201574,MERCH300150,purchase,29.21,mobile,2024-02-15 13:20:46,approved,False
TXN20240215000647,ACCT202430,MERCH300282,purchase,8.48,web,2024-02-15 13:18:21,approved,False
TXN20240215000648,ACCT203906,MERCH300215,transfer,117.53,web,2024-02-15 13:10:22,approved,False
TXN20240215000649,ACCT202543,MERCH300194,purchase,33.36,mobile,2024-02-15 00:31:08,approved,False
TXN20240215000650,ACCT200476,MERCH300072,withdrawal,32.95,in_person,2024-02-15 05:24:56,approved,False
TXN20240215000651,ACCT200110,MERCH300169,deposit,10.48,web,2024-02-15 09:35:15,approved,False
TXN20240215000652,ACCT202410,MERCH300194,purchase,20.56,atm,2024-02-15 16:55:00,approved,False
TXN20240215000653,ACCT201961,MERCH300045,deposit,19.15,in_person,2024-02-15 07:52:22,approved,False
TXN20240215000654,ACCT202275,MERCH300091,purchase,26.28,web,2024-02-15 00:48:31,approved,False
TXN20240215000655,ACCT202790,MERCH300218,purchase,15.92,in_person,2024-02-15 13:36:49,approved,False
TXN20240215000656,ACCT206323,MERCH300044,purchase,28.3,mobile,2024-02-15 16:52:26,approved,False
TXN20240215000657,ACCT205832,MERCH300137,purchase,48.75,atm,2024-02-15 18:00:42,approved,False
TXN20240215000658,ACCT202859,MERCH300099,purchase,33.22,web,2024-02-15 03:29:16,declined,False
TXN20240215000659,ACCT205692,MERCH300226,purchase,24.92,in_person,2024-02-15 22:12:16,approved,False
TXN20240215000660,ACCT200355,MERCH300042,deposit,68.22,in_person,2024-02-15 16:02:52,approved,False
TXN20240215000661,ACCT206244,MERCH300065,deposit,68.64,mobile,2024-02-15 21:23:44,approved,False
TXN20240215000662,ACCT203654,MERCH300030,purchase,16.28,web,2024-02-15 06:14:45,approved,False
TXN20240215000663,ACCT205576,MERCH300223,purchase,36.57,in_person,2024-02-15 13:49:27,approved,False
TXN20240215000664,ACCT206451,MERCH300118,purchase,12.92,mobile,2024-02-15 23:14:20,approved,False
TXN20240215000665,ACCT202025,MERCH300069,purchase,79.26,in_person,2024-02-15 12:22:31,approved,False
TXN20240215000666,ACCT204304,MERCH300220,transfer,25.95,mobile,2024-02-15 18:15:11,approved,False
TXN20240215000667,ACCT200162,MERCH300293,purchase,92.11,web,2024-02-15 10:16:16,approved,False
TXN20240215000668,ACCT202945,MERCH300113,purchase,5.64,in_person,2024-02-15 11:47:16,approved,False
TXN20240215000669,ACCT205838,MERCH300069,purchase,19.99,atm,2024-02-15 13:56:48,approved,False
TXN20240215000670,ACCT204052,MERCH300008,transfer,42.61,in_person,2024-02-15 07:55:31,approved,False
TXN20240215000671,ACCT202900,MERCH300113,deposit,6.55,in_person,2024-02-15 06:53:33,approved,False
TXN20240215000672,ACCT200113,MERCH300017,transfer,5.67,in_person,2024-02-15 10:31:31,approved,False
TXN20240215000673,ACCT201213,MERCH300239,purchase,69.01,web,2024-02-15 21:45:41,approved,False
TXN20240215000674,ACCT201773,MERCH300138,deposit,28.99,web,2024-02-15 15:51:28,approved,False
TXN20240215000675,ACCT202276,MERCH300023,transfer,60.76,mobile,2024-02-15 14:35:37,approved,False
TXN20240215000676,ACCT201051,MERCH300088,purchase,24.18,web,2024-02-15 18:12:40,approved,False
TXN20240215000677,ACCT204888,MERCH300038,purchase,37.13,web,2024-02-15 10:24:12,approved,False
TXN20240215000678,ACCT205533,MERCH300049,purchase,20.53,web,2024-02-15 00:24:32,approved,False
TXN20240215000679,ACCT200230,MERCH300294,transfer,64.41,in_person,2024-02-15 03:17:04,declined,False
TXN20240215000680,ACCT206147,MERCH300247,purchase,61.0,mobile,2024-02-15 20:13:46,approved,False
TXN20240215000681,ACCT201110,MERCH300233,withdrawal,11.43,mobile,2024-02-15 03:49:03,approved,False
TXN20240215000682,ACCT204747,MERCH300039,purchase,34.71,mobile,2024-02-15 11:06:04,approved,False
TXN20240215000683,ACCT202661,MERCH300220,purchase,21.83,web,2024-02-15 19:13:12,approved,False
TXN20240215000684,ACCT200480,MERCH300136,purchase,42.31,mobile,2024-02-15 10:44:01,approved,False
TXN20240215000685,ACCT202112,MERCH300265,transfer,57.74,in_person,2024-02-15 23:18:02,approved,False
TXN20240215000686,ACCT205897,MERCH300245,purchase,10.92,web,2024-02-15 09:01:37,approved,False
TXN20240215000687,ACCT200432,MERCH300133,purchase,6.49,web,2024-02-15 12:07:21,approved,False
TXN20240215000688,ACCT201782,MERCH300171,deposit,60.92,in_person,2024-02-15 07:28:51,approved,False
TXN20240215000689,ACCT205593,MERCH300105,deposit,9.59,web,2024-02-15 07:37:32,approved,False
TXN20240215000690,ACCT205707,MERCH300289,purchase,776.69,in_person,2024-02-15 03:12:47,approved,False
TXN20240215000691,ACCT200829,MERCH300245,purchase,58.55,in_person,2024-02-15 00:20:30,approved,False
TXN20240215000692,ACCT200925,MERCH300152,purchase,59.42,mobile,2024-02-15 06:21:17,approved,False
TXN20240215000693,ACCT203129,MERCH300205,purchase,22.44,web,2024-02-15 20:29:13,approved,False
TXN20240215000694,ACCT206001,MERCH300245,deposit,14.03,mobile,2024-02-15 11:45:16,approved,False
TXN20240215000695,ACCT201381,MERCH300185,purchase,11.91,in_person,2024-02-15 08:01:35,approved,False
TXN20240215000696,ACCT205129,MERCH300054,purchase,46.55,mobile,2024-02-15 06:02:31,approved,False
TXN20240215000697,ACCT201643,MERCH300199,purchase,37.56,atm,2024-02-15 04:11:00,declined,False
TXN20240215000698,ACCT202398,MERCH300048,purchase,25.29,mobile,2024-02-15 15:43:46,approved,False
TXN20240215000699,ACCT202410,MERCH300231,purchase,30.68,in_person,2024-02-15 14:24:38,approved,False
TXN20240215000700,ACCT204020,MERCH300257,transfer,15.07,mobile,2024-02-15 17:46:44,approved,False
TXN20240215000701,ACCT200599,MERCH300012,purchase,55.3,mobile,2024-02-15 07:41:22,approved,False
TXN20240215000702,ACCT202250,MERCH300213,purchase,163.09,atm,2024-02-15 12:15:42,approved,False
TXN20240215000703,ACCT205479,MERCH300105,purchase,87.24,web,2024-02-15 14:05:04,approved,False
TXN20240215000704,ACCT201806,MERCH300199,transfer,55.05,atm,2024-02-15 09:57:18,approved,False
TXN20240215000705,ACCT203754,MERCH300159,deposit,36.63,web,2024-02-15 12:12:45,approved,False
TXN20240215000706,ACCT203021,MERCH300208,deposit,168.21,in_person,2024-02-15 21:13:56,approved,False
TXN20240215000707,ACCT205258,MERCH300264,purchase,141.5,in_person,2024-02-15 11:46:20,approved,False
TXN20240215000708,ACCT206384,MERCH300061,transfer,34.9,in_person,2024-02-15 04:45:45,approved,False
TXN20240215000709,ACCT201565,MERCH300073,purchase,40.06,atm,2024-02-15 02:14:53,approved,False
TXN20240215000710,ACCT205299,MERCH300273,purchase,57.52,web,2024-02-15 03:32:52,reversed,False
TXN20240215000711,ACCT203261,MERCH300294,transfer,76.54,in_person,2024-02-15 16:57:32,approved,False
TXN20240215000712,ACCT200325,MERCH300178,purchase,23.28,web,2024-02-15 14:12:40,approved,False
TXN20240215000713,ACCT201422,MERCH300165,transfer,304.78,in_person,2024-02-15 13:34:06,approved,False
TXN20240215000714,ACCT206202,MERCH300166,transfer,33.75,in_person,2024-02-15 10:46:54,approved,False
TXN20240215000715,ACCT204199,MERCH300118,purchase,58.41,web,2024-02-15 23:42:05,approved,False
TXN20240215000716,ACCT204604,MERCH300153,transfer,34.04,atm,2024-02-15 22:26:22,reversed,False
TXN20240215000717,ACCT203893,MERCH300149,purchase,50.78,web,2024-02-15 09:15:36,approved,False
TXN20240215000718,ACCT204506,MERCH300030,purchase,67.27,web,2024-02-15 03:19:53,approved,False
TXN20240215000719,ACCT206106,MERCH300152,purchase,39.06,atm,2024-02-15 14:59:35,approved,False
TXN20240215000720,ACCT204870,MERCH300002,purchase,51.82,web,2024-02-15 13:17:04,reversed,False
TXN20240215000721,ACCT204112,MERCH300083,purchase,74.6,mobile,2024-02-15 12:02:04,approved,False
TXN20240215000722,ACCT200333,MERCH300253,transfer,53.52,web,2024-02-15 17:24:12,declined,False
TXN20240215000723,ACCT203740,MERCH300257,transfer,100.72,in_person,2024-02-15 11:03:58,approved,False
TXN20240215000724,ACCT204147,MERCH300239,purchase,83.52,in_person,2024-02-15 07:49:07,approved,False
TXN20240215000725,ACCT203991,MERCH300182,withdrawal,219.94,mobile,2024-02-15 01:34:54,approved,False
TXN20240215000726,ACCT200375,MERCH300140,transfer,66.3,in_person,2024-02-15 12:58:28,approved,False
TXN20240215000727,ACCT205426,MERCH300062,withdrawal,175.06,in_person,2024-02-15 11:08:34,approved,False
TXN20240215000728,ACCT200154,MERCH300285,purchase,622.29,web,2024-02-15 06:54:14,approved,False
TXN20240215000729,ACCT201694,MERCH300230,purchase,58.7,mobile,2024-02-15 23:31:55,approved,False
TXN20240215000730,ACCT202189,MERCH300079,purchase,3.49,in_person,2024-02-15 19:21:54,approved,False
TXN20240215000731,ACCT201214,MERCH300036,purchase,26.72,in_person,2024-02-15 09:22:52,approved,True
TXN20240215000732,ACCT203583,MERCH300050,purchase,22.52,atm,2024-02-15 05:52:42,approved,False
TXN20240215000733,ACCT203034,MERCH300063,transfer,149.82,mobile,2024-02-15 19:16:02,approved,False
TXN20240215000734,ACCT205791,MERCH300084,purchase,79.95,web,2024-02-15 16:07:31,approved,False
TXN20240215000735,ACCT206021,MERCH300210,purchase,49.1,mobile,2024-02-15 17:06:00,approved,False
TXN20240215000736,ACCT204264,MERCH300092,deposit,42.09,in_person,2024-02-15 05:38:18,approved,False
TXN20240215000737,ACCT206106,MERCH300158,purchase,22.4,in_person,2024-02-15 20:16:42,approved,False
TXN20240215000738,ACCT200085,MERCH300090,purchase,85.86,mobile,2024-02-15 21:50:23,approved,False
TXN20240215000739,ACCT205926,MERCH300195,purchase,181.25,web,2024-02-15 02:17:46,approved,False
TXN20240215000740,ACCT204254,MERCH300293,transfer,93.54,web,2024-02-15 20:04:03,approved,False
TXN20240215000741,ACCT200366,MERCH300097,deposit,41.82,in_person,2024-02-15 16:12:20,approved,False
TXN20240215000742,ACCT201074,MERCH300016,purchase,39.13,web,2024-02-15 07:34:26,approved,False
TXN20240215000743,ACCT205133,MERCH300040,purchase,147.11,atm,2024-02-15 13:38:27,approved,False
TXN20240215000744,ACCT205147,MERCH300259,purchase,8.08,in_person,2024-02-15 16:06:37,approved,False
TXN20240215000745,ACCT201300,MERCH300112,withdrawal,14.37,web,2024-02-15 09:23:36,approved,False
TXN20240215000746,ACCT200998,MERCH300213,purchase,39.91,mobile,2024-02-15 07:02:33,approved,False
TXN20240215000747,ACCT200131,MERCH300226,purchase,39.42,in_person,2024-02-15 06:26:53,approved,False
TXN20240215000748,ACCT202460,MERCH300039,purchase,54.26,mobile,2024-02-15 09:41:21,approved,False
TXN20240215000749,ACCT202124,MERCH300052,purchase,27.05,in_person,2024-02-15 14:04:19,declined,False
TXN20240215000750,ACCT201693,MERCH300220,withdrawal,107.51,web,2024-02-15 06:03:59,approved,False
TXN20240215000751,ACCT204861,MERCH300196,purchase,218.27,web,2024-02-15 05:02:36,approved,False
TXN20240215000752,ACCT203452,MERCH300025,deposit,25.66,mobile,2024-02-15 03:05:33,approved,False
TXN20240215000753,ACCT203260,MERCH300196,transfer,61.58,web,2024-02-15 17:08:08,approved,False
TXN20240215000754,ACCT202127,MERCH300146,purchase,16.22,in_person,2024-02-15 00:14:15,approved,True
TXN20240215000755,ACCT202287,MERCH300019,deposit,48.34,in_person,2024-02-15 01:20:22,approved,False
TXN20240215000756,ACCT202568,MERCH300112,purchase,26.0,web,2024-02-15 02:01:22,approved,False
TXN20240215000757,ACCT203401,MERCH300176,purchase,21.77,mobile,2024-02-15 01:56:30,approved,False
TXN20240215000758,ACCT201618,MERCH300000,transfer,32.29,web,2024-02-15 12:28:07,approved,False
TXN20240215000759,ACCT205172,MERCH300037,purchase,100.12,web,2024-02-15 23:03:17,approved,False
TXN20240215000760,ACCT201488,MERCH300195,deposit,27.68,web,2024-02-15 02:08:26,approved,False
TXN20240215000761,ACCT201389,MERCH300080,withdrawal,34.18,in_person,2024-02-15 09:41:05,approved,False
TXN20240215000762,ACCT203575,MERCH300081,purchase,16.08,web,2024-02-15 03:10:44,approved,False
TXN20240215000763,ACCT200216,MERCH300017,purchase,23.69,atm,2024-02-15 11:59:03,approved,False
TXN20240215000764,ACCT206129,MERCH300164,purchase,48.27,web,2024-02-15 00:16:53,approved,False
TXN20240215000765,ACCT204903,MERCH300012,deposit,29.67,web,2024-02-15 16:38:11,approved,False
TXN20240215000766,ACCT206353,MERCH300213,purchase,40.8,web,2024-02-15 21:27:34,reversed,False
TXN20240215000767,ACCT202976,MERCH300092,transfer,81.41,web,2024-02-15 02:09:36,approved,False
TXN20240215000768,ACCT201040,MERCH300010,purchase,116.73,web,2024-02-15 03:26:27,reversed,False
TXN20240215000769,ACCT203737,MERCH300034,purchase,36.33,in_person,2024-02-15 10:12:56,approved,False
TXN20240215000770,ACCT204704,MERCH300097,transfer,75.55,web,2024-02-15 06:42:16,approved,False
TXN20240215000771,ACCT204835,MERCH300212,deposit,188.34,atm,2024-02-15 22:04:09,approved,False
TXN20240215000772,ACCT204902,MERCH300132,purchase,14.39,mobile,2024-02-15 15:12:38,approved,False
TXN20240215000773,ACCT203253,MERCH300057,purchase,484.07,mobile,2024-02-15 06:44:04,approved,False
TXN20240215000774,ACCT201600,MERCH300136,purchase,188.92,in_person,2024-02-15 20:07:34,approved,False
TXN20240215000775,ACCT202360,MERCH300047,withdrawal,15.91,mobile,2024-02-15 22:56:50,approved,False
TXN20240215000776,ACCT204502,MERCH300261,purchase,112.36,in_person,2024-02-15 21:13:45,approved,False
TXN20240215000777,ACCT201116,MERCH300123,transfer,190.17,mobile,2024-02-15 04:45:09,approved,False
TXN20240215000778,ACCT205545,MERCH300210,transfer,18.3,web,2024-02-15 18:53:13,approved,False
TXN20240215000779,ACCT202271,MERCH300289,withdrawal,108.85,in_person,2024-02-15 05:08:13,approved,False
TXN20240215000780,ACCT206469,MERCH300249,transfer,58.29,mobile,2024-02-15 21:51:25,approved,False
TXN20240215000781,ACCT200753,MERCH300187,deposit,60.1,atm,2024-02-15 01:19:53,approved,False
TXN20240215000782,ACCT202086,MERCH300294,purchase,16.63,in_person,2024-02-15 15:31:07,approved,False
TXN20240215000783,ACCT200718,MERCH300004,transfer,39.17,mobile,2024-02-15 10:10:54,approved,False
TXN20240215000784,ACCT203067,MERCH300001,purchase,20.44,mobile,2024-02-15 17:59:34,approved,False
TXN20240215000785,ACCT202791,MERCH300094,purchase,22.7,mobile,2024-02-15 07:29:42,approved,False
TXN20240215000786,ACCT202360,MERCH300136,purchase,6.75,in_person,2024-02-15 06:39:58,approved,False
TXN20240215000787,ACCT206399,MERCH300177,transfer,35.3,web,2024-02-15 05:54:14,approved,False
TXN20240215000788,ACCT202457,MERCH300088,purchase,43.18,in_person,2024-02-15 10:21:55,approved,False
TXN20240215000789,ACCT204569,MERCH300197,purchase,37.54,mobile,2024-02-15 16:54:13,approved,False
TXN20240215000790,ACCT205261,MERCH300203,transfer,95.22,in_person,2024-02-15 01:34:33,approved,False
TXN20240215000791,ACCT206115,MERCH300074,withdrawal,35.44,web,2024-02-15 00:24:27,approved,False
TXN20240215000792,ACCT203945,MERCH300271,purchase,122.76,mobile,2024-02-15 15:44:38,approved,False
TXN20240215000793,ACCT204412,MERCH300042,purchase,12.41,in_person,2024-02-15 08:57:19,approved,False
TXN20240215000794,ACCT201510,MERCH300187,purchase,7.33,web,2024-02-15 19:27:58,approved,False
TXN20240215000795,ACCT203775,MERCH300099,purchase,38.94,web,2024-02-15 03:56:34,approved,False
TXN20240215000796,ACCT200800,MERCH300200,purchase,50.43,web,2024-02-15 20:37:46,declined,False
TXN20240215000797,ACCT201899,MERCH300154,purchase,15.89,web,2024-02-15 07:46:58,approved,False
TXN20240215000798,ACCT201615,MERCH300211,purchase,60.64,in_person,2024-02-15 09:43:32,approved,False
TXN20240215000799,ACCT203312,MERCH300295,withdrawal,18.98,in_person,2024-02-15 09:25:03,approved,False
TXN20240215000800,ACCT200926,MERCH300042,purchase,72.47,in_person,2024-02-15 17:21:34,declined,False
TXN20240215000801,ACCT201879,MERCH300260,purchase,23.6,web,2024-02-15 01:33:21,approved,False
TXN20240215000802,ACCT201351,MERCH300280,deposit,17.41,mobile,2024-02-15 11:17:54,approved,False
TXN20240215000803,ACCT206086,MERCH300081,purchase,9.51,web,2024-02-15 11:36:33,approved,False
TXN20240215000804,ACCT206083,MERCH300011,transfer,20.4,atm,2024-02-15 03:24:55,approved,False
TXN20240215000805,ACCT202739,MERCH300239,purchase,35.41,in_person,2024-02-15 16:21:22,approved,False
TXN20240215000806,ACCT201253,MERCH300036,purchase,72.43,mobile,2024-02-15 13:27:52,approved,False
TXN20240215000807,ACCT205817,MERCH300151,withdrawal,39.33,in_person,2024-02-15 03:44:00,approved,False
TXN20240215000808,ACCT205874,MERCH300229,purchase,7.88,in_person,2024-02-15 06:42:41,approved,False
TXN20240215000809,ACCT203834,MERCH300044,purchase,40.47,mobile,2024-02-15 15:55:12,approved,False
TXN20240215000810,ACCT202818,MERCH300199,withdrawal,13.49,web,2024-02-15 13:10:23,approved,False
TXN20240215000811,ACCT204264,MERCH300118,purchase,94.99,web,2024-02-15 17:53:06,approved,False
TXN20240215000812,ACCT202872,MERCH300085,purchase,39.85,mobile,2024-02-15 21:15:12,declined,False
TXN20240215000813,ACCT202158,MERCH300260,purchase,105.34,in_person,2024-02-15 07:34:40,approved,False
TXN20240215000814,ACCT205517,MERCH300064,purchase,38.99,web,2024-02-15 11:49:15,reversed,False
TXN20240215000815,ACCT204797,MERCH300173,purchase,6.82,in_person,2024-02-15 14:27:17,approved,False
TXN20240215000816,ACCT201310,MERCH300244,purchase,16.59,atm,2024-02-15 09:35:50,approved,False
TXN20240215000817,ACCT201182,MERCH300049,transfer,15.32,in_person,2024-02-15 23:52:01,approved,False
TXN20240215000818,ACCT203745,MERCH300083,purchase,11.69,web,2024-02-15 00:56:53,approved,False
TXN20240215000819,ACCT204076,MERCH300204,purchase,40.55,web,2024-02-15 16:53:51,approved,False
TXN20240215000820,ACCT205671,MERCH300055,purchase,27.27,web,2024-02-15 15:23:29,approved,False
TXN20240215000821,ACCT202264,MERCH300277,purchase,42.57,in_person,2024-02-15 12:12:54,reversed,False
TXN20240215000822,ACCT200559,MERCH300227,transfer,2.85,web,2024-02-15 04:40:13,approved,False
TXN20240215000823,ACCT206098,MERCH300000,purchase,416.88,web,2024-02-15 03:36:12,approved,True
TXN20240215000824,ACCT205445,MERCH300116,purchase,13.83,in_person,2024-02-15 18:41:08,approved,False
TXN20240215000825,ACCT205684,MERCH300231,purchase,115.25,in_person,2024-02-15 16:19:35,approved,False
TXN20240215000826,ACCT202679,MERCH300179,purchase,29.56,in_person,2024-02-15 06:00:05,approved,False
TXN20240215000827,ACCT204927,MERCH300044,purchase,16.39,mobile,2024-02-15 02:35:47,approved,False
TXN20240215000828,ACCT202738,MERCH300014,purchase,276.88,in_person,2024-02-15 11:17:47,approved,False
TXN20240215000829,ACCT203395,MERCH300290,purchase,159.91,in_person,2024-02-15 15:38:53,approved,False
TXN20240215000830,ACCT202689,MERCH300225,purchase,8.61,in_person,2024-02-15 11:34:38,approved,False
TXN20240215000831,ACCT200592,MERCH300026,purchase,18.73,mobile,2024-02-15 09:57:15,approved,False
TXN20240215000832,ACCT202972,MERCH300181,purchase,10.36,web,2024-02-15 03:24:56,approved,False
TXN20240215000833,ACCT202823,MERCH300021,transfer,79.3,mobile,2024-02-15 17:09:24,approved,False
TXN20240215000834,ACCT202022,MERCH300062,deposit,15.51,atm,2024-02-15 02:04:10,approved,False
TXN20240215000835,ACCT205945,MERCH300025,purchase,20.03,mobile,2024-02-15 20:42:46,approved,False
TXN20240215000836,ACCT200393,MERCH300210,purchase,22.52,in_person,2024-02-15 02:43:57,approved,False
TXN20240215000837,ACCT201850,MERCH300022,purchase,71.48,mobile,2024-02-15 00:05:44,approved,False
TXN20240215000838,ACCT200195,MERCH300167,purchase,21.39,mobile,2024-02-15 20:40:59,approved,False
TXN20240215000839,ACCT205432,MERCH300133,purchase,7.4,atm,2024-02-15 00:28:38,approved,False
TXN20240215000840,ACCT203243,MERCH300098,purchase,15.51,web,2024-02-15 05:23:12,approved,False
TXN20240215000841,ACCT204814,MERCH300046,purchase,36.53,web,2024-02-15 23:33:54,approved,False
TXN20240215000842,ACCT205045,MERCH300032,purchase,26.66,mobile,2024-02-15 21:24:12,approved,False
TXN20240215000843,ACCT205964,MERCH300227,purchase,175.15,web,2024-02-15 06:55:38,approved,False
TXN20240215000844,ACCT202541,MERCH300255,purchase,5.45,mobile,2024-02-15 15:48:09,approved,False
TXN20240215000845,ACCT201030,MERCH300268,purchase,36.6,mobile,2024-02-15 22:25:20,approved,False
TXN20240215000846,ACCT203336,MERCH300193,purchase,4.5,mobile,2024-02-15 18:11:55,approved,False
TXN20240215000847,ACCT206204,MERCH300211,purchase,25.36,atm,2024-02-15 21:44:38,approved,False
TXN20240215000848,ACCT206350,MERCH300241,purchase,16.79,web,2024-02-15 06:41:35,approved,False
TXN20240215000849,ACCT201619,MERCH300296,purchase,20.1,in_person,2024-02-15 07:53:21,approved,False
TXN20240215000850,ACCT202682,MERCH300252,purchase,150.42,web,2024-02-15 07:08:46,approved,False
TXN20240215000851,ACCT205462,MERCH300206,transfer,11.6,web,2024-02-15 13:26:33,approved,False
TXN20240215000852,ACCT205741,MERCH300292,deposit,26.51,in_person,2024-02-15 02:08:12,approved,False
TXN20240215000853,ACCT205477,MERCH300086,purchase,74.38,web,2024-02-15 06:43:39,approved,False
TXN20240215000854,ACCT206030,MERCH300160,purchase,59.17,in_person,2024-02-15 01:30:07,reversed,False
TXN20240215000855,ACCT201421,MERCH300053,transfer,34.12,in_person,2024-02-15 17:23:20,approved,False
TXN20240215000856,ACCT202897,MERCH300078,purchase,248.56,atm,2024-02-15 15:17:07,approved,False
TXN20240215000857,ACCT201723,MERCH300232,deposit,15.94,in_person,2024-02-15 16:30:39,approved,False
TXN20240215000858,ACCT200204,MERCH300294,purchase,10.72,web,2024-02-15 19:37:27,approved,False
TXN20240215000859,ACCT202985,MERCH300191,withdrawal,51.92,mobile,2024-02-15 17:50:06,approved,False
TXN20240215000860,ACCT202773,MERCH300008,purchase,103.49,in_person,2024-02-15 00:44:46,approved,False
TXN20240215000861,ACCT205537,MERCH300151,deposit,75.83,in_person,2024-02-15 09:26:49,approved,False
TXN20240215000862,ACCT200380,MERCH300160,purchase,18.76,in_person,2024-02-15 13:34:56,approved,False
TXN20240215000863,ACCT203952,MERCH300280,purchase,44.68,in_person,2024-02-15 16:19:38,approved,False
TXN20240215000864,ACCT205426,MERCH300117,purchase,169.64,in_person,2024-02-15 22:57:41,approved,False
TXN20240215000865,ACCT206111,MERCH300192,purchase,156.76,in_person,2024-02-15 22:44:08,approved,False
TXN20240215000866,ACCT203436,MERCH300256,purchase,21.77,in_person,2024-02-15 03:38:43,approved,False
TXN20240215000867,ACCT204632,MERCH300224,purchase,25.87,web,2024-02-15 12:01:08,approved,False
TXN20240215000868,ACCT202255,MERCH300052,deposit,29.66,web,2024-02-15 03:00:41,approved,False
TXN20240215000869,ACCT204976,MERCH300125,transfer,32.29,in_person,2024-02-15 20:11:56,approved,False
TXN20240215000870,ACCT201471,MERCH300052,transfer,38.96,in_person,2024-02-15 03:37:59,approved,False
TXN20240215000871,ACCT204049,MERCH300035,purchase,109.08,web,2024-02-15 05:35:13,approved,True
TXN20240215000872,ACCT203767,MERCH300226,purchase,76.42,web,2024-02-15 21:19:59,approved,False
TXN20240215000873,ACCT204545,MERCH300010,purchase,30.25,web,2024-02-15 04:45:47,approved,True
TXN20240215000874,ACCT203214,MERCH300168,purchase,52.59,in_person,2024-02-15 22:59:17,approved,False
TXN20240215000875,ACCT206445,MERCH300255,transfer,118.58,mobile,2024-02-15 16:58:31,approved,False
TXN20240215000876,ACCT205111,MERCH300030,purchase,25.44,web,2024-02-15 01:05:28,approved,True
TXN20240215000877,ACCT205179,MERCH300117,purchase,36.68,atm,2024-02-15 01:18:30,approved,False
TXN20240215000878,ACCT201134,MERCH300051,purchase,34.98,web,2024-02-15 02:57:58,approved,False
TXN20240215000879,ACCT204803,MERCH300112,purchase,11.36,mobile,2024-02-15 04:39:37,approved,False
TXN20240215000880,ACCT204912,MERCH300007,purchase,26.99,web,2024-02-15 03:07:46,approved,False
TXN20240215000881,ACCT202006,MERCH300239,purchase,62.51,atm,2024-02-15 00:59:40,approved,False
TXN20240215000882,ACCT206224,MERCH300203,transfer,38.0,atm,2024-02-15 20:09:52,approved,False
TXN20240215000883,ACCT201580,MERCH300092,purchase,310.99,in_person,2024-02-15 15:27:42,approved,False
TXN20240215000884,ACCT203224,MERCH300182,purchase,4.23,in_person,2024-02-15 19:31:28,approved,False
TXN20240215000885,ACCT202828,MERCH300124,purchase,23.46,atm,2024-02-15 17:49:59,declined,False
TXN20240215000886,ACCT204509,MERCH300023,purchase,21.2,atm,2024-02-15 12:57:17,approved,False
TXN20240215000887,ACCT200508,MERCH300126,purchase,17.83,web,2024-02-15 06:33:56,approved,False
TXN20240215000888,ACCT201033,MERCH300236,transfer,27.58,atm,2024-02-15 03:56:31,approved,False
TXN20240215000889,ACCT201519,MERCH300272,purchase,87.22,web,2024-02-15 12:32:49,approved,False
TXN20240215000890,ACCT206137,MERCH300179,purchase,97.21,atm,2024-02-15 08:55:59,approved,False
TXN20240215000891,ACCT206390,MERCH300019,purchase,115.94,in_person,2024-02-15 17:55:46,approved,False
TXN20240215000892,ACCT201100,MERCH300284,withdrawal,184.34,in_person,2024-02-15 14:02:05,approved,False
TXN20240215000893,ACCT203923,MERCH300126,deposit,111.28,mobile,2024-02-15 18:09:52,approved,False
TXN20240215000894,ACCT206283,MERCH300134,purchase,56.25,web,2024-02-15 05:47:30,approved,False
TXN20240215000895,ACCT205140,MERCH300157,purchase,50.64,in_person,2024-02-15 22:51:45,approved,False
TXN20240215000896,ACCT205800,MERCH300153,purchase,44.0,web,2024-02-15 02:16:45,approved,False
TXN20240215000897,ACCT203690,MERCH300183,purchase,15.66,mobile,2024-02-15 05:35:47,approved,False
TXN20240215000898,ACCT204144,MERCH300001,purchase,45.7,mobile,2024-02-15 20:58:14,declined,False
TXN20240215000899,ACCT203078,MERCH300083,purchase,51.3,in_person,2024-02-15 23:47:51,approved,False
TXN20240215000900,ACCT201349,MERCH300097,purchase,42.34,in_person,2024-02-15 02:28:55,approved,False
TXN20240215000901,ACCT205748,MERCH300198,purchase,65.52,in_person,2024-02-15 13:49:51,approved,False
TXN20240215000902,ACCT204359,MERCH300031,deposit,42.86,in_person,2024-02-15 22:03:03,approved,False
TXN20240215000903,ACCT200813,MERCH300058,purchase,30.56,web,2024-02-15 12:45:04,approved,False
TXN20240215000904,ACCT205684,MERCH300054,withdrawal,41.52,web,2024-02-15 00:11:46,approved,False
TXN20240215000905,ACCT203265,MERCH300132,purchase,56.52,web,2024-02-15 15:25:10,approved,False
TXN20240215000906,ACCT201774,MERCH300070,transfer,72.77,in_person,2024-02-15 14:38:38,approved,False
TXN20240215000907,ACCT201982,MERCH300153,purchase,49.29,in_person,2024-02-15 05:08:47,approved,False
TXN20240215000908,ACCT206041,MERCH300030,deposit,126.55,mobile,2024-02-15 02:50:33,approved,False
TXN20240215000909,ACCT204976,MERCH300251,purchase,18.68,web,2024-02-15 23:34:14,approved,False
TXN20240215000910,ACCT200059,MERCH300204,purchase,45.01,mobile,2024-02-15 22:58:05,approved,False
TXN20240215000911,ACCT201841,MERCH300241,purchase,87.64,in_person,2024-02-15 07:58:58,approved,False
TXN20240215000912,ACCT200014,MERCH300111,transfer,39.29,web,2024-02-15 02:27:54,approved,False
TXN20240215000913,ACCT203940,MERCH300039,purchase,19.91,atm,2024-02-15 06:56:19,approved,False
TXN20240215000914,ACCT201138,MERCH300124,transfer,61.61,web,2024-02-15 10:07:23,approved,False
TXN20240215000915,ACCT200209,MERCH300181,withdrawal,20.51,web,2024-02-15 14:29:23,approved,False
TXN20240215000916,ACCT206330,MERCH300187,transfer,6.35,mobile,2024-02-15 19:44:13,approved,False
TXN20240215000917,ACCT201179,MERCH300020,purchase,42.93,in_person,2024-02-15 00:19:09,approved,False
TXN20240215000918,ACCT201048,MERCH300297,withdrawal,47.22,in_person,2024-02-15 19:52:24,approved,False
TXN20240215000919,ACCT203096,MERCH300002,purchase,18.81,web,2024-02-15 22:50:43,approved,False
TXN20240215000920,ACCT202440,MERCH300024,purchase,35.1,mobile,2024-02-15 21:42:11,approved,False
TXN20240215000921,ACCT202831,MERCH300254,deposit,83.2,in_person,2024-02-15 23:12:03,approved,False
TXN20240215000922,ACCT201952,MERCH300223,purchase,9.86,in_person,2024-02-15 20:41:58,approved,False
TXN20240215000923,ACCT203758,MERCH300284,purchase,27.17,atm,2024-02-15 06:58:27,approved,False
TXN20240215000924,ACCT204898,MERCH300277,purchase,132.35,web,2024-02-15 23:00:48,approved,False
TXN20240215000925,ACCT201401,MERCH300274,purchase,50.34,in_person,2024-02-15 14:01:44,approved,True
TXN20240215000926,ACCT201670,MERCH300196,deposit,19.26,web,2024-02-15 06:52:50,approved,False
TXN20240215000927,ACCT203388,MERCH300292,purchase,9.17,in_person,2024-02-15 23:31:13,approved,False
TXN20240215000928,ACCT201683,MERCH300035,purchase,20.95,web,2024-02-15 09:24:18,approved,False
TXN20240215000929,ACCT204638,MERCH300283,purchase,27.45,in_person,2024-02-15 13:45:40,reversed,False
TXN20240215000930,ACCT206125,MERCH300026,transfer,16.24,web,2024-02-15 04:02:42,approved,False
TXN20240215000931,ACCT205631,MERCH300113,deposit,24.89,web,2024-02-15 07:13:16,approved,False
TXN20240215000932,ACCT204848,MERCH300045,purchase,51.13,web,2024-02-15 06:22:20,approved,False
TXN20240215000933,ACCT200609,MERCH300178,purchase,33.99,web,2024-02-15 17:18:10,approved,False
TXN20240215000934,ACCT205634,MERCH300094,purchase,17.98,atm,2024-02-15 11:01:27,approved,False
TXN20240215000935,ACCT205119,MERCH300097,purchase,18.98,in_person,2024-02-15 07:50:04,approved,False
TXN20240215000936,ACCT200255,MERCH300016,deposit,25.49,in_person,2024-02-15 04:44:27,approved,False
TXN20240215000937,ACCT201746,MERCH300171,deposit,90.59,atm,2024-02-15 18:51:17,approved,False
TXN20240215000938,ACCT203172,MERCH300167,transfer,18.09,mobile,2024-02-15 00:15:35,approved,False
TXN20240215000939,ACCT204581,MERCH300025,transfer,9.93,in_person,2024-02-15 18:49:30,approved,False
TXN20240215000940,ACCT200672,MERCH300201,purchase,17.97,mobile,2024-02-15 17:36:00,approved,False
TXN20240215000941,ACCT204599,MERCH300100,deposit,86.28,mobile,2024-02-15 05:20:39,approved,False
TXN20240215000942,ACCT200222,MERCH300285,purchase,62.73,web,2024-02-15 20:12:44,approved,False
TXN20240215000943,ACCT202201,MERCH300245,deposit,9.68,mobile,2024-02-15 23:55:39,approved,False
TXN20240215000944,ACCT201348,MERCH300141,withdrawal,143.22,in_person,2024-02-15 23:18:10,approved,False
TXN20240215000945,ACCT202945,MERCH300256,purchase,54.03,web,2024-02-15 04:32:26,approved,True
TXN20240215000946,ACCT205026,MERCH300167,withdrawal,204.68,in_person,2024-02-15 19:59:06,approved,False
TXN20240215000947,ACCT205600,MERCH300109,deposit,18.1,atm,2024-02-15 06:48:15,approved,False
TXN20240215000948,ACCT205875,MERCH300036,purchase,97.36,in_person,2024-02-15 19:16:03,approved,False
TXN20240215000949,ACCT201970,MERCH300077,purchase,85.92,mobile,2024-02-15 21:23:33,approved,False
TXN20240215000950,ACCT200589,MERCH300265,purchase,12.58,mobile,2024-02-15 06:37:47,approved,False
TXN20240215000951,ACCT203691,MERCH300114,transfer,51.12,in_person,2024-02-15 16:40:51,approved,False
TXN20240215000952,ACCT205099,MERCH300123,deposit,147.48,web,2024-02-15 07:06:33,approved,False
TXN20240215000953,ACCT200778,MERCH300097,purchase,9.29,in_person,2024-02-15 23:34:26,approved,False
TXN20240215000954,ACCT200400,MERCH300149,deposit,56.74,mobile,2024-02-15 05:16:53,approved,False
TXN20240215000955,ACCT205660,MERCH300215,purchase,15.31,in_person,2024-02-15 06:59:25,approved,False
TXN20240215000956,ACCT200248,MERCH300080,purchase,58.58,in_person,2024-02-15 05:49:18,approved,False
TXN20240215000957,ACCT201633,MERCH300109,purchase,38.79,in_person,2024-02-15 17:15:54,approved,False
TXN20240215000958,ACCT205177,MERCH300046,transfer,84.65,web,2024-02-15 03:09:39,approved,False
TXN20240215000959,ACCT202720,MERCH300184,purchase,21.77,in_person,2024-02-15 21:25:44,approved,False
TXN20240215000960,ACCT202412,MERCH300035,deposit,17.3,in_person,2024-02-15 03:22:00,approved,False
TXN20240215000961,ACCT200158,MERCH300192,purchase,39.84,in_person,2024-02-15 08:42:00,approved,False
TXN20240215000962,ACCT200734,MERCH300237,purchase,99.26,web,2024-02-15 00:48:59,approved,False
TXN20240215000963,ACCT201234,MERCH300089,deposit,70.21,in_person,2024-02-15 17:23:20,reversed,False
TXN20240215000964,ACCT203922,MERCH300055,purchase,12.55,in_person,2024-02-15 05:41:53,approved,False
TXN20240215000965,ACCT203723,MERCH300148,purchase,62.19,in_person,2024-02-15 04:14:08,approved,False
TXN20240215000966,ACCT204141,MERCH300248,purchase,43.12,in_person,2024-02-15 06:16:16,approved,False
TXN20240215000967,ACCT203871,MERCH300262,purchase,83.04,mobile,2024-02-15 09:59:24,approved,False
TXN20240215000968,ACCT202855,MERCH300043,withdrawal,246.91,in_person,2024-02-15 19:53:25,approved,False
TXN20240215000969,ACCT203560,MERCH300078,transfer,16.96,mobile,2024-02-15 09:52:25,approved,False
TXN20240215000970,ACCT200913,MERCH300066,purchase,114.15,mobile,2024-02-15 20:06:13,approved,False
TXN20240215000971,ACCT205690,MERCH300027,withdrawal,45.74,web,2024-02-15 00:23:48,approved,False
TXN20240215000972,ACCT204705,MERCH300273,purchase,46.45,web,2024-02-15 08:50:22,approved,False
TXN20240215000973,ACCT205576,MERCH300299,purchase,52.9,web,2024-02-15 01:45:31,approved,False
TXN20240215000974,ACCT201572,MERCH300252,purchase,91.63,atm,2024-02-15 14:13:21,approved,False
TXN20240215000975,ACCT206289,MERCH300069,purchase,19.3,web,2024-02-15 04:56:26,approved,True
TXN20240215000976,ACCT205788,MERCH300226,purchase,47.65,in_person,2024-02-15 21:56:53,approved,False
TXN20240215000977,ACCT202168,MERCH300178,transfer,35.04,in_person,2024-02-15 13:00:50,approved,False
TXN20240215000978,ACCT202167,MERCH300081,purchase,333.4,mobile,2024-02-15 17:12:14,approved,False
TXN20240215000979,ACCT203552,MERCH300146,purchase,32.62,mobile,2024-02-15 10:59:56,declined,False
TXN20240215000980,ACCT200250,MERCH300041,withdrawal,6.47,atm,2024-02-15 11:44:26,approved,False
TXN20240215000981,ACCT206214,MERCH300015,deposit,30.18,mobile,2024-02-15 09:39:45,approved,False
TXN20240215000982,ACCT202972,MERCH300039,purchase,8.03,mobile,2024-02-15 21:46:45,approved,False
TXN20240215000983,ACCT204157,MERCH300296,purchase,98.22,web,2024-02-15 13:55:31,approved,False
TXN20240215000984,ACCT202704,MERCH300027,deposit,59.45,web,2024-02-15 02:53:27,approved,False
TXN20240215000985,ACCT200974,MERCH300289,transfer,86.09,mobile,2024-02-15 09:13:16,approved,False
TXN20240215000986,ACCT200437,MERCH300033,purchase,10.79,in_person,2024-02-15 08:31:23,approved,False
TXN20240215000987,ACCT201336,MERCH300167,deposit,39.5,in_person,2024-02-15 16:19:15,approved,False
TXN20240215000988,ACCT204046,MERCH300064,purchase,73.6,in_person,2024-02-15 09:39:20,approved,False
TXN20240215000989,ACCT203495,MERCH300169,purchase,9.13,web,2024-02-15 20:24:16,approved,False
TXN20240215000990,ACCT201073,MERCH300189,purchase,14.34,in_person,2024-02-15 08:52:00,approved,False
TXN20240215000991,ACCT202821,MERCH300147,purchase,26.56,web,2024-02-15 19:03:25,approved,False
TXN20240215000992,ACCT205830,MERCH300255,withdrawal,133.72,in_person,2024-02-15 10:44:09,approved,False
TXN20240215000993,ACCT201153,MERCH300289,purchase,45.26,mobile,2024-02-15 20:16:06,approved,False
TXN20240215000994,ACCT201482,MERCH300093,purchase,190.77,mobile,2024-02-15 18:56:22,approved,False
TXN20240215000995,ACCT201493,MERCH300228,transfer,11.86,in_person,2024-02-15 07:30:48,approved,False
TXN20240215000996,ACCT206096,MERCH300180,purchase,119.73,mobile,2024-02-15 13:13:22,approved,False
TXN20240215000997,ACCT204006,MERCH300094,withdrawal,38.72,in_person,2024-02-15 18:07:00,approved,False
TXN20240215000998,ACCT200412,MERCH300266,purchase,99.83,web,2024-02-15 02:20:54,approved,False
TXN20240215000999,ACCT200057,MERCH300234,purchase,15.94,mobile,2024-02-15 15:01:09,approved,False
TXN20240215001000,ACCT205866,MERCH300210,purchase,16.77,atm,2024-02-15 20:38:43,approved,False
TXN20240215001001,ACCT200731,MERCH300012,withdrawal,50.68,mobile,2024-02-15 03:44:11,approved,False
TXN20240215001002,ACCT204313,MERCH300254,withdrawal,17.2,web,2024-02-15 05:43:44,approved,False
TXN20240215001003,ACCT203514,MERCH300048,transfer,43.42,in_person,2024-02-15 20:09:22,approved,False
TXN20240215001004,ACCT203389,MERCH300297,transfer,48.35,web,2024-02-15 12:38:23,approved,False
TXN20240215001005,ACCT202730,MERCH300203,purchase,10.11,web,2024-02-15 12:21:58,approved,False
TXN20240215001006,ACCT204220,MERCH300129,withdrawal,28.18,in_person,2024-02-15 17:49:17,approved,True
TXN20240215001007,ACCT202107,MERCH300298,purchase,35.88,in_person,2024-02-15 23:58:20,approved,False
TXN20240215001008,ACCT206437,MERCH300161,purchase,34.39,web,2024-02-15 00:49:01,approved,False
TXN20240215001009,ACCT203718,MERCH300217,purchase,6.2,mobile,2024-02-15 19:40:18,approved,False
TXN20240215001010,ACCT204297,MERCH300136,withdrawal,33.33,in_person,2024-02-15 00:52:35,approved,False
TXN20240215001011,ACCT202474,MERCH300167,purchase,45.62,mobile,2024-02-15 02:36:29,declined,False
TXN20240215001012,ACCT205324,MERCH300152,purchase,26.93,web,2024-02-15 21:52:36,approved,False
TXN20240215001013,ACCT206050,MERCH300241,purchase,37.0,in_person,2024-02-15 13:59:54,approved,False
TXN20240215001014,ACCT203610,MERCH300193,purchase,31.73,atm,2024-02-15 12:55:40,approved,False
TXN20240215001015,ACCT202268,MERCH300280,purchase,19.53,in_person,2024-02-15 22:30:26,approved,False
TXN20240215001016,ACCT201905,MERCH300086,withdrawal,15.95,in_person,2024-02-15 19:24:23,approved,False
TXN20240215001017,ACCT204769,MERCH300218,purchase,15.81,in_person,2024-02-15 02:33:23,approved,False
TXN20240215001018,ACCT204740,MERCH300231,purchase,238.64,web,2024-02-15 13:37:21,approved,False
TXN20240215001019,ACCT202463,MERCH300294,purchase,59.81,atm,2024-02-15 19:21:40,approved,False
TXN20240215001020,ACCT206059,MERCH300021,purchase,40.37,in_person,2024-02-15 14:19:43,approved,False
TXN20240215001021,ACCT201696,MERCH300068,transfer,9.08,in_person,2024-02-15 08:32:51,approved,False
TXN20240215001022,ACCT200919,MERCH300077,purchase,10.31,web,2024-02-15 06:36:04,approved,False
TXN20240215001023,ACCT206427,MERCH300096,purchase,98.91,in_person,2024-02-15 03:22:48,approved,False
TXN20240215001024,ACCT203766,MERCH300037,transfer,13.09,mobile,2024-02-15 05:48:17,approved,False
TXN20240215001025,ACCT201678,MERCH300008,transfer,16.22,in_person,2024-02-15 15:32:33,approved,False
TXN20240215001026,ACCT204500,MERCH300231,purchase,7.12,mobile,2024-02-15 21:30:19,approved,False
TXN20240215001027,ACCT200674,MERCH300091,purchase,140.39,web,2024-02-15 14:19:48,approved,False
TXN20240215001028,ACCT204644,MERCH300248,purchase,91.62,mobile,2024-02-15 16:30:11,reversed,False
TXN20240215001029,ACCT201781,MERCH300025,purchase,42.56,in_person,2024-02-15 02:01:14,approved,False
TXN20240215001030,ACCT201332,MERCH300052,purchase,27.64,web,2024-02-15 01:57:40,approved,False
TXN20240215001031,ACCT202199,MERCH300050,purchase,12.25,mobile,2024-02-15 14:04:25,approved,False
TXN20240215001032,ACCT204965,MERCH300055,transfer,53.6,web,2024-02-15 14:54:40,approved,False
TXN20240215001033,ACCT202947,MERCH300275,purchase,28.14,mobile,2024-02-15 23:11:31,approved,False
TXN20240215001034,ACCT205985,MERCH300274,purchase,168.74,mobile,2024-02-15 01:24:05,approved,True
TXN20240215001035,ACCT205364,MERCH300204,withdrawal,55.66,in_person,2024-02-15 22:14:11,approved,False
TXN20240215001036,ACCT205736,MERCH300042,purchase,43.78,mobile,2024-02-15 18:09:36,approved,False
TXN20240215001037,ACCT202974,MERCH300103,transfer,184.12,in_person,2024-02-15 22:38:50,declined,False
TXN20240215001038,ACCT202959,MERCH300176,purchase,10.74,web,2024-02-15 08:52:32,approved,False
TXN20240215001039,ACCT205454,MERCH300089,purchase,63.99,mobile,2024-02-15 06:21:01,approved,False
TXN20240215001040,ACCT206030,MERCH300158,withdrawal,78.09,web,2024-02-15 00:59:45,approved,False
TXN20240215001041,ACCT200162,MERCH300230,purchase,125.84,web,2024-02-15 10:06:12,approved,False
TXN20240215001042,ACCT205629,MERCH300283,deposit,12.6,in_person,2024-02-15 13:28:43,approved,False
TXN20240215001043,ACCT205025,MERCH300004,purchase,113.36,web,2024-02-15 02:52:07,approved,False
TXN20240215001044,ACCT201647,MERCH300204,purchase,108.81,mobile,2024-02-15 03:09:10,approved,False
TXN20240215001045,ACCT203976,MERCH300144,purchase,14.23,web,2024-02-15 16:49:51,reversed,False
TXN20240215001046,ACCT202984,MERCH300267,purchase,43.4,web,2024-02-15 16:26:30,declined,False
TXN20240215001047,ACCT206002,MERCH300109,purchase,15.78,web,2024-02-15 13:00:07,approved,False
TXN20240215001048,ACCT200494,MERCH300268,purchase,42.83,in_person,2024-02-15 11:25:03,approved,False
TXN20240215001049,ACCT206163,MERCH300083,purchase,31.24,atm,2024-02-15 04:17:38,approved,False
TXN20240215001050,ACCT202853,MERCH300006,purchase,15.92,in_person,2024-02-15 15:05:50,approved,False
TXN20240215001051,ACCT201039,MERCH300068,transfer,55.09,in_person,2024-02-15 08:24:03,approved,False
TXN20240215001052,ACCT204901,MERCH300150,purchase,53.76,mobile,2024-02-15 23:35:25,approved,False
TXN20240215001053,ACCT204837,MERCH300266,purchase,17.0,mobile,2024-02-15 02:47:08,approved,False
TXN20240215001054,ACCT201568,MERCH300083,withdrawal,39.79,mobile,2024-02-15 15:24:28,approved,False
TXN20240215001055,ACCT202850,MERCH300009,purchase,32.59,mobile,2024-02-15 18:55:50,approved,False
TXN20240215001056,ACCT203490,MERCH300125,purchase,29.06,in_person,2024-02-15 06:12:45,approved,False
TXN20240215001057,ACCT205280,MERCH300270,transfer,114.89,mobile,2024-02-15 17:04:25,declined,False
TXN20240215001058,ACCT200623,MERCH300186,purchase,42.57,web,2024-02-15 19:00:56,approved,False
TXN20240215001059,ACCT202515,MERCH300179,deposit,13.14,in_person,2024-02-15 14:54:17,declined,False
TXN20240215001060,ACCT200029,MERCH300022,purchase,19.71,web,2024-02-15 17:32:43,approved,False
TXN20240215001061,ACCT201091,MERCH300270,purchase,27.11,in_person,2024-02-15 18:04:49,approved,False
TXN20240215001062,ACCT204523,MERCH300145,purchase,7.75,mobile,2024-02-15 19:52:52,approved,False
TXN20240215001063,ACCT203518,MERCH300275,purchase,66.13,web,2024-02-15 14:37:14,approved,False
TXN20240215001064,ACCT203321,MERCH300223,transfer,346.79,web,2024-02-15 13:45:20,approved,False
TXN20240215001065,ACCT202096,MERCH300088,purchase,92.48,in_person,2024-02-15 02:46:15,approved,False
TXN20240215001066,ACCT205254,MERCH300190,transfer,55.68,web,2024-02-15 11:51:03,approved,False
TXN20240215001067,ACCT206018,MERCH300114,purchase,24.26,mobile,2024-02-15 14:11:26,approved,False
TXN20240215001068,ACCT200870,MERCH300255,purchase,52.59,mobile,2024-02-15 04:08:44,approved,False
TXN20240215001069,ACCT200490,MERCH300107,purchase,197.54,mobile,2024-02-15 23:42:35,approved,False
TXN20240215001070,ACCT203714,MERCH300112,purchase,156.45,web,2024-02-15 00:15:02,approved,False
TXN20240215001071,ACCT203048,MERCH300275,purchase,34.79,mobile,2024-02-15 00:28:42,approved,False
TXN20240215001072,ACCT205342,MERCH300133,purchase,21.31,mobile,2024-02-15 11:44:53,approved,False
TXN20240215001073,ACCT202880,MERCH300030,purchase,27.07,mobile,2024-02-15 13:30:39,approved,False
TXN20240215001074,ACCT202945,MERCH300009,transfer,17.6,in_person,2024-02-15 18:10:29,approved,False
TXN20240215001075,ACCT202842,MERCH300252,transfer,45.36,in_person,2024-02-15 06:50:06,approved,False
TXN20240215001076,ACCT202044,MERCH300030,purchase,35.05,atm,2024-02-15 22:48:17,approved,False
TXN20240215001077,ACCT202891,MERCH300112,purchase,13.97,in_person,2024-02-15 07:16:05,approved,False
TXN20240215001078,ACCT205588,MERCH300019,transfer,15.68,atm,2024-02-15 21:29:06,approved,False
TXN20240215001079,ACCT204184,MERCH300245,purchase,16.2,in_person,2024-02-15 10:34:42,approved,True
TXN20240215001080,ACCT201078,MERCH300086,purchase,91.4,in_person,2024-02-15 11:00:18,approved,False
TXN20240215001081,ACCT203874,MERCH300153,purchase,38.49,mobile,2024-02-15 14:54:36,approved,False
TXN20240215001082,ACCT203647,MERCH300194,purchase,19.95,in_person,2024-02-15 15:28:01,approved,False
TXN20240215001083,ACCT205378,MERCH300271,withdrawal,24.66,web,2024-02-15 14:26:13,approved,False
TXN20240215001084,ACCT205101,MERCH300125,purchase,140.93,web,2024-02-15 20:43:55,approved,False
TXN20240215001085,ACCT201793,MERCH300128,purchase,175.68,in_person,2024-02-15 03:43:42,approved,False
TXN20240215001086,ACCT202097,MERCH300077,purchase,20.7,mobile,2024-02-15 04:43:05,approved,True
TXN20240215001087,ACCT205987,MERCH300244,transfer,4.77,mobile,2024-02-15 07:00:41,approved,False
TXN20240215001088,ACCT204136,MERCH300122,purchase,39.01,mobile,2024-02-15 23:12:50,approved,False
TXN20240215001089,ACCT202126,MERCH300116,purchase,144.1,web,2024-02-15 19:05:46,approved,False
TXN20240215001090,ACCT203451,MERCH300288,purchase,66.64,web,2024-02-15 21:37:32,approved,False
TXN20240215001091,ACCT203477,MERCH300083,purchase,56.38,in_person,2024-02-15 22:28:51,approved,False
TXN20240215001092,ACCT200082,MERCH300256,purchase,8.25,mobile,2024-02-15 21:37:04,approved,False
TXN20240215001093,ACCT200832,MERCH300147,purchase,13.78,mobile,2024-02-15 06:30:00,approved,False
TXN20240215001094,ACCT205906,MERCH300063,purchase,36.85,web,2024-02-15 14:44:53,approved,False
TXN20240215001095,ACCT202822,MERCH300275,transfer,82.26,mobile,2024-02-15 14:22:15,approved,False
TXN20240215001096,ACCT204387,MERCH300210,purchase,51.36,mobile,2024-02-15 16:26:13,approved,False
TXN20240215001097,ACCT202788,MERCH300041,purchase,108.92,in_person,2024-02-15 14:45:11,approved,False
TXN20240215001098,ACCT200395,MERCH300119,purchase,69.33,mobile,2024-02-15 18:03:21,declined,False
TXN20240215001099,ACCT203387,MERCH300170,purchase,108.18,in_person,2024-02-15 18:00:52,approved,False
TXN20240215001100,ACCT203491,MERCH300195,purchase,59.75,in_person,2024-02-15 03:48:27,approved,False
TXN20240215001101,ACCT206362,MERCH300269,purchase,35.86,web,2024-02-15 23:30:49,approved,False
TXN20240215001102,ACCT205131,MERCH300003,purchase,16.47,mobile,2024-02-15 01:43:40,approved,False
TXN20240215001103,ACCT201003,MERCH300022,transfer,22.52,in_person,2024-02-15 11:12:03,approved,False
TXN20240215001104,ACCT206458,MERCH300208,withdrawal,74.44,atm,2024-02-15 12:25:41,declined,False
TXN20240215001105,ACCT201754,MERCH300008,purchase,79.89,in_person,2024-02-15 05:14:25,approved,False
TXN20240215001106,ACCT201217,MERCH300034,purchase,15.76,in_person,2024-02-15 18:30:11,approved,False
TXN20240215001107,ACCT205255,MERCH300290,purchase,9.45,in_person,2024-02-15 14:41:09,approved,False
TXN20240215001108,ACCT201468,MERCH300083,purchase,57.29,in_person,2024-02-15 20:41:18,approved,False
TXN20240215001109,ACCT206362,MERCH300284,purchase,39.74,mobile,2024-02-15 22:46:38,approved,False
TXN20240215001110,ACCT206073,MERCH300258,deposit,38.71,web,2024-02-15 14:41:19,approved,False
TXN20240215001111,ACCT205454,MERCH300122,transfer,66.75,web,2024-02-15 03:13:49,approved,False
TXN20240215001112,ACCT202194,MERCH300061,withdrawal,106.59,web,2024-02-15 10:08:08,approved,False
TXN20240215001113,ACCT205981,MERCH300217,transfer,16.92,web,2024-02-15 06:05:58,approved,False
TXN20240215001114,ACCT204760,MERCH300012,withdrawal,14.58,mobile,2024-02-15 21:16:29,approved,False
TXN20240215001115,ACCT204809,MERCH300058,withdrawal,42.1,mobile,2024-02-15 20:42:11,approved,False
TXN20240215001116,ACCT202549,MERCH300054,transfer,67.01,atm,2024-02-15 17:46:08,approved,False
TXN20240215001117,ACCT203853,MERCH300237,purchase,83.8,web,2024-02-15 08:23:36,approved,False
TXN20240215001118,ACCT204680,MERCH300106,purchase,16.27,mobile,2024-02-15 19:35:56,approved,False
TXN20240215001119,ACCT200573,MERCH300270,purchase,116.33,atm,2024-02-15 05:38:23,approved,False
TXN20240215001120,ACCT205321,MERCH300181,purchase,65.88,in_person,2024-02-15 15:40:03,approved,False
TXN20240215001121,ACCT203005,MERCH300263,purchase,79.98,in_person,2024-02-15 17:13:14,approved,False
TXN20240215001122,ACCT201789,MERCH300073,purchase,61.12,mobile,2024-02-15 05:06:09,approved,False
TXN20240215001123,ACCT203704,MERCH300023,purchase,34.49,in_person,2024-02-15 23:54:17,approved,False
TXN20240215001124,ACCT201572,MERCH300038,deposit,119.28,web,2024-02-15 07:12:28,approved,False
TXN20240215001125,ACCT203549,MERCH300023,purchase,97.51,in_person,2024-02-15 02:52:48,approved,True
TXN20240215001126,ACCT203265,MERCH300057,transfer,117.16,web,2024-02-15 06:31:46,approved,False
TXN20240215001127,ACCT205759,MERCH300208,purchase,9.39,atm,2024-02-15 06:24:15,approved,False
TXN20240215001128,ACCT204526,MERCH300048,purchase,114.89,in_person,2024-02-15 16:27:06,approved,False
TXN20240215001129,ACCT202367,MERCH300196,purchase,27.12,in_person,2024-02-15 01:23:09,approved,False
TXN20240215001130,ACCT203538,MERCH300030,transfer,39.95,mobile,2024-02-15 08:46:34,declined,False
TXN20240215001131,ACCT202948,MERCH300122,purchase,118.85,in_person,2024-02-15 04:48:48,approved,False
TXN20240215001132,ACCT200175,MERCH300108,purchase,7.97,mobile,2024-02-15 15:44:42,approved,False
TXN20240215001133,ACCT203080,MERCH300120,withdrawal,96.41,in_person,2024-02-15 15:07:08,approved,False
TXN20240215001134,ACCT201799,MERCH300280,transfer,54.62,in_person,2024-02-15 18:49:28,declined,False
TXN20240215001135,ACCT204572,MERCH300111,purchase,15.31,in_person,2024-02-15 23:48:53,approved,False
TXN20240215001136,ACCT201845,MERCH300235,purchase,42.11,in_person,2024-02-15 03:48:30,approved,False
TXN20240215001137,ACCT200747,MERCH300230,transfer,5.83,web,2024-02-15 01:07:20,approved,False
TXN20240215001138,ACCT201824,MERCH300150,purchase,225.17,mobile,2024-02-15 00:49:35,approved,False
TXN20240215001139,ACCT203710,MERCH300201,purchase,6.41,mobile,2024-02-15 05:19:18,approved,False
TXN20240215001140,ACCT206464,MERCH300298,purchase,97.73,in_person,2024-02-15 01:56:49,approved,False
TXN20240215001141,ACCT203425,MERCH300022,withdrawal,35.59,in_person,2024-02-15 20:50:52,approved,False
TXN20240215001142,ACCT204241,MERCH300199,purchase,67.84,in_person,2024-02-15 20:03:14,approved,False
TXN20240215001143,ACCT204684,MERCH300194,withdrawal,74.27,web,2024-02-15 07:58:18,approved,False
TXN20240215001144,ACCT203721,MERCH300158,purchase,34.59,web,2024-02-15 17:54:39,approved,False
TXN20240215001145,ACCT204418,MERCH300048,purchase,41.17,in_person,2024-02-15 03:16:10,approved,False
TXN20240215001146,ACCT205830,MERCH300151,deposit,140.26,mobile,2024-02-15 04:39:36,approved,False
TXN20240215001147,ACCT202968,MERCH300174,purchase,17.99,in_person,2024-02-15 23:29:47,approved,False
TXN20240215001148,ACCT200903,MERCH300191,purchase,111.5,web,2024-02-15 20:13:37,approved,False
TXN20240215001149,ACCT202867,MERCH300206,purchase,83.95,web,2024-02-15 01:18:49,approved,False
TXN20240215001150,ACCT206479,MERCH300293,purchase,109.2,web,2024-02-15 05:55:16,declined,False
TXN20240215001151,ACCT205555,MERCH300042,withdrawal,42.15,web,2024-02-15 21:18:27,approved,False
TXN20240215001152,ACCT201981,MERCH300289,purchase,117.01,in_person,2024-02-15 07:55:38,approved,False
TXN20240215001153,ACCT200332,MERCH300057,purchase,68.73,in_person,2024-02-15 21:31:00,approved,False
TXN20240215001154,ACCT202609,MERCH300166,transfer,41.02,in_person,2024-02-15 11:53:25,approved,False
TXN20240215001155,ACCT201653,MERCH300115,purchase,14.84,web,2024-02-15 15:24:16,approved,False
TXN20240215001156,ACCT203948,MERCH300066,purchase,25.66,in_person,2024-02-15 10:49:09,approved,False
TXN20240215001157,ACCT200623,MERCH300009,deposit,75.33,web,2024-02-15 15:14:44,approved,False
TXN20240215001158,ACCT203111,MERCH300127,deposit,22.82,atm,2024-02-15 20:33:01,declined,False
TXN20240215001159,ACCT204903,MERCH300196,transfer,61.09,in_person,2024-02-15 00:42:38,approved,False
TXN20240215001160,ACCT200205,MERCH300056,purchase,30.39,mobile,2024-02-15 11:21:54,approved,False
TXN20240215001161,ACCT205866,MERCH300169,withdrawal,16.24,web,2024-02-15 08:48:42,approved,False
TXN20240215001162,ACCT203687,MERCH300187,transfer,4.04,mobile,2024-02-15 14:08:39,approved,False
TXN20240215001163,ACCT204612,MERCH300133,withdrawal,32.6,atm,2024-02-15 06:25:18,approved,False
TXN20240215001164,ACCT202361,MERCH300253,withdrawal,14.26,web,2024-02-15 04:55:05,approved,False
TXN20240215001165,ACCT201430,MERCH300059,purchase,43.7,in_person,2024-02-15 23:22:03,approved,False
TXN20240215001166,ACCT206411,MERCH300155,purchase,32.39,in_person,2024-02-15 15:28:08,approved,False
TXN20240215001167,ACCT204593,MERCH300072,transfer,37.86,in_person,2024-02-15 08:51:57,declined,False
TXN20240215001168,ACCT205625,MERCH300053,purchase,20.85,web,2024-02-15 22:13:51,approved,False
TXN20240215001169,ACCT205369,MERCH300161,transfer,33.38,in_person,2024-02-15 06:13:20,approved,False
TXN20240215001170,ACCT200606,MERCH300192,purchase,11.58,mobile,2024-02-15 11:01:19,approved,False
TXN20240215001171,ACCT200236,MERCH300246,purchase,63.05,web,2024-02-15 02:55:14,approved,False
TXN20240215001172,ACCT201543,MERCH300208,purchase,22.96,mobile,2024-02-15 03:29:12,approved,False
TXN20240215001173,ACCT206089,MERCH300200,purchase,29.54,mobile,2024-02-15 09:26:31,approved,False
TXN20240215001174,ACCT203865,MERCH300075,purchase,38.4,in_person,2024-02-15 08:35:46,approved,False
TXN20240215001175,ACCT206394,MERCH300055,purchase,48.99,web,2024-02-15 01:40:16,approved,False
TXN20240215001176,ACCT200942,MERCH300062,deposit,51.15,atm,2024-02-15 20:01:03,approved,False
TXN20240215001177,ACCT200512,MERCH300142,purchase,34.22,in_person,2024-02-15 12:25:02,approved,False
TXN20240215001178,ACCT201867,MERCH300160,purchase,7.12,in_person,2024-02-15 21:06:03,approved,False
TXN20240215001179,ACCT206112,MERCH300198,transfer,19.17,web,2024-02-15 17:31:51,approved,False
TXN20240215001180,ACCT200532,MERCH300173,purchase,37.63,web,2024-02-15 15:22:12,approved,False
TXN20240215001181,ACCT203046,MERCH300167,purchase,31.37,web,2024-02-15 15:49:31,approved,False
TXN20240215001182,ACCT206399,MERCH300035,purchase,28.48,atm,2024-02-15 08:04:18,approved,False
TXN20240215001183,ACCT202220,MERCH300295,purchase,31.43,web,2024-02-15 02:54:23,approved,False
TXN20240215001184,ACCT202161,MERCH300165,transfer,65.35,web,2024-02-15 03:20:32,approved,False
TXN20240215001185,ACCT204737,MERCH300161,purchase,19.42,mobile,2024-02-15 14:12:53,declined,False
TXN20240215001186,ACCT204483,MERCH300109,purchase,96.0,mobile,2024-02-15 11:06:09,approved,False
TXN20240215001187,ACCT200406,MERCH300049,purchase,15.94,web,2024-02-15 18:23:18,approved,False
TXN20240215001188,ACCT200199,MERCH300268,deposit,52.87,in_person,2024-02-15 14:19:02,declined,False
TXN20240215001189,ACCT203777,MERCH300051,purchase,46.78,mobile,2024-02-15 10:17:09,reversed,False
TXN20240215001190,ACCT205672,MERCH300098,withdrawal,248.01,in_person,2024-02-15 14:13:01,approved,False
TXN20240215001191,ACCT202601,MERCH300229,purchase,32.52,in_person,2024-02-15 00:38:07,approved,False
TXN20240215001192,ACCT203034,MERCH300187,purchase,133.23,web,2024-02-15 10:43:21,approved,False
TXN20240215001193,ACCT202507,MERCH300040,purchase,31.04,web,2024-02-15 03:01:41,approved,False
TXN20240215001194,ACCT201704,MERCH300082,purchase,43.44,mobile,2024-02-15 12:09:55,approved,False
TXN20240215001195,ACCT205243,MERCH300091,withdrawal,16.86,atm,2024-02-15 14:03:25,approved,False
TXN20240215001196,ACCT204727,MERCH300037,purchase,17.49,mobile,2024-02-15 17:50:25,approved,False
TXN20240215001197,ACCT200630,MERCH300201,withdrawal,33.84,web,2024-02-15 16:45:20,approved,False
TXN20240215001198,ACCT201005,MERCH300238,withdrawal,45.94,in_person,2024-02-15 20:17:07,approved,False
TXN20240215001199,ACCT205387,MERCH300063,purchase,56.89,in_person,2024-02-15 10:51:59,approved,True
TXN20240215001200,ACCT200443,MERCH300207,purchase,154.48,in_person,2024-02-15 01:07:05,approved,False
TXN20240215001201,ACCT203361,MERCH300011,purchase,13.5,in_person,2024-02-15 00:58:08,approved,False
TXN20240215001202,ACCT204989,MERCH300285,purchase,42.13,web,2024-02-15 14:19:28,approved,False
TXN20240215001203,ACCT203747,MERCH300281,transfer,8.08,web,2024-02-15 15:21:32,approved,False
TXN20240215001204,ACCT201977,MERCH300059,purchase,125.47,in_person,2024-02-15 01:29:16,approved,False
TXN20240215001205,ACCT204587,MERCH300142,purchase,19.87,atm,2024-02-15 03:51:55,approved,False
TXN20240215001206,ACCT203399,MERCH300232,purchase,43.29,atm,2024-02-15 23:59:16,approved,False
TXN20240215001207,ACCT204743,MERCH300123,purchase,33.19,web,2024-02-15 11:19:32,approved,False
TXN20240215001208,ACCT201471,MERCH300194,transfer,159.02,web,2024-02-15 10:25:58,approved,False
TXN20240215001209,ACCT202705,MERCH300098,purchase,36.61,atm,2024-02-15 13:45:11,approved,False
TXN20240215001210,ACCT202452,MERCH300220,purchase,7.08,in_person,2024-02-15 15:04:39,declined,False
TXN20240215001211,ACCT202871,MERCH300003,purchase,5.59,in_person,2024-02-15 11:32:59,approved,False
TXN20240215001212,ACCT203525,MERCH300169,transfer,65.52,in_person,2024-02-15 12:45:04,approved,False
TXN20240215001213,ACCT201976,MERCH300154,purchase,38.1,mobile,2024-02-15 05:56:44,approved,False
TXN20240215001214,ACCT203151,MERCH300141,purchase,13.35,atm,2024-02-15 22:38:00,approved,False
TXN20240215001215,ACCT203864,MERCH300297,purchase,22.75,in_person,2024-02-15 00:26:23,approved,True
TXN20240215001216,ACCT200455,MERCH300125,purchase,31.47,in_person,2024-02-15 00:14:28,approved,False
TXN20240215001217,ACCT203934,MERCH300187,transfer,45.55,web,2024-02-15 10:26:39,approved,False
TXN20240215001218,ACCT200123,MERCH300280,purchase,54.14,in_person,2024-02-15 22:17:11,approved,False
TXN20240215001219,ACCT205940,MERCH300296,purchase,9.34,in_person,2024-02-15 08:32:28,approved,False
TXN20240215001220,ACCT204782,MERCH300259,purchase,67.86,in_person,2024-02-15 13:04:37,approved,False
TXN20240215001221,ACCT203627,MERCH300085,deposit,26.8,in_person,2024-02-15 09:11:57,approved,False
TXN20240215001222,ACCT203403,MERCH300228,purchase,33.15,web,2024-02-15 04:12:02,approved,False
TXN20240215001223,ACCT204463,MERCH300032,purchase,61.19,atm,2024-02-15 11:38:58,approved,False
TXN20240215001224,ACCT205145,MERCH300045,purchase,72.62,in_person,2024-02-15 12:19:49,approved,False
TXN20240215001225,ACCT200755,MERCH300081,purchase,159.99,web,2024-02-15 13:20:44,approved,False
TXN20240215001226,ACCT205456,MERCH300157,purchase,56.24,mobile,2024-02-15 05:32:35,approved,False
TXN20240215001227,ACCT204136,MERCH300269,deposit,23.55,in_person,2024-02-15 09:46:08,approved,False
TXN20240215001228,ACCT204467,MERCH300016,purchase,85.66,web,2024-02-15 16:09:41,approved,False
TXN20240215001229,ACCT205125,MERCH300056,purchase,45.18,in_person,2024-02-15 00:58:11,approved,False
TXN20240215001230,ACCT202019,MERCH300254,transfer,18.46,in_person,2024-02-15 11:51:19,approved,False
TXN20240215001231,ACCT200040,MERCH300247,withdrawal,28.42,mobile,2024-02-15 23:10:09,approved,False
TXN20240215001232,ACCT205545,MERCH300103,transfer,64.31,mobile,2024-02-15 23:56:30,approved,False
TXN20240215001233,ACCT203926,MERCH300169,purchase,104.1,web,2024-02-15 00:33:40,approved,True
TXN20240215001234,ACCT202674,MERCH300009,purchase,88.33,in_person,2024-02-15 07:59:05,approved,False
TXN20240215001235,ACCT205067,MERCH300091,withdrawal,20.55,mobile,2024-02-15 23:05:49,approved,False
TXN20240215001236,ACCT201635,MERCH300234,purchase,14.07,in_person,2024-02-15 11:38:36,declined,False
TXN20240215001237,ACCT203249,MERCH300161,purchase,12.13,atm,2024-02-15 15:41:27,approved,False
TXN20240215001238,ACCT205927,MERCH300219,purchase,24.2,web,2024-02-15 00:05:38,approved,False
TXN20240215001239,ACCT206273,MERCH300273,purchase,45.96,in_person,2024-02-15 10:12:47,approved,False
TXN20240215001240,ACCT202883,MERCH300160,withdrawal,42.47,in_person,2024-02-15 02:02:13,approved,False
TXN20240215001241,ACCT204299,MERCH300182,purchase,114.6,atm,2024-02-15 09:48:08,approved,False
TXN20240215001242,ACCT205002,MERCH300084,purchase,17.41,in_person,2024-02-15 23:45:49,declined,False
TXN20240215001243,ACCT202360,MERCH300057,purchase,11.4,atm,2024-02-15 13:48:45,approved,False
TXN20240215001244,ACCT201417,MERCH300118,withdrawal,21.6,web,2024-02-15 05:41:44,approved,False
TXN20240215001245,ACCT200475,MERCH300297,purchase,20.98,in_person,2024-02-15 12:39:35,approved,False
TXN20240215001246,ACCT205151,MERCH300159,purchase,15.15,web,2024-02-15 21:28:12,approved,False
TXN20240215001247,ACCT200582,MERCH300106,purchase,16.8,mobile,2024-02-15 14:23:17,approved,False
TXN20240215001248,ACCT204808,MERCH300232,withdrawal,107.29,web,2024-02-15 17:03:54,approved,False
TXN20240215001249,ACCT201448,MERCH300179,transfer,50.74,atm,2024-02-15 23:49:10,approved,False
TXN20240215001250,ACCT200839,MERCH300127,deposit,9.91,web,2024-02-15 20:27:21,declined,False
TXN20240215001251,ACCT203691,MERCH300186,purchase,20.07,web,2024-02-15 03:01:43,approved,False
TXN20240215001252,ACCT200936,MERCH300008,purchase,12.85,web,2024-02-15 18:51:50,approved,False
TXN20240215001253,ACCT202904,MERCH300114,transfer,19.45,web,2024-02-15 12:11:24,approved,False
TXN20240215001254,ACCT202108,MERCH300172,transfer,11.48,web,2024-02-15 20:58:30,approved,False
TXN20240215001255,ACCT205672,MERCH300107,purchase,228.06,mobile,2024-02-15 19:25:18,approved,False
TXN20240215001256,ACCT204403,MERCH300180,transfer,79.25,mobile,2024-02-15 13:05:50,approved,False
TXN20240215001257,ACCT203415,MERCH300230,transfer,32.96,in_person,2024-02-15 23:38:20,approved,False
TXN20240215001258,ACCT201362,MERCH300038,purchase,10.31,web,2024-02-15 14:31:08,approved,False
TXN20240215001259,ACCT200284,MERCH300250,purchase,98.58,in_person,2024-02-15 23:12:49,approved,False
TXN20240215001260,ACCT201568,MERCH300048,purchase,51.27,in_person,2024-02-15 01:45:26,approved,False
TXN20240215001261,ACCT201639,MERCH300033,purchase,13.43,web,2024-02-15 02:11:57,approved,False
TXN20240215001262,ACCT202964,MERCH300102,purchase,66.85,atm,2024-02-15 18:14:08,approved,False
TXN20240215001263,ACCT202825,MERCH300295,purchase,30.94,atm,2024-02-15 19:07:47,approved,False
TXN20240215001264,ACCT203835,MERCH300035,purchase,12.5,web,2024-02-15 20:12:24,approved,False
TXN20240215001265,ACCT204595,MERCH300140,transfer,30.39,in_person,2024-02-15 18:24:32,approved,False
TXN20240215001266,ACCT204482,MERCH300195,transfer,55.32,atm,2024-02-15 19:34:31,approved,False
TXN20240215001267,ACCT200673,MERCH300059,transfer,9.32,in_person,2024-02-15 05:32:36,approved,False
TXN20240215001268,ACCT206225,MERCH300135,purchase,43.7,mobile,2024-02-15 00:17:47,approved,False
TXN20240215001269,ACCT202943,MERCH300157,withdrawal,213.98,web,2024-02-15 08:48:58,approved,False
TXN20240215001270,ACCT202964,MERCH300172,deposit,65.17,web,2024-02-15 06:34:28,approved,False
TXN20240215001271,ACCT200467,MERCH300280,withdrawal,74.67,web,2024-02-15 04:25:55,approved,False
TXN20240215001272,ACCT201893,MERCH300268,purchase,225.32,in_person,2024-02-15 07:09:57,declined,False
TXN20240215001273,ACCT200220,MERCH300160,purchase,22.21,web,2024-02-15 01:38:35,approved,False
TXN20240215001274,ACCT206415,MERCH300220,purchase,83.32,web,2024-02-15 10:55:07,approved,False
TXN20240215001275,ACCT200029,MERCH300043,transfer,70.08,mobile,2024-02-15 04:27:50,approved,False
TXN20240215001276,ACCT202839,MERCH300264,withdrawal,40.98,web,2024-02-15 12:47:23,approved,False
TXN20240215001277,ACCT200779,MERCH300273,purchase,10.39,web,2024-02-15 03:24:00,approved,False
TXN20240215001278,ACCT204543,MERCH300292,purchase,15.85,web,2024-02-15 19:39:57,approved,False
TXN20240215001279,ACCT203412,MERCH300205,purchase,142.81,mobile,2024-02-15 08:06:31,approved,False
TXN20240215001280,ACCT201427,MERCH300165,purchase,9.44,mobile,2024-02-15 04:41:12,approved,False
TXN20240215001281,ACCT205467,MERCH300183,purchase,28.35,mobile,2024-02-15 10:22:24,approved,False
TXN20240215001282,ACCT205241,MERCH300165,purchase,84.65,atm,2024-02-15 16:32:23,approved,False
TXN20240215001283,ACCT200390,MERCH300204,purchase,77.85,mobile,2024-02-15 20:44:20,approved,False
TXN20240215001284,ACCT201856,MERCH300188,deposit,17.53,mobile,2024-02-15 20:43:52,approved,False
TXN20240215001285,ACCT203144,MERCH300204,purchase,11.89,mobile,2024-02-15 11:05:10,approved,False
TXN20240215001286,ACCT205979,MERCH300108,withdrawal,17.86,mobile,2024-02-15 21:28:08,approved,False
TXN20240215001287,ACCT203259,MERCH300084,purchase,7.4,in_person,2024-02-15 04:28:47,approved,False
TXN20240215001288,ACCT200559,MERCH300279,purchase,9.11,atm,2024-02-15 18:40:50,approved,False
TXN20240215001289,ACCT202354,MERCH300241,deposit,456.05,in_person,2024-02-15 22:28:12,declined,False
TXN20240215001290,ACCT203929,MERCH300081,transfer,31.14,atm,2024-02-15 22:19:55,approved,False
TXN20240215001291,ACCT201865,MERCH300203,purchase,290.06,mobile,2024-02-15 17:16:12,approved,False
TXN20240215001292,ACCT204229,MERCH300145,purchase,60.85,in_person,2024-02-15 11:11:51,approved,False
TXN20240215001293,ACCT203321,MERCH300266,withdrawal,121.16,mobile,2024-02-15 14:53:32,approved,False
TXN20240215001294,ACCT200915,MERCH300129,withdrawal,16.57,in_person,2024-02-15 18:56:49,approved,False
TXN20240215001295,ACCT204496,MERCH300061,transfer,12.82,mobile,2024-02-15 01:53:00,approved,False
TXN20240215001296,ACCT201722,MERCH300290,purchase,14.5,in_person,2024-02-15 17:23:55,declined,False
TXN20240215001297,ACCT205983,MERCH300160,purchase,51.39,web,2024-02-15 03:04:59,approved,False
TXN20240215001298,ACCT204084,MERCH300033,purchase,26.34,mobile,2024-02-15 21:37:28,approved,False
TXN20240215001299,ACCT203682,MERCH300213,purchase,52.39,web,2024-02-15 13:03:13,approved,False
TXN20240215001300,ACCT205858,MERCH300012,transfer,70.53,mobile,2024-02-15 21:09:54,approved,False
TXN20240215001301,ACCT205292,MERCH300214,withdrawal,36.08,in_person,2024-02-15 13:52:21,approved,False
TXN20240215001302,ACCT205452,MERCH300267,transfer,18.3,in_person,2024-02-15 01:24:24,approved,False
TXN20240215001303,ACCT200951,MERCH300234,purchase,15.36,in_person,2024-02-15 17:53:03,approved,False
TXN20240215001304,ACCT202342,MERCH300140,purchase,38.25,in_person,2024-02-15 21:37:05,approved,False
TXN20240215001305,ACCT202883,MERCH300098,purchase,104.39,in_person,2024-02-15 23:31:10,approved,False
TXN20240215001306,ACCT203212,MERCH300289,transfer,68.02,mobile,2024-02-15 17:35:36,approved,False
TXN20240215001307,ACCT205887,MERCH300291,purchase,24.97,in_person,2024-02-15 21:29:07,approved,False
TXN20240215001308,ACCT203297,MERCH300113,purchase,196.92,web,2024-02-15 15:08:34,approved,False
TXN20240215001309,ACCT200774,MERCH300275,purchase,65.48,in_person,2024-02-15 08:04:25,approved,False
TXN20240215001310,ACCT200160,MERCH300232,purchase,21.19,web,2024-02-15 00:16:43,approved,False
TXN20240215001311,ACCT204890,MERCH300020,purchase,85.08,web,2024-02-15 13:32:56,approved,False
TXN20240215001312,ACCT204527,MERCH300003,purchase,73.97,in_person,2024-02-15 22:29:21,approved,False
TXN20240215001313,ACCT201658,MERCH300065,purchase,22.58,web,2024-02-15 14:12:49,approved,False
TXN20240215001314,ACCT203791,MERCH300139,purchase,55.07,in_person,2024-02-15 05:17:04,approved,False
TXN20240215001315,ACCT201272,MERCH300122,transfer,149.73,in_person,2024-02-15 18:11:32,approved,False
TXN20240215001316,ACCT203600,MERCH300058,purchase,94.29,atm,2024-02-15 23:42:11,approved,False
TXN20240215001317,ACCT202114,MERCH300058,transfer,154.16,web,2024-02-15 03:02:43,approved,False
TXN20240215001318,ACCT203204,MERCH300052,purchase,1019.67,in_person,2024-02-15 11:52:40,approved,False
TXN20240215001319,ACCT204325,MERCH300127,transfer,96.3,in_person,2024-02-15 22:03:26,approved,False
TXN20240215001320,ACCT202070,MERCH300127,transfer,6.67,web,2024-02-15 01:09:10,approved,False
TXN20240215001321,ACCT205119,MERCH300016,purchase,32.73,in_person,2024-02-15 19:07:08,approved,False
TXN20240215001322,ACCT202258,MERCH300215,purchase,79.84,in_person,2024-02-15 12:15:47,approved,False
TXN20240215001323,ACCT201542,MERCH300126,withdrawal,16.33,atm,2024-02-15 07:36:31,approved,False
TXN20240215001324,ACCT205517,MERCH300230,purchase,203.01,in_person,2024-02-15 21:26:57,approved,False
TXN20240215001325,ACCT204464,MERCH300271,purchase,74.23,in_person,2024-02-15 05:15:42,approved,False
TXN20240215001326,ACCT201474,MERCH300048,purchase,13.87,atm,2024-02-15 19:30:34,approved,False
TXN20240215001327,ACCT203432,MERCH300150,purchase,11.76,in_person,2024-02-15 18:03:23,approved,False
TXN20240215001328,ACCT205609,MERCH300066,purchase,22.4,in_person,2024-02-15 03:44:11,approved,False
TXN20240215001329,ACCT204751,MERCH300181,transfer,62.24,web,2024-02-15 19:51:09,approved,False
TXN20240215001330,ACCT202722,MERCH300155,purchase,28.59,mobile,2024-02-15 23:10:50,approved,False
TXN20240215001331,ACCT202054,MERCH300164,deposit,24.54,mobile,2024-02-15 05:56:41,declined,False
TXN20240215001332,ACCT205625,MERCH300105,purchase,18.74,web,2024-02-15 13:41:00,reversed,False
TXN20240215001333,ACCT204334,MERCH300095,deposit,11.84,web,2024-02-15 06:12:19,approved,False
TXN20240215001334,ACCT203261,MERCH300091,withdrawal,107.67,in_person,2024-02-15 11:04:35,approved,False
TXN20240215001335,ACCT204873,MERCH300134,transfer,126.65,web,2024-02-15 03:24:08,approved,False
TXN20240215001336,ACCT203182,MERCH300231,transfer,56.82,web,2024-02-15 05:44:27,approved,False
TXN20240215001337,ACCT201834,MERCH300085,purchase,7.65,mobile,2024-02-15 16:34:32,approved,False
TXN20240215001338,ACCT202422,MERCH300116,purchase,309.59,mobile,2024-02-15 06:12:37,approved,False
TXN20240215001339,ACCT204933,MERCH300003,purchase,27.93,web,2024-02-15 00:25:53,approved,False
TXN20240215001340,ACCT201424,MERCH300189,purchase,11.61,web,2024-02-15 23:55:18,approved,False
TXN20240215001341,ACCT202011,MERCH300160,purchase,75.46,web,2024-02-15 06:24:03,approved,False
TXN20240215001342,ACCT203773,MERCH300142,transfer,45.76,in_person,2024-02-15 02:27:24,approved,False
TXN20240215001343,ACCT201812,MERCH300048,transfer,56.32,in_person,2024-02-15 22:06:26,approved,False
TXN20240215001344,ACCT203033,MERCH300009,transfer,19.35,in_person,2024-02-15 22:29:26,approved,False
TXN20240215001345,ACCT202942,MERCH300040,withdrawal,98.86,in_person,2024-02-15 11:37:34,approved,False
TXN20240215001346,ACCT204759,MERCH300191,purchase,406.31,in_person,2024-02-15 13:37:49,approved,False
TXN20240215001347,ACCT200570,MERCH300298,withdrawal,55.63,web,2024-02-15 19:16:50,approved,False
TXN20240215001348,ACCT204960,MERCH300237,purchase,5.3,web,2024-02-15 09:41:21,approved,False
TXN20240215001349,ACCT201391,MERCH300213,transfer,25.62,web,2024-02-15 20:44:57,approved,False
TXN20240215001350,ACCT205460,MERCH300212,withdrawal,140.73,mobile,2024-02-15 00:55:29,approved,False
TXN20240215001351,ACCT205614,MERCH300173,purchase,213.43,in_person,2024-02-15 02:45:58,approved,False
TXN20240215001352,ACCT202945,MERCH300266,transfer,25.38,in_person,2024-02-15 21:05:36,approved,False
TXN20240215001353,ACCT204531,MERCH300101,transfer,22.56,in_person,2024-02-15 22:43:01,approved,False
TXN20240215001354,ACCT200743,MERCH300260,purchase,149.92,in_person,2024-02-15 06:44:40,approved,False
TXN20240215001355,ACCT203563,MERCH300293,purchase,25.12,web,2024-02-15 01:52:23,approved,False
TXN20240215001356,ACCT204978,MERCH300051,transfer,35.83,in_person,2024-02-15 09:43:39,approved,False
TXN20240215001357,ACCT206059,MERCH300166,deposit,73.2,web,2024-02-15 17:52:07,approved,False
TXN20240215001358,ACCT203930,MERCH300146,purchase,158.9,mobile,2024-02-15 07:57:47,approved,False
TXN20240215001359,ACCT200989,MERCH300162,transfer,30.03,mobile,2024-02-15 08:05:01,approved,False
TXN20240215001360,ACCT202228,MERCH300258,purchase,61.78,in_person,2024-02-15 10:22:20,approved,False
TXN20240215001361,ACCT204100,MERCH300036,purchase,178.44,in_person,2024-02-15 11:53:21,approved,False
TXN20240215001362,ACCT203762,MERCH300020,transfer,398.66,mobile,2024-02-15 12:50:30,declined,False
TXN20240215001363,ACCT204155,MERCH300166,deposit,156.96,in_person,2024-02-15 13:34:44,approved,False
TXN20240215001364,ACCT204677,MERCH300248,purchase,37.54,in_person,2024-02-15 04:28:52,approved,False
TXN20240215001365,ACCT200441,MERCH300119,purchase,62.47,web,2024-02-15 21:05:16,approved,False
TXN20240215001366,ACCT201129,MERCH300165,purchase,39.05,in_person,2024-02-15 07:19:04,approved,False
TXN20240215001367,ACCT205953,MERCH300102,deposit,56.37,web,2024-02-15 14:44:53,approved,False
TXN20240215001368,ACCT202041,MERCH300257,purchase,233.84,in_person,2024-02-15 00:32:11,approved,False
TXN20240215001369,ACCT200313,MERCH300147,purchase,33.95,web,2024-02-15 00:16:42,approved,False
TXN20240215001370,ACCT205618,MERCH300195,purchase,20.63,in_person,2024-02-15 10:14:54,approved,False
TXN20240215001371,ACCT202264,MERCH300031,purchase,78.09,mobile,2024-02-15 07:18:34,approved,False
TXN20240215001372,ACCT204098,MERCH300214,purchase,95.48,atm,2024-02-15 04:56:49,declined,False
TXN20240215001373,ACCT204771,MERCH300229,purchase,9.43,in_person,2024-02-15 02:15:10,approved,False
TXN20240215001374,ACCT206031,MERCH300031,purchase,23.52,web,2024-02-15 01:51:42,reversed,False
TXN20240215001375,ACCT201512,MERCH300163,purchase,68.92,atm,2024-02-15 19:41:10,approved,False
TXN20240215001376,ACCT202093,MERCH300245,purchase,20.69,mobile,2024-02-15 21:30:41,approved,False
TXN20240215001377,ACCT204221,MERCH300166,deposit,30.11,in_person,2024-02-15 11:28:43,approved,False
TXN20240215001378,ACCT203274,MERCH300155,purchase,27.78,web,2024-02-15 09:16:58,approved,False
TXN20240215001379,ACCT206052,MERCH300276,purchase,25.21,web,2024-02-15 01:15:15,approved,False
TXN20240215001380,ACCT200942,MERCH300045,purchase,88.17,in_person,2024-02-15 16:03:20,approved,False
TXN20240215001381,ACCT202994,MERCH300142,withdrawal,30.27,web,2024-02-15 09:55:38,approved,False
TXN20240215001382,ACCT204372,MERCH300186,purchase,153.13,web,2024-02-15 12:01:14,approved,False
TXN20240215001383,ACCT201533,MERCH300124,transfer,21.1,web,2024-02-15 03:48:38,approved,False
TXN20240215001384,ACCT204206,MERCH300224,purchase,70.41,in_person,2024-02-15 15:59:51,approved,False
TXN20240215001385,ACCT203700,MERCH300000,purchase,189.39,web,2024-02-15 03:21:39,approved,False
TXN20240215001386,ACCT205544,MERCH300288,purchase,77.79,in_person,2024-02-15 15:36:23,approved,False
TXN20240215001387,ACCT201101,MERCH300039,purchase,64.93,web,2024-02-15 11:49:25,approved,False
TXN20240215001388,ACCT201701,MERCH300290,purchase,47.49,mobile,2024-02-15 15:17:56,approved,False
TXN20240215001389,ACCT206433,MERCH300014,purchase,8.46,atm,2024-02-15 04:06:14,approved,False
TXN20240215001390,ACCT200988,MERCH300067,transfer,8.98,atm,2024-02-15 11:25:35,approved,False
TXN20240215001391,ACCT202480,MERCH300131,withdrawal,19.38,in_person,2024-02-15 11:38:28,approved,False
TXN20240215001392,ACCT205900,MERCH300201,deposit,14.98,in_person,2024-02-15 21:52:26,approved,False
TXN20240215001393,ACCT201865,MERCH300097,purchase,278.47,web,2024-02-15 09:38:24,approved,False
TXN20240215001394,ACCT204766,MERCH300184,purchase,62.81,mobile,2024-02-15 10:17:09,approved,False
TXN20240215001395,ACCT202769,MERCH300160,withdrawal,21.35,in_person,2024-02-15 07:36:44,approved,False
TXN20240215001396,ACCT203029,MERCH300134,purchase,39.62,mobile,2024-02-15 06:23:47,approved,False
TXN20240215001397,ACCT204510,MERCH300292,purchase,26.09,mobile,2024-02-15 21:43:46,declined,False
TXN20240215001398,ACCT201713,MERCH300023,purchase,14.9,mobile,2024-02-15 11:45:48,approved,False
TXN20240215001399,ACCT204870,MERCH300071,purchase,20.07,mobile,2024-02-15 08:14:32,approved,False
TXN20240215001400,ACCT200412,MERCH300107,purchase,94.85,mobile,2024-02-15 03:29:57,approved,False
TXN20240215001401,ACCT200346,MERCH300026,deposit,10.35,web,2024-02-15 23:12:50,approved,False
TXN20240215001402,ACCT205598,MERCH300214,purchase,143.81,in_person,2024-02-15 20:44:13,approved,False
TXN20240215001403,ACCT203543,MERCH300058,purchase,29.67,atm,2024-02-15 20:13:38,approved,False
TXN20240215001404,ACCT202418,MERCH300165,transfer,81.82,in_person,2024-02-15 06:48:39,approved,False
TXN20240215001405,ACCT203981,MERCH300122,withdrawal,37.24,mobile,2024-02-15 10:15:52,approved,False
TXN20240215001406,ACCT204174,MERCH300096,purchase,28.02,in_person,2024-02-15 19:12:33,approved,False
TXN20240215001407,ACCT206349,MERCH300166,purchase,95.34,mobile,2024-02-15 01:22:17,approved,False
TXN20240215001408,ACCT204808,MERCH300007,purchase,43.9,in_person,2024-02-15 14:46:52,approved,False
TXN20240215001409,ACCT205456,MERCH300200,purchase,50.49,in_person,2024-02-15 03:13:09,approved,False
TXN20240215001410,ACCT202407,MERCH300167,purchase,8.15,in_person,2024-02-15 21:26:09,approved,False
TXN20240215001411,ACCT203308,MERCH300289,withdrawal,20.52,atm,2024-02-15 13:35:33,approved,False
TXN20240215001412,ACCT200697,MERCH300258,withdrawal,69.74,atm,2024-02-15 01:27:26,declined,False
TXN20240215001413,ACCT205333,MERCH300018,transfer,13.32,mobile,2024-02-15 07:07:51,approved,False
TXN20240215001414,ACCT202574,MERCH300260,withdrawal,12.63,atm,2024-02-15 07:29:56,approved,False
TXN20240215001415,ACCT200355,MERCH300293,purchase,27.84,atm,2024-02-15 04:45:48,approved,False
TXN20240215001416,ACCT205601,MERCH300147,purchase,17.79,in_person,2024-02-15 18:38:42,approved,False
TXN20240215001417,ACCT203586,MERCH300049,purchase,30.3,in_person,2024-02-15 07:00:56,approved,False
TXN20240215001418,ACCT202988,MERCH300052,deposit,26.85,in_person,2024-02-15 09:16:47,approved,False
TXN20240215001419,ACCT205340,MERCH300208,transfer,315.97,mobile,2024-02-15 17:19:11,approved,False
TXN20240215001420,ACCT205579,MERCH300238,purchase,17.15,mobile,2024-02-15 19:41:52,approved,False
TXN20240215001421,ACCT204981,MERCH300059,deposit,112.2,mobile,2024-02-15 07:22:16,approved,False
TXN20240215001422,ACCT202376,MERCH300181,purchase,25.4,in_person,2024-02-15 20:12:14,declined,False
TXN20240215001423,ACCT203474,MERCH300124,transfer,160.87,in_person,2024-02-15 20:56:01,approved,True
TXN20240215001424,ACCT205246,MERCH300076,purchase,126.51,in_person,2024-02-15 12:25:11,approved,False
TXN20240215001425,ACCT206107,MERCH300291,purchase,35.49,in_person,2024-02-15 00:42:53,approved,False
TXN20240215001426,ACCT201269,MERCH300174,transfer,28.21,in_person,2024-02-15 04:29:12,declined,False
TXN20240215001427,ACCT205900,MERCH300054,purchase,79.56,in_person,2024-02-15 07:29:46,approved,False
TXN20240215001428,ACCT203204,MERCH300048,purchase,198.13,in_person,2024-02-15 20:56:09,approved,False
TXN20240215001429,ACCT206268,MERCH300271,purchase,14.48,web,2024-02-15 12:28:44,approved,False
TXN20240215001430,ACCT203312,MERCH300039,purchase,94.95,in_person,2024-02-15 22:52:13,approved,False
TXN20240215001431,ACCT203660,MERCH300180,purchase,59.47,in_person,2024-02-15 14:50:12,approved,False
TXN20240215001432,ACCT202739,MERCH300232,deposit,97.58,mobile,2024-02-15 19:03:23,approved,False
TXN20240215001433,ACCT204804,MERCH300093,withdrawal,168.49,in_person,2024-02-15 12:19:28,declined,False
TXN20240215001434,ACCT201449,MERCH300028,purchase,30.04,web,2024-02-15 04:57:27,approved,False
TXN20240215001435,ACCT201139,MERCH300043,purchase,54.29,web,2024-02-15 04:53:16,approved,False
TXN20240215001436,ACCT203071,MERCH300245,purchase,45.43,mobile,2024-02-15 07:40:36,approved,False
TXN20240215001437,ACCT205240,MERCH300109,transfer,15.72,mobile,2024-02-15 09:17:16,approved,False
TXN20240215001438,ACCT200119,MERCH300049,withdrawal,106.6,mobile,2024-02-15 10:35:11,approved,False
TXN20240215001439,ACCT202169,MERCH300132,transfer,129.63,mobile,2024-02-15 00:13:41,approved,False
TXN20240215001440,ACCT203883,MERCH300217,purchase,67.03,web,2024-02-15 05:30:23,approved,False
TXN20240215001441,ACCT200530,MERCH300167,transfer,219.18,web,2024-02-15 04:53:29,approved,True
TXN20240215001442,ACCT200479,MERCH300095,transfer,45.87,mobile,2024-02-15 17:36:48,approved,False
TXN20240215001443,ACCT206035,MERCH300049,purchase,123.39,mobile,2024-02-15 14:48:53,approved,False
TXN20240215001444,ACCT203719,MERCH300095,purchase,83.32,in_person,2024-02-15 20:29:46,approved,False
TXN20240215001445,ACCT200178,MERCH300234,transfer,8.92,atm,2024-02-15 02:44:29,approved,False
TXN20240215001446,ACCT206035,MERCH300181,purchase,91.44,mobile,2024-02-15 15:02:59,approved,False
TXN20240215001447,ACCT206141,MERCH300015,purchase,18.64,web,2024-02-15 00:33:59,approved,False
TXN20240215001448,ACCT200599,MERCH300009,purchase,25.17,in_person,2024-02-15 16:41:09,approved,False
TXN20240215001449,ACCT206325,MERCH300173,transfer,31.14,mobile,2024-02-15 14:58:59,approved,False
TXN20240215001450,ACCT205789,MERCH300264,purchase,54.71,web,2024-02-15 18:33:47,approved,False
TXN20240215001451,ACCT202142,MERCH300096,deposit,44.55,mobile,2024-02-15 04:14:53,approved,False
TXN20240215001452,ACCT200725,MERCH300067,purchase,30.51,web,2024-02-15 16:30:00,approved,False
TXN20240215001453,ACCT205535,MERCH300165,purchase,174.78,in_person,2024-02-15 12:25:38,approved,False
TXN20240215001454,ACCT201261,MERCH300083,purchase,36.22,mobile,2024-02-15 03:44:54,approved,False
TXN20240215001455,ACCT205598,MERCH300038,withdrawal,413.51,mobile,2024-02-15 08:47:11,approved,False
TXN20240215001456,ACCT201378,MERCH300066,purchase,55.18,web,2024-02-15 03:31:37,approved,False
TXN20240215001457,ACCT201873,MERCH300230,purchase,12.05,web,2024-02-15 02:17:34,approved,False
TXN20240215001458,ACCT205490,MERCH300001,transfer,12.64,mobile,2024-02-15 09:07:32,approved,False
TXN20240215001459,ACCT206238,MERCH300142,transfer,8.34,in_person,2024-02-15 22:39:15,approved,False
TXN20240215001460,ACCT202319,MERCH300084,deposit,34.36,mobile,2024-02-15 12:19:17,approved,False
TXN20240215001461,ACCT201537,MERCH300047,purchase,35.44,in_person,2024-02-15 12:42:10,approved,False
TXN20240215001462,ACCT200437,MERCH300090,purchase,12.15,mobile,2024-02-15 23:08:29,approved,False
TXN20240215001463,ACCT201836,MERCH300129,purchase,44.14,in_person,2024-02-15 07:52:39,approved,False
TXN20240215001464,ACCT204543,MERCH300044,purchase,19.19,web,2024-02-15 10:38:48,approved,False
TXN20240215001465,ACCT201222,MERCH300160,purchase,37.26,mobile,2024-02-15 14:12:06,reversed,False
TXN20240215001466,ACCT200594,MERCH300260,purchase,18.1,web,2024-02-15 19:59:39,approved,False
TXN20240215001467,ACCT205489,MERCH300191,purchase,99.17,web,2024-02-15 18:14:44,approved,False
TXN20240215001468,ACCT200497,MERCH300162,purchase,15.09,in_person,2024-02-15 04:26:45,approved,False
TXN20240215001469,ACCT204104,MERCH300041,transfer,16.07,in_person,2024-02-15 07:35:28,approved,False
TXN20240215001470,ACCT205871,MERCH300218,purchase,64.95,atm,2024-02-15 14:25:25,approved,False
TXN20240215001471,ACCT202812,MERCH300084,purchase,55.62,mobile,2024-02-15 06:51:57,approved,False
TXN20240215001472,ACCT205063,MERCH300088,purchase,31.04,in_person,2024-02-15 10:19:15,approved,False
TXN20240215001473,ACCT204817,MERCH300261,deposit,84.85,in_person,2024-02-15 05:33:22,approved,False
TXN20240215001474,ACCT201924,MERCH300008,deposit,30.19,mobile,2024-02-15 06:37:39,approved,False
TXN20240215001475,ACCT201947,MERCH300297,purchase,19.23,in_person,2024-02-15 05:03:03,approved,False
TXN20240215001476,ACCT201977,MERCH300095,withdrawal,107.09,in_person,2024-02-15 19:41:15,approved,False
TXN20240215001477,ACCT205101,MERCH300235,transfer,60.51,mobile,2024-02-15 04:52:54,approved,False
TXN20240215001478,ACCT204439,MERCH300007,purchase,15.42,web,2024-02-15 05:00:22,approved,False
TXN20240215001479,ACCT206378,MERCH300008,transfer,27.4,web,2024-02-15 07:24:56,approved,False
TXN20240215001480,ACCT205658,MERCH300141,purchase,38.21,in_person,2024-02-15 18:54:14,approved,False
TXN20240215001481,ACCT206102,MERCH300096,purchase,24.75,in_person,2024-02-15 05:58:28,approved,False
TXN20240215001482,ACCT203356,MERCH300113,purchase,87.62,web,2024-02-15 15:26:56,approved,False
TXN20240215001483,ACCT200388,MERCH300142,purchase,5.55,in_person,2024-02-15 01:27:46,approved,False
TXN20240215001484,ACCT201782,MERCH300031,purchase,99.72,mobile,2024-02-15 02:13:47,approved,False
TXN20240215001485,ACCT205713,MERCH300161,purchase,23.74,web,2024-02-15 22:47:44,approved,False
TXN20240215001486,ACCT203139,MERCH300187,purchase,20.23,mobile,2024-02-15 01:19:42,approved,False
TXN20240215001487,ACCT205747,MERCH300201,transfer,22.91,mobile,2024-02-15 12:53:59,approved,False
TXN20240215001488,ACCT203948,MERCH300197,withdrawal,27.25,web,2024-02-15 04:29:12,approved,False
TXN20240215001489,ACCT206391,MERCH300059,purchase,62.67,in_person,2024-02-15 05:10:38,approved,False
TXN20240215001490,ACCT200529,MERCH300271,deposit,149.81,web,2024-02-15 06:09:42,approved,True
TXN20240215001491,ACCT203027,MERCH300112,transfer,13.52,in_person,2024-02-15 09:56:29,approved,False
TXN20240215001492,ACCT203269,MERCH300125,purchase,65.29,in_person,2024-02-15 14:18:58,approved,False
TXN20240215001493,ACCT201129,MERCH300030,transfer,13.72,in_person,2024-02-15 04:03:42,approved,False
TXN20240215001494,ACCT202994,MERCH300265,purchase,67.55,web,2024-02-15 09:28:10,approved,False
TXN20240215001495,ACCT200402,MERCH300020,deposit,25.97,in_person,2024-02-15 12:10:42,approved,False
TXN20240215001496,ACCT203920,MERCH300105,transfer,35.1,mobile,2024-02-15 05:14:18,approved,False
TXN20240215001497,ACCT200765,MERCH300198,withdrawal,22.9,web,2024-02-15 01:01:04,approved,False
TXN20240215001498,ACCT205328,MERCH300295,transfer,36.25,in_person,2024-02-15 14:57:14,approved,False
TXN20240215001499,ACCT201682,MERCH300005,transfer,31.24,web,2024-02-15 17:54:22,approved,False
TXN20240215001500,ACCT201105,MERCH300269,deposit,58.03,in_person,2024-02-15 12:45:47,approved,False
TXN20240215001501,ACCT200448,MERCH300177,purchase,32.99,web,2024-02-15 19:28:28,approved,False
TXN20240215001502,ACCT206049,MERCH300187,purchase,80.68,web,2024-02-15 01:27:46,approved,False
TXN20240215001503,ACCT200203,MERCH300199,purchase,44.44,in_person,2024-02-15 09:31:19,approved,False
TXN20240215001504,ACCT200900,MERCH300031,purchase,52.54,in_person,2024-02-15 02:26:28,approved,False
TXN20240215001505,ACCT202907,MERCH300161,purchase,26.27,web,2024-02-15 02:17:15,approved,False
TXN20240215001506,ACCT200386,MERCH300169,purchase,4.5,mobile,2024-02-15 05:25:52,approved,False
TXN20240215001507,ACCT201356,MERCH300213,purchase,29.21,web,2024-02-15 08:50:05,approved,False
TXN20240215001508,ACCT201138,MERCH300075,transfer,25.35,in_person,2024-02-15 13:19:07,approved,False
TXN20240215001509,ACCT206349,MERCH300047,deposit,18.18,web,2024-02-15 15:22:09,approved,False
TXN20240215001510,ACCT206146,MERCH300192,purchase,129.95,in_person,2024-02-15 20:36:49,approved,False
TXN20240215001511,ACCT204554,MERCH300042,purchase,81.58,in_person,2024-02-15 09:59:37,approved,False
TXN20240215001512,ACCT200469,MERCH300059,purchase,21.21,in_person,2024-02-15 04:58:18,approved,False
TXN20240215001513,ACCT206329,MERCH300000,transfer,39.21,mobile,2024-02-15 08:09:27,approved,False
TXN20240215001514,ACCT203642,MERCH300159,purchase,38.13,in_person,2024-02-15 01:53:03,approved,False
TXN20240215001515,ACCT204929,MERCH300281,transfer,57.56,atm,2024-02-15 11:31:06,approved,False
TXN20240215001516,ACCT203945,MERCH300248,purchase,76.83,mobile,2024-02-15 06:32:49,approved,False
TXN20240215001517,ACCT206220,MERCH300052,withdrawal,88.43,atm,2024-02-15 00:28:46,approved,False
TXN20240215001518,ACCT205671,MERCH300133,transfer,28.68,in_person,2024-02-15 06:31:11,approved,False
TXN20240215001519,ACCT200656,MERCH300251,purchase,13.37,web,2024-02-15 10:42:19,approved,False
TXN20240215001520,ACCT201172,MERCH300019,withdrawal,21.91,mobile,2024-02-15 02:56:22,approved,False
TXN20240215001521,ACCT202239,MERCH300254,purchase,42.52,web,2024-02-15 19:07:38,approved,False
TXN20240215001522,ACCT205009,MERCH300260,purchase,72.89,in_person,2024-02-15 10:45:43,approved,False
TXN20240215001523,ACCT206162,MERCH300229,purchase,32.77,mobile,2024-02-15 07:39:27,declined,False
TXN20240215001524,ACCT202732,MERCH300239,purchase,42.52,mobile,2024-02-15 02:27:07,approved,False
TXN20240215001525,ACCT200566,MERCH300185,purchase,158.63,mobile,2024-02-15 04:32:49,approved,False
TXN20240215001526,ACCT202048,MERCH300182,transfer,105.28,web,2024-02-15 08:12:12,approved,False
TXN20240215001527,ACCT204601,MERCH300293,purchase,54.72,web,2024-02-15 02:02:23,approved,False
TXN20240215001528,ACCT201751,MERCH300221,purchase,39.42,in_person,2024-02-15 10:12:56,approved,False
TXN20240215001529,ACCT206154,MERCH300235,purchase,80.44,web,2024-02-15 06:11:21,approved,False
TXN20240215001530,ACCT203182,MERCH300190,purchase,37.89,in_person,2024-02-15 05:28:51,approved,False
TXN20240215001531,ACCT203666,MERCH300135,purchase,9.76,in_person,2024-02-15 14:48:43,approved,False
TXN20240215001532,ACCT200356,MERCH300045,purchase,49.25,mobile,2024-02-15 15:44:55,approved,False
TXN20240215001533,ACCT200427,MERCH300025,purchase,51.89,atm,2024-02-15 22:55:41,declined,False
TXN20240215001534,ACCT204299,MERCH300084,purchase,68.83,mobile,2024-02-15 14:51:38,approved,False
TXN20240215001535,ACCT205387,MERCH300287,purchase,8.87,in_person,2024-02-15 00:16:48,approved,False
TXN20240215001536,ACCT204212,MERCH300271,purchase,102.14,mobile,2024-02-15 02:32:01,approved,False
TXN20240215001537,ACCT200753,MERCH300137,deposit,41.68,mobile,2024-02-15 04:17:49,approved,False
TXN20240215001538,ACCT202433,MERCH300282,transfer,19.07,in_person,2024-02-15 11:42:40,approved,False
TXN20240215001539,ACCT200129,MERCH300148,purchase,176.62,in_person,2024-02-15 19:39:10,approved,False
TXN20240215001540,ACCT202422,MERCH300073,purchase,102.96,mobile,2024-02-15 12:03:07,approved,False
TXN20240215001541,ACCT205329,MERCH300012,purchase,52.28,web,2024-02-15 22:36:57,approved,False
TXN20240215001542,ACCT203182,MERCH300277,purchase,39.72,mobile,2024-02-15 19:05:26,approved,False
TXN20240215001543,ACCT205717,MERCH300165,transfer,64.19,mobile,2024-02-15 07:37:55,approved,False
TXN20240215001544,ACCT205654,MERCH300125,purchase,46.73,in_person,2024-02-15 03:59:18,declined,False
TXN20240215001545,ACCT202231,MERCH300233,transfer,110.55,in_person,2024-02-15 09:35:56,approved,False
TXN20240215001546,ACCT201110,MERCH300035,purchase,12.05,mobile,2024-02-15 00:32:21,approved,False
TXN20240215001547,ACCT205721,MERCH300293,purchase,25.8,web,2024-02-15 19:30:21,reversed,False
TXN20240215001548,ACCT202409,MERCH300083,purchase,112.58,atm,2024-02-15 19:32:49,approved,False
TXN20240215001549,ACCT205828,MERCH300146,purchase,6.77,mobile,2024-02-15 05:52:07,approved,False
TXN20240215001550,ACCT203330,MERCH300109,purchase,82.17,web,2024-02-15 02:58:35,declined,True
TXN20240215001551,ACCT201810,MERCH300068,purchase,16.45,web,2024-02-15 12:06:01,approved,False
TXN20240215001552,ACCT205147,MERCH300099,purchase,8.46,web,2024-02-15 02:53:34,approved,False
TXN20240215001553,ACCT203555,MERCH300134,purchase,10.81,web,2024-02-15 14:21:33,approved,False
TXN20240215001554,ACCT200378,MERCH300298,purchase,16.93,in_person,2024-02-15 21:27:04,approved,False
TXN20240215001555,ACCT200624,MERCH300077,purchase,107.69,mobile,2024-02-15 01:21:43,declined,False
TXN20240215001556,ACCT200778,MERCH300275,purchase,5.65,mobile,2024-02-15 20:03:53,approved,False
TXN20240215001557,ACCT205664,MERCH300076,purchase,54.54,web,2024-02-15 19:53:59,approved,False
TXN20240215001558,ACCT200689,MERCH300000,transfer,171.94,in_person,2024-02-15 06:56:35,approved,False
TXN20240215001559,ACCT200079,MERCH300056,purchase,5.69,in_person,2024-02-15 19:40:54,approved,False
TXN20240215001560,ACCT205650,MERCH300039,withdrawal,74.25,web,2024-02-15 11:32:59,approved,False
TXN20240215001561,ACCT204657,MERCH300245,purchase,103.7,web,2024-02-15 15:46:07,approved,False
TXN20240215001562,ACCT202183,MERCH300101,purchase,191.71,in_person,2024-02-15 03:37:28,approved,False
TXN20240215001563,ACCT203183,MERCH300295,deposit,32.1,in_person,2024-02-15 14:05:01,approved,False
TXN20240215001564,ACCT204293,MERCH300038,withdrawal,14.71,in_person,2024-02-15 22:27:11,approved,False
TXN20240215001565,ACCT205876,MERCH300265,deposit,56.91,mobile,2024-02-15 21:43:31,approved,False
TXN20240215001566,ACCT205479,MERCH300162,withdrawal,210.32,mobile,2024-02-15 01:09:56,approved,False
TXN20240215001567,ACCT202586,MERCH300167,purchase,13.76,atm,2024-02-15 20:17:38,approved,False
TXN20240215001568,ACCT200681,MERCH300152,purchase,13.73,in_person,2024-02-15 14:56:49,approved,False
TXN20240215001569,ACCT205596,MERCH300151,withdrawal,18.45,web,2024-02-15 03:26:07,approved,False
TXN20240215001570,ACCT206021,MERCH300291,deposit,17.36,web,2024-02-15 06:44:40,approved,False
TXN20240215001571,ACCT204720,MERCH300098,withdrawal,22.21,atm,2024-02-15 11:18:18,approved,False
TXN20240215001572,ACCT200257,MERCH300136,purchase,10.22,atm,2024-02-15 23:27:02,approved,False
TXN20240215001573,ACCT204897,MERCH300029,purchase,14.96,in_person,2024-02-15 03:04:03,approved,False
TXN20240215001574,ACCT202107,MERCH300081,purchase,33.08,mobile,2024-02-15 23:15:39,approved,False
TXN20240215001575,ACCT204309,MERCH300159,deposit,47.1,mobile,2024-02-15 21:03:38,approved,False
TXN20240215001576,ACCT200596,MERCH300208,purchase,55.22,web,2024-02-15 12:18:21,declined,True
TXN20240215001577,ACCT206183,MERCH300255,purchase,17.22,in_person,2024-02-15 09:40:01,approved,False
TXN20240215001578,ACCT202238,MERCH300071,deposit,28.09,in_person,2024-02-15 11:36:39,approved,False
TXN20240215001579,ACCT204556,MERCH300185,purchase,224.97,atm,2024-02-15 04:28:44,approved,False
TXN20240215001580,ACCT202765,MERCH300145,purchase,46.37,mobile,2024-02-15 21:16:29,approved,False
TXN20240215001581,ACCT200223,MERCH300197,transfer,29.03,in_person,2024-02-15 04:57:10,approved,False
TXN20240215001582,ACCT205112,MERCH300031,purchase,102.43,in_person,2024-02-15 16:50:26,approved,False
TXN20240215001583,ACCT206104,MERCH300223,purchase,34.4,web,2024-02-15 04:31:07,approved,False
TXN20240215001584,ACCT203668,MERCH300157,purchase,40.12,in_person,2024-02-15 03:57:34,approved,False
TXN20240215001585,ACCT201434,MERCH300296,purchase,20.08,in_person,2024-02-15 04:42:17,approved,False
TXN20240215001586,ACCT200258,MERCH300112,deposit,20.22,web,2024-02-15 19:41:42,approved,False
TXN20240215001587,ACCT203891,MERCH300226,withdrawal,48.18,in_person,2024-02-15 16:04:30,approved,False
TXN20240215001588,ACCT200968,MERCH300261,deposit,153.01,web,2024-02-15 10:01:27,approved,False
TXN20240215001589,ACCT206005,MERCH300017,purchase,13.45,web,2024-02-15 14:04:59,approved,False
TXN20240215001590,ACCT203594,MERCH300253,purchase,27.09,in_person,2024-02-15 07:50:38,approved,False
TXN20240215001591,ACCT203433,MERCH300018,purchase,35.95,mobile,2024-02-15 01:19:57,approved,False
TXN20240215001592,ACCT204707,MERCH300056,withdrawal,26.21,mobile,2024-02-15 02:57:09,approved,False
TXN20240215001593,ACCT204287,MERCH300270,purchase,22.2,in_person,2024-02-15 17:04:52,approved,False
TXN20240215001594,ACCT203229,MERCH300182,deposit,28.15,atm,2024-02-15 04:21:46,approved,False
TXN20240215001595,ACCT204300,MERCH300130,deposit,39.91,web,2024-02-15 18:47:08,approved,False
TXN20240215001596,ACCT201391,MERCH300279,purchase,49.58,in_person,2024-02-15 09:06:17,approved,False
TXN20240215001597,ACCT205421,MERCH300014,purchase,47.24,web,2024-02-15 00:02:52,reversed,False
TXN20240215001598,ACCT204361,MERCH300264,transfer,89.39,in_person,2024-02-15 19:04:37,declined,False
TXN20240215001599,ACCT200553,MERCH300233,purchase,6.26,web,2024-02-15 14:52:52,approved,False
TXN20240215001600,ACCT202918,MERCH300269,deposit,268.62,in_person,2024-02-15 14:22:29,approved,False
TXN20240215001601,ACCT201287,MERCH300278,withdrawal,54.45,web,2024-02-15 03:33:43,approved,False
TXN20240215001602,ACCT202895,MERCH300018,transfer,10.85,atm,2024-02-15 15:23:53,approved,False
TXN20240215001603,ACCT204327,MERCH300073,transfer,30.59,web,2024-02-15 08:36:44,approved,False
TXN20240215001604,ACCT205633,MERCH300275,purchase,49.68,web,2024-02-15 23:40:31,approved,False
TXN20240215001605,ACCT201949,MERCH300216,purchase,19.67,mobile,2024-02-15 13:55:32,approved,False
TXN20240215001606,ACCT206233,MERCH300123,withdrawal,16.34,in_person,2024-02-15 05:29:34,approved,False
TXN20240215001607,ACCT202436,MERCH300155,purchase,8.72,web,2024-02-15 14:27:50,approved,False
TXN20240215001608,ACCT205765,MERCH300292,purchase,27.98,web,2024-02-15 17:26:09,approved,False
TXN20240215001609,ACCT202907,MERCH300079,purchase,40.81,mobile,2024-02-15 21:19:14,approved,False
TXN20240215001610,ACCT205702,MERCH300108,purchase,26.58,mobile,2024-02-15 13:36:00,approved,False
TXN20240215001611,ACCT200029,MERCH300067,transfer,18.06,web,2024-02-15 02:36:13,approved,False
TXN20240215001612,ACCT205721,MERCH300142,withdrawal,38.32,mobile,2024-02-15 08:25:49,approved,False
TXN20240215001613,ACCT205975,MERCH300152,purchase,98.01,in_person,2024-02-15 08:49:03,approved,False
TXN20240215001614,ACCT204750,MERCH300281,purchase,70.91,atm,2024-02-15 19:42:41,approved,False
TXN20240215001615,ACCT201574,MERCH300255,purchase,20.8,mobile,2024-02-15 11:33:33,approved,False
TXN20240215001616,ACCT202898,MERCH300117,deposit,103.18,in_person,2024-02-15 21:58:45,approved,False
TXN20240215001617,ACCT202266,MERCH300140,purchase,49.66,web,2024-02-15 04:06:01,approved,False
TXN20240215001618,ACCT202251,MERCH300255,purchase,168.76,web,2024-02-15 15:27:29,approved,False
TXN20240215001619,ACCT203469,MERCH300236,purchase,6.13,in_person,2024-02-15 23:20:51,approved,False
TXN20240215001620,ACCT201213,MERCH300081,withdrawal,23.2,web,2024-02-15 07:27:13,approved,False
TXN20240215001621,ACCT202635,MERCH300114,purchase,66.15,atm,2024-02-15 21:34:57,approved,False
TXN20240215001622,ACCT205523,MERCH300282,purchase,78.45,web,2024-02-15 07:41:03,approved,False
TXN20240215001623,ACCT200850,MERCH300112,purchase,47.18,atm,2024-02-15 03:47:46,approved,False
TXN20240215001624,ACCT206134,MERCH300006,purchase,33.98,web,2024-02-15 18:41:39,approved,False
TXN20240215001625,ACCT203640,MERCH300253,transfer,18.66,mobile,2024-02-15 12:19:23,approved,False
TXN20240215001626,ACCT202750,MERCH300260,purchase,57.12,atm,2024-02-15 05:48:14,approved,False
TXN20240215001627,ACCT200463,MERCH300035,purchase,20.7,web,2024-02-15 13:39:36,approved,False
TXN20240215001628,ACCT202534,MERCH300074,transfer,233.69,mobile,2024-02-15 20:39:31,approved,False
TXN20240215001629,ACCT206399,MERCH300044,purchase,37.22,web,2024-02-15 05:26:27,approved,False
TXN20240215001630,ACCT202837,MERCH300231,transfer,36.88,web,2024-02-15 06:35:35,approved,False
TXN20240215001631,ACCT201329,MERCH300261,purchase,9.14,in_person,2024-02-15 19:12:06,approved,False
TXN20240215001632,ACCT200298,MERCH300160,purchase,2.18,web,2024-02-15 19:08:46,approved,False
TXN20240215001633,ACCT203336,MERCH300154,withdrawal,7.4,web,2024-02-15 07:23:58,approved,False
TXN20240215001634,ACCT202155,MERCH300152,purchase,18.09,mobile,2024-02-15 21:20:52,approved,False
TXN20240215001635,ACCT202533,MERCH300059,purchase,15.29,web,2024-02-15 20:08:02,approved,False
TXN20240215001636,ACCT200239,MERCH300032,transfer,35.5,web,2024-02-15 16:44:41,approved,False
TXN20240215001637,ACCT203342,MERCH300077,purchase,9.86,web,2024-02-15 20:47:53,approved,False
TXN20240215001638,ACCT204508,MERCH300162,purchase,19.5,in_person,2024-02-15 20:21:08,approved,False
TXN20240215001639,ACCT200072,MERCH300083,purchase,10.17,mobile,2024-02-15 13:38:18,approved,False
TXN20240215001640,ACCT205551,MERCH300100,deposit,63.03,web,2024-02-15 20:23:25,approved,False
TXN20240215001641,ACCT200237,MERCH300111,transfer,32.08,mobile,2024-02-15 08:03:36,approved,False
TXN20240215001642,ACCT201028,MERCH300260,withdrawal,15.05,in_person,2024-02-15 02:47:25,approved,False
TXN20240215001643,ACCT200355,MERCH300078,deposit,51.55,web,2024-02-15 09:55:00,approved,False
TXN20240215001644,ACCT201601,MERCH300092,purchase,7.09,mobile,2024-02-15 08:51:16,declined,False
TXN20240215001645,ACCT201783,MERCH300082,purchase,37.7,mobile,2024-02-15 04:48:14,approved,False
TXN20240215001646,ACCT202735,MERCH300080,purchase,42.41,in_person,2024-02-15 01:24:34,approved,False
TXN20240215001647,ACCT205533,MERCH300227,purchase,90.85,in_person,2024-02-15 00:27:12,approved,False
TXN20240215001648,ACCT205901,MERCH300166,purchase,55.17,web,2024-02-15 03:42:22,approved,False
TXN20240215001649,ACCT202397,MERCH300030,transfer,27.84,web,2024-02-15 17:46:06,approved,False
TXN20240215001650,ACCT202320,MERCH300188,purchase,19.49,web,2024-02-15 02:20:17,approved,False
TXN20240215001651,ACCT204920,MERCH300208,purchase,27.63,in_person,2024-02-15 22:40:52,approved,False
TXN20240215001652,ACCT205662,MERCH300089,purchase,57.87,web,2024-02-15 21:17:21,declined,False
TXN20240215001653,ACCT204595,MERCH300230,withdrawal,56.16,web,2024-02-15 17:20:54,declined,False
TXN20240215001654,ACCT201794,MERCH300152,transfer,34.7,in_person,2024-02-15 00:17:31,approved,False
TXN20240215001655,ACCT201443,MERCH300249,purchase,12.71,web,2024-02-15 11:25:09,approved,False
TXN20240215001656,ACCT200484,MERCH300032,purchase,42.45,in_person,2024-02-15 20:29:49,approved,True
TXN20240215001657,ACCT206037,MERCH300229,transfer,37.87,in_person,2024-02-15 15:33:23,approved,False
TXN20240215001658,ACCT202557,MERCH300037,purchase,8.64,web,2024-02-15 04:19:52,approved,False
TXN20240215001659,ACCT205457,MERCH300113,transfer,24.35,web,2024-02-15 00:44:50,approved,False
TXN20240215001660,ACCT205251,MERCH300291,purchase,131.73,mobile,2024-02-15 19:32:56,approved,False
TXN20240215001661,ACCT204264,MERCH300116,purchase,28.12,mobile,2024-02-15 04:49:45,approved,False
TXN20240215001662,ACCT200634,MERCH300169,purchase,26.74,web,2024-02-15 11:37:12,approved,False
TXN20240215001663,ACCT201078,MERCH300067,purchase,35.74,web,2024-02-15 21:28:14,approved,False
TXN20240215001664,ACCT206369,MERCH300230,purchase,19.82,web,2024-02-15 23:54:58,approved,False
TXN20240215001665,ACCT200002,MERCH300070,deposit,92.96,mobile,2024-02-15 09:54:23,approved,False
TXN20240215001666,ACCT204673,MERCH300244,withdrawal,33.62,atm,2024-02-15 18:38:43,approved,False
TXN20240215001667,ACCT204168,MERCH300018,transfer,40.19,mobile,2024-02-15 14:40:32,approved,False
TXN20240215001668,ACCT203725,MERCH300198,purchase,14.3,in_person,2024-02-15 14:03:19,approved,False
TXN20240215001669,ACCT203325,MERCH300101,purchase,15.09,mobile,2024-02-15 15:42:07,approved,False
TXN20240215001670,ACCT204070,MERCH300028,withdrawal,27.39,in_person,2024-02-15 12:10:58,approved,False
TXN20240215001671,ACCT204702,MERCH300266,withdrawal,6.87,web,2024-02-15 05:17:01,approved,False
TXN20240215001672,ACCT205980,MERCH300090,deposit,70.72,in_person,2024-02-15 08:57:58,approved,False
TXN20240215001673,ACCT202000,MERCH300299,purchase,38.42,web,2024-02-15 05:47:46,approved,False
TXN20240215001674,ACCT204580,MERCH300188,purchase,65.81,in_person,2024-02-15 14:40:44,approved,False
TXN20240215001675,ACCT202837,MERCH300240,deposit,29.31,mobile,2024-02-15 16:36:14,approved,False
TXN20240215001676,ACCT203189,MERCH300150,transfer,163.49,mobile,2024-02-15 22:19:04,approved,False
TXN20240215001677,ACCT202378,MERCH300257,purchase,46.62,web,2024-02-15 11:26:01,approved,False
TXN20240215001678,ACCT205734,MERCH300048,purchase,66.27,mobile,2024-02-15 07:20:49,approved,False
TXN20240215001679,ACCT201595,MERCH300238,transfer,8.53,in_person,2024-02-15 13:31:59,declined,False
TXN20240215001680,ACCT206416,MERCH300064,purchase,400.45,web,2024-02-15 08:23:04,approved,False
TXN20240215001681,ACCT203772,MERCH300181,transfer,120.91,in_person,2024-02-15 23:32:10,approved,False
TXN20240215001682,ACCT205232,MERCH300000,purchase,177.82,in_person,2024-02-15 16:32:19,approved,False
TXN20240215001683,ACCT205995,MERCH300035,deposit,12.48,in_person,2024-02-15 22:01:17,approved,False
TXN20240215001684,ACCT202552,MERCH300207,deposit,44.25,web,2024-02-15 19:57:21,approved,False
TXN20240215001685,ACCT201596,MERCH300017,purchase,13.27,web,2024-02-15 20:06:31,approved,False
TXN20240215001686,ACCT205154,MERCH300188,deposit,12.15,atm,2024-02-15 08:54:31,approved,False
TXN20240215001687,ACCT204847,MERCH300250,withdrawal,49.68,web,2024-02-15 10:16:41,approved,False
TXN20240215001688,ACCT205492,MERCH300081,transfer,31.94,mobile,2024-02-15 12:08:59,approved,False
TXN20240215001689,ACCT200032,MERCH300089,transfer,3.87,web,2024-02-15 17:08:18,approved,False
TXN20240215001690,ACCT205999,MERCH300074,purchase,30.34,in_person,2024-02-15 04:23:42,approved,False
TXN20240215001691,ACCT200038,MERCH300162,deposit,20.51,mobile,2024-02-15 19:19:06,approved,False
TXN20240215001692,ACCT203287,MERCH300216,purchase,21.58,web,2024-02-15 02:00:02,declined,False
TXN20240215001693,ACCT205863,MERCH300016,deposit,37.34,web,2024-02-15 08:33:37,approved,False
TXN20240215001694,ACCT200758,MERCH300227,purchase,104.43,in_person,2024-02-15 20:40:19,reversed,False
TXN20240215001695,ACCT203788,MERCH300099,purchase,20.6,web,2024-02-15 17:05:41,declined,False
TXN20240215001696,ACCT202872,MERCH300200,purchase,49.31,in_person,2024-02-15 18:36:21,approved,False
TXN20240215001697,ACCT201393,MERCH300017,purchase,43.74,in_person,2024-02-15 21:47:22,approved,False
TXN20240215001698,ACCT201505,MERCH300203,purchase,50.74,atm,2024-02-15 00:27:36,approved,False
TXN20240215001699,ACCT204988,MERCH300105,withdrawal,9.13,web,2024-02-15 00:07:39,approved,False
TXN20240215001700,ACCT205840,MERCH300192,purchase,50.72,in_person,2024-02-15 23:53:52,approved,False
TXN20240215001701,ACCT202593,MERCH300250,purchase,15.0,mobile,2024-02-15 07:29:46,approved,False
TXN20240215001702,ACCT205111,MERCH300027,deposit,22.13,in_person,2024-02-15 14:35:23,approved,False
TXN20240215001703,ACCT206443,MERCH300160,purchase,19.76,mobile,2024-02-15 18:45:54,approved,False
TXN20240215001704,ACCT200938,MERCH300150,purchase,39.72,atm,2024-02-15 10:20:13,approved,False
TXN20240215001705,ACCT204041,MERCH300070,deposit,32.73,in_person,2024-02-15 11:40:38,approved,False
TXN20240215001706,ACCT204452,MERCH300202,transfer,20.5,mobile,2024-02-15 13:47:00,approved,False
TXN20240215001707,ACCT206099,MERCH300207,purchase,15.58,mobile,2024-02-15 20:05:48,approved,False
TXN20240215001708,ACCT204596,MERCH300145,transfer,47.79,mobile,2024-02-15 19:49:23,approved,False
TXN20240215001709,ACCT201926,MERCH300167,purchase,229.88,web,2024-02-15 22:25:35,approved,False
TXN20240215001710,ACCT205166,MERCH300155,purchase,41.91,mobile,2024-02-15 06:45:51,approved,False
TXN20240215001711,ACCT201917,MERCH300168,purchase,41.61,atm,2024-02-15 23:24:31,approved,False
TXN20240215001712,ACCT202368,MERCH300240,purchase,23.39,in_person,2024-02-15 06:05:43,approved,False
TXN20240215001713,ACCT200434,MERCH300072,purchase,24.07,mobile,2024-02-15 15:58:50,approved,False
TXN20240215001714,ACCT205380,MERCH300060,purchase,50.4,mobile,2024-02-15 20:01:38,approved,False
TXN20240215001715,ACCT201687,MERCH300074,purchase,61.89,web,2024-02-15 23:03:41,approved,False
TXN20240215001716,ACCT206119,MERCH300087,purchase,40.84,atm,2024-02-15 17:46:55,approved,False
TXN20240215001717,ACCT204292,MERCH300189,deposit,31.12,atm,2024-02-15 03:26:58,approved,False
TXN20240215001718,ACCT201132,MERCH300011,transfer,103.1,mobile,2024-02-15 13:03:42,approved,False
TXN20240215001719,ACCT204385,MERCH300216,purchase,46.03,web,2024-02-15 17:29:57,approved,False
TXN20240215001720,ACCT201007,MERCH300154,deposit,8.06,atm,2024-02-15 06:44:17,approved,False
TXN20240215001721,ACCT204386,MERCH300031,purchase,7.94,web,2024-02-15 02:56:09,approved,False
TXN20240215001722,ACCT203991,MERCH300252,purchase,126.42,in_person,2024-02-15 23:54:53,approved,False
TXN20240215001723,ACCT205570,MERCH300288,transfer,87.05,mobile,2024-02-15 20:26:38,approved,False
TXN20240215001724,ACCT204151,MERCH300181,purchase,121.9,in_person,2024-02-15 07:08:06,approved,False
TXN20240215001725,ACCT203416,MERCH300065,transfer,21.92,in_person,2024-02-15 15:14:55,approved,False
TXN20240215001726,ACCT200444,MERCH300031,purchase,22.48,mobile,2024-02-15 08:53:55,approved,False
TXN20240215001727,ACCT203631,MERCH300025,transfer,1.74,in_person,2024-02-15 10:13:53,approved,False
TXN20240215001728,ACCT203742,MERCH300243,transfer,91.87,web,2024-02-15 07:31:00,approved,False
TXN20240215001729,ACCT203618,MERCH300098,deposit,78.45,in_person,2024-02-15 21:39:23,approved,False
TXN20240215001730,ACCT204838,MERCH300063,transfer,84.79,in_person,2024-02-15 21:53:25,approved,False
TXN20240215001731,ACCT200041,MERCH300064,purchase,8.41,in_person,2024-02-15 17:37:35,approved,False
TXN20240215001732,ACCT200593,MERCH300088,purchase,165.58,web,2024-02-15 21:03:52,approved,False
TXN20240215001733,ACCT204424,MERCH300275,purchase,251.73,in_person,2024-02-15 04:43:19,approved,False
TXN20240215001734,ACCT201950,MERCH300193,purchase,48.86,in_person,2024-02-15 20:59:11,approved,False
TXN20240215001735,ACCT204992,MERCH300215,withdrawal,109.77,mobile,2024-02-15 03:48:24,approved,False
TXN20240215001736,ACCT203595,MERCH300219,purchase,22.15,web,2024-02-15 09:31:58,approved,False
TXN20240215001737,ACCT205426,MERCH300033,deposit,71.1,web,2024-02-15 19:48:13,approved,False
TXN20240215001738,ACCT202425,MERCH300161,purchase,67.62,web,2024-02-15 16:58:07,reversed,False
TXN20240215001739,ACCT202232,MERCH300296,transfer,71.4,web,2024-02-15 13:34:27,approved,False
TXN20240215001740,ACCT205995,MERCH300023,deposit,58.32,web,2024-02-15 08:19:08,approved,False
TXN20240215001741,ACCT204120,MERCH300195,purchase,42.46,atm,2024-02-15 13:01:53,approved,False
TXN20240215001742,ACCT204222,MERCH300076,purchase,9.76,in_person,2024-02-15 19:57:48,approved,False
TXN20240215001743,ACCT204918,MERCH300194,transfer,61.8,in_person,2024-02-15 01:30:17,declined,False
TXN20240215001744,ACCT200261,MERCH300115,transfer,25.34,web,2024-02-15 04:53:55,approved,False
TXN20240215001745,ACCT201155,MERCH300159,purchase,46.94,in_person,2024-02-15 00:04:28,approved,False
TXN20240215001746,ACCT204406,MERCH300227,transfer,27.74,in_person,2024-02-15 01:27:53,approved,False
TXN20240215001747,ACCT205176,MERCH300258,purchase,148.11,in_person,2024-02-15 01:23:18,approved,False
TXN20240215001748,ACCT204959,MERCH300199,deposit,89.14,in_person,2024-02-15 21:21:05,approved,False
TXN20240215001749,ACCT204851,MERCH300181,purchase,150.46,mobile,2024-02-15 05:55:08,approved,False
TXN20240215001750,ACCT201881,MERCH300137,transfer,5.26,web,2024-02-15 01:55:52,approved,False
TXN20240215001751,ACCT204917,MERCH300225,purchase,48.18,atm,2024-02-15 11:35:48,approved,False
TXN20240215001752,ACCT202630,MERCH300265,purchase,34.64,in_person,2024-02-15 05:54:56,approved,False
TXN20240215001753,ACCT202210,MERCH300008,purchase,109.07,mobile,2024-02-15 02:13:22,approved,False
TXN20240215001754,ACCT202943,MERCH300219,withdrawal,84.31,in_person,2024-02-15 02:46:31,approved,False
TXN20240215001755,ACCT203351,MERCH300148,purchase,14.86,atm,2024-02-15 03:54:32,approved,False
TXN20240215001756,ACCT205576,MERCH300241,purchase,143.86,in_person,2024-02-15 21:40:03,declined,False
TXN20240215001757,ACCT203365,MERCH300155,purchase,102.62,atm,2024-02-15 06:00:47,approved,False
TXN20240215001758,ACCT204141,MERCH300230,transfer,25.71,atm,2024-02-15 13:42:45,approved,False
TXN20240215001759,ACCT200175,MERCH300250,purchase,21.65,mobile,2024-02-15 03:04:33,approved,False
TXN20240215001760,ACCT205214,MERCH300127,purchase,70.82,web,2024-02-15 14:49:12,approved,False
TXN20240215001761,ACCT203325,MERCH300256,purchase,52.29,web,2024-02-15 10:15:33,approved,False
TXN20240215001762,ACCT205699,MERCH300102,purchase,3.77,in_person,2024-02-15 06:07:33,approved,False
TXN20240215001763,ACCT201021,MERCH300235,withdrawal,139.29,web,2024-02-15 04:16:27,approved,False
TXN20240215001764,ACCT202621,MERCH300268,purchase,69.71,in_person,2024-02-15 18:57:51,approved,False
TXN20240215001765,ACCT203257,MERCH300142,purchase,55.7,web,2024-02-15 10:55:24,approved,False
TXN20240215001766,ACCT200229,MERCH300255,withdrawal,48.15,mobile,2024-02-15 11:18:57,approved,False
TXN20240215001767,ACCT203477,MERCH300062,purchase,48.05,mobile,2024-02-15 23:50:43,approved,False
TXN20240215001768,ACCT200499,MERCH300118,purchase,13.46,mobile,2024-02-15 22:38:43,declined,False
TXN20240215001769,ACCT203922,MERCH300056,purchase,7.65,in_person,2024-02-15 17:17:33,approved,False
TXN20240215001770,ACCT205325,MERCH300173,purchase,91.81,atm,2024-02-15 18:29:55,approved,False
TXN20240215001771,ACCT202032,MERCH300048,purchase,66.16,mobile,2024-02-15 15:36:41,reversed,False
TXN20240215001772,ACCT204845,MERCH300079,transfer,64.28,mobile,2024-02-15 04:47:54,approved,False
TXN20240215001773,ACCT206268,MERCH300150,transfer,42.53,web,2024-02-15 21:34:28,approved,False
TXN20240215001774,ACCT201799,MERCH300111,purchase,11.1,web,2024-02-15 07:53:19,approved,False
TXN20240215001775,ACCT202698,MERCH300294,purchase,30.81,in_person,2024-02-15 02:43:47,approved,False
TXN20240215001776,ACCT202081,MERCH300183,transfer,20.21,atm,2024-02-15 23:58:12,approved,False
TXN20240215001777,ACCT204464,MERCH300010,withdrawal,40.94,web,2024-02-15 04:00:13,approved,False
TXN20240215001778,ACCT201501,MERCH300054,purchase,21.08,in_person,2024-02-15 23:31:42,approved,False
TXN20240215001779,ACCT200423,MERCH300275,purchase,36.68,web,2024-02-15 06:06:03,approved,False
TXN20240215001780,ACCT203994,MERCH300264,purchase,18.96,mobile,2024-02-15 15:03:03,approved,False
TXN20240215001781,ACCT206372,MERCH300143,purchase,136.72,web,2024-02-15 16:16:00,approved,False
TXN20240215001782,ACCT204170,MERCH300022,deposit,223.32,web,2024-02-15 05:50:21,approved,False
TXN20240215001783,ACCT203838,MERCH300100,purchase,18.98,in_person,2024-02-15 06:42:51,approved,False
TXN20240215001784,ACCT205659,MERCH300211,purchase,244.74,web,2024-02-15 06:00:46,approved,False
TXN20240215001785,ACCT201079,MERCH300185,purchase,8.12,in_person,2024-02-15 08:21:09,approved,False
TXN20240215001786,ACCT200149,MERCH300287,withdrawal,17.53,in_person,2024-02-15 11:34:01,declined,False
TXN20240215001787,ACCT202218,MERCH300213,transfer,22.33,mobile,2024-02-15 17:59:14,approved,False
TXN20240215001788,ACCT203747,MERCH300104,purchase,15.2,atm,2024-02-15 21:09:44,approved,False
TXN20240215001789,ACCT200112,MERCH300183,purchase,8.07,in_person,2024-02-15 03:42:11,approved,False
TXN20240215001790,ACCT203797,MERCH300146,purchase,10.32,mobile,2024-02-15 18:25:54,approved,False
TXN20240215001791,ACCT204667,MERCH300034,purchase,90.85,in_person,2024-02-15 09:02:23,approved,False
TXN20240215001792,ACCT204647,MERCH300262,withdrawal,10.01,in_person,2024-02-15 05:43:19,approved,False
TXN20240215001793,ACCT205734,MERCH300186,purchase,15.76,in_person,2024-02-15 03:09:32,approved,False
TXN20240215001794,ACCT205304,MERCH300056,purchase,4.41,web,2024-02-15 19:41:53,approved,False
TXN20240215001795,ACCT202943,MERCH300234,deposit,79.92,atm,2024-02-15 14:34:38,approved,False
TXN20240215001796,ACCT203641,MERCH300182,purchase,77.21,mobile,2024-02-15 05:11:28,approved,False
TXN20240215001797,ACCT202701,MERCH300211,withdrawal,49.86,web,2024-02-15 23:27:51,approved,False
TXN20240215001798,ACCT201934,MERCH300273,purchase,35.4,mobile,2024-02-15 09:11:41,approved,False
TXN20240215001799,ACCT205720,MERCH300210,purchase,53.92,web,2024-02-15 13:51:37,approved,False
TXN20240215001800,ACCT200814,MERCH300154,purchase,23.77,web,2024-02-15 07:12:31,approved,False
TXN20240215001801,ACCT204347,MERCH300169,purchase,85.46,in_person,2024-02-15 08:15:52,reversed,False
TXN20240215001802,ACCT203214,MERCH300180,purchase,29.55,in_person,2024-02-15 19:05:21,approved,False
TXN20240215001803,ACCT202418,MERCH300271,withdrawal,124.19,in_person,2024-02-15 07:09:28,approved,False
TXN20240215001804,ACCT202591,MERCH300018,deposit,96.52,web,2024-02-15 21:00:31,approved,False
TXN20240215001805,ACCT204863,MERCH300071,purchase,15.44,mobile,2024-02-15 12:40:44,approved,False
TXN20240215001806,ACCT203022,MERCH300172,purchase,40.17,mobile,2024-02-15 06:23:24,approved,False
TXN20240215001807,ACCT200258,MERCH300017,transfer,24.72,web,2024-02-15 04:44:58,approved,False
TXN20240215001808,ACCT203025,MERCH300141,purchase,147.36,in_person,2024-02-15 08:29:47,approved,False
TXN20240215001809,ACCT202593,MERCH300155,purchase,19.92,mobile,2024-02-15 07:39:22,approved,False
TXN20240215001810,ACCT202752,MERCH300140,purchase,185.01,web,2024-02-15 00:44:09,approved,False
TXN20240215001811,ACCT202257,MERCH300253,purchase,45.34,in_person,2024-02-15 21:25:49,approved,False
TXN20240215001812,ACCT203221,MERCH300088,purchase,3.37,web,2024-02-15 09:11:11,approved,False
TXN20240215001813,ACCT203343,MERCH300048,purchase,99.93,web,2024-02-15 10:47:20,approved,False
TXN20240215001814,ACCT204376,MERCH300288,deposit,4.89,web,2024-02-15 11:54:33,approved,False
TXN20240215001815,ACCT200415,MERCH300035,purchase,14.51,mobile,2024-02-15 07:52:31,approved,False
TXN20240215001816,ACCT205031,MERCH300266,withdrawal,9.21,mobile,2024-02-15 04:23:24,approved,False
TXN20240215001817,ACCT202267,MERCH300176,purchase,72.85,atm,2024-02-15 08:57:14,approved,False
TXN20240215001818,ACCT202268,MERCH300016,transfer,12.45,mobile,2024-02-15 11:43:17,approved,False
TXN20240215001819,ACCT201731,MERCH300095,purchase,25.91,web,2024-02-15 14:00:25,approved,False
TXN20240215001820,ACCT203357,MERCH300014,deposit,19.6,web,2024-02-15 05:56:21,approved,False
TXN20240215001821,ACCT206110,MERCH300033,purchase,153.39,atm,2024-02-15 02:55:30,declined,False
TXN20240215001822,ACCT201292,MERCH300263,deposit,61.78,web,2024-02-15 18:37:43,approved,False
TXN20240215001823,ACCT204952,MERCH300071,purchase,45.68,web,2024-02-15 23:17:43,approved,False
TXN20240215001824,ACCT201897,MERCH300168,purchase,33.1,atm,2024-02-15 04:41:53,approved,False
TXN20240215001825,ACCT203554,MERCH300093,transfer,50.35,in_person,2024-02-15 01:29:37,approved,False
TXN20240215001826,ACCT204937,MERCH300010,purchase,54.46,in_person,2024-02-15 21:14:25,approved,False
TXN20240215001827,ACCT200985,MERCH300074,purchase,10.92,mobile,2024-02-15 14:08:51,approved,False
TXN20240215001828,ACCT202837,MERCH300260,purchase,45.13,mobile,2024-02-15 21:03:28,approved,False
TXN20240215001829,ACCT201130,MERCH300213,withdrawal,159.25,web,2024-02-15 16:47:24,approved,False
TXN20240215001830,ACCT205726,MERCH300134,transfer,2.21,web,2024-02-15 03:22:14,approved,False
TXN20240215001831,ACCT203171,MERCH300297,purchase,12.18,mobile,2024-02-15 20:12:36,approved,False
TXN20240215001832,ACCT203103,MERCH300284,purchase,79.52,mobile,2024-02-15 11:31:59,approved,False
TXN20240215001833,ACCT205419,MERCH300054,withdrawal,31.08,in_person,2024-02-15 21:56:48,approved,False
TXN20240215001834,ACCT200860,MERCH300092,transfer,20.57,mobile,2024-02-15 17:48:54,reversed,False
TXN20240215001835,ACCT202912,MERCH300063,purchase,18.05,mobile,2024-02-15 22:53:40,approved,False
TXN20240215001836,ACCT204019,MERCH300212,purchase,29.97,in_person,2024-02-15 16:49:12,approved,False
TXN20240215001837,ACCT204317,MERCH300114,purchase,784.6,web,2024-02-15 00:58:42,approved,False
TXN20240215001838,ACCT202496,MERCH300183,deposit,97.71,web,2024-02-15 02:10:40,approved,False
TXN20240215001839,ACCT204234,MERCH300098,purchase,79.78,in_person,2024-02-15 03:10:57,declined,False
TXN20240215001840,ACCT205273,MERCH300195,purchase,20.22,web,2024-02-15 16:31:20,approved,False
TXN20240215001841,ACCT201955,MERCH300167,purchase,58.5,web,2024-02-15 22:40:27,approved,False
TXN20240215001842,ACCT204721,MERCH300205,transfer,26.45,web,2024-02-15 03:22:40,approved,False
TXN20240215001843,ACCT201382,MERCH300145,deposit,20.42,web,2024-02-15 13:47:21,approved,False
TXN20240215001844,ACCT200859,MERCH300144,purchase,20.09,atm,2024-02-15 14:55:30,declined,False
TXN20240215001845,ACCT201648,MERCH300117,transfer,50.73,web,2024-02-15 19:40:47,approved,False
TXN20240215001846,ACCT201775,MERCH300247,purchase,87.74,web,2024-02-15 03:16:34,approved,False
TXN20240215001847,ACCT203900,MERCH300177,transfer,4.87,atm,2024-02-15 16:39:07,approved,False
TXN20240215001848,ACCT203948,MERCH300141,transfer,11.28,mobile,2024-02-15 11:35:38,approved,False
TXN20240215001849,ACCT200127,MERCH300136,purchase,27.45,mobile,2024-02-15 05:59:44,approved,False
TXN20240215001850,ACCT203115,MERCH300163,purchase,72.31,mobile,2024-02-15 07:52:48,approved,False
TXN20240215001851,ACCT203224,MERCH300289,purchase,32.93,mobile,2024-02-15 06:44:07,approved,False
TXN20240215001852,ACCT202567,MERCH300025,purchase,17.39,atm,2024-02-15 19:47:10,approved,False
TXN20240215001853,ACCT206180,MERCH300086,deposit,16.28,web,2024-02-15 12:02:52,approved,False
TXN20240215001854,ACCT202437,MERCH300210,purchase,86.53,in_person,2024-02-15 00:21:46,approved,False
TXN20240215001855,ACCT205876,MERCH300279,purchase,75.19,in_person,2024-02-15 02:40:59,approved,False
TXN20240215001856,ACCT205715,MERCH300061,withdrawal,55.73,web,2024-02-15 04:20:33,approved,False
TXN20240215001857,ACCT203451,MERCH300250,withdrawal,54.39,in_person,2024-02-15 20:44:48,approved,False
TXN20240215001858,ACCT206421,MERCH300141,transfer,7.96,atm,2024-02-15 19:01:05,approved,False
TXN20240215001859,ACCT201132,MERCH300258,transfer,52.17,in_person,2024-02-15 00:30:19,approved,False
TXN20240215001860,ACCT202339,MERCH300135,purchase,53.1,web,2024-02-15 05:20:08,approved,False
TXN20240215001861,ACCT201880,MERCH300022,transfer,80.42,web,2024-02-15 04:06:01,approved,False
TXN20240215001862,ACCT201628,MERCH300122,withdrawal,57.11,in_person,2024-02-15 14:00:50,approved,False
TXN20240215001863,ACCT203903,MERCH300072,purchase,4.21,in_person,2024-02-15 03:09:54,approved,False
TXN20240215001864,ACCT200296,MERCH300284,purchase,60.91,in_person,2024-02-15 16:27:14,approved,False
TXN20240215001865,ACCT202867,MERCH300136,purchase,67.79,in_person,2024-02-15 19:58:25,approved,False
TXN20240215001866,ACCT206320,MERCH300042,purchase,11.84,atm,2024-02-15 17:30:07,approved,False
TXN20240215001867,ACCT206443,MERCH300223,deposit,6.39,atm,2024-02-15 07:35:13,approved,False
TXN20240215001868,ACCT201593,MERCH300075,purchase,74.44,atm,2024-02-15 10:46:53,approved,False
TXN20240215001869,ACCT205407,MERCH300168,purchase,19.63,mobile,2024-02-15 12:02:34,declined,False
TXN20240215001870,ACCT205677,MERCH300036,purchase,12.86,in_person,2024-02-15 08:16:51,approved,False
TXN20240215001871,ACCT200601,MERCH300100,purchase,53.24,mobile,2024-02-15 14:57:05,declined,False
TXN20240215001872,ACCT206241,MERCH300219,purchase,24.18,mobile,2024-02-15 15:27:07,approved,False
TXN20240215001873,ACCT206108,MERCH300181,purchase,27.53,mobile,2024-02-15 06:49:57,approved,False
TXN20240215001874,ACCT201706,MERCH300143,purchase,45.31,mobile,2024-02-15 11:18:21,approved,False
TXN20240215001875,ACCT201310,MERCH300190,purchase,39.43,web,2024-02-15 23:53:27,approved,False
TXN20240215001876,ACCT206203,MERCH300243,purchase,41.44,in_person,2024-02-15 21:18:27,approved,False
TXN20240215001877,ACCT204117,MERCH300198,purchase,32.02,in_person,2024-02-15 15:31:28,approved,False
TXN20240215001878,ACCT200215,MERCH300016,purchase,201.04,in_person,2024-02-15 00:23:00,approved,False
TXN20240215001879,ACCT204861,MERCH300220,purchase,38.15,web,2024-02-15 02:04:04,approved,True
TXN20240215001880,ACCT205975,MERCH300000,purchase,117.83,web,2024-02-15 19:37:07,approved,False
TXN20240215001881,ACCT201912,MERCH300134,purchase,33.77,mobile,2024-02-15 00:55:53,approved,False
TXN20240215001882,ACCT205570,MERCH300084,deposit,216.21,atm,2024-02-15 14:34:48,approved,False
TXN20240215001883,ACCT201450,MERCH300207,withdrawal,63.78,in_person,2024-02-15 21:11:32,approved,False
TXN20240215001884,ACCT201127,MERCH300078,purchase,87.04,in_person,2024-02-15 07:19:49,approved,False
TXN20240215001885,ACCT206434,MERCH300011,withdrawal,63.53,mobile,2024-02-15 14:08:40,approved,False
TXN20240215001886,ACCT204870,MERCH300103,purchase,29.83,web,2024-02-15 21:13:48,approved,False
TXN20240215001887,ACCT203763,MERCH300220,purchase,25.51,web,2024-02-15 21:54:24,approved,False
TXN20240215001888,ACCT206129,MERCH300184,purchase,199.25,mobile,2024-02-15 05:17:59,approved,False
TXN20240215001889,ACCT202201,MERCH300065,purchase,20.26,in_person,2024-02-15 19:15:28,approved,False
TXN20240215001890,ACCT204458,MERCH300038,purchase,34.34,atm,2024-02-15 08:02:55,approved,False
TXN20240215001891,ACCT206437,MERCH300284,purchase,23.87,web,2024-02-15 18:04:16,approved,False
TXN20240215001892,ACCT203174,MERCH300295,withdrawal,19.38,web,2024-02-15 18:08:50,approved,False
TXN20240215001893,ACCT204698,MERCH300080,purchase,237.49,in_person,2024-02-15 09:25:51,approved,False
TXN20240215001894,ACCT200071,MERCH300153,transfer,26.23,mobile,2024-02-15 18:05:36,approved,False
TXN20240215001895,ACCT200152,MERCH300259,purchase,300.12,in_person,2024-02-15 06:30:08,approved,False
TXN20240215001896,ACCT200990,MERCH300094,transfer,11.63,web,2024-02-15 05:00:00,approved,False
TXN20240215001897,ACCT201585,MERCH300163,purchase,54.47,web,2024-02-15 18:46:17,approved,False
TXN20240215001898,ACCT200085,MERCH300157,purchase,70.4,in_person,2024-02-15 19:34:56,approved,False
TXN20240215001899,ACCT200948,MERCH300131,transfer,42.59,in_person,2024-02-15 02:23:56,declined,False
TXN20240215001900,ACCT201378,MERCH300186,purchase,183.67,in_person,2024-02-15 08:32:53,approved,False
TXN20240215001901,ACCT205638,MERCH300130,withdrawal,42.08,web,2024-02-15 17:01:23,approved,False
TXN20240215001902,ACCT203008,MERCH300274,transfer,121.57,web,2024-02-15 17:33:36,approved,False
TXN20240215001903,ACCT200722,MERCH300150,purchase,48.66,mobile,2024-02-15 10:17:14,approved,False
TXN20240215001904,ACCT202972,MERCH300214,purchase,3.01,atm,2024-02-15 04:50:28,approved,False
TXN20240215001905,ACCT202423,MERCH300257,deposit,11.37,web,2024-02-15 23:17:50,reversed,False
TXN20240215001906,ACCT202121,MERCH300132,purchase,42.22,atm,2024-02-15 23:50:55,approved,False
TXN20240215001907,ACCT204347,MERCH300123,transfer,31.73,mobile,2024-02-15 18:28:26,approved,False
TXN20240215001908,ACCT200981,MERCH300009,purchase,40.55,web,2024-02-15 12:05:54,approved,False
TXN20240215001909,ACCT203791,MERCH300241,purchase,4.01,in_person,2024-02-15 06:42:48,approved,False
TXN20240215001910,ACCT200716,MERCH300006,deposit,87.45,in_person,2024-02-15 22:40:17,approved,False
TXN20240215001911,ACCT204826,MERCH300089,purchase,21.41,web,2024-02-15 13:18:07,declined,False
TXN20240215001912,ACCT205844,MERCH300196,purchase,33.28,in_person,2024-02-15 11:38:14,approved,False
TXN20240215001913,ACCT203453,MERCH300246,purchase,17.03,mobile,2024-02-15 04:06:01,approved,False
TXN20240215001914,ACCT201294,MERCH300188,transfer,235.2,web,2024-02-15 07:08:58,approved,False
TXN20240215001915,ACCT204529,MERCH300108,withdrawal,10.58,web,2024-02-15 20:36:23,approved,False
TXN20240215001916,ACCT203008,MERCH300045,purchase,50.33,in_person,2024-02-15 05:22:18,approved,False
TXN20240215001917,ACCT201407,MERCH300053,purchase,4.89,atm,2024-02-15 08:35:51,approved,False
TXN20240215001918,ACCT203316,MERCH300042,transfer,45.57,in_person,2024-02-15 07:30:22,approved,False
TXN20240215001919,ACCT205731,MERCH300025,purchase,13.83,in_person,2024-02-15 04:30:38,approved,False
TXN20240215001920,ACCT202670,MERCH300150,purchase,21.44,in_person,2024-02-15 17:06:44,approved,False
TXN20240215001921,ACCT200203,MERCH300164,purchase,74.14,in_person,2024-02-15 05:58:49,approved,False
TXN20240215001922,ACCT206370,MERCH300261,purchase,9.01,mobile,2024-02-15 16:06:02,approved,False
TXN20240215001923,ACCT203444,MERCH300268,purchase,33.16,web,2024-02-15 11:52:06,approved,False
TXN20240215001924,ACCT202268,MERCH300081,purchase,4.38,web,2024-02-15 02:36:36,approved,False
TXN20240215001925,ACCT205156,MERCH300086,purchase,148.36,mobile,2024-02-15 03:36:53,approved,False
TXN20240215001926,ACCT202092,MERCH300200,transfer,319.89,mobile,2024-02-15 06:08:23,approved,False
TXN20240215001927,ACCT204992,MERCH300191,deposit,46.41,mobile,2024-02-15 07:33:17,approved,False
TXN20240215001928,ACCT204202,MERCH300209,purchase,45.22,atm,2024-02-15 09:46:37,approved,False
TXN20240215001929,ACCT205659,MERCH300166,purchase,82.93,mobile,2024-02-15 03:37:21,approved,False
TXN20240215001930,ACCT202791,MERCH300176,withdrawal,294.0,mobile,2024-02-15 20:02:00,approved,False
TXN20240215001931,ACCT203695,MERCH300237,purchase,5.14,mobile,2024-02-15 09:58:22,approved,False
TXN20240215001932,ACCT204772,MERCH300286,purchase,49.29,mobile,2024-02-15 11:54:30,approved,False
TXN20240215001933,ACCT204045,MERCH300036,purchase,6.92,web,2024-02-15 17:31:47,approved,False
TXN20240215001934,ACCT202243,MERCH300007,purchase,42.82,web,2024-02-15 22:04:48,approved,False
TXN20240215001935,ACCT201440,MERCH300191,purchase,13.87,in_person,2024-02-15 14:34:04,approved,False
TXN20240215001936,ACCT203684,MERCH300281,purchase,58.76,in_person,2024-02-15 02:22:29,approved,False
TXN20240215001937,ACCT200150,MERCH300181,purchase,25.33,in_person,2024-02-15 00:39:14,approved,False
TXN20240215001938,ACCT201922,MERCH300006,purchase,62.87,in_person,2024-02-15 02:09:05,approved,False
TXN20240215001939,ACCT203217,MERCH300115,withdrawal,61.53,web,2024-02-15 17:22:55,approved,False
TXN20240215001940,ACCT205909,MERCH300042,purchase,35.51,web,2024-02-15 17:59:57,approved,False
TXN20240215001941,ACCT205049,MERCH300141,purchase,21.16,in_person,2024-02-15 20:05:09,approved,False
TXN20240215001942,ACCT205156,MERCH300077,withdrawal,129.24,mobile,2024-02-15 18:10:54,approved,False
TXN20240215001943,ACCT201823,MERCH300248,transfer,80.76,web,2024-02-15 00:41:17,approved,False
TXN20240215001944,ACCT202609,MERCH300186,deposit,70.69,web,2024-02-15 21:44:41,approved,False
TXN20240215001945,ACCT205131,MERCH300166,withdrawal,77.82,in_person,2024-02-15 22:15:05,declined,False
TXN20240215001946,ACCT203605,MERCH300067,purchase,77.91,web,2024-02-15 08:18:16,approved,False
TXN20240215001947,ACCT205586,MERCH300030,transfer,21.81,web,2024-02-15 17:55:37,approved,False
TXN20240215001948,ACCT204248,MERCH300102,purchase,107.83,mobile,2024-02-15 11:54:24,approved,False
TXN20240215001949,ACCT204428,MERCH300170,purchase,77.34,in_person,2024-02-15 02:59:44,approved,False
TXN20240215001950,ACCT200473,MERCH300133,purchase,13.99,in_person,2024-02-15 18:59:13,approved,False
TXN20240215001951,ACCT200341,MERCH300134,withdrawal,28.47,web,2024-02-15 01:53:22,approved,False
TXN20240215001952,ACCT205054,MERCH300188,purchase,22.48,web,2024-02-15 21:11:18,approved,False
TXN20240215001953,ACCT201353,MERCH300026,purchase,35.85,web,2024-02-15 10:00:32,approved,False
TXN20240215001954,ACCT200219,MERCH300086,purchase,20.02,atm,2024-02-15 22:09:03,approved,False
TXN20240215001955,ACCT205977,MERCH300272,purchase,95.43,mobile,2024-02-15 08:42:16,approved,False
TXN20240215001956,ACCT202869,MERCH300021,purchase,39.59,in_person,2024-02-15 05:10:26,approved,False
TXN20240215001957,ACCT200107,MERCH300152,transfer,76.23,web,2024-02-15 05:21:34,approved,False
TXN20240215001958,ACCT201236,MERCH300206,purchase,43.93,atm,2024-02-15 03:10:15,approved,True
TXN20240215001959,ACCT201911,MERCH300054,purchase,180.53,web,2024-02-15 21:27:46,approved,False
TXN20240215001960,ACCT204055,MERCH300076,purchase,30.38,in_person,2024-02-15 20:37:38,approved,False
TXN20240215001961,ACCT202598,MERCH300052,deposit,15.37,in_person,2024-02-15 02:34:59,approved,False
TXN20240215001962,ACCT206138,MERCH300067,withdrawal,64.26,in_person,2024-02-15 05:50:35,approved,False
TXN20240215001963,ACCT202441,MERCH300180,transfer,7.56,web,2024-02-15 19:41:44,approved,False
TXN20240215001964,ACCT200428,MERCH300200,transfer,31.66,web,2024-02-15 05:54:18,declined,False
TXN20240215001965,ACCT202463,MERCH300142,transfer,51.13,mobile,2024-02-15 13:44:31,approved,False
TXN20240215001966,ACCT205083,MERCH300249,purchase,138.95,mobile,2024-02-15 12:49:42,approved,False
TXN20240215001967,ACCT204855,MERCH300176,withdrawal,74.29,in_person,2024-02-15 20:37:01,approved,False
TXN20240215001968,ACCT203319,MERCH300232,purchase,17.04,in_person,2024-02-15 11:40:29,approved,False
TXN20240215001969,ACCT202601,MERCH300267,purchase,44.21,in_person,2024-02-15 18:23:26,approved,False
TXN20240215001970,ACCT206277,MERCH300131,purchase,28.35,web,2024-02-15 08:28:23,approved,True
TXN20240215001971,ACCT204026,MERCH300045,deposit,113.49,web,2024-02-15 09:12:02,approved,False
TXN20240215001972,ACCT203858,MERCH300021,purchase,20.37,atm,2024-02-15 09:45:02,declined,False
TXN20240215001973,ACCT206203,MERCH300121,withdrawal,43.65,in_person,2024-02-15 04:57:05,approved,True
TXN20240215001974,ACCT202150,MERCH300297,purchase,17.56,mobile,2024-02-15 16:37:31,approved,False
TXN20240215001975,ACCT201772,MERCH300191,purchase,33.84,web,2024-02-15 21:58:10,approved,False
TXN20240215001976,ACCT202384,MERCH300288,transfer,6.3,in_person,2024-02-15 23:23:31,approved,False
TXN20240215001977,ACCT201553,MERCH300226,purchase,16.5,atm,2024-02-15 15:18:36,approved,False
TXN20240215001978,ACCT201771,MERCH300240,deposit,32.07,web,2024-02-15 02:18:44,declined,False
TXN20240215001979,ACCT202534,MERCH300201,purchase,157.22,web,2024-02-15 18:03:21,reversed,False
TXN20240215001980,ACCT200730,MERCH300125,purchase,41.21,mobile,2024-02-15 21:47:47,approved,False
TXN20240215001981,ACCT205046,MERCH300048,purchase,116.05,web,2024-02-15 18:46:09,approved,False
TXN20240215001982,ACCT206209,MERCH300208,deposit,37.54,atm,2024-02-15 01:44:56,approved,False
TXN20240215001983,ACCT202065,MERCH300017,purchase,106.52,in_person,2024-02-15 10:59:57,approved,False
TXN20240215001984,ACCT206321,MERCH300132,transfer,375.97,mobile,2024-02-15 05:04:49,approved,False
TXN20240215001985,ACCT203271,MERCH300107,purchase,17.33,web,2024-02-15 18:00:11,approved,False
TXN20240215001986,ACCT205074,MERCH300091,deposit,25.12,atm,2024-02-15 22:06:10,approved,False
TXN20240215001987,ACCT200250,MERCH300200,withdrawal,31.97,atm,2024-02-15 17:52:58,approved,False
TXN20240215001988,ACCT204587,MERCH300107,purchase,41.39,mobile,2024-02-15 19:35:42,approved,False
TXN20240215001989,ACCT200428,MERCH300244,transfer,22.92,in_person,2024-02-15 06:49:31,approved,False
TXN20240215001990,ACCT201102,MERCH300055,purchase,27.21,mobile,2024-02-15 18:25:03,approved,False
TXN20240215001991,ACCT202856,MERCH300247,transfer,27.17,web,2024-02-15 09:11:29,approved,False
TXN20240215001992,ACCT201696,MERCH300297,purchase,16.97,mobile,2024-02-15 07:31:18,approved,False
TXN20240215001993,ACCT203944,MERCH300294,transfer,53.8,in_person,2024-02-15 06:15:26,approved,False
TXN20240215001994,ACCT202043,MERCH300196,purchase,27.83,in_person,2024-02-15 06:24:35,approved,False
TXN20240215001995,ACCT202631,MERCH300205,transfer,112.76,mobile,2024-02-15 02:20:35,approved,False
TXN20240215001996,ACCT203399,MERCH300215,purchase,54.28,mobile,2024-02-15 12:54:21,approved,False
TXN20240215001997,ACCT205039,MERCH300040,purchase,98.0,mobile,2024-02-15 02:28:02,approved,False
TXN20240215001998,ACCT205471,MERCH300223,purchase,55.76,in_person,2024-02-15 18:45:31,approved,False
TXN20240215001999,ACCT203310,MERCH300076,purchase,60.26,mobile,2024-02-15 07:05:59,declined,False
TXN20240215002000,ACCT200835,MERCH300093,purchase,19.27,in_person,2024-02-15 03:00:13,approved,False
TXN20240215002001,ACCT202070,MERCH300231,purchase,5.91,web,2024-02-15 09:37:57,approved,False
TXN20240215002002,ACCT200833,MERCH300045,purchase,25.61,mobile,2024-02-15 23:51:49,approved,False
TXN20240215002003,ACCT204120,MERCH300003,purchase,16.9,web,2024-02-15 19:47:30,approved,False
TXN20240215002004,ACCT203858,MERCH300207,purchase,31.79,mobile,2024-02-15 22:53:44,reversed,False
TXN20240215002005,ACCT205800,MERCH300136,withdrawal,95.28,in_person,2024-02-15 03:27:35,approved,False
TXN20240215002006,ACCT200296,MERCH300117,purchase,22.55,in_person,2024-02-15 03:22:23,approved,False
TXN20240215002007,ACCT203372,MERCH300153,purchase,82.49,web,2024-02-15 16:03:12,approved,False
TXN20240215002008,ACCT206261,MERCH300049,purchase,64.97,in_person,2024-02-15 17:04:49,approved,False
TXN20240215002009,ACCT203889,MERCH300240,transfer,55.79,web,2024-02-15 08:52:18,approved,False
TXN20240215002010,ACCT204429,MERCH300230,purchase,118.1,web,2024-02-15 06:30:51,approved,False
TXN20240215002011,ACCT202752,MERCH300148,purchase,181.69,web,2024-02-15 12:45:02,approved,False
TXN20240215002012,ACCT204144,MERCH300173,purchase,54.57,web,2024-02-15 13:15:54,approved,False
TXN20240215002013,ACCT204373,MERCH300259,purchase,36.82,in_person,2024-02-15 20:20:41,approved,False
TXN20240215002014,ACCT204552,MERCH300047,withdrawal,28.19,in_person,2024-02-15 00:47:23,approved,False
TXN20240215002015,ACCT202787,MERCH300273,purchase,113.99,in_person,2024-02-15 11:55:57,approved,False
TXN20240215002016,ACCT200542,MERCH300290,purchase,430.49,atm,2024-02-15 19:21:11,approved,False
TXN20240215002017,ACCT200577,MERCH300294,deposit,219.22,mobile,2024-02-15 04:04:50,approved,False
TXN20240215002018,ACCT205991,MERCH300171,purchase,19.38,web,2024-02-15 14:36:59,approved,False
TXN20240215002019,ACCT203669,MERCH300211,purchase,7.56,in_person,2024-02-15 05:57:19,approved,False
TXN20240215002020,ACCT205784,MERCH300077,deposit,8.12,mobile,2024-02-15 00:35:26,approved,False
TXN20240215002021,ACCT202943,MERCH300042,purchase,20.29,mobile,2024-02-15 06:19:53,approved,False
TXN20240215002022,ACCT205611,MERCH300037,purchase,19.51,in_person,2024-02-15 18:13:25,approved,False
TXN20240215002023,ACCT201613,MERCH300291,purchase,21.01,web,2024-02-15 10:40:39,approved,False
TXN20240215002024,ACCT205077,MERCH300275,purchase,62.23,atm,2024-02-15 21:44:29,approved,False
TXN20240215002025,ACCT200025,MERCH300230,purchase,132.59,web,2024-02-15 11:15:16,approved,False
TXN20240215002026,ACCT200353,MERCH300031,purchase,17.33,in_person,2024-02-15 02:18:33,approved,False
TXN20240215002027,ACCT202014,MERCH300191,purchase,17.24,in_person,2024-02-15 01:31:47,approved,False
TXN20240215002028,ACCT204069,MERCH300119,purchase,4.75,in_person,2024-02-15 19:00:42,approved,False
TXN20240215002029,ACCT201715,MERCH300108,purchase,59.2,in_person,2024-02-15 10:43:11,approved,False
TXN20240215002030,ACCT200527,MERCH300147,purchase,93.35,atm,2024-02-15 01:18:30,approved,False
TXN20240215002031,ACCT200730,MERCH300016,purchase,17.78,web,2024-02-15 02:11:39,approved,False
TXN20240215002032,ACCT206356,MERCH300168,withdrawal,9.64,in_person,2024-02-15 11:17:12,approved,False
TXN20240215002033,ACCT204334,MERCH300013,purchase,6.7,in_person,2024-02-15 10:20:08,approved,False
TXN20240215002034,ACCT205323,MERCH300150,purchase,69.9,in_person,2024-02-15 00:34:17,approved,False
TXN20240215002035,ACCT201358,MERCH300084,purchase,29.98,mobile,2024-02-15 04:03:51,approved,False
TXN20240215002036,ACCT204030,MERCH300271,purchase,10.05,in_person,2024-02-15 11:06:25,approved,False
TXN20240215002037,ACCT201527,MERCH300270,purchase,2.78,web,2024-02-15 22:17:30,approved,False
TXN20240215002038,ACCT205045,MERCH300136,purchase,17.83,in_person,2024-02-15 21:19:18,approved,False
TXN20240215002039,ACCT203430,MERCH300090,purchase,242.03,web,2024-02-15 09:34:54,approved,False
TXN20240215002040,ACCT204183,MERCH300234,transfer,6.64,in_person,2024-02-15 07:05:21,approved,False
TXN20240215002041,ACCT201616,MERCH300230,transfer,125.06,in_person,2024-02-15 04:56:47,approved,True
TXN20240215002042,ACCT204514,MERCH300048,deposit,64.74,web,2024-02-15 12:13:24,approved,False
TXN20240215002043,ACCT206377,MERCH300206,purchase,15.34,in_person,2024-02-15 01:36:57,reversed,False
TXN20240215002044,ACCT204824,MERCH300076,purchase,31.75,mobile,2024-02-15 05:38:06,approved,False
TXN20240215002045,ACCT202559,MERCH300203,purchase,24.26,in_person,2024-02-15 03:04:15,approved,False
TXN20240215002046,ACCT205830,MERCH300141,purchase,89.02,mobile,2024-02-15 16:03:30,approved,False
TXN20240215002047,ACCT200975,MERCH300209,purchase,5.08,mobile,2024-02-15 11:01:25,declined,False
TXN20240215002048,ACCT202078,MERCH300044,transfer,30.37,web,2024-02-15 12:24:41,declined,False
TXN20240215002049,ACCT202618,MERCH300282,deposit,66.04,mobile,2024-02-15 15:41:24,approved,False
TXN20240215002050,ACCT200808,MERCH300241,purchase,89.68,mobile,2024-02-15 08:53:34,approved,False
TXN20240215002051,ACCT204992,MERCH300204,deposit,24.03,mobile,2024-02-15 03:22:55,approved,False
TXN20240215002052,ACCT206227,MERCH300225,purchase,20.07,in_person,2024-02-15 02:27:47,declined,False
TXN20240215002053,ACCT202331,MERCH300284,purchase,26.55,in_person,2024-02-15 16:26:02,approved,False
TXN20240215002054,ACCT204559,MERCH300185,purchase,117.72,in_person,2024-02-15 01:22:43,approved,False
TXN20240215002055,ACCT204659,MERCH300169,purchase,35.44,in_person,2024-02-15 08:37:28,approved,False
TXN20240215002056,ACCT200370,MERCH300279,purchase,44.59,web,2024-02-15 17:51:18,approved,False
TXN20240215002057,ACCT201323,MERCH300000,withdrawal,102.32,web,2024-02-15 12:19:56,approved,False
TXN20240215002058,ACCT200111,MERCH300037,withdrawal,76.49,mobile,2024-02-15 11:31:09,approved,False
TXN20240215002059,ACCT204490,MERCH300284,purchase,172.86,in_person,2024-02-15 04:13:46,approved,False
TXN20240215002060,ACCT203668,MERCH300276,purchase,66.5,web,2024-02-15 00:38:36,approved,False
TXN20240215002061,ACCT200083,MERCH300225,purchase,66.26,in_person,2024-02-15 01:43:54,approved,False
TXN20240215002062,ACCT204009,MERCH300233,purchase,189.3,mobile,2024-02-15 21:26:38,approved,False
TXN20240215002063,ACCT204760,MERCH300128,deposit,109.31,web,2024-02-15 06:45:42,reversed,False
TXN20240215002064,ACCT204449,MERCH300012,transfer,13.01,in_person,2024-02-15 08:00:55,declined,False
TXN20240215002065,ACCT200275,MERCH300093,purchase,10.14,atm,2024-02-15 05:50:19,approved,False
TXN20240215002066,ACCT205779,MERCH300203,purchase,90.7,web,2024-02-15 19:27:57,approved,False
TXN20240215002067,ACCT204014,MERCH300094,purchase,57.47,web,2024-02-15 16:09:54,approved,False
TXN20240215002068,ACCT203538,MERCH300072,transfer,17.54,mobile,2024-02-15 21:35:57,approved,False
TXN20240215002069,ACCT202593,MERCH300215,purchase,33.82,in_person,2024-02-15 13:21:41,approved,False
TXN20240215002070,ACCT201366,MERCH300010,purchase,59.09,mobile,2024-02-15 12:54:34,approved,False
TXN20240215002071,ACCT200235,MERCH300268,purchase,34.23,web,2024-02-15 09:24:27,approved,False
TXN20240215002072,ACCT203657,MERCH300297,purchase,17.69,web,2024-02-15 23:27:09,approved,False
TXN20240215002073,ACCT205293,MERCH300294,transfer,130.22,web,2024-02-15 17:28:40,approved,False
TXN20240215002074,ACCT204266,MERCH300097,purchase,30.24,mobile,2024-02-15 17:49:41,approved,False
TXN20240215002075,ACCT202608,MERCH300286,purchase,10.22,web,2024-02-15 03:24:24,approved,False
TXN20240215002076,ACCT201099,MERCH300261,purchase,37.72,mobile,2024-02-15 21:38:28,approved,False
TXN20240215002077,ACCT202161,MERCH300083,purchase,255.78,in_person,2024-02-15 14:37:15,approved,False
TXN20240215002078,ACCT202256,MERCH300074,transfer,45.93,web,2024-02-15 07:11:34,approved,False
TXN20240215002079,ACCT203107,MERCH300278,purchase,30.8,mobile,2024-02-15 09:17:27,declined,False
TXN20240215002080,ACCT200674,MERCH300237,purchase,93.97,web,2024-02-15 03:04:48,approved,False
TXN20240215002081,ACCT202508,MERCH300205,purchase,42.86,atm,2024-02-15 23:46:44,approved,False
TXN20240215002082,ACCT201372,MERCH300134,purchase,26.88,in_person,2024-02-15 06:15:59,approved,False
TXN20240215002083,ACCT203037,MERCH300238,deposit,102.42,web,2024-02-15 00:55:29,approved,False
TXN20240215002084,ACCT202194,MERCH300103,purchase,52.1,mobile,2024-02-15 20:03:01,approved,False
TXN20240215002085,ACCT202185,MERCH300264,deposit,33.28,mobile,2024-02-15 05:25:42,approved,False
TXN20240215002086,ACCT204687,MERCH300065,purchase,58.05,atm,2024-02-15 15:20:49,approved,False
TXN20240215002087,ACCT206265,MERCH300231,transfer,3.38,web,2024-02-15 00:54:46,approved,False
TXN20240215002088,ACCT202741,MERCH300179,purchase,36.66,mobile,2024-02-15 21:43:03,approved,False
TXN20240215002089,ACCT203053,MERCH300295,deposit,35.35,web,2024-02-15 21:41:21,approved,False
TXN20240215002090,ACCT200937,MERCH300099,purchase,105.04,in_person,2024-02-15 17:01:42,approved,False
TXN20240215002091,ACCT200475,MERCH300112,purchase,63.32,mobile,2024-02-15 02:52:28,approved,False
TXN20240215002092,ACCT203424,MERCH300123,purchase,34.43,web,2024-02-15 23:18:45,approved,False
TXN20240215002093,ACCT202970,MERCH300080,withdrawal,64.95,atm,2024-02-15 14:02:25,approved,False
TXN20240215002094,ACCT201921,MERCH300154,purchase,132.08,mobile,2024-02-15 23:10:10,approved,False
TXN20240215002095,ACCT201925,MERCH300283,purchase,30.82,web,2024-02-15 13:20:18,approved,False
TXN20240215002096,ACCT204217,MERCH300048,purchase,160.58,in_person,2024-02-15 05:40:08,approved,False
TXN20240215002097,ACCT204665,MERCH300038,transfer,115.54,mobile,2024-02-15 09:57:42,approved,False
TXN20240215002098,ACCT201948,MERCH300260,purchase,48.14,in_person,2024-02-15 23:05:35,approved,False
TXN20240215002099,ACCT204837,MERCH300065,withdrawal,23.69,web,2024-02-15 08:39:25,approved,False
TXN20240215002100,ACCT202607,MERCH300095,transfer,17.55,in_person,2024-02-15 13:07:45,approved,False
TXN20240215002101,ACCT200753,MERCH300165,deposit,131.84,mobile,2024-02-15 11:52:07,approved,False
TXN20240215002102,ACCT201040,MERCH300299,deposit,75.58,web,2024-02-15 06:34:17,approved,False
TXN20240215002103,ACCT203602,MERCH300206,purchase,57.92,atm,2024-02-15 14:05:30,approved,False
TXN20240215002104,ACCT203473,MERCH300176,purchase,43.05,web,2024-02-15 16:15:26,approved,False
TXN20240215002105,ACCT205964,MERCH300293,purchase,115.19,mobile,2024-02-15 09:27:52,approved,False
TXN20240215002106,ACCT204548,MERCH300280,deposit,50.87,mobile,2024-02-15 20:28:54,approved,False
TXN20240215002107,ACCT202619,MERCH300271,purchase,36.25,mobile,2024-02-15 09:36:20,approved,False
TXN20240215002108,ACCT204536,MERCH300153,purchase,84.87,web,2024-02-15 03:27:25,approved,False
TXN20240215002109,ACCT200073,MERCH300212,purchase,79.21,web,2024-02-15 20:57:19,approved,False
TXN20240215002110,ACCT204589,MERCH300159,purchase,60.06,mobile,2024-02-15 02:21:09,approved,False
TXN20240215002111,ACCT202177,MERCH300200,purchase,49.5,in_person,2024-02-15 20:08:10,approved,False
TXN20240215002112,ACCT205226,MERCH300148,purchase,13.68,web,2024-02-15 09:24:01,declined,False
TXN20240215002113,ACCT203031,MERCH300069,transfer,3.92,in_person,2024-02-15 17:49:22,approved,False
TXN20240215002114,ACCT205666,MERCH300239,purchase,24.64,in_person,2024-02-15 16:48:56,approved,False
TXN20240215002115,ACCT205662,MERCH300227,withdrawal,11.32,web,2024-02-15 20:07:22,approved,False
TXN20240215002116,ACCT204058,MERCH300054,purchase,31.28,in_person,2024-02-15 09:34:02,approved,False
TXN20240215002117,ACCT204203,MERCH300007,purchase,54.4,in_person,2024-02-15 08:38:01,approved,False
TXN20240215002118,ACCT202863,MERCH300062,withdrawal,53.78,in_person,2024-02-15 08:51:54,approved,False
TXN20240215002119,ACCT204489,MERCH300078,transfer,9.4,in_person,2024-02-15 15:39:42,approved,False
TXN20240215002120,ACCT204925,MERCH300029,transfer,65.96,web,2024-02-15 22:33:27,approved,False
TXN20240215002121,ACCT203378,MERCH300274,purchase,45.67,web,2024-02-15 08:40:40,approved,True
TXN20240215002122,ACCT201263,MERCH300046,purchase,57.86,web,2024-02-15 20:42:01,approved,False
TXN20240215002123,ACCT202689,MERCH300163,purchase,6.13,web,2024-02-15 06:36:29,approved,False
TXN20240215002124,ACCT201236,MERCH300137,purchase,9.6,in_person,2024-02-15 03:27:11,approved,False
TXN20240215002125,ACCT203436,MERCH300023,deposit,8.34,in_person,2024-02-15 00:02:03,approved,False
TXN20240215002126,ACCT203744,MERCH300005,purchase,75.97,web,2024-02-15 08:28:52,approved,False
TXN20240215002127,ACCT205155,MERCH300068,purchase,11.68,mobile,2024-02-15 09:28:52,approved,False
TXN20240215002128,ACCT205600,MERCH300009,purchase,22.51,atm,2024-02-15 19:05:11,approved,False
TXN20240215002129,ACCT204400,MERCH300189,purchase,42.63,web,2024-02-15 23:53:15,approved,False
TXN20240215002130,ACCT204155,MERCH300164,purchase,48.26,mobile,2024-02-15 03:12:03,approved,False
TXN20240215002131,ACCT201695,MERCH300110,purchase,21.15,atm,2024-02-15 05:33:31,approved,False
TXN20240215002132,ACCT201356,MERCH300141,deposit,32.24,mobile,2024-02-15 05:37:08,approved,False
TXN20240215002133,ACCT203140,MERCH300160,purchase,53.32,mobile,2024-02-15 15:27:49,approved,False
TXN20240215002134,ACCT201907,MERCH300269,purchase,109.11,mobile,2024-02-15 07:46:14,approved,False
TXN20240215002135,ACCT200398,MERCH300241,purchase,78.27,in_person,2024-02-15 14:01:37,approved,False
TXN20240215002136,ACCT203210,MERCH300090,purchase,154.1,web,2024-02-15 06:19:08,approved,False
TXN20240215002137,ACCT202089,MERCH300050,transfer,8.41,in_person,2024-02-15 01:03:00,approved,False
TXN20240215002138,ACCT205498,MERCH300284,withdrawal,24.99,mobile,2024-02-15 12:11:40,approved,False
TXN20240215002139,ACCT204017,MERCH300176,purchase,75.79,mobile,2024-02-15 22:12:24,approved,False
TXN20240215002140,ACCT204111,MERCH300221,purchase,68.85,in_person,2024-02-15 12:37:28,approved,False
TXN20240215002141,ACCT203973,MERCH300192,purchase,58.25,mobile,2024-02-15 02:00:09,approved,False
TXN20240215002142,ACCT202084,MERCH300038,purchase,29.31,web,2024-02-15 15:09:50,approved,False
TXN20240215002143,ACCT206459,MERCH300299,withdrawal,31.33,web,2024-02-15 07:52:28,approved,False
TXN20240215002144,ACCT202584,MERCH300101,purchase,100.26,web,2024-02-15 15:46:29,approved,False
TXN20240215002145,ACCT203164,MERCH300114,deposit,9.23,mobile,2024-02-15 07:29:28,approved,False
TXN20240215002146,ACCT203349,MERCH300130,transfer,108.71,in_person,2024-02-15 14:53:45,approved,False
TXN20240215002147,ACCT206350,MERCH300098,purchase,14.31,in_person,2024-02-15 03:49:28,approved,False
TXN20240215002148,ACCT206244,MERCH300295,deposit,49.09,mobile,2024-02-15 06:36:44,approved,False
TXN20240215002149,ACCT201493,MERCH300157,purchase,21.93,atm,2024-02-15 06:39:53,approved,False
TXN20240215002150,ACCT200270,MERCH300105,purchase,19.23,in_person,2024-02-15 02:42:03,approved,False
TXN20240215002151,ACCT205641,MERCH300105,purchase,119.13,in_person,2024-02-15 10:30:27,approved,False
TXN20240215002152,ACCT205930,MERCH300082,purchase,15.17,mobile,2024-02-15 02:55:16,approved,False
TXN20240215002153,ACCT206418,MERCH300228,purchase,24.58,atm,2024-02-15 21:03:54,approved,False
TXN20240215002154,ACCT205759,MERCH300298,purchase,20.31,web,2024-02-15 02:24:30,approved,False
TXN20240215002155,ACCT200265,MERCH300043,purchase,5.91,in_person,2024-02-15 05:23:28,approved,True
TXN20240215002156,ACCT201773,MERCH300009,transfer,46.51,web,2024-02-15 11:07:24,approved,False
TXN20240215002157,ACCT204383,MERCH300259,purchase,40.32,mobile,2024-02-15 00:33:09,approved,False
TXN20240215002158,ACCT204148,MERCH300191,purchase,163.26,in_person,2024-02-15 18:38:51,approved,True
TXN20240215002159,ACCT203334,MERCH300030,purchase,31.4,atm,2024-02-15 13:42:12,approved,False
TXN20240215002160,ACCT205742,MERCH300093,transfer,111.35,mobile,2024-02-15 02:10:46,approved,False
TXN20240215002161,ACCT205266,MERCH300290,deposit,89.12,web,2024-02-15 12:36:48,approved,False
TXN20240215002162,ACCT202429,MERCH300053,deposit,6.42,mobile,2024-02-15 20:33:17,approved,False
TXN20240215002163,ACCT200665,MERCH300260,purchase,40.48,in_person,2024-02-15 00:01:09,approved,False
TXN20240215002164,ACCT203724,MERCH300133,withdrawal,47.17,web,2024-02-15 21:18:40,declined,False
TXN20240215002165,ACCT205828,MERCH300278,withdrawal,25.54,web,2024-02-15 18:58:22,approved,False
TXN20240215002166,ACCT206302,MERCH300135,transfer,43.55,web,2024-02-15 09:45:45,approved,False
TXN20240215002167,ACCT205474,MERCH300275,deposit,21.57,mobile,2024-02-15 14:25:47,approved,False
TXN20240215002168,ACCT201940,MERCH300231,deposit,29.67,in_person,2024-02-15 09:00:40,approved,False
TXN20240215002169,ACCT202835,MERCH300148,purchase,35.88,atm,2024-02-15 19:11:00,approved,False
TXN20240215002170,ACCT205280,MERCH300000,purchase,95.24,in_person,2024-02-15 11:45:13,approved,False
TXN20240215002171,ACCT200142,MERCH300115,purchase,5.28,web,2024-02-15 22:31:49,approved,False
TXN20240215002172,ACCT201157,MERCH300172,purchase,6.8,web,2024-02-15 08:08:37,approved,False
TXN20240215002173,ACCT203679,MERCH300234,deposit,73.63,web,2024-02-15 16:42:37,approved,False
TXN20240215002174,ACCT202344,MERCH300245,purchase,40.19,web,2024-02-15 11:44:45,approved,False
TXN20240215002175,ACCT203273,MERCH300024,purchase,365.76,mobile,2024-02-15 08:32:57,declined,False
TXN20240215002176,ACCT205154,MERCH300263,purchase,43.42,web,2024-02-15 01:02:08,approved,False
TXN20240215002177,ACCT206452,MERCH300166,purchase,29.79,in_person,2024-02-15 15:21:46,approved,False
TXN20240215002178,ACCT205961,MERCH300228,transfer,34.16,in_person,2024-02-15 23:03:37,approved,False
TXN20240215002179,ACCT202803,MERCH300208,deposit,33.61,web,2024-02-15 13:15:58,approved,False
TXN20240215002180,ACCT203047,MERCH300051,purchase,49.59,in_person,2024-02-15 01:02:54,approved,False
TXN20240215002181,ACCT205583,MERCH300175,purchase,45.08,web,2024-02-15 05:46:13,approved,False
TXN20240215002182,ACCT204852,MERCH300082,transfer,15.59,mobile,2024-02-15 05:41:19,approved,False
TXN20240215002183,ACCT203455,MERCH300142,deposit,104.8,mobile,2024-02-15 13:43:13,approved,False
TXN20240215002184,ACCT204117,MERCH300134,purchase,24.8,in_person,2024-02-15 06:52:27,approved,False
TXN20240215002185,ACCT205686,MERCH300001,purchase,156.96,in_person,2024-02-15 10:43:33,approved,False
TXN20240215002186,ACCT201044,MERCH300267,purchase,32.19,mobile,2024-02-15 13:26:35,approved,False
TXN20240215002187,ACCT202855,MERCH300089,purchase,212.07,web,2024-02-15 03:21:43,approved,False
TXN20240215002188,ACCT201711,MERCH300062,deposit,75.92,in_person,2024-02-15 03:04:36,approved,False
TXN20240215002189,ACCT205445,MERCH300067,purchase,14.81,in_person,2024-02-15 19:46:38,approved,False
TXN20240215002190,ACCT203155,MERCH300212,purchase,12.1,in_person,2024-02-15 04:47:55,approved,False
TXN20240215002191,ACCT205319,MERCH300119,withdrawal,24.17,mobile,2024-02-15 02:28:44,approved,False
TXN20240215002192,ACCT206061,MERCH300227,purchase,62.15,web,2024-02-15 18:38:47,approved,False
TXN20240215002193,ACCT201695,MERCH300296,deposit,73.05,web,2024-02-15 23:36:17,approved,False
TXN20240215002194,ACCT204662,MERCH300091,purchase,84.6,web,2024-02-15 05:26:26,approved,False
TXN20240215002195,ACCT201600,MERCH300011,deposit,74.78,web,2024-02-15 16:56:30,approved,False
TXN20240215002196,ACCT203556,MERCH300017,purchase,15.55,atm,2024-02-15 21:00:00,declined,False
TXN20240215002197,ACCT200871,MERCH300078,deposit,124.52,in_person,2024-02-15 12:59:43,approved,False
TXN20240215002198,ACCT201853,MERCH300283,purchase,12.11,mobile,2024-02-15 07:33:40,reversed,False
TXN20240215002199,ACCT200372,MERCH300262,purchase,5.85,web,2024-02-15 08:55:16,declined,False
TXN20240215002200,ACCT206367,MERCH300274,purchase,17.32,web,2024-02-15 01:57:26,approved,False
TXN20240215002201,ACCT203528,MERCH300066,purchase,23.88,web,2024-02-15 20:27:52,approved,False
TXN20240215002202,ACCT203671,MERCH300135,withdrawal,234.31,mobile,2024-02-15 03:24:19,approved,False
TXN20240215002203,ACCT206420,MERCH300034,withdrawal,52.92,mobile,2024-02-15 00:45:20,approved,False
TXN20240215002204,ACCT202825,MERCH300172,transfer,38.07,in_person,2024-02-15 12:26:17,reversed,False
TXN20240215002205,ACCT204743,MERCH300106,purchase,68.05,web,2024-02-15 18:05:21,approved,False
TXN20240215002206,ACCT203468,MERCH300161,purchase,67.06,in_person,2024-02-15 11:19:17,approved,False
TXN20240215002207,ACCT204974,MERCH300209,withdrawal,6.36,in_person,2024-02-15 17:16:48,approved,False
TXN20240215002208,ACCT204449,MERCH300165,purchase,22.11,atm,2024-02-15 09:54:24,approved,False
TXN20240215002209,ACCT205417,MERCH300275,purchase,81.33,mobile,2024-02-15 02:01:40,approved,False
TXN20240215002210,ACCT203975,MERCH300199,purchase,36.42,web,2024-02-15 10:50:53,approved,False
TXN20240215002211,ACCT202792,MERCH300046,purchase,24.75,in_person,2024-02-15 12:21:22,approved,False
TXN20240215002212,ACCT204480,MERCH300166,purchase,19.21,web,2024-02-15 17:20:10,approved,False
TXN20240215002213,ACCT202563,MERCH300177,purchase,46.82,mobile,2024-02-15 08:05:26,approved,False
TXN20240215002214,ACCT200810,MERCH300033,purchase,9.19,web,2024-02-15 21:54:22,declined,False
TXN20240215002215,ACCT200147,MERCH300247,deposit,61.68,in_person,2024-02-15 16:58:45,approved,False
TXN20240215002216,ACCT204975,MERCH300284,transfer,67.15,in_person,2024-02-15 19:52:35,approved,False
TXN20240215002217,ACCT206095,MERCH300247,purchase,28.77,web,2024-02-15 02:03:18,approved,False
TXN20240215002218,ACCT201372,MERCH300093,purchase,121.15,in_person,2024-02-15 22:36:36,approved,False
TXN20240215002219,ACCT205007,MERCH300103,withdrawal,49.15,mobile,2024-02-15 12:55:47,approved,False
TXN20240215002220,ACCT204775,MERCH300190,withdrawal,21.45,web,2024-02-15 23:34:54,approved,False
TXN20240215002221,ACCT200574,MERCH300282,purchase,11.23,web,2024-02-15 18:49:33,approved,False
TXN20240215002222,ACCT201987,MERCH300261,withdrawal,18.45,web,2024-02-15 10:53:30,approved,False
TXN20240215002223,ACCT201960,MERCH300052,purchase,35.51,mobile,2024-02-15 10:06:57,approved,False
TXN20240215002224,ACCT202287,MERCH300170,deposit,62.89,in_person,2024-02-15 13:20:00,approved,False
TXN20240215002225,ACCT200235,MERCH300004,transfer,62.55,mobile,2024-02-15 21:40:30,approved,False
TXN20240215002226,ACCT205173,MERCH300254,purchase,80.22,atm,2024-02-15 10:23:28,approved,False
TXN20240215002227,ACCT205319,MERCH300085,purchase,62.81,web,2024-02-15 11:42:08,approved,False
TXN20240215002228,ACCT200724,MERCH300275,transfer,144.31,web,2024-02-15 20:17:11,approved,False
TXN20240215002229,ACCT203770,MERCH300184,purchase,13.36,web,2024-02-15 18:50:51,approved,False
TXN20240215002230,ACCT205326,MERCH300081,purchase,38.06,in_person,2024-02-15 07:02:19,approved,False
TXN20240215002231,ACCT204477,MERCH300177,withdrawal,36.5,web,2024-02-15 05:29:15,approved,False
TXN20240215002232,ACCT202172,MERCH300254,purchase,15.97,atm,2024-02-15 09:37:22,approved,False
TXN20240215002233,ACCT205540,MERCH300160,purchase,36.89,mobile,2024-02-15 15:54:38,approved,False
TXN20240215002234,ACCT201082,MERCH300168,purchase,40.34,mobile,2024-02-15 17:47:02,approved,False
TXN20240215002235,ACCT201097,MERCH300295,purchase,26.25,atm,2024-02-15 21:14:55,approved,False
TXN20240215002236,ACCT204694,MERCH300068,purchase,103.6,in_person,2024-02-15 20:52:45,approved,False
TXN20240215002237,ACCT200138,MERCH300058,purchase,10.8,mobile,2024-02-15 03:10:18,approved,False
TXN20240215002238,ACCT205716,MERCH300005,withdrawal,31.2,mobile,2024-02-15 23:20:48,approved,False
TXN20240215002239,ACCT201096,MERCH300043,purchase,22.02,in_person,2024-02-15 12:56:46,approved,False
TXN20240215002240,ACCT204700,MERCH300262,deposit,16.74,mobile,2024-02-15 02:00:40,approved,False
TXN20240215002241,ACCT205915,MERCH300281,transfer,6.03,web,2024-02-15 15:02:19,approved,False
TXN20240215002242,ACCT206335,MERCH300174,purchase,25.7,web,2024-02-15 06:39:27,approved,False
TXN20240215002243,ACCT204211,MERCH300206,purchase,40.9,atm,2024-02-15 14:39:23,approved,False
TXN20240215002244,ACCT205069,MERCH300007,purchase,93.74,mobile,2024-02-15 21:56:14,declined,False
TXN20240215002245,ACCT204072,MERCH300216,purchase,101.34,web,2024-02-15 11:58:46,approved,False
TXN20240215002246,ACCT202026,MERCH300146,transfer,69.47,web,2024-02-15 17:08:35,approved,False
TXN20240215002247,ACCT201793,MERCH300259,purchase,242.64,in_person,2024-02-15 17:58:47,approved,False
TXN20240215002248,ACCT206469,MERCH300079,purchase,107.49,atm,2024-02-15 20:36:45,approved,False
TXN20240215002249,ACCT202297,MERCH300251,purchase,21.1,in_person,2024-02-15 23:17:44,approved,False
TXN20240215002250,ACCT206369,MERCH300060,purchase,78.72,mobile,2024-02-15 07:01:46,approved,False
TXN20240215002251,ACCT205614,MERCH300002,transfer,77.82,web,2024-02-15 05:49:19,approved,False
TXN20240215002252,ACCT206343,MERCH300054,purchase,52.67,in_person,2024-02-15 15:50:15,approved,False
TXN20240215002253,ACCT205551,MERCH300080,purchase,40.14,mobile,2024-02-15 02:30:45,approved,False
TXN20240215002254,ACCT201216,MERCH300207,purchase,12.63,in_person,2024-02-15 18:02:35,approved,False
TXN20240215002255,ACCT204281,MERCH300279,deposit,13.52,mobile,2024-02-15 10:44:15,approved,False
TXN20240215002256,ACCT206383,MERCH300227,purchase,108.35,mobile,2024-02-15 16:58:32,approved,False
TXN20240215002257,ACCT205992,MERCH300264,deposit,21.16,mobile,2024-02-15 17:41:05,approved,False
TXN20240215002258,ACCT201803,MERCH300169,purchase,78.55,mobile,2024-02-15 09:50:48,approved,False
TXN20240215002259,ACCT204037,MERCH300285,purchase,18.8,in_person,2024-02-15 16:39:26,approved,False
TXN20240215002260,ACCT200056,MERCH300284,transfer,4.42,in_person,2024-02-15 09:33:55,approved,False
TXN20240215002261,ACCT203220,MERCH300277,purchase,62.1,in_person,2024-02-15 08:02:12,approved,False
TXN20240215002262,ACCT200903,MERCH300156,purchase,41.1,in_person,2024-02-15 03:47:57,approved,False
TXN20240215002263,ACCT201946,MERCH300267,purchase,35.3,mobile,2024-02-15 17:48:51,approved,False
TXN20240215002264,ACCT202801,MERCH300182,withdrawal,32.58,web,2024-02-15 04:13:33,approved,False
TXN20240215002265,ACCT203134,MERCH300110,purchase,45.19,web,2024-02-15 15:53:37,approved,False
TXN20240215002266,ACCT205688,MERCH300076,withdrawal,5.6,in_person,2024-02-15 07:25:19,approved,False
TXN20240215002267,ACCT203014,MERCH300139,purchase,120.73,atm,2024-02-15 13:29:30,approved,False
TXN20240215002268,ACCT204458,MERCH300284,purchase,113.83,in_person,2024-02-15 22:27:19,approved,False
TXN20240215002269,ACCT205225,MERCH300157,purchase,45.81,in_person,2024-02-15 07:18:34,approved,False
TXN20240215002270,ACCT202203,MERCH300144,withdrawal,93.16,in_person,2024-02-15 16:11:29,approved,False
TXN20240215002271,ACCT200228,MERCH300059,purchase,37.95,in_person,2024-02-15 11:45:04,approved,False
TXN20240215002272,ACCT200240,MERCH300263,purchase,27.74,web,2024-02-15 21:27:28,approved,False
TXN20240215002273,ACCT203548,MERCH300236,transfer,20.82,web,2024-02-15 02:04:22,approved,False
TXN20240215002274,ACCT200979,MERCH300010,purchase,30.28,atm,2024-02-15 15:20:09,approved,False
TXN20240215002275,ACCT201597,MERCH300013,purchase,9.5,in_person,2024-02-15 01:48:51,approved,False
TXN20240215002276,ACCT206145,MERCH300247,purchase,66.97,web,2024-02-15 13:41:16,approved,False
TXN20240215002277,ACCT206475,MERCH300189,deposit,60.53,mobile,2024-02-15 09:18:02,approved,False
TXN20240215002278,ACCT202621,MERCH300103,purchase,127.03,web,2024-02-15 09:22:03,approved,False
TXN20240215002279,ACCT201296,MERCH300131,purchase,14.64,web,2024-02-15 19:41:09,declined,False
TXN20240215002280,ACCT205700,MERCH300288,purchase,62.71,web,2024-02-15 19:25:51,approved,False
TXN20240215002281,ACCT201478,MERCH300281,purchase,32.15,atm,2024-02-15 19:50:38,approved,False
TXN20240215002282,ACCT204562,MERCH300250,purchase,51.09,web,2024-02-15 18:21:24,approved,False
TXN20240215002283,ACCT200195,MERCH300258,transfer,26.79,in_person,2024-02-15 10:10:26,approved,False
TXN20240215002284,ACCT204385,MERCH300147,purchase,52.85,atm,2024-02-15 11:58:15,approved,False
TXN20240215002285,ACCT200912,MERCH300223,purchase,78.17,web,2024-02-15 01:22:25,approved,False
TXN20240215002286,ACCT204076,MERCH300268,withdrawal,37.35,in_person,2024-02-15 23:59:36,approved,False
TXN20240215002287,ACCT200820,MERCH300250,deposit,8.44,web,2024-02-15 09:47:54,reversed,False
TXN20240215002288,ACCT205626,MERCH300174,withdrawal,83.33,in_person,2024-02-15 03:27:34,approved,False
TXN20240215002289,ACCT200293,MERCH300014,purchase,22.15,atm,2024-02-15 09:29:59,approved,False
TXN20240215002290,ACCT203719,MERCH300077,purchase,44.45,mobile,2024-02-15 00:24:39,approved,False
TXN20240215002291,ACCT204462,MERCH300163,purchase,24.55,in_person,2024-02-15 08:15:50,approved,False
TXN20240215002292,ACCT201767,MERCH300283,purchase,55.91,mobile,2024-02-15 09:08:03,declined,False
TXN20240215002293,ACCT200135,MERCH300236,purchase,115.06,in_person,2024-02-15 02:40:41,reversed,False
TXN20240215002294,ACCT206401,MERCH300224,purchase,30.5,web,2024-02-15 06:46:44,approved,False
TXN20240215002295,ACCT203623,MERCH300269,purchase,71.06,in_person,2024-02-15 11:39:25,approved,False
TXN20240215002296,ACCT203174,MERCH300258,purchase,31.04,in_person,2024-02-15 05:38:31,approved,False
TXN20240215002297,ACCT205242,MERCH300159,transfer,21.19,in_person,2024-02-15 16:06:59,approved,False
TXN20240215002298,ACCT201979,MERCH300240,purchase,242.8,in_person,2024-02-15 07:45:39,approved,False
TXN20240215002299,ACCT200286,MERCH300282,purchase,12.53,mobile,2024-02-15 06:28:07,approved,False
TXN20240215002300,ACCT203707,MERCH300052,purchase,24.08,mobile,2024-02-15 08:42:19,approved,False
TXN20240215002301,ACCT201663,MERCH300156,purchase,21.14,atm,2024-02-15 02:27:41,approved,False
TXN20240215002302,ACCT203680,MERCH300196,withdrawal,45.41,mobile,2024-02-15 21:07:53,approved,False
TXN20240215002303,ACCT204569,MERCH300074,deposit,50.48,mobile,2024-02-15 01:48:08,approved,False
TXN20240215002304,ACCT205560,MERCH300233,purchase,30.59,mobile,2024-02-15 00:48:01,approved,False
TXN20240215002305,ACCT203787,MERCH300034,purchase,41.97,mobile,2024-02-15 07:13:47,approved,False
TXN20240215002306,ACCT204519,MERCH300108,purchase,20.31,mobile,2024-02-15 15:50:13,approved,False
TXN20240215002307,ACCT206236,MERCH300066,withdrawal,42.57,in_person,2024-02-15 06:54:07,approved,False
TXN20240215002308,ACCT200276,MERCH300085,purchase,58.98,web,2024-02-15 08:31:04,approved,False
TXN20240215002309,ACCT204411,MERCH300298,purchase,78.26,web,2024-02-15 02:22:19,approved,False
TXN20240215002310,ACCT203550,MERCH300293,purchase,127.18,web,2024-02-15 04:46:35,approved,False
TXN20240215002311,ACCT201099,MERCH300000,purchase,23.25,web,2024-02-15 02:59:46,approved,False
TXN20240215002312,ACCT202039,MERCH300062,purchase,5.6,web,2024-02-15 13:03:17,approved,False
TXN20240215002313,ACCT201625,MERCH300001,transfer,47.47,web,2024-02-15 01:09:45,approved,False
TXN20240215002314,ACCT202672,MERCH300202,purchase,221.87,mobile,2024-02-15 14:36:28,approved,False
TXN20240215002315,ACCT205019,MERCH300185,purchase,55.14,mobile,2024-02-15 15:19:31,approved,False
TXN20240215002316,ACCT204675,MERCH300170,purchase,47.15,mobile,2024-02-15 18:17:55,approved,False
TXN20240215002317,ACCT206174,MERCH300043,purchase,202.91,mobile,2024-02-15 20:20:53,approved,False
TXN20240215002318,ACCT202742,MERCH300155,purchase,34.09,in_person,2024-02-15 10:29:11,approved,False
TXN20240215002319,ACCT202848,MERCH300221,purchase,301.14,mobile,2024-02-15 17:54:27,approved,False
TXN20240215002320,ACCT201377,MERCH300195,purchase,60.71,web,2024-02-15 00:45:52,approved,False
TXN20240215002321,ACCT200393,MERCH300132,purchase,45.27,in_person,2024-02-15 20:00:29,reversed,False
TXN20240215002322,ACCT201106,MERCH300148,purchase,16.5,in_person,2024-02-15 05:56:51,approved,False
TXN20240215002323,ACCT204949,MERCH300204,purchase,10.12,web,2024-02-15 11:57:38,approved,False
TXN20240215002324,ACCT203183,MERCH300125,purchase,29.71,in_person,2024-02-15 02:31:41,approved,False
TXN20240215002325,ACCT205828,MERCH300144,transfer,7.86,in_person,2024-02-15 18:20:31,approved,False
TXN20240215002326,ACCT200421,MERCH300191,purchase,22.59,web,2024-02-15 20:13:40,approved,False
TXN20240215002327,ACCT200063,MERCH300290,purchase,23.91,mobile,2024-02-15 03:50:16,approved,False
TXN20240215002328,ACCT202719,MERCH300020,purchase,28.59,in_person,2024-02-15 06:23:39,approved,False
TXN20240215002329,ACCT201440,MERCH300036,transfer,38.99,mobile,2024-02-15 21:39:00,approved,False
TXN20240215002330,ACCT205117,MERCH300019,purchase,42.84,web,2024-02-15 12:35:40,approved,False
TXN20240215002331,ACCT205077,MERCH300170,purchase,139.02,mobile,2024-02-15 05:20:49,approved,False
TXN20240215002332,ACCT202731,MERCH300250,transfer,52.6,mobile,2024-02-15 06:16:30,approved,False
TXN20240215002333,ACCT200574,MERCH300279,purchase,14.44,atm,2024-02-15 19:07:48,approved,False
TXN20240215002334,ACCT203361,MERCH300226,purchase,62.23,in_person,2024-02-15 14:49:56,approved,False
TXN20240215002335,ACCT202100,MERCH300199,purchase,30.74,mobile,2024-02-15 19:25:14,approved,False
TXN20240215002336,ACCT200091,MERCH300011,transfer,29.94,mobile,2024-02-15 13:30:23,approved,False
TXN20240215002337,ACCT202650,MERCH300153,purchase,32.35,in_person,2024-02-15 22:40:18,approved,False
TXN20240215002338,ACCT206296,MERCH300012,purchase,9.8,in_person,2024-02-15 03:25:26,approved,False
TXN20240215002339,ACCT205541,MERCH300266,purchase,57.95,web,2024-02-15 11:11:25,approved,False
TXN20240215002340,ACCT204665,MERCH300144,transfer,111.23,mobile,2024-02-15 15:41:55,reversed,False
TXN20240215002341,ACCT203317,MERCH300022,purchase,106.03,in_person,2024-02-15 09:45:14,approved,True
TXN20240215002342,ACCT204420,MERCH300186,purchase,14.58,mobile,2024-02-15 08:28:58,approved,False
TXN20240215002343,ACCT200982,MERCH300114,purchase,26.87,in_person,2024-02-15 11:09:33,approved,False
TXN20240215002344,ACCT200233,MERCH300161,purchase,12.18,web,2024-02-15 06:12:18,approved,False
TXN20240215002345,ACCT206194,MERCH300212,withdrawal,98.79,mobile,2024-02-15 00:15:03,approved,False
TXN20240215002346,ACCT204278,MERCH300263,purchase,32.86,in_person,2024-02-15 14:38:25,approved,False
TXN20240215002347,ACCT205705,MERCH300291,purchase,24.46,atm,2024-02-15 20:37:57,approved,False
TXN20240215002348,ACCT205257,MERCH300167,purchase,20.61,mobile,2024-02-15 19:49:32,approved,False
TXN20240215002349,ACCT200601,MERCH300225,withdrawal,56.27,atm,2024-02-15 12:41:58,approved,False
TXN20240215002350,ACCT206454,MERCH300281,purchase,26.39,mobile,2024-02-15 11:07:08,approved,False
TXN20240215002351,ACCT200357,MERCH300245,purchase,28.19,mobile,2024-02-15 22:10:23,reversed,False
TXN20240215002352,ACCT206272,MERCH300046,purchase,11.72,web,2024-02-15 05:30:57,approved,False
TXN20240215002353,ACCT204396,MERCH300232,deposit,13.13,in_person,2024-02-15 09:55:47,approved,False
TXN20240215002354,ACCT206080,MERCH300014,purchase,37.72,mobile,2024-02-15 02:59:14,declined,False
TXN20240215002355,ACCT200275,MERCH300183,transfer,3.1,in_person,2024-02-15 02:55:15,approved,False
TXN20240215002356,ACCT203241,MERCH300259,transfer,62.12,atm,2024-02-15 09:09:51,approved,False
TXN20240215002357,ACCT202931,MERCH300010,purchase,26.24,in_person,2024-02-15 08:44:11,approved,False
TXN20240215002358,ACCT201946,MERCH300241,transfer,18.36,mobile,2024-02-15 20:56:59,approved,False
TXN20240215002359,ACCT203450,MERCH300142,purchase,18.29,in_person,2024-02-15 10:28:34,approved,False
TXN20240215002360,ACCT202030,MERCH300200,transfer,132.97,web,2024-02-15 08:29:09,approved,False
TXN20240215002361,ACCT202357,MERCH300193,purchase,51.93,atm,2024-02-15 10:11:19,approved,False
TXN20240215002362,ACCT202546,MERCH300023,purchase,167.04,atm,2024-02-15 23:05:25,reversed,False
TXN20240215002363,ACCT205314,MERCH300138,transfer,70.26,in_person,2024-02-15 09:21:06,declined,False
TXN20240215002364,ACCT202656,MERCH300214,transfer,204.64,web,2024-02-15 06:58:39,approved,False
TXN20240215002365,ACCT204515,MERCH300195,purchase,7.38,atm,2024-02-15 18:38:45,approved,False
TXN20240215002366,ACCT200438,MERCH300085,deposit,360.33,mobile,2024-02-15 22:16:43,approved,False
TXN20240215002367,ACCT206025,MERCH300117,deposit,47.28,in_person,2024-02-15 18:08:42,approved,False
TXN20240215002368,ACCT200171,MERCH300031,purchase,22.55,in_person,2024-02-15 19:56:16,approved,False
TXN20240215002369,ACCT203641,MERCH300254,withdrawal,19.59,in_person,2024-02-15 03:13:29,approved,False
TXN20240215002370,ACCT201603,MERCH300299,withdrawal,14.58,web,2024-02-15 01:19:59,approved,False
TXN20240215002371,ACCT201514,MERCH300140,purchase,20.95,mobile,2024-02-15 09:57:40,approved,False
TXN20240215002372,ACCT201454,MERCH300226,withdrawal,25.79,in_person,2024-02-15 19:25:12,approved,False
TXN20240215002373,ACCT206297,MERCH300029,purchase,207.38,web,2024-02-15 10:41:00,approved,False
TXN20240215002374,ACCT204685,MERCH300083,deposit,77.53,atm,2024-02-15 15:17:33,approved,False
TXN20240215002375,ACCT200209,MERCH300191,purchase,6.02,mobile,2024-02-15 15:08:11,approved,False
TXN20240215002376,ACCT204167,MERCH300028,purchase,106.04,in_person,2024-02-15 19:00:53,approved,False
TXN20240215002377,ACCT205975,MERCH300089,purchase,77.74,in_person,2024-02-15 21:46:09,approved,False
TXN20240215002378,ACCT203904,MERCH300236,purchase,43.81,mobile,2024-02-15 12:01:25,approved,False
TXN20240215002379,ACCT205571,MERCH300018,deposit,21.48,web,2024-02-15 05:23:33,approved,False
TXN20240215002380,ACCT206258,MERCH300015,purchase,32.47,web,2024-02-15 13:31:31,approved,False
TXN20240215002381,ACCT203375,MERCH300236,purchase,180.53,mobile,2024-02-15 13:14:49,approved,False
TXN20240215002382,ACCT200506,MERCH300123,purchase,58.49,web,2024-02-15 21:58:27,approved,False
TXN20240215002383,ACCT202576,MERCH300109,purchase,59.31,in_person,2024-02-15 14:20:14,approved,False
TXN20240215002384,ACCT204835,MERCH300131,purchase,66.21,in_person,2024-02-15 12:04:09,approved,False
TXN20240215002385,ACCT201648,MERCH300163,purchase,121.91,mobile,2024-02-15 06:49:05,approved,False
TXN20240215002386,ACCT202494,MERCH300229,purchase,14.11,mobile,2024-02-15 23:20:11,approved,False
TXN20240215002387,ACCT202110,MERCH300179,transfer,18.8,web,2024-02-15 18:06:34,approved,False
TXN20240215002388,ACCT204839,MERCH300123,purchase,30.21,web,2024-02-15 07:48:35,approved,False
TXN20240215002389,ACCT206115,MERCH300238,withdrawal,56.78,in_person,2024-02-15 17:35:42,approved,False
TXN20240215002390,ACCT205056,MERCH300172,withdrawal,16.81,web,2024-02-15 08:34:08,approved,False
TXN20240215002391,ACCT202915,MERCH300160,transfer,13.54,web,2024-02-15 13:00:06,approved,False
TXN20240215002392,ACCT203364,MERCH300256,purchase,11.11,in_person,2024-02-15 18:34:47,approved,False
TXN20240215002393,ACCT204757,MERCH300179,purchase,86.53,in_person,2024-02-15 10:56:05,reversed,False
TXN20240215002394,ACCT202487,MERCH300005,transfer,12.15,mobile,2024-02-15 21:52:01,approved,False
TXN20240215002395,ACCT200747,MERCH300064,withdrawal,12.59,web,2024-02-15 13:32:56,approved,False
TXN20240215002396,ACCT204892,MERCH300075,purchase,49.5,web,2024-02-15 03:08:56,approved,False
TXN20240215002397,ACCT203609,MERCH300175,deposit,42.56,in_person,2024-02-15 06:46:11,approved,False
TXN20240215002398,ACCT202911,MERCH300105,purchase,34.87,atm,2024-02-15 00:21:05,approved,False
TXN20240215002399,ACCT202952,MERCH300180,deposit,47.06,web,2024-02-15 19:15:17,approved,False
TXN20240215002400,ACCT202047,MERCH300106,purchase,12.85,web,2024-02-15 10:05:08,approved,False
TXN20240215002401,ACCT204393,MERCH300089,purchase,29.41,in_person,2024-02-15 00:05:37,approved,False
TXN20240215002402,ACCT204630,MERCH300085,deposit,12.35,web,2024-02-15 00:51:49,approved,False
TXN20240215002403,ACCT203537,MERCH300036,purchase,139.77,in_person,2024-02-15 12:25:21,approved,False
TXN20240215002404,ACCT202143,MERCH300270,purchase,87.64,web,2024-02-15 16:24:11,approved,False
TXN20240215002405,ACCT204744,MERCH300160,withdrawal,14.07,in_person,2024-02-15 00:37:01,approved,False
TXN20240215002406,ACCT205091,MERCH300220,purchase,74.88,mobile,2024-02-15 00:19:20,approved,False
TXN20240215002407,ACCT202937,MERCH300055,purchase,27.72,in_person,2024-02-15 00:48:37,approved,False
TXN20240215002408,ACCT204140,MERCH300197,purchase,11.33,in_person,2024-02-15 19:03:41,approved,False
TXN20240215002409,ACCT201698,MERCH300232,purchase,24.84,in_person,2024-02-15 22:25:38,approved,False
TXN20240215002410,ACCT204642,MERCH300299,purchase,42.43,web,2024-02-15 02:16:39,approved,False
TXN20240215002411,ACCT200572,MERCH300141,purchase,32.38,in_person,2024-02-15 22:29:08,approved,False
TXN20240215002412,ACCT202937,MERCH300255,purchase,12.54,in_person,2024-02-15 15:58:10,approved,False
TXN20240215002413,ACCT204923,MERCH300028,withdrawal,29.46,atm,2024-02-15 08:13:05,approved,False
TXN20240215002414,ACCT201314,MERCH300138,purchase,11.38,in_person,2024-02-15 17:21:07,approved,False
TXN20240215002415,ACCT205451,MERCH300116,transfer,57.73,atm,2024-02-15 09:49:09,approved,False
TXN20240215002416,ACCT201071,MERCH300196,purchase,129.98,mobile,2024-02-15 10:20:31,approved,False
TXN20240215002417,ACCT205617,MERCH300034,purchase,56.22,web,2024-02-15 00:46:21,approved,False
TXN20240215002418,ACCT206139,MERCH300077,transfer,98.88,web,2024-02-15 15:21:53,approved,False
TXN20240215002419,ACCT205869,MERCH300026,purchase,20.1,atm,2024-02-15 02:32:28,approved,False
TXN20240215002420,ACCT202353,MERCH300058,withdrawal,13.45,in_person,2024-02-15 04:35:04,approved,False
TXN20240215002421,ACCT201429,MERCH300124,transfer,12.06,mobile,2024-02-15 10:48:01,approved,False
TXN20240215002422,ACCT203825,MERCH300180,deposit,114.06,mobile,2024-02-15 17:41:27,approved,False
TXN20240215002423,ACCT203742,MERCH300075,purchase,28.67,mobile,2024-02-15 02:04:26,approved,False
TXN20240215002424,ACCT204394,MERCH300177,purchase,54.98,in_person,2024-02-15 13:46:36,approved,False
TXN20240215002425,ACCT205586,MERCH300251,purchase,73.23,in_person,2024-02-15 05:46:02,declined,False
TXN20240215002426,ACCT206256,MERCH300002,purchase,22.79,mobile,2024-02-15 11:07:26,approved,False
TXN20240215002427,ACCT206114,MERCH300018,purchase,20.64,in_person,2024-02-15 05:30:22,approved,False
TXN20240215002428,ACCT202047,MERCH300138,withdrawal,8.31,web,2024-02-15 05:32:58,approved,False
TXN20240215002429,ACCT202678,MERCH300019,purchase,111.52,in_person,2024-02-15 11:05:58,approved,False
TXN20240215002430,ACCT202021,MERCH300150,purchase,10.31,web,2024-02-15 11:52:03,approved,False
TXN20240215002431,ACCT204551,MERCH300265,purchase,10.3,in_person,2024-02-15 22:38:17,approved,False
TXN20240215002432,ACCT204788,MERCH300049,purchase,20.55,in_person,2024-02-15 00:20:59,approved,False
TXN20240215002433,ACCT200936,MERCH300097,deposit,27.23,web,2024-02-15 04:31:08,approved,False
TXN20240215002434,ACCT200921,MERCH300077,purchase,55.83,atm,2024-02-15 08:15:53,approved,False
TXN20240215002435,ACCT203417,MERCH300168,withdrawal,44.13,atm,2024-02-15 03:21:17,approved,False
TXN20240215002436,ACCT205902,MERCH300176,purchase,18.47,in_person,2024-02-15 15:22:19,approved,False
TXN20240215002437,ACCT203004,MERCH300290,purchase,134.81,mobile,2024-02-15 11:41:53,approved,False
TXN20240215002438,ACCT200616,MERCH300197,purchase,59.39,in_person,2024-02-15 03:14:14,approved,False
TXN20240215002439,ACCT205690,MERCH300109,purchase,17.06,atm,2024-02-15 06:48:55,approved,True
TXN20240215002440,ACCT204216,MERCH300050,withdrawal,27.54,in_person,2024-02-15 16:14:05,approved,False
TXN20240215002441,ACCT205747,MERCH300091,withdrawal,11.66,in_person,2024-02-15 04:37:36,approved,False
TXN20240215002442,ACCT206188,MERCH300226,purchase,21.5,mobile,2024-02-15 02:05:14,approved,False
TXN20240215002443,ACCT206116,MERCH300056,purchase,86.52,mobile,2024-02-15 16:54:15,approved,False
TXN20240215002444,ACCT205883,MERCH300209,purchase,27.14,web,2024-02-15 09:03:07,approved,False
TXN20240215002445,ACCT200598,MERCH300257,withdrawal,21.74,atm,2024-02-15 23:10:07,approved,False
TXN20240215002446,ACCT202569,MERCH300039,purchase,38.37,mobile,2024-02-15 00:21:10,approved,False
TXN20240215002447,ACCT203271,MERCH300143,purchase,2.47,mobile,2024-02-15 16:59:55,approved,False
TXN20240215002448,ACCT206225,MERCH300016,transfer,109.58,mobile,2024-02-15 16:21:15,approved,False
TXN20240215002449,ACCT202100,MERCH300039,deposit,86.87,in_person,2024-02-15 15:23:25,approved,False
TXN20240215002450,ACCT202073,MERCH300281,purchase,107.88,in_person,2024-02-15 13:21:20,approved,False
TXN20240215002451,ACCT205218,MERCH300244,purchase,18.81,web,2024-02-15 16:14:27,approved,False
TXN20240215002452,ACCT203110,MERCH300249,transfer,4.56,web,2024-02-15 06:56:00,approved,False
TXN20240215002453,ACCT204225,MERCH300001,purchase,35.13,mobile,2024-02-15 14:43:56,approved,False
TXN20240215002454,ACCT202112,MERCH300253,purchase,3.77,web,2024-02-15 14:26:11,approved,False
TXN20240215002455,ACCT204940,MERCH300028,deposit,34.87,in_person,2024-02-15 07:34:13,approved,False
TXN20240215002456,ACCT203002,MERCH300216,purchase,21.78,web,2024-02-15 01:44:47,declined,False
TXN20240215002457,ACCT203040,MERCH300242,deposit,57.28,in_person,2024-02-15 22:37:25,approved,False
TXN20240215002458,ACCT202997,MERCH300023,purchase,72.03,in_person,2024-02-15 19:34:09,approved,False
TXN20240215002459,ACCT201119,MERCH300088,purchase,54.66,web,2024-02-15 17:13:25,approved,False
TXN20240215002460,ACCT206125,MERCH300253,purchase,33.81,mobile,2024-02-15 16:13:01,approved,False
TXN20240215002461,ACCT203889,MERCH300128,deposit,54.65,web,2024-02-15 15:58:55,approved,False
TXN20240215002462,ACCT203474,MERCH300059,purchase,42.76,in_person,2024-02-15 08:06:30,approved,False
TXN20240215002463,ACCT200982,MERCH300234,transfer,9.07,in_person,2024-02-15 17:53:43,approved,False
TXN20240215002464,ACCT204372,MERCH300199,withdrawal,87.93,in_person,2024-02-15 01:13:32,approved,True
TXN20240215002465,ACCT204280,MERCH300075,purchase,109.58,mobile,2024-02-15 08:38:09,approved,False
TXN20240215002466,ACCT205688,MERCH300191,deposit,12.58,mobile,2024-02-15 15:27:09,approved,False
TXN20240215002467,ACCT206315,MERCH300097,purchase,26.85,in_person,2024-02-15 13:13:16,approved,False
TXN20240215002468,ACCT202893,MERCH300002,transfer,58.31,atm,2024-02-15 04:10:58,approved,False
TXN20240215002469,ACCT205534,MERCH300142,withdrawal,45.17,atm,2024-02-15 22:33:26,approved,False
TXN20240215002470,ACCT203595,MERCH300035,purchase,63.69,atm,2024-02-15 13:45:58,approved,False
TXN20240215002471,ACCT200323,MERCH300257,transfer,84.8,in_person,2024-02-15 13:50:27,approved,False
TXN20240215002472,ACCT203053,MERCH300143,purchase,97.42,in_person,2024-02-15 23:41:49,approved,False
TXN20240215002473,ACCT200720,MERCH300153,deposit,14.41,web,2024-02-15 00:59:54,approved,False
TXN20240215002474,ACCT205694,MERCH300124,withdrawal,220.69,atm,2024-02-15 03:43:55,approved,False
TXN20240215002475,ACCT205150,MERCH300284,purchase,54.83,mobile,2024-02-15 10:10:23,approved,False
TXN20240215002476,ACCT204001,MERCH300084,withdrawal,36.72,in_person,2024-02-15 20:41:01,approved,False
TXN20240215002477,ACCT205719,MERCH300120,purchase,26.12,atm,2024-02-15 03:40:07,approved,False
TXN20240215002478,ACCT204454,MERCH300170,transfer,72.76,atm,2024-02-15 11:32:00,approved,False
TXN20240215002479,ACCT202875,MERCH300043,deposit,35.68,in_person,2024-02-15 21:18:07,approved,False
TXN20240215002480,ACCT201736,MERCH300163,transfer,27.61,in_person,2024-02-15 04:19:27,approved,False
TXN20240215002481,ACCT201035,MERCH300194,withdrawal,16.68,atm,2024-02-15 03:12:57,approved,False
TXN20240215002482,ACCT205692,MERCH300102,purchase,93.25,mobile,2024-02-15 12:53:10,approved,False
TXN20240215002483,ACCT204251,MERCH300230,transfer,83.66,mobile,2024-02-15 02:51:00,approved,False
TXN20240215002484,ACCT203312,MERCH300122,withdrawal,26.07,atm,2024-02-15 13:23:42,approved,False
TXN20240215002485,ACCT203402,MERCH300250,transfer,18.65,in_person,2024-02-15 21:17:35,approved,False
TXN20240215002486,ACCT206474,MERCH300065,purchase,112.94,web,2024-02-15 03:38:16,approved,False
TXN20240215002487,ACCT206307,MERCH300045,purchase,19.39,atm,2024-02-15 18:57:10,approved,False
TXN20240215002488,ACCT202771,MERCH300020,purchase,53.24,web,2024-02-15 03:28:56,approved,False
TXN20240215002489,ACCT200693,MERCH300125,transfer,32.33,web,2024-02-15 18:44:02,approved,False
TXN20240215002490,ACCT200284,MERCH300202,withdrawal,25.77,mobile,2024-02-15 19:33:05,approved,False
TXN20240215002491,ACCT205072,MERCH300093,purchase,53.36,mobile,2024-02-15 03:07:57,approved,False
TXN20240215002492,ACCT202825,MERCH300078,transfer,18.98,web,2024-02-15 18:26:27,approved,False
TXN20240215002493,ACCT205757,MERCH300195,purchase,191.6,mobile,2024-02-15 13:20:00,approved,False
TXN20240215002494,ACCT202552,MERCH300142,purchase,21.32,in_person,2024-02-15 00:56:36,approved,False
TXN20240215002495,ACCT202881,MERCH300016,deposit,6.72,web,2024-02-15 18:47:04,approved,False
TXN20240215002496,ACCT203864,MERCH300239,withdrawal,20.13,in_person,2024-02-15 20:23:04,approved,False
TXN20240215002497,ACCT205859,MERCH300286,deposit,113.79,in_person,2024-02-15 04:17:37,approved,False
TXN20240215002498,ACCT204233,MERCH300006,purchase,63.0,in_person,2024-02-15 13:59:15,approved,False
TXN20240215002499,ACCT204181,MERCH300029,purchase,31.82,in_person,2024-02-15 20:33:10,approved,True
TXN20240215002500,ACCT201006,MERCH300159,purchase,22.56,in_person,2024-02-15 07:47:29,approved,False
TXN20240215002501,ACCT203538,MERCH300249,transfer,8.18,web,2024-02-15 13:23:15,approved,False
TXN20240215002502,ACCT200773,MERCH300212,transfer,289.84,in_person,2024-02-15 04:23:57,approved,False
TXN20240215002503,ACCT204897,MERCH300209,purchase,39.25,web,2024-02-15 18:48:09,approved,False
TXN20240215002504,ACCT202586,MERCH300288,withdrawal,40.8,web,2024-02-15 13:38:13,approved,False
TXN20240215002505,ACCT203011,MERCH300192,purchase,30.11,web,2024-02-15 08:53:45,approved,False
TXN20240215002506,ACCT201210,MERCH300178,purchase,54.99,in_person,2024-02-15 03:14:48,declined,False
TXN20240215002507,ACCT205626,MERCH300210,purchase,116.81,atm,2024-02-15 21:55:40,approved,False
TXN20240215002508,ACCT200542,MERCH300009,purchase,112.42,in_person,2024-02-15 10:00:37,approved,False
TXN20240215002509,ACCT200502,MERCH300239,purchase,99.59,atm,2024-02-15 07:50:10,approved,False
TXN20240215002510,ACCT204455,MERCH300129,transfer,62.38,web,2024-02-15 10:04:26,approved,False
TXN20240215002511,ACCT203536,MERCH300247,purchase,92.89,mobile,2024-02-15 17:59:03,approved,False
TXN20240215002512,ACCT204045,MERCH300153,deposit,19.4,web,2024-02-15 14:44:09,approved,False
TXN20240215002513,ACCT200986,MERCH300117,transfer,28.79,in_person,2024-02-15 18:40:13,approved,False
TXN20240215002514,ACCT203128,MERCH300216,purchase,77.23,mobile,2024-02-15 22:03:04,approved,False
TXN20240215002515,ACCT205731,MERCH300259,transfer,14.46,mobile,2024-02-15 09:22:51,approved,False
TXN20240215002516,ACCT203605,MERCH300006,withdrawal,62.22,web,2024-02-15 12:47:29,approved,False
TXN20240215002517,ACCT205585,MERCH300002,purchase,32.16,web,2024-02-15 14:45:10,approved,False
TXN20240215002518,ACCT201427,MERCH300008,purchase,13.33,mobile,2024-02-15 08:17:37,approved,False
TXN20240215002519,ACCT202390,MERCH300103,purchase,22.38,web,2024-02-15 09:06:52,approved,False
TXN20240215002520,ACCT205660,MERCH300181,transfer,10.71,mobile,2024-02-15 08:24:19,approved,False
TXN20240215002521,ACCT205757,MERCH300076,deposit,78.21,in_person,2024-02-15 13:48:16,approved,False
TXN20240215002522,ACCT204318,MERCH300238,purchase,15.19,mobile,2024-02-15 19:40:13,approved,False
TXN20240215002523,ACCT202904,MERCH300204,transfer,9.85,web,2024-02-15 08:58:18,approved,False
TXN20240215002524,ACCT201821,MERCH300152,purchase,20.58,web,2024-02-15 12:45:29,declined,False
TXN20240215002525,ACCT203921,MERCH300247,withdrawal,16.05,web,2024-02-15 14:38:07,approved,False
TXN20240215002526,ACCT206147,MERCH300273,purchase,31.78,in_person,2024-02-15 06:43:58,declined,False
TXN20240215002527,ACCT205192,MERCH300003,deposit,146.54,mobile,2024-02-15 11:51:21,approved,False
TXN20240215002528,ACCT200180,MERCH300043,purchase,69.94,mobile,2024-02-15 05:44:21,approved,False
TXN20240215002529,ACCT202424,MERCH300119,purchase,10.85,web,2024-02-15 21:12:32,approved,False
TXN20240215002530,ACCT205721,MERCH300032,purchase,29.31,mobile,2024-02-15 05:57:10,approved,False
TXN20240215002531,ACCT203099,MERCH300053,purchase,18.03,in_person,2024-02-15 18:05:09,approved,False
TXN20240215002532,ACCT201587,MERCH300205,purchase,18.79,mobile,2024-02-15 09:15:29,approved,False
TXN20240215002533,ACCT206000,MERCH300227,purchase,62.81,in_person,2024-02-15 13:49:25,approved,False
TXN20240215002534,ACCT203226,MERCH300105,purchase,13.05,web,2024-02-15 11:44:12,approved,False
TXN20240215002535,ACCT204761,MERCH300031,purchase,40.7,in_person,2024-02-15 13:54:33,approved,False
TXN20240215002536,ACCT206176,MERCH300287,transfer,18.72,in_person,2024-02-15 09:59:37,approved,False
TXN20240215002537,ACCT202645,MERCH300083,transfer,26.97,mobile,2024-02-15 07:50:20,approved,False
TXN20240215002538,ACCT201248,MERCH300046,withdrawal,94.71,in_person,2024-02-15 17:38:06,approved,False
TXN20240215002539,ACCT203875,MERCH300227,purchase,134.56,web,2024-02-15 01:35:01,approved,False
TXN20240215002540,ACCT204547,MERCH300012,purchase,174.84,mobile,2024-02-15 22:38:02,approved,False
TXN20240215002541,ACCT201766,MERCH300050,withdrawal,17.35,mobile,2024-02-15 09:03:54,approved,False
TXN20240215002542,ACCT202251,MERCH300194,transfer,127.95,web,2024-02-15 23:41:27,declined,False
TXN20240215002543,ACCT202208,MERCH300081,purchase,111.25,in_person,2024-02-15 07:17:08,approved,False
TXN20240215002544,ACCT203497,MERCH300165,purchase,125.07,in_person,2024-02-15 21:19:58,approved,False
TXN20240215002545,ACCT200323,MERCH300215,purchase,77.08,in_person,2024-02-15 05:29:14,approved,False
TXN20240215002546,ACCT200127,MERCH300143,transfer,71.38,in_person,2024-02-15 22:02:12,approved,False
TXN20240215002547,ACCT203460,MERCH300202,purchase,105.98,web,2024-02-15 13:15:16,approved,False
TXN20240215002548,ACCT201512,MERCH300156,transfer,54.82,atm,2024-02-15 01:56:03,approved,False
TXN20240215002549,ACCT200390,MERCH300236,transfer,77.63,in_person,2024-02-15 07:45:06,approved,False
TXN20240215002550,ACCT204512,MERCH300245,purchase,392.1,mobile,2024-02-15 00:26:54,approved,False
TXN20240215002551,ACCT200688,MERCH300012,purchase,10.22,in_person,2024-02-15 11:26:52,approved,False
TXN20240215002552,ACCT204065,MERCH300239,transfer,121.36,mobile,2024-02-15 10:50:46,approved,False
TXN20240215002553,ACCT203135,MERCH300291,purchase,44.91,web,2024-02-15 08:52:45,approved,False
TXN20240215002554,ACCT206443,MERCH300217,purchase,5.92,in_person,2024-02-15 20:04:25,approved,False
TXN20240215002555,ACCT201522,MERCH300045,transfer,14.91,in_person,2024-02-15 21:10:20,approved,False
TXN20240215002556,ACCT205124,MERCH300096,purchase,42.55,in_person,2024-02-15 16:00:47,approved,False
TXN20240215002557,ACCT206419,MERCH300207,purchase,13.24,web,2024-02-15 15:54:19,approved,False
TXN20240215002558,ACCT201045,MERCH300192,purchase,49.22,web,2024-02-15 14:33:37,approved,False
TXN20240215002559,ACCT203096,MERCH300117,withdrawal,14.32,mobile,2024-02-15 19:25:01,approved,False
TXN20240215002560,ACCT204926,MERCH300223,transfer,35.07,in_person,2024-02-15 08:51:18,approved,False
TXN20240215002561,ACCT205465,MERCH300027,purchase,16.01,in_person,2024-02-15 16:59:01,approved,True
TXN20240215002562,ACCT200041,MERCH300031,transfer,6.15,in_person,2024-02-15 04:50:40,approved,False
TXN20240215002563,ACCT200915,MERCH300049,purchase,5.61,in_person,2024-02-15 05:09:37,approved,False
TXN20240215002564,ACCT204100,MERCH300267,purchase,117.16,mobile,2024-02-15 23:58:10,approved,False
TXN20240215002565,ACCT205200,MERCH300092,transfer,30.75,in_person,2024-02-15 18:39:10,approved,False
TXN20240215002566,ACCT200063,MERCH300214,withdrawal,7.39,in_person,2024-02-15 08:58:59,approved,False
TXN20240215002567,ACCT200017,MERCH300055,purchase,18.21,mobile,2024-02-15 19:50:23,approved,False
TXN20240215002568,ACCT204880,MERCH300063,purchase,12.35,in_person,2024-02-15 13:11:14,approved,False
TXN20240215002569,ACCT205789,MERCH300080,purchase,41.96,in_person,2024-02-15 23:04:26,approved,False
TXN20240215002570,ACCT203030,MERCH300100,purchase,30.08,in_person,2024-02-15 15:12:29,approved,False
TXN20240215002571,ACCT200991,MERCH300044,purchase,28.15,web,2024-02-15 02:44:00,approved,False
TXN20240215002572,ACCT200297,MERCH300052,purchase,20.59,web,2024-02-15 15:04:16,approved,False
TXN20240215002573,ACCT203838,MERCH300147,purchase,23.94,web,2024-02-15 17:26:24,approved,False
TXN20240215002574,ACCT200677,MERCH300270,purchase,43.46,mobile,2024-02-15 23:09:39,declined,False
TXN20240215002575,ACCT201601,MERCH300209,purchase,13.82,in_person,2024-02-15 20:51:27,approved,False
TXN20240215002576,ACCT204109,MERCH300197,purchase,42.8,mobile,2024-02-15 00:44:36,approved,False
TXN20240215002577,ACCT204333,MERCH300227,purchase,66.42,web,2024-02-15 06:37:02,approved,False
TXN20240215002578,ACCT203460,MERCH300028,transfer,100.74,web,2024-02-15 10:14:24,approved,False
TXN20240215002579,ACCT203847,MERCH300071,purchase,20.41,mobile,2024-02-15 04:49:43,approved,False
TXN20240215002580,ACCT201263,MERCH300247,purchase,78.86,in_person,2024-02-15 11:25:08,approved,False
TXN20240215002581,ACCT201104,MERCH300198,transfer,37.33,in_person,2024-02-15 16:35:18,approved,False
TXN20240215002582,ACCT204327,MERCH300073,purchase,38.77,mobile,2024-02-15 15:02:23,approved,False
TXN20240215002583,ACCT202732,MERCH300284,purchase,190.84,web,2024-02-15 22:40:24,approved,False
TXN20240215002584,ACCT200513,MERCH300205,purchase,13.73,in_person,2024-02-15 19:40:36,approved,False
TXN20240215002585,ACCT200605,MERCH300164,withdrawal,76.31,mobile,2024-02-15 23:35:47,approved,False
TXN20240215002586,ACCT203430,MERCH300126,purchase,165.15,in_person,2024-02-15 10:22:58,approved,False
TXN20240215002587,ACCT205092,MERCH300012,purchase,52.06,web,2024-02-15 01:00:17,approved,False
TXN20240215002588,ACCT202655,MERCH300118,transfer,28.41,in_person,2024-02-15 08:33:07,approved,False
TXN20240215002589,ACCT201147,MERCH300198,transfer,39.97,in_person,2024-02-15 14:58:33,approved,False
TXN20240215002590,ACCT200817,MERCH300271,withdrawal,38.68,mobile,2024-02-15 18:49:12,approved,False
TXN20240215002591,ACCT203278,MERCH300009,purchase,56.15,in_person,2024-02-15 14:13:54,approved,False
TXN20240215002592,ACCT203616,MERCH300097,deposit,16.86,in_person,2024-02-15 02:47:40,approved,False
TXN20240215002593,ACCT205370,MERCH300249,purchase,71.88,atm,2024-02-15 11:01:32,approved,False
TXN20240215002594,ACCT206064,MERCH300261,purchase,52.84,in_person,2024-02-15 04:59:12,approved,False
TXN20240215002595,ACCT201542,MERCH300153,purchase,62.32,web,2024-02-15 17:38:41,approved,False
TXN20240215002596,ACCT200983,MERCH300253,purchase,47.98,in_person,2024-02-15 12:14:25,approved,False
TXN20240215002597,ACCT200515,MERCH300217,transfer,17.4,mobile,2024-02-15 09:06:58,approved,False
TXN20240215002598,ACCT200756,MERCH300288,purchase,36.37,atm,2024-02-15 19:30:38,approved,False
TXN20240215002599,ACCT205907,MERCH300227,deposit,27.34,mobile,2024-02-15 00:03:20,approved,False
TXN20240215002600,ACCT202794,MERCH300179,purchase,38.13,mobile,2024-02-15 13:55:09,approved,False
TXN20240215002601,ACCT203626,MERCH300246,transfer,21.46,atm,2024-02-15 02:10:27,approved,False
TXN20240215002602,ACCT204634,MERCH300233,purchase,34.33,in_person,2024-02-15 14:20:43,declined,False
TXN20240215002603,ACCT200171,MERCH300210,transfer,14.92,in_person,2024-02-15 20:26:04,approved,False
TXN20240215002604,ACCT200037,MERCH300253,purchase,49.84,mobile,2024-02-15 06:22:18,approved,False
TXN20240215002605,ACCT204964,MERCH300102,purchase,78.58,in_person,2024-02-15 05:20:32,approved,False
TXN20240215002606,ACCT204959,MERCH300085,purchase,90.23,in_person,2024-02-15 03:31:04,approved,False
TXN20240215002607,ACCT200687,MERCH300202,purchase,99.0,web,2024-02-15 16:06:04,approved,False
TXN20240215002608,ACCT205125,MERCH300231,withdrawal,23.43,in_person,2024-02-15 07:01:34,approved,False
TXN20240215002609,ACCT204402,MERCH300173,purchase,81.56,in_person,2024-02-15 07:37:01,approved,False
TXN20240215002610,ACCT200476,MERCH300252,transfer,18.54,web,2024-02-15 22:41:30,approved,False
TXN20240215002611,ACCT203921,MERCH300045,transfer,6.04,web,2024-02-15 01:42:46,approved,False
TXN20240215002612,ACCT202731,MERCH300207,deposit,63.01,in_person,2024-02-15 22:20:45,approved,False
TXN20240215002613,ACCT205462,MERCH300279,purchase,20.81,mobile,2024-02-15 05:56:16,approved,False
TXN20240215002614,ACCT205671,MERCH300258,purchase,45.15,mobile,2024-02-15 01:48:18,approved,False
TXN20240215002615,ACCT200880,MERCH300122,purchase,10.45,mobile,2024-02-15 15:49:40,approved,False
TXN20240215002616,ACCT203718,MERCH300092,purchase,7.24,in_person,2024-02-15 01:30:01,approved,False
TXN20240215002617,ACCT204047,MERCH300227,purchase,71.77,web,2024-02-15 05:32:47,approved,False
TXN20240215002618,ACCT202859,MERCH300222,purchase,62.76,in_person,2024-02-15 12:38:06,approved,False
TXN20240215002619,ACCT203668,MERCH300293,transfer,53.28,atm,2024-02-15 03:37:26,approved,False
TXN20240215002620,ACCT200359,MERCH300281,purchase,34.34,in_person,2024-02-15 05:26:30,approved,False
TXN20240215002621,ACCT201216,MERCH300197,transfer,5.22,mobile,2024-02-15 12:11:37,approved,False
TXN20240215002622,ACCT205179,MERCH300257,purchase,17.15,web,2024-02-15 08:06:18,approved,False
TXN20240215002623,ACCT202497,MERCH300210,deposit,14.52,mobile,2024-02-15 15:51:02,approved,False
TXN20240215002624,ACCT200073,MERCH300053,deposit,60.81,web,2024-02-15 00:52:10,approved,False
TXN20240215002625,ACCT202397,MERCH300287,purchase,48.85,in_person,2024-02-15 15:23:01,approved,False
TXN20240215002626,ACCT203718,MERCH300287,purchase,16.68,mobile,2024-02-15 03:18:30,approved,False
TXN20240215002627,ACCT202127,MERCH300237,withdrawal,12.25,in_person,2024-02-15 08:08:42,approved,False
TXN20240215002628,ACCT200485,MERCH300209,purchase,98.21,web,2024-02-15 08:36:11,approved,False
TXN20240215002629,ACCT202642,MERCH300168,purchase,59.75,web,2024-02-15 18:39:50,approved,False
TXN20240215002630,ACCT201731,MERCH300177,purchase,13.25,web,2024-02-15 16:17:30,approved,False
TXN20240215002631,ACCT202068,MERCH300232,purchase,84.15,in_person,2024-02-15 11:39:10,approved,False
TXN20240215002632,ACCT203619,MERCH300290,transfer,24.98,in_person,2024-02-15 20:06:10,approved,False
TXN20240215002633,ACCT201756,MERCH300066,purchase,34.0,atm,2024-02-15 15:46:51,approved,False
TXN20240215002634,ACCT201537,MERCH300157,purchase,28.71,web,2024-02-15 17:28:42,approved,False
TXN20240215002635,ACCT201033,MERCH300178,purchase,17.2,mobile,2024-02-15 01:54:42,approved,False
TXN20240215002636,ACCT204909,MERCH300011,withdrawal,94.53,atm,2024-02-15 17:18:00,declined,False
TXN20240215002637,ACCT200737,MERCH300057,purchase,9.59,in_person,2024-02-15 13:14:27,approved,False
TXN20240215002638,ACCT204279,MERCH300142,deposit,115.09,in_person,2024-02-15 07:12:47,approved,False
TXN20240215002639,ACCT205939,MERCH300172,transfer,127.54,in_person,2024-02-15 06:10:01,approved,False
TXN20240215002640,ACCT206438,MERCH300073,purchase,58.21,in_person,2024-02-15 03:29:59,approved,False
TXN20240215002641,ACCT202773,MERCH300098,withdrawal,40.54,in_person,2024-02-15 09:00:45,approved,False
TXN20240215002642,ACCT201449,MERCH300013,purchase,33.88,in_person,2024-02-15 01:42:35,approved,False
TXN20240215002643,ACCT205454,MERCH300107,purchase,77.62,mobile,2024-02-15 02:23:57,approved,False
TXN20240215002644,ACCT201073,MERCH300112,transfer,53.36,in_person,2024-02-15 12:59:41,approved,False
TXN20240215002645,ACCT205602,MERCH300282,purchase,49.05,in_person,2024-02-15 06:50:24,approved,False
TXN20240215002646,ACCT202664,MERCH300177,purchase,49.65,in_person,2024-02-15 03:25:32,approved,False
TXN20240215002647,ACCT203631,MERCH300026,transfer,11.47,in_person,2024-02-15 04:02:33,approved,False
TXN20240215002648,ACCT200929,MERCH300011,purchase,22.96,web,2024-02-15 17:22:56,approved,False
TXN20240215002649,ACCT202196,MERCH300146,purchase,224.9,in_person,2024-02-15 03:45:22,approved,False
TXN20240215002650,ACCT204500,MERCH300243,transfer,19.88,web,2024-02-15 19:26:28,approved,False
TXN20240215002651,ACCT205522,MERCH300255,purchase,91.19,web,2024-02-15 17:07:57,approved,False
TXN20240215002652,ACCT200258,MERCH300221,transfer,27.73,in_person,2024-02-15 23:16:33,approved,False
TXN20240215002653,ACCT203388,MERCH300165,purchase,35.53,mobile,2024-02-15 19:01:09,approved,False
TXN20240215002654,ACCT206283,MERCH300059,purchase,13.21,in_person,2024-02-15 10:36:16,approved,False
TXN20240215002655,ACCT202883,MERCH300079,purchase,188.87,web,2024-02-15 12:46:08,approved,False
TXN20240215002656,ACCT205798,MERCH300036,transfer,11.73,mobile,2024-02-15 09:44:11,approved,False
TXN20240215002657,ACCT202410,MERCH300129,deposit,7.03,web,2024-02-15 08:37:30,approved,False
TXN20240215002658,ACCT203944,MERCH300264,purchase,17.69,web,2024-02-15 06:40:07,approved,False
TXN20240215002659,ACCT205936,MERCH300016,deposit,28.61,web,2024-02-15 18:48:58,approved,False
TXN20240215002660,ACCT200524,MERCH300159,purchase,10.73,web,2024-02-15 10:13:51,approved,False
TXN20240215002661,ACCT201021,MERCH300277,transfer,118.5,web,2024-02-15 15:12:26,approved,False
TXN20240215002662,ACCT204722,MERCH300191,purchase,46.88,web,2024-02-15 10:18:29,approved,False
TXN20240215002663,ACCT204821,MERCH300234,purchase,56.4,web,2024-02-15 10:26:23,approved,False
TXN20240215002664,ACCT200925,MERCH300052,purchase,44.75,in_person,2024-02-15 09:37:24,approved,False
TXN20240215002665,ACCT201698,MERCH300267,transfer,109.46,atm,2024-02-15 19:04:54,approved,False
TXN20240215002666,ACCT205181,MERCH300041,transfer,5.91,in_person,2024-02-15 14:51:25,approved,False
TXN20240215002667,ACCT203969,MERCH300214,purchase,5.21,web,2024-02-15 17:07:12,approved,False
TXN20240215002668,ACCT204401,MERCH300286,transfer,12.75,in_person,2024-02-15 23:14:35,approved,False
TXN20240215002669,ACCT205539,MERCH300057,purchase,121.52,mobile,2024-02-15 05:53:40,approved,False
TXN20240215002670,ACCT202680,MERCH300151,deposit,10.51,mobile,2024-02-15 03:29:15,approved,False
TXN20240215002671,ACCT200720,MERCH300298,purchase,26.55,atm,2024-02-15 00:41:29,approved,False
TXN20240215002672,ACCT203936,MERCH300070,purchase,8.54,in_person,2024-02-15 11:57:00,approved,False
TXN20240215002673,ACCT200347,MERCH300000,withdrawal,12.95,atm,2024-02-15 21:56:26,approved,False
TXN20240215002674,ACCT204215,MERCH300197,purchase,24.22,web,2024-02-15 03:23:12,approved,False
TXN20240215002675,ACCT202277,MERCH300138,purchase,193.32,atm,2024-02-15 15:01:11,reversed,False
TXN20240215002676,ACCT202163,MERCH300199,withdrawal,45.31,mobile,2024-02-15 15:44:46,approved,False
TXN20240215002677,ACCT204033,MERCH300060,purchase,69.93,mobile,2024-02-15 16:05:41,approved,False
TXN20240215002678,ACCT200818,MERCH300289,deposit,34.27,mobile,2024-02-15 06:00:33,approved,False
TXN20240215002679,ACCT204419,MERCH300214,purchase,22.2,web,2024-02-15 21:43:50,approved,False
TXN20240215002680,ACCT200541,MERCH300048,transfer,11.3,web,2024-02-15 12:02:17,approved,False
TXN20240215002681,ACCT204512,MERCH300131,transfer,218.82,atm,2024-02-15 05:59:11,approved,False
TXN20240215002682,ACCT205991,MERCH300177,purchase,43.75,in_person,2024-02-15 19:18:35,approved,False
TXN20240215002683,ACCT201600,MERCH300240,purchase,33.73,in_person,2024-02-15 18:54:23,approved,False
TXN20240215002684,ACCT204057,MERCH300102,withdrawal,77.05,web,2024-02-15 03:06:45,approved,False
TXN20240215002685,ACCT202088,MERCH300087,purchase,46.98,web,2024-02-15 19:10:49,approved,False
TXN20240215002686,ACCT202677,MERCH300042,withdrawal,89.03,web,2024-02-15 18:33:33,approved,False
TXN20240215002687,ACCT205596,MERCH300063,purchase,28.22,in_person,2024-02-15 08:21:25,approved,False
TXN20240215002688,ACCT203425,MERCH300290,withdrawal,56.1,in_person,2024-02-15 17:07:01,approved,False
TXN20240215002689,ACCT203528,MERCH300180,purchase,16.7,web,2024-02-15 10:48:29,approved,False
TXN20240215002690,ACCT200741,MERCH300053,purchase,83.62,atm,2024-02-15 11:26:17,approved,False
TXN20240215002691,ACCT200060,MERCH300262,transfer,160.78,mobile,2024-02-15 19:11:23,approved,False
TXN20240215002692,ACCT205213,MERCH300077,deposit,61.87,mobile,2024-02-15 04:00:15,approved,False
TXN20240215002693,ACCT203925,MERCH300189,purchase,16.0,web,2024-02-15 10:04:19,approved,False
TXN20240215002694,ACCT202817,MERCH300074,withdrawal,62.8,atm,2024-02-15 19:45:34,approved,False
TXN20240215002695,ACCT201728,MERCH300066,withdrawal,44.42,web,2024-02-15 19:17:05,approved,False
TXN20240215002696,ACCT204721,MERCH300084,purchase,13.44,in_person,2024-02-15 00:56:23,approved,False
TXN20240215002697,ACCT202632,MERCH300098,deposit,191.98,in_person,2024-02-15 07:03:32,approved,False
TXN20240215002698,ACCT202920,MERCH300277,purchase,63.57,in_person,2024-02-15 20:43:47,approved,False
TXN20240215002699,ACCT203081,MERCH300142,transfer,94.45,web,2024-02-15 01:02:58,approved,False
TXN20240215002700,ACCT200593,MERCH300195,transfer,36.58,atm,2024-02-15 02:15:59,approved,False
TXN20240215002701,ACCT203552,MERCH300187,purchase,26.2,web,2024-02-15 21:16:49,approved,False
TXN20240215002702,ACCT203605,MERCH300216,purchase,60.23,in_person,2024-02-15 21:51:29,approved,False
TXN20240215002703,ACCT201267,MERCH300023,withdrawal,84.46,in_person,2024-02-15 02:07:18,approved,False
TXN20240215002704,ACCT203117,MERCH300098,purchase,19.69,mobile,2024-02-15 03:04:16,approved,False
TXN20240215002705,ACCT204519,MERCH300251,purchase,78.67,atm,2024-02-15 07:58:22,approved,False
TXN20240215002706,ACCT200255,MERCH300003,purchase,75.71,atm,2024-02-15 13:17:13,approved,False
TXN20240215002707,ACCT201988,MERCH300016,purchase,47.5,web,2024-02-15 16:32:55,approved,False
TXN20240215002708,ACCT201615,MERCH300179,purchase,52.8,web,2024-02-15 09:51:32,approved,False
TXN20240215002709,ACCT200804,MERCH300103,deposit,80.41,mobile,2024-02-15 17:28:07,approved,False
TXN20240215002710,ACCT203543,MERCH300260,purchase,55.35,atm,2024-02-15 07:03:43,approved,False
TXN20240215002711,ACCT204843,MERCH300004,transfer,37.6,in_person,2024-02-15 21:21:40,approved,False
TXN20240215002712,ACCT205162,MERCH300270,purchase,50.02,web,2024-02-15 08:01:31,approved,False
TXN20240215002713,ACCT203815,MERCH300082,purchase,34.98,mobile,2024-02-15 20:45:35,approved,False
TXN20240215002714,ACCT204433,MERCH300228,purchase,34.59,mobile,2024-02-15 14:25:57,approved,False
TXN20240215002715,ACCT206199,MERCH300059,transfer,14.86,mobile,2024-02-15 19:07:51,approved,False
TXN20240215002716,ACCT206207,MERCH300212,purchase,13.93,mobile,2024-02-15 09:36:18,approved,False
TXN20240215002717,ACCT204883,MERCH300095,purchase,80.41,in_person,2024-02-15 08:52:48,approved,False
TXN20240215002718,ACCT202878,MERCH300250,deposit,96.02,atm,2024-02-15 10:25:30,approved,False
TXN20240215002719,ACCT201412,MERCH300134,deposit,75.33,mobile,2024-02-15 16:18:04,approved,False
TXN20240215002720,ACCT203395,MERCH300230,purchase,75.13,mobile,2024-02-15 07:11:40,approved,False
TXN20240215002721,ACCT201936,MERCH300268,transfer,42.76,mobile,2024-02-15 16:42:36,approved,False
TXN20240215002722,ACCT201092,MERCH300071,purchase,223.21,atm,2024-02-15 14:49:36,approved,False
TXN20240215002723,ACCT200299,MERCH300256,purchase,105.21,in_person,2024-02-15 10:57:29,approved,False
TXN20240215002724,ACCT202527,MERCH300076,purchase,112.82,atm,2024-02-15 01:59:52,declined,False
TXN20240215002725,ACCT201219,MERCH300269,purchase,21.93,mobile,2024-02-15 00:22:24,approved,False
TXN20240215002726,ACCT205722,MERCH300040,purchase,85.97,in_person,2024-02-15 14:59:46,approved,False
TXN20240215002727,ACCT205633,MERCH300043,purchase,96.28,mobile,2024-02-15 18:12:44,approved,False
TXN20240215002728,ACCT205992,MERCH300109,purchase,11.2,mobile,2024-02-15 06:37:54,approved,False
TXN20240215002729,ACCT201051,MERCH300199,transfer,42.62,web,2024-02-15 04:26:04,approved,False
TXN20240215002730,ACCT203907,MERCH300174,purchase,42.83,mobile,2024-02-15 13:37:19,approved,False
TXN20240215002731,ACCT200263,MERCH300163,purchase,70.78,web,2024-02-15 08:18:07,approved,False
TXN20240215002732,ACCT200530,MERCH300038,purchase,375.33,in_person,2024-02-15 23:44:12,declined,False
TXN20240215002733,ACCT202153,MERCH300165,purchase,50.51,web,2024-02-15 09:04:37,approved,False
TXN20240215002734,ACCT200352,MERCH300080,purchase,34.63,in_person,2024-02-15 17:56:42,approved,False
TXN20240215002735,ACCT206260,MERCH300094,purchase,35.99,web,2024-02-15 04:06:34,declined,False
TXN20240215002736,ACCT201287,MERCH300268,transfer,74.94,in_person,2024-02-15 06:08:08,approved,False
TXN20240215002737,ACCT202652,MERCH300105,purchase,16.16,mobile,2024-02-15 04:03:46,approved,False
TXN20240215002738,ACCT206068,MERCH300145,purchase,30.26,in_person,2024-02-15 23:46:08,approved,False
TXN20240215002739,ACCT202683,MERCH300186,purchase,51.12,web,2024-02-15 14:22:48,approved,False
TXN20240215002740,ACCT205575,MERCH300241,purchase,157.74,in_person,2024-02-15 03:18:50,approved,False
TXN20240215002741,ACCT206008,MERCH300099,deposit,34.97,mobile,2024-02-15 17:59:45,approved,False
TXN20240215002742,ACCT202130,MERCH300096,purchase,10.38,mobile,2024-02-15 16:57:37,approved,False
TXN20240215002743,ACCT205650,MERCH300058,purchase,72.95,mobile,2024-02-15 18:22:58,approved,False
TXN20240215002744,ACCT200315,MERCH300045,purchase,124.0,in_person,2024-02-15 02:25:57,approved,False
TXN20240215002745,ACCT205840,MERCH300006,purchase,46.58,mobile,2024-02-15 22:53:35,approved,False
TXN20240215002746,ACCT206016,MERCH300214,purchase,108.09,mobile,2024-02-15 03:59:58,approved,False
TXN20240215002747,ACCT200993,MERCH300211,purchase,107.41,in_person,2024-02-15 21:39:28,declined,False
TXN20240215002748,ACCT203554,MERCH300270,withdrawal,40.38,mobile,2024-02-15 12:42:22,approved,False
TXN20240215002749,ACCT204425,MERCH300156,purchase,52.62,web,2024-02-15 23:29:25,approved,False
TXN20240215002750,ACCT204626,MERCH300035,purchase,172.8,in_person,2024-02-15 04:15:20,approved,False
TXN20240215002751,ACCT203238,MERCH300103,deposit,12.1,in_person,2024-02-15 17:25:41,declined,False
TXN20240215002752,ACCT200503,MERCH300109,purchase,9.53,web,2024-02-15 08:13:55,approved,False
TXN20240215002753,ACCT203282,MERCH300186,purchase,32.34,web,2024-02-15 13:59:26,approved,False
TXN20240215002754,ACCT205375,MERCH300272,purchase,6.91,mobile,2024-02-15 14:36:05,approved,False
TXN20240215002755,ACCT203340,MERCH300291,withdrawal,25.76,web,2024-02-15 14:42:09,approved,False
TXN20240215002756,ACCT203834,MERCH300006,purchase,38.44,atm,2024-02-15 05:45:03,approved,False
TXN20240215002757,ACCT202296,MERCH300041,purchase,53.7,in_person,2024-02-15 04:51:22,approved,False
TXN20240215002758,ACCT204934,MERCH300111,transfer,28.81,web,2024-02-15 00:45:53,approved,False
TXN20240215002759,ACCT206447,MERCH300074,transfer,8.98,in_person,2024-02-15 19:54:31,approved,False
TXN20240215002760,ACCT205909,MERCH300292,purchase,68.13,in_person,2024-02-15 23:17:43,approved,False
TXN20240215002761,ACCT205101,MERCH300063,purchase,23.69,in_person,2024-02-15 16:30:25,approved,False
TXN20240215002762,ACCT206228,MERCH300058,purchase,37.12,web,2024-02-15 09:47:25,approved,False
TXN20240215002763,ACCT203719,MERCH300196,transfer,33.8,web,2024-02-15 18:10:53,approved,False
TXN20240215002764,ACCT205220,MERCH300261,purchase,144.19,mobile,2024-02-15 04:20:22,approved,False
TXN20240215002765,ACCT201167,MERCH300230,purchase,94.16,atm,2024-02-15 05:25:17,approved,False
TXN20240215002766,ACCT204720,MERCH300152,purchase,55.44,web,2024-02-15 22:29:10,approved,False
TXN20240215002767,ACCT206279,MERCH300149,purchase,23.69,web,2024-02-15 13:07:21,approved,False
TXN20240215002768,ACCT200778,MERCH300208,deposit,6.47,in_person,2024-02-15 21:42:21,approved,False
TXN20240215002769,ACCT200046,MERCH300251,purchase,90.51,in_person,2024-02-15 06:37:00,approved,False
TXN20240215002770,ACCT202741,MERCH300110,purchase,13.84,web,2024-02-15 18:24:09,approved,False
TXN20240215002771,ACCT201863,MERCH300198,withdrawal,43.03,web,2024-02-15 13:20:55,approved,False
TXN20240215002772,ACCT203082,MERCH300108,purchase,43.25,web,2024-02-15 05:16:18,approved,False
TXN20240215002773,ACCT200908,MERCH300032,purchase,12.4,mobile,2024-02-15 11:35:14,approved,False
TXN20240215002774,ACCT201287,MERCH300088,purchase,140.98,in_person,2024-02-15 13:29:04,declined,False
TXN20240215002775,ACCT204137,MERCH300148,purchase,35.65,web,2024-02-15 21:02:44,approved,False
TXN20240215002776,ACCT205230,MERCH300149,transfer,55.49,atm,2024-02-15 11:34:52,approved,False
TXN20240215002777,ACCT205118,MERCH300063,purchase,27.63,web,2024-02-15 16:54:01,approved,False
TXN20240215002778,ACCT204281,MERCH300028,transfer,23.48,web,2024-02-15 20:41:05,approved,False
TXN20240215002779,ACCT202391,MERCH300193,withdrawal,37.08,in_person,2024-02-15 00:07:09,approved,False
TXN20240215002780,ACCT200824,MERCH300249,purchase,9.74,in_person,2024-02-15 20:16:17,approved,False
TXN20240215002781,ACCT204244,MERCH300044,purchase,86.04,mobile,2024-02-15 17:05:57,approved,False
TXN20240215002782,ACCT204291,MERCH300097,withdrawal,4.35,mobile,2024-02-15 14:53:55,approved,False
TXN20240215002783,ACCT202062,MERCH300169,purchase,7.99,web,2024-02-15 11:38:26,approved,False
TXN20240215002784,ACCT202138,MERCH300160,purchase,35.99,mobile,2024-02-15 11:35:40,approved,False
TXN20240215002785,ACCT202679,MERCH300030,transfer,35.66,in_person,2024-02-15 14:14:13,approved,False
TXN20240215002786,ACCT205230,MERCH300051,purchase,130.28,mobile,2024-02-15 09:55:40,approved,False
TXN20240215002787,ACCT202753,MERCH300170,transfer,9.07,mobile,2024-02-15 21:30:59,approved,False
TXN20240215002788,ACCT205141,MERCH300200,purchase,267.3,web,2024-02-15 14:28:32,approved,False
TXN20240215002789,ACCT201040,MERCH300050,transfer,119.6,in_person,2024-02-15 20:27:45,approved,False
TXN20240215002790,ACCT204265,MERCH300093,purchase,92.41,atm,2024-02-15 01:47:31,approved,False
TXN20240215002791,ACCT200192,MERCH300054,purchase,35.65,in_person,2024-02-15 07:20:42,approved,False
TXN20240215002792,ACCT202260,MERCH300059,purchase,70.78,mobile,2024-02-15 08:38:34,approved,False
TXN20240215002793,ACCT203883,MERCH300045,transfer,43.31,in_person,2024-02-15 05:08:45,approved,False
TXN20240215002794,ACCT200527,MERCH300038,purchase,27.12,in_person,2024-02-15 22:57:10,approved,False
TXN20240215002795,ACCT204169,MERCH300113,purchase,26.05,mobile,2024-02-15 02:37:22,approved,False
TXN20240215002796,ACCT204399,MERCH300135,purchase,78.06,mobile,2024-02-15 01:02:32,approved,True
TXN20240215002797,ACCT200103,MERCH300129,purchase,163.28,web,2024-02-15 12:04:07,approved,False
TXN20240215002798,ACCT201868,MERCH300142,purchase,65.65,web,2024-02-15 06:49:44,approved,False
TXN20240215002799,ACCT201088,MERCH300090,purchase,22.92,in_person,2024-02-15 19:44:32,approved,False
TXN20240215002800,ACCT202663,MERCH300070,purchase,115.03,mobile,2024-02-15 02:56:07,approved,False
TXN20240215002801,ACCT205154,MERCH300264,purchase,54.86,mobile,2024-02-15 07:44:36,approved,False
TXN20240215002802,ACCT200739,MERCH300098,transfer,33.77,web,2024-02-15 13:54:17,approved,False
TXN20240215002803,ACCT203297,MERCH300023,purchase,95.13,in_person,2024-02-15 21:05:47,approved,False
TXN20240215002804,ACCT204821,MERCH300285,deposit,63.01,mobile,2024-02-15 02:16:37,approved,False
TXN20240215002805,ACCT204383,MERCH300278,deposit,65.03,web,2024-02-15 17:34:09,approved,False
TXN20240215002806,ACCT202114,MERCH300144,purchase,187.33,in_person,2024-02-15 19:51:20,approved,False
TXN20240215002807,ACCT204390,MERCH300129,purchase,19.62,mobile,2024-02-15 09:24:04,approved,False
TXN20240215002808,ACCT202084,MERCH300121,deposit,40.24,in_person,2024-02-15 19:31:20,approved,False
TXN20240215002809,ACCT202947,MERCH300279,withdrawal,28.6,web,2024-02-15 23:14:34,approved,False
TXN20240215002810,ACCT201915,MERCH300141,purchase,63.07,mobile,2024-02-15 04:40:52,approved,False
TXN20240215002811,ACCT202848,MERCH300015,transfer,422.45,in_person,2024-02-15 01:13:06,approved,False
TXN20240215002812,ACCT201317,MERCH300285,purchase,78.48,atm,2024-02-15 11:06:39,approved,False
TXN20240215002813,ACCT200924,MERCH300144,purchase,40.86,web,2024-02-15 09:06:23,approved,False
TXN20240215002814,ACCT204843,MERCH300288,transfer,18.25,web,2024-02-15 07:37:27,approved,False
TXN20240215002815,ACCT204436,MERCH300166,purchase,32.05,web,2024-02-15 08:29:21,approved,False
TXN20240215002816,ACCT204725,MERCH300248,withdrawal,31.41,web,2024-02-15 09:54:09,approved,False
TXN20240215002817,ACCT204133,MERCH300182,transfer,2.78,in_person,2024-02-15 02:43:20,approved,False
TXN20240215002818,ACCT203660,MERCH300069,purchase,134.42,in_person,2024-02-15 02:34:32,approved,False
TXN20240215002819,ACCT205339,MERCH300268,purchase,58.39,web,2024-02-15 02:00:30,approved,False
TXN20240215002820,ACCT201119,MERCH300127,purchase,62.51,atm,2024-02-15 03:23:24,approved,False
TXN20240215002821,ACCT205218,MERCH300175,withdrawal,23.45,in_person,2024-02-15 20:06:17,approved,True
TXN20240215002822,ACCT201518,MERCH300045,purchase,16.05,web,2024-02-15 16:55:51,approved,False
TXN20240215002823,ACCT202097,MERCH300088,purchase,34.57,web,2024-02-15 05:35:36,approved,False
TXN20240215002824,ACCT200217,MERCH300137,purchase,22.3,in_person,2024-02-15 03:36:57,approved,False
TXN20240215002825,ACCT206060,MERCH300146,purchase,7.44,in_person,2024-02-15 12:17:25,approved,False
TXN20240215002826,ACCT200281,MERCH300043,purchase,22.04,web,2024-02-15 03:19:49,approved,False
TXN20240215002827,ACCT205756,MERCH300057,purchase,65.49,atm,2024-02-15 11:21:41,approved,False
TXN20240215002828,ACCT202982,MERCH300131,purchase,13.76,atm,2024-02-15 13:06:16,reversed,False
TXN20240215002829,ACCT203907,MERCH300089,purchase,34.1,mobile,2024-02-15 11:29:27,approved,False
TXN20240215002830,ACCT202463,MERCH300211,withdrawal,76.2,atm,2024-02-15 01:59:08,declined,False
TXN20240215002831,ACCT203303,MERCH300157,withdrawal,29.38,web,2024-02-15 17:12:00,approved,False
TXN20240215002832,ACCT204933,MERCH300097,purchase,41.3,mobile,2024-02-15 23:23:29,approved,False
TXN20240215002833,ACCT202929,MERCH300209,purchase,18.08,in_person,2024-02-15 04:31:52,reversed,False
TXN20240215002834,ACCT200235,MERCH300282,purchase,56.97,atm,2024-02-15 21:37:27,declined,False
TXN20240215002835,ACCT204819,MERCH300285,deposit,82.17,mobile,2024-02-15 16:13:04,approved,False
TXN20240215002836,ACCT203367,MERCH300060,purchase,78.99,mobile,2024-02-15 10:23:12,approved,False
TXN20240215002837,ACCT200740,MERCH300002,purchase,11.42,mobile,2024-02-15 10:54:04,declined,False
TXN20240215002838,ACCT203918,MERCH300124,deposit,6.24,in_person,2024-02-15 04:02:57,approved,False
TXN20240215002839,ACCT200032,MERCH300168,purchase,6.81,web,2024-02-15 18:56:29,approved,False
TXN20240215002840,ACCT202655,MERCH300231,purchase,63.45,mobile,2024-02-15 06:14:20,approved,False
TXN20240215002841,ACCT204634,MERCH300272,purchase,82.37,web,2024-02-15 03:45:00,approved,False
TXN20240215002842,ACCT204834,MERCH300121,purchase,26.59,atm,2024-02-15 15:32:34,approved,False
TXN20240215002843,ACCT201787,MERCH300241,purchase,57.13,atm,2024-02-15 04:18:44,approved,False
TXN20240215002844,ACCT202923,MERCH300094,purchase,23.57,in_person,2024-02-15 17:22:51,approved,False
TXN20240215002845,ACCT201334,MERCH300133,purchase,7.37,mobile,2024-02-15 11:00:06,approved,False
TXN20240215002846,ACCT203564,MERCH300178,purchase,13.3,in_person,2024-02-15 09:40:59,approved,False
TXN20240215002847,ACCT205061,MERCH300244,purchase,6.39,in_person,2024-02-15 13:02:41,approved,False
TXN20240215002848,ACCT204117,MERCH300099,deposit,81.31,in_person,2024-02-15 17:15:41,approved,False
TXN20240215002849,ACCT204258,MERCH300063,purchase,53.59,in_person,2024-02-15 21:32:36,approved,False
TXN20240215002850,ACCT200145,MERCH300211,purchase,23.41,in_person,2024-02-15 07:53:41,approved,False
TXN20240215002851,ACCT205223,MERCH300191,deposit,60.92,web,2024-02-15 12:19:03,approved,False
TXN20240215002852,ACCT201364,MERCH300168,purchase,57.68,in_person,2024-02-15 04:16:00,approved,False
TXN20240215002853,ACCT201468,MERCH300245,withdrawal,41.64,mobile,2024-02-15 02:56:39,approved,False
TXN20240215002854,ACCT200474,MERCH300033,withdrawal,13.72,in_person,2024-02-15 12:06:34,approved,False
TXN20240215002855,ACCT203760,MERCH300257,transfer,13.46,mobile,2024-02-15 09:23:41,approved,False
TXN20240215002856,ACCT202257,MERCH300190,purchase,29.6,mobile,2024-02-15 12:36:18,approved,False
TXN20240215002857,ACCT202208,MERCH300280,purchase,185.71,mobile,2024-02-15 15:15:35,approved,False
TXN20240215002858,ACCT204633,MERCH300233,deposit,107.67,in_person,2024-02-15 03:55:54,approved,False
TXN20240215002859,ACCT203311,MERCH300096,transfer,87.55,web,2024-02-15 07:11:30,approved,False
TXN20240215002860,ACCT204870,MERCH300148,purchase,14.65,in_person,2024-02-15 12:05:47,approved,False
TXN20240215002861,ACCT206366,MERCH300240,withdrawal,56.55,mobile,2024-02-15 08:17:18,approved,False
TXN20240215002862,ACCT203758,MERCH300084,purchase,49.47,in_person,2024-02-15 08:14:24,approved,False
TXN20240215002863,ACCT200221,MERCH300189,transfer,47.3,in_person,2024-02-15 18:32:54,approved,False
TXN20240215002864,ACCT200412,MERCH300051,withdrawal,34.33,mobile,2024-02-15 20:20:24,approved,False
TXN20240215002865,ACCT200064,MERCH300216,purchase,79.14,in_person,2024-02-15 17:18:16,approved,False
TXN20240215002866,ACCT202806,MERCH300210,purchase,102.8,web,2024-02-15 19:25:30,approved,False
TXN20240215002867,ACCT200619,MERCH300019,transfer,5.65,web,2024-02-15 04:00:35,reversed,False
TXN20240215002868,ACCT200546,MERCH300005,purchase,23.79,mobile,2024-02-15 15:35:31,approved,False
TXN20240215002869,ACCT201365,MERCH300135,purchase,35.74,in_person,2024-02-15 04:43:37,approved,False
TXN20240215002870,ACCT201182,MERCH300242,purchase,17.51,in_person,2024-02-15 05:28:39,approved,False
TXN20240215002871,ACCT200494,MERCH300059,purchase,18.49,in_person,2024-02-15 13:45:46,approved,False
TXN20240215002872,ACCT202385,MERCH300116,transfer,10.2,in_person,2024-02-15 01:05:05,approved,False
TXN20240215002873,ACCT203238,MERCH300275,transfer,19.97,web,2024-02-15 04:21:59,approved,False
TXN20240215002874,ACCT205666,MERCH300027,purchase,39.76,web,2024-02-15 12:16:49,approved,False
TXN20240215002875,ACCT204979,MERCH300109,withdrawal,27.74,in_person,2024-02-15 19:23:06,approved,False
TXN20240215002876,ACCT200749,MERCH300123,transfer,24.09,in_person,2024-02-15 19:31:13,approved,False
TXN20240215002877,ACCT203062,MERCH300209,purchase,17.97,in_person,2024-02-15 11:29:36,approved,False
TXN20240215002878,ACCT202006,MERCH300216,purchase,45.93,mobile,2024-02-15 04:36:39,approved,False
TXN20240215002879,ACCT202913,MERCH300008,withdrawal,133.98,in_person,2024-02-15 09:56:50,approved,False
TXN20240215002880,ACCT200228,MERCH300217,deposit,19.69,in_person,2024-02-15 04:50:15,approved,False
TXN20240215002881,ACCT202318,MERCH300168,purchase,17.84,mobile,2024-02-15 16:37:08,approved,False
TXN20240215002882,ACCT200342,MERCH300295,purchase,27.32,mobile,2024-02-15 01:14:47,approved,False
TXN20240215002883,ACCT203220,MERCH300246,withdrawal,53.47,in_person,2024-02-15 04:18:27,approved,False
TXN20240215002884,ACCT202239,MERCH300084,purchase,182.99,mobile,2024-02-15 01:03:49,approved,False
TXN20240215002885,ACCT203939,MERCH300242,purchase,46.0,atm,2024-02-15 04:58:24,approved,False
TXN20240215002886,ACCT205618,MERCH300143,withdrawal,35.99,in_person,2024-02-15 18:00:47,approved,False
TXN20240215002887,ACCT200168,MERCH300044,purchase,62.91,atm,2024-02-15 16:47:11,approved,False
TXN20240215002888,ACCT204844,MERCH300054,purchase,150.33,in_person,2024-02-15 06:51:53,approved,False
TXN20240215002889,ACCT201979,MERCH300105,purchase,79.61,web,2024-02-15 16:08:51,approved,False
TXN20240215002890,ACCT204677,MERCH300283,transfer,17.47,web,2024-02-15 22:35:11,approved,False
TXN20240215002891,ACCT202926,MERCH300212,transfer,62.9,mobile,2024-02-15 11:45:24,approved,False
TXN20240215002892,ACCT203903,MERCH300173,purchase,15.57,in_person,2024-02-15 17:31:55,declined,False
TXN20240215002893,ACCT201439,MERCH300130,transfer,13.17,web,2024-02-15 20:12:07,approved,False
TXN20240215002894,ACCT203758,MERCH300084,purchase,23.28,in_person,2024-02-15 10:53:47,approved,False
TXN20240215002895,ACCT205796,MERCH300146,withdrawal,14.89,in_person,2024-02-15 23:28:29,approved,False
TXN20240215002896,ACCT205923,MERCH300035,transfer,152.03,web,2024-02-15 10:11:03,approved,False
TXN20240215002897,ACCT200611,MERCH300054,purchase,34.55,mobile,2024-02-15 09:08:21,reversed,False
TXN20240215002898,ACCT200479,MERCH300229,transfer,41.92,web,2024-02-15 14:26:28,approved,False
TXN20240215002899,ACCT203624,MERCH300066,withdrawal,49.59,mobile,2024-02-15 06:39:08,approved,False
TXN20240215002900,ACCT200507,MERCH300245,purchase,28.24,atm,2024-02-15 06:25:55,approved,False
TXN20240215002901,ACCT204729,MERCH300009,purchase,10.38,mobile,2024-02-15 03:27:23,approved,False
TXN20240215002902,ACCT205564,MERCH300198,purchase,43.99,web,2024-02-15 07:59:35,approved,False
TXN20240215002903,ACCT201667,MERCH300036,purchase,11.28,mobile,2024-02-15 20:26:21,approved,False
TXN20240215002904,ACCT203331,MERCH300032,purchase,86.54,in_person,2024-02-15 11:33:42,approved,False
TXN20240215002905,ACCT202787,MERCH300268,withdrawal,38.97,in_person,2024-02-15 12:35:23,declined,False
TXN20240215002906,ACCT202926,MERCH300049,purchase,134.79,in_person,2024-02-15 13:56:13,approved,False
TXN20240215002907,ACCT202775,MERCH300231,purchase,52.92,in_person,2024-02-15 19:34:40,approved,False
TXN20240215002908,ACCT204061,MERCH300087,purchase,33.12,in_person,2024-02-15 12:23:17,declined,False
TXN20240215002909,ACCT201371,MERCH300070,purchase,20.24,mobile,2024-02-15 07:14:03,approved,False
TXN20240215002910,ACCT200570,MERCH300261,purchase,32.97,web,2024-02-15 07:57:49,approved,False
TXN20240215002911,ACCT201747,MERCH300205,deposit,63.65,mobile,2024-02-15 10:06:11,approved,False
TXN20240215002912,ACCT203956,MERCH300139,transfer,10.24,in_person,2024-02-15 15:49:14,approved,False
TXN20240215002913,ACCT201375,MERCH300023,purchase,94.77,web,2024-02-15 11:44:42,approved,False
TXN20240215002914,ACCT205445,MERCH300243,purchase,25.57,web,2024-02-15 16:47:50,approved,False
TXN20240215002915,ACCT202344,MERCH300239,purchase,26.32,mobile,2024-02-15 17:30:15,approved,False
TXN20240215002916,ACCT205699,MERCH300154,purchase,5.69,mobile,2024-02-15 19:38:57,approved,False
TXN20240215002917,ACCT202107,MERCH300192,deposit,56.24,web,2024-02-15 16:20:28,approved,False
TXN20240215002918,ACCT204630,MERCH300201,deposit,12.83,atm,2024-02-15 12:56:57,approved,False
TXN20240215002919,ACCT203618,MERCH300069,deposit,24.0,in_person,2024-02-15 01:16:28,approved,False
TXN20240215002920,ACCT203196,MERCH300268,purchase,18.01,web,2024-02-15 10:27:28,approved,False
TXN20240215002921,ACCT205258,MERCH300004,purchase,98.25,mobile,2024-02-15 04:56:16,approved,False
TXN20240215002922,ACCT205234,MERCH300027,purchase,30.1,in_person,2024-02-15 08:48:01,approved,False
TXN20240215002923,ACCT205111,MERCH300003,withdrawal,10.63,web,2024-02-15 19:19:13,approved,False
TXN20240215002924,ACCT204771,MERCH300040,purchase,24.13,atm,2024-02-15 14:55:40,approved,False
TXN20240215002925,ACCT205758,MERCH300014,withdrawal,194.24,atm,2024-02-15 15:45:23,approved,False
TXN20240215002926,ACCT203770,MERCH300137,transfer,45.49,atm,2024-02-15 13:41:54,approved,False
TXN20240215002927,ACCT202557,MERCH300177,purchase,17.8,web,2024-02-15 10:42:55,approved,False
TXN20240215002928,ACCT204636,MERCH300046,transfer,44.86,mobile,2024-02-15 22:10:22,approved,False
TXN20240215002929,ACCT202341,MERCH300277,purchase,12.91,mobile,2024-02-15 17:26:50,declined,False
TXN20240215002930,ACCT201872,MERCH300038,transfer,20.68,in_person,2024-02-15 20:56:38,approved,False
TXN20240215002931,ACCT201811,MERCH300003,deposit,115.84,mobile,2024-02-15 06:18:56,approved,False
TXN20240215002932,ACCT203016,MERCH300020,purchase,26.86,mobile,2024-02-15 07:52:35,approved,False
TXN20240215002933,ACCT203054,MERCH300233,purchase,32.22,in_person,2024-02-15 00:46:42,reversed,True
TXN20240215002934,ACCT201745,MERCH300237,purchase,20.0,mobile,2024-02-15 00:52:49,approved,False
TXN20240215002935,ACCT202706,MERCH300157,purchase,9.83,web,2024-02-15 23:12:17,approved,False
TXN20240215002936,ACCT203729,MERCH300297,withdrawal,28.87,atm,2024-02-15 17:37:10,approved,False
TXN20240215002937,ACCT202360,MERCH300155,purchase,7.67,in_person,2024-02-15 08:54:14,approved,False
TXN20240215002938,ACCT202868,MERCH300255,purchase,55.97,web,2024-02-15 00:40:01,approved,False
TXN20240215002939,ACCT202092,MERCH300297,transfer,185.9,mobile,2024-02-15 21:52:37,approved,False
TXN20240215002940,ACCT205344,MERCH300142,purchase,27.64,web,2024-02-15 14:50:14,approved,False
TXN20240215002941,ACCT201768,MERCH300125,purchase,47.48,web,2024-02-15 00:49:49,approved,False
TXN20240215002942,ACCT202518,MERCH300238,purchase,28.37,in_person,2024-02-15 21:07:36,approved,False
TXN20240215002943,ACCT206262,MERCH300207,purchase,16.45,in_person,2024-02-15 08:36:19,approved,False
TXN20240215002944,ACCT205333,MERCH300226,purchase,11.79,web,2024-02-15 01:02:54,approved,False
TXN20240215002945,ACCT202832,MERCH300222,purchase,13.15,mobile,2024-02-15 23:44:44,approved,False
TXN20240215002946,ACCT200132,MERCH300181,purchase,77.37,mobile,2024-02-15 13:43:10,approved,False
TXN20240215002947,ACCT201449,MERCH300245,withdrawal,29.55,mobile,2024-02-15 06:07:35,approved,False
TXN20240215002948,ACCT201602,MERCH300013,withdrawal,46.4,in_person,2024-02-15 23:21:33,approved,False
TXN20240215002949,ACCT202588,MERCH300082,purchase,70.68,web,2024-02-15 22:18:07,approved,False
TXN20240215002950,ACCT205731,MERCH300237,withdrawal,21.47,web,2024-02-15 02:05:47,approved,False
TXN20240215002951,ACCT201657,MERCH300128,withdrawal,27.27,in_person,2024-02-15 15:47:47,approved,False
TXN20240215002952,ACCT200438,MERCH300167,purchase,57.64,mobile,2024-02-15 20:37:19,declined,False
TXN20240215002953,ACCT204750,MERCH300154,deposit,174.89,web,2024-02-15 21:03:42,approved,False
TXN20240215002954,ACCT202932,MERCH300260,purchase,171.17,in_person,2024-02-15 20:59:33,approved,False
TXN20240215002955,ACCT206016,MERCH300003,purchase,31.35,in_person,2024-02-15 16:50:52,approved,False
TXN20240215002956,ACCT205568,MERCH300056,purchase,79.55,in_person,2024-02-15 16:54:53,declined,False
TXN20240215002957,ACCT202896,MERCH300035,purchase,42.6,mobile,2024-02-15 13:39:27,approved,False
TXN20240215002958,ACCT201521,MERCH300289,purchase,26.32,in_person,2024-02-15 00:55:35,approved,False
TXN20240215002959,ACCT205527,MERCH300188,purchase,20.93,mobile,2024-02-15 16:00:12,approved,False
TXN20240215002960,ACCT202689,MERCH300299,purchase,7.73,web,2024-02-15 15:30:42,approved,False
TXN20240215002961,ACCT201744,MERCH300269,purchase,83.41,web,2024-02-15 02:42:13,approved,False
TXN20240215002962,ACCT206152,MERCH300094,purchase,60.56,mobile,2024-02-15 23:48:20,approved,False
TXN20240215002963,ACCT204918,MERCH300189,purchase,127.06,in_person,2024-02-15 08:40:40,approved,False
TXN20240215002964,ACCT202169,MERCH300192,purchase,330.73,web,2024-02-15 01:08:36,approved,False
TXN20240215002965,ACCT202170,MERCH300042,purchase,56.1,in_person,2024-02-15 08:00:46,approved,False
TXN20240215002966,ACCT200507,MERCH300159,purchase,13.01,atm,2024-02-15 02:01:57,approved,False
TXN20240215002967,ACCT202073,MERCH300164,purchase,33.64,in_person,2024-02-15 02:16:54,approved,False
TXN20240215002968,ACCT203822,MERCH300258,purchase,22.25,mobile,2024-02-15 19:00:54,approved,False
TXN20240215002969,ACCT206262,MERCH300283,purchase,7.3,in_person,2024-02-15 15:09:24,approved,False
TXN20240215002970,ACCT202944,MERCH300146,purchase,17.4,atm,2024-02-15 03:16:47,approved,False
TXN20240215002971,ACCT203902,MERCH300252,purchase,10.04,web,2024-02-15 07:50:43,approved,False
TXN20240215002972,ACCT203915,MERCH300177,withdrawal,34.75,web,2024-02-15 03:52:00,approved,False
TXN20240215002973,ACCT204320,MERCH300004,deposit,168.36,in_person,2024-02-15 00:11:40,approved,False
TXN20240215002974,ACCT205406,MERCH300169,withdrawal,40.47,in_person,2024-02-15 11:03:59,approved,False
TXN20240215002975,ACCT203683,MERCH300121,transfer,8.18,web,2024-02-15 17:38:17,declined,False
TXN20240215002976,ACCT202915,MERCH300257,purchase,27.84,web,2024-02-15 17:07:58,approved,False
TXN20240215002977,ACCT205205,MERCH300236,purchase,126.25,in_person,2024-02-15 15:22:51,approved,False
TXN20240215002978,ACCT200484,MERCH300205,purchase,8.5,atm,2024-02-15 02:28:23,approved,False
TXN20240215002979,ACCT205848,MERCH300190,purchase,31.39,mobile,2024-02-15 19:22:37,approved,False
TXN20240215002980,ACCT201960,MERCH300084,purchase,28.51,atm,2024-02-15 02:42:35,approved,False
TXN20240215002981,ACCT203647,MERCH300114,deposit,20.5,in_person,2024-02-15 22:45:40,approved,False
TXN20240215002982,ACCT204314,MERCH300132,transfer,52.85,atm,2024-02-15 08:49:07,reversed,False
TXN20240215002983,ACCT201400,MERCH300076,withdrawal,22.02,web,2024-02-15 19:11:45,approved,False
TXN20240215002984,ACCT200062,MERCH300255,deposit,103.71,web,2024-02-15 00:47:03,approved,False
TXN20240215002985,ACCT206206,MERCH300136,purchase,11.83,atm,2024-02-15 01:35:16,approved,False
TXN20240215002986,ACCT204274,MERCH300201,purchase,205.56,atm,2024-02-15 14:59:13,approved,False
TXN20240215002987,ACCT203058,MERCH300263,transfer,8.22,in_person,2024-02-15 18:35:07,approved,False
TXN20240215002988,ACCT204232,MERCH300076,withdrawal,30.17,in_person,2024-02-15 09:56:37,approved,False
TXN20240215002989,ACCT200727,MERCH300100,purchase,32.63,mobile,2024-02-15 19:27:28,approved,False
TXN20240215002990,ACCT200887,MERCH300053,purchase,48.69,in_person,2024-02-15 00:54:21,approved,False
TXN20240215002991,ACCT202991,MERCH300254,transfer,14.01,web,2024-02-15 03:15:10,approved,False
TXN20240215002992,ACCT206166,MERCH300263,purchase,13.63,web,2024-02-15 05:40:14,approved,False
TXN20240215002993,ACCT200570,MERCH300226,purchase,10.61,atm,2024-02-15 16:24:08,approved,False
TXN20240215002994,ACCT200801,MERCH300177,purchase,86.9,in_person,2024-02-15 07:30:30,approved,False
TXN20240215002995,ACCT202150,MERCH300201,transfer,46.87,in_person,2024-02-15 07:13:06,approved,False
TXN20240215002996,ACCT202188,MERCH300099,purchase,8.26,web,2024-02-15 12:50:49,approved,False
TXN20240215002997,ACCT205269,MERCH300133,purchase,39.55,mobile,2024-02-15 18:11:38,approved,False
TXN20240215002998,ACCT204849,MERCH300141,deposit,35.04,mobile,2024-02-15 09:32:46,approved,False
TXN20240215002999,ACCT204016,MERCH300281,purchase,22.79,in_person,2024-02-15 12:03:02,approved,False
TXN20240215003000,ACCT202840,MERCH300118,transfer,71.67,web,2024-02-15 22:28:22,approved,False
TXN20240215003001,ACCT204030,MERCH300264,purchase,44.62,in_person,2024-02-15 22:32:47,approved,False
TXN20240215003002,ACCT201981,MERCH300254,transfer,132.41,mobile,2024-02-15 13:11:30,approved,False
TXN20240215003003,ACCT200431,MERCH300003,transfer,17.27,mobile,2024-02-15 12:59:39,approved,False
TXN20240215003004,ACCT202217,MERCH300052,purchase,231.43,web,2024-02-15 16:05:35,approved,False
TXN20240215003005,ACCT206139,MERCH300081,purchase,107.91,in_person,2024-02-15 14:52:40,approved,False
TXN20240215003006,ACCT205122,MERCH300240,purchase,123.11,mobile,2024-02-15 09:49:16,approved,False
TXN20240215003007,ACCT202447,MERCH300137,purchase,72.21,in_person,2024-02-15 02:33:44,approved,False
TXN20240215003008,ACCT202415,MERCH300266,purchase,61.54,in_person,2024-02-15 11:15:24,approved,False
TXN20240215003009,ACCT200090,MERCH300127,purchase,74.63,in_person,2024-02-15 08:04:48,approved,False
TXN20240215003010,ACCT203218,MERCH300258,transfer,58.87,web,2024-02-15 04:00:39,approved,False
TXN20240215003011,ACCT202124,MERCH300115,purchase,2.18,web,2024-02-15 22:41:02,approved,False
TXN20240215003012,ACCT200848,MERCH300025,purchase,57.7,in_person,2024-02-15 15:42:06,approved,False
TXN20240215003013,ACCT205010,MERCH300011,purchase,24.3,in_person,2024-02-15 05:38:47,approved,False
TXN20240215003014,ACCT202627,MERCH300287,purchase,18.11,in_person,2024-02-15 15:59:50,approved,False
TXN20240215003015,ACCT202869,MERCH300083,transfer,12.19,in_person,2024-02-15 18:35:13,approved,False
TXN20240215003016,ACCT201840,MERCH300015,purchase,8.47,in_person,2024-02-15 02:16:11,approved,False
TXN20240215003017,ACCT202974,MERCH300174,purchase,26.93,in_person,2024-02-15 03:34:27,approved,False
TXN20240215003018,ACCT203918,MERCH300231,purchase,7.64,web,2024-02-15 22:00:52,approved,False
TXN20240215003019,ACCT201070,MERCH300006,withdrawal,10.44,in_person,2024-02-15 11:51:46,approved,False
TXN20240215003020,ACCT200274,MERCH300298,transfer,26.34,atm,2024-02-15 03:53:53,approved,False
TXN20240215003021,ACCT203260,MERCH300097,purchase,77.02,web,2024-02-15 04:25:52,declined,False
TXN20240215003022,ACCT200575,MERCH300155,deposit,52.42,web,2024-02-15 17:37:00,approved,False
TXN20240215003023,ACCT204702,MERCH300041,withdrawal,15.14,in_person,2024-02-15 18:47:54,reversed,False
TXN20240215003024,ACCT203499,MERCH300269,transfer,18.89,web,2024-02-15 17:30:14,approved,False
TXN20240215003025,ACCT204471,MERCH300174,purchase,218.1,in_person,2024-02-15 05:56:27,approved,False
TXN20240215003026,ACCT203826,MERCH300124,purchase,22.62,mobile,2024-02-15 09:37:11,approved,False
TXN20240215003027,ACCT206060,MERCH300207,purchase,8.06,mobile,2024-02-15 04:20:40,approved,False
TXN20240215003028,ACCT203184,MERCH300269,purchase,7.45,web,2024-02-15 07:05:00,approved,False
TXN20240215003029,ACCT202663,MERCH300133,transfer,27.57,in_person,2024-02-15 17:19:08,approved,False
TXN20240215003030,ACCT204531,MERCH300237,purchase,30.09,atm,2024-02-15 20:13:28,approved,False
TXN20240215003031,ACCT201244,MERCH300085,withdrawal,35.78,web,2024-02-15 11:46:16,approved,False
TXN20240215003032,ACCT204722,MERCH300260,purchase,70.4,in_person,2024-02-15 18:33:23,approved,False
TXN20240215003033,ACCT204911,MERCH300117,deposit,13.27,mobile,2024-02-15 08:14:51,approved,False
TXN20240215003034,ACCT202724,MERCH300142,purchase,20.85,in_person,2024-02-15 23:47:26,approved,False
TXN20240215003035,ACCT203444,MERCH300164,purchase,22.6,atm,2024-02-15 14:08:21,approved,False
TXN20240215003036,ACCT203569,MERCH300182,purchase,16.84,web,2024-02-15 03:48:00,approved,False
TXN20240215003037,ACCT202059,MERCH300127,purchase,151.77,mobile,2024-02-15 15:54:54,approved,False
TXN20240215003038,ACCT205953,MERCH300137,purchase,86.57,web,2024-02-15 04:52:20,approved,False
TXN20240215003039,ACCT205762,MERCH300071,purchase,39.89,mobile,2024-02-15 23:28:22,approved,False
TXN20240215003040,ACCT206223,MERCH300220,purchase,25.52,web,2024-02-15 20:22:23,approved,False
TXN20240215003041,ACCT206370,MERCH300119,withdrawal,14.34,mobile,2024-02-15 02:02:36,approved,False
TXN20240215003042,ACCT203476,MERCH300293,purchase,43.46,in_person,2024-02-15 01:12:39,approved,False
TXN20240215003043,ACCT202350,MERCH300073,purchase,23.08,mobile,2024-02-15 23:44:14,approved,False
TXN20240215003044,ACCT202430,MERCH300051,purchase,8.95,mobile,2024-02-15 14:29:50,declined,False
TXN20240215003045,ACCT202831,MERCH300213,purchase,88.68,mobile,2024-02-15 02:01:41,approved,False
TXN20240215003046,ACCT201445,MERCH300058,purchase,61.81,in_person,2024-02-15 23:42:50,approved,False
TXN20240215003047,ACCT205966,MERCH300016,purchase,6.32,web,2024-02-15 08:26:37,approved,False
TXN20240215003048,ACCT205740,MERCH300039,purchase,47.58,in_person,2024-02-15 19:56:37,approved,False
TXN20240215003049,ACCT205638,MERCH300175,purchase,73.8,mobile,2024-02-15 12:16:36,approved,False
TXN20240215003050,ACCT205804,MERCH300011,purchase,120.94,in_person,2024-02-15 17:04:32,approved,False
TXN20240215003051,ACCT203122,MERCH300059,transfer,11.21,web,2024-02-15 05:47:37,approved,False
TXN20240215003052,ACCT206296,MERCH300010,purchase,25.61,mobile,2024-02-15 10:03:29,approved,False
TXN20240215003053,ACCT200207,MERCH300226,withdrawal,14.24,atm,2024-02-15 14:05:17,approved,False
TXN20240215003054,ACCT202262,MERCH300261,purchase,61.32,in_person,2024-02-15 07:34:12,approved,False
TXN20240215003055,ACCT205705,MERCH300271,transfer,17.47,in_person,2024-02-15 13:18:11,approved,False
TXN20240215003056,ACCT200441,MERCH300229,purchase,60.23,mobile,2024-02-15 21:43:10,approved,False
TXN20240215003057,ACCT205726,MERCH300268,purchase,6.9,web,2024-02-15 08:23:53,approved,False
TXN20240215003058,ACCT205432,MERCH300049,purchase,5.71,atm,2024-02-15 15:53:14,approved,False
TXN20240215003059,ACCT200689,MERCH300046,purchase,45.78,mobile,2024-02-15 18:32:08,declined,False
TXN20240215003060,ACCT202432,MERCH300127,transfer,108.3,in_person,2024-02-15 03:28:24,approved,False
TXN20240215003061,ACCT206078,MERCH300070,withdrawal,284.67,web,2024-02-15 03:19:26,approved,False
TXN20240215003062,ACCT205906,MERCH300178,purchase,192.22,mobile,2024-02-15 15:08:05,approved,False
TXN20240215003063,ACCT203574,MERCH300074,purchase,9.23,in_person,2024-02-15 02:14:16,approved,False
TXN20240215003064,ACCT200741,MERCH300106,purchase,20.65,in_person,2024-02-15 15:12:52,declined,False
TXN20240215003065,ACCT202658,MERCH300212,deposit,98.99,in_person,2024-02-15 04:07:09,approved,False
TXN20240215003066,ACCT200484,MERCH300231,purchase,7.28,web,2024-02-15 10:33:24,approved,False
TXN20240215003067,ACCT204130,MERCH300239,transfer,32.27,in_person,2024-02-15 02:46:24,approved,False
TXN20240215003068,ACCT202975,MERCH300176,purchase,53.29,web,2024-02-15 04:50:49,approved,False
TXN20240215003069,ACCT202439,MERCH300138,purchase,54.93,web,2024-02-15 01:21:28,approved,False
TXN20240215003070,ACCT203206,MERCH300100,transfer,7.61,mobile,2024-02-15 05:15:37,approved,False
TXN20240215003071,ACCT201235,MERCH300185,withdrawal,15.83,atm,2024-02-15 08:30:46,approved,False
TXN20240215003072,ACCT204305,MERCH300232,transfer,303.57,in_person,2024-02-15 19:06:39,approved,False
TXN20240215003073,ACCT201710,MERCH300100,purchase,31.73,in_person,2024-02-15 09:31:09,declined,False
TXN20240215003074,ACCT202546,MERCH300022,deposit,30.47,web,2024-02-15 05:16:45,approved,False
TXN20240215003075,ACCT206448,MERCH300106,purchase,17.71,mobile,2024-02-15 10:11:49,approved,False
TXN20240215003076,ACCT202835,MERCH300047,purchase,78.54,in_person,2024-02-15 18:17:47,approved,False
TXN20240215003077,ACCT202839,MERCH300025,purchase,12.75,in_person,2024-02-15 17:15:08,approved,False
TXN20240215003078,ACCT200840,MERCH300113,purchase,16.0,in_person,2024-02-15 03:54:39,approved,True
TXN20240215003079,ACCT201651,MERCH300009,purchase,87.07,web,2024-02-15 03:10:37,approved,False
TXN20240215003080,ACCT200443,MERCH300081,purchase,35.79,web,2024-02-15 10:11:28,approved,False
TXN20240215003081,ACCT201379,MERCH300195,transfer,10.95,mobile,2024-02-15 09:49:30,approved,False
TXN20240215003082,ACCT202091,MERCH300296,purchase,62.48,atm,2024-02-15 17:36:21,approved,True
TXN20240215003083,ACCT201534,MERCH300096,purchase,13.92,mobile,2024-02-15 02:48:06,approved,False
TXN20240215003084,ACCT205732,MERCH300094,purchase,9.87,web,2024-02-15 16:28:47,approved,False
TXN20240215003085,ACCT206198,MERCH300158,purchase,15.63,atm,2024-02-15 03:39:40,approved,False
TXN20240215003086,ACCT203853,MERCH300259,purchase,64.39,mobile,2024-02-15 09:29:30,approved,False
TXN20240215003087,ACCT201937,MERCH300249,purchase,276.65,mobile,2024-02-15 03:03:35,approved,False
TXN20240215003088,ACCT206115,MERCH300081,purchase,74.32,web,2024-02-15 15:46:31,reversed,False
TXN20240215003089,ACCT202550,MERCH300107,purchase,16.12,mobile,2024-02-15 08:51:17,approved,False
TXN20240215003090,ACCT205579,MERCH300046,purchase,44.37,in_person,2024-02-15 18:55:04,declined,False
TXN20240215003091,ACCT206174,MERCH300019,purchase,108.77,web,2024-02-15 15:55:27,approved,False
TXN20240215003092,ACCT202155,MERCH300064,purchase,8.7,in_person,2024-02-15 00:28:48,approved,False
TXN20240215003093,ACCT204335,MERCH300264,withdrawal,34.16,mobile,2024-02-15 12:47:51,approved,False
TXN20240215003094,ACCT205777,MERCH300014,purchase,71.15,in_person,2024-02-15 13:21:24,approved,False
TXN20240215003095,ACCT206351,MERCH300236,purchase,15.94,in_person,2024-02-15 08:09:52,approved,False
TXN20240215003096,ACCT206478,MERCH300163,withdrawal,101.37,web,2024-02-15 07:30:50,approved,False
TXN20240215003097,ACCT200985,MERCH300213,purchase,8.68,web,2024-02-15 10:05:29,approved,False
TXN20240215003098,ACCT204563,MERCH300220,transfer,22.91,in_person,2024-02-15 22:00:00,approved,False
TXN20240215003099,ACCT204569,MERCH300216,purchase,170.55,web,2024-02-15 05:48:57,approved,False
TXN20240215003100,ACCT200818,MERCH300160,deposit,20.32,in_person,2024-02-15 00:20:53,approved,False
TXN20240215003101,ACCT204611,MERCH300177,purchase,27.74,mobile,2024-02-15 18:36:02,approved,False
TXN20240215003102,ACCT200964,MERCH300004,purchase,75.15,atm,2024-02-15 15:21:51,approved,False
TXN20240215003103,ACCT200937,MERCH300134,purchase,373.7,web,2024-02-15 09:05:21,approved,False
TXN20240215003104,ACCT204266,MERCH300149,purchase,26.13,in_person,2024-02-15 23:11:52,approved,False
TXN20240215003105,ACCT201916,MERCH300092,purchase,17.62,in_person,2024-02-15 10:57:30,approved,False
TXN20240215003106,ACCT204414,MERCH300298,purchase,154.2,in_person,2024-02-15 12:37:25,approved,False
TXN20240215003107,ACCT201505,MERCH300249,purchase,38.81,web,2024-02-15 08:28:52,approved,False
TXN20240215003108,ACCT205276,MERCH300143,purchase,51.66,in_person,2024-02-15 00:32:27,approved,False
TXN20240215003109,ACCT203263,MERCH300163,withdrawal,128.61,in_person,2024-02-15 05:20:08,approved,False
TXN20240215003110,ACCT206070,MERCH300045,withdrawal,10.04,in_person,2024-02-15 18:17:45,approved,False
TXN20240215003111,ACCT203903,MERCH300069,purchase,20.86,web,2024-02-15 16:19:05,approved,False
TXN20240215003112,ACCT202074,MERCH300088,purchase,26.33,in_person,2024-02-15 04:40:42,approved,False
TXN20240215003113,ACCT205465,MERCH300072,purchase,9.31,web,2024-02-15 17:27:01,approved,False
TXN20240215003114,ACCT200546,MERCH300074,purchase,17.8,in_person,2024-02-15 09:50:24,approved,False
TXN20240215003115,ACCT204602,MERCH300056,purchase,55.6,mobile,2024-02-15 01:31:29,approved,False
TXN20240215003116,ACCT204189,MERCH300097,purchase,69.27,mobile,2024-02-15 15:33:01,reversed,False
TXN20240215003117,ACCT205882,MERCH300154,purchase,12.9,in_person,2024-02-15 13:33:37,approved,False
TXN20240215003118,ACCT201254,MERCH300203,purchase,23.52,web,2024-02-15 09:56:19,approved,False
TXN20240215003119,ACCT205808,MERCH300244,purchase,35.57,web,2024-02-15 16:28:11,approved,False
TXN20240215003120,ACCT200331,MERCH300124,purchase,42.85,web,2024-02-15 01:33:34,approved,True
TXN20240215003121,ACCT206330,MERCH300292,deposit,28.88,web,2024-02-15 12:49:59,approved,False
TXN20240215003122,ACCT204550,MERCH300215,purchase,29.75,web,2024-02-15 23:31:13,approved,False
TXN20240215003123,ACCT205833,MERCH300130,purchase,7.2,in_person,2024-02-15 22:57:40,approved,False
TXN20240215003124,ACCT205468,MERCH300256,purchase,64.34,web,2024-02-15 20:19:01,approved,False
TXN20240215003125,ACCT205653,MERCH300290,purchase,86.04,in_person,2024-02-15 05:02:52,approved,False
TXN20240215003126,ACCT200741,MERCH300057,purchase,11.92,in_person,2024-02-15 01:45:39,approved,False
TXN20240215003127,ACCT205551,MERCH300033,purchase,87.16,in_person,2024-02-15 00:45:45,approved,False
TXN20240215003128,ACCT203223,MERCH300140,purchase,28.73,in_person,2024-02-15 19:02:32,approved,False
TXN20240215003129,ACCT205052,MERCH300265,transfer,99.69,in_person,2024-02-15 09:45:15,approved,False
TXN20240215003130,ACCT205814,MERCH300256,purchase,13.84,mobile,2024-02-15 16:42:08,approved,False
TXN20240215003131,ACCT203539,MERCH300041,purchase,59.79,in_person,2024-02-15 09:48:21,approved,False
TXN20240215003132,ACCT206268,MERCH300113,purchase,20.53,mobile,2024-02-15 07:39:31,approved,False
TXN20240215003133,ACCT205241,MERCH300085,transfer,105.08,mobile,2024-02-15 07:45:27,approved,False
TXN20240215003134,ACCT203970,MERCH300195,purchase,12.98,web,2024-02-15 07:24:24,approved,False
TXN20240215003135,ACCT203358,MERCH300199,purchase,46.31,mobile,2024-02-15 19:54:50,approved,False
TXN20240215003136,ACCT200668,MERCH300275,transfer,36.28,web,2024-02-15 16:01:44,approved,False
TXN20240215003137,ACCT202912,MERCH300139,purchase,4.88,in_person,2024-02-15 09:43:15,approved,False
TXN20240215003138,ACCT205375,MERCH300197,purchase,12.75,mobile,2024-02-15 12:32:34,approved,False
TXN20240215003139,ACCT202877,MERCH300019,purchase,8.02,atm,2024-02-15 16:26:34,reversed,False
TXN20240215003140,ACCT204946,MERCH300282,purchase,41.36,mobile,2024-02-15 05:55:40,approved,False
TXN20240215003141,ACCT201036,MERCH300121,deposit,58.89,in_person,2024-02-15 10:19:57,approved,False
TXN20240215003142,ACCT200683,MERCH300100,purchase,53.66,in_person,2024-02-15 07:16:05,approved,False
TXN20240215003143,ACCT202880,MERCH300051,purchase,59.51,atm,2024-02-15 22:34:23,approved,False
TXN20240215003144,ACCT206062,MERCH300054,purchase,42.1,atm,2024-02-15 07:41:08,approved,False
TXN20240215003145,ACCT202945,MERCH300110,purchase,12.5,mobile,2024-02-15 21:37:32,approved,False
TXN20240215003146,ACCT204996,MERCH300220,purchase,69.19,web,2024-02-15 11:53:38,approved,False
TXN20240215003147,ACCT200583,MERCH300247,transfer,8.97,web,2024-02-15 06:38:31,approved,False
TXN20240215003148,ACCT200228,MERCH300073,transfer,27.66,mobile,2024-02-15 04:45:29,approved,False
TXN20240215003149,ACCT203830,MERCH300161,purchase,143.13,in_person,2024-02-15 05:49:13,approved,False
TXN20240215003150,ACCT204123,MERCH300224,purchase,188.25,atm,2024-02-15 15:37:20,approved,False
TXN20240215003151,ACCT203388,MERCH300114,transfer,6.99,in_person,2024-02-15 16:05:39,approved,False
TXN20240215003152,ACCT202950,MERCH300295,transfer,139.92,in_person,2024-02-15 04:38:39,approved,False
TXN20240215003153,ACCT205125,MERCH300019,purchase,16.69,mobile,2024-02-15 20:39:34,approved,False
TXN20240215003154,ACCT204569,MERCH300224,purchase,69.56,web,2024-02-15 08:06:56,approved,False
TXN20240215003155,ACCT202731,MERCH300183,purchase,19.5,mobile,2024-02-15 23:09:22,approved,False
TXN20240215003156,ACCT202970,MERCH300123,transfer,72.57,web,2024-02-15 02:56:36,approved,False
TXN20240215003157,ACCT200793,MERCH300235,transfer,32.87,web,2024-02-15 04:26:31,approved,False
TXN20240215003158,ACCT202866,MERCH300197,purchase,50.16,web,2024-02-15 05:22:22,approved,False
TXN20240215003159,ACCT201520,MERCH300102,withdrawal,186.75,in_person,2024-02-15 03:20:55,approved,False
TXN20240215003160,ACCT203992,MERCH300045,purchase,115.88,web,2024-02-15 18:38:33,approved,False
TXN20240215003161,ACCT201223,MERCH300088,purchase,15.56,mobile,2024-02-15 21:35:48,approved,False
TXN20240215003162,ACCT201646,MERCH300011,transfer,12.26,in_person,2024-02-15 23:10:32,approved,False
TXN20240215003163,ACCT206068,MERCH300260,transfer,14.94,in_person,2024-02-15 14:38:09,declined,False
TXN20240215003164,ACCT203376,MERCH300162,purchase,7.26,atm,2024-02-15 07:19:01,approved,False
TXN20240215003165,ACCT204397,MERCH300134,purchase,62.21,in_person,2024-02-15 22:59:11,approved,False
TXN20240215003166,ACCT204452,MERCH300285,purchase,52.12,web,2024-02-15 16:46:41,approved,False
TXN20240215003167,ACCT205393,MERCH300011,purchase,59.83,atm,2024-02-15 19:56:16,approved,False
TXN20240215003168,ACCT205705,MERCH300280,purchase,9.68,web,2024-02-15 22:11:08,approved,False
TXN20240215003169,ACCT205591,MERCH300127,withdrawal,9.77,in_person,2024-02-15 20:25:20,approved,False
TXN20240215003170,ACCT205092,MERCH300223,transfer,58.84,in_person,2024-02-15 10:41:50,approved,False
TXN20240215003171,ACCT200518,MERCH300211,purchase,81.6,in_person,2024-02-15 13:12:08,approved,False
TXN20240215003172,ACCT201107,MERCH300099,purchase,90.34,in_person,2024-02-15 11:45:12,approved,False
TXN20240215003173,ACCT200419,MERCH300147,purchase,78.31,mobile,2024-02-15 22:12:32,approved,False
TXN20240215003174,ACCT200403,MERCH300053,purchase,67.97,mobile,2024-02-15 16:05:01,approved,False
TXN20240215003175,ACCT204580,MERCH300138,purchase,16.72,web,2024-02-15 07:30:35,approved,False
TXN20240215003176,ACCT205765,MERCH300197,transfer,9.46,web,2024-02-15 17:20:47,approved,False
TXN20240215003177,ACCT202858,MERCH300161,purchase,6.64,web,2024-02-15 13:18:44,approved,False
TXN20240215003178,ACCT205992,MERCH300082,transfer,6.48,web,2024-02-15 12:17:56,approved,False
TXN20240215003179,ACCT205650,MERCH300159,purchase,15.55,web,2024-02-15 07:22:29,approved,False
TXN20240215003180,ACCT204459,MERCH300204,purchase,188.32,in_person,2024-02-15 23:47:52,approved,False
TXN20240215003181,ACCT201125,MERCH300005,transfer,87.66,in_person,2024-02-15 22:20:41,approved,False
TXN20240215003182,ACCT203628,MERCH300012,transfer,32.96,atm,2024-02-15 09:49:48,approved,False
TXN20240215003183,ACCT205445,MERCH300007,transfer,12.65,mobile,2024-02-15 10:41:43,declined,False
TXN20240215003184,ACCT204332,MERCH300007,purchase,59.81,mobile,2024-02-15 16:56:04,approved,False
TXN20240215003185,ACCT200093,MERCH300146,transfer,29.46,in_person,2024-02-15 21:46:08,approved,False
TXN20240215003186,ACCT203860,MERCH300031,transfer,135.12,mobile,2024-02-15 00:02:52,approved,False
TXN20240215003187,ACCT205316,MERCH300087,purchase,12.98,atm,2024-02-15 15:36:43,approved,False
TXN20240215003188,ACCT200742,MERCH300118,purchase,18.02,web,2024-02-15 05:37:47,approved,False
TXN20240215003189,ACCT204569,MERCH300200,purchase,34.94,in_person,2024-02-15 15:40:23,approved,False
TXN20240215003190,ACCT202525,MERCH300031,transfer,31.96,web,2024-02-15 02:00:51,approved,False
TXN20240215003191,ACCT202910,MERCH300244,transfer,75.99,in_person,2024-02-15 06:21:40,approved,False
TXN20240215003192,ACCT201966,MERCH300055,purchase,79.28,web,2024-02-15 15:22:12,approved,False
TXN20240215003193,ACCT203896,MERCH300263,purchase,7.8,mobile,2024-02-15 05:52:16,approved,False
TXN20240215003194,ACCT202428,MERCH300137,deposit,65.97,mobile,2024-02-15 06:15:25,approved,False
TXN20240215003195,ACCT203987,MERCH300209,withdrawal,53.91,web,2024-02-15 22:27:28,approved,False
TXN20240215003196,ACCT205211,MERCH300193,transfer,34.83,web,2024-02-15 21:49:55,approved,False
TXN20240215003197,ACCT206043,MERCH300193,withdrawal,43.86,web,2024-02-15 17:12:29,approved,False
TXN20240215003198,ACCT204958,MERCH300287,withdrawal,17.12,mobile,2024-02-15 12:54:34,approved,False
TXN20240215003199,ACCT201224,MERCH300024,purchase,66.49,mobile,2024-02-15 22:55:00,approved,False
TXN20240215003200,ACCT203025,MERCH300215,purchase,63.48,mobile,2024-02-15 05:37:02,approved,False
TXN20240215003201,ACCT202521,MERCH300081,deposit,31.67,web,2024-02-15 05:06:11,approved,False
TXN20240215003202,ACCT202558,MERCH300215,purchase,41.81,web,2024-02-15 03:24:32,approved,False
TXN20240215003203,ACCT201632,MERCH300159,purchase,28.27,web,2024-02-15 13:39:33,approved,False
TXN20240215003204,ACCT200520,MERCH300265,purchase,54.46,web,2024-02-15 19:11:59,approved,False
TXN20240215003205,ACCT206078,MERCH300194,purchase,111.47,in_person,2024-02-15 06:43:29,approved,False
TXN20240215003206,ACCT201468,MERCH300197,purchase,61.81,in_person,2024-02-15 09:45:51,approved,False
TXN20240215003207,ACCT205996,MERCH300191,purchase,9.39,atm,2024-02-15 13:11:49,approved,False
TXN20240215003208,ACCT205003,MERCH300240,withdrawal,65.6,in_person,2024-02-15 20:53:59,approved,False
TXN20240215003209,ACCT204994,MERCH300284,transfer,57.6,in_person,2024-02-15 08:24:51,approved,False
TXN20240215003210,ACCT200685,MERCH300096,purchase,49.95,atm,2024-02-15 20:42:48,approved,False
TXN20240215003211,ACCT201746,MERCH300243,purchase,66.97,web,2024-02-15 08:34:09,declined,False
TXN20240215003212,ACCT205375,MERCH300281,purchase,52.7,in_person,2024-02-15 02:07:07,approved,False
TXN20240215003213,ACCT205432,MERCH300265,purchase,9.33,mobile,2024-02-15 09:17:32,approved,False
TXN20240215003214,ACCT203442,MERCH300045,purchase,202.04,mobile,2024-02-15 23:41:59,approved,False
TXN20240215003215,ACCT201232,MERCH300090,purchase,33.07,in_person,2024-02-15 06:44:35,approved,False
TXN20240215003216,ACCT202208,MERCH300172,transfer,72.81,web,2024-02-15 16:42:11,declined,False
TXN20240215003217,ACCT204548,MERCH300244,withdrawal,66.09,in_person,2024-02-15 04:10:03,approved,False
TXN20240215003218,ACCT203429,MERCH300081,transfer,62.3,in_person,2024-02-15 06:21:03,approved,False
TXN20240215003219,ACCT205469,MERCH300192,withdrawal,35.1,in_person,2024-02-15 01:18:08,approved,False
TXN20240215003220,ACCT203331,MERCH300038,purchase,50.43,web,2024-02-15 10:25:10,approved,False
TXN20240215003221,ACCT201299,MERCH300203,purchase,14.41,atm,2024-02-15 20:40:34,approved,False
TXN20240215003222,ACCT203841,MERCH300087,purchase,18.63,web,2024-02-15 19:54:48,approved,False
TXN20240215003223,ACCT205259,MERCH300044,purchase,44.66,in_person,2024-02-15 02:57:37,approved,False
TXN20240215003224,ACCT202897,MERCH300269,purchase,45.16,mobile,2024-02-15 06:55:02,approved,False
TXN20240215003225,ACCT201754,MERCH300104,withdrawal,64.71,mobile,2024-02-15 23:14:05,approved,False
TXN20240215003226,ACCT200786,MERCH300150,deposit,14.41,in_person,2024-02-15 07:02:02,approved,False
TXN20240215003227,ACCT203228,MERCH300136,purchase,16.21,in_person,2024-02-15 09:30:51,approved,False
TXN20240215003228,ACCT200576,MERCH300137,transfer,98.24,web,2024-02-15 19:04:57,declined,False
TXN20240215003229,ACCT201137,MERCH300055,purchase,20.64,mobile,2024-02-15 20:38:44,approved,False
TXN20240215003230,ACCT202699,MERCH300192,purchase,275.41,in_person,2024-02-15 17:56:19,declined,False
TXN20240215003231,ACCT204305,MERCH300217,purchase,109.05,atm,2024-02-15 20:07:34,approved,False
TXN20240215003232,ACCT206286,MERCH300280,purchase,44.73,in_person,2024-02-15 19:28:55,approved,False
TXN20240215003233,ACCT206043,MERCH300297,withdrawal,70.33,atm,2024-02-15 10:36:39,approved,False
TXN20240215003234,ACCT205836,MERCH300215,purchase,32.16,web,2024-02-15 05:43:11,approved,False
TXN20240215003235,ACCT200442,MERCH300081,deposit,54.48,web,2024-02-15 18:27:21,approved,False
TXN20240215003236,ACCT202558,MERCH300244,deposit,23.04,web,2024-02-15 04:38:39,approved,False
TXN20240215003237,ACCT205379,MERCH300226,purchase,27.23,web,2024-02-15 04:11:09,approved,False
TXN20240215003238,ACCT203370,MERCH300032,purchase,8.18,in_person,2024-02-15 20:42:33,approved,False
TXN20240215003239,ACCT204562,MERCH300273,purchase,30.22,atm,2024-02-15 21:54:12,approved,False
TXN20240215003240,ACCT202465,MERCH300145,deposit,15.46,in_person,2024-02-15 13:49:34,approved,False
TXN20240215003241,ACCT201598,MERCH300097,purchase,24.34,mobile,2024-02-15 04:09:37,approved,False
TXN20240215003242,ACCT203458,MERCH300041,transfer,79.96,atm,2024-02-15 12:08:37,approved,False
TXN20240215003243,ACCT204756,MERCH300027,withdrawal,4.34,atm,2024-02-15 17:21:50,approved,False
TXN20240215003244,ACCT203389,MERCH300215,purchase,73.04,in_person,2024-02-15 04:48:29,approved,False
TXN20240215003245,ACCT203375,MERCH300089,purchase,138.99,in_person,2024-02-15 00:30:58,approved,False
TXN20240215003246,ACCT202672,MERCH300229,purchase,45.64,in_person,2024-02-15 14:43:18,approved,False
TXN20240215003247,ACCT202055,MERCH300038,withdrawal,11.17,mobile,2024-02-15 11:44:59,approved,False
TXN20240215003248,ACCT204324,MERCH300222,withdrawal,364.98,web,2024-02-15 18:29:14,approved,False
TXN20240215003249,ACCT204446,MERCH300103,purchase,65.82,mobile,2024-02-15 17:12:20,approved,False
TXN20240215003250,ACCT203931,MERCH300097,transfer,30.72,web,2024-02-15 20:52:49,approved,False
TXN20240215003251,ACCT204657,MERCH300153,purchase,138.59,mobile,2024-02-15 03:36:30,approved,False
TXN20240215003252,ACCT200700,MERCH300191,transfer,16.05,in_person,2024-02-15 11:41:56,approved,False
TXN20240215003253,ACCT204610,MERCH300018,purchase,143.55,web,2024-02-15 18:40:24,approved,False
TXN20240215003254,ACCT202518,MERCH300148,purchase,30.49,in_person,2024-02-15 09:51:51,approved,False
TXN20240215003255,ACCT200364,MERCH300069,purchase,30.69,mobile,2024-02-15 16:29:32,approved,False
TXN20240215003256,ACCT202692,MERCH300118,purchase,11.98,in_person,2024-02-15 03:39:39,approved,False
TXN20240215003257,ACCT206222,MERCH300250,purchase,55.02,in_person,2024-02-15 10:31:13,approved,False
TXN20240215003258,ACCT202905,MERCH300204,purchase,22.11,in_person,2024-02-15 11:15:58,approved,False
TXN20240215003259,ACCT201621,MERCH300144,purchase,27.95,web,2024-02-15 01:51:01,approved,False
TXN20240215003260,ACCT204658,MERCH300248,withdrawal,14.36,web,2024-02-15 05:53:20,approved,False
TXN20240215003261,ACCT200145,MERCH300118,purchase,29.21,mobile,2024-02-15 10:10:55,approved,False
TXN20240215003262,ACCT203581,MERCH300044,purchase,11.9,mobile,2024-02-15 02:19:58,approved,False
TXN20240215003263,ACCT205689,MERCH300007,purchase,4.16,web,2024-02-15 23:44:54,declined,False
TXN20240215003264,ACCT200725,MERCH300094,purchase,86.08,in_person,2024-02-15 14:38:38,approved,False
TXN20240215003265,ACCT202488,MERCH300130,transfer,47.41,in_person,2024-02-15 20:22:06,declined,False
TXN20240215003266,ACCT200299,MERCH300000,transfer,41.02,atm,2024-02-15 23:31:16,approved,False
TXN20240215003267,ACCT200696,MERCH300142,purchase,39.59,mobile,2024-02-15 13:19:29,approved,False
TXN20240215003268,ACCT203234,MERCH300042,transfer,58.35,in_person,2024-02-15 22:53:16,approved,False
TXN20240215003269,ACCT206082,MERCH300293,purchase,102.46,web,2024-02-15 17:39:49,approved,False
TXN20240215003270,ACCT201941,MERCH300048,transfer,93.9,in_person,2024-02-15 06:03:19,approved,False
TXN20240215003271,ACCT204892,MERCH300146,deposit,85.46,in_person,2024-02-15 06:21:27,approved,False
TXN20240215003272,ACCT203046,MERCH300046,purchase,25.54,web,2024-02-15 13:00:24,approved,False
TXN20240215003273,ACCT203801,MERCH300232,purchase,158.84,web,2024-02-15 21:13:28,approved,False
TXN20240215003274,ACCT205511,MERCH300274,withdrawal,9.22,atm,2024-02-15 05:10:05,approved,False
TXN20240215003275,ACCT204183,MERCH300050,purchase,7.05,in_person,2024-02-15 00:36:36,approved,False
TXN20240215003276,ACCT203724,MERCH300293,purchase,23.11,in_person,2024-02-15 00:56:47,approved,False
TXN20240215003277,ACCT204805,MERCH300133,purchase,13.77,mobile,2024-02-15 02:05:24,approved,False
TXN20240215003278,ACCT203619,MERCH300107,transfer,24.54,web,2024-02-15 07:28:29,approved,False
TXN20240215003279,ACCT201076,MERCH300140,purchase,51.88,in_person,2024-02-15 12:08:51,declined,False
TXN20240215003280,ACCT202236,MERCH300291,purchase,164.55,in_person,2024-02-15 18:48:40,approved,True
TXN20240215003281,ACCT203947,MERCH300053,withdrawal,11.26,in_person,2024-02-15 09:37:55,approved,False
TXN20240215003282,ACCT201214,MERCH300297,purchase,10.65,web,2024-02-15 02:28:59,approved,False
TXN20240215003283,ACCT201762,MERCH300170,purchase,8.88,web,2024-02-15 05:55:58,approved,False
TXN20240215003284,ACCT200208,MERCH300155,purchase,113.0,in_person,2024-02-15 02:12:28,approved,False
TXN20240215003285,ACCT201547,MERCH300195,purchase,16.75,atm,2024-02-15 06:51:28,approved,False
TXN20240215003286,ACCT204433,MERCH300218,deposit,54.1,mobile,2024-02-15 03:58:26,approved,False
TXN20240215003287,ACCT206232,MERCH300157,purchase,21.59,web,2024-02-15 04:39:35,approved,False
TXN20240215003288,ACCT201190,MERCH300193,purchase,178.27,web,2024-02-15 22:53:38,approved,False
TXN20240215003289,ACCT203215,MERCH300151,transfer,87.6,in_person,2024-02-15 23:47:49,approved,False
TXN20240215003290,ACCT203733,MERCH300023,purchase,26.06,web,2024-02-15 04:35:16,approved,False
TXN20240215003291,ACCT206047,MERCH300040,deposit,17.55,mobile,2024-02-15 12:07:02,declined,False
TXN20240215003292,ACCT204900,MERCH300201,purchase,47.91,in_person,2024-02-15 06:32:17,approved,False
TXN20240215003293,ACCT200670,MERCH300211,purchase,106.23,in_person,2024-02-15 02:04:05,approved,False
TXN20240215003294,ACCT201723,MERCH300246,withdrawal,47.27,mobile,2024-02-15 18:15:39,approved,False
TXN20240215003295,ACCT203824,MERCH300247,purchase,54.63,web,2024-02-15 04:24:17,approved,False
TXN20240215003296,ACCT204232,MERCH300073,purchase,31.09,mobile,2024-02-15 20:47:06,approved,False
TXN20240215003297,ACCT201503,MERCH300092,purchase,173.65,mobile,2024-02-15 16:34:45,approved,False
TXN20240215003298,ACCT205814,MERCH300096,withdrawal,6.03,mobile,2024-02-15 12:28:35,approved,False
TXN20240215003299,ACCT203817,MERCH300041,purchase,15.83,web,2024-02-15 06:53:03,approved,False
TXN20240215003300,ACCT202931,MERCH300201,purchase,22.07,mobile,2024-02-15 08:04:18,approved,False
TXN20240215003301,ACCT204332,MERCH300072,purchase,91.13,web,2024-02-15 00:25:22,approved,False
TXN20240215003302,ACCT200172,MERCH300040,purchase,62.92,web,2024-02-15 14:34:11,approved,False
TXN20240215003303,ACCT205807,MERCH300020,purchase,16.87,web,2024-02-15 13:50:46,approved,False
TXN20240215003304,ACCT204475,MERCH300159,transfer,11.95,in_person,2024-02-15 05:02:00,approved,False
TXN20240215003305,ACCT202376,MERCH300265,purchase,11.18,in_person,2024-02-15 18:27:53,approved,False
TXN20240215003306,ACCT203047,MERCH300048,withdrawal,62.03,atm,2024-02-15 14:22:22,approved,False
TXN20240215003307,ACCT205433,MERCH300123,purchase,94.48,in_person,2024-02-15 09:59:32,approved,False
TXN20240215003308,ACCT201337,MERCH300088,purchase,18.23,mobile,2024-02-15 04:34:19,declined,False
TXN20240215003309,ACCT201706,MERCH300247,withdrawal,41.18,in_person,2024-02-15 01:22:05,approved,False
TXN20240215003310,ACCT201030,MERCH300181,purchase,60.18,web,2024-02-15 07:44:52,approved,False
TXN20240215003311,ACCT202095,MERCH300210,purchase,78.23,in_person,2024-02-15 00:03:24,approved,False
TXN20240215003312,ACCT203414,MERCH300265,purchase,65.2,in_person,2024-02-15 04:41:55,approved,False
TXN20240215003313,ACCT203133,MERCH300046,withdrawal,24.12,web,2024-02-15 16:21:26,approved,False
TXN20240215003314,ACCT203891,MERCH300290,purchase,34.65,web,2024-02-15 12:39:23,approved,False
TXN20240215003315,ACCT205575,MERCH300083,purchase,156.16,atm,2024-02-15 18:37:04,approved,False
TXN20240215003316,ACCT201338,MERCH300290,purchase,9.87,mobile,2024-02-15 02:56:42,approved,False
TXN20240215003317,ACCT206023,MERCH300111,withdrawal,36.81,in_person,2024-02-15 17:30:31,approved,False
TXN20240215003318,ACCT201455,MERCH300078,withdrawal,78.75,web,2024-02-15 09:22:04,approved,False
TXN20240215003319,ACCT205646,MERCH300038,withdrawal,12.98,web,2024-02-15 08:55:43,approved,False
TXN20240215003320,ACCT203050,MERCH300017,purchase,132.49,in_person,2024-02-15 03:11:47,approved,False
TXN20240215003321,ACCT201839,MERCH300251,purchase,20.02,web,2024-02-15 02:11:15,approved,True
TXN20240215003322,ACCT203002,MERCH300071,purchase,75.37,in_person,2024-02-15 14:28:24,approved,False
TXN20240215003323,ACCT201162,MERCH300218,purchase,26.42,web,2024-02-15 05:13:26,approved,False
TXN20240215003324,ACCT206460,MERCH300104,purchase,21.05,web,2024-02-15 22:07:45,approved,False
TXN20240215003325,ACCT204825,MERCH300070,purchase,8.45,web,2024-02-15 21:27:14,approved,False
TXN20240215003326,ACCT203459,MERCH300245,transfer,73.46,in_person,2024-02-15 01:32:54,approved,False
TXN20240215003327,ACCT203289,MERCH300217,purchase,181.31,in_person,2024-02-15 20:35:42,approved,False
TXN20240215003328,ACCT205745,MERCH300292,transfer,14.0,web,2024-02-15 07:33:43,declined,False
TXN20240215003329,ACCT204006,MERCH300221,transfer,43.73,atm,2024-02-15 11:41:12,approved,False
TXN20240215003330,ACCT202755,MERCH300108,purchase,362.22,mobile,2024-02-15 22:34:47,approved,False
TXN20240215003331,ACCT206183,MERCH300206,withdrawal,29.24,in_person,2024-02-15 23:34:05,approved,False
TXN20240215003332,ACCT201604,MERCH300119,purchase,100.55,web,2024-02-15 06:57:04,approved,False
TXN20240215003333,ACCT206163,MERCH300130,deposit,35.11,in_person,2024-02-15 02:53:15,approved,False
TXN20240215003334,ACCT201702,MERCH300268,purchase,41.96,in_person,2024-02-15 04:32:52,approved,False
TXN20240215003335,ACCT205728,MERCH300103,purchase,16.52,in_person,2024-02-15 16:38:36,approved,False
TXN20240215003336,ACCT200189,MERCH300134,transfer,56.19,mobile,2024-02-15 05:32:14,declined,False
TXN20240215003337,ACCT203981,MERCH300078,transfer,20.6,in_person,2024-02-15 18:34:19,approved,False
TXN20240215003338,ACCT203964,MERCH300119,withdrawal,41.52,web,2024-02-15 01:00:50,approved,False
TXN20240215003339,ACCT203497,MERCH300104,deposit,111.44,mobile,2024-02-15 19:33:00,approved,False
TXN20240215003340,ACCT205403,MERCH300158,withdrawal,6.74,in_person,2024-02-15 12:58:45,approved,False
TXN20240215003341,ACCT203494,MERCH300023,purchase,24.28,atm,2024-02-15 07:16:09,approved,False
TXN20240215003342,ACCT204087,MERCH300007,purchase,113.94,atm,2024-02-15 21:24:54,approved,False
TXN20240215003343,ACCT200193,MERCH300118,purchase,23.49,in_person,2024-02-15 06:42:46,approved,False
TXN20240215003344,ACCT204635,MERCH300013,purchase,23.61,in_person,2024-02-15 05:00:26,approved,False
TXN20240215003345,ACCT204074,MERCH300119,purchase,69.93,in_person,2024-02-15 02:48:17,approved,False
TXN20240215003346,ACCT203276,MERCH300125,purchase,131.64,web,2024-02-15 18:25:12,approved,False
TXN20240215003347,ACCT204045,MERCH300014,deposit,9.22,web,2024-02-15 16:34:51,approved,False
TXN20240215003348,ACCT206139,MERCH300097,transfer,68.33,web,2024-02-15 23:11:04,approved,False
TXN20240215003349,ACCT200293,MERCH300262,purchase,9.7,mobile,2024-02-15 05:47:19,approved,False
TXN20240215003350,ACCT204636,MERCH300298,purchase,84.2,in_person,2024-02-15 13:52:30,approved,False
TXN20240215003351,ACCT206283,MERCH300165,purchase,16.54,mobile,2024-02-15 01:35:32,approved,False
TXN20240215003352,ACCT206019,MERCH300020,purchase,687.58,atm,2024-02-15 13:32:16,approved,False
TXN20240215003353,ACCT202067,MERCH300298,withdrawal,9.88,web,2024-02-15 12:57:26,approved,False
TXN20240215003354,ACCT202460,MERCH300054,purchase,76.64,web,2024-02-15 12:48:35,approved,False
TXN20240215003355,ACCT200601,MERCH300011,purchase,51.92,mobile,2024-02-15 14:51:17,approved,False
TXN20240215003356,ACCT200758,MERCH300121,purchase,78.4,in_person,2024-02-15 04:42:17,approved,False
TXN20240215003357,ACCT200088,MERCH300223,purchase,66.02,atm,2024-02-15 21:28:28,approved,False
TXN20240215003358,ACCT203805,MERCH300029,purchase,81.12,mobile,2024-02-15 14:41:19,approved,False
TXN20240215003359,ACCT200950,MERCH300154,purchase,105.9,atm,2024-02-15 16:12:00,declined,False
TXN20240215003360,ACCT205914,MERCH300078,purchase,73.02,mobile,2024-02-15 19:00:59,approved,False
TXN20240215003361,ACCT200626,MERCH300098,deposit,23.58,web,2024-02-15 19:40:20,approved,False
TXN20240215003362,ACCT203437,MERCH300127,purchase,8.29,web,2024-02-15 13:43:57,approved,False
TXN20240215003363,ACCT200821,MERCH300064,transfer,211.99,in_person,2024-02-15 15:05:19,approved,False
TXN20240215003364,ACCT204042,MERCH300006,purchase,63.26,web,2024-02-15 04:38:25,approved,True
TXN20240215003365,ACCT201489,MERCH300270,purchase,18.43,mobile,2024-02-15 00:59:21,approved,False
TXN20240215003366,ACCT205852,MERCH300281,deposit,48.25,web,2024-02-15 04:00:30,approved,False
TXN20240215003367,ACCT202978,MERCH300281,purchase,52.03,mobile,2024-02-15 04:28:27,approved,False
TXN20240215003368,ACCT203558,MERCH300250,withdrawal,258.5,web,2024-02-15 00:36:59,declined,False
TXN20240215003369,ACCT200905,MERCH300025,purchase,6.98,web,2024-02-15 02:50:05,approved,False
TXN20240215003370,ACCT200825,MERCH300181,purchase,8.71,in_person,2024-02-15 21:26:07,approved,False
TXN20240215003371,ACCT201865,MERCH300227,purchase,141.58,in_person,2024-02-15 14:28:39,approved,False
TXN20240215003372,ACCT203696,MERCH300157,purchase,15.44,atm,2024-02-15 15:11:24,approved,False
TXN20240215003373,ACCT206072,MERCH300177,purchase,29.61,web,2024-02-15 18:43:18,approved,False
TXN20240215003374,ACCT205996,MERCH300044,purchase,18.81,mobile,2024-02-15 01:16:05,approved,False
TXN20240215003375,ACCT206401,MERCH300183,purchase,10.93,web,2024-02-15 15:07:45,approved,False
TXN20240215003376,ACCT205911,MERCH300097,purchase,14.88,mobile,2024-02-15 17:37:03,approved,False
TXN20240215003377,ACCT204654,MERCH300155,transfer,8.81,web,2024-02-15 12:36:17,approved,False
TXN20240215003378,ACCT201014,MERCH300072,purchase,16.65,in_person,2024-02-15 15:20:34,approved,False
TXN20240215003379,ACCT205947,MERCH300270,purchase,73.93,mobile,2024-02-15 19:10:30,approved,False
TXN20240215003380,ACCT205882,MERCH300214,purchase,36.42,mobile,2024-02-15 14:27:48,approved,False
TXN20240215003381,ACCT202180,MERCH300181,purchase,15.18,in_person,2024-02-15 10:57:53,approved,False
TXN20240215003382,ACCT203534,MERCH300184,purchase,7.08,in_person,2024-02-15 08:29:08,approved,False
TXN20240215003383,ACCT202625,MERCH300225,purchase,5.71,in_person,2024-02-15 01:38:59,approved,False
TXN20240215003384,ACCT202682,MERCH300158,purchase,119.86,mobile,2024-02-15 11:24:03,approved,False
TXN20240215003385,ACCT206095,MERCH300063,deposit,33.09,web,2024-02-15 21:31:38,approved,False
TXN20240215003386,ACCT200605,MERCH300266,purchase,32.96,mobile,2024-02-15 03:30:36,approved,False
TXN20240215003387,ACCT203411,MERCH300036,withdrawal,43.14,mobile,2024-02-15 20:48:40,approved,False
TXN20240215003388,ACCT201000,MERCH300258,purchase,54.73,web,2024-02-15 07:38:46,approved,False
TXN20240215003389,ACCT203124,MERCH300059,purchase,14.69,in_person,2024-02-15 19:03:19,approved,False
TXN20240215003390,ACCT200600,MERCH300047,purchase,31.47,in_person,2024-02-15 01:41:42,approved,False
TXN20240215003391,ACCT205320,MERCH300154,deposit,30.68,in_person,2024-02-15 18:14:56,approved,False
TXN20240215003392,ACCT202538,MERCH300252,purchase,83.0,mobile,2024-02-15 16:42:41,approved,False
TXN20240215003393,ACCT201466,MERCH300214,purchase,49.63,mobile,2024-02-15 11:32:17,approved,False
TXN20240215003394,ACCT201314,MERCH300210,purchase,45.14,web,2024-02-15 05:40:54,approved,False
TXN20240215003395,ACCT200056,MERCH300251,transfer,11.5,mobile,2024-02-15 21:11:21,approved,False
TXN20240215003396,ACCT205712,MERCH300270,purchase,38.51,in_person,2024-02-15 18:27:28,approved,False
TXN20240215003397,ACCT201250,MERCH300272,purchase,63.23,in_person,2024-02-15 21:52:24,approved,False
TXN20240215003398,ACCT204678,MERCH300177,withdrawal,143.66,atm,2024-02-15 19:47:05,approved,False
TXN20240215003399,ACCT201178,MERCH300091,purchase,356.93,atm,2024-02-15 19:20:10,reversed,False
TXN20240215003400,ACCT202269,MERCH300272,deposit,26.68,atm,2024-02-15 14:04:16,approved,False
TXN20240215003401,ACCT206125,MERCH300180,purchase,43.17,in_person,2024-02-15 10:10:15,declined,False
TXN20240215003402,ACCT200632,MERCH300023,deposit,28.89,mobile,2024-02-15 20:41:31,approved,False
TXN20240215003403,ACCT204548,MERCH300272,deposit,36.41,mobile,2024-02-15 23:50:08,approved,False
TXN20240215003404,ACCT204155,MERCH300296,purchase,11.05,in_person,2024-02-15 11:05:38,approved,False
TXN20240215003405,ACCT200955,MERCH300050,purchase,6.93,web,2024-02-15 01:07:56,approved,False
TXN20240215003406,ACCT202307,MERCH300008,deposit,53.74,web,2024-02-15 11:16:58,approved,False
TXN20240215003407,ACCT200959,MERCH300249,purchase,178.45,mobile,2024-02-15 10:49:07,approved,False
TXN20240215003408,ACCT202704,MERCH300171,withdrawal,83.57,mobile,2024-02-15 08:03:23,approved,False
TXN20240215003409,ACCT202546,MERCH300034,withdrawal,42.29,in_person,2024-02-15 21:11:59,approved,False
TXN20240215003410,ACCT203638,MERCH300088,deposit,44.4,mobile,2024-02-15 05:58:53,approved,False
TXN20240215003411,ACCT204196,MERCH300277,purchase,10.61,in_person,2024-02-15 14:10:28,approved,False
TXN20240215003412,ACCT205014,MERCH300150,deposit,28.76,mobile,2024-02-15 11:05:20,approved,False
TXN20240215003413,ACCT200597,MERCH300085,purchase,46.44,web,2024-02-15 01:27:30,approved,False
TXN20240215003414,ACCT202676,MERCH300035,purchase,3.42,in_person,2024-02-15 14:29:06,approved,False
TXN20240215003415,ACCT203465,MERCH300080,purchase,49.71,web,2024-02-15 06:58:55,approved,False
TXN20240215003416,ACCT202426,MERCH300236,transfer,19.75,web,2024-02-15 19:23:01,approved,False
TXN20240215003417,ACCT201195,MERCH300135,purchase,79.55,in_person,2024-02-15 05:10:49,approved,False
TXN20240215003418,ACCT201203,MERCH300050,withdrawal,81.7,web,2024-02-15 21:35:38,approved,False
TXN20240215003419,ACCT203357,MERCH300002,purchase,17.16,in_person,2024-02-15 07:31:43,approved,False
TXN20240215003420,ACCT200512,MERCH300128,deposit,28.08,mobile,2024-02-15 20:09:07,approved,False
TXN20240215003421,ACCT203252,MERCH300032,withdrawal,57.7,mobile,2024-02-15 00:43:56,approved,False
TXN20240215003422,ACCT201294,MERCH300174,purchase,65.23,mobile,2024-02-15 15:59:14,approved,False
TXN20240215003423,ACCT200458,MERCH300232,withdrawal,18.03,mobile,2024-02-15 12:22:12,approved,False
TXN20240215003424,ACCT200823,MERCH300222,purchase,10.96,in_person,2024-02-15 01:10:27,declined,False
TXN20240215003425,ACCT202351,MERCH300094,purchase,30.09,in_person,2024-02-15 22:20:58,approved,False
TXN20240215003426,ACCT203522,MERCH300081,purchase,69.13,in_person,2024-02-15 16:35:43,approved,False
TXN20240215003427,ACCT201785,MERCH300260,transfer,6.46,in_person,2024-02-15 23:02:01,approved,False
TXN20240215003428,ACCT202532,MERCH300056,purchase,10.38,web,2024-02-15 04:36:10,declined,False
TXN20240215003429,ACCT205718,MERCH300259,purchase,35.17,mobile,2024-02-15 04:55:26,approved,False
TXN20240215003430,ACCT202509,MERCH300162,withdrawal,22.51,web,2024-02-15 16:15:32,approved,False
TXN20240215003431,ACCT203245,MERCH300033,purchase,19.8,web,2024-02-15 18:05:15,approved,False
TXN20240215003432,ACCT205035,MERCH300136,deposit,51.14,web,2024-02-15 15:53:54,approved,False
TXN20240215003433,ACCT203220,MERCH300215,withdrawal,16.31,mobile,2024-02-15 20:18:30,approved,False
TXN20240215003434,ACCT203593,MERCH300292,transfer,76.5,in_person,2024-02-15 23:51:57,approved,False
TXN20240215003435,ACCT201457,MERCH300244,transfer,47.07,mobile,2024-02-15 20:05:27,approved,False
TXN20240215003436,ACCT201837,MERCH300289,purchase,114.81,atm,2024-02-15 09:11:32,approved,False
TXN20240215003437,ACCT201949,MERCH300299,purchase,18.1,in_person,2024-02-15 02:50:23,approved,False
TXN20240215003438,ACCT203213,MERCH300210,purchase,40.12,atm,2024-02-15 08:30:13,declined,False
TXN20240215003439,ACCT203489,MERCH300106,purchase,60.39,in_person,2024-02-15 02:14:46,approved,False
TXN20240215003440,ACCT201719,MERCH300079,purchase,155.21,mobile,2024-02-15 13:28:48,approved,False
TXN20240215003441,ACCT205919,MERCH300033,withdrawal,136.99,in_person,2024-02-15 10:28:10,approved,False
TXN20240215003442,ACCT203604,MERCH300198,purchase,8.02,in_person,2024-02-15 10:43:12,reversed,False
TXN20240215003443,ACCT204919,MERCH300254,transfer,13.38,web,2024-02-15 00:55:29,approved,False
TXN20240215003444,ACCT200847,MERCH300161,purchase,74.09,in_person,2024-02-15 20:29:42,approved,False
TXN20240215003445,ACCT203647,MERCH300075,purchase,37.06,mobile,2024-02-15 04:19:24,approved,False
TXN20240215003446,ACCT201458,MERCH300236,purchase,54.84,web,2024-02-15 16:05:28,approved,False
TXN20240215003447,ACCT200186,MERCH300125,purchase,71.82,in_person,2024-02-15 17:24:21,approved,False
TXN20240215003448,ACCT206061,MERCH300029,transfer,9.98,atm,2024-02-15 12:11:12,approved,False
TXN20240215003449,ACCT200211,MERCH300286,purchase,128.38,web,2024-02-15 13:17:47,approved,False
TXN20240215003450,ACCT204375,MERCH300015,purchase,78.93,mobile,2024-02-15 04:03:08,approved,False
TXN20240215003451,ACCT203806,MERCH300198,purchase,40.16,in_person,2024-02-15 07:58:22,approved,False
TXN20240215003452,ACCT201003,MERCH300233,purchase,40.96,in_person,2024-02-15 22:54:16,reversed,False
TXN20240215003453,ACCT202958,MERCH300021,purchase,71.12,atm,2024-02-15 13:41:44,approved,False
TXN20240215003454,ACCT205320,MERCH300269,purchase,71.84,web,2024-02-15 16:47:55,approved,False
TXN20240215003455,ACCT204304,MERCH300075,withdrawal,4.74,web,2024-02-15 01:44:08,approved,False
TXN20240215003456,ACCT205456,MERCH300244,purchase,86.26,in_person,2024-02-15 19:25:15,approved,False
TXN20240215003457,ACCT200586,MERCH300049,withdrawal,59.09,web,2024-02-15 23:17:54,approved,False
TXN20240215003458,ACCT201007,MERCH300105,purchase,10.82,web,2024-02-15 02:31:33,approved,False
TXN20240215003459,ACCT202698,MERCH300295,purchase,40.21,web,2024-02-15 07:16:14,approved,False
TXN20240215003460,ACCT201761,MERCH300047,purchase,25.11,in_person,2024-02-15 05:57:52,approved,False
TXN20240215003461,ACCT201262,MERCH300196,purchase,65.62,web,2024-02-15 01:15:42,approved,False
TXN20240215003462,ACCT205530,MERCH300087,purchase,55.46,web,2024-02-15 23:33:06,approved,False
TXN20240215003463,ACCT200836,MERCH300013,purchase,95.13,web,2024-02-15 20:57:51,approved,False
TXN20240215003464,ACCT202283,MERCH300235,purchase,12.01,web,2024-02-15 03:29:34,approved,False
TXN20240215003465,ACCT203084,MERCH300291,transfer,44.01,atm,2024-02-15 08:42:36,approved,False
TXN20240215003466,ACCT203139,MERCH300215,purchase,21.83,web,2024-02-15 09:35:14,approved,False
TXN20240215003467,ACCT206470,MERCH300167,purchase,126.65,in_person,2024-02-15 13:39:25,approved,False
TXN20240215003468,ACCT204133,MERCH300155,purchase,2.92,in_person,2024-02-15 02:06:32,approved,False
TXN20240215003469,ACCT204068,MERCH300182,purchase,126.06,mobile,2024-02-15 12:00:13,approved,False
TXN20240215003470,ACCT204439,MERCH300129,purchase,30.55,in_person,2024-02-15 17:28:41,approved,False
TXN20240215003471,ACCT201837,MERCH300234,deposit,125.92,mobile,2024-02-15 03:57:24,approved,False
TXN20240215003472,ACCT205849,MERCH300149,purchase,28.67,in_person,2024-02-15 13:03:03,approved,False
TXN20240215003473,ACCT202457,MERCH300195,transfer,113.47,web,2024-02-15 08:36:00,approved,False
TXN20240215003474,ACCT204647,MERCH300256,purchase,23.52,web,2024-02-15 06:21:23,approved,False
TXN20240215003475,ACCT201969,MERCH300146,purchase,48.75,in_person,2024-02-15 07:05:41,approved,False
TXN20240215003476,ACCT201615,MERCH300089,purchase,27.34,web,2024-02-15 23:22:53,approved,False
TXN20240215003477,ACCT206289,MERCH300168,withdrawal,10.54,atm,2024-02-15 04:40:07,approved,False
TXN20240215003478,ACCT205998,MERCH300085,purchase,35.83,web,2024-02-15 02:45:35,approved,False
TXN20240215003479,ACCT201592,MERCH300040,purchase,184.82,in_person,2024-02-15 08:11:16,declined,False
TXN20240215003480,ACCT203715,MERCH300214,purchase,25.93,web,2024-02-15 05:48:39,approved,False
TXN20240215003481,ACCT201835,MERCH300275,purchase,70.83,mobile,2024-02-15 20:47:43,approved,False
TXN20240215003482,ACCT200388,MERCH300097,purchase,7.49,in_person,2024-02-15 09:39:54,approved,False
TXN20240215003483,ACCT204898,MERCH300221,purchase,40.63,web,2024-02-15 12:13:32,approved,False
TXN20240215003484,ACCT200877,MERCH300150,deposit,84.38,web,2024-02-15 03:50:30,approved,False
TXN20240215003485,ACCT200335,MERCH300236,purchase,38.05,atm,2024-02-15 06:47:10,approved,False
TXN20240215003486,ACCT200310,MERCH300085,purchase,74.89,in_person,2024-02-15 03:15:27,approved,False
TXN20240215003487,ACCT204333,MERCH300261,purchase,119.21,mobile,2024-02-15 01:36:31,approved,False
TXN20240215003488,ACCT205707,MERCH300073,purchase,304.28,web,2024-02-15 10:20:39,approved,False
TXN20240215003489,ACCT204411,MERCH300061,deposit,22.0,atm,2024-02-15 18:05:06,approved,False
TXN20240215003490,ACCT202148,MERCH300039,purchase,44.3,mobile,2024-02-15 15:53:59,approved,False
TXN20240215003491,ACCT203469,MERCH300105,purchase,28.57,web,2024-02-15 16:21:37,approved,False
TXN20240215003492,ACCT202631,MERCH300113,purchase,228.83,atm,2024-02-15 22:06:02,approved,False
TXN20240215003493,ACCT203861,MERCH300256,transfer,27.65,web,2024-02-15 20:15:09,declined,False
TXN20240215003494,ACCT204973,MERCH300184,purchase,44.73,atm,2024-02-15 18:08:21,approved,False
TXN20240215003495,ACCT205024,MERCH300271,purchase,37.12,mobile,2024-02-15 06:14:32,approved,False
TXN20240215003496,ACCT200341,MERCH300261,purchase,38.94,mobile,2024-02-15 12:52:31,reversed,False
TXN20240215003497,ACCT203606,MERCH300126,purchase,23.58,mobile,2024-02-15 02:46:57,approved,False
TXN20240215003498,ACCT205468,MERCH300178,purchase,30.56,web,2024-02-15 02:41:24,approved,False
TXN20240215003499,ACCT203620,MERCH300037,purchase,17.0,in_person,2024-02-15 13:17:25,approved,False
TXN20240215003500,ACCT200091,MERCH300023,purchase,41.11,in_person,2024-02-15 19:03:13,approved,False
TXN20240215003501,ACCT205354,MERCH300234,transfer,50.6,in_person,2024-02-15 11:47:53,approved,False
TXN20240215003502,ACCT203743,MERCH300165,transfer,65.31,web,2024-02-15 19:54:06,approved,False
TXN20240215003503,ACCT205275,MERCH300148,deposit,175.61,mobile,2024-02-15 11:41:50,approved,False
TXN20240215003504,ACCT204398,MERCH300040,purchase,17.57,in_person,2024-02-15 10:56:04,approved,False
TXN20240215003505,ACCT205714,MERCH300009,purchase,36.26,in_person,2024-02-15 19:54:28,approved,False
TXN20240215003506,ACCT201234,MERCH300024,purchase,34.74,mobile,2024-02-15 09:42:33,approved,False
TXN20240215003507,ACCT203104,MERCH300120,deposit,5.51,mobile,2024-02-15 18:39:43,approved,False
TXN20240215003508,ACCT202361,MERCH300173,purchase,24.65,mobile,2024-02-15 13:16:43,approved,False
TXN20240215003509,ACCT202652,MERCH300153,transfer,20.33,web,2024-02-15 21:57:57,approved,False
TXN20240215003510,ACCT204508,MERCH300151,purchase,22.72,in_person,2024-02-15 19:14:04,approved,False
TXN20240215003511,ACCT200920,MERCH300028,purchase,15.91,web,2024-02-15 13:30:25,approved,False
TXN20240215003512,ACCT203506,MERCH300151,purchase,222.17,in_person,2024-02-15 20:15:44,approved,False
TXN20240215003513,ACCT201016,MERCH300011,purchase,10.48,mobile,2024-02-15 02:34:01,approved,False
TXN20240215003514,ACCT203766,MERCH300218,purchase,22.88,web,2024-02-15 19:32:18,approved,False
TXN20240215003515,ACCT201214,MERCH300128,purchase,64.84,in_person,2024-02-15 14:52:49,approved,False
TXN20240215003516,ACCT200456,MERCH300018,purchase,28.04,in_person,2024-02-15 14:11:07,approved,False
TXN20240215003517,ACCT203094,MERCH300234,withdrawal,22.17,web,2024-02-15 03:51:38,approved,False
TXN20240215003518,ACCT200595,MERCH300144,purchase,16.82,web,2024-02-15 15:33:00,approved,False
TXN20240215003519,ACCT204454,MERCH300277,purchase,58.15,mobile,2024-02-15 16:55:11,approved,False
TXN20240215003520,ACCT204913,MERCH300133,purchase,6.36,in_person,2024-02-15 16:45:19,approved,False
TXN20240215003521,ACCT200754,MERCH300040,deposit,54.99,in_person,2024-02-15 15:07:53,approved,False
TXN20240215003522,ACCT200448,MERCH300097,purchase,40.46,web,2024-02-15 21:54:11,approved,False
TXN20240215003523,ACCT206387,MERCH300022,purchase,27.69,in_person,2024-02-15 07:57:41,approved,False
TXN20240215003524,ACCT202440,MERCH300174,withdrawal,66.23,atm,2024-02-15 03:41:42,approved,False
TXN20240215003525,ACCT203269,MERCH300138,purchase,73.6,mobile,2024-02-15 07:20:21,approved,False
TXN20240215003526,ACCT203062,MERCH300247,purchase,96.44,atm,2024-02-15 02:18:03,approved,False
TXN20240215003527,ACCT200837,MERCH300145,purchase,87.12,in_person,2024-02-15 17:49:19,declined,False
TXN20240215003528,ACCT201783,MERCH300050,purchase,86.73,mobile,2024-02-15 15:34:49,approved,False
TXN20240215003529,ACCT205983,MERCH300102,transfer,20.15,web,2024-02-15 08:31:59,approved,False
TXN20240215003530,ACCT205673,MERCH300138,purchase,27.55,mobile,2024-02-15 17:17:57,approved,False
TXN20240215003531,ACCT204024,MERCH300084,purchase,111.41,in_person,2024-02-15 09:01:44,approved,False
TXN20240215003532,ACCT200203,MERCH300152,purchase,47.86,atm,2024-02-15 20:24:05,approved,False
TXN20240215003533,ACCT204702,MERCH300215,deposit,22.3,atm,2024-02-15 00:14:01,approved,False
TXN20240215003534,ACCT203213,MERCH300180,deposit,11.53,web,2024-02-15 01:37:11,approved,False
TXN20240215003535,ACCT201394,MERCH300154,purchase,50.82,in_person,2024-02-15 21:47:59,approved,False
TXN20240215003536,ACCT201419,MERCH300028,withdrawal,14.4,in_person,2024-02-15 20:41:52,approved,False
TXN20240215003537,ACCT201335,MERCH300017,purchase,73.11,mobile,2024-02-15 06:39:44,approved,False
TXN20240215003538,ACCT202503,MERCH300030,purchase,89.23,web,2024-02-15 21:57:47,approved,False
TXN20240215003539,ACCT203311,MERCH300152,withdrawal,269.12,atm,2024-02-15 03:19:14,approved,False
TXN20240215003540,ACCT201882,MERCH300167,purchase,217.61,in_person,2024-02-15 04:50:27,approved,False
TXN20240215003541,ACCT200005,MERCH300087,withdrawal,38.11,mobile,2024-02-15 01:24:12,approved,False
TXN20240215003542,ACCT202260,MERCH300087,purchase,53.38,in_person,2024-02-15 05:01:31,approved,False
TXN20240215003543,ACCT205719,MERCH300079,purchase,36.91,web,2024-02-15 16:52:37,approved,False
TXN20240215003544,ACCT201228,MERCH300200,withdrawal,69.3,atm,2024-02-15 09:01:24,approved,False
TXN20240215003545,ACCT201027,MERCH300140,purchase,72.29,in_person,2024-02-15 17:06:43,approved,False
TXN20240215003546,ACCT205480,MERCH300067,purchase,51.82,atm,2024-02-15 06:31:39,approved,False
TXN20240215003547,ACCT205292,MERCH300228,purchase,51.65,web,2024-02-15 15:34:23,approved,False
TXN20240215003548,ACCT203981,MERCH300201,purchase,14.25,in_person,2024-02-15 11:55:56,approved,False
TXN20240215003549,ACCT205834,MERCH300005,transfer,354.36,web,2024-02-15 15:06:43,approved,False
TXN20240215003550,ACCT200606,MERCH300055,purchase,58.55,web,2024-02-15 16:01:49,approved,False
TXN20240215003551,ACCT204943,MERCH300137,purchase,155.59,mobile,2024-02-15 07:00:04,approved,False
TXN20240215003552,ACCT200731,MERCH300185,purchase,23.82,in_person,2024-02-15 09:23:10,approved,False
TXN20240215003553,ACCT204189,MERCH300101,purchase,34.72,in_person,2024-02-15 12:27:18,approved,False
TXN20240215003554,ACCT203821,MERCH300253,purchase,82.1,mobile,2024-02-15 16:30:10,approved,False
TXN20240215003555,ACCT205711,MERCH300276,transfer,82.67,in_person,2024-02-15 09:06:39,approved,False
TXN20240215003556,ACCT200085,MERCH300261,purchase,222.24,atm,2024-02-15 09:28:32,approved,False
TXN20240215003557,ACCT203941,MERCH300030,purchase,70.84,web,2024-02-15 08:34:11,approved,False
TXN20240215003558,ACCT204111,MERCH300234,withdrawal,26.05,mobile,2024-02-15 04:28:08,approved,False
TXN20240215003559,ACCT202618,MERCH300017,purchase,32.78,atm,2024-02-15 20:50:55,approved,False
TXN20240215003560,ACCT205112,MERCH300071,purchase,44.96,mobile,2024-02-15 06:45:25,approved,False
TXN20240215003561,ACCT201904,MERCH300063,purchase,128.25,in_person,2024-02-15 02:50:07,approved,False
TXN20240215003562,ACCT205776,MERCH300158,purchase,92.7,web,2024-02-15 11:15:06,approved,False
TXN20240215003563,ACCT202249,MERCH300283,purchase,5.31,web,2024-02-15 15:56:33,approved,False
TXN20240215003564,ACCT200220,MERCH300241,purchase,17.25,mobile,2024-02-15 21:54:37,approved,False
TXN20240215003565,ACCT203275,MERCH300008,purchase,97.51,web,2024-02-15 08:06:21,approved,False
TXN20240215003566,ACCT203850,MERCH300249,purchase,20.65,atm,2024-02-15 20:30:00,approved,False
TXN20240215003567,ACCT206359,MERCH300179,deposit,16.03,mobile,2024-02-15 22:33:07,approved,False
TXN20240215003568,ACCT201637,MERCH300036,withdrawal,110.9,in_person,2024-02-15 00:18:37,approved,False
TXN20240215003569,ACCT205345,MERCH300234,purchase,19.08,web,2024-02-15 00:24:34,approved,False
TXN20240215003570,ACCT200746,MERCH300022,purchase,19.16,atm,2024-02-15 17:25:55,approved,False
TXN20240215003571,ACCT204412,MERCH300038,deposit,14.47,in_person,2024-02-15 10:59:38,approved,False
TXN20240215003572,ACCT206197,MERCH300048,purchase,44.8,atm,2024-02-15 16:25:46,approved,False
TXN20240215003573,ACCT201797,MERCH300262,purchase,32.88,mobile,2024-02-15 16:16:45,approved,True
TXN20240215003574,ACCT200500,MERCH300110,deposit,16.47,in_person,2024-02-15 05:27:48,approved,False
TXN20240215003575,ACCT205845,MERCH300106,purchase,41.97,web,2024-02-15 06:48:30,approved,False
TXN20240215003576,ACCT201708,MERCH300136,deposit,196.27,web,2024-02-15 10:13:32,approved,False
TXN20240215003577,ACCT205178,MERCH300197,purchase,98.04,mobile,2024-02-15 02:00:57,approved,False
TXN20240215003578,ACCT204670,MERCH300132,purchase,27.23,mobile,2024-02-15 21:43:53,approved,False
TXN20240215003579,ACCT206317,MERCH300244,withdrawal,20.93,mobile,2024-02-15 23:38:09,approved,False
TXN20240215003580,ACCT201691,MERCH300221,deposit,9.42,in_person,2024-02-15 01:15:03,approved,False
TXN20240215003581,ACCT201580,MERCH300097,purchase,384.98,in_person,2024-02-15 07:01:50,approved,False
TXN20240215003582,ACCT205174,MERCH300023,deposit,221.22,mobile,2024-02-15 22:09:11,approved,False
TXN20240215003583,ACCT204292,MERCH300047,purchase,38.08,web,2024-02-15 17:25:37,approved,False
TXN20240215003584,ACCT205905,MERCH300007,purchase,72.48,in_person,2024-02-15 16:46:30,declined,False
TXN20240215003585,ACCT201526,MERCH300156,purchase,107.01,mobile,2024-02-15 18:53:18,approved,False
TXN20240215003586,ACCT203414,MERCH300147,purchase,129.58,in_person,2024-02-15 15:50:33,approved,False
TXN20240215003587,ACCT204429,MERCH300147,purchase,55.74,mobile,2024-02-15 23:26:03,approved,False
TXN20240215003588,ACCT206271,MERCH300124,purchase,266.04,in_person,2024-02-15 10:04:27,approved,False
TXN20240215003589,ACCT206062,MERCH300187,purchase,34.0,mobile,2024-02-15 17:10:45,declined,False
TXN20240215003590,ACCT205333,MERCH300147,purchase,24.05,in_person,2024-02-15 10:07:17,approved,False
TXN20240215003591,ACCT200445,MERCH300058,deposit,7.72,in_person,2024-02-15 23:30:39,approved,False
TXN20240215003592,ACCT205077,MERCH300196,purchase,53.64,mobile,2024-02-15 07:56:01,declined,False
TXN20240215003593,ACCT201571,MERCH300106,deposit,114.3,in_person,2024-02-15 03:34:05,approved,False
TXN20240215003594,ACCT203917,MERCH300040,deposit,29.85,atm,2024-02-15 15:20:31,approved,False
TXN20240215003595,ACCT202375,MERCH300089,transfer,252.0,in_person,2024-02-15 09:36:47,approved,False
TXN20240215003596,ACCT204810,MERCH300118,purchase,14.29,mobile,2024-02-15 03:39:04,approved,False
TXN20240215003597,ACCT200412,MERCH300096,transfer,27.42,mobile,2024-02-15 01:17:33,approved,False
TXN20240215003598,ACCT203257,MERCH300068,purchase,62.4,in_person,2024-02-15 19:31:08,approved,False
TXN20240215003599,ACCT205838,MERCH300146,purchase,6.34,in_person,2024-02-15 13:53:59,approved,False
TXN20240215003600,ACCT202088,MERCH300289,purchase,60.09,web,2024-02-15 02:22:56,approved,False
TXN20240215003601,ACCT200136,MERCH300217,transfer,26.55,mobile,2024-02-15 03:11:14,approved,False
TXN20240215003602,ACCT205669,MERCH300137,deposit,10.61,in_person,2024-02-15 01:27:33,approved,True
TXN20240215003603,ACCT205958,MERCH300289,purchase,57.88,in_person,2024-02-15 23:58:45,approved,False
TXN20240215003604,ACCT203559,MERCH300239,withdrawal,111.23,atm,2024-02-15 13:56:56,approved,False
TXN20240215003605,ACCT201952,MERCH300071,purchase,10.31,mobile,2024-02-15 13:46:43,approved,False
TXN20240215003606,ACCT204872,MERCH300247,purchase,51.2,mobile,2024-02-15 01:24:01,approved,False
TXN20240215003607,ACCT204581,MERCH300172,purchase,7.21,mobile,2024-02-15 21:34:04,approved,False
TXN20240215003608,ACCT203173,MERCH300071,deposit,51.57,web,2024-02-15 16:14:48,reversed,False
TXN20240215003609,ACCT206069,MERCH300048,purchase,28.57,in_person,2024-02-15 07:06:51,approved,False
TXN20240215003610,ACCT203946,MERCH300062,purchase,21.96,in_person,2024-02-15 14:41:18,approved,False
TXN20240215003611,ACCT206100,MERCH300298,transfer,47.32,atm,2024-02-15 14:28:33,approved,False
TXN20240215003612,ACCT201007,MERCH300042,purchase,9.88,in_person,2024-02-15 19:02:23,approved,False
TXN20240215003613,ACCT203889,MERCH300287,purchase,37.91,web,2024-02-15 16:27:28,declined,False
TXN20240215003614,ACCT200204,MERCH300133,deposit,5.97,mobile,2024-02-15 06:33:39,approved,False
TXN20240215003615,ACCT204959,MERCH300050,purchase,94.61,mobile,2024-02-15 02:44:17,approved,False
TXN20240215003616,ACCT205211,MERCH300231,transfer,14.81,in_person,2024-02-15 23:25:05,approved,False
TXN20240215003617,ACCT202641,MERCH300292,purchase,81.96,mobile,2024-02-15 07:59:30,declined,False
TXN20240215003618,ACCT205254,MERCH300148,transfer,114.97,in_person,2024-02-15 09:06:48,declined,False
TXN20240215003619,ACCT202906,MERCH300006,purchase,41.34,mobile,2024-02-15 23:20:01,approved,False
TXN20240215003620,ACCT203845,MERCH300059,purchase,363.17,mobile,2024-02-15 16:12:32,approved,False
TXN20240215003621,ACCT202715,MERCH300181,purchase,91.92,atm,2024-02-15 10:24:10,approved,False
TXN20240215003622,ACCT204974,MERCH300169,purchase,14.43,mobile,2024-02-15 01:37:09,approved,False
TXN20240215003623,ACCT201995,MERCH300239,purchase,43.49,atm,2024-02-15 10:20:02,approved,False
TXN20240215003624,ACCT201880,MERCH300295,purchase,31.6,mobile,2024-02-15 16:46:09,approved,False
TXN20240215003625,ACCT200362,MERCH300229,purchase,30.4,in_person,2024-02-15 03:09:06,approved,False
TXN20240215003626,ACCT204352,MERCH300168,purchase,61.23,in_person,2024-02-15 15:30:44,approved,False
TXN20240215003627,ACCT205535,MERCH300198,withdrawal,39.22,atm,2024-02-15 19:50:37,approved,False
TXN20240215003628,ACCT204159,MERCH300277,transfer,7.54,mobile,2024-02-15 22:24:48,approved,False
TXN20240215003629,ACCT201615,MERCH300182,purchase,20.98,web,2024-02-15 10:49:03,approved,False
TXN20240215003630,ACCT203843,MERCH300203,purchase,34.87,web,2024-02-15 18:52:10,approved,False
TXN20240215003631,ACCT202077,MERCH300144,transfer,7.67,in_person,2024-02-15 15:47:36,approved,False
TXN20240215003632,ACCT200359,MERCH300091,withdrawal,16.7,web,2024-02-15 21:06:12,approved,False
TXN20240215003633,ACCT200362,MERCH300199,withdrawal,40.64,mobile,2024-02-15 10:10:09,approved,False
TXN20240215003634,ACCT201023,MERCH300266,transfer,28.41,in_person,2024-02-15 10:18:35,approved,False
TXN20240215003635,ACCT202851,MERCH300139,purchase,12.47,mobile,2024-02-15 01:43:11,approved,False
TXN20240215003636,ACCT200960,MERCH300112,purchase,26.82,in_person,2024-02-15 03:13:17,approved,True
TXN20240215003637,ACCT205596,MERCH300254,transfer,107.86,in_person,2024-02-15 09:02:00,approved,False
TXN20240215003638,ACCT205271,MERCH300228,purchase,47.24,mobile,2024-02-15 01:21:54,approved,False
TXN20240215003639,ACCT203343,MERCH300164,purchase,66.2,web,2024-02-15 04:23:46,approved,False
TXN20240215003640,ACCT200877,MERCH300084,withdrawal,33.34,in_person,2024-02-15 16:15:36,declined,False
TXN20240215003641,ACCT201242,MERCH300065,purchase,20.3,mobile,2024-02-15 05:44:26,approved,True
TXN20240215003642,ACCT206277,MERCH300119,withdrawal,7.82,in_person,2024-02-15 07:23:13,approved,False
TXN20240215003643,ACCT202677,MERCH300058,deposit,24.81,in_person,2024-02-15 02:35:42,approved,False
TXN20240215003644,ACCT204074,MERCH300109,transfer,35.93,in_person,2024-02-15 01:55:16,approved,False
TXN20240215003645,ACCT202743,MERCH300281,withdrawal,43.59,in_person,2024-02-15 09:16:21,approved,False
TXN20240215003646,ACCT201268,MERCH300269,transfer,46.12,in_person,2024-02-15 14:56:34,declined,False
TXN20240215003647,ACCT204154,MERCH300158,withdrawal,159.06,mobile,2024-02-15 06:05:23,approved,False
TXN20240215003648,ACCT204112,MERCH300245,transfer,78.29,in_person,2024-02-15 04:12:08,approved,False
TXN20240215003649,ACCT206214,MERCH300058,deposit,80.18,in_person,2024-02-15 10:27:53,approved,False
TXN20240215003650,ACCT205762,MERCH300109,purchase,49.93,in_person,2024-02-15 16:36:02,approved,False
TXN20240215003651,ACCT201816,MERCH300218,purchase,53.9,web,2024-02-15 20:15:48,reversed,False
TXN20240215003652,ACCT201682,MERCH300126,transfer,7.15,web,2024-02-15 04:06:43,approved,False
TXN20240215003653,ACCT205259,MERCH300070,transfer,18.48,mobile,2024-02-15 02:19:10,reversed,False
TXN20240215003654,ACCT202267,MERCH300123,withdrawal,19.46,mobile,2024-02-15 01:37:20,approved,False
TXN20240215003655,ACCT200796,MERCH300231,purchase,24.41,in_person,2024-02-15 01:27:10,approved,False
TXN20240215003656,ACCT202400,MERCH300006,purchase,48.59,web,2024-02-15 04:49:27,approved,False
TXN20240215003657,ACCT202571,MERCH300183,transfer,17.43,in_person,2024-02-15 06:25:34,approved,False
TXN20240215003658,ACCT206287,MERCH300100,purchase,62.79,web,2024-02-15 21:42:40,approved,False
TXN20240215003659,ACCT205704,MERCH300202,purchase,25.6,in_person,2024-02-15 00:19:43,approved,False
TXN20240215003660,ACCT202067,MERCH300205,deposit,10.93,web,2024-02-15 03:33:01,approved,False
TXN20240215003661,ACCT203376,MERCH300163,purchase,10.59,mobile,2024-02-15 06:26:48,approved,False
TXN20240215003662,ACCT201426,MERCH300099,purchase,8.29,mobile,2024-02-15 13:09:02,reversed,False
TXN20240215003663,ACCT202204,MERCH300209,purchase,156.63,mobile,2024-02-15 10:50:50,approved,False
TXN20240215003664,ACCT202408,MERCH300011,purchase,10.93,in_person,2024-02-15 22:47:42,approved,False
TXN20240215003665,ACCT205744,MERCH300257,purchase,605.41,web,2024-02-15 05:27:07,approved,False
TXN20240215003666,ACCT201704,MERCH300105,purchase,33.69,mobile,2024-02-15 20:55:07,approved,False
TXN20240215003667,ACCT201719,MERCH300154,deposit,57.63,mobile,2024-02-15 08:54:23,approved,False
TXN20240215003668,ACCT203933,MERCH300292,withdrawal,39.86,mobile,2024-02-15 10:49:02,approved,False
TXN20240215003669,ACCT206173,MERCH300134,purchase,31.16,in_person,2024-02-15 12:53:45,approved,False
TXN20240215003670,ACCT205844,MERCH300221,purchase,65.43,mobile,2024-02-15 16:49:09,approved,False
TXN20240215003671,ACCT204934,MERCH300035,purchase,17.6,in_person,2024-02-15 10:28:09,approved,False
TXN20240215003672,ACCT200297,MERCH300059,transfer,41.11,mobile,2024-02-15 22:36:50,approved,False
TXN20240215003673,ACCT206208,MERCH300231,purchase,27.53,web,2024-02-15 08:47:39,declined,False
TXN20240215003674,ACCT202013,MERCH300166,purchase,53.39,web,2024-02-15 12:52:15,approved,False
TXN20240215003675,ACCT204666,MERCH300183,purchase,42.91,in_person,2024-02-15 14:39:00,approved,False
TXN20240215003676,ACCT206310,MERCH300026,purchase,90.51,web,2024-02-15 18:45:07,approved,False
TXN20240215003677,ACCT200917,MERCH300222,purchase,29.72,web,2024-02-15 00:41:36,approved,False
TXN20240215003678,ACCT205339,MERCH300085,purchase,132.21,web,2024-02-15 08:27:11,approved,False
TXN20240215003679,ACCT204993,MERCH300292,purchase,39.58,mobile,2024-02-15 01:54:10,approved,False
TXN20240215003680,ACCT205711,MERCH300112,transfer,162.09,web,2024-02-15 06:50:57,approved,False
TXN20240215003681,ACCT204523,MERCH300140,purchase,9.5,in_person,2024-02-15 14:58:44,approved,False
TXN20240215003682,ACCT204970,MERCH300123,transfer,11.67,mobile,2024-02-15 03:21:38,approved,True
TXN20240215003683,ACCT201794,MERCH300139,transfer,105.92,in_person,2024-02-15 14:43:54,approved,False
TXN20240215003684,ACCT204448,MERCH300142,purchase,77.34,in_person,2024-02-15 15:14:00,approved,False
TXN20240215003685,ACCT202722,MERCH300276,deposit,39.95,mobile,2024-02-15 19:54:08,approved,False
TXN20240215003686,ACCT204169,MERCH300122,purchase,79.14,in_person,2024-02-15 13:59:27,approved,False
TXN20240215003687,ACCT200284,MERCH300173,purchase,107.33,mobile,2024-02-15 22:48:40,approved,False
TXN20240215003688,ACCT200518,MERCH300006,purchase,34.65,in_person,2024-02-15 01:27:32,reversed,True
TXN20240215003689,ACCT202720,MERCH300263,transfer,50.29,in_person,2024-02-15 18:21:39,approved,False
TXN20240215003690,ACCT202872,MERCH300223,purchase,48.49,in_person,2024-02-15 09:51:06,approved,False
TXN20240215003691,ACCT204579,MERCH300118,transfer,35.39,web,2024-02-15 23:51:54,declined,False
TXN20240215003692,ACCT202287,MERCH300096,purchase,33.21,web,2024-02-15 12:17:50,approved,False
TXN20240215003693,ACCT206416,MERCH300168,purchase,409.82,web,2024-02-15 23:06:23,approved,False
TXN20240215003694,ACCT201448,MERCH300292,purchase,61.43,in_person,2024-02-15 15:41:05,approved,False
TXN20240215003695,ACCT202039,MERCH300186,purchase,4.37,in_person,2024-02-15 07:37:06,approved,False
TXN20240215003696,ACCT203737,MERCH300158,purchase,44.2,web,2024-02-15 19:53:26,approved,False
TXN20240215003697,ACCT200663,MERCH300071,purchase,50.28,in_person,2024-02-15 06:45:10,approved,False
TXN20240215003698,ACCT200379,MERCH300281,purchase,28.5,mobile,2024-02-15 13:17:11,approved,False
TXN20240215003699,ACCT202970,MERCH300094,purchase,22.59,in_person,2024-02-15 11:22:11,approved,False
TXN20240215003700,ACCT202425,MERCH300117,purchase,168.96,web,2024-02-15 07:23:41,declined,False
TXN20240215003701,ACCT201021,MERCH300294,purchase,66.34,in_person,2024-02-15 21:20:12,approved,False
TXN20240215003702,ACCT204564,MERCH300023,transfer,7.24,web,2024-02-15 23:15:05,approved,False
TXN20240215003703,ACCT200838,MERCH300161,purchase,27.07,in_person,2024-02-15 07:11:03,approved,False
TXN20240215003704,ACCT205006,MERCH300232,purchase,26.25,atm,2024-02-15 02:44:02,approved,False
TXN20240215003705,ACCT203540,MERCH300080,purchase,63.17,mobile,2024-02-15 01:34:21,approved,False
TXN20240215003706,ACCT204043,MERCH300003,purchase,110.17,mobile,2024-02-15 19:33:32,approved,True
TXN20240215003707,ACCT203469,MERCH300219,purchase,15.8,in_person,2024-02-15 23:16:27,approved,False
TXN20240215003708,ACCT202125,MERCH300105,deposit,64.03,in_person,2024-02-15 19:39:31,approved,False
TXN20240215003709,ACCT201884,MERCH300238,withdrawal,50.8,mobile,2024-02-15 19:33:00,approved,False
TXN20240215003710,ACCT204868,MERCH300119,deposit,106.45,in_person,2024-02-15 11:05:16,approved,False
TXN20240215003711,ACCT202365,MERCH300154,transfer,6.85,web,2024-02-15 09:07:39,approved,False
TXN20240215003712,ACCT202270,MERCH300134,withdrawal,106.54,web,2024-02-15 21:20:23,approved,False
TXN20240215003713,ACCT201816,MERCH300040,purchase,94.01,atm,2024-02-15 19:58:47,approved,False
TXN20240215003714,ACCT206426,MERCH300225,purchase,20.96,mobile,2024-02-15 00:34:48,approved,False
TXN20240215003715,ACCT203076,MERCH300096,purchase,42.98,in_person,2024-02-15 02:54:39,approved,False
TXN20240215003716,ACCT200896,MERCH300105,purchase,12.73,in_person,2024-02-15 00:24:54,approved,False
TXN20240215003717,ACCT204503,MERCH300188,transfer,47.96,in_person,2024-02-15 15:53:11,approved,False
TXN20240215003718,ACCT203299,MERCH300061,withdrawal,17.16,web,2024-02-15 03:35:08,declined,False
TXN20240215003719,ACCT201673,MERCH300097,purchase,8.37,web,2024-02-15 10:42:01,approved,False
TXN20240215003720,ACCT206349,MERCH300187,deposit,134.42,mobile,2024-02-15 19:59:24,approved,False
TXN20240215003721,ACCT204995,MERCH300243,transfer,6.13,mobile,2024-02-15 00:02:00,approved,False
TXN20240215003722,ACCT201958,MERCH300238,purchase,9.64,in_person,2024-02-15 09:13:02,approved,False
TXN20240215003723,ACCT201149,MERCH300144,withdrawal,33.63,mobile,2024-02-15 01:19:57,declined,False
TXN20240215003724,ACCT203424,MERCH300037,purchase,36.33,atm,2024-02-15 08:01:25,approved,False
TXN20240215003725,ACCT205380,MERCH300087,withdrawal,67.35,web,2024-02-15 15:36:10,approved,False
TXN20240215003726,ACCT204913,MERCH300068,withdrawal,36.45,mobile,2024-02-15 05:43:36,approved,False
TXN20240215003727,ACCT205833,MERCH300117,purchase,32.02,in_person,2024-02-15 07:42:02,approved,False
TXN20240215003728,ACCT205912,MERCH300137,deposit,23.6,mobile,2024-02-15 14:07:21,approved,False
TXN20240215003729,ACCT205851,MERCH300284,purchase,30.1,mobile,2024-02-15 13:07:02,approved,False
TXN20240215003730,ACCT201269,MERCH300094,transfer,23.51,web,2024-02-15 09:12:18,declined,False
TXN20240215003731,ACCT201665,MERCH300068,purchase,147.25,web,2024-02-15 05:23:06,approved,False
TXN20240215003732,ACCT204345,MERCH300271,transfer,8.75,in_person,2024-02-15 15:40:24,approved,False
TXN20240215003733,ACCT200021,MERCH300099,purchase,48.43,atm,2024-02-15 21:46:14,declined,False
TXN20240215003734,ACCT206394,MERCH300299,purchase,48.29,mobile,2024-02-15 01:05:27,approved,False
TXN20240215003735,ACCT206004,MERCH300096,purchase,90.96,in_person,2024-02-15 15:37:40,approved,False
TXN20240215003736,ACCT205982,MERCH300153,purchase,38.97,in_person,2024-02-15 20:45:58,approved,False
TXN20240215003737,ACCT203787,MERCH300247,deposit,37.39,mobile,2024-02-15 21:13:34,approved,False
TXN20240215003738,ACCT203599,MERCH300200,transfer,19.87,web,2024-02-15 14:59:14,approved,False
TXN20240215003739,ACCT200110,MERCH300008,transfer,10.23,web,2024-02-15 03:56:38,approved,False
TXN20240215003740,ACCT204406,MERCH300011,purchase,43.69,mobile,2024-02-15 08:03:00,approved,False
TXN20240215003741,ACCT202726,MERCH300013,transfer,217.25,mobile,2024-02-15 01:59:22,approved,False
TXN20240215003742,ACCT202875,MERCH300081,purchase,26.08,in_person,2024-02-15 22:30:45,approved,False
TXN20240215003743,ACCT202322,MERCH300234,purchase,49.37,in_person,2024-02-15 10:59:31,approved,False
TXN20240215003744,ACCT206373,MERCH300081,withdrawal,41.63,web,2024-02-15 07:16:53,approved,False
TXN20240215003745,ACCT201366,MERCH300085,purchase,47.6,in_person,2024-02-15 18:35:30,approved,False
TXN20240215003746,ACCT201973,MERCH300168,transfer,4.84,in_person,2024-02-15 13:12:41,approved,False
TXN20240215003747,ACCT206296,MERCH300260,deposit,12.0,in_person,2024-02-15 22:08:45,approved,False
TXN20240215003748,ACCT200771,MERCH300198,transfer,17.96,in_person,2024-02-15 23:19:18,approved,False
TXN20240215003749,ACCT204983,MERCH300206,purchase,115.51,in_person,2024-02-15 11:31:13,approved,True
TXN20240215003750,ACCT200421,MERCH300281,deposit,54.22,web,2024-02-15 09:21:33,approved,False
TXN20240215003751,ACCT200606,MERCH300220,withdrawal,16.54,atm,2024-02-15 22:28:21,approved,False
TXN20240215003752,ACCT205945,MERCH300116,purchase,83.18,web,2024-02-15 15:13:13,approved,False
TXN20240215003753,ACCT202354,MERCH300145,purchase,113.0,in_person,2024-02-15 14:38:46,approved,False
TXN20240215003754,ACCT202932,MERCH300211,withdrawal,126.4,web,2024-02-15 23:24:56,approved,False
TXN20240215003755,ACCT203836,MERCH300118,purchase,156.39,in_person,2024-02-15 02:18:29,declined,False
TXN20240215003756,ACCT204944,MERCH300062,purchase,7.97,web,2024-02-15 03:12:09,approved,True
TXN20240215003757,ACCT204915,MERCH300172,purchase,74.11,web,2024-02-15 13:38:54,approved,False
TXN20240215003758,ACCT201278,MERCH300023,purchase,50.85,web,2024-02-15 04:55:06,approved,False
TXN20240215003759,ACCT201185,MERCH300080,withdrawal,25.08,atm,2024-02-15 00:58:25,approved,False
TXN20240215003760,ACCT204139,MERCH300145,deposit,66.04,in_person,2024-02-15 09:07:57,approved,False
TXN20240215003761,ACCT200853,MERCH300020,purchase,22.54,in_person,2024-02-15 01:29:42,approved,False
TXN20240215003762,ACCT203105,MERCH300260,deposit,27.02,mobile,2024-02-15 21:49:05,approved,False
TXN20240215003763,ACCT205813,MERCH300155,deposit,40.26,web,2024-02-15 19:58:20,approved,False
TXN20240215003764,ACCT204574,MERCH300053,purchase,81.25,web,2024-02-15 10:37:23,approved,False
TXN20240215003765,ACCT205652,MERCH300174,purchase,80.11,web,2024-02-15 15:17:11,approved,False
TXN20240215003766,ACCT203282,MERCH300018,purchase,49.03,in_person,2024-02-15 06:06:02,approved,False
TXN20240215003767,ACCT205316,MERCH300177,purchase,16.26,web,2024-02-15 14:17:46,approved,False
TXN20240215003768,ACCT201203,MERCH300261,purchase,65.42,mobile,2024-02-15 17:56:04,approved,False
TXN20240215003769,ACCT206092,MERCH300254,purchase,161.99,mobile,2024-02-15 06:36:22,approved,False
TXN20240215003770,ACCT202671,MERCH300175,withdrawal,25.73,mobile,2024-02-15 21:46:22,approved,False
TXN20240215003771,ACCT200485,MERCH300241,transfer,85.65,in_person,2024-02-15 02:20:02,reversed,False
TXN20240215003772,ACCT201779,MERCH300136,transfer,16.97,mobile,2024-02-15 07:03:42,approved,False
TXN20240215003773,ACCT204829,MERCH300259,deposit,38.77,in_person,2024-02-15 04:27:55,approved,False
TXN20240215003774,ACCT200194,MERCH300072,withdrawal,22.09,in_person,2024-02-15 13:07:34,approved,False
TXN20240215003775,ACCT205091,MERCH300115,purchase,176.62,in_person,2024-02-15 22:27:02,approved,False
TXN20240215003776,ACCT200953,MERCH300178,purchase,54.37,in_person,2024-02-15 20:43:19,declined,False
TXN20240215003777,ACCT203682,MERCH300096,purchase,67.24,web,2024-02-15 07:40:33,approved,False
TXN20240215003778,ACCT203673,MERCH300285,purchase,20.94,web,2024-02-15 08:18:15,approved,False
TXN20240215003779,ACCT203843,MERCH300190,purchase,70.67,in_person,2024-02-15 10:21:19,approved,False
TXN20240215003780,ACCT204097,MERCH300052,deposit,15.51,in_person,2024-02-15 01:29:50,approved,False
TXN20240215003781,ACCT203316,MERCH300149,deposit,51.44,web,2024-02-15 12:54:17,reversed,False
TXN20240215003782,ACCT205002,MERCH300212,transfer,10.41,in_person,2024-02-15 14:10:49,approved,False
TXN20240215003783,ACCT201029,MERCH300062,purchase,47.54,mobile,2024-02-15 04:34:23,declined,False
TXN20240215003784,ACCT204771,MERCH300248,purchase,14.16,in_person,2024-02-15 23:12:40,approved,False
TXN20240215003785,ACCT202712,MERCH300063,purchase,118.38,web,2024-02-15 12:21:34,approved,False
TXN20240215003786,ACCT203663,MERCH300260,purchase,82.77,mobile,2024-02-15 22:47:58,approved,False
TXN20240215003787,ACCT206478,MERCH300199,transfer,160.61,web,2024-02-15 06:24:08,approved,False
TXN20240215003788,ACCT201090,MERCH300063,deposit,11.61,mobile,2024-02-15 22:53:43,approved,False
TXN20240215003789,ACCT202098,MERCH300148,transfer,44.09,web,2024-02-15 20:37:41,approved,False
TXN20240215003790,ACCT200825,MERCH300064,purchase,57.75,mobile,2024-02-15 00:45:53,approved,True
TXN20240215003791,ACCT200996,MERCH300065,purchase,63.41,in_person,2024-02-15 11:04:31,approved,False
TXN20240215003792,ACCT204407,MERCH300218,purchase,33.31,web,2024-02-15 10:44:22,approved,False
TXN20240215003793,ACCT201594,MERCH300105,transfer,106.37,web,2024-02-15 18:56:06,approved,False
TXN20240215003794,ACCT200080,MERCH300094,withdrawal,28.13,mobile,2024-02-15 17:46:24,approved,False
TXN20240215003795,ACCT200081,MERCH300212,purchase,33.6,mobile,2024-02-15 07:08:29,approved,False
TXN20240215003796,ACCT201078,MERCH300003,transfer,142.2,in_person,2024-02-15 22:31:30,approved,False
TXN20240215003797,ACCT205803,MERCH300276,purchase,113.67,in_person,2024-02-15 01:05:21,approved,False
TXN20240215003798,ACCT203340,MERCH300191,deposit,24.41,mobile,2024-02-15 11:09:50,approved,False
TXN20240215003799,ACCT205947,MERCH300044,transfer,73.87,mobile,2024-02-15 01:04:53,approved,False
TXN20240215003800,ACCT205082,MERCH300156,deposit,6.8,mobile,2024-02-15 08:36:24,approved,False
TXN20240215003801,ACCT202654,MERCH300189,purchase,35.07,mobile,2024-02-15 05:45:55,approved,False
TXN20240215003802,ACCT204889,MERCH300161,purchase,21.32,web,2024-02-15 02:35:20,approved,False
TXN20240215003803,ACCT200250,MERCH300040,purchase,17.5,mobile,2024-02-15 06:48:18,approved,False
TXN20240215003804,ACCT203875,MERCH300023,purchase,25.47,in_person,2024-02-15 15:32:19,reversed,False
TXN20240215003805,ACCT200556,MERCH300107,purchase,40.74,atm,2024-02-15 20:34:42,reversed,False
TXN20240215003806,ACCT202597,MERCH300235,purchase,73.67,atm,2024-02-15 15:41:54,approved,False
TXN20240215003807,ACCT204599,MERCH300291,purchase,72.62,web,2024-02-15 13:21:12,approved,False
TXN20240215003808,ACCT202978,MERCH300259,purchase,24.29,atm,2024-02-15 14:46:39,approved,False
TXN20240215003809,ACCT200769,MERCH300063,transfer,18.8,in_person,2024-02-15 05:32:56,approved,False
TXN20240215003810,ACCT203226,MERCH300215,deposit,16.69,web,2024-02-15 00:45:35,approved,False
TXN20240215003811,ACCT204400,MERCH300217,transfer,141.6,mobile,2024-02-15 23:22:18,approved,False
TXN20240215003812,ACCT206088,MERCH300203,withdrawal,81.37,mobile,2024-02-15 01:39:24,approved,False
TXN20240215003813,ACCT206271,MERCH300215,purchase,73.48,mobile,2024-02-15 13:04:37,approved,False
TXN20240215003814,ACCT203534,MERCH300147,withdrawal,4.17,in_person,2024-02-15 13:28:13,declined,False
TXN20240215003815,ACCT205733,MERCH300229,purchase,16.09,mobile,2024-02-15 09:52:33,declined,False
TXN20240215003816,ACCT203624,MERCH300207,purchase,32.07,in_person,2024-02-15 02:00:07,approved,False
TXN20240215003817,ACCT200299,MERCH300170,deposit,41.62,web,2024-02-15 00:22:27,approved,False
TXN20240215003818,ACCT202916,MERCH300015,purchase,17.5,web,2024-02-15 04:56:55,approved,False
TXN20240215003819,ACCT203800,MERCH300184,purchase,96.82,web,2024-02-15 05:49:34,reversed,False
TXN20240215003820,ACCT204177,MERCH300100,purchase,18.05,web,2024-02-15 04:30:26,approved,True
TXN20240215003821,ACCT200228,MERCH300102,purchase,43.35,in_person,2024-02-15 00:57:09,approved,False
TXN20240215003822,ACCT200467,MERCH300015,withdrawal,84.11,mobile,2024-02-15 09:14:29,approved,False
TXN20240215003823,ACCT204508,MERCH300187,withdrawal,40.13,mobile,2024-02-15 17:21:07,approved,False
TXN20240215003824,ACCT202574,MERCH300183,purchase,19.52,web,2024-02-15 19:16:01,approved,False
TXN20240215003825,ACCT205330,MERCH300247,transfer,3.33,web,2024-02-15 21:17:48,reversed,False
TXN20240215003826,ACCT204877,MERCH300077,transfer,16.54,in_person,2024-02-15 04:15:30,approved,False
TXN20240215003827,ACCT200880,MERCH300254,purchase,18.54,in_person,2024-02-15 03:49:21,approved,False
TXN20240215003828,ACCT205796,MERCH300189,withdrawal,26.13,in_person,2024-02-15 12:51:39,approved,False
TXN20240215003829,ACCT206085,MERCH300239,purchase,51.91,atm,2024-02-15 20:58:27,approved,False
TXN20240215003830,ACCT205720,MERCH300002,purchase,56.72,in_person,2024-02-15 18:14:17,approved,False
TXN20240215003831,ACCT202026,MERCH300209,purchase,65.65,atm,2024-02-15 07:33:34,approved,False
TXN20240215003832,ACCT202036,MERCH300183,purchase,47.86,mobile,2024-02-15 03:05:44,approved,False
TXN20240215003833,ACCT202550,MERCH300155,transfer,29.6,mobile,2024-02-15 23:20:35,approved,False
TXN20240215003834,ACCT204882,MERCH300243,purchase,357.95,web,2024-02-15 20:58:33,approved,False
TXN20240215003835,ACCT206186,MERCH300253,purchase,39.71,in_person,2024-02-15 15:14:32,approved,False
TXN20240215003836,ACCT200780,MERCH300038,withdrawal,26.14,mobile,2024-02-15 02:26:37,approved,False
TXN20240215003837,ACCT204102,MERCH300148,withdrawal,33.38,atm,2024-02-15 15:09:16,approved,False
TXN20240215003838,ACCT204248,MERCH300164,purchase,359.62,web,2024-02-15 22:23:11,declined,True
TXN20240215003839,ACCT201062,MERCH300185,transfer,8.56,atm,2024-02-15 23:29:19,approved,False
TXN20240215003840,ACCT200579,MERCH300054,purchase,13.18,web,2024-02-15 03:14:43,approved,False
TXN20240215003841,ACCT203586,MERCH300272,purchase,19.26,web,2024-02-15 07:03:37,approved,False
TXN20240215003842,ACCT200028,MERCH300249,withdrawal,287.31,web,2024-02-15 13:44:20,approved,False
TXN20240215003843,ACCT201738,MERCH300118,purchase,57.88,atm,2024-02-15 15:11:32,approved,True
TXN20240215003844,ACCT203034,MERCH300012,purchase,139.94,web,2024-02-15 05:25:43,approved,False
TXN20240215003845,ACCT205739,MERCH300137,purchase,4.03,atm,2024-02-15 11:19:05,approved,False
TXN20240215003846,ACCT200552,MERCH300138,purchase,114.37,web,2024-02-15 15:15:05,declined,False
TXN20240215003847,ACCT204909,MERCH300201,purchase,24.74,web,2024-02-15 14:07:27,approved,False
TXN20240215003848,ACCT204853,MERCH300259,purchase,10.13,web,2024-02-15 14:01:27,approved,False
TXN20240215003849,ACCT202800,MERCH300079,transfer,15.96,atm,2024-02-15 03:04:55,approved,False
TXN20240215003850,ACCT200495,MERCH300037,purchase,16.46,mobile,2024-02-15 15:22:41,approved,False
TXN20240215003851,ACCT203143,MERCH300231,purchase,6.28,web,2024-02-15 22:18:21,approved,False
TXN20240215003852,ACCT202079,MERCH300156,purchase,48.57,mobile,2024-02-15 14:50:41,approved,False
TXN20240215003853,ACCT205049,MERCH300194,purchase,15.92,mobile,2024-02-15 05:59:03,approved,False
TXN20240215003854,ACCT201852,MERCH300074,transfer,10.1,in_person,2024-02-15 10:00:28,approved,False
TXN20240215003855,ACCT204587,MERCH300040,purchase,8.26,web,2024-02-15 16:38:48,approved,False
TXN20240215003856,ACCT200286,MERCH300068,deposit,12.97,mobile,2024-02-15 11:12:28,approved,False
TXN20240215003857,ACCT205629,MERCH300124,transfer,20.05,web,2024-02-15 11:26:41,approved,False
TXN20240215003858,ACCT202031,MERCH300032,purchase,34.99,in_person,2024-02-15 14:31:08,approved,False
TXN20240215003859,ACCT204749,MERCH300229,withdrawal,10.19,in_person,2024-02-15 05:19:38,approved,False
TXN20240215003860,ACCT203762,MERCH300290,purchase,49.99,mobile,2024-02-15 09:02:01,approved,False
TXN20240215003861,ACCT203029,MERCH300192,purchase,31.04,in_person,2024-02-15 23:10:01,approved,False
TXN20240215003862,ACCT204491,MERCH300165,purchase,25.15,mobile,2024-02-15 20:13:02,approved,False
TXN20240215003863,ACCT201205,MERCH300243,purchase,21.15,mobile,2024-02-15 18:19:07,approved,False
TXN20240215003864,ACCT201616,MERCH300074,purchase,89.9,web,2024-02-15 21:18:54,approved,False
TXN20240215003865,ACCT206464,MERCH300275,purchase,54.59,in_person,2024-02-15 11:08:32,approved,False
TXN20240215003866,ACCT202632,MERCH300245,purchase,33.24,in_person,2024-02-15 21:39:31,approved,False
TXN20240215003867,ACCT204006,MERCH300011,purchase,95.31,in_person,2024-02-15 00:53:13,approved,False
TXN20240215003868,ACCT201930,MERCH300070,purchase,4.05,in_person,2024-02-15 03:12:50,approved,False
TXN20240215003869,ACCT203530,MERCH300264,purchase,76.55,in_person,2024-02-15 12:08:16,approved,False
TXN20240215003870,ACCT204266,MERCH300296,withdrawal,56.3,atm,2024-02-15 18:49:16,approved,False
TXN20240215003871,ACCT203853,MERCH300181,purchase,148.37,atm,2024-02-15 11:35:08,approved,False
TXN20240215003872,ACCT201318,MERCH300038,purchase,16.7,web,2024-02-15 16:42:11,approved,False
TXN20240215003873,ACCT202736,MERCH300065,purchase,16.41,web,2024-02-15 12:21:59,approved,False
TXN20240215003874,ACCT204168,MERCH300109,withdrawal,61.79,web,2024-02-15 23:58:53,approved,False
TXN20240215003875,ACCT201812,MERCH300263,transfer,75.5,atm,2024-02-15 01:49:31,approved,False
TXN20240215003876,ACCT205432,MERCH300208,purchase,12.61,web,2024-02-15 15:35:42,approved,False
TXN20240215003877,ACCT202959,MERCH300104,transfer,11.13,web,2024-02-15 22:20:54,approved,False
TXN20240215003878,ACCT202606,MERCH300141,purchase,72.04,web,2024-02-15 04:22:26,approved,False
TXN20240215003879,ACCT201268,MERCH300000,transfer,55.18,in_person,2024-02-15 13:12:14,approved,False
TXN20240215003880,ACCT204856,MERCH300243,withdrawal,49.88,mobile,2024-02-15 12:20:25,approved,False
TXN20240215003881,ACCT206229,MERCH300018,purchase,44.5,mobile,2024-02-15 11:24:14,approved,False
TXN20240215003882,ACCT206448,MERCH300255,withdrawal,30.95,in_person,2024-02-15 12:10:44,approved,False
TXN20240215003883,ACCT204939,MERCH300095,purchase,109.1,web,2024-02-15 08:34:35,approved,False
TXN20240215003884,ACCT205160,MERCH300179,deposit,26.31,in_person,2024-02-15 17:48:36,approved,False
TXN20240215003885,ACCT205349,MERCH300109,purchase,19.91,web,2024-02-15 23:26:26,approved,False
TXN20240215003886,ACCT201749,MERCH300145,transfer,57.56,in_person,2024-02-15 05:31:55,approved,False
TXN20240215003887,ACCT200470,MERCH300030,purchase,17.26,web,2024-02-15 07:19:07,approved,False
TXN20240215003888,ACCT204885,MERCH300121,purchase,48.34,web,2024-02-15 16:22:45,approved,False
TXN20240215003889,ACCT205665,MERCH300087,deposit,52.31,in_person,2024-02-15 03:59:29,approved,False
TXN20240215003890,ACCT200898,MERCH300114,purchase,8.94,in_person,2024-02-15 12:56:45,approved,False
TXN20240215003891,ACCT204532,MERCH300167,purchase,13.11,in_person,2024-02-15 09:34:59,approved,False
TXN20240215003892,ACCT201841,MERCH300059,deposit,17.46,mobile,2024-02-15 02:34:39,approved,False
TXN20240215003893,ACCT204376,MERCH300128,purchase,10.64,atm,2024-02-15 07:10:44,approved,False
TXN20240215003894,ACCT203733,MERCH300290,purchase,66.17,web,2024-02-15 08:14:39,approved,False
TXN20240215003895,ACCT200260,MERCH300152,transfer,30.0,atm,2024-02-15 10:58:53,approved,False
TXN20240215003896,ACCT204104,MERCH300098,purchase,19.18,mobile,2024-02-15 09:38:15,approved,False
TXN20240215003897,ACCT202066,MERCH300033,purchase,29.0,mobile,2024-02-15 01:37:25,approved,False
TXN20240215003898,ACCT200953,MERCH300175,purchase,62.65,mobile,2024-02-15 20:19:30,approved,False
TXN20240215003899,ACCT202840,MERCH300143,purchase,41.87,web,2024-02-15 17:54:54,approved,False
TXN20240215003900,ACCT201557,MERCH300193,purchase,6.59,web,2024-02-15 20:50:16,approved,False
TXN20240215003901,ACCT205835,MERCH300073,transfer,17.7,mobile,2024-02-15 15:42:31,approved,False
TXN20240215003902,ACCT202768,MERCH300078,purchase,85.37,mobile,2024-02-15 22:29:14,approved,False
TXN20240215003903,ACCT206225,MERCH300084,purchase,279.64,mobile,2024-02-15 21:55:52,approved,False
TXN20240215003904,ACCT200252,MERCH300186,purchase,11.44,mobile,2024-02-15 13:45:22,approved,False
TXN20240215003905,ACCT203212,MERCH300209,purchase,235.68,in_person,2024-02-15 02:51:14,approved,False
TXN20240215003906,ACCT202822,MERCH300169,transfer,60.67,web,2024-02-15 05:10:46,approved,False
TXN20240215003907,ACCT201493,MERCH300108,transfer,22.99,in_person,2024-02-15 00:14:52,approved,False
TXN20240215003908,ACCT204960,MERCH300124,deposit,8.29,web,2024-02-15 09:27:16,approved,False
TXN20240215003909,ACCT206349,MERCH300010,purchase,50.75,in_person,2024-02-15 16:26:46,approved,False
TXN20240215003910,ACCT206477,MERCH300180,purchase,88.62,web,2024-02-15 13:15:59,approved,False
TXN20240215003911,ACCT205494,MERCH300287,purchase,13.9,mobile,2024-02-15 05:08:51,approved,False
TXN20240215003912,ACCT205194,MERCH300168,withdrawal,17.9,in_person,2024-02-15 12:56:43,approved,False
TXN20240215003913,ACCT202330,MERCH300017,withdrawal,42.65,mobile,2024-02-15 12:03:55,approved,False
TXN20240215003914,ACCT204086,MERCH300190,purchase,1.31,web,2024-02-15 17:49:23,approved,False
TXN20240215003915,ACCT200419,MERCH300015,purchase,18.0,web,2024-02-15 02:51:08,approved,False
TXN20240215003916,ACCT204235,MERCH300191,purchase,123.36,web,2024-02-15 20:09:55,approved,False
TXN20240215003917,ACCT201778,MERCH300052,purchase,39.39,web,2024-02-15 03:07:04,approved,False
TXN20240215003918,ACCT202230,MERCH300155,purchase,64.31,in_person,2024-02-15 12:06:11,approved,False
TXN20240215003919,ACCT206133,MERCH300257,purchase,38.53,atm,2024-02-15 05:20:12,approved,False
TXN20240215003920,ACCT205766,MERCH300194,withdrawal,11.29,mobile,2024-02-15 15:20:43,approved,False
TXN20240215003921,ACCT201686,MERCH300266,deposit,46.15,in_person,2024-02-15 17:20:59,approved,False
TXN20240215003922,ACCT204852,MERCH300042,purchase,35.15,mobile,2024-02-15 04:29:15,approved,False
TXN20240215003923,ACCT202399,MERCH300274,purchase,25.12,web,2024-02-15 11:29:03,approved,False
TXN20240215003924,ACCT202977,MERCH300107,deposit,55.38,in_person,2024-02-15 09:47:30,approved,False
TXN20240215003925,ACCT201057,MERCH300280,transfer,58.12,mobile,2024-02-15 15:01:13,approved,False
TXN20240215003926,ACCT202732,MERCH300015,purchase,48.42,in_person,2024-02-15 08:21:08,approved,False
TXN20240215003927,ACCT201252,MERCH300248,withdrawal,25.39,mobile,2024-02-15 21:38:11,approved,False
TXN20240215003928,ACCT202769,MERCH300191,purchase,11.8,web,2024-02-15 22:03:10,approved,False
TXN20240215003929,ACCT201200,MERCH300285,withdrawal,31.43,in_person,2024-02-15 01:31:12,approved,False
TXN20240215003930,ACCT200174,MERCH300032,withdrawal,25.68,mobile,2024-02-15 05:27:40,declined,False
TXN20240215003931,ACCT205448,MERCH300048,purchase,176.31,web,2024-02-15 20:37:28,approved,False
TXN20240215003932,ACCT203778,MERCH300238,purchase,84.43,in_person,2024-02-15 22:34:11,approved,False
TXN20240215003933,ACCT204028,MERCH300084,transfer,13.16,in_person,2024-02-15 14:05:36,approved,False
TXN20240215003934,ACCT204331,MERCH300080,purchase,8.71,atm,2024-02-15 02:32:47,approved,False
TXN20240215003935,ACCT201293,MERCH300062,deposit,38.67,in_person,2024-02-15 20:08:01,approved,False
TXN20240215003936,ACCT202724,MERCH300244,purchase,54.38,in_person,2024-02-15 17:56:43,approved,True
TXN20240215003937,ACCT201176,MERCH300117,purchase,77.3,in_person,2024-02-15 17:11:39,approved,False
TXN20240215003938,ACCT206261,MERCH300020,deposit,41.22,in_person,2024-02-15 03:15:55,approved,False
TXN20240215003939,ACCT200541,MERCH300014,transfer,11.87,in_person,2024-02-15 21:44:21,approved,False
TXN20240215003940,ACCT202975,MERCH300290,purchase,62.81,atm,2024-02-15 00:29:58,approved,False
TXN20240215003941,ACCT203528,MERCH300253,purchase,19.29,web,2024-02-15 20:54:19,approved,False
TXN20240215003942,ACCT200910,MERCH300288,transfer,20.29,web,2024-02-15 00:12:30,approved,True
TXN20240215003943,ACCT203409,MERCH300169,purchase,15.09,atm,2024-02-15 01:39:46,approved,False
TXN20240215003944,ACCT203694,MERCH300053,purchase,103.17,in_person,2024-02-15 19:21:29,approved,False
TXN20240215003945,ACCT205585,MERCH300031,purchase,4.16,mobile,2024-02-15 12:11:26,approved,False
TXN20240215003946,ACCT202189,MERCH300143,transfer,36.65,web,2024-02-15 07:33:36,approved,False
TXN20240215003947,ACCT202886,MERCH300161,deposit,86.03,web,2024-02-15 15:48:14,approved,False
TXN20240215003948,ACCT205144,MERCH300192,transfer,34.34,in_person,2024-02-15 13:55:40,approved,False
TXN20240215003949,ACCT200370,MERCH300027,purchase,19.06,in_person,2024-02-15 20:49:57,approved,False
TXN20240215003950,ACCT202818,MERCH300250,transfer,39.66,in_person,2024-02-15 12:35:29,approved,False
TXN20240215003951,ACCT206014,MERCH300291,purchase,4.82,web,2024-02-15 16:01:08,approved,False
TXN20240215003952,ACCT203622,MERCH300070,purchase,37.44,in_person,2024-02-15 02:13:29,approved,False
TXN20240215003953,ACCT202190,MERCH300127,purchase,86.86,mobile,2024-02-15 10:51:07,declined,False
TXN20240215003954,ACCT201492,MERCH300243,purchase,25.57,web,2024-02-15 04:04:55,approved,False
TXN20240215003955,ACCT203594,MERCH300232,purchase,13.77,in_person,2024-02-15 22:09:25,approved,False
TXN20240215003956,ACCT202087,MERCH300148,purchase,53.51,in_person,2024-02-15 04:15:02,approved,False
TXN20240215003957,ACCT203328,MERCH300158,purchase,21.41,web,2024-02-15 06:16:36,approved,False
TXN20240215003958,ACCT201664,MERCH300189,purchase,18.72,web,2024-02-15 22:36:13,approved,False
TXN20240215003959,ACCT204769,MERCH300085,purchase,16.96,mobile,2024-02-15 08:09:40,declined,True
TXN20240215003960,ACCT202946,MERCH300083,deposit,15.32,in_person,2024-02-15 15:38:49,approved,False
TXN20240215003961,ACCT206141,MERCH300153,withdrawal,52.63,web,2024-02-15 05:51:10,approved,False
TXN20240215003962,ACCT201465,MERCH300060,purchase,110.1,in_person,2024-02-15 04:15:06,approved,False
TXN20240215003963,ACCT203290,MERCH300288,purchase,71.54,web,2024-02-15 03:30:56,approved,False
TXN20240215003964,ACCT205359,MERCH300280,purchase,50.71,atm,2024-02-15 15:55:52,approved,False
TXN20240215003965,ACCT205236,MERCH300169,purchase,7.25,web,2024-02-15 19:10:21,approved,False
TXN20240215003966,ACCT201678,MERCH300181,purchase,33.34,in_person,2024-02-15 05:05:13,approved,False
TXN20240215003967,ACCT201335,MERCH300272,purchase,65.79,atm,2024-02-15 15:50:57,approved,False
TXN20240215003968,ACCT204425,MERCH300154,transfer,118.87,mobile,2024-02-15 19:11:20,approved,False
TXN20240215003969,ACCT205341,MERCH300067,purchase,8.95,mobile,2024-02-15 08:52:00,approved,False
TXN20240215003970,ACCT202524,MERCH300052,purchase,62.14,web,2024-02-15 01:10:36,approved,False
TXN20240215003971,ACCT200512,MERCH300121,purchase,42.39,in_person,2024-02-15 05:51:32,approved,False
TXN20240215003972,ACCT201549,MERCH300070,purchase,28.7,in_person,2024-02-15 20:17:39,approved,False
TXN20240215003973,ACCT200657,MERCH300028,purchase,7.56,in_person,2024-02-15 04:54:03,approved,False
TXN20240215003974,ACCT204574,MERCH300135,purchase,22.17,in_person,2024-02-15 10:48:50,approved,False
TXN20240215003975,ACCT203740,MERCH300107,purchase,22.1,in_person,2024-02-15 03:58:16,declined,False
TXN20240215003976,ACCT201450,MERCH300217,deposit,44.12,in_person,2024-02-15 15:35:36,approved,False
TXN20240215003977,ACCT203704,MERCH300156,purchase,73.28,in_person,2024-02-15 00:39:55,approved,False
TXN20240215003978,ACCT201291,MERCH300259,deposit,118.93,web,2024-02-15 11:39:36,approved,False
TXN20240215003979,ACCT203318,MERCH300297,purchase,18.85,mobile,2024-02-15 10:24:23,approved,False
TXN20240215003980,ACCT203809,MERCH300278,purchase,106.8,atm,2024-02-15 00:22:55,approved,False
TXN20240215003981,ACCT202808,MERCH300060,purchase,24.79,in_person,2024-02-15 07:05:50,declined,False
TXN20240215003982,ACCT201729,MERCH300167,purchase,16.19,web,2024-02-15 05:37:37,approved,False
TXN20240215003983,ACCT200820,MERCH300110,purchase,11.18,atm,2024-02-15 09:46:40,approved,False
TXN20240215003984,ACCT202714,MERCH300039,transfer,43.56,in_person,2024-02-15 22:15:54,approved,False
TXN20240215003985,ACCT206072,MERCH300284,transfer,22.43,atm,2024-02-15 18:08:04,approved,True
TXN20240215003986,ACCT202567,MERCH300228,purchase,68.59,atm,2024-02-15 05:59:26,approved,False
TXN20240215003987,ACCT201782,MERCH300218,purchase,38.9,mobile,2024-02-15 17:56:40,approved,False
TXN20240215003988,ACCT200663,MERCH300250,transfer,75.1,mobile,2024-02-15 08:12:49,approved,False
TXN20240215003989,ACCT204827,MERCH300154,purchase,19.54,web,2024-02-15 13:28:41,declined,False
TXN20240215003990,ACCT201507,MERCH300145,transfer,30.65,web,2024-02-15 10:44:46,approved,True
TXN20240215003991,ACCT201078,MERCH300250,purchase,22.35,in_person,2024-02-15 12:58:37,approved,True
TXN20240215003992,ACCT202646,MERCH300277,purchase,3.78,atm,2024-02-15 00:48:15,approved,False
TXN20240215003993,ACCT200495,MERCH300276,purchase,30.78,web,2024-02-15 22:05:03,approved,False
TXN20240215003994,ACCT202719,MERCH300169,purchase,78.07,in_person,2024-02-15 23:51:11,approved,False
TXN20240215003995,ACCT203535,MERCH300211,purchase,24.47,in_person,2024-02-15 21:56:49,approved,False
TXN20240215003996,ACCT204720,MERCH300047,purchase,28.04,in_person,2024-02-15 14:58:26,approved,False
TXN20240215003997,ACCT200605,MERCH300140,transfer,118.29,web,2024-02-15 13:57:01,approved,False
TXN20240215003998,ACCT203347,MERCH300098,withdrawal,50.81,web,2024-02-15 12:58:01,approved,False
TXN20240215003999,ACCT200692,MERCH300158,deposit,28.16,in_person,2024-02-15 16:44:53,declined,False
TXN20240215004000,ACCT202818,MERCH300184,purchase,13.04,web,2024-02-15 20:27:29,approved,False
TXN20240215004001,ACCT204874,MERCH300014,purchase,33.42,in_person,2024-02-15 16:23:37,approved,False
TXN20240215004002,ACCT200130,MERCH300067,purchase,6.76,in_person,2024-02-15 23:12:47,approved,False
TXN20240215004003,ACCT205888,MERCH300293,deposit,96.91,mobile,2024-02-15 09:31:24,approved,False
TXN20240215004004,ACCT205987,MERCH300132,purchase,18.11,mobile,2024-02-15 15:36:03,approved,False
TXN20240215004005,ACCT202088,MERCH300206,purchase,42.51,web,2024-02-15 10:42:14,approved,False
TXN20240215004006,ACCT202901,MERCH300216,withdrawal,37.45,atm,2024-02-15 01:03:01,approved,False
TXN20240215004007,ACCT206475,MERCH300226,deposit,66.63,mobile,2024-02-15 21:25:55,approved,False
TXN20240215004008,ACCT201336,MERCH300189,transfer,140.27,in_person,2024-02-15 10:18:19,approved,False
TXN20240215004009,ACCT205569,MERCH300060,purchase,113.83,web,2024-02-15 05:16:38,approved,False
TXN20240215004010,ACCT201958,MERCH300206,transfer,10.85,web,2024-02-15 02:12:33,approved,False
TXN20240215004011,ACCT203765,MERCH300075,withdrawal,48.36,in_person,2024-02-15 03:12:47,approved,False
TXN20240215004012,ACCT201661,MERCH300099,purchase,30.98,atm,2024-02-15 10:00:02,approved,False
TXN20240215004013,ACCT200947,MERCH300216,purchase,118.15,web,2024-02-15 00:59:46,approved,False
TXN20240215004014,ACCT204280,MERCH300086,deposit,108.95,atm,2024-02-15 05:40:08,approved,False
TXN20240215004015,ACCT203667,MERCH300207,deposit,101.71,web,2024-02-15 08:45:16,approved,False
TXN20240215004016,ACCT201853,MERCH300214,purchase,4.41,in_person,2024-02-15 15:58:37,approved,False
TXN20240215004017,ACCT204234,MERCH300113,purchase,27.45,mobile,2024-02-15 03:03:27,declined,False
TXN20240215004018,ACCT203604,MERCH300004,transfer,8.63,web,2024-02-15 23:00:07,approved,False
TXN20240215004019,ACCT206413,MERCH300187,deposit,62.91,mobile,2024-02-15 11:10:44,approved,False
TXN20240215004020,ACCT204911,MERCH300238,purchase,3.78,atm,2024-02-15 19:08:49,approved,False
TXN20240215004021,ACCT200053,MERCH300062,purchase,37.0,in_person,2024-02-15 03:22:16,approved,True
TXN20240215004022,ACCT202311,MERCH300053,transfer,47.69,web,2024-02-15 10:05:01,approved,False
TXN20240215004023,ACCT202870,MERCH300180,purchase,57.0,in_person,2024-02-15 12:50:47,approved,False
TXN20240215004024,ACCT201750,MERCH300209,purchase,14.31,in_person,2024-02-15 09:39:00,approved,False
TXN20240215004025,ACCT205807,MERCH300180,withdrawal,34.56,mobile,2024-02-15 23:29:07,reversed,False
TXN20240215004026,ACCT204278,MERCH300235,withdrawal,46.17,in_person,2024-02-15 10:02:48,approved,False
TXN20240215004027,ACCT204255,MERCH300040,purchase,20.79,in_person,2024-02-15 11:22:29,approved,False
TXN20240215004028,ACCT204565,MERCH300286,purchase,40.88,atm,2024-02-15 00:08:48,approved,False
TXN20240215004029,ACCT202806,MERCH300299,purchase,33.09,in_person,2024-02-15 07:58:47,approved,False
TXN20240215004030,ACCT206234,MERCH300220,purchase,18.3,web,2024-02-15 12:57:57,approved,False
TXN20240215004031,ACCT204986,MERCH300128,deposit,22.51,in_person,2024-02-15 15:59:56,approved,False
TXN20240215004032,ACCT200104,MERCH300098,purchase,8.56,mobile,2024-02-15 12:54:26,approved,False
TXN20240215004033,ACCT205423,MERCH300032,transfer,88.99,in_person,2024-02-15 12:09:49,approved,False
TXN20240215004034,ACCT205558,MERCH300007,purchase,39.82,atm,2024-02-15 23:14:30,approved,False
TXN20240215004035,ACCT201207,MERCH300085,deposit,195.48,in_person,2024-02-15 21:46:25,approved,False
TXN20240215004036,ACCT205483,MERCH300101,purchase,53.36,mobile,2024-02-15 15:35:12,approved,False
TXN20240215004037,ACCT204788,MERCH300170,deposit,12.38,in_person,2024-02-15 04:33:49,approved,False
TXN20240215004038,ACCT203698,MERCH300194,purchase,28.06,in_person,2024-02-15 16:34:19,approved,False
TXN20240215004039,ACCT204705,MERCH300175,purchase,34.93,in_person,2024-02-15 21:09:34,approved,False
TXN20240215004040,ACCT202827,MERCH300113,withdrawal,118.53,web,2024-02-15 06:27:02,approved,False
TXN20240215004041,ACCT200550,MERCH300135,purchase,64.96,mobile,2024-02-15 05:51:54,approved,False
TXN20240215004042,ACCT200850,MERCH300266,purchase,33.49,web,2024-02-15 14:30:08,approved,False
TXN20240215004043,ACCT202873,MERCH300082,deposit,14.47,mobile,2024-02-15 06:24:21,approved,False
TXN20240215004044,ACCT200645,MERCH300260,purchase,48.74,in_person,2024-02-15 14:02:40,approved,False
TXN20240215004045,ACCT205202,MERCH300253,purchase,72.89,atm,2024-02-15 11:28:36,approved,False
TXN20240215004046,ACCT201153,MERCH300136,purchase,90.52,atm,2024-02-15 19:37:31,approved,False
TXN20240215004047,ACCT202060,MERCH300215,transfer,112.04,in_person,2024-02-15 11:48:24,approved,False
TXN20240215004048,ACCT202373,MERCH300022,purchase,72.24,mobile,2024-02-15 06:37:10,approved,False
TXN20240215004049,ACCT202238,MERCH300004,purchase,25.42,web,2024-02-15 21:45:39,approved,False
TXN20240215004050,ACCT200060,MERCH300101,transfer,61.79,in_person,2024-02-15 13:58:17,approved,False
TXN20240215004051,ACCT204477,MERCH300212,purchase,19.24,mobile,2024-02-15 03:52:22,approved,False
TXN20240215004052,ACCT204352,MERCH300264,withdrawal,39.24,atm,2024-02-15 22:30:33,approved,False
TXN20240215004053,ACCT203895,MERCH300277,purchase,19.41,mobile,2024-02-15 00:34:32,approved,False
TXN20240215004054,ACCT204504,MERCH300005,purchase,37.28,web,2024-02-15 04:00:24,approved,False
TXN20240215004055,ACCT204218,MERCH300118,purchase,27.84,web,2024-02-15 00:58:14,approved,False
TXN20240215004056,ACCT204118,MERCH300277,purchase,78.36,in_person,2024-02-15 09:12:02,approved,False
TXN20240215004057,ACCT201791,MERCH300094,withdrawal,76.61,in_person,2024-02-15 01:33:20,approved,False
TXN20240215004058,ACCT206312,MERCH300248,purchase,27.95,atm,2024-02-15 16:40:38,approved,False
TXN20240215004059,ACCT204088,MERCH300015,transfer,62.95,mobile,2024-02-15 13:37:58,approved,False
TXN20240215004060,ACCT205450,MERCH300291,purchase,15.93,mobile,2024-02-15 04:32:12,approved,False
TXN20240215004061,ACCT200137,MERCH300169,purchase,10.45,in_person,2024-02-15 13:48:37,approved,False
TXN20240215004062,ACCT205392,MERCH300268,purchase,12.18,in_person,2024-02-15 01:48:31,approved,True
TXN20240215004063,ACCT204856,MERCH300202,deposit,71.72,in_person,2024-02-15 02:42:33,approved,False
TXN20240215004064,ACCT205984,MERCH300298,withdrawal,46.0,web,2024-02-15 18:48:00,approved,False
TXN20240215004065,ACCT200451,MERCH300065,purchase,58.47,web,2024-02-15 21:28:50,approved,False
TXN20240215004066,ACCT202911,MERCH300011,transfer,31.67,web,2024-02-15 11:57:28,approved,False
TXN20240215004067,ACCT202032,MERCH300216,transfer,26.39,in_person,2024-02-15 14:14:09,approved,False
TXN20240215004068,ACCT205711,MERCH300217,purchase,123.31,web,2024-02-15 09:33:41,approved,False
TXN20240215004069,ACCT206079,MERCH300254,purchase,53.41,web,2024-02-15 14:23:39,approved,False
TXN20240215004070,ACCT204192,MERCH300182,purchase,28.24,in_person,2024-02-15 07:42:37,approved,False
TXN20240215004071,ACCT203566,MERCH300196,purchase,45.45,web,2024-02-15 16:23:11,approved,False
TXN20240215004072,ACCT205696,MERCH300002,purchase,117.82,mobile,2024-02-15 04:29:25,approved,False
TXN20240215004073,ACCT205630,MERCH300024,purchase,24.32,in_person,2024-02-15 14:58:50,declined,False
TXN20240215004074,ACCT204462,MERCH300077,purchase,18.27,in_person,2024-02-15 16:30:21,approved,False
TXN20240215004075,ACCT200525,MERCH300233,deposit,57.62,mobile,2024-02-15 13:03:38,approved,False
TXN20240215004076,ACCT201369,MERCH300030,purchase,29.37,in_person,2024-02-15 21:10:07,approved,False
TXN20240215004077,ACCT204431,MERCH300181,purchase,29.66,atm,2024-02-15 10:39:21,approved,False
TXN20240215004078,ACCT202080,MERCH300230,withdrawal,16.89,web,2024-02-15 03:49:18,approved,False
TXN20240215004079,ACCT204257,MERCH300257,purchase,51.67,in_person,2024-02-15 02:22:34,approved,False
TXN20240215004080,ACCT203547,MERCH300005,deposit,23.39,mobile,2024-02-15 06:20:10,approved,False
TXN20240215004081,ACCT202771,MERCH300060,withdrawal,66.68,in_person,2024-02-15 11:28:50,approved,False
TXN20240215004082,ACCT203915,MERCH300255,withdrawal,14.34,in_person,2024-02-15 21:16:22,approved,False
TXN20240215004083,ACCT200524,MERCH300090,deposit,28.72,mobile,2024-02-15 18:34:46,approved,False
TXN20240215004084,ACCT205018,MERCH300242,deposit,68.61,web,2024-02-15 12:01:11,approved,False
TXN20240215004085,ACCT204873,MERCH300131,purchase,55.33,mobile,2024-02-15 22:31:50,approved,False
TXN20240215004086,ACCT200378,MERCH300075,purchase,14.65,in_person,2024-02-15 17:57:00,declined,False
TXN20240215004087,ACCT205218,MERCH300031,purchase,8.66,mobile,2024-02-15 13:44:16,approved,False
TXN20240215004088,ACCT201249,MERCH300061,purchase,41.59,in_person,2024-02-15 21:57:25,approved,False
TXN20240215004089,ACCT205715,MERCH300255,purchase,58.24,in_person,2024-02-15 16:31:51,approved,False
TXN20240215004090,ACCT203777,MERCH300126,transfer,118.11,in_person,2024-02-15 06:29:03,approved,False
TXN20240215004091,ACCT201718,MERCH300023,transfer,34.61,in_person,2024-02-15 10:25:49,approved,False
TXN20240215004092,ACCT203934,MERCH300086,purchase,28.19,in_person,2024-02-15 18:17:52,approved,False
TXN20240215004093,ACCT203644,MERCH300196,purchase,9.09,web,2024-02-15 06:42:54,declined,False
TXN20240215004094,ACCT203059,MERCH300147,purchase,42.13,in_person,2024-02-15 12:23:57,declined,False
TXN20240215004095,ACCT201146,MERCH300091,purchase,51.99,web,2024-02-15 03:20:57,approved,False
TXN20240215004096,ACCT205090,MERCH300091,purchase,92.15,web,2024-02-15 06:12:07,approved,False
TXN20240215004097,ACCT200143,MERCH300250,purchase,133.35,mobile,2024-02-15 19:21:58,approved,False
TXN20240215004098,ACCT206282,MERCH300087,purchase,9.06,in_person,2024-02-15 20:32:57,approved,False
TXN20240215004099,ACCT203955,MERCH300295,purchase,54.23,web,2024-02-15 17:05:43,approved,False
TXN20240215004100,ACCT205174,MERCH300121,purchase,55.6,atm,2024-02-15 11:23:57,approved,False
TXN20240215004101,ACCT205205,MERCH300194,purchase,502.89,web,2024-02-15 09:33:24,approved,False
TXN20240215004102,ACCT202236,MERCH300152,purchase,63.55,atm,2024-02-15 09:22:17,approved,False
TXN20240215004103,ACCT204178,MERCH300172,purchase,153.8,atm,2024-02-15 16:57:33,approved,False
TXN20240215004104,ACCT201277,MERCH300207,transfer,23.2,web,2024-02-15 16:55:25,approved,False
TXN20240215004105,ACCT200727,MERCH300120,deposit,18.68,mobile,2024-02-15 15:35:44,approved,False
TXN20240215004106,ACCT204026,MERCH300239,withdrawal,251.96,in_person,2024-02-15 09:51:33,approved,False
TXN20240215004107,ACCT200732,MERCH300166,transfer,26.88,mobile,2024-02-15 05:58:02,approved,False
TXN20240215004108,ACCT204366,MERCH300113,purchase,52.94,in_person,2024-02-15 09:32:19,approved,False
TXN20240215004109,ACCT205081,MERCH300157,purchase,30.64,web,2024-02-15 15:25:01,reversed,False
TXN20240215004110,ACCT203626,MERCH300224,purchase,16.66,mobile,2024-02-15 09:13:55,approved,False
TXN20240215004111,ACCT201969,MERCH300206,purchase,79.43,atm,2024-02-15 04:08:13,approved,True
TXN20240215004112,ACCT200310,MERCH300234,purchase,73.88,mobile,2024-02-15 04:46:32,approved,False
TXN20240215004113,ACCT205462,MERCH300234,purchase,23.51,in_person,2024-02-15 03:25:37,approved,False
TXN20240215004114,ACCT201679,MERCH300180,purchase,37.37,mobile,2024-02-15 04:28:16,approved,False
TXN20240215004115,ACCT200780,MERCH300029,purchase,6.55,mobile,2024-02-15 13:02:29,approved,False
TXN20240215004116,ACCT203016,MERCH300263,withdrawal,10.72,mobile,2024-02-15 02:13:07,approved,False
TXN20240215004117,ACCT202640,MERCH300132,purchase,14.49,atm,2024-02-15 14:09:16,approved,False
TXN20240215004118,ACCT200481,MERCH300166,purchase,13.12,in_person,2024-02-15 12:20:29,approved,False
TXN20240215004119,ACCT202016,MERCH300065,purchase,70.8,in_person,2024-02-15 06:47:51,approved,False
TXN20240215004120,ACCT204929,MERCH300264,transfer,29.52,in_person,2024-02-15 02:20:06,approved,False
TXN20240215004121,ACCT201859,MERCH300094,purchase,64.81,web,2024-02-15 21:23:19,approved,False
TXN20240215004122,ACCT203620,MERCH300176,purchase,61.53,web,2024-02-15 18:11:35,approved,False
TXN20240215004123,ACCT204397,MERCH300226,purchase,8.1,web,2024-02-15 19:34:44,approved,False
TXN20240215004124,ACCT206049,MERCH300286,withdrawal,102.71,web,2024-02-15 11:21:39,approved,False
TXN20240215004125,ACCT204400,MERCH300299,purchase,23.9,web,2024-02-15 03:42:49,approved,False
TXN20240215004126,ACCT203350,MERCH300283,deposit,79.67,in_person,2024-02-15 08:23:02,approved,False
TXN20240215004127,ACCT202092,MERCH300156,transfer,109.96,web,2024-02-15 21:56:33,approved,False
TXN20240215004128,ACCT203341,MERCH300257,purchase,46.85,mobile,2024-02-15 19:17:59,approved,False
TXN20240215004129,ACCT205593,MERCH300207,deposit,65.54,web,2024-02-15 17:29:49,approved,False
TXN20240215004130,ACCT206062,MERCH300097,purchase,61.59,in_person,2024-02-15 17:36:51,approved,False
TXN20240215004131,ACCT204443,MERCH300096,purchase,19.1,mobile,2024-02-15 11:46:13,approved,False
TXN20240215004132,ACCT200215,MERCH300187,purchase,70.45,in_person,2024-02-15 09:19:47,approved,False
TXN20240215004133,ACCT200712,MERCH300083,purchase,8.16,in_person,2024-02-15 21:16:00,approved,False
TXN20240215004134,ACCT203654,MERCH300283,purchase,13.61,web,2024-02-15 18:07:05,approved,False
TXN20240215004135,ACCT203052,MERCH300262,purchase,32.23,atm,2024-02-15 21:43:31,approved,False
TXN20240215004136,ACCT201590,MERCH300031,purchase,28.03,atm,2024-02-15 04:02:00,approved,False
TXN20240215004137,ACCT203358,MERCH300264,purchase,20.54,mobile,2024-02-15 19:45:43,approved,False
TXN20240215004138,ACCT202131,MERCH300252,purchase,13.65,atm,2024-02-15 23:04:22,approved,False
TXN20240215004139,ACCT201474,MERCH300181,transfer,30.15,atm,2024-02-15 01:57:33,approved,False
TXN20240215004140,ACCT202213,MERCH300154,purchase,46.76,in_person,2024-02-15 03:06:14,approved,False
TXN20240215004141,ACCT200920,MERCH300132,purchase,46.34,web,2024-02-15 05:46:04,approved,False
TXN20240215004142,ACCT201171,MERCH300095,transfer,113.25,atm,2024-02-15 15:04:40,approved,False
TXN20240215004143,ACCT205836,MERCH300277,purchase,22.05,mobile,2024-02-15 06:48:37,approved,False
TXN20240215004144,ACCT205088,MERCH300106,purchase,17.48,web,2024-02-15 15:34:09,approved,False
TXN20240215004145,ACCT206458,MERCH300111,transfer,32.33,in_person,2024-02-15 22:20:16,approved,True
TXN20240215004146,ACCT201318,MERCH300046,transfer,43.17,in_person,2024-02-15 04:49:23,approved,False
TXN20240215004147,ACCT200432,MERCH300297,transfer,24.52,in_person,2024-02-15 01:41:27,approved,False
TXN20240215004148,ACCT206370,MERCH300255,deposit,12.51,mobile,2024-02-15 09:36:51,approved,False
TXN20240215004149,ACCT203525,MERCH300059,purchase,94.06,web,2024-02-15 11:09:22,approved,False
TXN20240215004150,ACCT201204,MERCH300001,transfer,13.42,web,2024-02-15 15:48:05,approved,False
TXN20240215004151,ACCT202488,MERCH300259,purchase,21.87,mobile,2024-02-15 17:52:30,approved,False
TXN20240215004152,ACCT205908,MERCH300012,purchase,586.0,atm,2024-02-15 07:30:16,approved,False
TXN20240215004153,ACCT205093,MERCH300167,purchase,38.76,in_person,2024-02-15 18:45:56,approved,False
TXN20240215004154,ACCT202830,MERCH300110,purchase,7.69,mobile,2024-02-15 06:20:47,approved,False
TXN20240215004155,ACCT205622,MERCH300161,withdrawal,21.42,web,2024-02-15 05:57:16,approved,False
TXN20240215004156,ACCT203406,MERCH300141,purchase,13.12,in_person,2024-02-15 02:22:59,approved,False
TXN20240215004157,ACCT205663,MERCH300197,withdrawal,26.76,atm,2024-02-15 13:18:52,approved,False
TXN20240215004158,ACCT204417,MERCH300124,purchase,26.71,in_person,2024-02-15 23:14:39,approved,False
TXN20240215004159,ACCT203706,MERCH300104,purchase,47.21,mobile,2024-02-15 17:32:11,approved,False
TXN20240215004160,ACCT203252,MERCH300159,transfer,27.52,web,2024-02-15 07:27:39,approved,False
TXN20240215004161,ACCT205669,MERCH300291,purchase,27.42,in_person,2024-02-15 00:58:09,approved,False
TXN20240215004162,ACCT205239,MERCH300003,purchase,23.5,in_person,2024-02-15 13:30:42,approved,False
TXN20240215004163,ACCT205127,MERCH300034,transfer,66.37,in_person,2024-02-15 01:59:40,approved,False
TXN20240215004164,ACCT204695,MERCH300055,purchase,30.4,mobile,2024-02-15 16:13:54,approved,False
TXN20240215004165,ACCT202138,MERCH300108,transfer,33.7,web,2024-02-15 19:39:34,approved,False
TXN20240215004166,ACCT203567,MERCH300054,purchase,29.11,in_person,2024-02-15 03:11:39,approved,False
TXN20240215004167,ACCT200933,MERCH300285,purchase,26.68,mobile,2024-02-15 07:38:05,approved,False
TXN20240215004168,ACCT202357,MERCH300096,purchase,22.76,atm,2024-02-15 03:06:55,approved,False
TXN20240215004169,ACCT204244,MERCH300018,purchase,125.76,in_person,2024-02-15 16:34:05,approved,False
TXN20240215004170,ACCT203311,MERCH300254,purchase,162.7,mobile,2024-02-15 00:44:03,approved,False
TXN20240215004171,ACCT202231,MERCH300118,purchase,73.75,in_person,2024-02-15 23:02:52,approved,False
TXN20240215004172,ACCT200773,MERCH300180,transfer,131.76,in_person,2024-02-15 12:03:31,approved,False
TXN20240215004173,ACCT200129,MERCH300112,purchase,202.6,mobile,2024-02-15 01:48:45,approved,False
TXN20240215004174,ACCT201199,MERCH300130,purchase,33.7,mobile,2024-02-15 03:22:04,reversed,False
TXN20240215004175,ACCT202921,MERCH300181,purchase,9.87,web,2024-02-15 21:43:12,approved,False
TXN20240215004176,ACCT205167,MERCH300080,transfer,20.4,web,2024-02-15 20:31:03,declined,False
TXN20240215004177,ACCT202139,MERCH300112,purchase,41.12,in_person,2024-02-15 16:43:55,approved,False
TXN20240215004178,ACCT202395,MERCH300121,withdrawal,21.18,mobile,2024-02-15 13:26:31,declined,False
TXN20240215004179,ACCT201998,MERCH300137,purchase,13.46,in_person,2024-02-15 18:06:46,approved,False
TXN20240215004180,ACCT203593,MERCH300278,purchase,99.63,mobile,2024-02-15 23:50:57,approved,False
TXN20240215004181,ACCT204868,MERCH300012,purchase,24.72,web,2024-02-15 14:05:05,approved,False
TXN20240215004182,ACCT206214,MERCH300283,transfer,61.25,in_person,2024-02-15 12:45:31,approved,False
TXN20240215004183,ACCT202324,MERCH300012,deposit,76.68,web,2024-02-15 10:19:25,approved,False
TXN20240215004184,ACCT202679,MERCH300027,purchase,59.06,web,2024-02-15 18:08:58,approved,False
TXN20240215004185,ACCT203290,MERCH300072,transfer,42.3,in_person,2024-02-15 12:59:12,declined,False
TXN20240215004186,ACCT200687,MERCH300176,purchase,56.74,in_person,2024-02-15 03:32:15,approved,True
TXN20240215004187,ACCT201362,MERCH300167,purchase,11.33,mobile,2024-02-15 18:59:09,approved,False
TXN20240215004188,ACCT200613,MERCH300000,purchase,9.09,mobile,2024-02-15 07:02:58,approved,False
TXN20240215004189,ACCT200016,MERCH300105,purchase,11.79,in_person,2024-02-15 07:01:37,approved,False
TXN20240215004190,ACCT206104,MERCH300091,purchase,13.68,in_person,2024-02-15 22:45:08,approved,False
TXN20240215004191,ACCT201479,MERCH300081,purchase,78.18,web,2024-02-15 12:31:38,approved,False
TXN20240215004192,ACCT205633,MERCH300248,transfer,56.5,in_person,2024-02-15 23:54:06,reversed,False
TXN20240215004193,ACCT200053,MERCH300053,purchase,49.74,web,2024-02-15 03:34:51,approved,False
TXN20240215004194,ACCT200738,MERCH300090,purchase,4.97,mobile,2024-02-15 00:11:33,approved,False
TXN20240215004195,ACCT200001,MERCH300240,purchase,16.76,mobile,2024-02-15 04:24:11,reversed,False
TXN20240215004196,ACCT205409,MERCH300281,purchase,28.81,mobile,2024-02-15 20:34:29,approved,False
TXN20240215004197,ACCT203368,MERCH300061,purchase,73.51,mobile,2024-02-15 21:12:20,approved,False
TXN20240215004198,ACCT204263,MERCH300051,withdrawal,25.4,in_person,2024-02-15 06:08:00,approved,False
TXN20240215004199,ACCT206242,MERCH300157,purchase,121.15,in_person,2024-02-15 19:48:37,approved,False
TXN20240215004200,ACCT204887,MERCH300071,purchase,54.23,in_person,2024-02-15 10:50:39,approved,False
TXN20240215004201,ACCT200205,MERCH300077,purchase,24.85,in_person,2024-02-15 04:06:57,approved,False
TXN20240215004202,ACCT200032,MERCH300073,purchase,3.03,in_person,2024-02-15 00:30:07,approved,False
TXN20240215004203,ACCT201089,MERCH300151,purchase,242.72,in_person,2024-02-15 12:15:23,approved,False
TXN20240215004204,ACCT204124,MERCH300126,purchase,93.43,atm,2024-02-15 20:17:12,declined,False
TXN20240215004205,ACCT201987,MERCH300040,purchase,29.76,in_person,2024-02-15 02:43:23,approved,False
TXN20240215004206,ACCT205974,MERCH300072,purchase,34.67,in_person,2024-02-15 17:37:53,approved,False
TXN20240215004207,ACCT205931,MERCH300049,purchase,23.96,in_person,2024-02-15 00:11:16,approved,False
TXN20240215004208,ACCT205968,MERCH300278,purchase,34.68,in_person,2024-02-15 21:49:55,approved,False
TXN20240215004209,ACCT205534,MERCH300005,purchase,40.0,in_person,2024-02-15 17:59:10,approved,False
TXN20240215004210,ACCT203791,MERCH300075,purchase,18.51,mobile,2024-02-15 10:37:49,approved,False
TXN20240215004211,ACCT201904,MERCH300036,purchase,118.94,mobile,2024-02-15 00:16:55,approved,False
TXN20240215004212,ACCT204790,MERCH300253,purchase,176.16,in_person,2024-02-15 07:32:43,approved,False
TXN20240215004213,ACCT200724,MERCH300207,purchase,34.95,in_person,2024-02-15 02:38:48,approved,False
TXN20240215004214,ACCT204916,MERCH300213,purchase,25.67,in_person,2024-02-15 05:57:04,approved,False
TXN20240215004215,ACCT202454,MERCH300142,transfer,56.78,in_person,2024-02-15 03:54:36,approved,False
TXN20240215004216,ACCT200315,MERCH300225,purchase,45.7,mobile,2024-02-15 22:18:58,declined,False
TXN20240215004217,ACCT201194,MERCH300083,purchase,70.62,web,2024-02-15 09:30:22,approved,False
TXN20240215004218,ACCT204699,MERCH300102,withdrawal,88.45,web,2024-02-15 08:35:59,approved,False
TXN20240215004219,ACCT204870,MERCH300078,purchase,44.14,web,2024-02-15 20:22:19,approved,False
TXN20240215004220,ACCT205769,MERCH300141,purchase,33.98,web,2024-02-15 02:42:42,approved,False
TXN20240215004221,ACCT201716,MERCH300298,purchase,50.53,web,2024-02-15 05:12:36,approved,False
TXN20240215004222,ACCT204649,MERCH300042,transfer,12.65,web,2024-02-15 12:06:54,approved,False
TXN20240215004223,ACCT201847,MERCH300262,purchase,13.15,mobile,2024-02-15 04:48:01,approved,False
TXN20240215004224,ACCT200902,MERCH300113,purchase,13.43,in_person,2024-02-15 15:58:59,approved,False
TXN20240215004225,ACCT203188,MERCH300139,purchase,2.78,in_person,2024-02-15 17:02:49,approved,False
TXN20240215004226,ACCT205654,MERCH300104,purchase,20.47,web,2024-02-15 16:40:46,approved,False
TXN20240215004227,ACCT205542,MERCH300271,purchase,26.21,in_person,2024-02-15 04:20:31,approved,False
TXN20240215004228,ACCT203189,MERCH300169,deposit,213.88,mobile,2024-02-15 10:20:38,approved,False
TXN20240215004229,ACCT206454,MERCH300217,deposit,42.73,web,2024-02-15 14:07:13,approved,False
TXN20240215004230,ACCT206438,MERCH300111,purchase,73.26,web,2024-02-15 19:03:54,approved,False
TXN20240215004231,ACCT204709,MERCH300139,transfer,36.85,web,2024-02-15 04:12:50,approved,False
TXN20240215004232,ACCT203606,MERCH300156,purchase,20.67,web,2024-02-15 23:08:21,approved,False
TXN20240215004233,ACCT200575,MERCH300243,purchase,16.68,in_person,2024-02-15 04:15:30,approved,False
TXN20240215004234,ACCT202163,MERCH300196,purchase,70.16,in_person,2024-02-15 13:40:23,approved,False
TXN20240215004235,ACCT201971,MERCH300293,withdrawal,38.12,web,2024-02-15 22:30:39,approved,False
TXN20240215004236,ACCT205156,MERCH300161,purchase,58.29,atm,2024-02-15 23:24:40,approved,False
TXN20240215004237,ACCT204279,MERCH300105,transfer,7.69,in_person,2024-02-15 11:17:56,approved,False
TXN20240215004238,ACCT200449,MERCH300178,purchase,16.91,web,2024-02-15 19:34:14,approved,False
TXN20240215004239,ACCT202955,MERCH300081,deposit,19.23,mobile,2024-02-15 04:46:38,approved,False
TXN20240215004240,ACCT203871,MERCH300282,purchase,31.43,mobile,2024-02-15 01:42:45,declined,False
TXN20240215004241,ACCT200144,MERCH300221,purchase,26.3,mobile,2024-02-15 02:57:09,approved,False
TXN20240215004242,ACCT205266,MERCH300017,purchase,152.26,mobile,2024-02-15 10:13:23,declined,False
TXN20240215004243,ACCT201138,MERCH300142,purchase,44.7,web,2024-02-15 18:01:40,approved,False
TXN20240215004244,ACCT200720,MERCH300049,purchase,19.7,atm,2024-02-15 21:57:08,approved,False
TXN20240215004245,ACCT202288,MERCH300162,deposit,120.06,web,2024-02-15 22:16:45,approved,False
TXN20240215004246,ACCT203273,MERCH300037,purchase,80.35,mobile,2024-02-15 02:32:26,approved,False
TXN20240215004247,ACCT204311,MERCH300020,transfer,64.18,mobile,2024-02-15 10:04:46,declined,False
TXN20240215004248,ACCT203594,MERCH300214,purchase,3.26,mobile,2024-02-15 07:17:27,approved,False
TXN20240215004249,ACCT201289,MERCH300067,deposit,76.05,web,2024-02-15 09:49:17,approved,False
TXN20240215004250,ACCT203311,MERCH300102,purchase,136.44,atm,2024-02-15 18:55:14,approved,False
TXN20240215004251,ACCT205703,MERCH300237,purchase,94.12,web,2024-02-15 16:19:44,approved,False
TXN20240215004252,ACCT204628,MERCH300203,purchase,62.59,mobile,2024-02-15 21:28:00,approved,False
TXN20240215004253,ACCT203621,MERCH300247,deposit,21.62,in_person,2024-02-15 19:26:50,approved,False
TXN20240215004254,ACCT202857,MERCH300263,purchase,8.53,mobile,2024-02-15 15:49:07,approved,False
TXN20240215004255,ACCT204198,MERCH300271,purchase,71.92,web,2024-02-15 20:50:52,approved,False
TXN20240215004256,ACCT201537,MERCH300255,purchase,14.95,mobile,2024-02-15 08:23:26,approved,False
TXN20240215004257,ACCT200476,MERCH300185,transfer,42.69,in_person,2024-02-15 10:49:24,approved,False
TXN20240215004258,ACCT201423,MERCH300266,purchase,15.24,in_person,2024-02-15 13:59:33,approved,False
TXN20240215004259,ACCT204261,MERCH300059,transfer,57.05,in_person,2024-02-15 08:41:47,approved,False
TXN20240215004260,ACCT205747,MERCH300163,purchase,33.96,mobile,2024-02-15 06:55:53,approved,False
TXN20240215004261,ACCT203323,MERCH300093,purchase,20.6,web,2024-02-15 02:24:48,approved,False
TXN20240215004262,ACCT201572,MERCH300219,purchase,47.69,web,2024-02-15 16:09:12,approved,False
TXN20240215004263,ACCT204038,MERCH300163,purchase,22.89,web,2024-02-15 16:03:10,approved,False
TXN20240215004264,ACCT205773,MERCH300098,withdrawal,22.1,web,2024-02-15 17:10:21,approved,False
TXN20240215004265,ACCT203072,MERCH300110,purchase,12.38,web,2024-02-15 16:08:14,approved,False
TXN20240215004266,ACCT203361,MERCH300018,purchase,19.96,in_person,2024-02-15 02:14:48,approved,False
TXN20240215004267,ACCT205688,MERCH300033,purchase,7.39,in_person,2024-02-15 08:59:41,approved,False
TXN20240215004268,ACCT200816,MERCH300242,purchase,27.22,in_person,2024-02-15 13:51:43,approved,False
TXN20240215004269,ACCT202125,MERCH300187,purchase,96.29,in_person,2024-02-15 21:43:25,approved,False
TXN20240215004270,ACCT203949,MERCH300272,purchase,26.18,mobile,2024-02-15 15:41:04,approved,False
TXN20240215004271,ACCT202880,MERCH300154,purchase,18.83,web,2024-02-15 00:40:31,approved,False
TXN20240215004272,ACCT200567,MERCH300049,purchase,64.01,mobile,2024-02-15 15:01:31,approved,False
TXN20240215004273,ACCT203693,MERCH300288,purchase,35.79,web,2024-02-15 01:22:09,approved,False
TXN20240215004274,ACCT200014,MERCH300122,purchase,31.33,mobile,2024-02-15 15:27:19,approved,False
TXN20240215004275,ACCT205387,MERCH300035,purchase,18.03,in_person,2024-02-15 09:26:01,approved,False
TXN20240215004276,ACCT203487,MERCH300064,purchase,17.23,web,2024-02-15 15:59:38,approved,False
TXN20240215004277,ACCT206381,MERCH300111,withdrawal,13.98,in_person,2024-02-15 08:28:13,approved,False
TXN20240215004278,ACCT205974,MERCH300250,purchase,21.62,mobile,2024-02-15 12:27:40,approved,False
TXN20240215004279,ACCT202761,MERCH300097,purchase,89.43,mobile,2024-02-15 01:57:50,approved,False
TXN20240215004280,ACCT200179,MERCH300260,transfer,89.28,in_person,2024-02-15 14:19:18,approved,False
TXN20240215004281,ACCT204868,MERCH300226,transfer,100.77,in_person,2024-02-15 08:29:43,approved,False
TXN20240215004282,ACCT202490,MERCH300017,transfer,29.96,in_person,2024-02-15 15:14:08,approved,False
TXN20240215004283,ACCT205944,MERCH300102,purchase,69.65,in_person,2024-02-15 18:57:26,approved,False
TXN20240215004284,ACCT202225,MERCH300008,purchase,44.01,in_person,2024-02-15 04:10:58,declined,False
TXN20240215004285,ACCT204506,MERCH300264,transfer,60.69,mobile,2024-02-15 23:37:20,reversed,False
TXN20240215004286,ACCT201118,MERCH300100,purchase,35.56,in_person,2024-02-15 20:54:43,approved,False
TXN20240215004287,ACCT206372,MERCH300138,purchase,154.49,in_person,2024-02-15 06:01:15,approved,False
TXN20240215004288,ACCT204591,MERCH300263,purchase,45.93,atm,2024-02-15 23:58:41,declined,False
TXN20240215004289,ACCT206131,MERCH300190,purchase,50.25,in_person,2024-02-15 09:16:00,approved,False
TXN20240215004290,ACCT200701,MERCH300104,transfer,56.58,in_person,2024-02-15 17:28:40,approved,False
TXN20240215004291,ACCT205464,MERCH300143,purchase,12.1,web,2024-02-15 10:55:49,approved,False
TXN20240215004292,ACCT206476,MERCH300222,purchase,9.38,web,2024-02-15 01:22:13,approved,False
TXN20240215004293,ACCT205686,MERCH300003,purchase,27.44,in_person,2024-02-15 16:38:46,approved,False
TXN20240215004294,ACCT201082,MERCH300142,purchase,60.39,in_person,2024-02-15 08:28:29,approved,False
TXN20240215004295,ACCT201818,MERCH300082,transfer,177.59,web,2024-02-15 14:59:36,approved,False
TXN20240215004296,ACCT204370,MERCH300265,withdrawal,22.2,web,2024-02-15 06:02:32,approved,False
TXN20240215004297,ACCT202962,MERCH300121,purchase,6.53,in_person,2024-02-15 23:10:10,approved,False
TXN20240215004298,ACCT205031,MERCH300175,purchase,8.57,web,2024-02-15 00:28:10,approved,False
TXN20240215004299,ACCT200296,MERCH300193,withdrawal,84.03,in_person,2024-02-15 15:39:55,approved,False
TXN20240215004300,ACCT205681,MERCH300238,purchase,13.19,mobile,2024-02-15 06:27:44,approved,False
TXN20240215004301,ACCT204374,MERCH300038,deposit,9.16,atm,2024-02-15 00:07:10,approved,False
TXN20240215004302,ACCT201923,MERCH300058,purchase,36.82,web,2024-02-15 17:39:00,approved,False
TXN20240215004303,ACCT202583,MERCH300110,purchase,54.56,in_person,2024-02-15 14:56:20,approved,False
TXN20240215004304,ACCT205392,MERCH300023,purchase,14.72,atm,2024-02-15 03:27:03,approved,False
TXN20240215004305,ACCT201498,MERCH300107,purchase,23.16,web,2024-02-15 08:13:58,approved,False
TXN20240215004306,ACCT205192,MERCH300067,purchase,139.37,web,2024-02-15 19:35:54,approved,False
TXN20240215004307,ACCT206327,MERCH300043,purchase,108.32,web,2024-02-15 15:51:39,approved,False
TXN20240215004308,ACCT205787,MERCH300013,purchase,57.5,mobile,2024-02-15 00:12:39,approved,False
TXN20240215004309,ACCT202282,MERCH300083,purchase,51.95,mobile,2024-02-15 23:16:30,approved,False
TXN20240215004310,ACCT206163,MERCH300061,withdrawal,15.1,in_person,2024-02-15 15:20:08,approved,False
TXN20240215004311,ACCT204547,MERCH300258,purchase,167.64,web,2024-02-15 23:26:24,approved,False
TXN20240215004312,ACCT206095,MERCH300002,purchase,102.04,web,2024-02-15 16:46:16,approved,False
TXN20240215004313,ACCT202017,MERCH300008,withdrawal,47.33,mobile,2024-02-15 15:58:15,approved,False
TXN20240215004314,ACCT204412,MERCH300268,transfer,15.5,mobile,2024-02-15 19:38:59,approved,False
TXN20240215004315,ACCT203843,MERCH300018,purchase,65.2,in_person,2024-02-15 21:04:14,approved,False
TXN20240215004316,ACCT203868,MERCH300212,purchase,67.63,mobile,2024-02-15 15:48:59,approved,False
TXN20240215004317,ACCT204227,MERCH300189,transfer,35.03,mobile,2024-02-15 23:37:08,approved,False
TXN20240215004318,ACCT203502,MERCH300078,purchase,10.95,atm,2024-02-15 19:29:29,approved,False
TXN20240215004319,ACCT201419,MERCH300171,transfer,15.71,web,2024-02-15 12:53:43,approved,False
TXN20240215004320,ACCT200968,MERCH300042,purchase,61.08,in_person,2024-02-15 05:05:34,approved,False
TXN20240215004321,ACCT203977,MERCH300139,purchase,8.51,web,2024-02-15 20:42:56,approved,False
TXN20240215004322,ACCT206333,MERCH300061,purchase,60.42,web,2024-02-15 03:49:53,approved,False
TXN20240215004323,ACCT200672,MERCH300211,purchase,25.8,in_person,2024-02-15 00:50:23,approved,False
TXN20240215004324,ACCT204177,MERCH300064,purchase,50.86,in_person,2024-02-15 03:26:38,approved,False
TXN20240215004325,ACCT203753,MERCH300161,transfer,38.73,web,2024-02-15 04:01:59,approved,False
TXN20240215004326,ACCT201753,MERCH300215,purchase,54.66,mobile,2024-02-15 20:06:07,approved,False
TXN20240215004327,ACCT204981,MERCH300234,withdrawal,126.29,mobile,2024-02-15 05:37:39,approved,False
TXN20240215004328,ACCT204023,MERCH300168,purchase,37.54,mobile,2024-02-15 01:48:10,approved,False
TXN20240215004329,ACCT201365,MERCH300288,withdrawal,30.17,mobile,2024-02-15 13:06:03,approved,False
TXN20240215004330,ACCT200981,MERCH300229,purchase,83.32,in_person,2024-02-15 19:52:27,approved,False
TXN20240215004331,ACCT200392,MERCH300279,withdrawal,159.11,mobile,2024-02-15 00:12:42,approved,False
TXN20240215004332,ACCT205732,MERCH300132,purchase,5.48,mobile,2024-02-15 07:34:15,approved,False
TXN20240215004333,ACCT203291,MERCH300104,withdrawal,25.58,mobile,2024-02-15 09:36:19,approved,False
TXN20240215004334,ACCT200654,MERCH300117,purchase,48.75,in_person,2024-02-15 18:54:21,approved,False
TXN20240215004335,ACCT200520,MERCH300194,purchase,113.13,web,2024-02-15 22:33:14,approved,False
TXN20240215004336,ACCT201038,MERCH300093,withdrawal,21.66,in_person,2024-02-15 09:48:25,approved,False
TXN20240215004337,ACCT205231,MERCH300114,purchase,64.28,web,2024-02-15 10:59:09,approved,False
TXN20240215004338,ACCT200940,MERCH300081,purchase,38.57,web,2024-02-15 17:31:56,approved,False
TXN20240215004339,ACCT205900,MERCH300242,purchase,19.46,mobile,2024-02-15 07:44:01,approved,False
TXN20240215004340,ACCT203896,MERCH300053,transfer,14.79,mobile,2024-02-15 07:24:25,reversed,False
TXN20240215004341,ACCT201762,MERCH300287,purchase,26.87,mobile,2024-02-15 21:43:09,declined,False
TXN20240215004342,ACCT201856,MERCH300261,purchase,17.95,in_person,2024-02-15 07:49:57,approved,False
TXN20240215004343,ACCT201193,MERCH300071,purchase,67.84,mobile,2024-02-15 21:27:49,approved,False
TXN20240215004344,ACCT205696,MERCH300082,purchase,88.46,web,2024-02-15 06:53:07,approved,False
TXN20240215004345,ACCT200571,MERCH300038,transfer,41.54,mobile,2024-02-15 15:16:07,approved,False
TXN20240215004346,ACCT203491,MERCH300280,withdrawal,20.47,mobile,2024-02-15 05:57:41,approved,False
TXN20240215004347,ACCT200180,MERCH300272,withdrawal,27.02,in_person,2024-02-15 15:07:55,declined,False
TXN20240215004348,ACCT203221,MERCH300161,purchase,7.52,in_person,2024-02-15 09:57:22,approved,False
TXN20240215004349,ACCT203616,MERCH300062,transfer,20.97,in_person,2024-02-15 08:28:34,approved,False
TXN20240215004350,ACCT202275,MERCH300028,purchase,41.72,in_person,2024-02-15 02:52:54,approved,False
TXN20240215004351,ACCT205990,MERCH300270,purchase,15.66,web,2024-02-15 02:01:05,approved,False
TXN20240215004352,ACCT201977,MERCH300061,purchase,241.14,mobile,2024-02-15 16:27:30,approved,False
TXN20240215004353,ACCT204969,MERCH300141,purchase,39.96,in_person,2024-02-15 12:03:33,approved,False
TXN20240215004354,ACCT201039,MERCH300082,withdrawal,29.38,web,2024-02-15 19:27:12,approved,False
TXN20240215004355,ACCT204937,MERCH300216,purchase,124.04,web,2024-02-15 07:20:58,approved,False
TXN20240215004356,ACCT200913,MERCH300263,purchase,61.87,in_person,2024-02-15 21:41:54,declined,False
TXN20240215004357,ACCT201834,MERCH300102,withdrawal,10.31,mobile,2024-02-15 16:00:19,approved,False
TXN20240215004358,ACCT203765,MERCH300030,transfer,41.2,mobile,2024-02-15 00:45:40,approved,False
TXN20240215004359,ACCT201332,MERCH300275,deposit,32.39,in_person,2024-02-15 02:54:54,approved,False
TXN20240215004360,ACCT202223,MERCH300074,purchase,215.23,web,2024-02-15 21:31:20,approved,False
TXN20240215004361,ACCT205600,MERCH300021,purchase,17.54,mobile,2024-02-15 18:49:30,approved,False
TXN20240215004362,ACCT203512,MERCH300259,purchase,17.88,in_person,2024-02-15 09:52:17,approved,False
TXN20240215004363,ACCT200440,MERCH300203,purchase,2.21,web,2024-02-15 19:04:53,approved,False
TXN20240215004364,ACCT204863,MERCH300177,purchase,19.08,in_person,2024-02-15 21:13:11,approved,False
TXN20240215004365,ACCT203369,MERCH300234,purchase,35.5,in_person,2024-02-15 09:18:39,approved,False
TXN20240215004366,ACCT206299,MERCH300105,purchase,7.74,in_person,2024-02-15 02:54:56,approved,False
TXN20240215004367,ACCT201448,MERCH300239,purchase,41.98,in_person,2024-02-15 16:27:59,approved,False
TXN20240215004368,ACCT203845,MERCH300146,purchase,283.67,mobile,2024-02-15 13:05:27,approved,False
TXN20240215004369,ACCT200024,MERCH300289,purchase,47.83,web,2024-02-15 15:50:14,approved,False
TXN20240215004370,ACCT203100,MERCH300094,purchase,26.96,atm,2024-02-15 21:40:04,approved,False
TXN20240215004371,ACCT205789,MERCH300135,deposit,32.29,in_person,2024-02-15 06:50:47,approved,False
TXN20240215004372,ACCT206136,MERCH300019,purchase,13.93,in_person,2024-02-15 07:35:10,approved,False
TXN20240215004373,ACCT205445,MERCH300238,deposit,3.57,mobile,2024-02-15 04:47:28,approved,False
TXN20240215004374,ACCT202719,MERCH300073,purchase,89.76,mobile,2024-02-15 15:35:52,approved,False
TXN20240215004375,ACCT203028,MERCH300264,purchase,13.58,mobile,2024-02-15 00:22:45,approved,False
TXN20240215004376,ACCT204034,MERCH300281,purchase,26.3,web,2024-02-15 16:04:49,approved,False
TXN20240215004377,ACCT203040,MERCH300269,purchase,26.25,atm,2024-02-15 17:57:27,approved,False
TXN20240215004378,ACCT205233,MERCH300039,purchase,10.36,in_person,2024-02-15 10:31:59,reversed,False
TXN20240215004379,ACCT204363,MERCH300156,purchase,30.5,in_person,2024-02-15 02:28:09,approved,False
TXN20240215004380,ACCT203235,MERCH300246,purchase,43.12,web,2024-02-15 07:51:05,approved,False
TXN20240215004381,ACCT202138,MERCH300232,transfer,51.82,web,2024-02-15 02:03:09,approved,False
TXN20240215004382,ACCT205064,MERCH300011,withdrawal,19.7,mobile,2024-02-15 02:56:54,approved,False
TXN20240215004383,ACCT205255,MERCH300299,withdrawal,44.86,web,2024-02-15 01:14:31,declined,False
TXN20240215004384,ACCT201901,MERCH300065,purchase,23.15,in_person,2024-02-15 04:42:37,approved,False
TXN20240215004385,ACCT202837,MERCH300170,purchase,22.64,web,2024-02-15 20:38:40,approved,False
TXN20240215004386,ACCT202252,MERCH300091,purchase,23.56,web,2024-02-15 00:20:54,approved,False
TXN20240215004387,ACCT202012,MERCH300000,purchase,17.07,mobile,2024-02-15 02:15:34,approved,False
TXN20240215004388,ACCT205332,MERCH300267,purchase,44.96,web,2024-02-15 16:57:41,declined,False
TXN20240215004389,ACCT202223,MERCH300085,purchase,222.36,in_person,2024-02-15 19:27:02,approved,False
TXN20240215004390,ACCT206271,MERCH300040,purchase,71.43,in_person,2024-02-15 04:19:41,approved,False
TXN20240215004391,ACCT205798,MERCH300054,purchase,20.16,in_person,2024-02-15 23:46:35,approved,False
TXN20240215004392,ACCT202962,MERCH300070,purchase,13.08,atm,2024-02-15 09:39:33,approved,False
TXN20240215004393,ACCT202715,MERCH300088,purchase,37.18,web,2024-02-15 04:49:13,approved,False
TXN20240215004394,ACCT200310,MERCH300045,purchase,118.5,in_person,2024-02-15 20:59:47,approved,False
TXN20240215004395,ACCT203461,MERCH300132,purchase,310.52,web,2024-02-15 11:47:30,approved,False
TXN20240215004396,ACCT203133,MERCH300226,purchase,9.29,in_person,2024-02-15 15:45:17,approved,False
TXN20240215004397,ACCT205061,MERCH300113,purchase,16.43,web,2024-02-15 09:33:24,approved,False
TXN20240215004398,ACCT202232,MERCH300213,purchase,46.88,web,2024-02-15 18:03:25,approved,False
TXN20240215004399,ACCT203535,MERCH300029,purchase,58.48,web,2024-02-15 09:49:38,approved,False
TXN20240215004400,ACCT202715,MERCH300057,transfer,55.71,web,2024-02-15 14:47:28,approved,False
TXN20240215004401,ACCT202621,MERCH300209,purchase,21.06,mobile,2024-02-15 19:14:56,approved,False
TXN20240215004402,ACCT204303,MERCH300164,purchase,40.93,mobile,2024-02-15 22:42:26,approved,False
TXN20240215004403,ACCT206435,MERCH300203,purchase,63.43,atm,2024-02-15 09:06:00,approved,False
TXN20240215004404,ACCT205573,MERCH300219,transfer,64.23,in_person,2024-02-15 06:42:56,approved,False
TXN20240215004405,ACCT201209,MERCH300195,withdrawal,125.85,mobile,2024-02-15 13:10:53,approved,False
TXN20240215004406,ACCT205527,MERCH300269,purchase,18.06,web,2024-02-15 19:07:26,approved,False
TXN20240215004407,ACCT202613,MERCH300008,purchase,100.81,mobile,2024-02-15 20:19:55,approved,False
TXN20240215004408,ACCT205526,MERCH300161,purchase,118.72,web,2024-02-15 16:23:48,approved,False
TXN20240215004409,ACCT200839,MERCH300040,purchase,22.73,mobile,2024-02-15 22:03:42,declined,False
TXN20240215004410,ACCT205826,MERCH300214,transfer,61.45,web,2024-02-15 10:28:56,approved,False
TXN20240215004411,ACCT205241,MERCH300274,deposit,70.36,web,2024-02-15 22:40:39,approved,False
TXN20240215004412,ACCT204419,MERCH300183,purchase,39.25,in_person,2024-02-15 15:27:16,approved,False
TXN20240215004413,ACCT201626,MERCH300257,purchase,69.32,in_person,2024-02-15 12:04:25,approved,False
TXN20240215004414,ACCT201091,MERCH300159,purchase,29.35,in_person,2024-02-15 23:12:06,approved,False
TXN20240215004415,ACCT204277,MERCH300288,purchase,36.49,in_person,2024-02-15 16:07:14,approved,False
TXN20240215004416,ACCT203282,MERCH300152,deposit,59.79,atm,2024-02-15 21:05:17,approved,False
TXN20240215004417,ACCT204164,MERCH300157,withdrawal,29.24,web,2024-02-15 11:57:23,approved,False
TXN20240215004418,ACCT206112,MERCH300051,purchase,67.6,mobile,2024-02-15 14:44:16,reversed,True
TXN20240215004419,ACCT206026,MERCH300238,deposit,35.5,web,2024-02-15 18:30:10,approved,False
TXN20240215004420,ACCT202206,MERCH300235,deposit,9.98,web,2024-02-15 09:02:06,declined,False
TXN20240215004421,ACCT203977,MERCH300243,purchase,3.4,atm,2024-02-15 01:14:10,approved,False
TXN20240215004422,ACCT201050,MERCH300021,purchase,476.21,atm,2024-02-15 01:25:53,approved,False
TXN20240215004423,ACCT204967,MERCH300032,purchase,42.5,web,2024-02-15 08:31:01,approved,False
TXN20240215004424,ACCT204859,MERCH300076,deposit,95.19,in_person,2024-02-15 00:02:25,approved,False
TXN20240215004425,ACCT204208,MERCH300282,purchase,93.42,in_person,2024-02-15 00:27:42,approved,False
TXN20240215004426,ACCT202429,MERCH300134,transfer,12.81,in_person,2024-02-15 09:45:23,approved,False
TXN20240215004427,ACCT206451,MERCH300271,deposit,21.8,in_person,2024-02-15 12:54:30,approved,False
TXN20240215004428,ACCT206364,MERCH300287,purchase,6.38,mobile,2024-02-15 20:12:40,approved,False
TXN20240215004429,ACCT201385,MERCH300045,transfer,90.38,web,2024-02-15 01:08:14,approved,False
TXN20240215004430,ACCT201232,MERCH300197,purchase,67.4,in_person,2024-02-15 16:41:09,approved,False
TXN20240215004431,ACCT200028,MERCH300012,deposit,103.26,in_person,2024-02-15 03:34:45,approved,False
TXN20240215004432,ACCT201584,MERCH300297,purchase,9.88,in_person,2024-02-15 07:31:27,approved,False
TXN20240215004433,ACCT202490,MERCH300142,purchase,51.49,web,2024-02-15 20:40:18,reversed,False
TXN20240215004434,ACCT204221,MERCH300077,purchase,47.39,web,2024-02-15 13:56:49,approved,False
TXN20240215004435,ACCT203239,MERCH300025,purchase,25.2,atm,2024-02-15 04:46:00,approved,False
TXN20240215004436,ACCT203342,MERCH300060,transfer,17.03,mobile,2024-02-15 04:55:20,approved,False
TXN20240215004437,ACCT200373,MERCH300069,purchase,16.95,web,2024-02-15 15:22:25,approved,False
TXN20240215004438,ACCT202799,MERCH300255,deposit,43.25,atm,2024-02-15 18:10:25,approved,False
TXN20240215004439,ACCT204549,MERCH300212,purchase,114.67,in_person,2024-02-15 13:47:50,approved,False
TXN20240215004440,ACCT204838,MERCH300294,purchase,81.24,in_person,2024-02-15 10:43:32,approved,False
TXN20240215004441,ACCT204344,MERCH300215,transfer,57.1,web,2024-02-15 04:43:27,approved,False
TXN20240215004442,ACCT203120,MERCH300045,transfer,226.95,in_person,2024-02-15 05:21:08,approved,False
TXN20240215004443,ACCT200674,MERCH300083,purchase,121.32,mobile,2024-02-15 15:32:47,approved,False
TXN20240215004444,ACCT202835,MERCH300254,purchase,95.96,in_person,2024-02-15 18:12:42,approved,False
TXN20240215004445,ACCT204464,MERCH300219,deposit,24.69,web,2024-02-15 06:35:46,approved,False
TXN20240215004446,ACCT204286,MERCH300233,withdrawal,76.65,in_person,2024-02-15 18:10:47,approved,False
TXN20240215004447,ACCT200357,MERCH300033,purchase,24.24,in_person,2024-02-15 20:26:02,approved,False
TXN20240215004448,ACCT202212,MERCH300267,purchase,36.4,in_person,2024-02-15 08:20:43,approved,False
TXN20240215004449,ACCT202350,MERCH300038,purchase,65.91,in_person,2024-02-15 07:12:04,approved,False
TXN20240215004450,ACCT200713,MERCH300001,purchase,49.64,mobile,2024-02-15 13:49:22,approved,False
TXN20240215004451,ACCT203100,MERCH300079,transfer,23.02,mobile,2024-02-15 19:37:27,approved,False
TXN20240215004452,ACCT201438,MERCH300268,purchase,11.96,in_person,2024-02-15 14:48:20,approved,False
TXN20240215004453,ACCT206472,MERCH300214,purchase,38.89,web,2024-02-15 00:28:09,approved,False
TXN20240215004454,ACCT200151,MERCH300161,purchase,34.11,in_person,2024-02-15 18:58:54,approved,False
TXN20240215004455,ACCT202057,MERCH300254,transfer,257.46,mobile,2024-02-15 09:43:58,approved,False
TXN20240215004456,ACCT201899,MERCH300151,purchase,12.46,in_person,2024-02-15 16:10:48,approved,False
TXN20240215004457,ACCT206261,MERCH300295,purchase,51.78,web,2024-02-15 00:30:18,approved,False
TXN20240215004458,ACCT200567,MERCH300216,withdrawal,126.03,atm,2024-02-15 05:41:24,approved,False
TXN20240215004459,ACCT200020,MERCH300152,purchase,47.24,in_person,2024-02-15 20:16:21,approved,False
TXN20240215004460,ACCT205988,MERCH300036,transfer,19.55,in_person,2024-02-15 06:53:00,approved,False
TXN20240215004461,ACCT205846,MERCH300061,purchase,51.44,in_person,2024-02-15 18:20:27,approved,False
TXN20240215004462,ACCT201447,MERCH300034,transfer,7.73,in_person,2024-02-15 19:28:52,approved,False
TXN20240215004463,ACCT200847,MERCH300296,purchase,28.34,atm,2024-02-15 02:54:26,approved,True
TXN20240215004464,ACCT202433,MERCH300105,purchase,43.57,web,2024-02-15 12:50:49,approved,False
TXN20240215004465,ACCT200937,MERCH300094,transfer,130.14,mobile,2024-02-15 01:32:15,approved,False
TXN20240215004466,ACCT202984,MERCH300068,transfer,84.9,web,2024-02-15 17:01:44,approved,False
TXN20240215004467,ACCT204061,MERCH300279,transfer,14.16,atm,2024-02-15 13:52:20,approved,False
TXN20240215004468,ACCT203101,MERCH300214,purchase,5.67,in_person,2024-02-15 14:36:50,approved,False
TXN20240215004469,ACCT203297,MERCH300288,purchase,262.97,atm,2024-02-15 00:45:10,approved,False
TXN20240215004470,ACCT205737,MERCH300111,purchase,14.61,mobile,2024-02-15 13:16:22,approved,False
TXN20240215004471,ACCT204216,MERCH300240,purchase,23.91,in_person,2024-02-15 17:20:57,approved,False
TXN20240215004472,ACCT201401,MERCH300155,transfer,298.48,web,2024-02-15 23:22:06,approved,False
TXN20240215004473,ACCT203022,MERCH300221,transfer,97.49,mobile,2024-02-15 09:44:02,approved,False
TXN20240215004474,ACCT202138,MERCH300019,purchase,24.9,in_person,2024-02-15 10:34:12,approved,False
TXN20240215004475,ACCT204344,MERCH300009,purchase,115.51,mobile,2024-02-15 22:28:58,approved,False
TXN20240215004476,ACCT201163,MERCH300294,purchase,39.05,in_person,2024-02-15 03:06:42,declined,False
TXN20240215004477,ACCT200510,MERCH300013,purchase,22.87,web,2024-02-15 23:58:35,approved,False
TXN20240215004478,ACCT204806,MERCH300222,transfer,68.29,in_person,2024-02-15 03:13:17,approved,False
TXN20240215004479,ACCT200023,MERCH300269,purchase,15.93,web,2024-02-15 18:53:30,approved,False
TXN20240215004480,ACCT205075,MERCH300277,transfer,13.25,mobile,2024-02-15 09:46:53,approved,False
TXN20240215004481,ACCT202350,MERCH300036,purchase,128.93,atm,2024-02-15 18:50:25,approved,False
TXN20240215004482,ACCT205517,MERCH300086,purchase,134.89,web,2024-02-15 14:57:43,approved,False
TXN20240215004483,ACCT204865,MERCH300015,transfer,18.98,atm,2024-02-15 10:16:09,declined,False
TXN20240215004484,ACCT205985,MERCH300117,purchase,91.63,mobile,2024-02-15 07:32:02,approved,False
TXN20240215004485,ACCT203951,MERCH300192,deposit,33.43,in_person,2024-02-15 23:29:10,approved,False
TXN20240215004486,ACCT202730,MERCH300234,transfer,20.7,web,2024-02-15 00:09:55,approved,False
TXN20240215004487,ACCT204455,MERCH300099,purchase,29.85,atm,2024-02-15 16:32:21,approved,False
TXN20240215004488,ACCT201655,MERCH300048,purchase,13.07,mobile,2024-02-15 22:36:12,approved,False
TXN20240215004489,ACCT203513,MERCH300125,transfer,87.75,web,2024-02-15 01:09:49,approved,False
TXN20240215004490,ACCT204124,MERCH300096,transfer,47.46,web,2024-02-15 19:17:54,approved,False
TXN20240215004491,ACCT204867,MERCH300156,purchase,28.41,in_person,2024-02-15 06:16:38,approved,False
TXN20240215004492,ACCT202077,MERCH300283,purchase,21.72,mobile,2024-02-15 14:15:26,approved,False
TXN20240215004493,ACCT202532,MERCH300213,deposit,23.29,web,2024-02-15 23:53:01,approved,False
TXN20240215004494,ACCT200417,MERCH300246,purchase,98.4,in_person,2024-02-15 00:45:21,approved,False
TXN20240215004495,ACCT204681,MERCH300241,purchase,23.27,in_person,2024-02-15 23:42:21,approved,False
TXN20240215004496,ACCT202228,MERCH300154,purchase,24.29,in_person,2024-02-15 21:27:25,approved,False
TXN20240215004497,ACCT202723,MERCH300000,deposit,156.35,web,2024-02-15 19:41:59,approved,False
TXN20240215004498,ACCT201671,MERCH300150,purchase,41.69,in_person,2024-02-15 12:24:44,approved,False
TXN20240215004499,ACCT202809,MERCH300189,purchase,76.87,atm,2024-02-15 17:57:10,approved,False
TXN20240215004500,ACCT203684,MERCH300237,purchase,60.19,in_person,2024-02-15 17:13:34,approved,False
TXN20240215004501,ACCT205554,MERCH300033,purchase,13.12,web,2024-02-15 23:59:14,declined,False
TXN20240215004502,ACCT206183,MERCH300122,purchase,12.85,web,2024-02-15 09:19:06,approved,False
TXN20240215004503,ACCT205101,MERCH300171,purchase,73.89,mobile,2024-02-15 16:58:13,approved,False
TXN20240215004504,ACCT204058,MERCH300241,purchase,13.53,mobile,2024-02-15 20:30:05,approved,False
TXN20240215004505,ACCT205641,MERCH300197,purchase,78.38,web,2024-02-15 07:45:27,approved,False
TXN20240215004506,ACCT204076,MERCH300179,purchase,25.54,atm,2024-02-15 03:15:34,approved,False
TXN20240215004507,ACCT202208,MERCH300105,purchase,45.84,in_person,2024-02-15 13:11:58,approved,False
TXN20240215004508,ACCT200598,MERCH300167,deposit,32.98,mobile,2024-02-15 05:50:01,approved,True
TXN20240215004509,ACCT201766,MERCH300161,purchase,32.46,in_person,2024-02-15 09:53:33,approved,False
TXN20240215004510,ACCT203076,MERCH300033,purchase,33.28,atm,2024-02-15 19:40:40,approved,False
TXN20240215004511,ACCT201363,MERCH300158,purchase,17.08,atm,2024-02-15 14:53:26,approved,False
TXN20240215004512,ACCT204227,MERCH300136,purchase,28.5,in_person,2024-02-15 00:57:20,approved,False
TXN20240215004513,ACCT203517,MERCH300023,purchase,20.39,mobile,2024-02-15 17:08:20,approved,False
TXN20240215004514,ACCT201705,MERCH300202,purchase,35.23,mobile,2024-02-15 12:52:44,approved,False
TXN20240215004515,ACCT205003,MERCH300240,purchase,77.41,in_person,2024-02-15 07:31:25,approved,False
TXN20240215004516,ACCT204643,MERCH300085,withdrawal,85.75,web,2024-02-15 06:26:22,approved,False
TXN20240215004517,ACCT206360,MERCH300178,transfer,24.11,in_person,2024-02-15 19:19:44,approved,False
TXN20240215004518,ACCT203929,MERCH300175,deposit,25.18,web,2024-02-15 10:21:58,approved,False
TXN20240215004519,ACCT205715,MERCH300064,purchase,41.54,atm,2024-02-15 00:22:46,approved,False
TXN20240215004520,ACCT206035,MERCH300171,transfer,173.38,mobile,2024-02-15 02:18:46,approved,True
TXN20240215004521,ACCT204742,MERCH300190,purchase,140.05,in_person,2024-02-15 03:41:17,approved,False
TXN20240215004522,ACCT202246,MERCH300167,purchase,25.22,mobile,2024-02-15 06:41:34,approved,False
TXN20240215004523,ACCT203735,MERCH300091,purchase,13.7,in_person,2024-02-15 16:33:35,approved,False
TXN20240215004524,ACCT202834,MERCH300299,purchase,77.91,web,2024-02-15 12:57:47,approved,False
TXN20240215004525,ACCT202276,MERCH300145,purchase,56.83,atm,2024-02-15 17:25:37,approved,False
TXN20240215004526,ACCT205075,MERCH300055,purchase,7.89,web,2024-02-15 07:09:22,approved,False
TXN20240215004527,ACCT204088,MERCH300243,purchase,47.88,web,2024-02-15 08:38:24,approved,False
TXN20240215004528,ACCT200310,MERCH300182,deposit,251.72,in_person,2024-02-15 19:16:36,approved,False
TXN20240215004529,ACCT203218,MERCH300117,purchase,25.53,mobile,2024-02-15 19:41:02,approved,False
TXN20240215004530,ACCT202350,MERCH300107,purchase,71.25,in_person,2024-02-15 00:13:03,approved,False
TXN20240215004531,ACCT204625,MERCH300224,deposit,47.44,mobile,2024-02-15 14:21:58,approved,False
TXN20240215004532,ACCT205328,MERCH300130,purchase,278.82,mobile,2024-02-15 03:28:03,approved,False
TXN20240215004533,ACCT203182,MERCH300267,purchase,14.53,mobile,2024-02-15 15:42:05,approved,False
TXN20240215004534,ACCT202263,MERCH300002,transfer,16.51,mobile,2024-02-15 07:20:26,approved,False
TXN20240215004535,ACCT205583,MERCH300268,transfer,28.62,in_person,2024-02-15 17:01:42,approved,False
TXN20240215004536,ACCT203700,MERCH300165,purchase,57.26,atm,2024-02-15 06:35:48,approved,False
TXN20240215004537,ACCT202082,MERCH300219,purchase,53.52,mobile,2024-02-15 01:53:42,approved,False
TXN20240215004538,ACCT202016,MERCH300271,purchase,77.49,mobile,2024-02-15 03:52:22,approved,False
TXN20240215004539,ACCT200050,MERCH300020,purchase,45.31,in_person,2024-02-15 22:26:38,approved,False
TXN20240215004540,ACCT203907,MERCH300101,purchase,38.23,in_person,2024-02-15 23:58:21,approved,False
TXN20240215004541,ACCT203147,MERCH300235,purchase,18.04,mobile,2024-02-15 14:08:59,approved,False
TXN20240215004542,ACCT205237,MERCH300090,transfer,127.55,in_person,2024-02-15 07:46:10,approved,False
TXN20240215004543,ACCT205566,MERCH300074,purchase,36.72,web,2024-02-15 17:17:39,approved,False
TXN20240215004544,ACCT203365,MERCH300152,purchase,94.22,in_person,2024-02-15 14:57:25,approved,False
TXN20240215004545,ACCT201351,MERCH300244,transfer,20.73,web,2024-02-15 01:05:51,declined,False
TXN20240215004546,ACCT204427,MERCH300057,purchase,310.16,atm,2024-02-15 20:14:23,approved,False
TXN20240215004547,ACCT203297,MERCH300159,purchase,248.56,in_person,2024-02-15 09:17:50,approved,False
TXN20240215004548,ACCT202053,MERCH300054,purchase,12.35,in_person,2024-02-15 20:51:05,approved,False
TXN20240215004549,ACCT203071,MERCH300116,transfer,73.66,in_person,2024-02-15 02:29:36,approved,False
TXN20240215004550,ACCT201102,MERCH300161,transfer,31.34,in_person,2024-02-15 22:18:53,approved,False
TXN20240215004551,ACCT205779,MERCH300092,purchase,133.48,mobile,2024-02-15 21:22:36,approved,False
TXN20240215004552,ACCT200024,MERCH300201,transfer,22.93,mobile,2024-02-15 20:16:31,approved,False
TXN20240215004553,ACCT204814,MERCH300112,purchase,30.32,in_person,2024-02-15 08:46:16,approved,False
TXN20240215004554,ACCT202698,MERCH300133,purchase,131.19,in_person,2024-02-15 16:16:46,approved,False
TXN20240215004555,ACCT206131,MERCH300146,deposit,43.19,mobile,2024-02-15 23:11:57,approved,False
TXN20240215004556,ACCT200978,MERCH300214,purchase,69.73,in_person,2024-02-15 22:43:58,approved,False
TXN20240215004557,ACCT202061,MERCH300078,purchase,28.91,in_person,2024-02-15 23:32:12,approved,False
TXN20240215004558,ACCT201511,MERCH300173,purchase,46.56,in_person,2024-02-15 16:09:16,approved,False
TXN20240215004559,ACCT200988,MERCH300250,transfer,9.07,atm,2024-02-15 23:14:15,approved,False
TXN20240215004560,ACCT200541,MERCH300131,transfer,16.64,web,2024-02-15 02:49:59,declined,False
TXN20240215004561,ACCT205628,MERCH300138,purchase,64.19,in_person,2024-02-15 04:05:44,approved,False
TXN20240215004562,ACCT206204,MERCH300214,purchase,27.48,in_person,2024-02-15 04:00:44,approved,False
TXN20240215004563,ACCT202727,MERCH300264,deposit,67.69,in_person,2024-02-15 13:12:25,approved,False
TXN20240215004564,ACCT200514,MERCH300016,transfer,8.44,in_person,2024-02-15 17:02:37,approved,False
TXN20240215004565,ACCT201699,MERCH300272,deposit,44.22,web,2024-02-15 10:56:14,approved,False
TXN20240215004566,ACCT200988,MERCH300150,purchase,7.56,web,2024-02-15 00:34:31,approved,False
TXN20240215004567,ACCT205196,MERCH300186,withdrawal,14.22,web,2024-02-15 06:44:58,approved,False
TXN20240215004568,ACCT202809,MERCH300170,transfer,49.67,in_person,2024-02-15 13:45:28,approved,False
TXN20240215004569,ACCT205136,MERCH300198,withdrawal,209.46,mobile,2024-02-15 01:09:15,approved,False
TXN20240215004570,ACCT204721,MERCH300175,purchase,27.88,in_person,2024-02-15 12:01:30,reversed,False
TXN20240215004571,ACCT202405,MERCH300066,purchase,45.13,in_person,2024-02-15 10:43:53,approved,False
TXN20240215004572,ACCT205303,MERCH300126,deposit,19.34,mobile,2024-02-15 06:06:50,approved,False
TXN20240215004573,ACCT204845,MERCH300159,withdrawal,142.54,in_person,2024-02-15 17:55:14,approved,False
TXN20240215004574,ACCT202573,MERCH300034,purchase,338.15,web,2024-02-15 20:45:42,approved,False
TXN20240215004575,ACCT205671,MERCH300199,transfer,14.32,mobile,2024-02-15 04:49:31,approved,False
TXN20240215004576,ACCT203535,MERCH300037,purchase,58.6,in_person,2024-02-15 00:09:45,approved,False
TXN20240215004577,ACCT202215,MERCH300290,purchase,52.14,web,2024-02-15 00:38:12,approved,False
TXN20240215004578,ACCT203032,MERCH300289,purchase,40.7,in_person,2024-02-15 09:20:47,approved,False
TXN20240215004579,ACCT200767,MERCH300229,purchase,17.41,mobile,2024-02-15 05:14:57,approved,False
TXN20240215004580,ACCT205527,MERCH300248,purchase,54.74,mobile,2024-02-15 13:07:58,declined,False
TXN20240215004581,ACCT201229,MERCH300155,purchase,206.63,web,2024-02-15 21:51:46,approved,False
TXN20240215004582,ACCT201089,MERCH300075,purchase,23.71,mobile,2024-02-15 17:02:34,approved,False
TXN20240215004583,ACCT205448,MERCH300203,withdrawal,43.92,mobile,2024-02-15 02:29:37,approved,False
TXN20240215004584,ACCT205274,MERCH300154,purchase,18.92,in_person,2024-02-15 15:21:25,approved,False
TXN20240215004585,ACCT205637,MERCH300181,purchase,12.57,in_person,2024-02-15 15:46:35,approved,False
TXN20240215004586,ACCT201773,MERCH300219,transfer,15.72,web,2024-02-15 08:07:02,approved,False
TXN20240215004587,ACCT202790,MERCH300140,purchase,19.04,mobile,2024-02-15 11:47:06,approved,False
TXN20240215004588,ACCT202206,MERCH300276,purchase,39.31,web,2024-02-15 22:51:17,declined,False
TXN20240215004589,ACCT204062,MERCH300148,purchase,116.01,in_person,2024-02-15 03:43:09,reversed,False
TXN20240215004590,ACCT200095,MERCH300119,purchase,6.75,web,2024-02-15 13:38:58,approved,False
TXN20240215004591,ACCT204875,MERCH300258,purchase,68.29,web,2024-02-15 02:01:17,approved,False
TXN20240215004592,ACCT204266,MERCH300031,purchase,15.04,web,2024-02-15 06:27:07,approved,False
TXN20240215004593,ACCT204817,MERCH300048,purchase,124.09,mobile,2024-02-15 16:58:17,approved,False
TXN20240215004594,ACCT203641,MERCH300299,purchase,10.52,mobile,2024-02-15 17:45:43,declined,False
TXN20240215004595,ACCT200098,MERCH300044,transfer,45.75,web,2024-02-15 11:25:56,approved,False
TXN20240215004596,ACCT204988,MERCH300172,purchase,5.7,in_person,2024-02-15 04:02:21,approved,False
TXN20240215004597,ACCT205735,MERCH300010,purchase,4.43,mobile,2024-02-15 11:38:43,approved,False
TXN20240215004598,ACCT204669,MERCH300096,transfer,56.67,web,2024-02-15 12:05:53,approved,False
TXN20240215004599,ACCT204839,MERCH300070,purchase,16.53,mobile,2024-02-15 10:12:08,approved,False
TXN20240215004600,ACCT202437,MERCH300150,purchase,36.35,mobile,2024-02-15 06:12:53,approved,False
TXN20240215004601,ACCT204251,MERCH300270,deposit,62.39,in_person,2024-02-15 03:44:23,reversed,False
TXN20240215004602,ACCT200474,MERCH300205,withdrawal,21.37,web,2024-02-15 18:54:54,approved,False
TXN20240215004603,ACCT200250,MERCH300144,purchase,15.35,atm,2024-02-15 15:03:23,approved,False
TXN20240215004604,ACCT203281,MERCH300076,transfer,65.66,in_person,2024-02-15 20:23:43,declined,False
TXN20240215004605,ACCT200568,MERCH300224,purchase,72.44,in_person,2024-02-15 23:35:56,approved,False
TXN20240215004606,ACCT203697,MERCH300090,withdrawal,17.92,mobile,2024-02-15 19:29:09,approved,False
TXN20240215004607,ACCT205158,MERCH300114,transfer,50.57,web,2024-02-15 04:14:06,declined,False
TXN20240215004608,ACCT202326,MERCH300238,transfer,134.19,web,2024-02-15 05:43:11,approved,False
TXN20240215004609,ACCT204260,MERCH300081,transfer,47.2,in_person,2024-02-15 09:22:43,approved,False
TXN20240215004610,ACCT200513,MERCH300027,purchase,50.17,in_person,2024-02-15 08:04:55,approved,False
TXN20240215004611,ACCT203288,MERCH300230,purchase,55.02,web,2024-02-15 15:01:56,approved,False
TXN20240215004612,ACCT201060,MERCH300154,purchase,53.68,web,2024-02-15 14:54:34,approved,False
TXN20240215004613,ACCT200748,MERCH300256,deposit,31.15,mobile,2024-02-15 20:52:33,approved,False
TXN20240215004614,ACCT202019,MERCH300292,purchase,12.55,web,2024-02-15 13:26:21,approved,False
TXN20240215004615,ACCT203144,MERCH300143,purchase,42.9,mobile,2024-02-15 00:39:40,approved,False
TXN20240215004616,ACCT203316,MERCH300084,transfer,10.39,mobile,2024-02-15 21:33:27,approved,False
TXN20240215004617,ACCT200671,MERCH300034,purchase,37.68,web,2024-02-15 03:22:32,approved,False
TXN20240215004618,ACCT203881,MERCH300237,purchase,28.02,web,2024-02-15 05:22:36,approved,False
TXN20240215004619,ACCT203742,MERCH300279,transfer,235.14,in_person,2024-02-15 22:03:40,approved,False
TXN20240215004620,ACCT200108,MERCH300139,purchase,33.85,mobile,2024-02-15 20:08:30,approved,False
TXN20240215004621,ACCT203358,MERCH300296,transfer,26.98,in_person,2024-02-15 22:13:58,approved,False
TXN20240215004622,ACCT203278,MERCH300037,purchase,67.86,mobile,2024-02-15 04:51:35,approved,False
TXN20240215004623,ACCT205985,MERCH300140,purchase,54.53,web,2024-02-15 03:03:36,approved,False
TXN20240215004624,ACCT204340,MERCH300054,purchase,8.79,mobile,2024-02-15 03:48:54,approved,False
TXN20240215004625,ACCT201953,MERCH300161,purchase,163.29,in_person,2024-02-15 20:42:25,approved,False
TXN20240215004626,ACCT206218,MERCH300086,purchase,56.43,in_person,2024-02-15 05:34:41,approved,False
TXN20240215004627,ACCT206429,MERCH300015,purchase,14.71,in_person,2024-02-15 23:02:38,approved,False
TXN20240215004628,ACCT203566,MERCH300209,purchase,35.77,in_person,2024-02-15 20:48:15,approved,False
TXN20240215004629,ACCT205466,MERCH300176,purchase,58.85,in_person,2024-02-15 13:22:51,approved,False
TXN20240215004630,ACCT200875,MERCH300297,withdrawal,75.61,mobile,2024-02-15 04:11:08,approved,False
TXN20240215004631,ACCT203088,MERCH300042,purchase,36.93,in_person,2024-02-15 20:39:43,approved,False
TXN20240215004632,ACCT200799,MERCH300119,purchase,16.1,in_person,2024-02-15 03:44:27,approved,False
TXN20240215004633,ACCT202195,MERCH300079,purchase,21.28,web,2024-02-15 05:46:47,approved,False
TXN20240215004634,ACCT205011,MERCH300150,purchase,19.29,mobile,2024-02-15 19:59:55,declined,False
TXN20240215004635,ACCT200846,MERCH300108,purchase,62.06,in_person,2024-02-15 08:16:52,approved,False
TXN20240215004636,ACCT203119,MERCH300110,purchase,251.94,in_person,2024-02-15 20:05:19,approved,False
TXN20240215004637,ACCT206126,MERCH300091,transfer,78.1,mobile,2024-02-15 00:43:41,approved,False
TXN20240215004638,ACCT203758,MERCH300251,purchase,25.58,in_person,2024-02-15 12:44:12,approved,False
TXN20240215004639,ACCT206233,MERCH300050,transfer,68.89,web,2024-02-15 03:54:19,declined,False
TXN20240215004640,ACCT200556,MERCH300041,deposit,111.87,mobile,2024-02-15 23:24:29,approved,False
TXN20240215004641,ACCT206207,MERCH300091,purchase,17.58,web,2024-02-15 10:37:04,approved,False
TXN20240215004642,ACCT200695,MERCH300183,purchase,88.77,web,2024-02-15 21:17:11,approved,False
TXN20240215004643,ACCT204573,MERCH300230,purchase,128.01,web,2024-02-15 12:04:48,declined,False
TXN20240215004644,ACCT202100,MERCH300064,transfer,26.22,atm,2024-02-15 16:48:36,approved,False
TXN20240215004645,ACCT201596,MERCH300052,purchase,6.04,web,2024-02-15 03:30:14,approved,True
TXN20240215004646,ACCT200496,MERCH300126,purchase,239.9,web,2024-02-15 02:59:05,approved,False
TXN20240215004647,ACCT200063,MERCH300091,purchase,21.03,mobile,2024-02-15 23:05:54,approved,False
TXN20240215004648,ACCT203117,MERCH300195,transfer,25.67,in_person,2024-02-15 23:54:39,reversed,False
TXN20240215004649,ACCT205728,MERCH300116,purchase,91.41,web,2024-02-15 09:59:07,approved,False
TXN20240215004650,ACCT201014,MERCH300045,purchase,12.18,web,2024-02-15 18:54:03,reversed,False
TXN20240215004651,ACCT205202,MERCH300160,deposit,74.75,in_person,2024-02-15 12:47:37,approved,False
TXN20240215004652,ACCT202617,MERCH300217,purchase,40.55,mobile,2024-02-15 20:53:04,approved,False
TXN20240215004653,ACCT205774,MERCH300126,purchase,20.05,web,2024-02-15 02:32:49,approved,False
TXN20240215004654,ACCT205989,MERCH300297,purchase,331.85,in_person,2024-02-15 14:06:16,approved,False
TXN20240215004655,ACCT200654,MERCH300199,purchase,14.72,in_person,2024-02-15 13:58:03,approved,False
TXN20240215004656,ACCT202949,MERCH300234,purchase,9.95,in_person,2024-02-15 13:08:04,approved,False
TXN20240215004657,ACCT201887,MERCH300291,purchase,62.73,web,2024-02-15 08:27:58,approved,True
TXN20240215004658,ACCT202927,MERCH300117,purchase,20.0,in_person,2024-02-15 08:42:25,approved,False
TXN20240215004659,ACCT200024,MERCH300086,purchase,41.53,web,2024-02-15 22:15:52,approved,False
TXN20240215004660,ACCT204560,MERCH300102,withdrawal,16.1,in_person,2024-02-15 13:11:30,approved,False
TXN20240215004661,ACCT205965,MERCH300155,purchase,20.66,in_person,2024-02-15 23:15:46,approved,False
TXN20240215004662,ACCT205144,MERCH300208,purchase,25.57,mobile,2024-02-15 23:21:55,approved,False
TXN20240215004663,ACCT201709,MERCH300294,transfer,26.59,in_person,2024-02-15 12:48:19,approved,False
TXN20240215004664,ACCT202545,MERCH300200,withdrawal,14.35,in_person,2024-02-15 08:39:29,reversed,False
TXN20240215004665,ACCT200708,MERCH300105,purchase,56.77,mobile,2024-02-15 02:42:13,reversed,False
TXN20240215004666,ACCT200369,MERCH300036,transfer,25.68,atm,2024-02-15 11:58:50,approved,False
TXN20240215004667,ACCT202861,MERCH300202,purchase,69.81,in_person,2024-02-15 16:35:48,approved,False
TXN20240215004668,ACCT200059,MERCH300153,purchase,29.99,web,2024-02-15 10:15:40,approved,False
TXN20240215004669,ACCT200920,MERCH300103,purchase,24.1,mobile,2024-02-15 10:55:51,approved,False
TXN20240215004670,ACCT201532,MERCH300090,purchase,401.21,mobile,2024-02-15 17:16:20,approved,False
TXN20240215004671,ACCT203762,MERCH300002,purchase,132.49,mobile,2024-02-15 13:12:40,reversed,False
TXN20240215004672,ACCT205998,MERCH300137,transfer,18.26,mobile,2024-02-15 22:02:24,approved,False
TXN20240215004673,ACCT200329,MERCH300002,purchase,20.66,mobile,2024-02-15 10:58:48,approved,False
TXN20240215004674,ACCT206436,MERCH300157,transfer,54.19,mobile,2024-02-15 08:53:53,approved,False
TXN20240215004675,ACCT205838,MERCH300088,withdrawal,9.72,mobile,2024-02-15 19:45:01,approved,False
TXN20240215004676,ACCT206462,MERCH300121,deposit,57.58,web,2024-02-15 13:52:33,approved,False
TXN20240215004677,ACCT202727,MERCH300115,purchase,58.22,in_person,2024-02-15 01:48:50,approved,False
TXN20240215004678,ACCT204766,MERCH300275,purchase,131.56,in_person,2024-02-15 16:38:21,approved,False
TXN20240215004679,ACCT204903,MERCH300104,purchase,77.39,web,2024-02-15 16:31:01,approved,False
TXN20240215004680,ACCT203499,MERCH300215,transfer,11.76,in_person,2024-02-15 17:07:19,approved,False
TXN20240215004681,ACCT200815,MERCH300166,purchase,47.94,atm,2024-02-15 19:32:19,approved,False
TXN20240215004682,ACCT203603,MERCH300127,purchase,107.16,mobile,2024-02-15 04:04:11,approved,False
TXN20240215004683,ACCT200276,MERCH300005,transfer,355.65,mobile,2024-02-15 18:15:48,approved,False
TXN20240215004684,ACCT205416,MERCH300231,purchase,242.69,mobile,2024-02-15 01:50:09,approved,False
TXN20240215004685,ACCT204387,MERCH300211,purchase,101.01,web,2024-02-15 08:28:03,approved,False
TXN20240215004686,ACCT201915,MERCH300062,purchase,9.48,in_person,2024-02-15 21:07:08,approved,False
TXN20240215004687,ACCT200233,MERCH300126,purchase,21.99,in_person,2024-02-15 05:37:37,approved,False
TXN20240215004688,ACCT202334,MERCH300071,purchase,29.33,in_person,2024-02-15 23:47:50,approved,False
TXN20240215004689,ACCT200683,MERCH300143,deposit,14.91,mobile,2024-02-15 02:09:39,approved,False
TXN20240215004690,ACCT206369,MERCH300284,purchase,16.44,in_person,2024-02-15 20:12:30,approved,False
TXN20240215004691,ACCT203607,MERCH300002,deposit,19.56,web,2024-02-15 01:52:04,approved,False
TXN20240215004692,ACCT200720,MERCH300033,purchase,15.64,mobile,2024-02-15 14:37:31,approved,False
TXN20240215004693,ACCT200069,MERCH300004,deposit,19.84,mobile,2024-02-15 16:12:12,approved,False
TXN20240215004694,ACCT200512,MERCH300152,purchase,91.22,mobile,2024-02-15 07:50:53,approved,False
TXN20240215004695,ACCT202749,MERCH300296,purchase,24.54,in_person,2024-02-15 09:42:20,approved,False
TXN20240215004696,ACCT204152,MERCH300187,transfer,12.53,mobile,2024-02-15 08:32:15,declined,False
TXN20240215004697,ACCT206338,MERCH300111,purchase,40.53,mobile,2024-02-15 01:16:13,approved,False
TXN20240215004698,ACCT206421,MERCH300191,purchase,10.87,mobile,2024-02-15 01:53:35,approved,False
TXN20240215004699,ACCT200527,MERCH300021,withdrawal,30.51,web,2024-02-15 10:34:45,approved,False
TXN20240215004700,ACCT200448,MERCH300189,purchase,113.14,in_person,2024-02-15 10:58:43,approved,False
TXN20240215004701,ACCT204236,MERCH300185,purchase,18.52,web,2024-02-15 06:06:24,approved,False
TXN20240215004702,ACCT204808,MERCH300161,purchase,64.6,web,2024-02-15 18:16:05,approved,False
TXN20240215004703,ACCT203755,MERCH300277,purchase,101.84,atm,2024-02-15 00:35:52,approved,False
TXN20240215004704,ACCT204010,MERCH300108,deposit,24.18,in_person,2024-02-15 02:15:10,approved,False
TXN20240215004705,ACCT205717,MERCH300010,deposit,68.46,web,2024-02-15 20:10:07,reversed,False
TXN20240215004706,ACCT200840,MERCH300051,purchase,137.56,in_person,2024-02-15 19:03:01,approved,False
TXN20240215004707,ACCT201366,MERCH300225,transfer,38.68,in_person,2024-02-15 03:23:45,approved,False
TXN20240215004708,ACCT203697,MERCH300238,purchase,14.81,mobile,2024-02-15 16:03:43,approved,False
TXN20240215004709,ACCT201608,MERCH300186,purchase,13.08,mobile,2024-02-15 06:25:17,approved,False
TXN20240215004710,ACCT206103,MERCH300111,transfer,127.39,atm,2024-02-15 01:24:42,approved,False
TXN20240215004711,ACCT206306,MERCH300273,withdrawal,26.25,web,2024-02-15 21:02:29,approved,False
TXN20240215004712,ACCT204588,MERCH300223,purchase,101.78,in_person,2024-02-15 22:30:00,approved,False
TXN20240215004713,ACCT203243,MERCH300110,deposit,14.39,mobile,2024-02-15 11:46:55,approved,False
TXN20240215004714,ACCT200591,MERCH300146,purchase,24.62,in_person,2024-02-15 06:54:16,approved,False
TXN20240215004715,ACCT201428,MERCH300214,deposit,79.97,in_person,2024-02-15 18:51:19,approved,False
TXN20240215004716,ACCT203686,MERCH300126,purchase,32.22,web,2024-02-15 13:02:12,approved,False
TXN20240215004717,ACCT201492,MERCH300064,purchase,45.46,atm,2024-02-15 15:19:35,approved,False
TXN20240215004718,ACCT201229,MERCH300078,purchase,33.14,web,2024-02-15 01:09:26,approved,False
TXN20240215004719,ACCT205200,MERCH300269,transfer,48.82,in_person,2024-02-15 02:06:58,approved,False
TXN20240215004720,ACCT201667,MERCH300182,purchase,59.11,atm,2024-02-15 14:34:15,approved,False
TXN20240215004721,ACCT201597,MERCH300018,purchase,55.26,web,2024-02-15 19:23:39,approved,False
TXN20240215004722,ACCT206032,MERCH300045,deposit,54.66,atm,2024-02-15 09:31:35,approved,False
TXN20240215004723,ACCT201179,MERCH300061,purchase,34.93,in_person,2024-02-15 16:38:01,approved,False
TXN20240215004724,ACCT203057,MERCH300156,purchase,67.75,atm,2024-02-15 23:07:20,approved,False
TXN20240215004725,ACCT200830,MERCH300189,purchase,27.57,in_person,2024-02-15 10:07:54,approved,False
TXN20240215004726,ACCT203083,MERCH300037,purchase,86.62,web,2024-02-15 00:28:09,approved,False
TXN20240215004727,ACCT202053,MERCH300057,purchase,24.06,web,2024-02-15 22:26:59,approved,False
TXN20240215004728,ACCT204861,MERCH300175,transfer,56.6,mobile,2024-02-15 23:26:19,approved,False
TXN20240215004729,ACCT200417,MERCH300139,purchase,47.58,mobile,2024-02-15 00:32:34,approved,False
TXN20240215004730,ACCT201348,MERCH300007,transfer,281.84,web,2024-02-15 02:51:45,approved,False
TXN20240215004731,ACCT204038,MERCH300289,transfer,9.37,in_person,2024-02-15 10:48:29,approved,False
TXN20240215004732,ACCT201855,MERCH300208,purchase,53.97,web,2024-02-15 04:11:49,approved,False
TXN20240215004733,ACCT204951,MERCH300265,purchase,10.73,web,2024-02-15 14:27:47,approved,False
TXN20240215004734,ACCT201600,MERCH300057,purchase,64.68,web,2024-02-15 19:10:27,approved,False
TXN20240215004735,ACCT200859,MERCH300163,purchase,28.98,mobile,2024-02-15 23:20:44,approved,False
TXN20240215004736,ACCT206263,MERCH300020,purchase,34.47,mobile,2024-02-15 01:14:46,approved,False
TXN20240215004737,ACCT205942,MERCH300119,purchase,10.82,in_person,2024-02-15 10:02:27,approved,False
TXN20240215004738,ACCT204872,MERCH300121,purchase,39.35,mobile,2024-02-15 08:38:33,approved,False
TXN20240215004739,ACCT202135,MERCH300268,withdrawal,92.95,in_person,2024-02-15 07:51:11,approved,False
TXN20240215004740,ACCT200972,MERCH300158,withdrawal,6.78,web,2024-02-15 16:22:49,approved,False
TXN20240215004741,ACCT205168,MERCH300291,deposit,42.8,mobile,2024-02-15 21:50:42,approved,False
TXN20240215004742,ACCT202705,MERCH300162,purchase,34.35,mobile,2024-02-15 20:12:22,reversed,False
TXN20240215004743,ACCT200996,MERCH300064,purchase,202.29,in_person,2024-02-15 11:59:48,approved,False
TXN20240215004744,ACCT200387,MERCH300232,purchase,21.65,web,2024-02-15 13:48:06,approved,False
TXN20240215004745,ACCT203441,MERCH300015,withdrawal,9.62,web,2024-02-15 10:05:38,declined,False
TXN20240215004746,ACCT204422,MERCH300299,purchase,33.86,mobile,2024-02-15 07:44:06,declined,False
TXN20240215004747,ACCT202221,MERCH300247,purchase,185.72,atm,2024-02-15 14:39:39,approved,False
TXN20240215004748,ACCT202940,MERCH300050,purchase,36.51,web,2024-02-15 16:45:09,approved,False
TXN20240215004749,ACCT205980,MERCH300105,purchase,32.88,atm,2024-02-15 19:41:42,declined,False
TXN20240215004750,ACCT205640,MERCH300011,purchase,44.87,mobile,2024-02-15 01:47:36,approved,False
TXN20240215004751,ACCT202671,MERCH300151,transfer,30.46,mobile,2024-02-15 04:57:18,approved,False
TXN20240215004752,ACCT204607,MERCH300169,transfer,30.96,mobile,2024-02-15 07:02:27,approved,False
TXN20240215004753,ACCT201850,MERCH300235,transfer,84.93,in_person,2024-02-15 19:58:19,approved,False
TXN20240215004754,ACCT205534,MERCH300028,purchase,50.81,web,2024-02-15 22:58:44,approved,False
TXN20240215004755,ACCT203701,MERCH300295,purchase,59.07,mobile,2024-02-15 19:01:27,approved,True
TXN20240215004756,ACCT201888,MERCH300014,purchase,64.85,mobile,2024-02-15 08:53:18,approved,False
TXN20240215004757,ACCT201745,MERCH300022,transfer,55.31,mobile,2024-02-15 08:35:49,approved,False
TXN20240215004758,ACCT205799,MERCH300076,purchase,53.73,in_person,2024-02-15 07:25:38,approved,False
TXN20240215004759,ACCT200666,MERCH300249,transfer,104.08,web,2024-02-15 15:15:04,approved,False
TXN20240215004760,ACCT204244,MERCH300076,purchase,119.76,atm,2024-02-15 01:32:04,approved,False
TXN20240215004761,ACCT205284,MERCH300077,purchase,11.79,mobile,2024-02-15 12:35:32,approved,False
TXN20240215004762,ACCT205942,MERCH300089,purchase,16.56,web,2024-02-15 23:03:07,approved,False
TXN20240215004763,ACCT205121,MERCH300203,transfer,20.62,web,2024-02-15 09:05:43,approved,False
TXN20240215004764,ACCT206181,MERCH300008,purchase,15.5,in_person,2024-02-15 13:06:32,approved,False
TXN20240215004765,ACCT203072,MERCH300246,withdrawal,7.18,mobile,2024-02-15 03:20:30,approved,False
TXN20240215004766,ACCT202361,MERCH300056,purchase,12.37,in_person,2024-02-15 06:12:16,approved,False
TXN20240215004767,ACCT200700,MERCH300076,purchase,38.48,mobile,2024-02-15 23:23:12,approved,False
TXN20240215004768,ACCT200866,MERCH300099,purchase,32.15,mobile,2024-02-15 03:42:45,approved,False
TXN20240215004769,ACCT202621,MERCH300058,deposit,69.41,in_person,2024-02-15 12:25:48,approved,False
TXN20240215004770,ACCT202275,MERCH300266,purchase,33.11,web,2024-02-15 02:02:21,approved,False
TXN20240215004771,ACCT200045,MERCH300297,purchase,15.42,in_person,2024-02-15 01:48:56,approved,False
TXN20240215004772,ACCT202786,MERCH300264,transfer,61.28,mobile,2024-02-15 22:52:50,approved,False
TXN20240215004773,ACCT203011,MERCH300098,purchase,19.92,web,2024-02-15 18:14:01,approved,True
TXN20240215004774,ACCT205128,MERCH300233,transfer,30.42,atm,2024-02-15 17:21:50,approved,False
TXN20240215004775,ACCT201401,MERCH300091,purchase,58.88,web,2024-02-15 03:01:23,reversed,False
TXN20240215004776,ACCT203295,MERCH300072,transfer,7.08,in_person,2024-02-15 22:33:47,approved,False
TXN20240215004777,ACCT206306,MERCH300133,purchase,38.92,web,2024-02-15 16:46:52,approved,False
TXN20240215004778,ACCT200043,MERCH300108,purchase,58.33,web,2024-02-15 03:05:56,approved,False
TXN20240215004779,ACCT202411,MERCH300275,purchase,148.13,web,2024-02-15 08:54:47,approved,False
TXN20240215004780,ACCT202445,MERCH300216,transfer,115.2,web,2024-02-15 15:14:49,approved,False
TXN20240215004781,ACCT203347,MERCH300288,purchase,5.25,in_person,2024-02-15 00:50:16,approved,False
TXN20240215004782,ACCT204578,MERCH300267,transfer,246.77,in_person,2024-02-15 01:50:45,approved,False
TXN20240215004783,ACCT203745,MERCH300153,transfer,37.58,mobile,2024-02-15 15:40:36,approved,False
TXN20240215004784,ACCT204845,MERCH300043,deposit,42.23,mobile,2024-02-15 00:17:28,approved,False
TXN20240215004785,ACCT200487,MERCH300056,purchase,59.1,atm,2024-02-15 15:14:53,approved,False
TXN20240215004786,ACCT202986,MERCH300084,purchase,30.83,mobile,2024-02-15 23:32:39,approved,False
TXN20240215004787,ACCT202333,MERCH300173,purchase,35.18,in_person,2024-02-15 03:00:59,approved,False
TXN20240215004788,ACCT204139,MERCH300193,purchase,149.81,web,2024-02-15 11:15:39,approved,False
TXN20240215004789,ACCT204042,MERCH300142,purchase,30.64,web,2024-02-15 20:24:30,approved,False
TXN20240215004790,ACCT200927,MERCH300158,purchase,185.04,in_person,2024-02-15 00:30:44,approved,False
TXN20240215004791,ACCT200170,MERCH300026,purchase,14.52,mobile,2024-02-15 02:12:48,approved,False
TXN20240215004792,ACCT205372,MERCH300051,purchase,146.6,in_person,2024-02-15 22:45:50,approved,False
TXN20240215004793,ACCT205160,MERCH300007,purchase,24.2,in_person,2024-02-15 07:55:18,approved,False
TXN20240215004794,ACCT205196,MERCH300216,purchase,14.57,mobile,2024-02-15 12:10:52,approved,False
TXN20240215004795,ACCT202959,MERCH300143,transfer,41.34,web,2024-02-15 03:38:59,approved,False
TXN20240215004796,ACCT205625,MERCH300232,purchase,18.72,web,2024-02-15 07:44:19,approved,False
TXN20240215004797,ACCT200164,MERCH300140,purchase,65.14,in_person,2024-02-15 04:15:57,approved,False
TXN20240215004798,ACCT205074,MERCH300161,transfer,29.56,in_person,2024-02-15 19:34:24,approved,False
TXN20240215004799,ACCT202009,MERCH300017,purchase,23.59,web,2024-02-15 23:07:21,approved,False
TXN20240215004800,ACCT204309,MERCH300183,transfer,65.41,mobile,2024-02-15 08:23:55,approved,False
TXN20240215004801,ACCT200530,MERCH300130,transfer,408.73,mobile,2024-02-15 12:53:19,approved,False
TXN20240215004802,ACCT201907,MERCH300280,purchase,38.63,atm,2024-02-15 21:38:27,approved,False
TXN20240215004803,ACCT202203,MERCH300143,deposit,119.89,web,2024-02-15 11:43:10,approved,False
TXN20240215004804,ACCT203234,MERCH300294,purchase,60.19,in_person,2024-02-15 04:46:48,approved,False
TXN20240215004805,ACCT202606,MERCH300126,purchase,51.67,in_person,2024-02-15 01:31:59,approved,False
TXN20240215004806,ACCT201238,MERCH300179,purchase,29.82,in_person,2024-02-15 05:02:26,approved,False
TXN20240215004807,ACCT203312,MERCH300206,purchase,32.72,in_person,2024-02-15 21:16:35,approved,False
TXN20240215004808,ACCT203780,MERCH300164,deposit,8.02,atm,2024-02-15 18:56:39,approved,False
TXN20240215004809,ACCT205758,MERCH300158,purchase,26.16,atm,2024-02-15 22:55:23,approved,False
TXN20240215004810,ACCT202130,MERCH300090,transfer,36.73,mobile,2024-02-15 06:05:48,declined,False
TXN20240215004811,ACCT204226,MERCH300142,withdrawal,37.52,in_person,2024-02-15 22:08:32,approved,False
TXN20240215004812,ACCT204623,MERCH300272,deposit,38.28,web,2024-02-15 17:18:48,approved,False
TXN20240215004813,ACCT201120,MERCH300012,purchase,86.74,web,2024-02-15 06:56:53,approved,False
TXN20240215004814,ACCT203952,MERCH300119,purchase,30.46,web,2024-02-15 02:23:05,declined,False
TXN20240215004815,ACCT200207,MERCH300268,purchase,73.99,in_person,2024-02-15 20:40:44,approved,False
TXN20240215004816,ACCT202357,MERCH300251,purchase,57.76,in_person,2024-02-15 22:14:17,approved,False
TXN20240215004817,ACCT200104,MERCH300100,purchase,7.19,web,2024-02-15 01:16:02,approved,True
TXN20240215004818,ACCT204334,MERCH300034,purchase,12.52,in_person,2024-02-15 18:34:08,approved,False
TXN20240215004819,ACCT200949,MERCH300267,purchase,17.3,mobile,2024-02-15 11:30:44,approved,False
TXN20240215004820,ACCT204907,MERCH300069,purchase,31.21,atm,2024-02-15 08:20:11,declined,False
TXN20240215004821,ACCT203670,MERCH300281,purchase,44.76,in_person,2024-02-15 20:59:09,approved,False
TXN20240215004822,ACCT204112,MERCH300040,purchase,65.68,in_person,2024-02-15 20:45:32,approved,False
TXN20240215004823,ACCT200861,MERCH300135,purchase,64.16,in_person,2024-02-15 08:59:52,approved,False
TXN20240215004824,ACCT202911,MERCH300076,purchase,36.59,mobile,2024-02-15 00:29:57,approved,True
TXN20240215004825,ACCT206160,MERCH300228,transfer,13.51,web,2024-02-15 10:26:09,approved,False
TXN20240215004826,ACCT203856,MERCH300039,purchase,8.45,in_person,2024-02-15 15:01:16,approved,False
TXN20240215004827,ACCT202574,MERCH300099,purchase,18.09,in_person,2024-02-15 12:57:23,approved,False
TXN20240215004828,ACCT201647,MERCH300209,withdrawal,29.2,in_person,2024-02-15 05:27:50,approved,False
TXN20240215004829,ACCT203038,MERCH300122,purchase,85.08,mobile,2024-02-15 17:11:56,approved,False
TXN20240215004830,ACCT204677,MERCH300211,purchase,52.52,web,2024-02-15 18:58:02,approved,False
TXN20240215004831,ACCT201856,MERCH300242,deposit,37.55,mobile,2024-02-15 19:04:53,approved,False
TXN20240215004832,ACCT200705,MERCH300253,purchase,20.35,in_person,2024-02-15 03:05:10,approved,False
TXN20240215004833,ACCT200252,MERCH300283,purchase,9.5,mobile,2024-02-15 19:06:05,declined,False
TXN20240215004834,ACCT204051,MERCH300108,deposit,10.39,atm,2024-02-15 04:47:32,approved,False
TXN20240215004835,ACCT204394,MERCH300279,purchase,13.89,in_person,2024-02-15 23:27:14,approved,False
TXN20240215004836,ACCT200592,MERCH300030,purchase,7.4,mobile,2024-02-15 04:40:21,approved,False
TXN20240215004837,ACCT205889,MERCH300131,purchase,26.18,web,2024-02-15 05:30:15,approved,False
TXN20240215004838,ACCT201977,MERCH300058,withdrawal,74.45,mobile,2024-02-15 16:15:19,approved,False
TXN20240215004839,ACCT204805,MERCH300054,transfer,21.57,mobile,2024-02-15 11:50:03,approved,False
TXN20240215004840,ACCT200608,MERCH300292,purchase,54.34,web,2024-02-15 14:55:08,approved,False
TXN20240215004841,ACCT204560,MERCH300125,purchase,24.48,in_person,2024-02-15 03:45:45,approved,False
TXN20240215004842,ACCT204745,MERCH300073,purchase,38.79,atm,2024-02-15 21:51:15,approved,False
TXN20240215004843,ACCT201608,MERCH300178,purchase,13.94,atm,2024-02-15 12:54:47,approved,False
TXN20240215004844,ACCT201269,MERCH300260,purchase,10.98,mobile,2024-02-15 17:35:28,approved,False
TXN20240215004845,ACCT202631,MERCH300183,purchase,30.88,mobile,2024-02-15 19:05:31,approved,False
TXN20240215004846,ACCT205071,MERCH300181,purchase,44.51,in_person,2024-02-15 12:34:50,approved,False
TXN20240215004847,ACCT203499,MERCH300075,purchase,25.6,in_person,2024-02-15 11:41:26,approved,False
TXN20240215004848,ACCT203691,MERCH300277,purchase,24.79,web,2024-02-15 00:55:28,approved,False
TXN20240215004849,ACCT205168,MERCH300178,purchase,21.28,atm,2024-02-15 12:36:33,approved,False
TXN20240215004850,ACCT200151,MERCH300036,purchase,41.77,atm,2024-02-15 13:05:44,approved,False
TXN20240215004851,ACCT201597,MERCH300145,purchase,19.68,in_person,2024-02-15 18:56:38,approved,False
TXN20240215004852,ACCT206474,MERCH300025,purchase,61.02,mobile,2024-02-15 17:22:28,approved,False
TXN20240215004853,ACCT206041,MERCH300254,withdrawal,74.0,atm,2024-02-15 08:28:04,approved,False
TXN20240215004854,ACCT202417,MERCH300095,purchase,22.4,in_person,2024-02-15 04:58:49,approved,False
TXN20240215004855,ACCT202349,MERCH300155,purchase,56.6,mobile,2024-02-15 17:25:57,approved,False
TXN20240215004856,ACCT200456,MERCH300167,withdrawal,44.19,web,2024-02-15 02:31:37,approved,False
TXN20240215004857,ACCT203598,MERCH300078,purchase,65.23,in_person,2024-02-15 14:10:44,approved,False
TXN20240215004858,ACCT202063,MERCH300111,purchase,14.59,in_person,2024-02-15 22:16:51,declined,False
TXN20240215004859,ACCT200427,MERCH300109,withdrawal,17.05,atm,2024-02-15 10:38:14,approved,False
TXN20240215004860,ACCT202676,MERCH300108,deposit,1.18,in_person,2024-02-15 23:26:02,approved,False
TXN20240215004861,ACCT201950,MERCH300232,purchase,30.57,atm,2024-02-15 13:49:54,approved,False
TXN20240215004862,ACCT204900,MERCH300133,purchase,23.52,mobile,2024-02-15 03:47:39,approved,False
TXN20240215004863,ACCT201652,MERCH300159,purchase,44.05,web,2024-02-15 02:26:25,approved,False
TXN20240215004864,ACCT206000,MERCH300252,purchase,52.92,in_person,2024-02-15 06:42:06,approved,False
TXN20240215004865,ACCT205311,MERCH300259,purchase,134.82,in_person,2024-02-15 10:46:49,approved,False
TXN20240215004866,ACCT204822,MERCH300150,purchase,113.07,atm,2024-02-15 12:34:48,approved,False
TXN20240215004867,ACCT206254,MERCH300063,purchase,19.09,in_person,2024-02-15 11:31:38,approved,False
TXN20240215004868,ACCT201050,MERCH300278,purchase,123.52,in_person,2024-02-15 11:03:37,approved,False
TXN20240215004869,ACCT204259,MERCH300180,purchase,102.34,in_person,2024-02-15 01:38:58,approved,False
TXN20240215004870,ACCT204976,MERCH300007,purchase,7.85,mobile,2024-02-15 19:34:16,approved,False
TXN20240215004871,ACCT205709,MERCH300017,withdrawal,155.99,in_person,2024-02-15 16:45:09,approved,False
TXN20240215004872,ACCT206353,MERCH300063,purchase,25.4,atm,2024-02-15 12:23:54,approved,False
TXN20240215004873,ACCT200360,MERCH300135,transfer,170.03,web,2024-02-15 06:28:43,approved,False
TXN20240215004874,ACCT200831,MERCH300156,purchase,17.0,web,2024-02-15 01:40:39,approved,False
TXN20240215004875,ACCT201502,MERCH300256,deposit,51.71,mobile,2024-02-15 10:53:51,approved,False
TXN20240215004876,ACCT205961,MERCH300284,purchase,35.36,web,2024-02-15 22:44:30,approved,False
TXN20240215004877,ACCT201459,MERCH300192,purchase,43.33,mobile,2024-02-15 23:34:59,approved,False
TXN20240215004878,ACCT203416,MERCH300122,purchase,25.92,in_person,2024-02-15 09:59:34,approved,False
TXN20240215004879,ACCT202678,MERCH300270,purchase,131.48,atm,2024-02-15 09:27:12,approved,False
TXN20240215004880,ACCT204819,MERCH300203,purchase,62.85,in_person,2024-02-15 22:19:01,approved,False
TXN20240215004881,ACCT206193,MERCH300223,purchase,8.88,atm,2024-02-15 21:16:02,approved,False
TXN20240215004882,ACCT203241,MERCH300282,withdrawal,41.0,mobile,2024-02-15 05:20:06,approved,False
TXN20240215004883,ACCT202198,MERCH300018,transfer,34.55,mobile,2024-02-15 10:34:01,approved,False
TXN20240215004884,ACCT205208,MERCH300022,withdrawal,26.62,web,2024-02-15 12:14:41,approved,False
TXN20240215004885,ACCT201880,MERCH300273,purchase,9.64,in_person,2024-02-15 20:52:41,approved,False
TXN20240215004886,ACCT202310,MERCH300108,deposit,6.49,in_person,2024-02-15 23:06:35,approved,False
TXN20240215004887,ACCT201265,MERCH300216,purchase,16.22,in_person,2024-02-15 08:00:32,approved,False
TXN20240215004888,ACCT205944,MERCH300237,withdrawal,42.99,in_person,2024-02-15 03:04:43,approved,False
TXN20240215004889,ACCT204913,MERCH300224,purchase,17.05,in_person,2024-02-15 14:47:18,approved,False
TXN20240215004890,ACCT202750,MERCH300099,withdrawal,13.95,web,2024-02-15 13:09:10,approved,False
TXN20240215004891,ACCT200070,MERCH300249,purchase,33.17,web,2024-02-15 05:08:41,declined,False
TXN20240215004892,ACCT201348,MERCH300096,purchase,174.16,mobile,2024-02-15 02:27:30,approved,False
TXN20240215004893,ACCT200822,MERCH300055,purchase,57.06,in_person,2024-02-15 09:03:40,approved,False
TXN20240215004894,ACCT206200,MERCH300064,transfer,18.43,atm,2024-02-15 06:18:24,approved,False
TXN20240215004895,ACCT200006,MERCH300065,transfer,766.88,in_person,2024-02-15 06:46:10,approved,False
TXN20240215004896,ACCT204899,MERCH300177,purchase,4.69,in_person,2024-02-15 09:09:52,approved,False
TXN20240215004897,ACCT200113,MERCH300040,deposit,13.9,in_person,2024-02-15 13:27:55,approved,False
TXN20240215004898,ACCT200637,MERCH300047,withdrawal,147.6,mobile,2024-02-15 06:53:47,approved,False
TXN20240215004899,ACCT201633,MERCH300132,purchase,27.4,in_person,2024-02-15 19:54:12,approved,False
TXN20240215004900,ACCT201711,MERCH300084,purchase,70.36,atm,2024-02-15 01:28:16,approved,False
TXN20240215004901,ACCT204902,MERCH300015,purchase,17.03,atm,2024-02-15 19:54:25,approved,False
TXN20240215004902,ACCT203042,MERCH300018,purchase,61.01,in_person,2024-02-15 03:46:41,approved,False
TXN20240215004903,ACCT201242,MERCH300091,purchase,26.23,in_person,2024-02-15 02:24:01,approved,False
TXN20240215004904,ACCT203975,MERCH300265,purchase,141.14,in_person,2024-02-15 00:42:55,approved,False
TXN20240215004905,ACCT203552,MERCH300280,purchase,27.61,in_person,2024-02-15 20:45:06,approved,False
TXN20240215004906,ACCT204716,MERCH300047,purchase,27.29,mobile,2024-02-15 16:40:38,approved,False
TXN20240215004907,ACCT205451,MERCH300085,purchase,35.71,in_person,2024-02-15 07:23:12,approved,False
TXN20240215004908,ACCT201419,MERCH300214,purchase,18.5,in_person,2024-02-15 09:30:45,approved,False
TXN20240215004909,ACCT203462,MERCH300273,purchase,18.43,mobile,2024-02-15 02:36:46,declined,False
TXN20240215004910,ACCT201063,MERCH300097,purchase,24.87,in_person,2024-02-15 02:42:40,approved,False
TXN20240215004911,ACCT202472,MERCH300002,purchase,35.04,mobile,2024-02-15 07:56:39,approved,False
TXN20240215004912,ACCT202047,MERCH300160,purchase,15.62,mobile,2024-02-15 03:54:49,approved,False
TXN20240215004913,ACCT201904,MERCH300278,purchase,73.28,in_person,2024-02-15 08:52:51,approved,False
TXN20240215004914,ACCT205940,MERCH300260,purchase,5.65,mobile,2024-02-15 04:02:57,approved,False
TXN20240215004915,ACCT203927,MERCH300178,purchase,15.79,in_person,2024-02-15 18:35:35,approved,False
TXN20240215004916,ACCT201633,MERCH300283,purchase,32.47,web,2024-02-15 22:24:08,approved,False
TXN20240215004917,ACCT204765,MERCH300188,purchase,10.84,web,2024-02-15 19:15:44,approved,False
TXN20240215004918,ACCT202933,MERCH300240,purchase,94.23,mobile,2024-02-15 21:36:05,approved,False
TXN20240215004919,ACCT201584,MERCH300093,withdrawal,26.53,in_person,2024-02-15 15:55:06,approved,False
TXN20240215004920,ACCT206256,MERCH300288,purchase,44.89,web,2024-02-15 00:15:00,approved,False
TXN20240215004921,ACCT200615,MERCH300025,purchase,460.3,atm,2024-02-15 16:23:29,approved,False
TXN20240215004922,ACCT200172,MERCH300294,withdrawal,73.53,in_person,2024-02-15 10:07:14,approved,False
TXN20240215004923,ACCT204695,MERCH300103,withdrawal,50.58,in_person,2024-02-15 22:16:53,approved,False
TXN20240215004924,ACCT203226,MERCH300241,purchase,25.04,mobile,2024-02-15 23:15:52,approved,False
TXN20240215004925,ACCT202256,MERCH300072,deposit,23.95,web,2024-02-15 13:17:58,approved,False
TXN20240215004926,ACCT206394,MERCH300152,purchase,37.97,mobile,2024-02-15 05:32:15,approved,False
TXN20240215004927,ACCT204681,MERCH300020,purchase,72.93,web,2024-02-15 21:37:58,reversed,False
TXN20240215004928,ACCT205763,MERCH300252,withdrawal,86.53,mobile,2024-02-15 21:55:01,approved,False
TXN20240215004929,ACCT204263,MERCH300216,withdrawal,36.4,in_person,2024-02-15 18:53:08,approved,False
TXN20240215004930,ACCT200987,MERCH300119,purchase,46.37,mobile,2024-02-15 12:40:43,approved,False
TXN20240215004931,ACCT205394,MERCH300263,purchase,75.86,mobile,2024-02-15 20:54:15,approved,False
TXN20240215004932,ACCT205831,MERCH300233,transfer,59.0,atm,2024-02-15 20:29:46,approved,True
TXN20240215004933,ACCT203396,MERCH300242,transfer,13.53,atm,2024-02-15 05:31:58,approved,False
TXN20240215004934,ACCT205491,MERCH300290,transfer,47.08,web,2024-02-15 01:26:50,approved,False
TXN20240215004935,ACCT202323,MERCH300020,purchase,27.78,atm,2024-02-15 21:32:23,declined,False
TXN20240215004936,ACCT201721,MERCH300019,deposit,60.3,web,2024-02-15 23:05:22,approved,False
TXN20240215004937,ACCT201787,MERCH300223,purchase,51.67,in_person,2024-02-15 21:14:40,approved,False
TXN20240215004938,ACCT201913,MERCH300210,purchase,53.76,in_person,2024-02-15 21:16:13,reversed,False
TXN20240215004939,ACCT203078,MERCH300101,purchase,38.05,web,2024-02-15 02:04:10,approved,False
TXN20240215004940,ACCT205386,MERCH300271,deposit,14.48,atm,2024-02-15 05:56:47,approved,False
TXN20240215004941,ACCT204307,MERCH300132,withdrawal,41.66,in_person,2024-02-15 20:45:12,approved,False
TXN20240215004942,ACCT200955,MERCH300122,transfer,4.87,web,2024-02-15 05:56:31,approved,False
TXN20240215004943,ACCT201968,MERCH300099,withdrawal,44.69,mobile,2024-02-15 12:03:57,approved,False
TXN20240215004944,ACCT201469,MERCH300182,purchase,48.72,mobile,2024-02-15 14:01:37,approved,False
TXN20240215004945,ACCT203112,MERCH300082,purchase,20.3,atm,2024-02-15 06:21:06,approved,False
TXN20240215004946,ACCT200471,MERCH300025,purchase,5.05,web,2024-02-15 21:21:27,approved,False
TXN20240215004947,ACCT204969,MERCH300117,withdrawal,11.95,in_person,2024-02-15 05:59:43,approved,False
TXN20240215004948,ACCT201099,MERCH300199,purchase,15.22,web,2024-02-15 00:19:58,approved,False
TXN20240215004949,ACCT204042,MERCH300029,purchase,107.59,web,2024-02-15 12:46:42,approved,False
TXN20240215004950,ACCT205878,MERCH300217,purchase,162.67,web,2024-02-15 22:10:22,approved,False
TXN20240215004951,ACCT204840,MERCH300278,purchase,91.99,mobile,2024-02-15 17:01:34,approved,False
TXN20240215004952,ACCT203546,MERCH300099,purchase,31.53,mobile,2024-02-15 19:31:19,approved,False
TXN20240215004953,ACCT202653,MERCH300015,purchase,31.43,mobile,2024-02-15 10:43:32,approved,False
TXN20240215004954,ACCT201365,MERCH300209,purchase,9.49,web,2024-02-15 06:27:34,approved,False
TXN20240215004955,ACCT204228,MERCH300066,purchase,17.95,web,2024-02-15 21:58:53,approved,False
TXN20240215004956,ACCT206249,MERCH300016,withdrawal,53.85,in_person,2024-02-15 01:10:55,approved,False
TXN20240215004957,ACCT204812,MERCH300236,transfer,43.78,web,2024-02-15 12:32:31,declined,False
TXN20240215004958,ACCT200027,MERCH300256,purchase,110.38,mobile,2024-02-15 20:09:41,approved,False
TXN20240215004959,ACCT201807,MERCH300040,withdrawal,36.04,web,2024-02-15 10:51:39,approved,False
TXN20240215004960,ACCT200374,MERCH300197,withdrawal,39.16,in_person,2024-02-15 22:16:24,approved,False
TXN20240215004961,ACCT202171,MERCH300016,purchase,50.82,in_person,2024-02-15 01:09:39,approved,False
TXN20240215004962,ACCT202484,MERCH300203,deposit,59.27,web,2024-02-15 10:05:29,approved,False
TXN20240215004963,ACCT205386,MERCH300053,deposit,23.97,web,2024-02-15 03:13:47,approved,False
TXN20240215004964,ACCT202666,MERCH300124,purchase,57.47,mobile,2024-02-15 16:31:14,approved,False
TXN20240215004965,ACCT201304,MERCH300079,purchase,63.97,in_person,2024-02-15 02:50:09,approved,False
TXN20240215004966,ACCT205448,MERCH300161,purchase,108.42,mobile,2024-02-15 09:25:11,approved,False
TXN20240215004967,ACCT205560,MERCH300219,deposit,131.99,mobile,2024-02-15 14:48:39,approved,False
TXN20240215004968,ACCT205396,MERCH300096,purchase,11.31,web,2024-02-15 19:23:12,approved,False
TXN20240215004969,ACCT202378,MERCH300131,purchase,86.46,web,2024-02-15 08:36:06,approved,False
TXN20240215004970,ACCT206181,MERCH300108,transfer,25.73,mobile,2024-02-15 04:59:31,approved,False
TXN20240215004971,ACCT204031,MERCH300084,purchase,265.73,atm,2024-02-15 16:34:05,approved,False
TXN20240215004972,ACCT206387,MERCH300028,transfer,53.83,in_person,2024-02-15 13:10:48,approved,False
TXN20240215004973,ACCT205764,MERCH300245,purchase,33.14,mobile,2024-02-15 22:31:32,approved,False
TXN20240215004974,ACCT205905,MERCH300282,purchase,16.49,mobile,2024-02-15 01:08:09,approved,False
TXN20240215004975,ACCT204941,MERCH300083,purchase,8.82,web,2024-02-15 03:52:52,approved,False
TXN20240215004976,ACCT204477,MERCH300214,purchase,28.29,mobile,2024-02-15 21:10:26,approved,False
TXN20240215004977,ACCT205631,MERCH300020,purchase,20.64,web,2024-02-15 19:01:37,approved,False
TXN20240215004978,ACCT201521,MERCH300183,purchase,108.68,mobile,2024-02-15 04:07:22,approved,False
TXN20240215004979,ACCT205576,MERCH300019,purchase,30.93,mobile,2024-02-15 21:26:00,approved,False
TXN20240215004980,ACCT202987,MERCH300204,purchase,77.09,in_person,2024-02-15 10:37:56,approved,False
TXN20240215004981,ACCT206430,MERCH300106,purchase,27.96,mobile,2024-02-15 10:30:01,reversed,False
TXN20240215004982,ACCT200633,MERCH300253,transfer,45.68,web,2024-02-15 15:10:35,approved,False
TXN20240215004983,ACCT205184,MERCH300125,transfer,88.81,web,2024-02-15 14:53:29,approved,False
TXN20240215004984,ACCT206415,MERCH300244,purchase,56.5,atm,2024-02-15 01:46:08,approved,False
TXN20240215004985,ACCT206100,MERCH300071,purchase,42.3,web,2024-02-15 08:52:02,approved,False
TXN20240215004986,ACCT203670,MERCH300055,purchase,60.84,in_person,2024-02-15 06:50:50,approved,False
TXN20240215004987,ACCT203461,MERCH300190,purchase,77.83,in_person,2024-02-15 18:44:26,approved,False
TXN20240215004988,ACCT203792,MERCH300151,deposit,57.1,web,2024-02-15 10:59:13,approved,False
TXN20240215004989,ACCT202185,MERCH300173,withdrawal,22.16,in_person,2024-02-15 03:02:22,approved,False
TXN20240215004990,ACCT206461,MERCH300175,transfer,4.31,in_person,2024-02-15 12:27:11,approved,False
TXN20240215004991,ACCT204168,MERCH300187,purchase,122.52,in_person,2024-02-15 06:39:59,approved,False
TXN20240215004992,ACCT204397,MERCH300002,transfer,19.15,web,2024-02-15 08:48:52,approved,False
TXN20240215004993,ACCT206099,MERCH300253,purchase,15.36,mobile,2024-02-15 15:01:51,approved,False
TXN20240215004994,ACCT203478,MERCH300053,purchase,188.11,in_person,2024-02-15 03:28:31,approved,False
TXN20240215004995,ACCT202299,MERCH300212,transfer,40.11,atm,2024-02-15 12:50:37,approved,False
TXN20240215004996,ACCT205951,MERCH300249,purchase,44.17,atm,2024-02-15 07:40:02,approved,False
TXN20240215004997,ACCT202104,MERCH300250,purchase,83.22,in_person,2024-02-15 12:26:03,approved,False
TXN20240215004998,ACCT206095,MERCH300165,purchase,124.27,atm,2024-02-15 12:36:52,approved,False
TXN20240215004999,ACCT201896,MERCH300014,purchase,11.95,web,2024-02-15 20:09:17,approved,False
TXN20240215005000,ACCT200671,MERCH300280,withdrawal,39.91,atm,2024-02-15 16:10:29,approved,False
TXN20240215005001,ACCT206054,MERCH300180,purchase,46.04,in_person,2024-02-15 18:38:58,approved,False
TXN20240215005002,ACCT205684,MERCH300104,withdrawal,24.71,web,2024-02-15 00:33:15,approved,False
TXN20240215005003,ACCT204716,MERCH300228,purchase,82.07,in_person,2024-02-15 05:12:45,approved,False
TXN20240215005004,ACCT203702,MERCH300039,purchase,38.84,web,2024-02-15 21:40:20,declined,False
TXN20240215005005,ACCT203771,MERCH300198,transfer,47.26,in_person,2024-02-15 09:18:09,approved,False
TXN20240215005006,ACCT204229,MERCH300021,purchase,51.2,web,2024-02-15 09:33:50,approved,False
TXN20240215005007,ACCT203469,MERCH300187,transfer,21.41,in_person,2024-02-15 07:47:13,approved,False
TXN20240215005008,ACCT202365,MERCH300185,deposit,21.95,web,2024-02-15 08:48:56,approved,False
TXN20240215005009,ACCT200435,MERCH300034,purchase,65.11,web,2024-02-15 06:23:12,approved,False
TXN20240215005010,ACCT202974,MERCH300225,purchase,106.29,in_person,2024-02-15 10:17:55,approved,False
TXN20240215005011,ACCT204738,MERCH300208,purchase,9.23,in_person,2024-02-15 17:44:37,declined,False
TXN20240215005012,ACCT201755,MERCH300181,deposit,42.39,web,2024-02-15 16:12:14,approved,False
TXN20240215005013,ACCT204688,MERCH300016,purchase,55.32,web,2024-02-15 05:48:43,declined,False
TXN20240215005014,ACCT204096,MERCH300261,purchase,41.04,web,2024-02-15 09:21:18,approved,False
TXN20240215005015,ACCT205553,MERCH300201,transfer,147.1,web,2024-02-15 19:25:20,approved,False
TXN20240215005016,ACCT200386,MERCH300065,transfer,7.67,mobile,2024-02-15 09:21:52,approved,False
TXN20240215005017,ACCT206357,MERCH300170,purchase,44.93,web,2024-02-15 12:47:28,approved,False
TXN20240215005018,ACCT204650,MERCH300293,purchase,185.12,atm,2024-02-15 10:11:45,approved,False
TXN20240215005019,ACCT202280,MERCH300039,withdrawal,13.13,mobile,2024-02-15 01:43:56,approved,False
TXN20240215005020,ACCT202489,MERCH300171,purchase,61.43,in_person,2024-02-15 11:58:20,approved,False
TXN20240215005021,ACCT201647,MERCH300117,transfer,137.33,web,2024-02-15 16:50:26,approved,False
TXN20240215005022,ACCT202112,MERCH300210,transfer,9.52,mobile,2024-02-15 22:17:16,reversed,False
TXN20240215005023,ACCT201589,MERCH300244,deposit,18.04,web,2024-02-15 08:37:21,approved,False
TXN20240215005024,ACCT203182,MERCH300183,purchase,30.14,in_person,2024-02-15 10:45:01,approved,False
TXN20240215005025,ACCT203616,MERCH300102,purchase,8.01,mobile,2024-02-15 22:50:39,approved,False
TXN20240215005026,ACCT200452,MERCH300275,purchase,35.97,in_person,2024-02-15 16:43:49,declined,False
TXN20240215005027,ACCT201156,MERCH300014,purchase,92.42,in_person,2024-02-15 15:39:36,approved,False
TXN20240215005028,ACCT201199,MERCH300042,purchase,27.48,in_person,2024-02-15 01:37:32,approved,False
TXN20240215005029,ACCT202443,MERCH300248,purchase,23.7,atm,2024-02-15 00:16:19,approved,False
TXN20240215005030,ACCT201794,MERCH300244,purchase,107.9,web,2024-02-15 11:06:23,approved,False
TXN20240215005031,ACCT201248,MERCH300043,purchase,113.99,mobile,2024-02-15 17:55:53,approved,True
TXN20240215005032,ACCT204511,MERCH300117,transfer,82.27,in_person,2024-02-15 04:01:18,approved,False
TXN20240215005033,ACCT201114,MERCH300019,purchase,22.44,web,2024-02-15 07:41:41,approved,False
TXN20240215005034,ACCT206316,MERCH300165,purchase,35.69,mobile,2024-02-15 03:36:50,approved,False
TXN20240215005035,ACCT205704,MERCH300150,withdrawal,94.92,web,2024-02-15 01:04:37,approved,False
TXN20240215005036,ACCT206198,MERCH300009,transfer,24.41,mobile,2024-02-15 19:58:30,approved,False
TXN20240215005037,ACCT200271,MERCH300167,purchase,35.85,mobile,2024-02-15 16:15:09,approved,False
TXN20240215005038,ACCT204920,MERCH300038,purchase,14.0,web,2024-02-15 23:36:18,approved,False
TXN20240215005039,ACCT206178,MERCH300189,purchase,353.91,in_person,2024-02-15 11:00:25,approved,False
TXN20240215005040,ACCT202988,MERCH300171,purchase,14.0,atm,2024-02-15 12:02:31,approved,False
TXN20240215005041,ACCT203817,MERCH300105,purchase,39.94,web,2024-02-15 21:07:12,approved,False
TXN20240215005042,ACCT202227,MERCH300238,purchase,45.53,in_person,2024-02-15 13:42:03,approved,False
TXN20240215005043,ACCT201240,MERCH300295,deposit,76.39,web,2024-02-15 04:05:44,approved,False
TXN20240215005044,ACCT204598,MERCH300046,purchase,17.8,in_person,2024-02-15 09:40:45,approved,False
TXN20240215005045,ACCT200982,MERCH300109,transfer,45.97,in_person,2024-02-15 04:06:30,approved,False
TXN20240215005046,ACCT200526,MERCH300138,purchase,42.34,mobile,2024-02-15 10:24:44,approved,False
TXN20240215005047,ACCT206390,MERCH300106,purchase,36.39,web,2024-02-15 13:19:38,approved,False
TXN20240215005048,ACCT204251,MERCH300244,purchase,44.4,in_person,2024-02-15 23:16:03,approved,False
TXN20240215005049,ACCT205305,MERCH300075,transfer,9.99,mobile,2024-02-15 06:30:43,approved,False
TXN20240215005050,ACCT205935,MERCH300220,deposit,46.67,web,2024-02-15 17:21:23,approved,False
TXN20240215005051,ACCT205430,MERCH300027,purchase,6.19,in_person,2024-02-15 10:14:23,approved,False
TXN20240215005052,ACCT200037,MERCH300060,purchase,12.31,mobile,2024-02-15 01:18:32,approved,False
TXN20240215005053,ACCT204474,MERCH300129,purchase,131.54,in_person,2024-02-15 20:34:16,approved,True
TXN20240215005054,ACCT203916,MERCH300056,purchase,46.01,in_person,2024-02-15 20:04:10,approved,False
TXN20240215005055,ACCT201692,MERCH300179,purchase,118.9,mobile,2024-02-15 22:43:07,approved,False
TXN20240215005056,ACCT202130,MERCH300076,purchase,15.24,in_person,2024-02-15 12:35:24,approved,False
TXN20240215005057,ACCT201430,MERCH300298,purchase,16.71,in_person,2024-02-15 16:22:14,approved,False
TXN20240215005058,ACCT203456,MERCH300030,purchase,179.56,web,2024-02-15 10:19:20,approved,False
TXN20240215005059,ACCT201467,MERCH300086,transfer,14.51,in_person,2024-02-15 05:17:14,approved,False
TXN20240215005060,ACCT201104,MERCH300273,transfer,41.62,in_person,2024-02-15 02:25:56,approved,False
TXN20240215005061,ACCT200523,MERCH300244,purchase,6.23,mobile,2024-02-15 01:34:18,approved,False
TXN20240215005062,ACCT205200,MERCH300203,purchase,167.7,web,2024-02-15 02:11:23,approved,False
TXN20240215005063,ACCT205324,MERCH300281,purchase,11.29,in_person,2024-02-15 13:04:10,approved,False
TXN20240215005064,ACCT200106,MERCH300152,purchase,11.85,in_person,2024-02-15 06:23:19,approved,False
TXN20240215005065,ACCT203355,MERCH300003,transfer,38.82,mobile,2024-02-15 19:13:19,declined,False
TXN20240215005066,ACCT201261,MERCH300258,transfer,50.3,mobile,2024-02-15 02:17:09,approved,False
TXN20240215005067,ACCT202795,MERCH300211,withdrawal,44.58,mobile,2024-02-15 17:05:37,approved,False
TXN20240215005068,ACCT202541,MERCH300049,purchase,29.05,in_person,2024-02-15 07:48:20,approved,False
TXN20240215005069,ACCT203219,MERCH300174,purchase,92.33,in_person,2024-02-15 15:06:47,approved,False
TXN20240215005070,ACCT201574,MERCH300107,deposit,29.35,in_person,2024-02-15 15:04:45,approved,False
TXN20240215005071,ACCT204554,MERCH300094,purchase,52.67,mobile,2024-02-15 17:05:36,reversed,False
TXN20240215005072,ACCT200037,MERCH300024,purchase,151.94,web,2024-02-15 13:55:29,approved,False
TXN20240215005073,ACCT202612,MERCH300007,deposit,144.64,web,2024-02-15 06:57:34,approved,False
TXN20240215005074,ACCT200253,MERCH300170,purchase,34.91,web,2024-02-15 21:47:26,approved,False
TXN20240215005075,ACCT200062,MERCH300277,deposit,90.98,atm,2024-02-15 18:42:01,approved,False
TXN20240215005076,ACCT206290,MERCH300078,purchase,24.04,atm,2024-02-15 13:26:37,approved,False
TXN20240215005077,ACCT206377,MERCH300191,purchase,23.48,in_person,2024-02-15 10:27:01,approved,False
TXN20240215005078,ACCT204199,MERCH300204,purchase,39.1,web,2024-02-15 16:17:06,approved,False
TXN20240215005079,ACCT203964,MERCH300191,purchase,64.17,mobile,2024-02-15 11:36:52,approved,False
TXN20240215005080,ACCT203446,MERCH300130,purchase,28.25,in_person,2024-02-15 20:52:17,approved,False
TXN20240215005081,ACCT200452,MERCH300295,withdrawal,45.83,in_person,2024-02-15 11:15:36,approved,False
TXN20240215005082,ACCT204588,MERCH300062,purchase,20.68,web,2024-02-15 04:25:15,approved,True
TXN20240215005083,ACCT200569,MERCH300245,purchase,16.27,in_person,2024-02-15 07:41:32,approved,False
TXN20240215005084,ACCT204523,MERCH300159,purchase,31.58,web,2024-02-15 17:03:16,approved,False
TXN20240215005085,ACCT202883,MERCH300267,transfer,281.81,web,2024-02-15 23:18:55,reversed,False
TXN20240215005086,ACCT203071,MERCH300259,purchase,87.03,web,2024-02-15 05:43:14,approved,False
TXN20240215005087,ACCT202030,MERCH300196,purchase,70.3,mobile,2024-02-15 02:12:23,approved,False
TXN20240215005088,ACCT204206,MERCH300274,purchase,79.42,in_person,2024-02-15 11:15:45,approved,False
TXN20240215005089,ACCT205837,MERCH300102,transfer,6.05,in_person,2024-02-15 03:50:30,approved,False
TXN20240215005090,ACCT200925,MERCH300298,transfer,94.79,mobile,2024-02-15 02:57:21,approved,False
TXN20240215005091,ACCT201413,MERCH300045,purchase,33.06,web,2024-02-15 10:06:12,approved,False
TXN20240215005092,ACCT203880,MERCH300283,purchase,5.29,atm,2024-02-15 18:13:43,approved,False
TXN20240215005093,ACCT205692,MERCH300156,purchase,70.68,in_person,2024-02-15 13:04:43,approved,False
TXN20240215005094,ACCT206000,MERCH300035,purchase,35.17,mobile,2024-02-15 01:01:47,approved,False
TXN20240215005095,ACCT202194,MERCH300129,purchase,77.84,in_person,2024-02-15 07:56:39,approved,False
TXN20240215005096,ACCT205918,MERCH300137,withdrawal,56.9,mobile,2024-02-15 00:34:10,declined,False
TXN20240215005097,ACCT206233,MERCH300013,purchase,30.88,in_person,2024-02-15 09:10:54,approved,False
TXN20240215005098,ACCT206159,MERCH300223,purchase,6.03,in_person,2024-02-15 21:25:44,approved,False
TXN20240215005099,ACCT204294,MERCH300177,purchase,31.23,web,2024-02-15 12:31:06,approved,False
TXN20240215005100,ACCT205782,MERCH300152,purchase,80.36,mobile,2024-02-15 20:08:55,approved,False
TXN20240215005101,ACCT202792,MERCH300280,withdrawal,57.21,in_person,2024-02-15 19:48:47,approved,False
TXN20240215005102,ACCT205974,MERCH300206,purchase,21.99,in_person,2024-02-15 07:29:09,approved,False
TXN20240215005103,ACCT206060,MERCH300280,purchase,4.03,web,2024-02-15 17:50:01,approved,False
TXN20240215005104,ACCT205433,MERCH300190,purchase,50.24,in_person,2024-02-15 16:19:53,approved,False
TXN20240215005105,ACCT201920,MERCH300157,purchase,52.79,web,2024-02-15 08:16:16,approved,False
TXN20240215005106,ACCT205191,MERCH300007,transfer,45.28,in_person,2024-02-15 02:41:54,approved,False
TXN20240215005107,ACCT205912,MERCH300066,purchase,46.87,web,2024-02-15 16:39:01,approved,False
TXN20240215005108,ACCT200102,MERCH300124,transfer,23.66,in_person,2024-02-15 13:20:39,approved,False
TXN20240215005109,ACCT204834,MERCH300070,withdrawal,24.82,mobile,2024-02-15 18:50:06,approved,False
TXN20240215005110,ACCT204798,MERCH300180,purchase,40.73,mobile,2024-02-15 05:07:20,approved,False
TXN20240215005111,ACCT203898,MERCH300093,transfer,25.8,web,2024-02-15 06:50:08,approved,False
TXN20240215005112,ACCT205722,MERCH300030,purchase,102.29,in_person,2024-02-15 18:51:47,approved,False
TXN20240215005113,ACCT200230,MERCH300187,purchase,92.3,web,2024-02-15 15:59:51,approved,False
TXN20240215005114,ACCT201856,MERCH300039,purchase,43.71,in_person,2024-02-15 14:31:39,approved,False
TXN20240215005115,ACCT206203,MERCH300072,transfer,16.97,in_person,2024-02-15 19:15:18,approved,False
TXN20240215005116,ACCT205262,MERCH300042,purchase,95.1,in_person,2024-02-15 05:01:05,approved,False
TXN20240215005117,ACCT205840,MERCH300271,purchase,16.83,in_person,2024-02-15 17:14:11,approved,False
TXN20240215005118,ACCT203872,MERCH300141,deposit,26.35,mobile,2024-02-15 13:39:22,approved,False
TXN20240215005119,ACCT206012,MERCH300056,transfer,70.72,mobile,2024-02-15 09:45:47,approved,False
TXN20240215005120,ACCT201282,MERCH300012,withdrawal,7.31,web,2024-02-15 16:58:27,approved,False
TXN20240215005121,ACCT205466,MERCH300067,purchase,29.72,web,2024-02-15 21:31:48,approved,False
TXN20240215005122,ACCT200666,MERCH300282,purchase,148.56,atm,2024-02-15 19:34:48,approved,False
TXN20240215005123,ACCT206212,MERCH300161,deposit,33.11,mobile,2024-02-15 22:34:15,approved,False
TXN20240215005124,ACCT200744,MERCH300123,transfer,280.69,in_person,2024-02-15 14:44:06,approved,False
TXN20240215005125,ACCT202605,MERCH300228,transfer,26.41,in_person,2024-02-15 15:19:12,approved,False
TXN20240215005126,ACCT204795,MERCH300124,withdrawal,20.72,atm,2024-02-15 07:50:27,approved,False
TXN20240215005127,ACCT203190,MERCH300112,purchase,69.75,web,2024-02-15 06:43:39,approved,False
TXN20240215005128,ACCT206036,MERCH300290,purchase,42.12,mobile,2024-02-15 20:19:48,approved,False
TXN20240215005129,ACCT202248,MERCH300243,purchase,34.39,web,2024-02-15 07:22:26,approved,False
TXN20240215005130,ACCT204474,MERCH300081,purchase,85.53,web,2024-02-15 19:41:24,approved,False
TXN20240215005131,ACCT200140,MERCH300135,deposit,6.34,web,2024-02-15 15:27:35,approved,False
TXN20240215005132,ACCT202509,MERCH300136,purchase,57.6,mobile,2024-02-15 21:10:31,approved,False
TXN20240215005133,ACCT205296,MERCH300005,withdrawal,10.09,web,2024-02-15 04:34:50,approved,False
TXN20240215005134,ACCT203236,MERCH300270,purchase,80.77,web,2024-02-15 16:55:26,approved,False
TXN20240215005135,ACCT200117,MERCH300280,purchase,22.7,mobile,2024-02-15 00:44:07,approved,False
TXN20240215005136,ACCT202757,MERCH300183,transfer,38.77,in_person,2024-02-15 03:37:18,approved,False
TXN20240215005137,ACCT206143,MERCH300064,purchase,28.53,web,2024-02-15 04:27:16,approved,False
TXN20240215005138,ACCT204626,MERCH300084,purchase,85.03,web,2024-02-15 23:14:23,approved,False
TXN20240215005139,ACCT201536,MERCH300133,withdrawal,17.65,web,2024-02-15 03:18:27,approved,False
TXN20240215005140,ACCT200549,MERCH300049,purchase,23.01,web,2024-02-15 19:26:51,approved,False
TXN20240215005141,ACCT206071,MERCH300294,withdrawal,39.51,web,2024-02-15 03:52:03,approved,False
TXN20240215005142,ACCT206054,MERCH300193,purchase,213.56,web,2024-02-15 17:53:05,approved,False
TXN20240215005143,ACCT203084,MERCH300107,purchase,48.99,web,2024-02-15 21:49:13,approved,False
TXN20240215005144,ACCT200552,MERCH300088,transfer,71.19,mobile,2024-02-15 07:33:53,approved,False
TXN20240215005145,ACCT203188,MERCH300134,purchase,24.25,in_person,2024-02-15 06:08:28,approved,False
TXN20240215005146,ACCT206452,MERCH300224,purchase,38.1,in_person,2024-02-15 04:06:04,approved,False
TXN20240215005147,ACCT202068,MERCH300108,purchase,71.87,in_person,2024-02-15 11:05:58,approved,False
TXN20240215005148,ACCT204212,MERCH300270,purchase,53.26,in_person,2024-02-15 12:34:57,approved,False
TXN20240215005149,ACCT200937,MERCH300297,purchase,543.31,mobile,2024-02-15 21:36:25,approved,False
TXN20240215005150,ACCT203684,MERCH300097,purchase,18.25,mobile,2024-02-15 14:36:54,approved,False
TXN20240215005151,ACCT205814,MERCH300161,purchase,16.66,mobile,2024-02-15 22:30:22,approved,False
TXN20240215005152,ACCT200298,MERCH300130,deposit,8.35,in_person,2024-02-15 21:04:44,approved,False
TXN20240215005153,ACCT202989,MERCH300229,purchase,23.87,web,2024-02-15 16:01:34,approved,False
TXN20240215005154,ACCT204438,MERCH300285,purchase,40.09,web,2024-02-15 18:39:57,approved,False
TXN20240215005155,ACCT202797,MERCH300234,withdrawal,80.2,in_person,2024-02-15 07:45:53,approved,False
TXN20240215005156,ACCT203258,MERCH300072,purchase,52.61,mobile,2024-02-15 19:36:30,approved,False
TXN20240215005157,ACCT200942,MERCH300100,transfer,23.13,mobile,2024-02-15 07:25:33,approved,False
TXN20240215005158,ACCT201009,MERCH300218,purchase,56.19,mobile,2024-02-15 16:12:27,approved,False
TXN20240215005159,ACCT204593,MERCH300083,purchase,47.85,in_person,2024-02-15 23:07:02,approved,False
TXN20240215005160,ACCT203504,MERCH300107,purchase,26.51,mobile,2024-02-15 11:19:31,approved,False
TXN20240215005161,ACCT205872,MERCH300091,purchase,54.4,in_person,2024-02-15 19:54:46,approved,False
TXN20240215005162,ACCT205572,MERCH300110,withdrawal,83.21,mobile,2024-02-15 02:44:39,approved,False
TXN20240215005163,ACCT201418,MERCH300079,purchase,8.15,in_person,2024-02-15 23:08:49,approved,False
TXN20240215005164,ACCT201096,MERCH300115,purchase,8.31,web,2024-02-15 11:47:05,approved,False
TXN20240215005165,ACCT202259,MERCH300180,withdrawal,12.02,atm,2024-02-15 16:28:08,approved,False
TXN20240215005166,ACCT206430,MERCH300216,purchase,12.49,in_person,2024-02-15 11:30:15,declined,False
TXN20240215005167,ACCT201097,MERCH300237,deposit,10.66,mobile,2024-02-15 03:14:56,approved,False
TXN20240215005168,ACCT200199,MERCH300266,purchase,45.76,web,2024-02-15 14:21:26,approved,False
TXN20240215005169,ACCT205213,MERCH300249,transfer,55.49,web,2024-02-15 03:18:15,approved,False
TXN20240215005170,ACCT200061,MERCH300202,withdrawal,21.94,web,2024-02-15 19:17:09,reversed,False
TXN20240215005171,ACCT205471,MERCH300146,purchase,143.47,web,2024-02-15 00:46:31,approved,True
TXN20240215005172,ACCT204718,MERCH300170,purchase,34.42,in_person,2024-02-15 12:02:23,approved,False
TXN20240215005173,ACCT201330,MERCH300026,deposit,142.36,mobile,2024-02-15 06:23:41,declined,False
TXN20240215005174,ACCT205277,MERCH300221,purchase,136.81,web,2024-02-15 14:31:51,approved,False
TXN20240215005175,ACCT202299,MERCH300272,withdrawal,41.72,web,2024-02-15 06:07:24,approved,False
TXN20240215005176,ACCT200052,MERCH300077,deposit,49.63,in_person,2024-02-15 15:20:01,approved,False
TXN20240215005177,ACCT200910,MERCH300282,purchase,16.65,in_person,2024-02-15 20:16:10,approved,False
TXN20240215005178,ACCT201244,MERCH300278,purchase,18.17,web,2024-02-15 10:12:45,approved,False
TXN20240215005179,ACCT202877,MERCH300162,deposit,20.89,mobile,2024-02-15 11:27:30,approved,False
TXN20240215005180,ACCT202247,MERCH300015,purchase,60.32,in_person,2024-02-15 21:58:50,approved,False
TXN20240215005181,ACCT204684,MERCH300111,purchase,88.98,web,2024-02-15 21:21:42,approved,False
TXN20240215005182,ACCT201916,MERCH300115,withdrawal,16.35,in_person,2024-02-15 19:45:30,approved,False
TXN20240215005183,ACCT203767,MERCH300176,transfer,33.8,web,2024-02-15 17:05:29,approved,False
TXN20240215005184,ACCT200691,MERCH300271,deposit,80.93,mobile,2024-02-15 21:23:07,approved,False
TXN20240215005185,ACCT204135,MERCH300077,purchase,37.04,in_person,2024-02-15 13:14:46,approved,False
TXN20240215005186,ACCT203947,MERCH300176,deposit,26.81,mobile,2024-02-15 21:43:52,approved,False
TXN20240215005187,ACCT201916,MERCH300009,purchase,51.31,web,2024-02-15 16:04:09,approved,False
TXN20240215005188,ACCT203694,MERCH300229,deposit,29.76,web,2024-02-15 06:39:59,approved,False
TXN20240215005189,ACCT200987,MERCH300035,purchase,43.33,in_person,2024-02-15 00:31:43,reversed,False
TXN20240215005190,ACCT202326,MERCH300095,purchase,297.67,web,2024-02-15 12:32:07,approved,False
TXN20240215005191,ACCT201324,MERCH300038,purchase,10.66,mobile,2024-02-15 04:37:35,approved,False
TXN20240215005192,ACCT206315,MERCH300081,withdrawal,33.76,mobile,2024-02-15 12:21:23,approved,False
TXN20240215005193,ACCT203658,MERCH300060,transfer,17.34,web,2024-02-15 01:53:57,approved,False
TXN20240215005194,ACCT202775,MERCH300024,withdrawal,22.07,web,2024-02-15 20:04:00,approved,False
TXN20240215005195,ACCT200809,MERCH300244,purchase,43.65,mobile,2024-02-15 05:53:46,approved,False
TXN20240215005196,ACCT204933,MERCH300230,transfer,19.89,web,2024-02-15 20:43:55,approved,False
TXN20240215005197,ACCT203297,MERCH300078,purchase,52.63,in_person,2024-02-15 23:07:42,approved,False
TXN20240215005198,ACCT201551,MERCH300025,deposit,159.92,mobile,2024-02-15 02:22:28,approved,False
TXN20240215005199,ACCT201436,MERCH300243,deposit,161.92,atm,2024-02-15 16:29:57,approved,False
TXN20240215005200,ACCT202586,MERCH300207,purchase,49.03,web,2024-02-15 17:35:36,approved,False
TXN20240215005201,ACCT200150,MERCH300072,purchase,32.61,in_person,2024-02-15 20:08:36,declined,False
TXN20240215005202,ACCT202982,MERCH300061,purchase,19.31,web,2024-02-15 16:16:21,approved,False
TXN20240215005203,ACCT203827,MERCH300146,purchase,34.23,mobile,2024-02-15 03:08:26,approved,False
TXN20240215005204,ACCT200452,MERCH300271,purchase,13.44,web,2024-02-15 04:22:36,declined,False
TXN20240215005205,ACCT203448,MERCH300237,purchase,89.57,web,2024-02-15 03:15:27,declined,False
TXN20240215005206,ACCT203988,MERCH300274,purchase,43.55,in_person,2024-02-15 11:50:35,approved,False
TXN20240215005207,ACCT203309,MERCH300098,purchase,3.93,mobile,2024-02-15 00:55:46,approved,False
TXN20240215005208,ACCT205763,MERCH300273,purchase,227.94,mobile,2024-02-15 04:58:36,approved,False
TXN20240215005209,ACCT205659,MERCH300133,purchase,83.53,web,2024-02-15 16:27:25,approved,False
TXN20240215005210,ACCT203392,MERCH300039,transfer,14.24,in_person,2024-02-15 04:32:36,approved,False
TXN20240215005211,ACCT201934,MERCH300020,purchase,101.39,mobile,2024-02-15 20:07:01,approved,False
TXN20240215005212,ACCT202916,MERCH300261,transfer,28.54,web,2024-02-15 15:47:17,approved,False
TXN20240215005213,ACCT206379,MERCH300243,transfer,7.57,web,2024-02-15 16:59:12,approved,False
TXN20240215005214,ACCT201731,MERCH300001,transfer,12.49,in_person,2024-02-15 22:38:05,approved,False
TXN20240215005215,ACCT204301,MERCH300273,purchase,19.92,web,2024-02-15 18:10:52,reversed,False
TXN20240215005216,ACCT203789,MERCH300102,transfer,63.45,atm,2024-02-15 01:38:01,approved,False
TXN20240215005217,ACCT204186,MERCH300034,purchase,11.31,web,2024-02-15 14:36:05,approved,False
TXN20240215005218,ACCT206365,MERCH300250,deposit,180.69,mobile,2024-02-15 04:23:59,approved,False
TXN20240215005219,ACCT204074,MERCH300044,purchase,47.35,in_person,2024-02-15 06:12:04,approved,False
TXN20240215005220,ACCT201530,MERCH300193,purchase,15.14,in_person,2024-02-15 05:24:31,approved,False
TXN20240215005221,ACCT204993,MERCH300046,purchase,27.36,mobile,2024-02-15 05:45:23,approved,False
TXN20240215005222,ACCT202693,MERCH300212,transfer,22.6,web,2024-02-15 22:17:44,approved,False
TXN20240215005223,ACCT205437,MERCH300210,transfer,15.56,mobile,2024-02-15 19:36:05,approved,False
TXN20240215005224,ACCT200584,MERCH300148,deposit,34.06,in_person,2024-02-15 12:39:15,approved,False
TXN20240215005225,ACCT206347,MERCH300191,purchase,15.22,in_person,2024-02-15 10:34:16,approved,False
TXN20240215005226,ACCT203415,MERCH300238,purchase,50.17,atm,2024-02-15 14:10:25,approved,False
TXN20240215005227,ACCT201771,MERCH300208,purchase,37.69,web,2024-02-15 02:52:20,approved,False
TXN20240215005228,ACCT202514,MERCH300085,purchase,23.19,in_person,2024-02-15 11:51:18,approved,False
TXN20240215005229,ACCT202029,MERCH300016,transfer,103.06,in_person,2024-02-15 12:01:02,declined,False
TXN20240215005230,ACCT200041,MERCH300275,purchase,7.54,mobile,2024-02-15 02:43:00,approved,False
TXN20240215005231,ACCT202650,MERCH300268,purchase,33.59,web,2024-02-15 14:52:24,approved,False
TXN20240215005232,ACCT205455,MERCH300011,purchase,77.44,web,2024-02-15 21:40:18,approved,False
TXN20240215005233,ACCT204809,MERCH300058,purchase,61.71,in_person,2024-02-15 20:11:42,approved,False
TXN20240215005234,ACCT206450,MERCH300000,purchase,36.98,atm,2024-02-15 08:06:22,approved,False
TXN20240215005235,ACCT202477,MERCH300092,withdrawal,54.04,in_person,2024-02-15 09:13:43,approved,False
TXN20240215005236,ACCT201877,MERCH300200,purchase,97.15,mobile,2024-02-15 10:56:59,approved,False
TXN20240215005237,ACCT201061,MERCH300085,purchase,170.21,atm,2024-02-15 08:52:14,approved,False
TXN20240215005238,ACCT204575,MERCH300144,purchase,26.99,in_person,2024-02-15 18:01:32,approved,False
TXN20240215005239,ACCT205266,MERCH300100,purchase,324.09,in_person,2024-02-15 16:21:29,approved,False
TXN20240215005240,ACCT200116,MERCH300285,deposit,31.05,in_person,2024-02-15 12:12:57,approved,False
TXN20240215005241,ACCT200071,MERCH300291,transfer,13.02,in_person,2024-02-15 22:14:05,reversed,False
TXN20240215005242,ACCT202866,MERCH300156,transfer,30.95,web,2024-02-15 21:36:02,approved,False
TXN20240215005243,ACCT202375,MERCH300025,purchase,156.95,in_person,2024-02-15 03:52:46,approved,False
TXN20240215005244,ACCT201862,MERCH300294,purchase,33.73,mobile,2024-02-15 14:10:20,approved,False
TXN20240215005245,ACCT205203,MERCH300199,purchase,10.28,mobile,2024-02-15 04:04:15,approved,False
TXN20240215005246,ACCT205309,MERCH300227,purchase,8.81,in_person,2024-02-15 23:58:12,approved,False
TXN20240215005247,ACCT202863,MERCH300093,withdrawal,30.84,web,2024-02-15 16:11:36,approved,False
TXN20240215005248,ACCT201514,MERCH300240,transfer,13.16,in_person,2024-02-15 16:57:50,approved,False
TXN20240215005249,ACCT205189,MERCH300105,transfer,290.05,in_person,2024-02-15 16:23:50,approved,False
TXN20240215005250,ACCT203002,MERCH300247,purchase,39.0,in_person,2024-02-15 17:41:36,approved,False
TXN20240215005251,ACCT200160,MERCH300168,purchase,37.67,web,2024-02-15 13:32:28,approved,False
TXN20240215005252,ACCT205927,MERCH300062,deposit,51.73,mobile,2024-02-15 05:42:16,declined,False
TXN20240215005253,ACCT200657,MERCH300002,purchase,27.35,in_person,2024-02-15 02:04:34,declined,False
TXN20240215005254,ACCT201215,MERCH300112,withdrawal,82.14,in_person,2024-02-15 09:43:35,declined,False
TXN20240215005255,ACCT204341,MERCH300234,purchase,11.66,in_person,2024-02-15 14:54:24,approved,False
TXN20240215005256,ACCT200844,MERCH300282,purchase,5.53,mobile,2024-02-15 23:17:47,approved,False
TXN20240215005257,ACCT201317,MERCH300261,purchase,75.76,web,2024-02-15 00:10:56,declined,False
TXN20240215005258,ACCT203434,MERCH300157,deposit,40.97,web,2024-02-15 20:37:01,approved,False
TXN20240215005259,ACCT206192,MERCH300051,withdrawal,189.93,web,2024-02-15 02:53:03,approved,True
TXN20240215005260,ACCT200524,MERCH300012,purchase,17.7,in_person,2024-02-15 03:39:09,approved,False
TXN20240215005261,ACCT203772,MERCH300247,purchase,57.47,atm,2024-02-15 04:39:16,approved,False
TXN20240215005262,ACCT201976,MERCH300025,purchase,26.84,in_person,2024-02-15 02:13:36,approved,False
TXN20240215005263,ACCT205552,MERCH300181,purchase,87.12,in_person,2024-02-15 15:05:53,approved,False
TXN20240215005264,ACCT205675,MERCH300032,purchase,10.88,web,2024-02-15 16:38:18,approved,False
TXN20240215005265,ACCT205444,MERCH300112,withdrawal,47.4,mobile,2024-02-15 14:36:44,approved,False
TXN20240215005266,ACCT205613,MERCH300123,purchase,340.23,mobile,2024-02-15 16:54:27,approved,False
TXN20240215005267,ACCT201409,MERCH300141,purchase,175.59,mobile,2024-02-15 20:55:13,approved,False
TXN20240215005268,ACCT204407,MERCH300137,purchase,28.87,web,2024-02-15 11:23:07,declined,False
TXN20240215005269,ACCT206433,MERCH300127,purchase,12.19,mobile,2024-02-15 16:49:18,approved,False
TXN20240215005270,ACCT202573,MERCH300108,withdrawal,212.32,in_person,2024-02-15 10:00:39,approved,False
TXN20240215005271,ACCT204902,MERCH300086,deposit,5.17,in_person,2024-02-15 22:10:33,approved,False
TXN20240215005272,ACCT202528,MERCH300001,purchase,59.2,in_person,2024-02-15 00:08:38,approved,False
TXN20240215005273,ACCT205819,MERCH300058,deposit,158.87,in_person,2024-02-15 00:19:57,approved,False
TXN20240215005274,ACCT200982,MERCH300119,deposit,14.45,mobile,2024-02-15 05:04:24,approved,False
TXN20240215005275,ACCT204664,MERCH300198,purchase,14.09,in_person,2024-02-15 19:53:25,approved,False
TXN20240215005276,ACCT202344,MERCH300035,purchase,53.59,in_person,2024-02-15 15:19:45,approved,False
TXN20240215005277,ACCT205889,MERCH300155,purchase,46.06,mobile,2024-02-15 05:38:47,approved,False
TXN20240215005278,ACCT200145,MERCH300137,purchase,37.84,mobile,2024-02-15 00:07:01,approved,False
TXN20240215005279,ACCT202452,MERCH300184,purchase,3.8,web,2024-02-15 13:51:51,approved,False
TXN20240215005280,ACCT203737,MERCH300226,purchase,24.88,mobile,2024-02-15 14:26:45,approved,False
TXN20240215005281,ACCT205514,MERCH300269,purchase,19.85,atm,2024-02-15 20:52:55,approved,False
TXN20240215005282,ACCT204855,MERCH300164,transfer,19.42,mobile,2024-02-15 12:19:20,approved,False
TXN20240215005283,ACCT201766,MERCH300208,purchase,14.67,web,2024-02-15 20:04:32,approved,False
TXN20240215005284,ACCT200705,MERCH300191,purchase,31.89,web,2024-02-15 01:16:13,approved,False
TXN20240215005285,ACCT200945,MERCH300185,purchase,20.59,mobile,2024-02-15 16:56:53,approved,False
TXN20240215005286,ACCT204574,MERCH300255,deposit,21.46,mobile,2024-02-15 02:46:04,approved,False
TXN20240215005287,ACCT203892,MERCH300131,purchase,38.55,in_person,2024-02-15 05:57:16,approved,False
TXN20240215005288,ACCT206379,MERCH300130,purchase,17.23,mobile,2024-02-15 02:23:45,reversed,False
TXN20240215005289,ACCT205018,MERCH300250,purchase,52.17,in_person,2024-02-15 15:01:27,approved,False
TXN20240215005290,ACCT203273,MERCH300146,purchase,133.84,in_person,2024-02-15 19:16:59,approved,False
TXN20240215005291,ACCT200879,MERCH300214,purchase,46.46,mobile,2024-02-15 01:24:50,approved,False
TXN20240215005292,ACCT202967,MERCH300228,deposit,146.99,web,2024-02-15 23:43:22,approved,False
TXN20240215005293,ACCT205124,MERCH300027,purchase,42.92,web,2024-02-15 23:19:05,approved,False
TXN20240215005294,ACCT200538,MERCH300158,deposit,53.44,web,2024-02-15 05:08:59,approved,False
TXN20240215005295,ACCT204818,MERCH300223,purchase,41.24,in_person,2024-02-15 13:40:38,approved,False
TXN20240215005296,ACCT204044,MERCH300129,purchase,39.91,web,2024-02-15 06:46:28,approved,False
TXN20240215005297,ACCT201228,MERCH300071,purchase,83.87,in_person,2024-02-15 19:33:19,approved,False
TXN20240215005298,ACCT200814,MERCH300290,withdrawal,38.33,in_person,2024-02-15 16:39:01,approved,False
TXN20240215005299,ACCT204231,MERCH300009,purchase,43.7,mobile,2024-02-15 06:13:23,approved,False
TXN20240215005300,ACCT205244,MERCH300186,purchase,22.56,atm,2024-02-15 20:08:31,approved,False
TXN20240215005301,ACCT203786,MERCH300096,purchase,108.56,atm,2024-02-15 01:22:13,approved,False
TXN20240215005302,ACCT204078,MERCH300092,purchase,5.09,in_person,2024-02-15 23:47:18,approved,False
TXN20240215005303,ACCT202994,MERCH300091,transfer,61.98,atm,2024-02-15 19:36:27,declined,False
TXN20240215005304,ACCT201478,MERCH300134,purchase,32.46,in_person,2024-02-15 12:18:01,approved,False
TXN20240215005305,ACCT204500,MERCH300169,purchase,8.26,atm,2024-02-15 19:11:26,approved,False
TXN20240215005306,ACCT205470,MERCH300273,transfer,55.33,in_person,2024-02-15 01:11:41,approved,False
TXN20240215005307,ACCT203176,MERCH300003,purchase,12.63,atm,2024-02-15 08:49:25,approved,False
TXN20240215005308,ACCT201213,MERCH300143,withdrawal,35.38,mobile,2024-02-15 05:55:10,approved,False
TXN20240215005309,ACCT205684,MERCH300275,purchase,37.58,mobile,2024-02-15 20:49:11,approved,False
TXN20240215005310,ACCT205886,MERCH300099,purchase,142.01,atm,2024-02-15 10:56:08,approved,False
TXN20240215005311,ACCT202047,MERCH300283,transfer,20.6,mobile,2024-02-15 09:01:22,approved,False
TXN20240215005312,ACCT201897,MERCH300002,purchase,72.17,in_person,2024-02-15 01:04:12,approved,False
TXN20240215005313,ACCT205558,MERCH300179,transfer,98.6,in_person,2024-02-15 21:38:48,approved,False
TXN20240215005314,ACCT205295,MERCH300118,transfer,51.14,web,2024-02-15 21:12:25,approved,False
TXN20240215005315,ACCT205238,MERCH300108,purchase,34.01,web,2024-02-15 12:07:49,approved,False
TXN20240215005316,ACCT204657,MERCH300225,withdrawal,139.41,in_person,2024-02-15 18:11:08,approved,False
TXN20240215005317,ACCT200526,MERCH300217,purchase,202.5,in_person,2024-02-15 01:21:13,approved,False
TXN20240215005318,ACCT200744,MERCH300211,purchase,63.78,in_person,2024-02-15 19:28:38,approved,False
TXN20240215005319,ACCT204718,MERCH300006,purchase,15.86,in_person,2024-02-15 12:31:28,approved,False
TXN20240215005320,ACCT200085,MERCH300263,purchase,87.94,web,2024-02-15 02:31:58,approved,False
TXN20240215005321,ACCT200552,MERCH300112,deposit,42.88,web,2024-02-15 15:11:07,approved,False
TXN20240215005322,ACCT202646,MERCH300232,purchase,5.86,in_person,2024-02-15 14:37:34,approved,False
TXN20240215005323,ACCT201657,MERCH300002,purchase,19.59,mobile,2024-02-15 06:03:54,approved,False
TXN20240215005324,ACCT200227,MERCH300000,deposit,164.95,mobile,2024-02-15 23:04:18,approved,False
TXN20240215005325,ACCT203424,MERCH300101,purchase,6.01,mobile,2024-02-15 14:02:36,approved,False
TXN20240215005326,ACCT204829,MERCH300215,purchase,57.1,in_person,2024-02-15 08:27:15,declined,False
TXN20240215005327,ACCT201634,MERCH300131,deposit,163.32,in_person,2024-02-15 02:38:58,declined,False
TXN20240215005328,ACCT201165,MERCH300291,withdrawal,37.92,mobile,2024-02-15 20:30:09,reversed,False
TXN20240215005329,ACCT204413,MERCH300263,purchase,198.5,web,2024-02-15 20:47:03,approved,False
TXN20240215005330,ACCT204012,MERCH300053,withdrawal,68.39,mobile,2024-02-15 13:46:28,approved,False
TXN20240215005331,ACCT202924,MERCH300271,purchase,38.1,mobile,2024-02-15 11:46:40,approved,False
TXN20240215005332,ACCT200109,MERCH300192,transfer,99.27,in_person,2024-02-15 16:33:06,approved,False
TXN20240215005333,ACCT202025,MERCH300088,purchase,106.12,in_person,2024-02-15 08:51:17,reversed,False
TXN20240215005334,ACCT201202,MERCH300221,withdrawal,6.48,in_person,2024-02-15 16:09:38,declined,False
TXN20240215005335,ACCT202558,MERCH300106,purchase,21.38,in_person,2024-02-15 21:54:20,approved,False
TXN20240215005336,ACCT200935,MERCH300140,purchase,34.16,in_person,2024-02-15 11:39:48,approved,False
TXN20240215005337,ACCT201227,MERCH300145,purchase,13.58,web,2024-02-15 04:43:51,approved,False
TXN20240215005338,ACCT206227,MERCH300215,purchase,15.25,in_person,2024-02-15 14:06:37,approved,False
TXN20240215005339,ACCT200493,MERCH300093,purchase,40.45,in_person,2024-02-15 10:07:11,approved,False
TXN20240215005340,ACCT203221,MERCH300254,purchase,8.36,web,2024-02-15 06:12:34,approved,False
TXN20240215005341,ACCT205824,MERCH300125,withdrawal,26.11,in_person,2024-02-15 12:20:31,approved,False
TXN20240215005342,ACCT204990,MERCH300128,purchase,316.47,mobile,2024-02-15 22:03:10,approved,False
TXN20240215005343,ACCT200772,MERCH300118,deposit,32.52,in_person,2024-02-15 21:54:08,approved,False
TXN20240215005344,ACCT205875,MERCH300243,purchase,97.22,web,2024-02-15 13:31:46,approved,False
TXN20240215005345,ACCT202929,MERCH300084,withdrawal,7.47,in_person,2024-02-15 12:18:14,approved,False
TXN20240215005346,ACCT202957,MERCH300103,deposit,151.89,in_person,2024-02-15 15:03:34,approved,False
TXN20240215005347,ACCT203518,MERCH300171,deposit,24.85,atm,2024-02-15 22:47:31,approved,False
TXN20240215005348,ACCT203177,MERCH300291,purchase,55.08,web,2024-02-15 05:06:16,approved,False
TXN20240215005349,ACCT200654,MERCH300205,purchase,71.74,web,2024-02-15 17:42:21,approved,False
TXN20240215005350,ACCT203657,MERCH300036,transfer,27.89,web,2024-02-15 17:04:47,approved,False
TXN20240215005351,ACCT202540,MERCH300284,deposit,80.04,web,2024-02-15 06:38:59,approved,False
TXN20240215005352,ACCT204021,MERCH300272,withdrawal,29.74,in_person,2024-02-15 04:22:27,declined,False
TXN20240215005353,ACCT201326,MERCH300192,purchase,9.72,mobile,2024-02-15 09:31:15,approved,False
TXN20240215005354,ACCT205838,MERCH300298,purchase,10.08,web,2024-02-15 19:18:55,approved,False
TXN20240215005355,ACCT203050,MERCH300269,transfer,93.54,atm,2024-02-15 12:48:03,reversed,False
TXN20240215005356,ACCT204255,MERCH300190,transfer,40.45,atm,2024-02-15 15:15:29,approved,False
TXN20240215005357,ACCT202160,MERCH300087,purchase,27.4,web,2024-02-15 00:29:27,declined,False
TXN20240215005358,ACCT206273,MERCH300034,transfer,40.06,mobile,2024-02-15 07:05:00,approved,False
TXN20240215005359,ACCT204147,MERCH300114,purchase,83.03,atm,2024-02-15 23:03:44,approved,False
TXN20240215005360,ACCT201735,MERCH300081,transfer,53.58,web,2024-02-15 12:06:09,approved,False
TXN20240215005361,ACCT201443,MERCH300097,purchase,23.8,in_person,2024-02-15 05:19:25,approved,False
TXN20240215005362,ACCT203475,MERCH300230,transfer,36.79,web,2024-02-15 03:10:57,approved,False
TXN20240215005363,ACCT203232,MERCH300028,deposit,8.38,mobile,2024-02-15 05:18:24,approved,False
TXN20240215005364,ACCT203478,MERCH300018,purchase,49.95,in_person,2024-02-15 17:17:08,approved,False
TXN20240215005365,ACCT202934,MERCH300204,transfer,13.36,web,2024-02-15 06:32:23,approved,False
TXN20240215005366,ACCT201792,MERCH300269,withdrawal,13.3,mobile,2024-02-15 09:17:37,approved,False
TXN20240215005367,ACCT200109,MERCH300197,purchase,45.02,in_person,2024-02-15 18:25:42,approved,True
TXN20240215005368,ACCT204074,MERCH300054,purchase,46.8,in_person,2024-02-15 06:33:28,approved,False
TXN20240215005369,ACCT200341,MERCH300056,purchase,20.84,in_person,2024-02-15 02:19:24,approved,False
TXN20240215005370,ACCT206449,MERCH300076,purchase,9.69,web,2024-02-15 16:07:56,approved,False
TXN20240215005371,ACCT202683,MERCH300124,purchase,65.39,web,2024-02-15 17:27:38,approved,False
TXN20240215005372,ACCT204807,MERCH300012,purchase,62.56,mobile,2024-02-15 12:31:56,approved,False
TXN20240215005373,ACCT205176,MERCH300007,purchase,23.89,web,2024-02-15 08:51:25,approved,False
TXN20240215005374,ACCT204169,MERCH300284,purchase,102.04,web,2024-02-15 19:14:34,approved,False
TXN20240215005375,ACCT205427,MERCH300177,purchase,97.23,in_person,2024-02-15 23:53:34,approved,False
TXN20240215005376,ACCT200562,MERCH300158,purchase,17.28,mobile,2024-02-15 13:07:31,approved,False
TXN20240215005377,ACCT204495,MERCH300176,purchase,67.36,in_person,2024-02-15 12:27:00,approved,False
TXN20240215005378,ACCT202840,MERCH300202,purchase,31.5,in_person,2024-02-15 07:08:29,approved,False
TXN20240215005379,ACCT206237,MERCH300016,purchase,91.12,in_person,2024-02-15 02:11:05,approved,False
TXN20240215005380,ACCT203743,MERCH300060,transfer,68.39,web,2024-02-15 00:18:38,approved,False
TXN20240215005381,ACCT201940,MERCH300216,transfer,44.88,mobile,2024-02-15 11:51:20,approved,False
TXN20240215005382,ACCT201152,MERCH300248,transfer,240.56,mobile,2024-02-15 12:29:35,approved,False
TXN20240215005383,ACCT201622,MERCH300282,withdrawal,22.56,in_person,2024-02-15 17:47:25,approved,False
TXN20240215005384,ACCT206238,MERCH300159,purchase,10.68,atm,2024-02-15 14:42:54,approved,False
TXN20240215005385,ACCT201688,MERCH300203,purchase,76.63,mobile,2024-02-15 17:49:06,approved,False
TXN20240215005386,ACCT202455,MERCH300230,purchase,192.81,mobile,2024-02-15 11:25:37,approved,False
TXN20240215005387,ACCT201658,MERCH300215,withdrawal,12.17,in_person,2024-02-15 10:31:50,approved,False
TXN20240215005388,ACCT202942,MERCH300112,purchase,96.86,atm,2024-02-15 16:01:05,approved,False
TXN20240215005389,ACCT203661,MERCH300275,purchase,48.61,web,2024-02-15 00:50:49,approved,False
TXN20240215005390,ACCT201293,MERCH300222,purchase,24.42,atm,2024-02-15 16:46:38,approved,False
TXN20240215005391,ACCT205636,MERCH300093,purchase,53.54,atm,2024-02-15 08:16:54,approved,False
TXN20240215005392,ACCT202212,MERCH300287,withdrawal,91.85,mobile,2024-02-15 20:41:51,approved,False
TXN20240215005393,ACCT204989,MERCH300257,purchase,160.97,mobile,2024-02-15 06:09:26,approved,False
TXN20240215005394,ACCT204128,MERCH300199,transfer,7.36,web,2024-02-15 00:00:13,approved,False
TXN20240215005395,ACCT201052,MERCH300225,purchase,13.08,web,2024-02-15 19:05:02,approved,False
TXN20240215005396,ACCT201384,MERCH300115,purchase,23.54,in_person,2024-02-15 21:26:51,approved,False
TXN20240215005397,ACCT204739,MERCH300299,purchase,32.03,in_person,2024-02-15 13:39:32,approved,False
TXN20240215005398,ACCT200622,MERCH300114,purchase,42.47,in_person,2024-02-15 06:54:18,approved,False
TXN20240215005399,ACCT200089,MERCH300296,purchase,22.77,web,2024-02-15 22:36:57,approved,False
TXN20240215005400,ACCT203115,MERCH300177,purchase,75.58,in_person,2024-02-15 00:59:53,approved,False
TXN20240215005401,ACCT205030,MERCH300220,withdrawal,45.97,web,2024-02-15 18:42:17,approved,False
TXN20240215005402,ACCT206171,MERCH300073,withdrawal,200.54,in_person,2024-02-15 06:48:01,approved,False
TXN20240215005403,ACCT203016,MERCH300160,transfer,54.87,atm,2024-02-15 01:22:29,approved,False
TXN20240215005404,ACCT204602,MERCH300012,purchase,63.55,in_person,2024-02-15 04:38:49,approved,False
TXN20240215005405,ACCT205912,MERCH300249,withdrawal,14.66,web,2024-02-15 05:38:48,approved,False
TXN20240215005406,ACCT202496,MERCH300196,withdrawal,58.94,web,2024-02-15 00:23:49,approved,True
TXN20240215005407,ACCT200688,MERCH300117,purchase,23.24,in_person,2024-02-15 21:32:44,approved,False
TXN20240215005408,ACCT205916,MERCH300189,purchase,12.25,in_person,2024-02-15 10:10:10,approved,False
TXN20240215005409,ACCT202158,MERCH300212,purchase,110.96,web,2024-02-15 20:43:01,approved,False
TXN20240215005410,ACCT203549,MERCH300263,deposit,64.3,in_person,2024-02-15 05:41:18,approved,False
TXN20240215005411,ACCT201864,MERCH300283,purchase,37.21,in_person,2024-02-15 16:19:49,approved,False
TXN20240215005412,ACCT202736,MERCH300138,transfer,11.68,in_person,2024-02-15 22:00:22,approved,False
TXN20240215005413,ACCT202489,MERCH300013,transfer,10.21,mobile,2024-02-15 03:36:13,approved,False
TXN20240215005414,ACCT203295,MERCH300284,purchase,24.19,in_person,2024-02-15 18:41:54,approved,False
TXN20240215005415,ACCT204674,MERCH300002,purchase,62.65,web,2024-02-15 06:54:21,approved,False
TXN20240215005416,ACCT203156,MERCH300077,deposit,22.54,in_person,2024-02-15 21:13:14,approved,False
TXN20240215005417,ACCT204361,MERCH300046,purchase,84.7,mobile,2024-02-15 22:37:21,approved,False
TXN20240215005418,ACCT204516,MERCH300152,transfer,7.63,in_person,2024-02-15 22:07:29,approved,False
TXN20240215005419,ACCT205160,MERCH300108,purchase,19.54,web,2024-02-15 03:21:24,approved,False
TXN20240215005420,ACCT201749,MERCH300137,transfer,46.78,in_person,2024-02-15 21:20:59,approved,False
TXN20240215005421,ACCT200577,MERCH300105,withdrawal,195.78,mobile,2024-02-15 08:28:50,approved,False
TXN20240215005422,ACCT202289,MERCH300106,purchase,50.95,mobile,2024-02-15 10:52:00,approved,False
TXN20240215005423,ACCT204681,MERCH300098,withdrawal,21.87,in_person,2024-02-15 09:23:23,approved,False
TXN20240215005424,ACCT205654,MERCH300209,purchase,68.77,mobile,2024-02-15 06:23:02,approved,False
TXN20240215005425,ACCT200207,MERCH300159,purchase,32.47,web,2024-02-15 02:44:58,approved,False
TXN20240215005426,ACCT204108,MERCH300002,deposit,75.2,web,2024-02-15 21:41:32,approved,False
TXN20240215005427,ACCT202004,MERCH300186,purchase,61.06,mobile,2024-02-15 02:47:22,approved,False
TXN20240215005428,ACCT201017,MERCH300238,withdrawal,115.05,in_person,2024-02-15 17:25:37,approved,False
TXN20240215005429,ACCT201386,MERCH300149,purchase,61.59,web,2024-02-15 15:48:30,approved,False
TXN20240215005430,ACCT201643,MERCH300279,withdrawal,42.84,mobile,2024-02-15 02:51:36,approved,False
TXN20240215005431,ACCT204328,MERCH300105,purchase,206.52,in_person,2024-02-15 19:55:42,declined,False
TXN20240215005432,ACCT201117,MERCH300277,purchase,9.63,in_person,2024-02-15 23:22:13,approved,False
TXN20240215005433,ACCT201362,MERCH300063,purchase,17.26,web,2024-02-15 20:59:57,approved,False
TXN20240215005434,ACCT200547,MERCH300211,purchase,122.27,web,2024-02-15 18:12:18,approved,False
TXN20240215005435,ACCT205213,MERCH300194,purchase,31.39,in_person,2024-02-15 04:27:43,approved,False
TXN20240215005436,ACCT201414,MERCH300291,transfer,40.75,mobile,2024-02-15 23:37:22,approved,False
TXN20240215005437,ACCT202352,MERCH300004,withdrawal,30.3,web,2024-02-15 02:13:10,approved,False
TXN20240215005438,ACCT201447,MERCH300275,purchase,4.02,web,2024-02-15 16:20:21,approved,False
TXN20240215005439,ACCT205193,MERCH300093,withdrawal,80.45,web,2024-02-15 21:16:09,approved,False
TXN20240215005440,ACCT200862,MERCH300173,purchase,42.88,in_person,2024-02-15 16:56:00,approved,False
TXN20240215005441,ACCT201068,MERCH300061,purchase,184.35,in_person,2024-02-15 08:41:11,approved,False
TXN20240215005442,ACCT204673,MERCH300075,transfer,30.37,web,2024-02-15 13:11:03,approved,False
TXN20240215005443,ACCT200588,MERCH300100,transfer,96.11,web,2024-02-15 09:49:25,approved,False
TXN20240215005444,ACCT205243,MERCH300197,purchase,28.38,atm,2024-02-15 10:23:43,approved,False
TXN20240215005445,ACCT201031,MERCH300113,purchase,116.41,mobile,2024-02-15 23:10:27,approved,False
TXN20240215005446,ACCT204673,MERCH300003,purchase,30.82,in_person,2024-02-15 09:34:04,approved,False
TXN20240215005447,ACCT203424,MERCH300211,purchase,10.35,mobile,2024-02-15 19:37:29,approved,False
TXN20240215005448,ACCT205618,MERCH300017,withdrawal,25.17,mobile,2024-02-15 17:20:10,approved,False
TXN20240215005449,ACCT201821,MERCH300143,deposit,119.39,atm,2024-02-15 23:29:46,approved,False
TXN20240215005450,ACCT203901,MERCH300175,deposit,74.98,in_person,2024-02-15 18:38:55,approved,False
TXN20240215005451,ACCT203930,MERCH300103,purchase,125.64,in_person,2024-02-15 02:57:11,approved,False
TXN20240215005452,ACCT200984,MERCH300292,purchase,93.37,in_person,2024-02-15 15:40:54,approved,False
TXN20240215005453,ACCT202247,MERCH300234,purchase,26.91,in_person,2024-02-15 19:36:59,approved,False
TXN20240215005454,ACCT205816,MERCH300202,purchase,17.14,in_person,2024-02-15 10:12:11,approved,False
TXN20240215005455,ACCT202446,MERCH300035,deposit,8.05,web,2024-02-15 21:09:33,approved,False
TXN20240215005456,ACCT200609,MERCH300257,deposit,42.54,in_person,2024-02-15 12:37:35,approved,True
TXN20240215005457,ACCT201373,MERCH300286,purchase,26.18,mobile,2024-02-15 06:13:56,approved,False
TXN20240215005458,ACCT205194,MERCH300027,purchase,24.56,mobile,2024-02-15 05:20:38,approved,False
TXN20240215005459,ACCT201997,MERCH300279,transfer,19.52,in_person,2024-02-15 23:53:37,approved,False
TXN20240215005460,ACCT202923,MERCH300116,purchase,46.31,web,2024-02-15 19:16:23,approved,False
TXN20240215005461,ACCT200598,MERCH300230,purchase,30.22,atm,2024-02-15 06:04:02,approved,False
TXN20240215005462,ACCT205021,MERCH300089,transfer,22.17,web,2024-02-15 05:32:18,approved,False
TXN20240215005463,ACCT202680,MERCH300277,purchase,1.79,in_person,2024-02-15 19:50:42,approved,False
TXN20240215005464,ACCT202146,MERCH300134,transfer,32.73,atm,2024-02-15 03:18:12,approved,False
TXN20240215005465,ACCT204667,MERCH300297,purchase,33.21,atm,2024-02-15 08:17:35,approved,False
TXN20240215005466,ACCT205052,MERCH300270,transfer,108.23,web,2024-02-15 21:17:41,approved,False
TXN20240215005467,ACCT201693,MERCH300167,purchase,75.77,mobile,2024-02-15 02:45:48,approved,False
TXN20240215005468,ACCT203186,MERCH300062,purchase,14.34,web,2024-02-15 00:17:32,approved,False
TXN20240215005469,ACCT200916,MERCH300044,purchase,47.15,in_person,2024-02-15 03:43:38,approved,False
TXN20240215005470,ACCT200150,MERCH300001,purchase,68.14,in_person,2024-02-15 09:39:42,approved,False
TXN20240215005471,ACCT204178,MERCH300273,purchase,52.61,web,2024-02-15 17:11:15,approved,False
TXN20240215005472,ACCT204311,MERCH300223,transfer,112.59,mobile,2024-02-15 18:37:23,approved,False
TXN20240215005473,ACCT206185,MERCH300067,purchase,54.82,mobile,2024-02-15 17:59:14,approved,False
TXN20240215005474,ACCT200400,MERCH300088,purchase,64.89,in_person,2024-02-15 12:19:58,approved,False
TXN20240215005475,ACCT205191,MERCH300126,purchase,76.22,web,2024-02-15 10:23:15,approved,False
TXN20240215005476,ACCT204969,MERCH300050,transfer,33.82,in_person,2024-02-15 03:51:27,approved,False
TXN20240215005477,ACCT204982,MERCH300218,purchase,70.81,web,2024-02-15 10:59:32,approved,False
TXN20240215005478,ACCT202935,MERCH300296,deposit,27.4,atm,2024-02-15 13:59:12,approved,False
TXN20240215005479,ACCT203508,MERCH300179,purchase,135.03,in_person,2024-02-15 09:10:50,declined,False
TXN20240215005480,ACCT205959,MERCH300286,purchase,62.29,in_person,2024-02-15 15:21:10,approved,False
TXN20240215005481,ACCT202353,MERCH300167,purchase,21.71,web,2024-02-15 12:30:38,approved,False
TXN20240215005482,ACCT203516,MERCH300033,purchase,46.9,web,2024-02-15 14:03:04,approved,False
TXN20240215005483,ACCT205186,MERCH300218,purchase,212.7,in_person,2024-02-15 14:17:20,approved,False
TXN20240215005484,ACCT203136,MERCH300219,transfer,27.79,web,2024-02-15 10:50:41,approved,False
TXN20240215005485,ACCT201334,MERCH300152,purchase,25.68,mobile,2024-02-15 09:22:00,approved,False
TXN20240215005486,ACCT206410,MERCH300045,withdrawal,28.41,web,2024-02-15 00:59:13,approved,False
TXN20240215005487,ACCT201934,MERCH300277,transfer,344.49,mobile,2024-02-15 22:40:55,approved,False
TXN20240215005488,ACCT204651,MERCH300031,deposit,39.64,in_person,2024-02-15 10:47:49,approved,False
TXN20240215005489,ACCT200149,MERCH300223,purchase,25.08,web,2024-02-15 17:09:25,approved,False
TXN20240215005490,ACCT204741,MERCH300285,transfer,67.55,mobile,2024-02-15 20:15:24,approved,False
TXN20240215005491,ACCT202335,MERCH300153,purchase,119.21,web,2024-02-15 11:12:56,approved,False
TXN20240215005492,ACCT203020,MERCH300084,purchase,40.63,in_person,2024-02-15 15:38:19,approved,False
TXN20240215005493,ACCT202057,MERCH300168,withdrawal,211.9,web,2024-02-15 14:19:23,approved,False
TXN20240215005494,ACCT202512,MERCH300063,purchase,62.01,in_person,2024-02-15 08:46:57,approved,False
TXN20240215005495,ACCT204315,MERCH300077,purchase,44.03,web,2024-02-15 03:27:58,approved,False
TXN20240215005496,ACCT205712,MERCH300257,purchase,57.6,web,2024-02-15 04:09:07,approved,False
TXN20240215005497,ACCT204985,MERCH300193,withdrawal,115.92,in_person,2024-02-15 17:16:14,approved,False
TXN20240215005498,ACCT204133,MERCH300279,purchase,4.09,in_person,2024-02-15 02:14:33,approved,False
TXN20240215005499,ACCT205027,MERCH300219,transfer,73.17,mobile,2024-02-15 14:22:36,approved,False
TXN20240215005500,ACCT201155,MERCH300148,purchase,25.36,web,2024-02-15 03:46:52,approved,False
TXN20240215005501,ACCT200597,MERCH300265,purchase,16.16,in_person,2024-02-15 12:43:58,declined,False
TXN20240215005502,ACCT203558,MERCH300281,withdrawal,111.26,web,2024-02-15 03:42:41,approved,False
TXN20240215005503,ACCT203084,MERCH300297,purchase,40.12,mobile,2024-02-15 13:41:20,approved,False
TXN20240215005504,ACCT201687,MERCH300221,deposit,42.53,web,2024-02-15 18:52:15,approved,False
TXN20240215005505,ACCT206061,MERCH300172,purchase,18.73,in_person,2024-02-15 07:12:03,declined,False
TXN20240215005506,ACCT205216,MERCH300211,purchase,4.43,mobile,2024-02-15 04:57:34,approved,False
TXN20240215005507,ACCT201749,MERCH300042,purchase,86.69,mobile,2024-02-15 17:53:20,approved,False
TXN20240215005508,ACCT203053,MERCH300092,purchase,37.88,web,2024-02-15 01:30:35,approved,False
TXN20240215005509,ACCT202525,MERCH300067,transfer,26.91,web,2024-02-15 22:40:01,approved,False
TXN20240215005510,ACCT206316,MERCH300093,purchase,23.93,in_person,2024-02-15 09:00:50,approved,False
TXN20240215005511,ACCT202642,MERCH300124,purchase,118.2,web,2024-02-15 02:43:03,approved,False
TXN20240215005512,ACCT205542,MERCH300059,withdrawal,70.2,in_person,2024-02-15 04:02:13,declined,False
TXN20240215005513,ACCT203111,MERCH300106,purchase,60.29,in_person,2024-02-15 22:40:05,approved,False
TXN20240215005514,ACCT206014,MERCH300100,purchase,57.88,mobile,2024-02-15 11:01:12,approved,False
TXN20240215005515,ACCT200821,MERCH300011,purchase,69.1,web,2024-02-15 01:14:27,approved,False
TXN20240215005516,ACCT200270,MERCH300090,purchase,22.17,atm,2024-02-15 06:32:08,approved,False
TXN20240215005517,ACCT204074,MERCH300190,purchase,63.69,mobile,2024-02-15 16:07:32,approved,False
TXN20240215005518,ACCT200869,MERCH300084,purchase,44.85,mobile,2024-02-15 01:47:33,approved,False
TXN20240215005519,ACCT200836,MERCH300250,transfer,183.24,web,2024-02-15 08:45:42,approved,False
TXN20240215005520,ACCT204875,MERCH300054,deposit,65.3,web,2024-02-15 08:13:14,approved,False
TXN20240215005521,ACCT201046,MERCH300045,withdrawal,9.64,web,2024-02-15 12:23:53,approved,False
TXN20240215005522,ACCT202797,MERCH300047,deposit,79.73,web,2024-02-15 22:51:18,approved,False
TXN20240215005523,ACCT205056,MERCH300063,purchase,32.49,web,2024-02-15 01:12:11,approved,False
TXN20240215005524,ACCT204783,MERCH300255,deposit,14.55,mobile,2024-02-15 07:30:19,approved,False
TXN20240215005525,ACCT204937,MERCH300048,purchase,99.72,atm,2024-02-15 12:50:27,reversed,False
TXN20240215005526,ACCT202565,MERCH300183,purchase,22.9,atm,2024-02-15 15:49:19,approved,False
TXN20240215005527,ACCT201938,MERCH300080,purchase,61.62,web,2024-02-15 15:14:09,approved,False
TXN20240215005528,ACCT203455,MERCH300057,purchase,63.72,in_person,2024-02-15 08:18:45,approved,False
TXN20240215005529,ACCT202100,MERCH300266,purchase,40.33,web,2024-02-15 06:22:49,approved,False
TXN20240215005530,ACCT206322,MERCH300251,transfer,96.5,web,2024-02-15 10:28:56,approved,False
TXN20240215005531,ACCT204900,MERCH300082,purchase,65.13,web,2024-02-15 10:46:03,approved,False
TXN20240215005532,ACCT201004,MERCH300060,purchase,5.19,web,2024-02-15 00:00:56,approved,True
TXN20240215005533,ACCT202564,MERCH300226,purchase,41.56,in_person,2024-02-15 21:01:52,approved,False
TXN20240215005534,ACCT206441,MERCH300130,purchase,54.24,in_person,2024-02-15 13:55:15,approved,False
TXN20240215005535,ACCT202185,MERCH300162,purchase,27.17,web,2024-02-15 11:20:00,approved,False
TXN20240215005536,ACCT203416,MERCH300267,purchase,114.32,mobile,2024-02-15 17:12:49,approved,False
TXN20240215005537,ACCT203561,MERCH300060,purchase,113.78,in_person,2024-02-15 05:28:13,declined,False
TXN20240215005538,ACCT206087,MERCH300003,purchase,66.32,atm,2024-02-15 12:55:52,approved,False
TXN20240215005539,ACCT202582,MERCH300123,deposit,21.22,web,2024-02-15 08:28:17,approved,False
TXN20240215005540,ACCT203425,MERCH300139,purchase,96.27,mobile,2024-02-15 18:13:29,declined,False
TXN20240215005541,ACCT205456,MERCH300068,purchase,114.53,in_person,2024-02-15 05:00:55,approved,False
TXN20240215005542,ACCT203448,MERCH300245,purchase,33.45,web,2024-02-15 18:43:24,approved,False
TXN20240215005543,ACCT205913,MERCH300001,purchase,67.7,in_person,2024-02-15 17:45:07,approved,False
TXN20240215005544,ACCT201531,MERCH300145,transfer,2.59,web,2024-02-15 08:48:44,approved,False
TXN20240215005545,ACCT200725,MERCH300259,transfer,56.04,mobile,2024-02-15 08:19:47,approved,False
TXN20240215005546,ACCT203727,MERCH300039,purchase,28.98,mobile,2024-02-15 09:33:32,approved,False
TXN20240215005547,ACCT202571,MERCH300060,transfer,19.12,in_person,2024-02-15 09:53:04,approved,False
TXN20240215005548,ACCT202672,MERCH300031,purchase,86.02,atm,2024-02-15 02:55:27,approved,False
TXN20240215005549,ACCT202385,MERCH300034,transfer,27.19,mobile,2024-02-15 21:04:02,declined,False
TXN20240215005550,ACCT202571,MERCH300148,withdrawal,16.12,in_person,2024-02-15 13:31:58,approved,False
TXN20240215005551,ACCT202499,MERCH300274,transfer,111.31,mobile,2024-02-15 07:32:52,approved,False
TXN20240215005552,ACCT206194,MERCH300065,purchase,117.81,web,2024-02-15 13:56:46,approved,False
TXN20240215005553,ACCT205928,MERCH300050,purchase,17.35,web,2024-02-15 06:33:50,approved,False
TXN20240215005554,ACCT200020,MERCH300233,purchase,32.61,web,2024-02-15 21:20:10,approved,False
TXN20240215005555,ACCT204318,MERCH300247,purchase,17.52,mobile,2024-02-15 19:26:18,approved,False
TXN20240215005556,ACCT203521,MERCH300121,purchase,23.32,web,2024-02-15 04:08:27,approved,True
TXN20240215005557,ACCT202699,MERCH300100,purchase,62.54,in_person,2024-02-15 19:18:57,approved,False
TXN20240215005558,ACCT202335,MERCH300086,transfer,33.78,atm,2024-02-15 16:02:26,approved,False
TXN20240215005559,ACCT205725,MERCH300245,purchase,12.85,web,2024-02-15 05:26:58,approved,False
TXN20240215005560,ACCT201697,MERCH300200,purchase,16.64,atm,2024-02-15 04:12:47,approved,False
TXN20240215005561,ACCT201887,MERCH300260,transfer,14.34,web,2024-02-15 00:09:22,approved,False
TXN20240215005562,ACCT200589,MERCH300084,purchase,8.36,in_person,2024-02-15 16:48:01,approved,False
TXN20240215005563,ACCT200936,MERCH300187,purchase,6.38,web,2024-02-15 12:37:30,approved,False
TXN20240215005564,ACCT201888,MERCH300039,deposit,36.98,web,2024-02-15 07:45:01,approved,False
TXN20240215005565,ACCT203508,MERCH300009,deposit,129.1,mobile,2024-02-15 09:06:45,approved,False
TXN20240215005566,ACCT201807,MERCH300236,purchase,173.43,atm,2024-02-15 04:35:12,approved,False
TXN20240215005567,ACCT205457,MERCH300062,withdrawal,14.92,in_person,2024-02-15 22:27:14,approved,False
TXN20240215005568,ACCT202816,MERCH300009,deposit,50.57,web,2024-02-15 00:36:54,approved,False
TXN20240215005569,ACCT204543,MERCH300188,purchase,38.67,mobile,2024-02-15 00:06:45,approved,True
TXN20240215005570,ACCT201659,MERCH300236,purchase,15.02,in_person,2024-02-15 23:40:08,approved,False
TXN20240215005571,ACCT201419,MERCH300079,deposit,6.31,web,2024-02-15 07:51:06,approved,False
TXN20240215005572,ACCT201485,MERCH300204,transfer,241.45,web,2024-02-15 09:43:37,approved,False
TXN20240215005573,ACCT200678,MERCH300073,purchase,45.01,in_person,2024-02-15 17:33:18,approved,False
TXN20240215005574,ACCT202514,MERCH300141,purchase,140.13,in_person,2024-02-15 09:33:30,approved,False
TXN20240215005575,ACCT202553,MERCH300121,purchase,22.33,mobile,2024-02-15 19:59:52,approved,False
TXN20240215005576,ACCT204138,MERCH300069,purchase,55.46,atm,2024-02-15 22:27:42,approved,False
TXN20240215005577,ACCT203592,MERCH300187,purchase,110.56,in_person,2024-02-15 00:31:26,declined,False
TXN20240215005578,ACCT203726,MERCH300132,purchase,50.66,mobile,2024-02-15 21:46:37,approved,False
TXN20240215005579,ACCT203917,MERCH300100,purchase,51.31,web,2024-02-15 05:31:37,approved,False
TXN20240215005580,ACCT201364,MERCH300187,purchase,107.54,mobile,2024-02-15 14:48:58,approved,False
TXN20240215005581,ACCT201046,MERCH300165,purchase,21.97,web,2024-02-15 07:34:50,approved,False
TXN20240215005582,ACCT200042,MERCH300145,purchase,3.07,mobile,2024-02-15 07:36:48,approved,False
TXN20240215005583,ACCT203184,MERCH300052,deposit,5.93,mobile,2024-02-15 04:25:43,approved,False
TXN20240215005584,ACCT206217,MERCH300195,purchase,67.21,web,2024-02-15 22:32:48,approved,False
TXN20240215005585,ACCT201910,MERCH300144,transfer,49.44,web,2024-02-15 17:09:30,approved,False
TXN20240215005586,ACCT200264,MERCH300010,purchase,14.22,mobile,2024-02-15 04:00:16,approved,False
TXN20240215005587,ACCT203632,MERCH300039,purchase,64.94,mobile,2024-02-15 05:43:07,approved,False
TXN20240215005588,ACCT206195,MERCH300194,deposit,17.5,web,2024-02-15 08:35:38,approved,False
TXN20240215005589,ACCT201741,MERCH300251,purchase,29.69,web,2024-02-15 20:03:13,approved,False
TXN20240215005590,ACCT206365,MERCH300299,deposit,48.94,web,2024-02-15 15:42:07,approved,False
TXN20240215005591,ACCT202000,MERCH300125,deposit,46.47,web,2024-02-15 20:02:50,approved,False
TXN20240215005592,ACCT200774,MERCH300264,transfer,70.93,in_person,2024-02-15 17:16:27,approved,False
TXN20240215005593,ACCT204497,MERCH300206,deposit,10.07,in_person,2024-02-15 02:13:33,approved,False
TXN20240215005594,ACCT204418,MERCH300129,purchase,40.72,web,2024-02-15 06:53:44,approved,False
TXN20240215005595,ACCT200319,MERCH300004,purchase,63.62,web,2024-02-15 12:05:48,approved,False
TXN20240215005596,ACCT200657,MERCH300086,withdrawal,38.29,atm,2024-02-15 04:03:06,approved,False
TXN20240215005597,ACCT201242,MERCH300261,deposit,29.09,web,2024-02-15 05:31:11,approved,False
TXN20240215005598,ACCT205576,MERCH300188,withdrawal,83.18,mobile,2024-02-15 06:03:17,approved,False
TXN20240215005599,ACCT203163,MERCH300183,purchase,56.02,web,2024-02-15 18:35:10,reversed,False
TXN20240215005600,ACCT205083,MERCH300197,transfer,248.54,web,2024-02-15 07:02:00,approved,False
TXN20240215005601,ACCT205424,MERCH300288,purchase,13.71,mobile,2024-02-15 23:28:52,approved,False
TXN20240215005602,ACCT200771,MERCH300117,transfer,28.8,in_person,2024-02-15 14:53:17,approved,False
TXN20240215005603,ACCT204301,MERCH300097,purchase,29.18,in_person,2024-02-15 08:07:18,approved,False
TXN20240215005604,ACCT201750,MERCH300149,purchase,23.12,web,2024-02-15 17:03:14,approved,False
TXN20240215005605,ACCT203223,MERCH300059,purchase,22.93,in_person,2024-02-15 02:24:18,approved,False
TXN20240215005606,ACCT200545,MERCH300107,purchase,58.59,web,2024-02-15 19:46:06,approved,False
TXN20240215005607,ACCT202199,MERCH300156,purchase,6.78,mobile,2024-02-15 14:46:03,approved,False
TXN20240215005608,ACCT203841,MERCH300208,purchase,27.9,web,2024-02-15 20:13:22,approved,False
TXN20240215005609,ACCT201316,MERCH300295,purchase,80.74,web,2024-02-15 02:47:48,approved,False
TXN20240215005610,ACCT202498,MERCH300202,withdrawal,40.48,mobile,2024-02-15 11:24:10,approved,False
TXN20240215005611,ACCT203867,MERCH300125,purchase,27.18,mobile,2024-02-15 15:19:50,approved,False
TXN20240215005612,ACCT205491,MERCH300255,purchase,14.24,mobile,2024-02-15 08:36:03,approved,False
TXN20240215005613,ACCT203260,MERCH300221,deposit,23.82,in_person,2024-02-15 08:36:02,approved,False
TXN20240215005614,ACCT202168,MERCH300174,purchase,22.72,in_person,2024-02-15 11:39:55,approved,False
TXN20240215005615,ACCT204272,MERCH300122,withdrawal,17.67,web,2024-02-15 12:37:55,approved,False
TXN20240215005616,ACCT204058,MERCH300122,purchase,23.26,atm,2024-02-15 14:51:13,approved,False
TXN20240215005617,ACCT203073,MERCH300194,withdrawal,63.59,in_person,2024-02-15 15:15:54,approved,False
TXN20240215005618,ACCT203088,MERCH300216,purchase,73.9,mobile,2024-02-15 22:00:15,approved,False
TXN20240215005619,ACCT204171,MERCH300156,purchase,36.63,web,2024-02-15 13:39:15,approved,False
TXN20240215005620,ACCT202883,MERCH300035,purchase,39.07,web,2024-02-15 21:38:40,declined,False
TXN20240215005621,ACCT200070,MERCH300082,purchase,19.11,web,2024-02-15 12:38:55,approved,False
TXN20240215005622,ACCT202055,MERCH300083,transfer,5.01,mobile,2024-02-15 06:55:17,approved,False
TXN20240215005623,ACCT202976,MERCH300016,purchase,15.63,in_person,2024-02-15 13:06:50,approved,False
TXN20240215005624,ACCT200944,MERCH300138,purchase,52.34,in_person,2024-02-15 08:26:09,approved,False
TXN20240215005625,ACCT201461,MERCH300048,transfer,45.4,in_person,2024-02-15 15:07:15,approved,False
TXN20240215005626,ACCT201557,MERCH300019,purchase,3.16,web,2024-02-15 07:32:02,declined,False
TXN20240215005627,ACCT201336,MERCH300191,purchase,52.68,in_person,2024-02-15 03:32:53,approved,False
TXN20240215005628,ACCT205002,MERCH300089,purchase,20.45,mobile,2024-02-15 20:32:42,approved,False
TXN20240215005629,ACCT200277,MERCH300172,purchase,92.05,atm,2024-02-15 12:25:46,approved,False
TXN20240215005630,ACCT200669,MERCH300002,purchase,65.95,web,2024-02-15 09:17:57,approved,False
TXN20240215005631,ACCT203392,MERCH300151,purchase,27.93,in_person,2024-02-15 18:18:52,approved,False
TXN20240215005632,ACCT206036,MERCH300153,transfer,23.67,in_person,2024-02-15 13:35:29,approved,False
TXN20240215005633,ACCT202402,MERCH300290,purchase,26.95,web,2024-02-15 09:57:22,approved,False
TXN20240215005634,ACCT200633,MERCH300186,deposit,151.09,web,2024-02-15 07:58:06,reversed,False
TXN20240215005635,ACCT201376,MERCH300037,purchase,37.05,mobile,2024-02-15 15:49:50,approved,False
TXN20240215005636,ACCT203381,MERCH300053,purchase,29.85,web,2024-02-15 01:40:57,reversed,False
TXN20240215005637,ACCT200054,MERCH300108,withdrawal,6.35,in_person,2024-02-15 10:40:32,approved,False
TXN20240215005638,ACCT200811,MERCH300197,purchase,104.49,web,2024-02-15 00:53:38,approved,False
TXN20240215005639,ACCT200036,MERCH300295,purchase,55.66,in_person,2024-02-15 07:37:20,approved,False
TXN20240215005640,ACCT205062,MERCH300177,purchase,90.94,web,2024-02-15 09:04:57,approved,False
TXN20240215005641,ACCT205933,MERCH300299,transfer,39.64,web,2024-02-15 07:16:27,approved,False
TXN20240215005642,ACCT204084,MERCH300066,deposit,29.22,in_person,2024-02-15 13:08:46,approved,False
TXN20240215005643,ACCT200875,MERCH300192,purchase,112.82,in_person,2024-02-15 10:40:07,approved,False
TXN20240215005644,ACCT205422,MERCH300043,transfer,25.44,in_person,2024-02-15 10:23:39,approved,False
TXN20240215005645,ACCT206171,MERCH300298,purchase,74.2,in_person,2024-02-15 14:06:19,approved,False
TXN20240215005646,ACCT201970,MERCH300024,withdrawal,24.72,web,2024-02-15 21:46:07,approved,False
TXN20240215005647,ACCT205333,MERCH300281,purchase,17.07,mobile,2024-02-15 04:53:10,approved,False
TXN20240215005648,ACCT201643,MERCH300042,purchase,74.49,web,2024-02-15 05:58:37,approved,False
TXN20240215005649,ACCT206016,MERCH300144,purchase,41.12,in_person,2024-02-15 03:41:18,approved,False
TXN20240215005650,ACCT203711,MERCH300068,purchase,13.17,web,2024-02-15 05:51:01,approved,False
TXN20240215005651,ACCT204020,MERCH300147,deposit,12.79,in_person,2024-02-15 06:08:45,approved,False
TXN20240215005652,ACCT206425,MERCH300242,purchase,145.14,in_person,2024-02-15 05:00:53,approved,False
TXN20240215005653,ACCT205119,MERCH300023,deposit,14.03,web,2024-02-15 10:44:16,approved,False
TXN20240215005654,ACCT206436,MERCH300204,withdrawal,42.61,in_person,2024-02-15 04:08:25,approved,False
TXN20240215005655,ACCT203975,MERCH300210,transfer,32.75,in_person,2024-02-15 03:49:45,approved,False
TXN20240215005656,ACCT200790,MERCH300134,purchase,54.2,in_person,2024-02-15 15:56:59,approved,False
TXN20240215005657,ACCT200049,MERCH300141,purchase,131.15,web,2024-02-15 11:34:02,approved,False
TXN20240215005658,ACCT202611,MERCH300111,purchase,82.07,atm,2024-02-15 04:37:41,approved,False
TXN20240215005659,ACCT200374,MERCH300047,purchase,33.9,atm,2024-02-15 23:26:11,approved,False
TXN20240215005660,ACCT200059,MERCH300003,purchase,105.48,in_person,2024-02-15 22:47:47,approved,False
TXN20240215005661,ACCT205668,MERCH300227,transfer,5.48,mobile,2024-02-15 04:44:55,approved,False
TXN20240215005662,ACCT201977,MERCH300264,transfer,18.95,web,2024-02-15 08:29:47,declined,False
TXN20240215005663,ACCT202291,MERCH300073,deposit,26.64,in_person,2024-02-15 13:47:46,approved,False
TXN20240215005664,ACCT205388,MERCH300160,purchase,6.47,mobile,2024-02-15 17:48:40,approved,False
TXN20240215005665,ACCT200982,MERCH300039,purchase,19.39,atm,2024-02-15 19:40:04,approved,False
TXN20240215005666,ACCT205949,MERCH300201,withdrawal,134.36,web,2024-02-15 09:26:17,approved,False
TXN20240215005667,ACCT205850,MERCH300272,transfer,48.53,in_person,2024-02-15 03:23:20,approved,False
TXN20240215005668,ACCT205847,MERCH300023,transfer,27.91,web,2024-02-15 19:37:23,approved,False
TXN20240215005669,ACCT202688,MERCH300255,purchase,199.95,web,2024-02-15 01:40:49,approved,True
TXN20240215005670,ACCT200188,MERCH300171,deposit,5.17,web,2024-02-15 02:38:24,approved,False
TXN20240215005671,ACCT201412,MERCH300054,withdrawal,96.24,atm,2024-02-15 02:00:45,approved,False
TXN20240215005672,ACCT201647,MERCH300161,purchase,115.14,in_person,2024-02-15 22:27:46,approved,False
TXN20240215005673,ACCT202182,MERCH300009,purchase,44.53,in_person,2024-02-15 04:19:26,approved,False
TXN20240215005674,ACCT202297,MERCH300242,withdrawal,19.94,mobile,2024-02-15 00:30:24,approved,False
TXN20240215005675,ACCT202924,MERCH300168,purchase,18.73,web,2024-02-15 02:22:43,approved,False
TXN20240215005676,ACCT203919,MERCH300213,transfer,34.91,web,2024-02-15 08:33:12,approved,False
TXN20240215005677,ACCT203048,MERCH300050,purchase,41.53,mobile,2024-02-15 09:04:18,approved,False
TXN20240215005678,ACCT205218,MERCH300050,purchase,16.04,web,2024-02-15 09:49:49,approved,False
TXN20240215005679,ACCT204747,MERCH300130,transfer,10.52,mobile,2024-02-15 18:11:40,approved,False
TXN20240215005680,ACCT206334,MERCH300271,purchase,70.65,in_person,2024-02-15 04:44:39,approved,False
TXN20240215005681,ACCT202451,MERCH300082,withdrawal,60.33,in_person,2024-02-15 04:03:28,approved,False
TXN20240215005682,ACCT205217,MERCH300008,transfer,87.29,atm,2024-02-15 04:04:56,approved,False
TXN20240215005683,ACCT203066,MERCH300115,deposit,41.71,web,2024-02-15 00:04:59,approved,False
TXN20240215005684,ACCT203879,MERCH300010,withdrawal,86.49,in_person,2024-02-15 01:29:20,approved,False
TXN20240215005685,ACCT205198,MERCH300274,purchase,76.97,web,2024-02-15 17:47:13,approved,False
TXN20240215005686,ACCT204644,MERCH300276,purchase,107.85,atm,2024-02-15 10:02:20,approved,False
TXN20240215005687,ACCT201014,MERCH300055,purchase,43.97,web,2024-02-15 11:20:42,approved,False
TXN20240215005688,ACCT202473,MERCH300297,transfer,113.34,in_person,2024-02-15 03:32:06,approved,False
TXN20240215005689,ACCT200258,MERCH300112,withdrawal,23.91,in_person,2024-02-15 17:01:47,approved,False
TXN20240215005690,ACCT201188,MERCH300041,purchase,39.45,web,2024-02-15 04:20:54,approved,False
TXN20240215005691,ACCT200668,MERCH300257,withdrawal,142.32,mobile,2024-02-15 18:22:43,approved,False
TXN20240215005692,ACCT202009,MERCH300177,deposit,76.63,mobile,2024-02-15 08:54:17,approved,False
TXN20240215005693,ACCT200221,MERCH300258,transfer,14.1,mobile,2024-02-15 16:32:05,approved,False
TXN20240215005694,ACCT206042,MERCH300215,purchase,5.9,in_person,2024-02-15 07:08:41,approved,False
TXN20240215005695,ACCT200841,MERCH300114,purchase,197.04,mobile,2024-02-15 17:01:58,approved,False
TXN20240215005696,ACCT205521,MERCH300175,purchase,38.22,web,2024-02-15 18:50:12,approved,False
TXN20240215005697,ACCT201315,MERCH300047,purchase,70.27,mobile,2024-02-15 07:39:03,approved,False
TXN20240215005698,ACCT205186,MERCH300054,transfer,33.5,in_person,2024-02-15 19:32:07,approved,False
TXN20240215005699,ACCT200608,MERCH300207,purchase,60.91,mobile,2024-02-15 23:53:00,reversed,False
TXN20240215005700,ACCT200513,MERCH300005,purchase,23.05,in_person,2024-02-15 19:04:11,approved,False
TXN20240215005701,ACCT201045,MERCH300076,purchase,4.4,atm,2024-02-15 12:09:18,approved,False
TXN20240215005702,ACCT204013,MERCH300278,purchase,13.32,in_person,2024-02-15 18:16:40,approved,False
TXN20240215005703,ACCT204277,MERCH300017,purchase,71.06,web,2024-02-15 13:53:56,approved,False
TXN20240215005704,ACCT201641,MERCH300197,purchase,167.86,web,2024-02-15 00:36:25,approved,True
TXN20240215005705,ACCT201593,MERCH300239,deposit,17.35,in_person,2024-02-15 10:11:26,approved,False
TXN20240215005706,ACCT200780,MERCH300239,transfer,16.09,in_person,2024-02-15 13:44:12,approved,False
TXN20240215005707,ACCT200172,MERCH300295,purchase,42.79,in_person,2024-02-15 11:19:47,approved,False
TXN20240215005708,ACCT202956,MERCH300215,purchase,18.15,mobile,2024-02-15 14:21:07,approved,False
TXN20240215005709,ACCT203856,MERCH300291,purchase,14.41,mobile,2024-02-15 17:37:34,approved,False
TXN20240215005710,ACCT201564,MERCH300266,withdrawal,10.72,in_person,2024-02-15 18:30:37,approved,False
TXN20240215005711,ACCT206054,MERCH300274,purchase,211.03,in_person,2024-02-15 09:39:11,approved,False
TXN20240215005712,ACCT202245,MERCH300039,withdrawal,63.01,in_person,2024-02-15 05:54:56,approved,False
TXN20240215005713,ACCT204139,MERCH300133,purchase,89.74,mobile,2024-02-15 19:21:12,approved,False
TXN20240215005714,ACCT203747,MERCH300009,withdrawal,17.79,web,2024-02-15 21:17:57,declined,True
TXN20240215005715,ACCT203665,MERCH300198,withdrawal,24.19,atm,2024-02-15 18:28:27,approved,False
TXN20240215005716,ACCT200161,MERCH300036,purchase,86.52,in_person,2024-02-15 01:39:15,approved,False
TXN20240215005717,ACCT204235,MERCH300001,transfer,73.31,in_person,2024-02-15 15:51:09,approved,False
TXN20240215005718,ACCT203771,MERCH300205,purchase,37.43,mobile,2024-02-15 00:46:09,approved,False
TXN20240215005719,ACCT202046,MERCH300110,deposit,23.43,web,2024-02-15 07:34:23,approved,False
TXN20240215005720,ACCT203909,MERCH300005,purchase,85.84,in_person,2024-02-15 15:31:53,approved,False
TXN20240215005721,ACCT201811,MERCH300254,transfer,141.39,mobile,2024-02-15 01:14:16,approved,False
TXN20240215005722,ACCT200734,MERCH300152,purchase,64.25,in_person,2024-02-15 19:01:48,approved,False
TXN20240215005723,ACCT201252,MERCH300155,purchase,75.28,atm,2024-02-15 16:14:42,declined,False
TXN20240215005724,ACCT201634,MERCH300117,deposit,58.93,mobile,2024-02-15 19:26:08,approved,False
TXN20240215005725,ACCT201263,MERCH300240,purchase,26.43,mobile,2024-02-15 14:19:06,approved,False
TXN20240215005726,ACCT200656,MERCH300024,withdrawal,57.79,mobile,2024-02-15 00:01:00,approved,False
TXN20240215005727,ACCT204793,MERCH300175,deposit,74.74,in_person,2024-02-15 20:56:50,approved,False
TXN20240215005728,ACCT203769,MERCH300291,purchase,19.05,web,2024-02-15 00:08:33,approved,True
TXN20240215005729,ACCT201092,MERCH300171,purchase,140.2,atm,2024-02-15 13:22:22,approved,False
TXN20240215005730,ACCT205213,MERCH300260,purchase,42.86,web,2024-02-15 07:31:08,approved,False
TXN20240215005731,ACCT205331,MERCH300233,purchase,37.65,mobile,2024-02-15 00:57:58,approved,True
TXN20240215005732,ACCT200492,MERCH300135,purchase,8.73,in_person,2024-02-15 03:30:12,reversed,True
TXN20240215005733,ACCT204156,MERCH300133,purchase,15.45,mobile,2024-02-15 16:46:08,approved,False
TXN20240215005734,ACCT200745,MERCH300043,purchase,20.1,atm,2024-02-15 05:53:18,approved,False
TXN20240215005735,ACCT205008,MERCH300288,purchase,35.87,in_person,2024-02-15 21:19:43,approved,False
TXN20240215005736,ACCT200612,MERCH300054,withdrawal,58.49,web,2024-02-15 16:23:56,approved,False
TXN20240215005737,ACCT202748,MERCH300273,purchase,126.63,in_person,2024-02-15 15:11:28,approved,False
TXN20240215005738,ACCT204699,MERCH300298,withdrawal,46.69,in_person,2024-02-15 09:02:55,approved,False
TXN20240215005739,ACCT201108,MERCH300066,withdrawal,43.61,web,2024-02-15 18:20:10,approved,False
TXN20240215005740,ACCT204248,MERCH300208,purchase,135.49,mobile,2024-02-15 20:08:04,approved,False
TXN20240215005741,ACCT205910,MERCH300117,purchase,30.3,web,2024-02-15 11:12:21,approved,False
TXN20240215005742,ACCT204063,MERCH300277,purchase,288.09,web,2024-02-15 19:11:25,approved,False
TXN20240215005743,ACCT202972,MERCH300091,withdrawal,14.59,web,2024-02-15 06:34:16,approved,False
TXN20240215005744,ACCT202201,MERCH300294,purchase,19.5,mobile,2024-02-15 18:31:13,approved,False
TXN20240215005745,ACCT201932,MERCH300146,purchase,58.08,mobile,2024-02-15 16:00:40,approved,False
TXN20240215005746,ACCT200736,MERCH300204,purchase,6.04,web,2024-02-15 12:24:01,approved,False
TXN20240215005747,ACCT205131,MERCH300163,purchase,74.26,web,2024-02-15 19:16:46,approved,False
TXN20240215005748,ACCT203860,MERCH300064,transfer,43.87,web,2024-02-15 17:07:09,approved,False
TXN20240215005749,ACCT205120,MERCH300113,purchase,96.91,in_person,2024-02-15 19:30:00,approved,False
TXN20240215005750,ACCT201063,MERCH300055,purchase,16.24,in_person,2024-02-15 18:55:29,approved,False
TXN20240215005751,ACCT201193,MERCH300242,deposit,32.87,web,2024-02-15 15:36:39,approved,False
TXN20240215005752,ACCT203291,MERCH300288,purchase,37.06,in_person,2024-02-15 21:23:26,approved,False
TXN20240215005753,ACCT200462,MERCH300148,purchase,41.17,web,2024-02-15 22:39:12,approved,False
TXN20240215005754,ACCT200636,MERCH300020,purchase,44.69,web,2024-02-15 22:18:10,approved,False
TXN20240215005755,ACCT204411,MERCH300077,purchase,30.09,web,2024-02-15 00:38:43,approved,False
TXN20240215005756,ACCT202582,MERCH300188,purchase,51.94,in_person,2024-02-15 22:34:17,approved,False
TXN20240215005757,ACCT200191,MERCH300036,purchase,37.78,web,2024-02-15 20:55:08,approved,False
TXN20240215005758,ACCT203859,MERCH300027,purchase,34.81,atm,2024-02-15 18:39:04,approved,False
TXN20240215005759,ACCT200645,MERCH300213,purchase,24.12,atm,2024-02-15 03:49:23,approved,False
TXN20240215005760,ACCT203758,MERCH300267,deposit,34.86,web,2024-02-15 15:00:40,approved,False
TXN20240215005761,ACCT200839,MERCH300070,purchase,16.03,in_person,2024-02-15 14:36:06,approved,False
TXN20240215005762,ACCT202534,MERCH300162,withdrawal,174.42,in_person,2024-02-15 18:52:04,approved,False
TXN20240215005763,ACCT204979,MERCH300176,purchase,17.04,in_person,2024-02-15 07:02:17,approved,False
TXN20240215005764,ACCT200442,MERCH300008,purchase,54.38,web,2024-02-15 16:41:01,approved,False
TXN20240215005765,ACCT206297,MERCH300245,purchase,135.96,mobile,2024-02-15 20:51:03,approved,False
TXN20240215005766,ACCT204995,MERCH300115,purchase,3.82,in_person,2024-02-15 13:53:25,approved,False
TXN20240215005767,ACCT206447,MERCH300145,deposit,10.35,mobile,2024-02-15 11:53:58,approved,False
TXN20240215005768,ACCT201300,MERCH300063,purchase,18.19,web,2024-02-15 14:31:38,approved,False
TXN20240215005769,ACCT200668,MERCH300208,purchase,83.18,web,2024-02-15 01:49:04,approved,False
TXN20240215005770,ACCT205943,MERCH300041,withdrawal,61.11,mobile,2024-02-15 00:01:35,approved,False
TXN20240215005771,ACCT201438,MERCH300262,purchase,13.25,in_person,2024-02-15 21:45:00,declined,False
TXN20240215005772,ACCT205285,MERCH300169,purchase,273.5,in_person,2024-02-15 13:17:07,approved,False
TXN20240215005773,ACCT201131,MERCH300122,purchase,10.42,web,2024-02-15 01:19:08,approved,False
TXN20240215005774,ACCT206088,MERCH300203,transfer,87.11,mobile,2024-02-15 09:38:10,approved,False
TXN20240215005775,ACCT205585,MERCH300024,withdrawal,8.33,web,2024-02-15 08:31:04,approved,False
TXN20240215005776,ACCT201577,MERCH300273,purchase,117.13,in_person,2024-02-15 07:58:15,declined,False
TXN20240215005777,ACCT204213,MERCH300109,transfer,36.39,web,2024-02-15 11:26:07,approved,False
TXN20240215005778,ACCT205027,MERCH300083,purchase,81.14,in_person,2024-02-15 15:38:14,approved,False
TXN20240215005779,ACCT200622,MERCH300205,deposit,66.54,web,2024-02-15 05:19:29,approved,False
TXN20240215005780,ACCT204288,MERCH300147,purchase,42.78,mobile,2024-02-15 05:45:54,approved,False
TXN20240215005781,ACCT206104,MERCH300108,purchase,18.47,web,2024-02-15 08:28:46,approved,False
TXN20240215005782,ACCT204027,MERCH300269,transfer,117.07,atm,2024-02-15 11:02:58,approved,False
TXN20240215005783,ACCT202235,MERCH300242,purchase,11.58,mobile,2024-02-15 17:30:33,declined,False
TXN20240215005784,ACCT205438,MERCH300189,purchase,20.25,atm,2024-02-15 12:37:06,approved,False
TXN20240215005785,ACCT204070,MERCH300202,transfer,28.91,in_person,2024-02-15 21:18:56,declined,False
TXN20240215005786,ACCT203944,MERCH300030,deposit,116.71,web,2024-02-15 13:33:50,approved,False
TXN20240215005787,ACCT201404,MERCH300076,purchase,74.32,atm,2024-02-15 12:17:01,declined,False
TXN20240215005788,ACCT202480,MERCH300193,purchase,9.27,mobile,2024-02-15 03:28:02,approved,False
TXN20240215005789,ACCT203663,MERCH300020,withdrawal,63.05,web,2024-02-15 14:28:21,approved,False
TXN20240215005790,ACCT201607,MERCH300055,purchase,9.25,mobile,2024-02-15 19:02:17,approved,False
TXN20240215005791,ACCT202106,MERCH300002,purchase,30.66,web,2024-02-15 09:37:23,approved,False
TXN20240215005792,ACCT201841,MERCH300176,purchase,26.43,in_person,2024-02-15 17:32:00,approved,False
TXN20240215005793,ACCT205053,MERCH300032,purchase,11.1,web,2024-02-15 00:20:40,approved,False
TXN20240215005794,ACCT202695,MERCH300035,purchase,11.38,web,2024-02-15 19:42:29,approved,False
TXN20240215005795,ACCT204425,MERCH300045,transfer,108.11,in_person,2024-02-15 09:09:46,approved,False
TXN20240215005796,ACCT202204,MERCH300181,purchase,85.3,atm,2024-02-15 18:37:22,approved,False
TXN20240215005797,ACCT200425,MERCH300219,withdrawal,17.32,mobile,2024-02-15 14:24:16,approved,False
TXN20240215005798,ACCT201518,MERCH300206,purchase,95.96,atm,2024-02-15 16:56:47,approved,False
TXN20240215005799,ACCT204857,MERCH300224,withdrawal,35.13,web,2024-02-15 10:56:41,approved,False
TXN20240215005800,ACCT200645,MERCH300084,withdrawal,45.06,in_person,2024-02-15 23:16:46,approved,False
TXN20240215005801,ACCT202654,MERCH300263,deposit,42.91,in_person,2024-02-15 14:12:49,approved,False
TXN20240215005802,ACCT202467,MERCH300166,withdrawal,10.7,web,2024-02-15 18:46:47,approved,False
TXN20240215005803,ACCT201097,MERCH300217,withdrawal,89.78,web,2024-02-15 03:35:59,approved,False
TXN20240215005804,ACCT200814,MERCH300202,purchase,44.83,atm,2024-02-15 09:06:23,approved,False
TXN20240215005805,ACCT200971,MERCH300167,purchase,36.09,in_person,2024-02-15 02:27:40,approved,False
TXN20240215005806,ACCT203853,MERCH300107,purchase,48.78,mobile,2024-02-15 01:44:57,approved,False
TXN20240215005807,ACCT201454,MERCH300071,withdrawal,21.55,atm,2024-02-15 07:12:14,approved,False
TXN20240215005808,ACCT206422,MERCH300141,transfer,174.52,mobile,2024-02-15 08:32:05,approved,False
TXN20240215005809,ACCT206252,MERCH300175,purchase,18.6,mobile,2024-02-15 13:09:33,reversed,False
TXN20240215005810,ACCT200164,MERCH300193,transfer,44.25,in_person,2024-02-15 03:09:23,reversed,False
TXN20240215005811,ACCT205304,MERCH300020,purchase,1.38,web,2024-02-15 22:25:14,approved,False
TXN20240215005812,ACCT200199,MERCH300093,purchase,20.43,web,2024-02-15 01:20:45,approved,False
TXN20240215005813,ACCT202282,MERCH300245,deposit,28.22,in_person,2024-02-15 19:15:15,approved,False
TXN20240215005814,ACCT204885,MERCH300136,purchase,22.68,in_person,2024-02-15 14:43:48,approved,False
TXN20240215005815,ACCT205811,MERCH300112,purchase,47.61,mobile,2024-02-15 11:13:59,approved,False
TXN20240215005816,ACCT203114,MERCH300107,purchase,18.09,web,2024-02-15 22:42:11,approved,False
TXN20240215005817,ACCT201082,MERCH300167,purchase,21.07,in_person,2024-02-15 12:45:04,approved,False
TXN20240215005818,ACCT206064,MERCH300128,transfer,106.03,mobile,2024-02-15 16:44:47,approved,False
TXN20240215005819,ACCT203358,MERCH300117,purchase,32.16,atm,2024-02-15 08:07:30,approved,False
TXN20240215005820,ACCT205091,MERCH300017,purchase,256.71,in_person,2024-02-15 00:55:14,approved,False
TXN20240215005821,ACCT200052,MERCH300270,purchase,34.84,mobile,2024-02-15 09:54:23,approved,False
TXN20240215005822,ACCT204675,MERCH300131,purchase,67.57,web,2024-02-15 14:28:12,approved,False
TXN20240215005823,ACCT206137,MERCH300093,purchase,64.38,mobile,2024-02-15 16:18:17,approved,False
TXN20240215005824,ACCT203759,MERCH300030,purchase,56.51,in_person,2024-02-15 16:06:18,declined,False
TXN20240215005825,ACCT205612,MERCH300123,transfer,35.35,web,2024-02-15 09:06:31,approved,False
TXN20240215005826,ACCT202740,MERCH300245,purchase,24.52,mobile,2024-02-15 06:38:16,approved,False
TXN20240215005827,ACCT202845,MERCH300187,transfer,53.09,atm,2024-02-15 11:23:08,approved,False
TXN20240215005828,ACCT202401,MERCH300140,purchase,9.39,in_person,2024-02-15 11:11:18,approved,False
TXN20240215005829,ACCT203629,MERCH300201,purchase,184.01,atm,2024-02-15 20:01:49,approved,False
TXN20240215005830,ACCT203518,MERCH300002,withdrawal,37.42,in_person,2024-02-15 22:43:57,approved,False
TXN20240215005831,ACCT202673,MERCH300065,deposit,41.21,mobile,2024-02-15 21:47:02,approved,False
TXN20240215005832,ACCT205748,MERCH300178,purchase,23.66,web,2024-02-15 19:07:19,approved,False
TXN20240215005833,ACCT205021,MERCH300152,purchase,18.72,atm,2024-02-15 18:15:04,approved,False
TXN20240215005834,ACCT204969,MERCH300145,transfer,12.5,mobile,2024-02-15 10:27:53,approved,False
TXN20240215005835,ACCT204732,MERCH300181,purchase,245.86,web,2024-02-15 10:18:04,approved,False
TXN20240215005836,ACCT202449,MERCH300297,purchase,76.43,web,2024-02-15 04:58:38,approved,False
TXN20240215005837,ACCT206221,MERCH300248,purchase,32.75,web,2024-02-15 15:08:29,approved,False
TXN20240215005838,ACCT202889,MERCH300210,deposit,17.58,mobile,2024-02-15 09:18:11,approved,False
TXN20240215005839,ACCT203354,MERCH300088,purchase,44.01,atm,2024-02-15 19:21:20,approved,False
TXN20240215005840,ACCT201220,MERCH300242,purchase,44.46,atm,2024-02-15 01:43:31,declined,False
TXN20240215005841,ACCT200695,MERCH300090,purchase,96.29,in_person,2024-02-15 03:23:08,approved,False
TXN20240215005842,ACCT204195,MERCH300287,purchase,34.26,mobile,2024-02-15 10:22:48,approved,False
TXN20240215005843,ACCT206190,MERCH300081,purchase,19.18,web,2024-02-15 22:29:00,approved,False
TXN20240215005844,ACCT205162,MERCH300150,purchase,29.96,atm,2024-02-15 06:47:16,approved,False
TXN20240215005845,ACCT205440,MERCH300225,purchase,154.74,mobile,2024-02-15 07:26:41,approved,False
TXN20240215005846,ACCT200415,MERCH300112,purchase,32.99,web,2024-02-15 11:19:26,declined,False
TXN20240215005847,ACCT206237,MERCH300110,purchase,72.36,web,2024-02-15 10:20:38,approved,False
TXN20240215005848,ACCT202864,MERCH300269,purchase,28.16,mobile,2024-02-15 03:38:43,approved,False
TXN20240215005849,ACCT204948,MERCH300054,withdrawal,68.26,atm,2024-02-15 05:44:58,approved,False
TXN20240215005850,ACCT203148,MERCH300071,withdrawal,238.25,atm,2024-02-15 15:42:23,approved,False
TXN20240215005851,ACCT203579,MERCH300239,transfer,48.17,in_person,2024-02-15 11:52:20,approved,False
TXN20240215005852,ACCT202672,MERCH300269,purchase,78.66,mobile,2024-02-15 14:38:41,approved,False
TXN20240215005853,ACCT206017,MERCH300112,purchase,20.19,web,2024-02-15 04:16:27,approved,False
TXN20240215005854,ACCT205817,MERCH300232,purchase,27.11,web,2024-02-15 16:08:50,approved,False
TXN20240215005855,ACCT203487,MERCH300297,purchase,59.82,in_person,2024-02-15 14:34:40,approved,False
TXN20240215005856,ACCT205207,MERCH300012,purchase,24.39,mobile,2024-02-15 14:11:43,approved,False
TXN20240215005857,ACCT203465,MERCH300221,purchase,73.54,mobile,2024-02-15 14:16:26,approved,False
TXN20240215005858,ACCT206396,MERCH300082,purchase,49.52,mobile,2024-02-15 22:12:43,approved,False
TXN20240215005859,ACCT201390,MERCH300257,purchase,98.96,in_person,2024-02-15 23:55:24,approved,False
TXN20240215005860,ACCT200439,MERCH300077,purchase,28.87,mobile,2024-02-15 15:24:13,approved,False
TXN20240215005861,ACCT202824,MERCH300183,purchase,63.34,in_person,2024-02-15 01:31:16,approved,False
TXN20240215005862,ACCT202095,MERCH300265,withdrawal,270.13,web,2024-02-15 10:27:26,approved,False
TXN20240215005863,ACCT201142,MERCH300121,purchase,55.94,web,2024-02-15 19:47:02,approved,False
TXN20240215005864,ACCT202918,MERCH300133,purchase,81.97,atm,2024-02-15 01:06:55,reversed,False
TXN20240215005865,ACCT201405,MERCH300180,withdrawal,48.19,in_person,2024-02-15 20:07:16,approved,False
TXN20240215005866,ACCT200299,MERCH300133,purchase,107.62,in_person,2024-02-15 15:20:07,approved,False
TXN20240215005867,ACCT202361,MERCH300076,transfer,8.89,web,2024-02-15 07:56:50,approved,False
TXN20240215005868,ACCT201504,MERCH300014,purchase,213.63,mobile,2024-02-15 19:08:49,approved,False
TXN20240215005869,ACCT205237,MERCH300027,purchase,75.75,mobile,2024-02-15 17:41:34,approved,False
TXN20240215005870,ACCT205810,MERCH300066,purchase,23.12,web,2024-02-15 12:51:59,approved,False
TXN20240215005871,ACCT203407,MERCH300048,transfer,39.8,web,2024-02-15 15:32:08,approved,False
TXN20240215005872,ACCT200375,MERCH300088,deposit,12.69,in_person,2024-02-15 22:24:01,approved,False
TXN20240215005873,ACCT203032,MERCH300019,transfer,55.06,in_person,2024-02-15 16:26:18,approved,False
TXN20240215005874,ACCT204316,MERCH300055,purchase,38.19,web,2024-02-15 00:00:01,approved,False
TXN20240215005875,ACCT201396,MERCH300203,purchase,147.09,mobile,2024-02-15 09:59:22,approved,False
TXN20240215005876,ACCT204996,MERCH300211,purchase,87.55,web,2024-02-15 03:21:05,approved,False
TXN20240215005877,ACCT203433,MERCH300084,transfer,89.94,in_person,2024-02-15 07:10:14,approved,False
TXN20240215005878,ACCT200542,MERCH300192,transfer,122.95,web,2024-02-15 17:00:44,approved,False
TXN20240215005879,ACCT200942,MERCH300064,withdrawal,52.06,mobile,2024-02-15 12:00:53,approved,False
TXN20240215005880,ACCT203221,MERCH300032,purchase,3.47,in_person,2024-02-15 07:08:47,approved,False
TXN20240215005881,ACCT203753,MERCH300242,purchase,51.6,atm,2024-02-15 12:16:14,approved,False
TXN20240215005882,ACCT203042,MERCH300086,purchase,66.03,web,2024-02-15 15:35:40,approved,False
TXN20240215005883,ACCT205780,MERCH300215,transfer,150.63,web,2024-02-15 16:52:17,approved,False
TXN20240215005884,ACCT204476,MERCH300293,withdrawal,239.45,web,2024-02-15 01:51:10,approved,False
TXN20240215005885,ACCT204874,MERCH300147,deposit,31.71,in_person,2024-02-15 12:59:20,approved,False
TXN20240215005886,ACCT202740,MERCH300045,purchase,18.81,in_person,2024-02-15 20:01:37,approved,False
TXN20240215005887,ACCT200263,MERCH300245,purchase,60.0,in_person,2024-02-15 01:42:41,approved,False
TXN20240215005888,ACCT203727,MERCH300003,withdrawal,21.24,atm,2024-02-15 14:22:17,approved,False
TXN20240215005889,ACCT200762,MERCH300068,transfer,37.21,atm,2024-02-15 18:21:28,approved,False
TXN20240215005890,ACCT206363,MERCH300111,purchase,20.04,in_person,2024-02-15 08:49:54,approved,False
TXN20240215005891,ACCT205836,MERCH300222,deposit,33.31,in_person,2024-02-15 00:32:05,approved,False
TXN20240215005892,ACCT200047,MERCH300011,purchase,97.56,web,2024-02-15 22:32:28,approved,False
TXN20240215005893,ACCT202805,MERCH300268,withdrawal,89.94,in_person,2024-02-15 04:02:22,approved,False
TXN20240215005894,ACCT202632,MERCH300043,purchase,31.09,web,2024-02-15 05:07:38,approved,False
TXN20240215005895,ACCT202957,MERCH300259,transfer,96.19,mobile,2024-02-15 21:31:26,approved,False
TXN20240215005896,ACCT200396,MERCH300065,purchase,179.98,in_person,2024-02-15 15:01:23,approved,False
TXN20240215005897,ACCT205557,MERCH300236,withdrawal,28.36,in_person,2024-02-15 04:09:00,approved,False
TXN20240215005898,ACCT206071,MERCH300031,purchase,34.69,in_person,2024-02-15 23:01:59,approved,False
TXN20240215005899,ACCT200183,MERCH300227,withdrawal,13.75,web,2024-02-15 22:48:23,approved,False
TXN20240215005900,ACCT204875,MERCH300166,purchase,55.41,in_person,2024-02-15 09:57:57,approved,True
TXN20240215005901,ACCT201640,MERCH300009,purchase,41.32,mobile,2024-02-15 05:27:11,approved,False
TXN20240215005902,ACCT200745,MERCH300077,purchase,57.09,in_person,2024-02-15 23:35:01,approved,False
TXN20240215005903,ACCT200431,MERCH300077,transfer,27.26,in_person,2024-02-15 22:40:45,approved,False
TXN20240215005904,ACCT202613,MERCH300116,withdrawal,35.5,in_person,2024-02-15 02:37:37,approved,False
TXN20240215005905,ACCT204731,MERCH300158,purchase,11.54,atm,2024-02-15 10:45:26,approved,False
TXN20240215005906,ACCT204577,MERCH300283,withdrawal,187.9,web,2024-02-15 23:20:45,approved,False
TXN20240215005907,ACCT203082,MERCH300064,purchase,17.88,in_person,2024-02-15 05:38:34,approved,False
TXN20240215005908,ACCT203094,MERCH300073,withdrawal,24.53,in_person,2024-02-15 19:26:12,approved,False
TXN20240215005909,ACCT201927,MERCH300166,deposit,29.05,web,2024-02-15 18:55:05,approved,False
TXN20240215005910,ACCT205664,MERCH300174,purchase,48.32,web,2024-02-15 08:08:25,approved,False
TXN20240215005911,ACCT202325,MERCH300140,purchase,48.94,web,2024-02-15 20:38:43,approved,False
TXN20240215005912,ACCT200379,MERCH300243,purchase,45.96,web,2024-02-15 17:42:32,approved,False
TXN20240215005913,ACCT205851,MERCH300197,transfer,41.61,mobile,2024-02-15 04:24:40,approved,False
TXN20240215005914,ACCT203984,MERCH300270,purchase,67.28,web,2024-02-15 19:00:40,approved,False
TXN20240215005915,ACCT204632,MERCH300061,transfer,30.16,mobile,2024-02-15 22:22:17,approved,False
TXN20240215005916,ACCT200884,MERCH300162,purchase,14.94,atm,2024-02-15 22:21:11,approved,False
TXN20240215005917,ACCT206176,MERCH300106,purchase,13.09,in_person,2024-02-15 05:41:12,approved,False
TXN20240215005918,ACCT205536,MERCH300265,purchase,11.11,web,2024-02-15 00:34:30,approved,False
TXN20240215005919,ACCT205379,MERCH300024,transfer,22.2,web,2024-02-15 02:28:10,approved,False
TXN20240215005920,ACCT204589,MERCH300269,purchase,94.9,mobile,2024-02-15 06:03:11,approved,False
TXN20240215005921,ACCT201696,MERCH300257,transfer,36.12,mobile,2024-02-15 03:52:09,declined,False
TXN20240215005922,ACCT202904,MERCH300033,purchase,19.56,in_person,2024-02-15 21:34:43,approved,False
TXN20240215005923,ACCT205362,MERCH300047,withdrawal,49.97,in_person,2024-02-15 07:50:45,declined,False
TXN20240215005924,ACCT205101,MERCH300135,deposit,147.89,in_person,2024-02-15 23:18:34,approved,False
TXN20240215005925,ACCT200163,MERCH300141,purchase,81.36,in_person,2024-02-15 15:27:16,approved,False
TXN20240215005926,ACCT201552,MERCH300205,purchase,30.74,in_person,2024-02-15 10:36:07,approved,False
TXN20240215005927,ACCT201100,MERCH300239,purchase,33.2,web,2024-02-15 17:56:30,approved,False
TXN20240215005928,ACCT203914,MERCH300170,purchase,70.16,web,2024-02-15 13:03:07,approved,False
TXN20240215005929,ACCT205763,MERCH300203,purchase,147.17,atm,2024-02-15 12:43:59,approved,False
TXN20240215005930,ACCT201765,MERCH300018,purchase,72.38,web,2024-02-15 00:20:36,approved,False
TXN20240215005931,ACCT200601,MERCH300092,purchase,67.73,in_person,2024-02-15 16:23:23,reversed,False
TXN20240215005932,ACCT200727,MERCH300218,purchase,23.22,mobile,2024-02-15 09:30:28,approved,False
TXN20240215005933,ACCT205523,MERCH300178,withdrawal,58.4,in_person,2024-02-15 21:34:31,approved,False
TXN20240215005934,ACCT206322,MERCH300131,purchase,31.42,mobile,2024-02-15 20:11:30,approved,False
TXN20240215005935,ACCT205725,MERCH300172,deposit,59.81,atm,2024-02-15 02:36:41,approved,False
TXN20240215005936,ACCT203676,MERCH300260,purchase,282.37,atm,2024-02-15 17:54:46,approved,False
TXN20240215005937,ACCT204953,MERCH300123,purchase,119.78,atm,2024-02-15 18:21:51,approved,False
TXN20240215005938,ACCT204215,MERCH300262,withdrawal,42.39,in_person,2024-02-15 12:29:52,approved,False
TXN20240215005939,ACCT202609,MERCH300274,purchase,25.79,web,2024-02-15 03:45:15,approved,False
TXN20240215005940,ACCT201244,MERCH300014,transfer,5.98,mobile,2024-02-15 00:09:59,approved,False
TXN20240215005941,ACCT201710,MERCH300137,purchase,55.63,web,2024-02-15 19:11:38,approved,False
TXN20240215005942,ACCT204799,MERCH300119,deposit,39.11,web,2024-02-15 19:58:13,approved,False
TXN20240215005943,ACCT205907,MERCH300294,transfer,92.24,web,2024-02-15 15:59:48,approved,False
TXN20240215005944,ACCT200197,MERCH300297,purchase,42.36,mobile,2024-02-15 20:08:48,approved,False
TXN20240215005945,ACCT206428,MERCH300286,withdrawal,82.37,in_person,2024-02-15 16:24:54,approved,False
TXN20240215005946,ACCT201125,MERCH300153,purchase,67.57,in_person,2024-02-15 02:32:36,approved,False
TXN20240215005947,ACCT203074,MERCH300213,purchase,53.12,in_person,2024-02-15 09:31:43,approved,False
TXN20240215005948,ACCT201017,MERCH300148,deposit,75.48,atm,2024-02-15 00:42:07,approved,False
TXN20240215005949,ACCT205847,MERCH300065,purchase,40.91,in_person,2024-02-15 05:34:13,approved,False
TXN20240215005950,ACCT202234,MERCH300166,purchase,39.24,in_person,2024-02-15 03:33:20,approved,False
TXN20240215005951,ACCT204244,MERCH300044,transfer,77.35,in_person,2024-02-15 11:27:27,declined,False
TXN20240215005952,ACCT204153,MERCH300263,purchase,51.83,web,2024-02-15 05:33:18,approved,False
TXN20240215005953,ACCT202620,MERCH300176,withdrawal,138.28,mobile,2024-02-15 04:33:41,approved,False
TXN20240215005954,ACCT200525,MERCH300247,transfer,244.08,web,2024-02-15 18:31:16,approved,False
TXN20240215005955,ACCT206266,MERCH300110,purchase,45.74,in_person,2024-02-15 23:26:26,approved,False
TXN20240215005956,ACCT202286,MERCH300086,purchase,11.39,in_person,2024-02-15 03:23:03,approved,False
TXN20240215005957,ACCT200371,MERCH300264,transfer,61.87,in_person,2024-02-15 08:54:06,approved,False
TXN20240215005958,ACCT203327,MERCH300136,purchase,187.96,in_person,2024-02-15 20:46:08,approved,False
TXN20240215005959,ACCT201133,MERCH300041,purchase,47.26,in_person,2024-02-15 06:02:45,approved,False
TXN20240215005960,ACCT205613,MERCH300023,deposit,163.61,web,2024-02-15 13:32:16,approved,False
TXN20240215005961,ACCT203844,MERCH300188,purchase,59.41,atm,2024-02-15 23:55:18,approved,False
TXN20240215005962,ACCT202379,MERCH300139,purchase,36.77,atm,2024-02-15 18:52:38,approved,False
TXN20240215005963,ACCT203043,MERCH300235,withdrawal,7.21,mobile,2024-02-15 19:54:16,approved,False
TXN20240215005964,ACCT204747,MERCH300162,purchase,15.25,mobile,2024-02-15 04:15:47,approved,False
TXN20240215005965,ACCT204720,MERCH300113,transfer,32.49,web,2024-02-15 02:29:22,approved,False
TXN20240215005966,ACCT205507,MERCH300001,purchase,46.6,in_person,2024-02-15 13:44:57,approved,False
TXN20240215005967,ACCT204920,MERCH300298,purchase,31.18,web,2024-02-15 01:15:34,approved,False
TXN20240215005968,ACCT205289,MERCH300166,purchase,78.02,web,2024-02-15 01:26:00,approved,False
TXN20240215005969,ACCT205101,MERCH300111,purchase,57.34,in_person,2024-02-15 02:37:25,approved,False
TXN20240215005970,ACCT202794,MERCH300062,purchase,70.21,web,2024-02-15 10:36:43,approved,False
TXN20240215005971,ACCT200772,MERCH300138,transfer,34.14,mobile,2024-02-15 18:24:36,approved,False
TXN20240215005972,ACCT205716,MERCH300214,withdrawal,70.68,web,2024-02-15 21:45:05,approved,False
TXN20240215005973,ACCT203911,MERCH300031,purchase,22.58,web,2024-02-15 07:37:09,reversed,False
TXN20240215005974,ACCT204456,MERCH300230,purchase,3.75,atm,2024-02-15 16:52:55,approved,False
TXN20240215005975,ACCT204804,MERCH300212,purchase,75.44,mobile,2024-02-15 13:12:08,approved,False
TXN20240215005976,ACCT204241,MERCH300091,transfer,22.09,web,2024-02-15 00:25:28,approved,False
TXN20240215005977,ACCT205872,MERCH300276,purchase,40.39,web,2024-02-15 14:58:02,approved,False
TXN20240215005978,ACCT200255,MERCH300238,purchase,66.46,web,2024-02-15 00:43:13,approved,False
TXN20240215005979,ACCT201406,MERCH300297,deposit,34.07,in_person,2024-02-15 06:24:25,approved,False
TXN20240215005980,ACCT203931,MERCH300172,purchase,47.51,in_person,2024-02-15 06:24:37,approved,False
TXN20240215005981,ACCT202784,MERCH300020,purchase,106.58,atm,2024-02-15 22:06:40,approved,False
TXN20240215005982,ACCT204010,MERCH300196,purchase,30.93,in_person,2024-02-15 05:06:49,approved,False
TXN20240215005983,ACCT201631,MERCH300054,purchase,101.6,mobile,2024-02-15 13:27:53,approved,False
TXN20240215005984,ACCT202530,MERCH300231,purchase,103.04,in_person,2024-02-15 03:08:55,approved,False
TXN20240215005985,ACCT201881,MERCH300060,transfer,13.07,in_person,2024-02-15 09:46:31,approved,False
TXN20240215005986,ACCT201001,MERCH300233,purchase,35.55,web,2024-02-15 16:30:05,approved,False
TXN20240215005987,ACCT201810,MERCH300293,deposit,8.47,in_person,2024-02-15 15:35:58,approved,False
TXN20240215005988,ACCT204708,MERCH300077,purchase,22.6,in_person,2024-02-15 15:57:46,approved,False
TXN20240215005989,ACCT206079,MERCH300256,transfer,48.93,in_person,2024-02-15 17:02:13,declined,False
TXN20240215005990,ACCT203095,MERCH300078,purchase,78.05,web,2024-02-15 01:06:34,approved,False
TXN20240215005991,ACCT205524,MERCH300218,purchase,90.77,in_person,2024-02-15 04:44:11,approved,False
TXN20240215005992,ACCT205602,MERCH300221,purchase,55.2,web,2024-02-15 16:55:28,approved,False
TXN20240215005993,ACCT204229,MERCH300105,transfer,23.95,in_person,2024-02-15 18:03:02,approved,False
TXN20240215005994,ACCT202944,MERCH300049,purchase,49.02,in_person,2024-02-15 18:28:55,approved,False
TXN20240215005995,ACCT204361,MERCH300001,purchase,39.44,mobile,2024-02-15 15:10:54,approved,False
TXN20240215005996,ACCT201533,MERCH300047,purchase,45.78,atm,2024-02-15 11:35:12,approved,False
TXN20240215005997,ACCT200162,MERCH300158,transfer,265.63,web,2024-02-15 06:17:01,approved,False
TXN20240215005998,ACCT205983,MERCH300256,purchase,23.84,web,2024-02-15 11:47:58,approved,False
TXN20240215005999,ACCT201967,MERCH300145,purchase,21.18,web,2024-02-15 10:34:38,approved,False
TXN20240215006000,ACCT203833,MERCH300284,withdrawal,13.51,web,2024-02-15 16:20:36,declined,False
TXN20240215006001,ACCT205886,MERCH300023,purchase,69.14,web,2024-02-15 13:41:30,approved,False
TXN20240215006002,ACCT200288,MERCH300157,deposit,219.34,in_person,2024-02-15 10:51:15,declined,False
TXN20240215006003,ACCT200177,MERCH300160,purchase,61.17,in_person,2024-02-15 05:36:50,approved,False
TXN20240215006004,ACCT206179,MERCH300268,purchase,6.15,mobile,2024-02-15 14:50:09,approved,False
TXN20240215006005,ACCT201081,MERCH300272,purchase,30.77,mobile,2024-02-15 22:56:50,approved,False
TXN20240215006006,ACCT205842,MERCH300034,purchase,70.97,in_person,2024-02-15 04:49:52,approved,False
TXN20240215006007,ACCT200272,MERCH300194,transfer,75.12,mobile,2024-02-15 22:51:41,approved,False
TXN20240215006008,ACCT206075,MERCH300246,purchase,28.63,mobile,2024-02-15 02:33:21,approved,False
TXN20240215006009,ACCT205235,MERCH300096,purchase,28.7,in_person,2024-02-15 20:08:30,approved,False
TXN20240215006010,ACCT204197,MERCH300066,purchase,62.66,web,2024-02-15 13:29:26,approved,False
TXN20240215006011,ACCT206299,MERCH300048,purchase,22.68,in_person,2024-02-15 17:25:48,approved,False
TXN20240215006012,ACCT201935,MERCH300075,purchase,15.94,in_person,2024-02-15 02:23:46,approved,False
TXN20240215006013,ACCT204644,MERCH300134,transfer,191.58,web,2024-02-15 19:06:49,approved,False
TXN20240215006014,ACCT203540,MERCH300090,transfer,49.08,in_person,2024-02-15 06:57:47,approved,False
TXN20240215006015,ACCT203974,MERCH300023,purchase,17.26,in_person,2024-02-15 15:19:30,approved,False
TXN20240215006016,ACCT200711,MERCH300214,deposit,128.34,web,2024-02-15 05:49:53,approved,False
TXN20240215006017,ACCT200984,MERCH300185,purchase,58.45,in_person,2024-02-15 05:40:52,approved,False
TXN20240215006018,ACCT202658,MERCH300162,transfer,92.49,in_person,2024-02-15 03:24:34,approved,False
TXN20240215006019,ACCT203485,MERCH300079,purchase,31.36,web,2024-02-15 17:33:30,approved,False
TXN20240215006020,ACCT203881,MERCH300058,transfer,161.38,web,2024-02-15 11:56:08,approved,False
TXN20240215006021,ACCT200978,MERCH300064,purchase,25.59,mobile,2024-02-15 11:07:24,approved,False
TXN20240215006022,ACCT202331,MERCH300190,purchase,10.62,web,2024-02-15 02:41:30,approved,False
TXN20240215006023,ACCT206192,MERCH300150,transfer,32.21,web,2024-02-15 16:33:35,approved,False
TXN20240215006024,ACCT202212,MERCH300099,purchase,201.2,in_person,2024-02-15 21:29:40,approved,False
TXN20240215006025,ACCT203856,MERCH300056,transfer,36.04,mobile,2024-02-15 18:01:09,approved,False
TXN20240215006026,ACCT200187,MERCH300264,transfer,56.55,in_person,2024-02-15 02:33:40,approved,False
TXN20240215006027,ACCT201402,MERCH300209,purchase,32.19,atm,2024-02-15 23:47:38,approved,False
TXN20240215006028,ACCT200250,MERCH300209,transfer,4.47,in_person,2024-02-15 13:17:50,declined,False
TXN20240215006029,ACCT204853,MERCH300024,purchase,5.21,web,2024-02-15 20:39:38,approved,False
TXN20240215006030,ACCT203435,MERCH300139,purchase,17.63,web,2024-02-15 06:31:24,approved,False
TXN20240215006031,ACCT203888,MERCH300211,withdrawal,23.57,web,2024-02-15 01:54:15,declined,False
TXN20240215006032,ACCT200364,MERCH300178,withdrawal,18.81,web,2024-02-15 19:12:58,approved,False
TXN20240215006033,ACCT205431,MERCH300039,purchase,8.41,mobile,2024-02-15 21:33:30,declined,False
TXN20240215006034,ACCT203196,MERCH300161,purchase,12.85,mobile,2024-02-15 16:39:02,approved,False
TXN20240215006035,ACCT205299,MERCH300089,transfer,34.08,mobile,2024-02-15 13:48:40,approved,False
TXN20240215006036,ACCT203108,MERCH300049,withdrawal,3.16,in_person,2024-02-15 15:43:17,approved,False
TXN20240215006037,ACCT202123,MERCH300113,purchase,91.6,in_person,2024-02-15 06:52:59,approved,False
TXN20240215006038,ACCT201523,MERCH300003,purchase,28.23,mobile,2024-02-15 20:13:29,approved,False
TXN20240215006039,ACCT206078,MERCH300151,deposit,105.4,web,2024-02-15 16:22:11,approved,False
TXN20240215006040,ACCT201932,MERCH300292,purchase,47.86,in_person,2024-02-15 19:47:37,approved,False
TXN20240215006041,ACCT204410,MERCH300205,transfer,100.34,web,2024-02-15 04:24:25,approved,False
TXN20240215006042,ACCT200357,MERCH300005,purchase,9.66,in_person,2024-02-15 07:01:39,approved,False
TXN20240215006043,ACCT200627,MERCH300271,purchase,6.38,in_person,2024-02-15 21:56:15,approved,False
TXN20240215006044,ACCT201822,MERCH300046,purchase,144.51,in_person,2024-02-15 16:48:24,approved,False
TXN20240215006045,ACCT204534,MERCH300195,deposit,31.01,in_person,2024-02-15 11:58:36,approved,False
TXN20240215006046,ACCT204364,MERCH300192,purchase,89.26,mobile,2024-02-15 06:12:56,approved,False
TXN20240215006047,ACCT200467,MERCH300233,purchase,65.45,atm,2024-02-15 18:53:53,approved,False
TXN20240215006048,ACCT204183,MERCH300087,purchase,11.32,atm,2024-02-15 10:17:43,approved,False
TXN20240215006049,ACCT204551,MERCH300211,purchase,4.99,atm,2024-02-15 10:55:36,approved,False
TXN20240215006050,ACCT202790,MERCH300243,purchase,27.71,in_person,2024-02-15 07:35:12,approved,False
TXN20240215006051,ACCT204028,MERCH300172,withdrawal,18.76,web,2024-02-15 00:58:10,approved,False
TXN20240215006052,ACCT202462,MERCH300273,deposit,71.85,mobile,2024-02-15 08:44:04,approved,False
TXN20240215006053,ACCT205083,MERCH300282,purchase,237.44,web,2024-02-15 21:36:47,approved,False
TXN20240215006054,ACCT202130,MERCH300081,purchase,23.46,web,2024-02-15 07:42:03,approved,False
TXN20240215006055,ACCT205183,MERCH300187,deposit,25.77,web,2024-02-15 09:47:32,approved,False
TXN20240215006056,ACCT205279,MERCH300290,withdrawal,15.08,in_person,2024-02-15 07:21:50,approved,False
TXN20240215006057,ACCT202710,MERCH300237,transfer,64.06,web,2024-02-15 12:32:17,approved,False
TXN20240215006058,ACCT204678,MERCH300010,purchase,173.04,in_person,2024-02-15 16:51:59,approved,False
TXN20240215006059,ACCT204876,MERCH300127,transfer,21.78,web,2024-02-15 06:23:28,approved,False
TXN20240215006060,ACCT201131,MERCH300214,purchase,15.58,mobile,2024-02-15 02:52:30,approved,False
TXN20240215006061,ACCT202202,MERCH300149,purchase,22.37,web,2024-02-15 18:02:40,approved,False
TXN20240215006062,ACCT205169,MERCH300110,purchase,10.48,in_person,2024-02-15 12:46:52,approved,False
TXN20240215006063,ACCT202109,MERCH300000,purchase,36.75,mobile,2024-02-15 07:44:17,approved,False
TXN20240215006064,ACCT202409,MERCH300217,deposit,45.26,mobile,2024-02-15 10:48:48,approved,False
TXN20240215006065,ACCT203021,MERCH300245,transfer,115.28,web,2024-02-15 04:14:06,approved,False
TXN20240215006066,ACCT203570,MERCH300042,purchase,101.63,mobile,2024-02-15 04:52:31,approved,False
TXN20240215006067,ACCT200094,MERCH300274,purchase,35.37,mobile,2024-02-15 11:21:04,approved,False
TXN20240215006068,ACCT201682,MERCH300127,purchase,21.35,in_person,2024-02-15 03:28:38,approved,False
TXN20240215006069,ACCT203594,MERCH300187,deposit,34.63,in_person,2024-02-15 10:13:18,approved,False
TXN20240215006070,ACCT202219,MERCH300001,purchase,36.5,in_person,2024-02-15 21:25:21,approved,False
TXN20240215006071,ACCT200534,MERCH300037,purchase,13.18,in_person,2024-02-15 03:19:58,approved,False
TXN20240215006072,ACCT206367,MERCH300244,purchase,15.64,web,2024-02-15 08:53:49,approved,False
TXN20240215006073,ACCT206090,MERCH300183,transfer,209.77,in_person,2024-02-15 18:42:52,approved,False
TXN20240215006074,ACCT203160,MERCH300132,purchase,29.56,in_person,2024-02-15 12:59:31,approved,False
TXN20240215006075,ACCT200781,MERCH300195,purchase,27.76,in_person,2024-02-15 08:51:18,approved,False
TXN20240215006076,ACCT205703,MERCH300178,purchase,587.42,web,2024-02-15 18:03:32,reversed,False
TXN20240215006077,ACCT200846,MERCH300005,deposit,21.04,in_person,2024-02-15 21:08:22,approved,False
TXN20240215006078,ACCT202413,MERCH300244,withdrawal,187.5,in_person,2024-02-15 22:44:42,approved,False
TXN20240215006079,ACCT201434,MERCH300004,purchase,20.21,web,2024-02-15 06:58:08,approved,False
TXN20240215006080,ACCT205486,MERCH300011,transfer,85.08,web,2024-02-15 12:04:54,approved,False
TXN20240215006081,ACCT200186,MERCH300225,purchase,39.93,web,2024-02-15 17:37:42,approved,False
TXN20240215006082,ACCT203122,MERCH300245,transfer,13.22,in_person,2024-02-15 10:12:56,reversed,False
TXN20240215006083,ACCT203430,MERCH300152,purchase,88.75,in_person,2024-02-15 23:39:46,approved,False
TXN20240215006084,ACCT205354,MERCH300271,purchase,156.39,in_person,2024-02-15 13:39:13,approved,False
TXN20240215006085,ACCT203793,MERCH300001,purchase,1.85,in_person,2024-02-15 15:43:07,approved,False
TXN20240215006086,ACCT205295,MERCH300099,transfer,32.63,atm,2024-02-15 15:08:24,approved,False
TXN20240215006087,ACCT201265,MERCH300261,purchase,31.29,in_person,2024-02-15 02:01:17,approved,False
TXN20240215006088,ACCT203214,MERCH300295,deposit,89.64,mobile,2024-02-15 15:42:47,approved,False
TXN20240215006089,ACCT200741,MERCH300100,purchase,15.42,mobile,2024-02-15 06:44:30,approved,False
TXN20240215006090,ACCT200749,MERCH300145,purchase,28.19,web,2024-02-15 20:16:29,approved,False
TXN20240215006091,ACCT205596,MERCH300029,purchase,19.77,web,2024-02-15 21:42:33,approved,False
TXN20240215006092,ACCT201817,MERCH300197,deposit,23.91,in_person,2024-02-15 23:49:47,declined,False
TXN20240215006093,ACCT201716,MERCH300174,purchase,52.53,in_person,2024-02-15 15:54:40,approved,False
TXN20240215006094,ACCT205161,MERCH300175,purchase,67.35,atm,2024-02-15 08:25:42,approved,False
TXN20240215006095,ACCT204600,MERCH300231,purchase,10.4,in_person,2024-02-15 09:57:50,approved,False
TXN20240215006096,ACCT203549,MERCH300286,deposit,36.75,in_person,2024-02-15 22:26:09,approved,False
TXN20240215006097,ACCT205862,MERCH300030,purchase,51.61,in_person,2024-02-15 00:21:09,approved,False
TXN20240215006098,ACCT204447,MERCH300181,transfer,561.58,web,2024-02-15 18:16:45,approved,False
TXN20240215006099,ACCT202609,MERCH300031,purchase,16.86,web,2024-02-15 15:09:06,approved,False
TXN20240215006100,ACCT201797,MERCH300140,purchase,22.64,web,2024-02-15 02:34:18,approved,False
TXN20240215006101,ACCT203353,MERCH300254,deposit,19.84,in_person,2024-02-15 02:29:02,approved,False
TXN20240215006102,ACCT200032,MERCH300115,purchase,10.49,in_person,2024-02-15 09:19:54,approved,False
TXN20240215006103,ACCT200633,MERCH300064,transfer,80.29,web,2024-02-15 02:16:46,approved,False
TXN20240215006104,ACCT204903,MERCH300016,purchase,43.43,atm,2024-02-15 09:36:09,approved,False
TXN20240215006105,ACCT204570,MERCH300190,purchase,259.93,web,2024-02-15 15:28:09,approved,False
TXN20240215006106,ACCT201201,MERCH300197,transfer,52.57,mobile,2024-02-15 20:30:09,approved,False
TXN20240215006107,ACCT201937,MERCH300042,transfer,208.45,in_person,2024-02-15 04:50:29,approved,False
TXN20240215006108,ACCT200044,MERCH300226,purchase,32.33,in_person,2024-02-15 11:37:17,declined,False
TXN20240215006109,ACCT201587,MERCH300019,purchase,38.59,mobile,2024-02-15 12:27:13,approved,False
TXN20240215006110,ACCT204299,MERCH300014,transfer,27.5,in_person,2024-02-15 02:49:29,approved,False
TXN20240215006111,ACCT205380,MERCH300228,transfer,54.86,in_person,2024-02-15 17:38:16,approved,False
TXN20240215006112,ACCT202981,MERCH300106,deposit,21.33,atm,2024-02-15 19:31:22,approved,False
TXN20240215006113,ACCT203258,MERCH300100,deposit,28.26,in_person,2024-02-15 11:02:25,approved,False
TXN20240215006114,ACCT201113,MERCH300299,transfer,22.95,atm,2024-02-15 04:33:57,approved,False
TXN20240215006115,ACCT200091,MERCH300098,withdrawal,98.5,in_person,2024-02-15 08:09:01,approved,False
TXN20240215006116,ACCT205583,MERCH300203,deposit,39.98,mobile,2024-02-15 21:46:14,approved,False
TXN20240215006117,ACCT204694,MERCH300195,withdrawal,18.18,web,2024-02-15 05:13:03,approved,False
TXN20240215006118,ACCT200123,MERCH300151,transfer,87.51,mobile,2024-02-15 19:57:09,approved,False
TXN20240215006119,ACCT206309,MERCH300057,purchase,70.07,in_person,2024-02-15 06:58:18,approved,False
TXN20240215006120,ACCT203683,MERCH300000,purchase,24.83,mobile,2024-02-15 10:30:37,approved,False
TXN20240215006121,ACCT203769,MERCH300265,purchase,23.59,mobile,2024-02-15 01:54:42,approved,False
TXN20240215006122,ACCT206340,MERCH300260,purchase,7.92,mobile,2024-02-15 17:54:50,reversed,False
TXN20240215006123,ACCT203927,MERCH300268,purchase,41.83,in_person,2024-02-15 04:06:18,approved,False
TXN20240215006124,ACCT204719,MERCH300189,deposit,18.75,in_person,2024-02-15 15:07:10,approved,False
TXN20240215006125,ACCT200308,MERCH300110,purchase,20.36,in_person,2024-02-15 14:21:42,approved,False
TXN20240215006126,ACCT204898,MERCH300213,transfer,100.17,web,2024-02-15 07:02:30,approved,False
TXN20240215006127,ACCT203753,MERCH300092,purchase,43.43,web,2024-02-15 02:21:47,approved,False
TXN20240215006128,ACCT203374,MERCH300027,purchase,45.46,mobile,2024-02-15 09:32:23,approved,False
TXN20240215006129,ACCT201988,MERCH300017,purchase,17.02,web,2024-02-15 01:13:39,approved,False
TXN20240215006130,ACCT204155,MERCH300101,transfer,18.7,web,2024-02-15 21:28:37,approved,False
TXN20240215006131,ACCT202834,MERCH300051,purchase,59.0,in_person,2024-02-15 10:23:15,approved,False
TXN20240215006132,ACCT205714,MERCH300222,purchase,67.81,mobile,2024-02-15 03:55:53,approved,False
TXN20240215006133,ACCT200287,MERCH300283,purchase,19.76,web,2024-02-15 21:01:31,approved,False
TXN20240215006134,ACCT200932,MERCH300158,purchase,58.12,in_person,2024-02-15 16:48:21,approved,False
TXN20240215006135,ACCT203430,MERCH300100,purchase,235.4,in_person,2024-02-15 20:13:01,approved,False
TXN20240215006136,ACCT203014,MERCH300106,purchase,59.31,web,2024-02-15 05:59:18,approved,False
TXN20240215006137,ACCT201229,MERCH300134,purchase,49.89,in_person,2024-02-15 23:06:19,approved,False
TXN20240215006138,ACCT201433,MERCH300028,purchase,14.66,in_person,2024-02-15 00:35:13,approved,False
TXN20240215006139,ACCT202385,MERCH300010,purchase,6.74,in_person,2024-02-15 16:06:19,approved,False
TXN20240215006140,ACCT206362,MERCH300083,purchase,79.55,in_person,2024-02-15 17:47:48,approved,False
TXN20240215006141,ACCT206343,MERCH300044,withdrawal,131.72,web,2024-02-15 07:58:55,approved,False
TXN20240215006142,ACCT204649,MERCH300289,purchase,21.09,mobile,2024-02-15 00:52:48,approved,False
TXN20240215006143,ACCT204859,MERCH300266,transfer,45.14,in_person,2024-02-15 06:46:37,approved,False
TXN20240215006144,ACCT205354,MERCH300083,purchase,47.43,mobile,2024-02-15 14:32:51,declined,False
TXN20240215006145,ACCT206145,MERCH300061,purchase,172.38,web,2024-02-15 22:20:31,approved,False
TXN20240215006146,ACCT201894,MERCH300019,purchase,38.35,web,2024-02-15 22:02:25,approved,False
TXN20240215006147,ACCT203678,MERCH300260,purchase,11.94,mobile,2024-02-15 19:18:50,approved,False
TXN20240215006148,ACCT203812,MERCH300257,purchase,20.59,in_person,2024-02-15 16:25:24,approved,False
TXN20240215006149,ACCT201107,MERCH300108,withdrawal,194.15,web,2024-02-15 19:31:27,approved,False
TXN20240215006150,ACCT202320,MERCH300292,purchase,33.57,in_person,2024-02-15 04:16:53,approved,False
TXN20240215006151,ACCT202039,MERCH300040,purchase,2.43,in_person,2024-02-15 18:30:18,approved,False
TXN20240215006152,ACCT204252,MERCH300101,transfer,14.45,web,2024-02-15 22:58:30,approved,False
TXN20240215006153,ACCT201825,MERCH300285,transfer,45.61,web,2024-02-15 20:24:23,approved,False
TXN20240215006154,ACCT205011,MERCH300118,transfer,13.37,web,2024-02-15 18:55:03,approved,False
TXN20240215006155,ACCT203870,MERCH300273,transfer,165.53,in_person,2024-02-15 02:43:54,approved,False
TXN20240215006156,ACCT204651,MERCH300247,purchase,50.35,web,2024-02-15 11:35:09,approved,False
TXN20240215006157,ACCT205924,MERCH300238,purchase,163.8,mobile,2024-02-15 14:54:32,approved,False
TXN20240215006158,ACCT202375,MERCH300238,purchase,480.04,in_person,2024-02-15 21:15:02,approved,False
TXN20240215006159,ACCT204218,MERCH300189,purchase,42.44,in_person,2024-02-15 12:04:11,approved,False
TXN20240215006160,ACCT202336,MERCH300295,purchase,332.19,web,2024-02-15 05:49:05,approved,False
TXN20240215006161,ACCT206102,MERCH300284,purchase,13.06,web,2024-02-15 16:34:38,reversed,False
TXN20240215006162,ACCT202486,MERCH300167,purchase,82.35,mobile,2024-02-15 01:47:46,approved,False
TXN20240215006163,ACCT203593,MERCH300077,purchase,41.86,in_person,2024-02-15 06:31:05,approved,False
TXN20240215006164,ACCT203268,MERCH300132,purchase,50.44,in_person,2024-02-15 16:32:23,declined,False
TXN20240215006165,ACCT205021,MERCH300133,purchase,36.92,in_person,2024-02-15 21:30:20,approved,False
TXN20240215006166,ACCT204887,MERCH300223,purchase,31.51,in_person,2024-02-15 23:56:56,approved,False
TXN20240215006167,ACCT202762,MERCH300126,purchase,60.12,in_person,2024-02-15 07:59:20,approved,False
TXN20240215006168,ACCT205175,MERCH300145,transfer,8.42,in_person,2024-02-15 19:08:20,approved,False
TXN20240215006169,ACCT204457,MERCH300003,purchase,45.17,mobile,2024-02-15 06:25:58,approved,False
TXN20240215006170,ACCT202868,MERCH300038,purchase,77.69,in_person,2024-02-15 09:27:19,approved,False
TXN20240215006171,ACCT200446,MERCH300202,purchase,5.32,web,2024-02-15 17:45:08,approved,False
TXN20240215006172,ACCT200041,MERCH300269,purchase,17.02,in_person,2024-02-15 10:52:35,approved,False
TXN20240215006173,ACCT201808,MERCH300262,purchase,21.9,atm,2024-02-15 23:28:51,approved,False
TXN20240215006174,ACCT203223,MERCH300190,purchase,31.82,in_person,2024-02-15 21:59:16,approved,False
TXN20240215006175,ACCT201292,MERCH300085,purchase,48.39,mobile,2024-02-15 07:41:36,approved,False
TXN20240215006176,ACCT205424,MERCH300247,purchase,6.02,in_person,2024-02-15 22:52:20,approved,False
TXN20240215006177,ACCT202730,MERCH300269,purchase,9.44,web,2024-02-15 07:11:41,approved,False
TXN20240215006178,ACCT204665,MERCH300236,deposit,26.87,atm,2024-02-15 02:49:14,approved,False
TXN20240215006179,ACCT204928,MERCH300096,purchase,17.22,atm,2024-02-15 21:17:36,approved,False
TXN20240215006180,ACCT202712,MERCH300123,transfer,68.91,web,2024-02-15 11:11:04,approved,False
TXN20240215006181,ACCT202309,MERCH300032,withdrawal,51.7,web,2024-02-15 15:14:05,approved,False
TXN20240215006182,ACCT206063,MERCH300029,transfer,133.0,mobile,2024-02-15 13:01:33,approved,False
TXN20240215006183,ACCT203516,MERCH300213,purchase,39.29,mobile,2024-02-15 09:58:20,approved,False
TXN20240215006184,ACCT206478,MERCH300150,withdrawal,164.42,web,2024-02-15 21:29:48,approved,False
TXN20240215006185,ACCT200771,MERCH300031,purchase,58.19,mobile,2024-02-15 16:26:56,approved,False
TXN20240215006186,ACCT203403,MERCH300086,purchase,51.39,web,2024-02-15 01:35:30,approved,False
TXN20240215006187,ACCT206339,MERCH300046,purchase,73.11,web,2024-02-15 21:23:16,approved,False
TXN20240215006188,ACCT200154,MERCH300290,purchase,658.75,in_person,2024-02-15 17:32:08,approved,False
TXN20240215006189,ACCT202100,MERCH300185,purchase,56.16,mobile,2024-02-15 09:50:18,approved,False
TXN20240215006190,ACCT204428,MERCH300037,withdrawal,82.56,atm,2024-02-15 02:56:09,approved,False
TXN20240215006191,ACCT204805,MERCH300248,purchase,12.56,in_person,2024-02-15 21:30:34,approved,False
TXN20240215006192,ACCT204015,MERCH300066,withdrawal,74.91,in_person,2024-02-15 07:51:28,approved,False
TXN20240215006193,ACCT201880,MERCH300266,purchase,15.9,mobile,2024-02-15 00:35:24,approved,False
TXN20240215006194,ACCT202234,MERCH300033,transfer,30.82,web,2024-02-15 02:35:31,approved,False
TXN20240215006195,ACCT205980,MERCH300053,purchase,49.71,web,2024-02-15 23:41:53,approved,False
TXN20240215006196,ACCT200005,MERCH300081,purchase,130.95,mobile,2024-02-15 02:12:15,approved,False
TXN20240215006197,ACCT200863,MERCH300190,purchase,57.33,in_person,2024-02-15 19:04:05,approved,False
TXN20240215006198,ACCT205102,MERCH300241,purchase,66.93,atm,2024-02-15 22:44:15,approved,False
TXN20240215006199,ACCT205780,MERCH300078,withdrawal,515.25,mobile,2024-02-15 00:21:24,approved,False
TXN20240215006200,ACCT201382,MERCH300236,purchase,8.5,in_person,2024-02-15 12:21:16,approved,False
TXN20240215006201,ACCT200069,MERCH300072,purchase,10.68,web,2024-02-15 13:01:43,approved,False
TXN20240215006202,ACCT206024,MERCH300257,purchase,17.57,mobile,2024-02-15 15:54:22,approved,False
TXN20240215006203,ACCT205975,MERCH300032,withdrawal,287.48,web,2024-02-15 17:38:52,approved,False
TXN20240215006204,ACCT201726,MERCH300143,withdrawal,23.49,mobile,2024-02-15 18:17:05,approved,False
TXN20240215006205,ACCT200354,MERCH300125,deposit,21.35,mobile,2024-02-15 17:09:38,approved,False
TXN20240215006206,ACCT204224,MERCH300215,transfer,10.34,in_person,2024-02-15 15:33:50,approved,False
TXN20240215006207,ACCT201629,MERCH300260,purchase,12.1,web,2024-02-15 17:03:06,approved,False
TXN20240215006208,ACCT203309,MERCH300285,purchase,11.46,mobile,2024-02-15 18:42:05,approved,False
TXN20240215006209,ACCT200747,MERCH300185,deposit,6.14,in_person,2024-02-15 00:37:56,approved,False
TXN20240215006210,ACCT204326,MERCH300220,purchase,35.07,web,2024-02-15 10:15:25,approved,False
TXN20240215006211,ACCT202589,MERCH300280,withdrawal,22.06,web,2024-02-15 03:04:04,approved,False
TXN20240215006212,ACCT202123,MERCH300251,purchase,32.61,in_person,2024-02-15 21:58:56,approved,False
TXN20240215006213,ACCT202540,MERCH300048,transfer,134.68,in_person,2024-02-15 14:07:32,approved,False
TXN20240215006214,ACCT204619,MERCH300021,withdrawal,29.49,in_person,2024-02-15 02:14:36,approved,False
TXN20240215006215,ACCT205537,MERCH300021,purchase,204.48,mobile,2024-02-15 00:12:59,approved,False
TXN20240215006216,ACCT203346,MERCH300089,purchase,65.19,in_person,2024-02-15 14:04:06,approved,False
TXN20240215006217,ACCT200791,MERCH300247,transfer,172.21,web,2024-02-15 11:12:53,approved,False
TXN20240215006218,ACCT203948,MERCH300043,purchase,15.1,mobile,2024-02-15 01:22:31,reversed,False
TXN20240215006219,ACCT202121,MERCH300191,purchase,72.44,web,2024-02-15 04:36:20,approved,False
TXN20240215006220,ACCT205002,MERCH300080,deposit,40.93,web,2024-02-15 09:50:18,approved,False
TXN20240215006221,ACCT205846,MERCH300042,transfer,47.91,mobile,2024-02-15 01:38:33,approved,False
TXN20240215006222,ACCT200140,MERCH300169,purchase,23.95,web,2024-02-15 13:47:36,approved,False
TXN20240215006223,ACCT203309,MERCH300206,purchase,17.69,mobile,2024-02-15 10:32:38,approved,False
TXN20240215006224,ACCT204642,MERCH300127,purchase,16.5,mobile,2024-02-15 23:26:44,approved,False
TXN20240215006225,ACCT200250,MERCH300130,purchase,19.02,in_person,2024-02-15 20:54:12,approved,False
TXN20240215006226,ACCT202496,MERCH300028,purchase,224.25,in_person,2024-02-15 11:34:19,approved,False
TXN20240215006227,ACCT202223,MERCH300069,purchase,153.35,mobile,2024-02-15 01:20:15,approved,False
TXN20240215006228,ACCT206362,MERCH300247,purchase,54.37,mobile,2024-02-15 14:12:19,approved,False
TXN20240215006229,ACCT202081,MERCH300169,purchase,12.25,in_person,2024-02-15 14:45:28,approved,True
TXN20240215006230,ACCT201054,MERCH300147,transfer,61.41,atm,2024-02-15 17:08:31,approved,False
TXN20240215006231,ACCT206370,MERCH300109,purchase,13.57,in_person,2024-02-15 23:48:04,approved,False
TXN20240215006232,ACCT200661,MERCH300110,purchase,27.96,atm,2024-02-15 08:13:21,reversed,False
TXN20240215006233,ACCT202589,MERCH300265,deposit,27.66,in_person,2024-02-15 17:46:30,approved,False
TXN20240215006234,ACCT202018,MERCH300186,purchase,45.65,mobile,2024-02-15 00:23:11,approved,False
TXN20240215006235,ACCT204840,MERCH300006,withdrawal,17.44,mobile,2024-02-15 11:59:33,approved,False
TXN20240215006236,ACCT201581,MERCH300160,transfer,5.54,mobile,2024-02-15 22:02:47,approved,False
TXN20240215006237,ACCT201431,MERCH300076,purchase,74.69,mobile,2024-02-15 17:56:20,approved,False
TXN20240215006238,ACCT200171,MERCH300279,purchase,17.18,in_person,2024-02-15 19:08:26,approved,False
TXN20240215006239,ACCT205269,MERCH300035,withdrawal,97.56,web,2024-02-15 14:22:47,approved,True
TXN20240215006240,ACCT205431,MERCH300291,purchase,8.78,in_person,2024-02-15 19:20:18,approved,False
TXN20240215006241,ACCT203442,MERCH300124,transfer,179.89,in_person,2024-02-15 17:41:35,approved,False
TXN20240215006242,ACCT204133,MERCH300167,purchase,6.84,web,2024-02-15 21:04:01,declined,False
TXN20240215006243,ACCT204120,MERCH300183,purchase,29.65,in_person,2024-02-15 23:22:03,declined,False
TXN20240215006244,ACCT203243,MERCH300199,purchase,4.32,in_person,2024-02-15 05:58:16,approved,False
TXN20240215006245,ACCT205097,MERCH300251,transfer,25.69,in_person,2024-02-15 21:34:41,approved,False
TXN20240215006246,ACCT202369,MERCH300194,purchase,6.51,atm,2024-02-15 17:43:17,declined,False
TXN20240215006247,ACCT202980,MERCH300243,purchase,87.82,mobile,2024-02-15 15:19:31,approved,False
TXN20240215006248,ACCT205426,MERCH300290,transfer,275.44,in_person,2024-02-15 15:57:26,approved,False
TXN20240215006249,ACCT205388,MERCH300283,purchase,10.47,web,2024-02-15 02:19:27,declined,False
TXN20240215006250,ACCT201452,MERCH300239,purchase,5.5,mobile,2024-02-15 14:20:01,approved,False
TXN20240215006251,ACCT204948,MERCH300057,purchase,127.77,web,2024-02-15 10:09:13,approved,False
TXN20240215006252,ACCT206308,MERCH300056,deposit,134.66,mobile,2024-02-15 03:45:54,approved,False
TXN20240215006253,ACCT201683,MERCH300117,purchase,8.21,web,2024-02-15 05:05:03,approved,False
TXN20240215006254,ACCT201188,MERCH300208,purchase,20.47,web,2024-02-15 22:53:52,approved,False
TXN20240215006255,ACCT200238,MERCH300132,purchase,50.52,in_person,2024-02-15 03:09:50,approved,False
TXN20240215006256,ACCT202709,MERCH300020,transfer,71.27,mobile,2024-02-15 21:44:15,approved,False
TXN20240215006257,ACCT201754,MERCH300020,deposit,97.63,in_person,2024-02-15 03:17:29,approved,False
TXN20240215006258,ACCT202366,MERCH300237,purchase,32.03,web,2024-02-15 22:39:43,approved,False
TXN20240215006259,ACCT202380,MERCH300245,purchase,40.64,in_person,2024-02-15 08:12:18,approved,False
TXN20240215006260,ACCT201622,MERCH300075,purchase,6.17,web,2024-02-15 21:37:43,reversed,False
TXN20240215006261,ACCT203768,MERCH300126,purchase,58.56,web,2024-02-15 09:52:56,declined,False
TXN20240215006262,ACCT204230,MERCH300203,purchase,41.21,web,2024-02-15 17:29:16,approved,False
TXN20240215006263,ACCT205711,MERCH300041,withdrawal,96.17,atm,2024-02-15 17:08:34,approved,False
TXN20240215006264,ACCT202164,MERCH300072,purchase,30.53,web,2024-02-15 10:32:10,approved,False
TXN20240215006265,ACCT202068,MERCH300129,purchase,115.81,in_person,2024-02-15 20:56:01,approved,False
TXN20240215006266,ACCT201453,MERCH300093,purchase,8.27,mobile,2024-02-15 09:29:17,approved,False
TXN20240215006267,ACCT205309,MERCH300080,purchase,8.9,mobile,2024-02-15 17:25:22,approved,False
TXN20240215006268,ACCT203050,MERCH300286,transfer,107.16,mobile,2024-02-15 13:56:02,approved,False
TXN20240215006269,ACCT200392,MERCH300001,purchase,43.79,atm,2024-02-15 14:52:00,approved,False
TXN20240215006270,ACCT201383,MERCH300173,withdrawal,18.82,mobile,2024-02-15 02:05:38,approved,False
TXN20240215006271,ACCT203440,MERCH300131,purchase,42.3,web,2024-02-15 22:00:10,approved,False
TXN20240215006272,ACCT202928,MERCH300042,purchase,37.75,in_person,2024-02-15 12:23:07,approved,False
TXN20240215006273,ACCT200679,MERCH300114,withdrawal,36.69,atm,2024-02-15 09:12:11,approved,False
TXN20240215006274,ACCT202001,MERCH300136,transfer,46.8,mobile,2024-02-15 10:35:46,approved,False
TXN20240215006275,ACCT201670,MERCH300244,withdrawal,38.15,web,2024-02-15 21:35:05,approved,False
TXN20240215006276,ACCT200471,MERCH300037,purchase,7.94,mobile,2024-02-15 06:05:49,approved,False
TXN20240215006277,ACCT203954,MERCH300294,transfer,55.25,web,2024-02-15 02:57:18,approved,True
TXN20240215006278,ACCT204044,MERCH300296,transfer,9.77,web,2024-02-15 07:21:16,approved,False
TXN20240215006279,ACCT202026,MERCH300045,purchase,76.57,in_person,2024-02-15 01:51:45,approved,False
TXN20240215006280,ACCT202635,MERCH300285,purchase,123.02,mobile,2024-02-15 11:20:31,declined,False
TXN20240215006281,ACCT205592,MERCH300098,transfer,29.84,mobile,2024-02-15 20:16:05,approved,False
TXN20240215006282,ACCT200859,MERCH300137,purchase,21.56,mobile,2024-02-15 06:13:45,approved,True
TXN20240215006283,ACCT204959,MERCH300139,purchase,63.75,mobile,2024-02-15 22:38:44,declined,False
TXN20240215006284,ACCT201596,MERCH300253,transfer,14.28,mobile,2024-02-15 16:37:18,approved,False
TXN20240215006285,ACCT201523,MERCH300012,purchase,12.65,in_person,2024-02-15 18:24:51,approved,False
TXN20240215006286,ACCT205780,MERCH300105,purchase,151.08,mobile,2024-02-15 05:31:02,approved,False
TXN20240215006287,ACCT201034,MERCH300096,transfer,28.44,web,2024-02-15 17:17:04,approved,False
TXN20240215006288,ACCT203842,MERCH300072,purchase,54.28,in_person,2024-02-15 05:27:22,approved,False
TXN20240215006289,ACCT205526,MERCH300181,deposit,72.83,web,2024-02-15 09:39:54,approved,False
TXN20240215006290,ACCT204454,MERCH300263,purchase,35.64,atm,2024-02-15 05:18:40,approved,False
TXN20240215006291,ACCT201057,MERCH300065,purchase,30.41,in_person,2024-02-15 11:57:45,approved,False
TXN20240215006292,ACCT204368,MERCH300074,purchase,19.45,atm,2024-02-15 16:14:16,approved,False
TXN20240215006293,ACCT205340,MERCH300153,purchase,230.16,in_person,2024-02-15 04:56:46,approved,False
TXN20240215006294,ACCT202428,MERCH300244,transfer,29.89,web,2024-02-15 16:10:38,approved,False
TXN20240215006295,ACCT202933,MERCH300045,transfer,67.71,mobile,2024-02-15 19:22:20,approved,False
TXN20240215006296,ACCT200307,MERCH300133,purchase,30.98,in_person,2024-02-15 19:14:05,approved,False
TXN20240215006297,ACCT204024,MERCH300078,purchase,57.24,atm,2024-02-15 11:48:26,approved,False
TXN20240215006298,ACCT202588,MERCH300188,purchase,87.54,mobile,2024-02-15 16:34:20,approved,False
TXN20240215006299,ACCT203095,MERCH300016,transfer,60.82,mobile,2024-02-15 08:07:36,reversed,False
TXN20240215006300,ACCT201040,MERCH300164,deposit,114.23,in_person,2024-02-15 22:13:11,approved,False
TXN20240215006301,ACCT206331,MERCH300194,purchase,50.73,atm,2024-02-15 13:33:29,approved,False
TXN20240215006302,ACCT200764,MERCH300189,purchase,91.92,web,2024-02-15 09:58:41,approved,False
TXN20240215006303,ACCT205469,MERCH300192,purchase,17.69,in_person,2024-02-15 13:26:56,approved,False
TXN20240215006304,ACCT204291,MERCH300113,deposit,19.64,in_person,2024-02-15 09:52:45,approved,False
TXN20240215006305,ACCT202479,MERCH300090,purchase,37.33,mobile,2024-02-15 06:18:53,declined,False
TXN20240215006306,ACCT205760,MERCH300034,purchase,35.82,mobile,2024-02-15 18:31:48,approved,False
TXN20240215006307,ACCT203618,MERCH300159,purchase,32.06,in_person,2024-02-15 19:13:18,approved,False
TXN20240215006308,ACCT204030,MERCH300274,withdrawal,17.8,web,2024-02-15 14:26:45,approved,False
TXN20240215006309,ACCT203368,MERCH300054,purchase,183.9,in_person,2024-02-15 19:44:35,approved,False
TXN20240215006310,ACCT204016,MERCH300267,purchase,29.85,mobile,2024-02-15 23:20:21,approved,False
TXN20240215006311,ACCT200854,MERCH300153,transfer,4.92,web,2024-02-15 02:20:03,approved,False
TXN20240215006312,ACCT204678,MERCH300237,purchase,88.14,in_person,2024-02-15 12:05:21,approved,False
TXN20240215006313,ACCT203049,MERCH300204,transfer,104.16,mobile,2024-02-15 00:52:16,approved,False
TXN20240215006314,ACCT200710,MERCH300150,deposit,41.23,in_person,2024-02-15 03:25:45,approved,False
TXN20240215006315,ACCT206220,MERCH300167,purchase,87.86,in_person,2024-02-15 10:23:51,approved,False
TXN20240215006316,ACCT201631,MERCH300041,deposit,186.95,web,2024-02-15 20:48:19,approved,False
TXN20240215006317,ACCT202422,MERCH300020,deposit,187.43,mobile,2024-02-15 19:04:37,approved,False
TXN20240215006318,ACCT203197,MERCH300024,purchase,17.68,mobile,2024-02-15 10:35:42,approved,False
TXN20240215006319,ACCT204635,MERCH300080,purchase,42.92,in_person,2024-02-15 22:10:38,approved,False
TXN20240215006320,ACCT206446,MERCH300020,purchase,16.92,in_person,2024-02-15 19:08:57,approved,False
TXN20240215006321,ACCT201378,MERCH300190,purchase,61.04,web,2024-02-15 01:57:52,approved,False
TXN20240215006322,ACCT200202,MERCH300286,purchase,21.64,in_person,2024-02-15 15:16:34,approved,False
TXN20240215006323,ACCT206437,MERCH300194,purchase,49.6,web,2024-02-15 17:48:18,approved,False
TXN20240215006324,ACCT202565,MERCH300102,purchase,14.57,web,2024-02-15 11:15:11,approved,False
TXN20240215006325,ACCT203984,MERCH300209,purchase,26.53,web,2024-02-15 15:37:11,approved,False
TXN20240215006326,ACCT202963,MERCH300105,purchase,61.03,in_person,2024-02-15 18:00:23,approved,False
TXN20240215006327,ACCT203001,MERCH300021,purchase,70.14,mobile,2024-02-15 08:58:22,approved,False
TXN20240215006328,ACCT204432,MERCH300054,deposit,37.37,in_person,2024-02-15 07:39:23,approved,False
TXN20240215006329,ACCT205898,MERCH300019,transfer,17.8,web,2024-02-15 13:18:24,approved,False
TXN20240215006330,ACCT205320,MERCH300121,purchase,41.78,atm,2024-02-15 13:01:01,approved,False
TXN20240215006331,ACCT205930,MERCH300046,purchase,22.73,mobile,2024-02-15 19:10:48,approved,False
TXN20240215006332,ACCT200565,MERCH300137,transfer,15.01,web,2024-02-15 20:50:19,approved,False
TXN20240215006333,ACCT200902,MERCH300257,purchase,25.46,in_person,2024-02-15 07:43:32,approved,False
TXN20240215006334,ACCT200716,MERCH300086,purchase,132.26,mobile,2024-02-15 18:14:43,approved,False
TXN20240215006335,ACCT204982,MERCH300265,purchase,17.12,mobile,2024-02-15 11:41:25,approved,False
TXN20240215006336,ACCT204705,MERCH300278,purchase,84.9,mobile,2024-02-15 06:11:53,approved,False
TXN20240215006337,ACCT201070,MERCH300278,transfer,48.79,atm,2024-02-15 00:55:57,approved,False
TXN20240215006338,ACCT203420,MERCH300275,transfer,20.17,web,2024-02-15 01:48:07,approved,False
TXN20240215006339,ACCT206088,MERCH300197,withdrawal,82.47,in_person,2024-02-15 05:45:54,approved,False
TXN20240215006340,ACCT203644,MERCH300087,purchase,7.71,atm,2024-02-15 09:58:00,approved,False
TXN20240215006341,ACCT200064,MERCH300197,purchase,23.31,mobile,2024-02-15 11:34:37,declined,False
TXN20240215006342,ACCT203161,MERCH300259,transfer,43.67,in_person,2024-02-15 12:50:35,approved,False
TXN20240215006343,ACCT202022,MERCH300286,purchase,9.99,in_person,2024-02-15 10:47:36,approved,False
TXN20240215006344,ACCT201838,MERCH300179,purchase,12.06,web,2024-02-15 21:47:05,approved,False
TXN20240215006345,ACCT202736,MERCH300287,purchase,7.98,mobile,2024-02-15 19:12:40,approved,False
TXN20240215006346,ACCT202864,MERCH300117,purchase,67.53,web,2024-02-15 13:22:45,declined,False
TXN20240215006347,ACCT201096,MERCH300054,purchase,8.23,mobile,2024-02-15 05:43:36,approved,False
TXN20240215006348,ACCT205202,MERCH300220,transfer,38.57,in_person,2024-02-15 02:31:41,approved,False
TXN20240215006349,ACCT201513,MERCH300071,deposit,30.32,atm,2024-02-15 07:01:18,approved,False
TXN20240215006350,ACCT201088,MERCH300118,purchase,37.51,in_person,2024-02-15 03:42:33,approved,False
TXN20240215006351,ACCT202252,MERCH300160,purchase,46.07,web,2024-02-15 23:01:30,approved,False
TXN20240215006352,ACCT201343,MERCH300286,transfer,11.33,in_person,2024-02-15 20:16:19,approved,False
TXN20240215006353,ACCT204603,MERCH300183,transfer,28.3,in_person,2024-02-15 08:40:35,approved,False
TXN20240215006354,ACCT202621,MERCH300008,purchase,22.17,mobile,2024-02-15 00:27:38,approved,False
TXN20240215006355,ACCT204452,MERCH300072,purchase,38.23,web,2024-02-15 10:16:28,approved,False
TXN20240215006356,ACCT200494,MERCH300023,purchase,157.25,mobile,2024-02-15 17:34:25,approved,False
TXN20240215006357,ACCT201356,MERCH300074,withdrawal,32.21,web,2024-02-15 12:31:47,approved,False
TXN20240215006358,ACCT203794,MERCH300259,purchase,35.56,web,2024-02-15 06:27:21,approved,False
TXN20240215006359,ACCT202933,MERCH300107,withdrawal,24.28,web,2024-02-15 15:05:59,approved,False
TXN20240215006360,ACCT206420,MERCH300005,purchase,33.5,web,2024-02-15 05:36:36,approved,False
TXN20240215006361,ACCT204277,MERCH300256,withdrawal,59.45,in_person,2024-02-15 04:41:06,approved,False
TXN20240215006362,ACCT202060,MERCH300066,purchase,72.53,atm,2024-02-15 08:12:53,approved,False
TXN20240215006363,ACCT205223,MERCH300100,purchase,74.72,in_person,2024-02-15 02:43:23,approved,False
TXN20240215006364,ACCT202142,MERCH300288,purchase,97.41,atm,2024-02-15 19:24:08,approved,False
TXN20240215006365,ACCT201179,MERCH300189,purchase,63.98,atm,2024-02-15 03:26:55,approved,False
TXN20240215006366,ACCT201304,MERCH300173,transfer,13.12,mobile,2024-02-15 17:53:26,approved,False
TXN20240215006367,ACCT204184,MERCH300288,purchase,5.87,mobile,2024-02-15 19:01:52,approved,False
TXN20240215006368,ACCT201302,MERCH300173,transfer,78.65,in_person,2024-02-15 23:30:59,approved,False
TXN20240215006369,ACCT205509,MERCH300288,purchase,20.68,mobile,2024-02-15 17:06:39,declined,False
TXN20240215006370,ACCT204638,MERCH300297,purchase,72.92,in_person,2024-02-15 04:50:20,approved,False
TXN20240215006371,ACCT201646,MERCH300188,transfer,19.16,web,2024-02-15 04:24:11,reversed,False
TXN20240215006372,ACCT200049,MERCH300127,withdrawal,140.78,web,2024-02-15 12:37:31,approved,False
TXN20240215006373,ACCT201396,MERCH300074,purchase,102.49,web,2024-02-15 18:55:11,approved,False
TXN20240215006374,ACCT202405,MERCH300118,transfer,19.23,in_person,2024-02-15 17:33:55,approved,False
TXN20240215006375,ACCT203153,MERCH300008,purchase,81.84,atm,2024-02-15 14:21:28,approved,False
TXN20240215006376,ACCT200983,MERCH300093,purchase,14.58,web,2024-02-15 23:33:57,approved,False
TXN20240215006377,ACCT204323,MERCH300217,purchase,72.11,in_person,2024-02-15 03:39:32,approved,True
TXN20240215006378,ACCT203942,MERCH300035,purchase,12.5,in_person,2024-02-15 04:54:00,approved,False
TXN20240215006379,ACCT203479,MERCH300131,deposit,52.03,in_person,2024-02-15 04:14:57,approved,True
TXN20240215006380,ACCT200565,MERCH300138,purchase,47.67,mobile,2024-02-15 23:29:06,approved,False
TXN20240215006381,ACCT203989,MERCH300029,purchase,52.67,mobile,2024-02-15 05:36:34,approved,False
TXN20240215006382,ACCT203600,MERCH300183,withdrawal,39.23,in_person,2024-02-15 12:46:06,approved,False
TXN20240215006383,ACCT205716,MERCH300072,withdrawal,45.52,web,2024-02-15 20:07:51,approved,False
TXN20240215006384,ACCT203588,MERCH300257,purchase,130.97,mobile,2024-02-15 12:21:00,approved,False
TXN20240215006385,ACCT206404,MERCH300093,withdrawal,77.26,web,2024-02-15 18:05:34,declined,False
TXN20240215006386,ACCT200101,MERCH300080,transfer,10.46,atm,2024-02-15 11:31:32,approved,False
TXN20240215006387,ACCT204933,MERCH300098,purchase,32.89,web,2024-02-15 16:29:41,approved,False
TXN20240215006388,ACCT202489,MERCH300021,withdrawal,20.16,atm,2024-02-15 21:12:00,approved,False
TXN20240215006389,ACCT204324,MERCH300151,purchase,447.79,in_person,2024-02-15 09:12:39,approved,False
TXN20240215006390,ACCT203342,MERCH300134,withdrawal,20.89,web,2024-02-15 18:15:25,approved,False
TXN20240215006391,ACCT203413,MERCH300198,purchase,82.2,in_person,2024-02-15 20:55:06,approved,False
TXN20240215006392,ACCT201969,MERCH300120,purchase,139.54,in_person,2024-02-15 03:12:31,approved,False
TXN20240215006393,ACCT202531,MERCH300153,transfer,21.02,mobile,2024-02-15 03:45:33,approved,False
TXN20240215006394,ACCT205999,MERCH300205,purchase,78.09,in_person,2024-02-15 06:40:14,approved,False
TXN20240215006395,ACCT203262,MERCH300035,purchase,94.37,web,2024-02-15 13:00:39,approved,False
TXN20240215006396,ACCT206081,MERCH300015,purchase,71.47,mobile,2024-02-15 01:16:40,approved,False
TXN20240215006397,ACCT205913,MERCH300103,transfer,25.88,in_person,2024-02-15 02:18:08,approved,False
TXN20240215006398,ACCT204300,MERCH300203,purchase,28.61,atm,2024-02-15 01:14:40,approved,False
TXN20240215006399,ACCT205095,MERCH300233,purchase,365.78,in_person,2024-02-15 19:46:26,approved,False
TXN20240215006400,ACCT204968,MERCH300032,purchase,15.55,mobile,2024-02-15 18:56:05,approved,False
TXN20240215006401,ACCT202451,MERCH300156,purchase,22.52,web,2024-02-15 17:09:42,approved,False
TXN20240215006402,ACCT202623,MERCH300055,transfer,29.61,in_person,2024-02-15 04:16:35,approved,False
TXN20240215006403,ACCT201332,MERCH300226,transfer,37.9,in_person,2024-02-15 17:27:03,approved,False
TXN20240215006404,ACCT206078,MERCH300271,transfer,51.72,web,2024-02-15 07:41:39,approved,False
TXN20240215006405,ACCT200340,MERCH300247,purchase,36.98,web,2024-02-15 03:36:39,approved,False
TXN20240215006406,ACCT205589,MERCH300193,purchase,20.74,web,2024-02-15 10:34:23,approved,False
TXN20240215006407,ACCT203801,MERCH300045,transfer,52.28,atm,2024-02-15 10:58:59,approved,False
TXN20240215006408,ACCT204420,MERCH300245,withdrawal,18.54,web,2024-02-15 15:29:18,approved,False
TXN20240215006409,ACCT200422,MERCH300234,purchase,78.37,mobile,2024-02-15 18:34:05,approved,False
TXN20240215006410,ACCT200842,MERCH300065,purchase,7.47,web,2024-02-15 03:14:42,approved,False
TXN20240215006411,ACCT205404,MERCH300191,purchase,14.2,in_person,2024-02-15 02:02:40,approved,False
TXN20240215006412,ACCT203601,MERCH300040,purchase,66.32,atm,2024-02-15 04:14:27,approved,False
TXN20240215006413,ACCT201766,MERCH300193,deposit,18.29,mobile,2024-02-15 16:52:10,approved,False
TXN20240215006414,ACCT204167,MERCH300202,purchase,31.62,in_person,2024-02-15 03:48:36,approved,False
TXN20240215006415,ACCT204937,MERCH300173,purchase,54.81,web,2024-02-15 13:17:08,approved,False
TXN20240215006416,ACCT203040,MERCH300008,purchase,93.15,web,2024-02-15 19:14:51,approved,False
TXN20240215006417,ACCT200253,MERCH300008,transfer,40.11,in_person,2024-02-15 11:08:29,approved,False
TXN20240215006418,ACCT203849,MERCH300134,purchase,36.01,web,2024-02-15 02:59:46,approved,False
TXN20240215006419,ACCT203532,MERCH300087,transfer,23.77,mobile,2024-02-15 03:59:56,approved,False
TXN20240215006420,ACCT205774,MERCH300298,purchase,26.9,mobile,2024-02-15 14:00:20,approved,False
TXN20240215006421,ACCT204503,MERCH300032,transfer,52.17,in_person,2024-02-15 20:19:03,approved,False
TXN20240215006422,ACCT205005,MERCH300060,purchase,37.82,in_person,2024-02-15 03:42:02,approved,False
TXN20240215006423,ACCT205171,MERCH300183,purchase,78.31,mobile,2024-02-15 04:16:56,approved,False
TXN20240215006424,ACCT202256,MERCH300278,withdrawal,31.07,web,2024-02-15 15:46:24,approved,False
TXN20240215006425,ACCT200791,MERCH300232,purchase,57.97,in_person,2024-02-15 06:36:03,declined,False
TXN20240215006426,ACCT203530,MERCH300090,withdrawal,31.24,web,2024-02-15 19:44:21,reversed,False
TXN20240215006427,ACCT203217,MERCH300203,purchase,33.12,atm,2024-02-15 06:41:01,approved,False
TXN20240215006428,ACCT204599,MERCH300280,purchase,63.87,mobile,2024-02-15 07:19:18,approved,False
TXN20240215006429,ACCT201321,MERCH300081,purchase,45.78,in_person,2024-02-15 07:19:44,approved,False
TXN20240215006430,ACCT203281,MERCH300182,purchase,276.77,web,2024-02-15 17:00:18,declined,False
TXN20240215006431,ACCT204081,MERCH300218,transfer,18.85,web,2024-02-15 10:23:18,approved,False
TXN20240215006432,ACCT205662,MERCH300143,transfer,19.21,mobile,2024-02-15 16:39:36,approved,False
TXN20240215006433,ACCT205574,MERCH300068,purchase,31.36,in_person,2024-02-15 14:40:37,approved,False
TXN20240215006434,ACCT201194,MERCH300142,purchase,43.66,mobile,2024-02-15 23:59:17,approved,False
TXN20240215006435,ACCT203199,MERCH300169,deposit,18.82,web,2024-02-15 10:59:02,declined,False
TXN20240215006436,ACCT201658,MERCH300021,purchase,30.75,in_person,2024-02-15 00:16:57,approved,False
TXN20240215006437,ACCT200633,MERCH300164,transfer,76.68,in_person,2024-02-15 14:15:11,approved,False
TXN20240215006438,ACCT200345,MERCH300040,deposit,73.11,web,2024-02-15 09:51:10,approved,False
TXN20240215006439,ACCT204535,MERCH300097,purchase,27.65,in_person,2024-02-15 10:42:43,approved,False
TXN20240215006440,ACCT205204,MERCH300265,transfer,29.65,mobile,2024-02-15 13:36:59,approved,False
TXN20240215006441,ACCT205151,MERCH300155,purchase,14.56,in_person,2024-02-15 20:03:36,approved,False
TXN20240215006442,ACCT201698,MERCH300149,purchase,62.38,in_person,2024-02-15 16:15:48,approved,False
TXN20240215006443,ACCT201154,MERCH300024,purchase,39.94,web,2024-02-15 06:29:59,approved,False
TXN20240215006444,ACCT202239,MERCH300087,transfer,44.59,in_person,2024-02-15 00:15:02,approved,False
TXN20240215006445,ACCT202731,MERCH300135,purchase,59.12,web,2024-02-15 10:48:14,approved,False
TXN20240215006446,ACCT202745,MERCH300286,purchase,7.56,web,2024-02-15 12:52:32,approved,False
TXN20240215006447,ACCT201530,MERCH300292,purchase,23.59,atm,2024-02-15 04:30:47,approved,True
TXN20240215006448,ACCT205959,MERCH300209,transfer,96.35,web,2024-02-15 23:30:59,approved,False
TXN20240215006449,ACCT202751,MERCH300158,purchase,51.9,web,2024-02-15 23:36:11,approved,False
TXN20240215006450,ACCT201363,MERCH300148,purchase,23.77,mobile,2024-02-15 06:28:26,approved,False
TXN20240215006451,ACCT205774,MERCH300080,transfer,25.23,web,2024-02-15 15:58:17,approved,False
TXN20240215006452,ACCT202581,MERCH300293,withdrawal,23.82,mobile,2024-02-15 23:50:12,approved,False
TXN20240215006453,ACCT202269,MERCH300016,purchase,55.24,web,2024-02-15 06:59:44,approved,False
TXN20240215006454,ACCT205414,MERCH300116,transfer,5.27,web,2024-02-15 15:46:18,declined,False
TXN20240215006455,ACCT203480,MERCH300069,purchase,119.57,in_person,2024-02-15 23:28:11,approved,False
TXN20240215006456,ACCT203719,MERCH300018,purchase,41.56,web,2024-02-15 08:38:02,approved,False
TXN20240215006457,ACCT205593,MERCH300244,withdrawal,8.27,mobile,2024-02-15 23:26:39,approved,False
TXN20240215006458,ACCT206400,MERCH300176,purchase,14.37,in_person,2024-02-15 19:23:37,approved,False
TXN20240215006459,ACCT204242,MERCH300140,purchase,21.24,web,2024-02-15 17:45:21,approved,False
TXN20240215006460,ACCT204575,MERCH300289,purchase,42.63,web,2024-02-15 06:20:07,declined,False
TXN20240215006461,ACCT204872,MERCH300147,purchase,116.52,in_person,2024-02-15 07:31:33,approved,False
TXN20240215006462,ACCT206358,MERCH300071,purchase,15.64,in_person,2024-02-15 20:18:23,approved,False
TXN20240215006463,ACCT201855,MERCH300298,purchase,29.5,mobile,2024-02-15 01:53:17,approved,False
TXN20240215006464,ACCT200473,MERCH300048,purchase,14.28,mobile,2024-02-15 00:01:32,approved,False
TXN20240215006465,ACCT206182,MERCH300038,purchase,44.27,web,2024-02-15 15:29:48,approved,False
TXN20240215006466,ACCT200158,MERCH300285,deposit,17.69,in_person,2024-02-15 13:27:52,approved,True
TXN20240215006467,ACCT204904,MERCH300255,purchase,34.2,web,2024-02-15 16:44:18,approved,True
TXN20240215006468,ACCT203579,MERCH300038,purchase,42.6,mobile,2024-02-15 21:01:30,approved,False
TXN20240215006469,ACCT203063,MERCH300145,purchase,8.5,web,2024-02-15 13:26:25,declined,False
TXN20240215006470,ACCT203417,MERCH300065,deposit,68.31,atm,2024-02-15 15:27:43,approved,False
TXN20240215006471,ACCT203688,MERCH300282,purchase,12.9,mobile,2024-02-15 22:20:13,approved,False
TXN20240215006472,ACCT202601,MERCH300235,purchase,20.05,web,2024-02-15 00:42:14,approved,False
TXN20240215006473,ACCT203073,MERCH300049,withdrawal,46.83,in_person,2024-02-15 05:46:13,approved,False
TXN20240215006474,ACCT201135,MERCH300179,purchase,18.77,in_person,2024-02-15 15:20:43,approved,False
TXN20240215006475,ACCT202833,MERCH300157,purchase,310.72,in_person,2024-02-15 13:05:54,approved,False
TXN20240215006476,ACCT203231,MERCH300287,purchase,305.42,in_person,2024-02-15 10:29:36,approved,False
TXN20240215006477,ACCT204305,MERCH300237,purchase,89.3,web,2024-02-15 08:53:43,approved,False
TXN20240215006478,ACCT201261,MERCH300124,deposit,75.16,web,2024-02-15 19:36:50,approved,False
TXN20240215006479,ACCT205730,MERCH300231,purchase,23.12,mobile,2024-02-15 10:41:11,approved,False
TXN20240215006480,ACCT203797,MERCH300021,transfer,71.78,mobile,2024-02-15 09:11:26,approved,False
TXN20240215006481,ACCT202897,MERCH300253,purchase,97.75,web,2024-02-15 08:02:04,approved,False
TXN20240215006482,ACCT205915,MERCH300099,purchase,15.13,web,2024-02-15 22:30:53,approved,False
TXN20240215006483,ACCT200517,MERCH300014,purchase,18.2,in_person,2024-02-15 06:54:55,approved,False
TXN20240215006484,ACCT202105,MERCH300093,purchase,73.18,in_person,2024-02-15 22:58:01,approved,False
TXN20240215006485,ACCT200493,MERCH300094,purchase,24.09,mobile,2024-02-15 17:33:53,approved,False
TXN20240215006486,ACCT203622,MERCH300087,purchase,26.56,in_person,2024-02-15 08:04:50,approved,False
TXN20240215006487,ACCT200766,MERCH300012,deposit,20.06,web,2024-02-15 20:58:37,approved,False
TXN20240215006488,ACCT204930,MERCH300259,transfer,129.28,mobile,2024-02-15 20:24:04,approved,False
TXN20240215006489,ACCT205461,MERCH300210,deposit,18.45,in_person,2024-02-15 13:36:20,approved,False
TXN20240215006490,ACCT205889,MERCH300057,transfer,24.65,in_person,2024-02-15 19:50:08,approved,False
TXN20240215006491,ACCT206211,MERCH300032,purchase,26.79,atm,2024-02-15 08:57:25,approved,False
TXN20240215006492,ACCT201989,MERCH300043,purchase,70.53,in_person,2024-02-15 00:52:42,approved,False
TXN20240215006493,ACCT203127,MERCH300029,deposit,15.71,in_person,2024-02-15 12:51:48,approved,False
TXN20240215006494,ACCT201116,MERCH300106,transfer,104.52,in_person,2024-02-15 13:46:32,reversed,False
TXN20240215006495,ACCT203469,MERCH300277,withdrawal,15.13,mobile,2024-02-15 18:31:44,approved,False
TXN20240215006496,ACCT205702,MERCH300149,purchase,13.75,in_person,2024-02-15 21:26:20,approved,False
TXN20240215006497,ACCT200944,MERCH300147,purchase,80.13,in_person,2024-02-15 08:07:53,approved,False
TXN20240215006498,ACCT200144,MERCH300160,withdrawal,33.57,web,2024-02-15 03:41:17,approved,False
TXN20240215006499,ACCT204955,MERCH300073,purchase,76.11,web,2024-02-15 08:36:53,approved,False
TXN20240215006500,ACCT205815,MERCH300295,purchase,77.7,mobile,2024-02-15 08:08:06,approved,False
TXN20240215006501,ACCT200975,MERCH300092,purchase,18.32,web,2024-02-15 02:41:02,approved,False
TXN20240215006502,ACCT200202,MERCH300238,withdrawal,160.65,mobile,2024-02-15 12:14:04,approved,False
TXN20240215006503,ACCT205165,MERCH300290,purchase,41.18,mobile,2024-02-15 06:22:02,approved,False
TXN20240215006504,ACCT202556,MERCH300006,purchase,17.0,mobile,2024-02-15 00:18:54,approved,False
TXN20240215006505,ACCT205204,MERCH300242,transfer,26.22,mobile,2024-02-15 15:03:58,approved,False
TXN20240215006506,ACCT200103,MERCH300070,transfer,118.15,in_person,2024-02-15 20:15:59,approved,False
TXN20240215006507,ACCT202258,MERCH300012,transfer,6.12,in_person,2024-02-15 01:11:30,approved,False
TXN20240215006508,ACCT200765,MERCH300153,withdrawal,21.92,web,2024-02-15 20:33:13,approved,False
TXN20240215006509,ACCT203647,MERCH300145,deposit,15.47,in_person,2024-02-15 16:45:35,approved,False
TXN20240215006510,ACCT200730,MERCH300089,deposit,62.48,mobile,2024-02-15 09:25:40,approved,False
TXN20240215006511,ACCT204775,MERCH300018,purchase,10.11,in_person,2024-02-15 12:38:26,approved,False
TXN20240215006512,ACCT205015,MERCH300119,purchase,30.34,web,2024-02-15 13:23:31,approved,False
TXN20240215006513,ACCT200732,MERCH300017,purchase,55.4,in_person,2024-02-15 17:59:16,approved,False
TXN20240215006514,ACCT201719,MERCH300189,withdrawal,24.09,web,2024-02-15 05:33:33,approved,False
TXN20240215006515,ACCT206168,MERCH300093,purchase,76.14,in_person,2024-02-15 20:18:29,approved,False
TXN20240215006516,ACCT203133,MERCH300160,purchase,29.42,web,2024-02-15 11:22:57,approved,False
TXN20240215006517,ACCT203477,MERCH300237,withdrawal,47.59,in_person,2024-02-15 20:03:56,approved,False
TXN20240215006518,ACCT205198,MERCH300287,purchase,107.6,mobile,2024-02-15 02:45:45,approved,False
TXN20240215006519,ACCT201613,MERCH300168,withdrawal,29.8,in_person,2024-02-15 07:40:24,approved,False
TXN20240215006520,ACCT204513,MERCH300281,deposit,27.8,in_person,2024-02-15 15:41:11,approved,False
TXN20240215006521,ACCT200339,MERCH300299,purchase,7.48,in_person,2024-02-15 23:22:40,approved,False
TXN20240215006522,ACCT206016,MERCH300081,transfer,58.59,atm,2024-02-15 08:52:50,approved,False
TXN20240215006523,ACCT202263,MERCH300235,transfer,20.66,in_person,2024-02-15 01:49:51,approved,False
TXN20240215006524,ACCT206455,MERCH300213,purchase,44.39,web,2024-02-15 23:53:53,approved,False
TXN20240215006525,ACCT201682,MERCH300018,purchase,21.14,atm,2024-02-15 00:59:29,approved,False
TXN20240215006526,ACCT202895,MERCH300043,purchase,56.12,in_person,2024-02-15 08:50:07,approved,False
TXN20240215006527,ACCT202982,MERCH300012,deposit,15.09,mobile,2024-02-15 11:46:45,approved,False
TXN20240215006528,ACCT205364,MERCH300258,purchase,72.21,web,2024-02-15 01:12:14,approved,False
TXN20240215006529,ACCT203984,MERCH300129,deposit,29.77,web,2024-02-15 01:44:26,approved,False
TXN20240215006530,ACCT205300,MERCH300181,purchase,37.15,web,2024-02-15 02:28:43,declined,False
TXN20240215006531,ACCT201064,MERCH300208,transfer,54.2,web,2024-02-15 04:26:26,declined,False
TXN20240215006532,ACCT201082,MERCH300142,purchase,59.99,in_person,2024-02-15 21:00:25,approved,False
TXN20240215006533,ACCT203458,MERCH300178,purchase,123.96,mobile,2024-02-15 11:24:29,approved,False
TXN20240215006534,ACCT203359,MERCH300074,purchase,19.19,web,2024-02-15 12:08:14,approved,False
TXN20240215006535,ACCT202175,MERCH300086,purchase,49.54,in_person,2024-02-15 10:12:01,approved,False
TXN20240215006536,ACCT204950,MERCH300013,deposit,33.15,in_person,2024-02-15 09:45:57,approved,False
TXN20240215006537,ACCT205239,MERCH300057,purchase,11.14,web,2024-02-15 23:08:54,approved,False
TXN20240215006538,ACCT205554,MERCH300119,withdrawal,39.54,web,2024-02-15 05:22:36,approved,False
TXN20240215006539,ACCT204222,MERCH300146,deposit,13.09,in_person,2024-02-15 11:42:18,approved,False
TXN20240215006540,ACCT200339,MERCH300178,purchase,17.48,in_person,2024-02-15 15:19:15,approved,False
TXN20240215006541,ACCT202469,MERCH300115,purchase,26.92,in_person,2024-02-15 01:50:37,approved,False
TXN20240215006542,ACCT205602,MERCH300280,purchase,17.09,mobile,2024-02-15 09:54:01,approved,False
TXN20240215006543,ACCT200639,MERCH300006,purchase,25.57,in_person,2024-02-15 06:49:27,approved,False
TXN20240215006544,ACCT203501,MERCH300247,transfer,36.56,in_person,2024-02-15 12:10:22,approved,False
TXN20240215006545,ACCT204335,MERCH300287,purchase,145.45,atm,2024-02-15 15:21:37,approved,False
TXN20240215006546,ACCT200782,MERCH300140,purchase,199.31,mobile,2024-02-15 21:02:28,approved,False
TXN20240215006547,ACCT206234,MERCH300016,deposit,12.57,web,2024-02-15 01:44:46,approved,False
TXN20240215006548,ACCT201704,MERCH300229,purchase,55.08,mobile,2024-02-15 15:00:30,approved,False
TXN20240215006549,ACCT201617,MERCH300286,purchase,10.89,in_person,2024-02-15 12:25:08,approved,False
TXN20240215006550,ACCT203917,MERCH300224,transfer,60.09,web,2024-02-15 16:55:32,approved,False
TXN20240215006551,ACCT201030,MERCH300216,transfer,27.91,web,2024-02-15 22:53:28,approved,False
TXN20240215006552,ACCT201405,MERCH300250,purchase,418.58,web,2024-02-15 21:49:04,approved,False
TXN20240215006553,ACCT201871,MERCH300064,purchase,29.02,atm,2024-02-15 09:21:04,approved,False
TXN20240215006554,ACCT200233,MERCH300038,purchase,17.85,in_person,2024-02-15 09:51:53,approved,False
TXN20240215006555,ACCT200256,MERCH300265,purchase,8.87,mobile,2024-02-15 16:20:40,approved,False
TXN20240215006556,ACCT206107,MERCH300218,purchase,37.48,in_person,2024-02-15 18:07:30,declined,False
TXN20240215006557,ACCT204394,MERCH300233,transfer,27.56,mobile,2024-02-15 13:36:36,approved,False
TXN20240215006558,ACCT201867,MERCH300152,transfer,105.13,in_person,2024-02-15 04:53:54,approved,False
TXN20240215006559,ACCT204564,MERCH300297,purchase,20.6,in_person,2024-02-15 02:00:24,approved,False
TXN20240215006560,ACCT200764,MERCH300099,deposit,68.98,web,2024-02-15 07:35:37,approved,False
TXN20240215006561,ACCT203932,MERCH300105,purchase,27.76,in_person,2024-02-15 14:00:22,approved,False
TXN20240215006562,ACCT202854,MERCH300207,purchase,35.43,mobile,2024-02-15 20:17:34,approved,False
TXN20240215006563,ACCT202925,MERCH300016,purchase,41.84,atm,2024-02-15 19:44:35,approved,False
TXN20240215006564,ACCT204510,MERCH300192,purchase,22.43,web,2024-02-15 14:15:43,approved,False
TXN20240215006565,ACCT203679,MERCH300255,purchase,32.63,in_person,2024-02-15 14:18:52,approved,False
TXN20240215006566,ACCT204562,MERCH300039,deposit,210.58,in_person,2024-02-15 06:07:11,approved,False
TXN20240215006567,ACCT202396,MERCH300091,purchase,6.59,mobile,2024-02-15 04:31:35,approved,False
TXN20240215006568,ACCT202219,MERCH300203,purchase,21.77,in_person,2024-02-15 12:31:57,approved,False
TXN20240215006569,ACCT202018,MERCH300236,purchase,72.71,mobile,2024-02-15 06:50:13,approved,False
TXN20240215006570,ACCT200919,MERCH300239,purchase,15.02,in_person,2024-02-15 21:03:05,approved,False
TXN20240215006571,ACCT200809,MERCH300039,purchase,25.11,atm,2024-02-15 15:37:31,approved,False
TXN20240215006572,ACCT202864,MERCH300122,purchase,23.38,mobile,2024-02-15 20:42:35,approved,False
TXN20240215006573,ACCT201902,MERCH300009,purchase,195.48,web,2024-02-15 06:35:02,approved,False
TXN20240215006574,ACCT200770,MERCH300213,purchase,19.0,in_person,2024-02-15 19:51:18,approved,False
TXN20240215006575,ACCT201678,MERCH300020,purchase,40.54,mobile,2024-02-15 15:29:55,approved,False
TXN20240215006576,ACCT206387,MERCH300175,purchase,15.34,atm,2024-02-15 06:04:39,approved,False
TXN20240215006577,ACCT205528,MERCH300269,transfer,68.62,mobile,2024-02-15 12:05:30,approved,False
TXN20240215006578,ACCT204682,MERCH300270,purchase,101.99,web,2024-02-15 21:14:18,approved,False
TXN20240215006579,ACCT203805,MERCH300177,transfer,63.24,mobile,2024-02-15 04:22:12,approved,False
TXN20240215006580,ACCT201153,MERCH300266,purchase,90.74,in_person,2024-02-15 09:28:23,approved,False
TXN20240215006581,ACCT203756,MERCH300072,purchase,32.61,web,2024-02-15 02:09:46,approved,False
TXN20240215006582,ACCT206131,MERCH300046,withdrawal,11.58,web,2024-02-15 21:16:03,approved,False
TXN20240215006583,ACCT205978,MERCH300253,purchase,22.78,atm,2024-02-15 18:43:17,approved,False
TXN20240215006584,ACCT202415,MERCH300071,purchase,20.45,mobile,2024-02-15 11:31:56,approved,False
TXN20240215006585,ACCT201293,MERCH300282,withdrawal,47.35,atm,2024-02-15 07:20:19,approved,False
TXN20240215006586,ACCT201436,MERCH300060,transfer,12.9,in_person,2024-02-15 17:19:38,approved,True
TXN20240215006587,ACCT202183,MERCH300014,purchase,56.93,web,2024-02-15 16:01:25,approved,False
TXN20240215006588,ACCT201798,MERCH300103,purchase,13.04,web,2024-02-15 10:59:52,declined,False
TXN20240215006589,ACCT204421,MERCH300284,deposit,66.27,in_person,2024-02-15 12:55:04,approved,False
TXN20240215006590,ACCT202125,MERCH300008,transfer,27.07,in_person,2024-02-15 22:26:51,approved,False
TXN20240215006591,ACCT203083,MERCH300174,purchase,29.82,mobile,2024-02-15 03:09:42,approved,False
TXN20240215006592,ACCT200915,MERCH300231,purchase,11.06,web,2024-02-15 22:43:59,approved,False
TXN20240215006593,ACCT204596,MERCH300151,transfer,20.96,mobile,2024-02-15 06:45:53,approved,False
TXN20240215006594,ACCT201089,MERCH300066,purchase,62.86,in_person,2024-02-15 05:14:01,approved,False
TXN20240215006595,ACCT201621,MERCH300125,purchase,81.63,mobile,2024-02-15 09:37:18,approved,False
TXN20240215006596,ACCT205351,MERCH300249,purchase,68.25,in_person,2024-02-15 20:05:41,approved,False
TXN20240215006597,ACCT200191,MERCH300264,purchase,24.24,mobile,2024-02-15 19:58:06,approved,False
TXN20240215006598,ACCT205018,MERCH300220,purchase,98.32,web,2024-02-15 22:37:46,approved,False
TXN20240215006599,ACCT205482,MERCH300202,purchase,184.71,web,2024-02-15 06:01:18,approved,False
TXN20240215006600,ACCT201524,MERCH300196,purchase,12.9,web,2024-02-15 11:11:20,approved,False
TXN20240215006601,ACCT205310,MERCH300111,purchase,38.16,web,2024-02-15 03:35:27,approved,False
TXN20240215006602,ACCT203182,MERCH300266,purchase,23.54,mobile,2024-02-15 19:52:49,approved,False
TXN20240215006603,ACCT205425,MERCH300121,withdrawal,117.96,atm,2024-02-15 23:46:27,approved,False
TXN20240215006604,ACCT205399,MERCH300103,purchase,42.72,in_person,2024-02-15 20:26:56,approved,False
TXN20240215006605,ACCT202638,MERCH300062,transfer,30.25,in_person,2024-02-15 03:17:29,approved,False
TXN20240215006606,ACCT202946,MERCH300293,transfer,9.87,web,2024-02-15 16:10:28,approved,False
TXN20240215006607,ACCT205252,MERCH300223,purchase,30.5,web,2024-02-15 13:13:35,approved,False
TXN20240215006608,ACCT204829,MERCH300214,transfer,27.04,mobile,2024-02-15 23:00:26,approved,False
TXN20240215006609,ACCT202524,MERCH300018,withdrawal,69.94,mobile,2024-02-15 04:46:58,approved,False
TXN20240215006610,ACCT202047,MERCH300249,purchase,27.54,in_person,2024-02-15 06:27:17,approved,False
TXN20240215006611,ACCT201665,MERCH300014,purchase,101.1,web,2024-02-15 10:55:04,approved,False
TXN20240215006612,ACCT204778,MERCH300051,purchase,75.6,mobile,2024-02-15 06:24:10,approved,False
TXN20240215006613,ACCT204995,MERCH300204,purchase,9.66,in_person,2024-02-15 18:22:58,approved,False
TXN20240215006614,ACCT201816,MERCH300176,purchase,19.08,mobile,2024-02-15 05:48:24,approved,False
TXN20240215006615,ACCT205674,MERCH300134,transfer,95.94,mobile,2024-02-15 23:31:24,approved,False
TXN20240215006616,ACCT203503,MERCH300029,transfer,29.25,web,2024-02-15 13:52:04,approved,False
TXN20240215006617,ACCT205349,MERCH300273,transfer,106.53,in_person,2024-02-15 01:55:54,approved,False
TXN20240215006618,ACCT201577,MERCH300063,purchase,20.85,web,2024-02-15 02:38:31,approved,False
TXN20240215006619,ACCT205052,MERCH300243,purchase,70.55,web,2024-02-15 06:51:21,declined,False
TXN20240215006620,ACCT206119,MERCH300039,transfer,77.44,mobile,2024-02-15 12:42:35,approved,False
TXN20240215006621,ACCT201863,MERCH300206,purchase,70.54,in_person,2024-02-15 02:31:09,approved,False
TXN20240215006622,ACCT205927,MERCH300165,withdrawal,61.25,web,2024-02-15 21:16:09,approved,False
TXN20240215006623,ACCT200666,MERCH300057,purchase,199.0,atm,2024-02-15 05:39:18,approved,False
TXN20240215006624,ACCT202842,MERCH300221,purchase,74.03,mobile,2024-02-15 12:32:21,declined,False
TXN20240215006625,ACCT201131,MERCH300055,transfer,33.62,mobile,2024-02-15 06:28:30,approved,False
TXN20240215006626,ACCT204913,MERCH300233,purchase,19.59,web,2024-02-15 07:29:42,approved,False
TXN20240215006627,ACCT202175,MERCH300067,transfer,44.35,in_person,2024-02-15 10:18:50,approved,False
TXN20240215006628,ACCT204872,MERCH300102,purchase,107.62,in_person,2024-02-15 14:52:55,approved,False
TXN20240215006629,ACCT205095,MERCH300171,deposit,92.37,in_person,2024-02-15 05:20:54,approved,False
TXN20240215006630,ACCT205894,MERCH300010,deposit,62.91,web,2024-02-15 21:44:29,reversed,False
TXN20240215006631,ACCT203332,MERCH300036,deposit,104.11,mobile,2024-02-15 16:31:22,approved,False
TXN20240215006632,ACCT202848,MERCH300155,purchase,287.89,in_person,2024-02-15 09:19:26,approved,False
TXN20240215006633,ACCT205639,MERCH300136,purchase,105.29,mobile,2024-02-15 06:47:05,approved,False
TXN20240215006634,ACCT206146,MERCH300169,deposit,311.94,in_person,2024-02-15 10:24:29,approved,False
TXN20240215006635,ACCT204978,MERCH300033,purchase,63.0,in_person,2024-02-15 10:38:07,approved,False
TXN20240215006636,ACCT202858,MERCH300239,withdrawal,21.87,mobile,2024-02-15 13:19:58,approved,False
TXN20240215006637,ACCT203409,MERCH300120,purchase,10.85,web,2024-02-15 23:08:29,declined,False
TXN20240215006638,ACCT205025,MERCH300008,deposit,31.49,mobile,2024-02-15 16:57:04,approved,False
TXN20240215006639,ACCT205173,MERCH300010,purchase,14.85,atm,2024-02-15 16:30:47,approved,False
TXN20240215006640,ACCT203827,MERCH300250,transfer,24.51,in_person,2024-02-15 08:44:48,approved,False
TXN20240215006641,ACCT200597,MERCH300024,deposit,18.89,web,2024-02-15 04:41:59,approved,False
TXN20240215006642,ACCT202440,MERCH300273,purchase,17.62,web,2024-02-15 01:56:58,declined,False
TXN20240215006643,ACCT206146,MERCH300267,purchase,45.43,in_person,2024-02-15 22:09:15,approved,False
TXN20240215006644,ACCT200578,MERCH300261,withdrawal,80.54,web,2024-02-15 06:34:15,approved,False
TXN20240215006645,ACCT203794,MERCH300179,purchase,44.99,in_person,2024-02-15 17:08:21,approved,False
TXN20240215006646,ACCT202197,MERCH300178,purchase,296.87,web,2024-02-15 16:43:52,approved,False
TXN20240215006647,ACCT205150,MERCH300269,purchase,55.77,mobile,2024-02-15 02:33:08,approved,False
TXN20240215006648,ACCT202460,MERCH300223,purchase,186.1,in_person,2024-02-15 03:41:09,approved,False
TXN20240215006649,ACCT204994,MERCH300265,deposit,55.61,mobile,2024-02-15 21:36:15,approved,False
TXN20240215006650,ACCT200129,MERCH300047,deposit,228.36,in_person,2024-02-15 12:27:00,approved,False
TXN20240215006651,ACCT201101,MERCH300011,deposit,94.26,web,2024-02-15 08:55:06,approved,False
TXN20240215006652,ACCT204232,MERCH300223,transfer,20.15,mobile,2024-02-15 15:00:41,approved,False
TXN20240215006653,ACCT200183,MERCH300123,purchase,45.78,mobile,2024-02-15 21:40:59,approved,False
TXN20240215006654,ACCT204652,MERCH300132,purchase,73.89,web,2024-02-15 03:25:57,approved,False
TXN20240215006655,ACCT200828,MERCH300284,transfer,40.39,atm,2024-02-15 19:03:38,approved,False
TXN20240215006656,ACCT206148,MERCH300087,transfer,41.79,in_person,2024-02-15 08:12:59,approved,False
TXN20240215006657,ACCT204767,MERCH300017,purchase,76.95,in_person,2024-02-15 02:27:23,reversed,False
TXN20240215006658,ACCT203046,MERCH300178,purchase,15.87,mobile,2024-02-15 20:11:07,approved,False
TXN20240215006659,ACCT204500,MERCH300245,withdrawal,29.4,in_person,2024-02-15 18:35:32,approved,False
TXN20240215006660,ACCT203126,MERCH300038,purchase,17.02,web,2024-02-15 09:24:45,approved,False
TXN20240215006661,ACCT203306,MERCH300206,withdrawal,127.2,web,2024-02-15 21:38:32,approved,False
TXN20240215006662,ACCT201709,MERCH300171,deposit,50.36,in_person,2024-02-15 21:01:21,approved,False
TXN20240215006663,ACCT202546,MERCH300268,purchase,61.03,mobile,2024-02-15 20:54:15,approved,False
TXN20240215006664,ACCT200162,MERCH300167,purchase,80.57,web,2024-02-15 00:34:05,approved,False
TXN20240215006665,ACCT202103,MERCH300008,deposit,36.11,web,2024-02-15 09:22:13,approved,False
TXN20240215006666,ACCT204017,MERCH300196,purchase,73.06,in_person,2024-02-15 12:29:29,approved,False
TXN20240215006667,ACCT205681,MERCH300097,deposit,21.08,in_person,2024-02-15 08:47:19,approved,False
TXN20240215006668,ACCT201570,MERCH300163,purchase,55.82,atm,2024-02-15 02:28:40,declined,False
TXN20240215006669,ACCT200991,MERCH300169,purchase,31.31,web,2024-02-15 14:25:12,approved,False
TXN20240215006670,ACCT203173,MERCH300271,purchase,19.43,web,2024-02-15 12:29:17,approved,False
TXN20240215006671,ACCT204357,MERCH300167,purchase,6.32,in_person,2024-02-15 23:50:33,reversed,False
TXN20240215006672,ACCT202903,MERCH300026,purchase,29.04,web,2024-02-15 03:03:58,approved,False
TXN20240215006673,ACCT204428,MERCH300168,purchase,54.91,mobile,2024-02-15 11:06:21,reversed,False
TXN20240215006674,ACCT201126,MERCH300082,purchase,15.96,in_person,2024-02-15 13:03:32,approved,False
TXN20240215006675,ACCT206103,MERCH300015,purchase,36.73,web,2024-02-15 06:03:46,approved,False
TXN20240215006676,ACCT205203,MERCH300053,purchase,28.26,web,2024-02-15 23:48:12,approved,False
TXN20240215006677,ACCT204387,MERCH300240,withdrawal,13.6,in_person,2024-02-15 16:17:52,approved,False
TXN20240215006678,ACCT204510,MERCH300201,purchase,28.57,web,2024-02-15 14:53:23,approved,False
TXN20240215006679,ACCT205908,MERCH300168,transfer,432.03,atm,2024-02-15 22:03:27,approved,False
TXN20240215006680,ACCT206443,MERCH300242,purchase,6.78,in_person,2024-02-15 01:09:44,approved,False
TXN20240215006681,ACCT205667,MERCH300275,purchase,5.55,in_person,2024-02-15 12:31:45,approved,False
TXN20240215006682,ACCT204606,MERCH300246,purchase,51.14,web,2024-02-15 15:32:12,approved,False
TXN20240215006683,ACCT203272,MERCH300116,transfer,41.39,mobile,2024-02-15 18:45:12,approved,False
TXN20240215006684,ACCT200070,MERCH300149,transfer,51.74,in_person,2024-02-15 16:12:44,approved,False
TXN20240215006685,ACCT202488,MERCH300277,purchase,58.3,mobile,2024-02-15 17:39:56,approved,False
TXN20240215006686,ACCT201268,MERCH300216,purchase,28.67,in_person,2024-02-15 03:40:40,approved,False
TXN20240215006687,ACCT204349,MERCH300262,deposit,47.8,in_person,2024-02-15 14:32:55,approved,False
TXN20240215006688,ACCT201963,MERCH300215,withdrawal,19.67,mobile,2024-02-15 19:52:22,approved,False
TXN20240215006689,ACCT205049,MERCH300168,transfer,13.15,in_person,2024-02-15 09:13:42,approved,False
TXN20240215006690,ACCT201553,MERCH300028,purchase,4.8,in_person,2024-02-15 08:15:21,approved,False
TXN20240215006691,ACCT204952,MERCH300116,purchase,35.85,atm,2024-02-15 12:24:20,approved,False
TXN20240215006692,ACCT205015,MERCH300005,transfer,66.15,web,2024-02-15 12:56:26,approved,False
TXN20240215006693,ACCT203581,MERCH300299,withdrawal,23.22,in_person,2024-02-15 19:16:29,approved,False
TXN20240215006694,ACCT202616,MERCH300120,transfer,34.0,in_person,2024-02-15 06:04:37,approved,False
TXN20240215006695,ACCT202350,MERCH300209,purchase,57.85,atm,2024-02-15 00:57:12,approved,False
TXN20240215006696,ACCT202673,MERCH300058,purchase,24.3,mobile,2024-02-15 18:54:11,approved,False
TXN20240215006697,ACCT202571,MERCH300070,purchase,52.59,mobile,2024-02-15 13:49:59,approved,False
TXN20240215006698,ACCT200786,MERCH300105,purchase,20.87,mobile,2024-02-15 01:24:10,reversed,False
TXN20240215006699,ACCT204038,MERCH300036,purchase,33.98,mobile,2024-02-15 20:59:44,approved,False
TXN20240215006700,ACCT202628,MERCH300182,withdrawal,56.56,in_person,2024-02-15 18:22:26,approved,False
TXN20240215006701,ACCT202437,MERCH300134,purchase,43.27,mobile,2024-02-15 20:25:18,approved,False
TXN20240215006702,ACCT204149,MERCH300272,withdrawal,36.15,mobile,2024-02-15 13:46:25,approved,False
TXN20240215006703,ACCT206379,MERCH300211,purchase,21.66,web,2024-02-15 12:42:34,approved,False
TXN20240215006704,ACCT205689,MERCH300006,deposit,12.89,in_person,2024-02-15 06:42:20,approved,False
TXN20240215006705,ACCT201983,MERCH300271,withdrawal,41.92,in_person,2024-02-15 17:16:07,approved,False
TXN20240215006706,ACCT203477,MERCH300015,purchase,100.11,mobile,2024-02-15 01:57:53,approved,False
TXN20240215006707,ACCT203124,MERCH300091,purchase,23.59,in_person,2024-02-15 10:17:59,approved,False
TXN20240215006708,ACCT204331,MERCH300165,deposit,8.35,web,2024-02-15 05:50:10,approved,False
TXN20240215006709,ACCT203865,MERCH300125,transfer,17.66,mobile,2024-02-15 04:15:43,approved,False
TXN20240215006710,ACCT200256,MERCH300195,transfer,11.7,in_person,2024-02-15 22:29:40,approved,False
TXN20240215006711,ACCT200117,MERCH300001,transfer,21.62,in_person,2024-02-15 15:13:01,approved,False
TXN20240215006712,ACCT200093,MERCH300298,transfer,15.86,mobile,2024-02-15 08:50:38,approved,False
TXN20240215006713,ACCT200609,MERCH300059,purchase,36.48,web,2024-02-15 11:05:18,approved,False
TXN20240215006714,ACCT204587,MERCH300075,transfer,33.62,atm,2024-02-15 08:57:13,approved,False
TXN20240215006715,ACCT205697,MERCH300049,purchase,17.85,in_person,2024-02-15 16:01:01,approved,False
TXN20240215006716,ACCT202004,MERCH300007,withdrawal,39.3,in_person,2024-02-15 12:52:22,declined,False
TXN20240215006717,ACCT201112,MERCH300167,transfer,25.7,in_person,2024-02-15 01:17:03,approved,False
TXN20240215006718,ACCT202394,MERCH300125,purchase,19.19,in_person,2024-02-15 06:21:11,approved,False
TXN20240215006719,ACCT206197,MERCH300184,purchase,57.37,in_person,2024-02-15 20:58:10,approved,False
TXN20240215006720,ACCT204625,MERCH300125,transfer,68.91,atm,2024-02-15 08:38:16,approved,False
TXN20240215006721,ACCT200836,MERCH300149,purchase,69.29,web,2024-02-15 09:15:34,declined,False
TXN20240215006722,ACCT206224,MERCH300093,purchase,8.58,in_person,2024-02-15 12:29:23,approved,False
TXN20240215006723,ACCT203774,MERCH300131,deposit,37.44,web,2024-02-15 22:50:53,approved,False
TXN20240215006724,ACCT200816,MERCH300186,transfer,36.77,in_person,2024-02-15 12:06:03,approved,False
TXN20240215006725,ACCT200589,MERCH300283,purchase,8.73,web,2024-02-15 12:21:28,approved,False
TXN20240215006726,ACCT202984,MERCH300259,withdrawal,38.78,mobile,2024-02-15 20:45:46,approved,False
TXN20240215006727,ACCT204236,MERCH300028,withdrawal,49.09,mobile,2024-02-15 13:32:27,approved,False
TXN20240215006728,ACCT205655,MERCH300050,purchase,48.74,mobile,2024-02-15 09:44:57,approved,False
TXN20240215006729,ACCT201724,MERCH300070,purchase,121.13,atm,2024-02-15 07:09:21,approved,False
TXN20240215006730,ACCT202835,MERCH300242,transfer,52.14,mobile,2024-02-15 07:20:15,approved,False
TXN20240215006731,ACCT205074,MERCH300207,purchase,23.31,atm,2024-02-15 09:50:45,approved,False
TXN20240215006732,ACCT205443,MERCH300273,deposit,20.77,web,2024-02-15 11:00:48,approved,False
TXN20240215006733,ACCT202169,MERCH300220,deposit,133.07,mobile,2024-02-15 19:33:43,approved,False
TXN20240215006734,ACCT203902,MERCH300188,transfer,5.67,mobile,2024-02-15 06:29:45,approved,False
TXN20240215006735,ACCT203403,MERCH300088,withdrawal,126.34,web,2024-02-15 16:54:03,approved,False
TXN20240215006736,ACCT203825,MERCH300000,purchase,91.0,mobile,2024-02-15 16:01:54,approved,False
TXN20240215006737,ACCT205135,MERCH300125,withdrawal,58.49,web,2024-02-15 12:17:36,approved,False
TXN20240215006738,ACCT205301,MERCH300143,purchase,19.72,web,2024-02-15 05:18:23,approved,False
TXN20240215006739,ACCT203557,MERCH300163,purchase,34.51,in_person,2024-02-15 19:53:34,approved,False
TXN20240215006740,ACCT201310,MERCH300113,transfer,18.57,web,2024-02-15 11:54:09,approved,False
TXN20240215006741,ACCT206051,MERCH300231,withdrawal,18.84,mobile,2024-02-15 00:26:23,approved,False
TXN20240215006742,ACCT203412,MERCH300118,purchase,33.51,mobile,2024-02-15 08:34:18,approved,False
TXN20240215006743,ACCT201715,MERCH300110,purchase,27.98,mobile,2024-02-15 01:19:00,approved,True
TXN20240215006744,ACCT204134,MERCH300175,purchase,52.77,in_person,2024-02-15 18:19:15,approved,False
TXN20240215006745,ACCT205715,MERCH300116,transfer,40.69,web,2024-02-15 04:35:28,declined,False
TXN20240215006746,ACCT201697,MERCH300250,withdrawal,80.87,mobile,2024-02-15 21:19:47,approved,False
TXN20240215006747,ACCT202484,MERCH300211,transfer,46.48,atm,2024-02-15 21:18:33,approved,False
TXN20240215006748,ACCT206183,MERCH300145,purchase,35.19,in_person,2024-02-15 01:31:05,approved,False
TXN20240215006749,ACCT201224,MERCH300274,withdrawal,35.69,web,2024-02-15 11:22:32,approved,False
TXN20240215006750,ACCT201541,MERCH300218,withdrawal,28.55,in_person,2024-02-15 09:31:03,approved,False
TXN20240215006751,ACCT205815,MERCH300197,purchase,61.97,in_person,2024-02-15 06:53:24,approved,False
TXN20240215006752,ACCT205173,MERCH300207,purchase,40.64,web,2024-02-15 19:21:01,approved,False
TXN20240215006753,ACCT201634,MERCH300186,purchase,37.65,web,2024-02-15 09:19:47,approved,False
TXN20240215006754,ACCT202151,MERCH300221,deposit,77.57,in_person,2024-02-15 04:06:10,approved,False
TXN20240215006755,ACCT206023,MERCH300265,purchase,34.39,mobile,2024-02-15 09:20:35,approved,False
TXN20240215006756,ACCT206276,MERCH300072,purchase,106.76,mobile,2024-02-15 19:55:47,reversed,False
TXN20240215006757,ACCT202727,MERCH300207,purchase,26.03,web,2024-02-15 22:06:49,approved,False
TXN20240215006758,ACCT204783,MERCH300245,transfer,65.94,in_person,2024-02-15 04:45:24,approved,False
TXN20240215006759,ACCT205448,MERCH300077,purchase,254.46,in_person,2024-02-15 09:16:39,approved,False
TXN20240215006760,ACCT201785,MERCH300258,purchase,2.54,in_person,2024-02-15 00:29:11,approved,False
TXN20240215006761,ACCT206038,MERCH300004,purchase,12.83,in_person,2024-02-15 17:30:19,approved,False
TXN20240215006762,ACCT200863,MERCH300100,purchase,40.0,web,2024-02-15 16:59:41,approved,False
TXN20240215006763,ACCT202517,MERCH300238,purchase,37.05,in_person,2024-02-15 04:38:46,approved,False
TXN20240215006764,ACCT203898,MERCH300108,purchase,10.92,atm,2024-02-15 04:50:04,approved,False
TXN20240215006765,ACCT200303,MERCH300052,purchase,148.22,web,2024-02-15 11:29:35,approved,False
TXN20240215006766,ACCT202616,MERCH300047,purchase,34.25,mobile,2024-02-15 21:40:42,approved,False
TXN20240215006767,ACCT204868,MERCH300225,transfer,85.33,atm,2024-02-15 01:31:49,approved,False
TXN20240215006768,ACCT206077,MERCH300233,purchase,20.14,mobile,2024-02-15 18:22:49,approved,False
TXN20240215006769,ACCT203626,MERCH300067,withdrawal,20.33,mobile,2024-02-15 17:25:20,approved,False
TXN20240215006770,ACCT206244,MERCH300245,purchase,23.38,mobile,2024-02-15 15:15:12,approved,True
TXN20240215006771,ACCT203397,MERCH300272,purchase,30.37,in_person,2024-02-15 22:51:58,approved,False
TXN20240215006772,ACCT206040,MERCH300012,purchase,23.01,web,2024-02-15 11:35:12,approved,False
TXN20240215006773,ACCT205990,MERCH300270,purchase,67.18,mobile,2024-02-15 15:23:57,approved,False
TXN20240215006774,ACCT202079,MERCH300173,purchase,15.01,web,2024-02-15 11:16:55,approved,False
TXN20240215006775,ACCT202486,MERCH300029,purchase,19.9,in_person,2024-02-15 20:11:20,approved,False
TXN20240215006776,ACCT204687,MERCH300257,deposit,295.22,web,2024-02-15 21:46:18,approved,False
TXN20240215006777,ACCT201121,MERCH300138,purchase,20.89,in_person,2024-02-15 02:00:06,approved,False
TXN20240215006778,ACCT201694,MERCH300180,purchase,468.32,mobile,2024-02-15 01:00:13,approved,False
TXN20240215006779,ACCT205686,MERCH300167,withdrawal,108.56,mobile,2024-02-15 04:57:28,approved,False
TXN20240215006780,ACCT203473,MERCH300297,purchase,71.13,mobile,2024-02-15 12:13:32,approved,False
TXN20240215006781,ACCT206325,MERCH300262,deposit,22.83,in_person,2024-02-15 16:03:38,approved,False
TXN20240215006782,ACCT202469,MERCH300091,transfer,36.81,mobile,2024-02-15 07:22:29,approved,False
TXN20240215006783,ACCT203013,MERCH300043,withdrawal,73.86,in_person,2024-02-15 03:03:07,approved,False
TXN20240215006784,ACCT205949,MERCH300167,transfer,67.68,in_person,2024-02-15 11:48:07,approved,False
TXN20240215006785,ACCT202996,MERCH300081,purchase,61.01,web,2024-02-15 12:00:47,approved,False
TXN20240215006786,ACCT205413,MERCH300297,purchase,9.46,web,2024-02-15 12:38:41,approved,False
TXN20240215006787,ACCT206305,MERCH300027,transfer,54.22,web,2024-02-15 16:38:37,approved,False
TXN20240215006788,ACCT201740,MERCH300161,deposit,45.64,in_person,2024-02-15 05:23:47,declined,False
TXN20240215006789,ACCT203642,MERCH300230,transfer,21.45,mobile,2024-02-15 09:36:35,approved,False
TXN20240215006790,ACCT203439,MERCH300282,deposit,29.93,web,2024-02-15 14:38:17,approved,False
TXN20240215006791,ACCT205445,MERCH300233,purchase,20.26,atm,2024-02-15 16:31:26,approved,False
TXN20240215006792,ACCT204877,MERCH300067,purchase,8.08,in_person,2024-02-15 12:50:04,approved,False
TXN20240215006793,ACCT205046,MERCH300180,purchase,113.61,atm,2024-02-15 03:19:12,declined,False
TXN20240215006794,ACCT203774,MERCH300242,purchase,66.57,web,2024-02-15 21:20:02,approved,False
TXN20240215006795,ACCT204706,MERCH300103,purchase,12.56,web,2024-02-15 12:32:05,approved,False
TXN20240215006796,ACCT206430,MERCH300072,purchase,20.92,in_person,2024-02-15 21:12:56,approved,False
TXN20240215006797,ACCT205289,MERCH300000,purchase,67.68,in_person,2024-02-15 01:56:28,declined,False
TXN20240215006798,ACCT205734,MERCH300036,transfer,38.16,web,2024-02-15 07:15:05,approved,False
TXN20240215006799,ACCT202895,MERCH300215,purchase,11.85,web,2024-02-15 17:59:43,approved,False
TXN20240215006800,ACCT204653,MERCH300291,withdrawal,72.89,in_person,2024-02-15 17:45:33,approved,False
TXN20240215006801,ACCT200131,MERCH300268,transfer,90.98,in_person,2024-02-15 14:52:18,declined,False
TXN20240215006802,ACCT204745,MERCH300120,purchase,51.22,atm,2024-02-15 05:18:22,approved,False
TXN20240215006803,ACCT206440,MERCH300112,purchase,65.75,atm,2024-02-15 11:15:52,approved,False
TXN20240215006804,ACCT204076,MERCH300185,purchase,54.85,mobile,2024-02-15 16:50:24,approved,False
TXN20240215006805,ACCT201654,MERCH300144,purchase,43.71,web,2024-02-15 17:53:54,approved,False
TXN20240215006806,ACCT204762,MERCH300046,purchase,25.85,in_person,2024-02-15 16:04:03,approved,False
TXN20240215006807,ACCT202434,MERCH300151,purchase,106.67,atm,2024-02-15 09:47:53,approved,False
TXN20240215006808,ACCT200437,MERCH300198,purchase,15.84,in_person,2024-02-15 13:08:03,approved,False
TXN20240215006809,ACCT204039,MERCH300011,withdrawal,11.14,mobile,2024-02-15 20:10:34,approved,False
TXN20240215006810,ACCT200671,MERCH300148,purchase,10.72,in_person,2024-02-15 01:33:12,approved,False
TXN20240215006811,ACCT202794,MERCH300121,purchase,140.11,mobile,2024-02-15 11:47:56,approved,False
TXN20240215006812,ACCT200345,MERCH300041,purchase,17.67,web,2024-02-15 20:46:36,approved,False
TXN20240215006813,ACCT203299,MERCH300239,purchase,64.09,in_person,2024-02-15 12:41:58,approved,False
TXN20240215006814,ACCT205310,MERCH300108,purchase,61.23,mobile,2024-02-15 08:59:06,approved,False
TXN20240215006815,ACCT206006,MERCH300167,purchase,12.0,web,2024-02-15 00:25:37,approved,False
TXN20240215006816,ACCT205847,MERCH300009,purchase,15.24,web,2024-02-15 19:05:35,approved,False
TXN20240215006817,ACCT202680,MERCH300028,withdrawal,6.79,mobile,2024-02-15 16:34:39,approved,False
TXN20240215006818,ACCT205918,MERCH300162,purchase,32.87,web,2024-02-15 11:34:47,approved,False
TXN20240215006819,ACCT201560,MERCH300013,purchase,151.42,mobile,2024-02-15 03:31:24,approved,False
TXN20240215006820,ACCT203862,MERCH300012,purchase,170.48,web,2024-02-15 11:52:14,approved,False
TXN20240215006821,ACCT204480,MERCH300080,purchase,9.38,web,2024-02-15 13:59:35,approved,False
TXN20240215006822,ACCT205053,MERCH300194,purchase,11.42,in_person,2024-02-15 20:12:42,approved,False
TXN20240215006823,ACCT204221,MERCH300054,purchase,87.09,in_person,2024-02-15 21:54:59,approved,False
TXN20240215006824,ACCT200065,MERCH300187,transfer,76.67,web,2024-02-15 02:59:25,reversed,False
TXN20240215006825,ACCT200668,MERCH300246,purchase,64.8,atm,2024-02-15 15:00:24,approved,False
TXN20240215006826,ACCT206215,MERCH300264,purchase,27.48,in_person,2024-02-15 18:00:25,approved,False
TXN20240215006827,ACCT201542,MERCH300078,purchase,28.85,in_person,2024-02-15 00:58:45,approved,False
TXN20240215006828,ACCT200279,MERCH300228,deposit,88.53,mobile,2024-02-15 09:14:59,approved,False
TXN20240215006829,ACCT206052,MERCH300102,deposit,26.23,atm,2024-02-15 11:03:21,approved,False
TXN20240215006830,ACCT205344,MERCH300113,deposit,17.61,in_person,2024-02-15 08:28:20,approved,False
TXN20240215006831,ACCT203767,MERCH300053,transfer,46.46,in_person,2024-02-15 15:59:32,reversed,False
TXN20240215006832,ACCT201814,MERCH300291,purchase,28.11,atm,2024-02-15 02:32:02,approved,False
TXN20240215006833,ACCT202873,MERCH300166,transfer,11.53,web,2024-02-15 17:14:16,approved,False
TXN20240215006834,ACCT204578,MERCH300200,purchase,92.43,web,2024-02-15 10:54:27,approved,False
TXN20240215006835,ACCT200248,MERCH300161,purchase,88.6,web,2024-02-15 07:31:52,declined,False
TXN20240215006836,ACCT201461,MERCH300018,purchase,125.13,mobile,2024-02-15 08:53:11,approved,False
TXN20240215006837,ACCT203730,MERCH300185,purchase,11.45,web,2024-02-15 07:08:54,approved,False
TXN20240215006838,ACCT205166,MERCH300092,purchase,63.4,in_person,2024-02-15 12:38:04,approved,False
TXN20240215006839,ACCT204254,MERCH300285,purchase,90.58,atm,2024-02-15 04:48:25,approved,False
TXN20240215006840,ACCT205478,MERCH300258,deposit,16.74,in_person,2024-02-15 13:19:07,approved,False
TXN20240215006841,ACCT203546,MERCH300037,deposit,39.99,mobile,2024-02-15 03:23:29,approved,False
TXN20240215006842,ACCT200524,MERCH300149,purchase,34.73,web,2024-02-15 01:05:30,approved,False
TXN20240215006843,ACCT202302,MERCH300195,purchase,26.37,mobile,2024-02-15 21:15:17,declined,False
TXN20240215006844,ACCT202057,MERCH300187,deposit,117.28,web,2024-02-15 18:17:31,approved,False
TXN20240215006845,ACCT201190,MERCH300177,purchase,117.3,web,2024-02-15 14:09:02,approved,False
TXN20240215006846,ACCT204643,MERCH300101,purchase,45.12,in_person,2024-02-15 02:47:14,approved,False
TXN20240215006847,ACCT201894,MERCH300064,purchase,36.17,mobile,2024-02-15 10:02:22,approved,False
TXN20240215006848,ACCT200795,MERCH300099,transfer,17.55,web,2024-02-15 06:46:41,approved,False
TXN20240215006849,ACCT200082,MERCH300298,purchase,12.9,web,2024-02-15 08:08:09,approved,False
TXN20240215006850,ACCT200975,MERCH300189,purchase,11.11,in_person,2024-02-15 06:12:54,approved,False
TXN20240215006851,ACCT200693,MERCH300062,withdrawal,4.84,mobile,2024-02-15 23:09:14,approved,False
TXN20240215006852,ACCT205642,MERCH300135,purchase,44.61,web,2024-02-15 05:53:50,approved,False
TXN20240215006853,ACCT200131,MERCH300236,purchase,54.52,in_person,2024-02-15 08:21:49,approved,False
TXN20240215006854,ACCT203349,MERCH300111,purchase,163.22,atm,2024-02-15 04:47:47,approved,False
TXN20240215006855,ACCT202764,MERCH300030,transfer,83.11,mobile,2024-02-15 23:41:33,approved,False
TXN20240215006856,ACCT202839,MERCH300274,purchase,48.55,web,2024-02-15 17:15:29,approved,False
TXN20240215006857,ACCT205344,MERCH300238,purchase,28.41,mobile,2024-02-15 21:45:21,approved,False
TXN20240215006858,ACCT204028,MERCH300269,purchase,61.49,mobile,2024-02-15 16:14:01,approved,False
TXN20240215006859,ACCT206171,MERCH300221,transfer,71.37,web,2024-02-15 16:44:51,approved,False
TXN20240215006860,ACCT205852,MERCH300142,purchase,32.57,web,2024-02-15 23:43:50,approved,False
TXN20240215006861,ACCT200137,MERCH300214,purchase,14.29,mobile,2024-02-15 18:22:23,approved,False
TXN20240215006862,ACCT201197,MERCH300235,purchase,38.29,in_person,2024-02-15 12:48:40,approved,False
TXN20240215006863,ACCT203026,MERCH300186,transfer,31.8,in_person,2024-02-15 09:24:00,approved,False
TXN20240215006864,ACCT202351,MERCH300250,purchase,26.56,in_person,2024-02-15 08:48:20,approved,False
TXN20240215006865,ACCT203681,MERCH300187,purchase,191.79,web,2024-02-15 01:00:22,approved,False
TXN20240215006866,ACCT205765,MERCH300172,purchase,10.41,web,2024-02-15 04:09:21,approved,False
TXN20240215006867,ACCT204217,MERCH300282,transfer,54.05,in_person,2024-02-15 04:55:52,approved,False
TXN20240215006868,ACCT201338,MERCH300118,withdrawal,17.78,mobile,2024-02-15 07:02:33,approved,False
TXN20240215006869,ACCT204831,MERCH300263,purchase,33.17,in_person,2024-02-15 16:31:26,approved,False
TXN20240215006870,ACCT200435,MERCH300151,purchase,41.84,web,2024-02-15 20:48:32,approved,False
TXN20240215006871,ACCT205951,MERCH300230,purchase,229.57,web,2024-02-15 08:41:40,approved,False
TXN20240215006872,ACCT200051,MERCH300092,withdrawal,100.88,web,2024-02-15 08:09:06,approved,False
TXN20240215006873,ACCT202699,MERCH300295,purchase,72.8,mobile,2024-02-15 19:31:09,approved,False
TXN20240215006874,ACCT205469,MERCH300178,purchase,49.43,in_person,2024-02-15 10:22:51,approved,False
TXN20240215006875,ACCT200263,MERCH300226,purchase,64.14,atm,2024-02-15 15:38:50,approved,False
TXN20240215006876,ACCT200174,MERCH300002,purchase,102.17,mobile,2024-02-15 10:40:27,approved,False
TXN20240215006877,ACCT203692,MERCH300019,deposit,61.94,web,2024-02-15 22:37:37,approved,False
TXN20240215006878,ACCT200492,MERCH300027,purchase,16.36,in_person,2024-02-15 03:49:55,approved,False
TXN20240215006879,ACCT204293,MERCH300293,withdrawal,60.04,in_person,2024-02-15 03:44:22,approved,True
TXN20240215006880,ACCT202980,MERCH300227,purchase,86.6,in_person,2024-02-15 07:18:23,approved,False
TXN20240215006881,ACCT205603,MERCH300050,purchase,27.72,atm,2024-02-15 07:04:21,approved,False
TXN20240215006882,ACCT206430,MERCH300007,purchase,52.69,web,2024-02-15 16:25:11,approved,False
TXN20240215006883,ACCT201291,MERCH300117,withdrawal,97.84,mobile,2024-02-15 06:34:09,approved,False
TXN20240215006884,ACCT200401,MERCH300012,purchase,182.15,web,2024-02-15 14:30:56,approved,False
TXN20240215006885,ACCT202153,MERCH300191,purchase,94.88,in_person,2024-02-15 16:34:30,approved,False
TXN20240215006886,ACCT204989,MERCH300174,withdrawal,49.65,mobile,2024-02-15 01:31:00,approved,False
TXN20240215006887,ACCT206088,MERCH300219,deposit,59.87,in_person,2024-02-15 14:47:42,approved,False
TXN20240215006888,ACCT203273,MERCH300293,transfer,121.37,in_person,2024-02-15 14:40:14,approved,False
TXN20240215006889,ACCT201448,MERCH300020,withdrawal,32.14,in_person,2024-02-15 03:40:33,approved,False
TXN20240215006890,ACCT203776,MERCH300188,purchase,115.95,web,2024-02-15 03:34:46,approved,False
TXN20240215006891,ACCT200810,MERCH300031,purchase,18.51,atm,2024-02-15 22:58:51,approved,False
TXN20240215006892,ACCT200241,MERCH300261,purchase,53.31,web,2024-02-15 11:06:50,approved,False
TXN20240215006893,ACCT203337,MERCH300029,deposit,62.61,mobile,2024-02-15 21:47:32,approved,False
TXN20240215006894,ACCT204086,MERCH300236,transfer,6.34,atm,2024-02-15 23:00:48,approved,False
TXN20240215006895,ACCT201090,MERCH300010,deposit,9.81,web,2024-02-15 05:09:11,approved,False
TXN20240215006896,ACCT205136,MERCH300007,withdrawal,80.75,web,2024-02-15 21:21:39,declined,False
TXN20240215006897,ACCT201987,MERCH300072,deposit,16.51,web,2024-02-15 21:55:30,approved,False
TXN20240215006898,ACCT201722,MERCH300255,transfer,18.28,in_person,2024-02-15 16:59:57,approved,False
TXN20240215006899,ACCT202654,MERCH300024,purchase,23.54,web,2024-02-15 22:14:12,approved,False
TXN20240215006900,ACCT203160,MERCH300066,purchase,29.11,web,2024-02-15 14:55:26,approved,False
TXN20240215006901,ACCT204936,MERCH300164,purchase,41.95,mobile,2024-02-15 13:29:56,approved,False
TXN20240215006902,ACCT200963,MERCH300235,purchase,11.64,web,2024-02-15 23:57:07,approved,False
TXN20240215006903,ACCT202530,MERCH300129,purchase,25.01,mobile,2024-02-15 17:10:18,approved,False
TXN20240215006904,ACCT201507,MERCH300254,purchase,9.33,atm,2024-02-15 07:42:00,approved,False
TXN20240215006905,ACCT204389,MERCH300010,purchase,31.65,in_person,2024-02-15 16:04:58,approved,False
TXN20240215006906,ACCT201966,MERCH300077,purchase,42.06,web,2024-02-15 23:27:56,declined,False
TXN20240215006907,ACCT201315,MERCH300238,purchase,15.54,web,2024-02-15 00:29:34,approved,False
TXN20240215006908,ACCT202587,MERCH300292,transfer,43.64,web,2024-02-15 06:26:45,approved,False
TXN20240215006909,ACCT202839,MERCH300189,purchase,12.82,in_person,2024-02-15 16:31:51,approved,False
TXN20240215006910,ACCT204871,MERCH300011,transfer,9.02,in_person,2024-02-15 09:27:51,approved,False
TXN20240215006911,ACCT202970,MERCH300215,purchase,100.13,web,2024-02-15 21:40:08,approved,False
TXN20240215006912,ACCT205539,MERCH300042,purchase,110.92,web,2024-02-15 10:02:04,approved,False
TXN20240215006913,ACCT200742,MERCH300247,withdrawal,17.78,mobile,2024-02-15 16:33:44,approved,False
TXN20240215006914,ACCT200033,MERCH300173,purchase,22.26,web,2024-02-15 11:26:25,approved,False
TXN20240215006915,ACCT202393,MERCH300252,purchase,71.02,web,2024-02-15 19:44:21,approved,False
TXN20240215006916,ACCT201156,MERCH300003,purchase,44.16,mobile,2024-02-15 04:41:48,approved,False
TXN20240215006917,ACCT202458,MERCH300296,purchase,133.41,web,2024-02-15 13:04:16,approved,False
TXN20240215006918,ACCT201865,MERCH300064,purchase,172.66,mobile,2024-02-15 02:35:20,approved,False
TXN20240215006919,ACCT202487,MERCH300077,purchase,7.96,in_person,2024-02-15 21:00:16,approved,False
TXN20240215006920,ACCT206364,MERCH300115,transfer,6.42,in_person,2024-02-15 11:56:21,declined,False
TXN20240215006921,ACCT205334,MERCH300285,purchase,31.9,in_person,2024-02-15 15:18:31,declined,False
TXN20240215006922,ACCT200486,MERCH300267,purchase,49.88,in_person,2024-02-15 05:10:09,approved,False
TXN20240215006923,ACCT203900,MERCH300127,purchase,11.7,atm,2024-02-15 01:07:50,approved,False
TXN20240215006924,ACCT204817,MERCH300152,purchase,34.71,in_person,2024-02-15 08:04:54,approved,False
TXN20240215006925,ACCT204434,MERCH300199,purchase,47.5,web,2024-02-15 09:39:09,approved,False
TXN20240215006926,ACCT202634,MERCH300158,withdrawal,35.88,mobile,2024-02-15 16:53:12,approved,False
TXN20240215006927,ACCT204800,MERCH300136,transfer,11.63,in_person,2024-02-15 20:47:49,approved,False
TXN20240215006928,ACCT204803,MERCH300217,purchase,27.31,in_person,2024-02-15 06:28:47,approved,False
TXN20240215006929,ACCT201475,MERCH300147,withdrawal,28.66,atm,2024-02-15 05:53:04,approved,False
TXN20240215006930,ACCT204402,MERCH300227,purchase,122.95,in_person,2024-02-15 02:21:32,approved,False
TXN20240215006931,ACCT202280,MERCH300243,purchase,24.28,mobile,2024-02-15 22:23:39,approved,False
TXN20240215006932,ACCT205446,MERCH300157,transfer,8.23,web,2024-02-15 05:58:16,approved,False
TXN20240215006933,ACCT201769,MERCH300278,deposit,54.98,in_person,2024-02-15 06:05:48,approved,False
TXN20240215006934,ACCT204463,MERCH300291,purchase,103.27,web,2024-02-15 11:13:32,approved,False
TXN20240215006935,ACCT202307,MERCH300272,transfer,9.49,in_person,2024-02-15 10:09:51,approved,False
TXN20240215006936,ACCT205789,MERCH300144,purchase,64.24,atm,2024-02-15 16:03:08,approved,False
TXN20240215006937,ACCT201134,MERCH300193,purchase,17.42,mobile,2024-02-15 14:54:59,approved,False
TXN20240215006938,ACCT201753,MERCH300131,purchase,39.4,in_person,2024-02-15 13:15:22,approved,False
TXN20240215006939,ACCT203616,MERCH300151,purchase,5.36,in_person,2024-02-15 16:11:12,approved,False
TXN20240215006940,ACCT206300,MERCH300251,purchase,124.33,web,2024-02-15 08:57:31,approved,False
TXN20240215006941,ACCT206288,MERCH300116,purchase,17.61,web,2024-02-15 10:12:18,approved,False
TXN20240215006942,ACCT202851,MERCH300116,withdrawal,21.64,web,2024-02-15 22:13:46,declined,False
TXN20240215006943,ACCT203736,MERCH300104,transfer,157.66,in_person,2024-02-15 21:00:24,approved,False
TXN20240215006944,ACCT201005,MERCH300258,purchase,133.26,web,2024-02-15 09:36:30,approved,False
TXN20240215006945,ACCT200452,MERCH300158,purchase,20.72,mobile,2024-02-15 00:02:49,approved,False
TXN20240215006946,ACCT201936,MERCH300196,transfer,21.45,mobile,2024-02-15 07:24:36,approved,False
TXN20240215006947,ACCT202080,MERCH300169,purchase,24.78,in_person,2024-02-15 17:45:37,approved,False
TXN20240215006948,ACCT201610,MERCH300109,deposit,73.09,in_person,2024-02-15 08:04:56,approved,False
TXN20240215006949,ACCT204832,MERCH300167,purchase,208.96,mobile,2024-02-15 14:06:14,approved,False
TXN20240215006950,ACCT201012,MERCH300066,purchase,54.5,web,2024-02-15 16:09:55,approved,False
TXN20240215006951,ACCT205459,MERCH300126,deposit,62.89,in_person,2024-02-15 21:56:14,approved,False
TXN20240215006952,ACCT205804,MERCH300171,purchase,99.7,web,2024-02-15 13:42:49,approved,False
TXN20240215006953,ACCT203865,MERCH300230,transfer,28.72,web,2024-02-15 17:29:10,approved,False
TXN20240215006954,ACCT205040,MERCH300192,purchase,56.22,in_person,2024-02-15 16:31:33,declined,False
TXN20240215006955,ACCT205710,MERCH300252,deposit,55.87,mobile,2024-02-15 09:44:33,declined,False
TXN20240215006956,ACCT201077,MERCH300153,withdrawal,6.22,web,2024-02-15 05:44:39,approved,False
TXN20240215006957,ACCT202501,MERCH300233,purchase,30.35,web,2024-02-15 00:48:23,approved,False
TXN20240215006958,ACCT205870,MERCH300248,purchase,40.25,in_person,2024-02-15 02:10:28,approved,False
TXN20240215006959,ACCT205874,MERCH300186,purchase,18.15,mobile,2024-02-15 15:14:33,approved,False
TXN20240215006960,ACCT204555,MERCH300196,purchase,10.54,mobile,2024-02-15 08:42:14,approved,False
TXN20240215006961,ACCT201012,MERCH300121,purchase,116.77,web,2024-02-15 19:46:38,approved,False
TXN20240215006962,ACCT205931,MERCH300182,purchase,13.96,in_person,2024-02-15 04:30:26,approved,False
TXN20240215006963,ACCT200160,MERCH300159,transfer,31.35,web,2024-02-15 18:31:10,approved,False
TXN20240215006964,ACCT201155,MERCH300090,purchase,84.07,web,2024-02-15 13:21:04,approved,False
TXN20240215006965,ACCT205711,MERCH300270,purchase,77.28,atm,2024-02-15 19:10:31,declined,False
TXN20240215006966,ACCT205461,MERCH300050,purchase,31.22,in_person,2024-02-15 08:30:10,approved,False
TXN20240215006967,ACCT206146,MERCH300043,purchase,69.36,in_person,2024-02-15 20:53:40,approved,True
TXN20240215006968,ACCT202046,MERCH300062,withdrawal,41.19,atm,2024-02-15 12:32:42,approved,False
TXN20240215006969,ACCT206325,MERCH300061,purchase,18.08,web,2024-02-15 13:30:55,approved,False
TXN20240215006970,ACCT205897,MERCH300267,purchase,16.62,mobile,2024-02-15 07:00:39,approved,False
TXN20240215006971,ACCT202396,MERCH300191,transfer,7.43,mobile,2024-02-15 01:18:33,approved,False
TXN20240215006972,ACCT200906,MERCH300204,withdrawal,22.24,web,2024-02-15 18:52:30,approved,False
TXN20240215006973,ACCT200615,MERCH300212,purchase,486.87,mobile,2024-02-15 12:08:04,approved,False
TXN20240215006974,ACCT203976,MERCH300283,purchase,36.54,atm,2024-02-15 01:10:09,approved,False
TXN20240215006975,ACCT204597,MERCH300100,deposit,35.08,in_person,2024-02-15 07:59:18,approved,False
TXN20240215006976,ACCT200492,MERCH300249,purchase,14.53,web,2024-02-15 11:40:54,approved,False
TXN20240215006977,ACCT204361,MERCH300103,withdrawal,40.15,in_person,2024-02-15 02:24:27,approved,False
TXN20240215006978,ACCT203352,MERCH300273,transfer,8.04,web,2024-02-15 03:05:51,approved,False
TXN20240215006979,ACCT206455,MERCH300258,purchase,27.92,atm,2024-02-15 16:41:31,approved,False
TXN20240215006980,ACCT203849,MERCH300204,transfer,20.91,mobile,2024-02-15 05:03:29,approved,False
TXN20240215006981,ACCT203592,MERCH300210,purchase,71.64,web,2024-02-15 01:08:55,approved,False
TXN20240215006982,ACCT205371,MERCH300292,purchase,16.9,mobile,2024-02-15 12:35:53,approved,False
TXN20240215006983,ACCT204001,MERCH300285,purchase,24.43,mobile,2024-02-15 20:28:32,declined,False
TXN20240215006984,ACCT206326,MERCH300286,withdrawal,17.86,mobile,2024-02-15 14:32:00,approved,False
TXN20240215006985,ACCT203419,MERCH300091,purchase,69.34,web,2024-02-15 08:02:48,approved,False
TXN20240215006986,ACCT202912,MERCH300163,purchase,25.23,mobile,2024-02-15 14:41:37,approved,False
TXN20240215006987,ACCT205018,MERCH300183,purchase,206.29,in_person,2024-02-15 05:05:33,approved,False
TXN20240215006988,ACCT201925,MERCH300290,purchase,35.19,mobile,2024-02-15 13:16:21,declined,False
TXN20240215006989,ACCT205378,MERCH300171,withdrawal,28.27,mobile,2024-02-15 20:45:57,approved,False
TXN20240215006990,ACCT201808,MERCH300086,purchase,146.33,in_person,2024-02-15 22:56:49,approved,False
TXN20240215006991,ACCT200685,MERCH300270,withdrawal,60.9,web,2024-02-15 20:50:40,declined,False
TXN20240215006992,ACCT204992,MERCH300199,purchase,44.61,web,2024-02-15 19:21:16,approved,False
TXN20240215006993,ACCT203767,MERCH300179,purchase,25.37,web,2024-02-15 17:18:01,approved,False
TXN20240215006994,ACCT205616,MERCH300159,purchase,7.18,atm,2024-02-15 01:04:03,approved,False
TXN20240215006995,ACCT203726,MERCH300269,purchase,55.25,in_person,2024-02-15 16:43:20,approved,False
TXN20240215006996,ACCT202739,MERCH300002,purchase,90.2,web,2024-02-15 07:33:58,approved,False
TXN20240215006997,ACCT204462,MERCH300236,purchase,20.4,web,2024-02-15 20:57:31,approved,False
TXN20240215006998,ACCT205558,MERCH300232,purchase,23.76,web,2024-02-15 23:42:44,approved,False
TXN20240215006999,ACCT201318,MERCH300031,transfer,118.06,web,2024-02-15 22:07:58,reversed,False
TXN20240215007000,ACCT204601,MERCH300071,purchase,29.24,atm,2024-02-15 04:42:29,approved,False
TXN20240215007001,ACCT205197,MERCH300256,purchase,10.16,in_person,2024-02-15 20:11:55,approved,False
TXN20240215007002,ACCT202137,MERCH300130,deposit,19.66,in_person,2024-02-15 15:16:30,approved,False
TXN20240215007003,ACCT203872,MERCH300160,withdrawal,61.32,in_person,2024-02-15 15:18:51,approved,False
TXN20240215007004,ACCT204208,MERCH300137,purchase,21.14,in_person,2024-02-15 16:23:39,approved,False
TXN20240215007005,ACCT201420,MERCH300003,transfer,12.9,atm,2024-02-15 23:00:22,approved,False
TXN20240215007006,ACCT205909,MERCH300007,purchase,10.25,web,2024-02-15 00:04:36,declined,False
TXN20240215007007,ACCT201002,MERCH300129,purchase,95.6,in_person,2024-02-15 00:26:13,approved,False
TXN20240215007008,ACCT204705,MERCH300063,purchase,37.77,web,2024-02-15 08:58:46,approved,False
TXN20240215007009,ACCT203021,MERCH300241,transfer,557.25,web,2024-02-15 06:47:51,approved,False
TXN20240215007010,ACCT201097,MERCH300163,withdrawal,91.01,mobile,2024-02-15 14:21:30,approved,False
TXN20240215007011,ACCT200395,MERCH300155,transfer,30.61,web,2024-02-15 18:33:08,approved,False
TXN20240215007012,ACCT201093,MERCH300031,purchase,109.82,in_person,2024-02-15 00:43:23,approved,False
TXN20240215007013,ACCT200978,MERCH300266,purchase,39.44,in_person,2024-02-15 11:44:43,approved,False
TXN20240215007014,ACCT203026,MERCH300189,purchase,16.75,in_person,2024-02-15 12:44:14,approved,False
TXN20240215007015,ACCT203926,MERCH300234,purchase,42.31,mobile,2024-02-15 11:53:05,approved,False
TXN20240215007016,ACCT204766,MERCH300295,deposit,42.27,mobile,2024-02-15 00:46:58,approved,False
TXN20240215007017,ACCT204827,MERCH300165,transfer,80.67,in_person,2024-02-15 20:38:15,approved,False
TXN20240215007018,ACCT203243,MERCH300054,purchase,15.28,web,2024-02-15 12:04:51,approved,False
TXN20240215007019,ACCT200303,MERCH300292,purchase,73.42,web,2024-02-15 10:03:41,declined,False
TXN20240215007020,ACCT201531,MERCH300069,purchase,9.32,in_person,2024-02-15 21:42:04,approved,False
TXN20240215007021,ACCT203671,MERCH300114,purchase,316.6,web,2024-02-15 09:26:01,approved,False
TXN20240215007022,ACCT203526,MERCH300114,withdrawal,24.96,mobile,2024-02-15 16:02:28,approved,False
TXN20240215007023,ACCT201384,MERCH300146,transfer,28.86,in_person,2024-02-15 20:56:40,approved,False
TXN20240215007024,ACCT206276,MERCH300148,purchase,23.53,web,2024-02-15 10:00:27,approved,False
TXN20240215007025,ACCT202249,MERCH300012,purchase,13.68,web,2024-02-15 07:22:07,approved,False
TXN20240215007026,ACCT203783,MERCH300152,purchase,79.41,mobile,2024-02-15 14:10:15,approved,False
TXN20240215007027,ACCT201777,MERCH300209,purchase,24.83,mobile,2024-02-15 15:37:28,approved,False
TXN20240215007028,ACCT201388,MERCH300284,purchase,13.66,in_person,2024-02-15 19:09:23,approved,False
TXN20240215007029,ACCT203819,MERCH300117,deposit,24.06,web,2024-02-15 14:26:38,approved,False
TXN20240215007030,ACCT206455,MERCH300151,deposit,32.12,atm,2024-02-15 07:33:39,approved,False
TXN20240215007031,ACCT206011,MERCH300264,withdrawal,28.37,mobile,2024-02-15 12:48:30,approved,False
TXN20240215007032,ACCT203558,MERCH300062,purchase,48.38,in_person,2024-02-15 11:09:53,approved,False
TXN20240215007033,ACCT200125,MERCH300056,purchase,30.74,in_person,2024-02-15 11:30:06,approved,False
TXN20240215007034,ACCT205275,MERCH300026,deposit,393.76,web,2024-02-15 19:21:51,approved,False
TXN20240215007035,ACCT203207,MERCH300233,purchase,56.84,mobile,2024-02-15 09:16:18,approved,False
TXN20240215007036,ACCT201099,MERCH300259,purchase,10.1,web,2024-02-15 00:34:50,approved,False
TXN20240215007037,ACCT200630,MERCH300120,purchase,101.42,in_person,2024-02-15 04:22:07,approved,False
TXN20240215007038,ACCT205633,MERCH300290,purchase,51.89,web,2024-02-15 17:09:26,approved,False
TXN20240215007039,ACCT202901,MERCH300076,purchase,29.48,web,2024-02-15 05:24:52,approved,False
TXN20240215007040,ACCT204869,MERCH300063,withdrawal,17.7,web,2024-02-15 04:39:23,approved,False
TXN20240215007041,ACCT205425,MERCH300037,purchase,268.7,web,2024-02-15 15:41:29,approved,False
TXN20240215007042,ACCT205331,MERCH300221,purchase,76.88,web,2024-02-15 23:18:23,approved,False
TXN20240215007043,ACCT206425,MERCH300263,withdrawal,104.64,mobile,2024-02-15 08:26:25,approved,False
TXN20240215007044,ACCT203600,MERCH300264,transfer,78.27,in_person,2024-02-15 23:11:46,approved,False
TXN20240215007045,ACCT200184,MERCH300117,purchase,37.04,web,2024-02-15 12:40:37,approved,False
TXN20240215007046,ACCT206172,MERCH300157,purchase,47.76,web,2024-02-15 02:41:00,approved,False
TXN20240215007047,ACCT200268,MERCH300179,transfer,76.6,web,2024-02-15 08:41:00,approved,False
TXN20240215007048,ACCT200637,MERCH300259,purchase,31.72,web,2024-02-15 10:25:35,approved,False
TXN20240215007049,ACCT200600,MERCH300139,purchase,71.37,mobile,2024-02-15 04:53:16,approved,False
TXN20240215007050,ACCT205702,MERCH300220,purchase,23.05,in_person,2024-02-15 20:49:15,approved,False
TXN20240215007051,ACCT205433,MERCH300120,purchase,60.01,web,2024-02-15 22:31:30,approved,False
TXN20240215007052,ACCT202402,MERCH300216,purchase,31.17,in_person,2024-02-15 14:27:46,approved,False
TXN20240215007053,ACCT205849,MERCH300119,purchase,32.52,mobile,2024-02-15 21:06:21,approved,False
TXN20240215007054,ACCT200902,MERCH300022,purchase,16.36,in_person,2024-02-15 12:01:29,approved,False
TXN20240215007055,ACCT202393,MERCH300145,withdrawal,92.0,in_person,2024-02-15 05:26:04,approved,False
TXN20240215007056,ACCT200251,MERCH300231,purchase,49.84,mobile,2024-02-15 05:13:24,approved,False
TXN20240215007057,ACCT200403,MERCH300000,transfer,31.62,in_person,2024-02-15 13:57:17,approved,False
TXN20240215007058,ACCT201696,MERCH300147,purchase,17.87,web,2024-02-15 08:34:21,approved,True
TXN20240215007059,ACCT200022,MERCH300035,transfer,66.34,web,2024-02-15 02:44:26,approved,True
TXN20240215007060,ACCT205314,MERCH300235,transfer,57.81,in_person,2024-02-15 09:57:22,approved,False
TXN20240215007061,ACCT205725,MERCH300280,purchase,50.29,in_person,2024-02-15 16:24:08,approved,False
TXN20240215007062,ACCT204128,MERCH300025,withdrawal,7.73,atm,2024-02-15 12:10:45,approved,False
TXN20240215007063,ACCT201370,MERCH300100,purchase,34.84,mobile,2024-02-15 06:03:51,approved,False
TXN20240215007064,ACCT200052,MERCH300067,purchase,33.06,in_person,2024-02-15 12:16:55,approved,False
TXN20240215007065,ACCT200468,MERCH300295,withdrawal,65.84,web,2024-02-15 06:42:54,approved,False
TXN20240215007066,ACCT205378,MERCH300026,deposit,15.07,mobile,2024-02-15 05:29:49,approved,False
TXN20240215007067,ACCT204552,MERCH300216,purchase,35.22,mobile,2024-02-15 19:49:22,approved,False
TXN20240215007068,ACCT201238,MERCH300268,purchase,8.5,mobile,2024-02-15 21:30:55,approved,False
TXN20240215007069,ACCT204203,MERCH300145,purchase,201.55,mobile,2024-02-15 22:59:41,approved,False
TXN20240215007070,ACCT202523,MERCH300242,purchase,74.25,mobile,2024-02-15 02:54:49,approved,False
TXN20240215007071,ACCT201940,MERCH300087,purchase,15.39,mobile,2024-02-15 17:53:49,approved,False
TXN20240215007072,ACCT204357,MERCH300216,purchase,12.37,web,2024-02-15 05:36:09,declined,False
TXN20240215007073,ACCT200232,MERCH300118,deposit,5.51,in_person,2024-02-15 17:19:55,approved,False
TXN20240215007074,ACCT204265,MERCH300080,withdrawal,19.26,web,2024-02-15 15:28:48,approved,False
TXN20240215007075,ACCT205464,MERCH300043,purchase,16.6,atm,2024-02-15 07:26:02,approved,False
TXN20240215007076,ACCT200001,MERCH300077,transfer,17.27,in_person,2024-02-15 22:29:37,approved,False
TXN20240215007077,ACCT205423,MERCH300265,purchase,173.76,web,2024-02-15 17:05:16,approved,False
TXN20240215007078,ACCT200566,MERCH300149,purchase,45.03,in_person,2024-02-15 14:00:38,approved,False
TXN20240215007079,ACCT206226,MERCH300201,purchase,19.14,web,2024-02-15 00:03:45,approved,False
TXN20240215007080,ACCT201529,MERCH300071,purchase,56.26,atm,2024-02-15 09:30:34,approved,False
TXN20240215007081,ACCT203191,MERCH300275,purchase,84.2,web,2024-02-15 04:33:21,declined,False
TXN20240215007082,ACCT200119,MERCH300244,purchase,58.26,in_person,2024-02-15 19:15:22,approved,False
TXN20240215007083,ACCT202313,MERCH300153,purchase,282.1,in_person,2024-02-15 23:02:05,approved,False
TXN20240215007084,ACCT202100,MERCH300160,withdrawal,20.99,web,2024-02-15 01:24:42,approved,False
TXN20240215007085,ACCT200073,MERCH300124,purchase,46.57,mobile,2024-02-15 18:19:12,approved,False
TXN20240215007086,ACCT201501,MERCH300276,purchase,19.1,web,2024-02-15 00:44:02,approved,False
TXN20240215007087,ACCT203853,MERCH300047,purchase,88.65,web,2024-02-15 05:38:28,approved,False
TXN20240215007088,ACCT204136,MERCH300092,purchase,21.46,web,2024-02-15 04:19:49,approved,True
TXN20240215007089,ACCT206475,MERCH300134,purchase,192.62,atm,2024-02-15 05:21:21,approved,False
TXN20240215007090,ACCT201320,MERCH300083,purchase,82.36,mobile,2024-02-15 06:28:43,approved,False
TXN20240215007091,ACCT203601,MERCH300020,transfer,144.33,in_person,2024-02-15 16:28:51,approved,True
TXN20240215007092,ACCT206378,MERCH300079,purchase,86.72,mobile,2024-02-15 11:35:07,approved,False
TXN20240215007093,ACCT203527,MERCH300261,deposit,82.1,web,2024-02-15 22:10:46,declined,False
TXN20240215007094,ACCT200500,MERCH300064,withdrawal,11.91,in_person,2024-02-15 11:10:38,approved,False
TXN20240215007095,ACCT202726,MERCH300103,withdrawal,372.61,in_person,2024-02-15 02:19:30,approved,False
TXN20240215007096,ACCT206106,MERCH300129,purchase,14.7,in_person,2024-02-15 22:00:15,approved,False
TXN20240215007097,ACCT200206,MERCH300104,purchase,14.18,atm,2024-02-15 16:06:52,approved,False
TXN20240215007098,ACCT205685,MERCH300227,purchase,19.24,in_person,2024-02-15 02:32:32,approved,False
TXN20240215007099,ACCT203252,MERCH300087,deposit,19.23,web,2024-02-15 12:30:22,approved,False
TXN20240215007100,ACCT202564,MERCH300085,withdrawal,13.88,web,2024-02-15 10:29:28,declined,False
TXN20240215007101,ACCT204459,MERCH300004,purchase,114.86,web,2024-02-15 14:22:52,approved,False
TXN20240215007102,ACCT202801,MERCH300170,purchase,78.85,web,2024-02-15 12:18:35,approved,False
TXN20240215007103,ACCT202057,MERCH300081,purchase,48.21,web,2024-02-15 14:03:36,approved,False
TXN20240215007104,ACCT201587,MERCH300258,purchase,22.47,atm,2024-02-15 07:55:42,declined,False
TXN20240215007105,ACCT200023,MERCH300215,purchase,5.89,in_person,2024-02-15 23:43:05,approved,False
TXN20240215007106,ACCT206267,MERCH300166,withdrawal,18.39,web,2024-02-15 17:48:10,approved,False
TXN20240215007107,ACCT200189,MERCH300027,purchase,43.09,web,2024-02-15 00:12:30,approved,False
TXN20240215007108,ACCT202760,MERCH300091,withdrawal,65.62,in_person,2024-02-15 08:37:31,approved,False
TXN20240215007109,ACCT202891,MERCH300029,transfer,13.76,mobile,2024-02-15 11:37:15,reversed,False
TXN20240215007110,ACCT205349,MERCH300191,purchase,90.9,web,2024-02-15 10:10:44,approved,False
TXN20240215007111,ACCT201260,MERCH300171,transfer,18.02,mobile,2024-02-15 02:28:45,approved,False
TXN20240215007112,ACCT204585,MERCH300256,purchase,43.47,in_person,2024-02-15 17:39:56,approved,False
TXN20240215007113,ACCT202148,MERCH300093,purchase,44.81,atm,2024-02-15 16:38:24,declined,False
TXN20240215007114,ACCT206379,MERCH300235,purchase,16.9,web,2024-02-15 23:01:14,approved,False
TXN20240215007115,ACCT205631,MERCH300154,purchase,74.03,mobile,2024-02-15 17:55:44,approved,False
TXN20240215007116,ACCT200842,MERCH300266,purchase,15.14,in_person,2024-02-15 15:47:56,approved,False
TXN20240215007117,ACCT204127,MERCH300092,deposit,99.72,web,2024-02-15 21:02:32,approved,False
TXN20240215007118,ACCT205359,MERCH300280,purchase,45.76,in_person,2024-02-15 11:08:07,approved,False
TXN20240215007119,ACCT202505,MERCH300096,purchase,45.23,mobile,2024-02-15 15:23:08,approved,False
TXN20240215007120,ACCT200055,MERCH300052,purchase,17.26,atm,2024-02-15 17:09:34,approved,False
TXN20240215007121,ACCT205863,MERCH300069,purchase,36.92,mobile,2024-02-15 22:34:19,reversed,False
TXN20240215007122,ACCT205531,MERCH300058,purchase,23.44,in_person,2024-02-15 22:23:16,approved,False
TXN20240215007123,ACCT203867,MERCH300226,purchase,13.98,web,2024-02-15 16:43:52,approved,False
TXN20240215007124,ACCT200725,MERCH300138,deposit,66.62,mobile,2024-02-15 07:28:39,approved,False
TXN20240215007125,ACCT204608,MERCH300032,purchase,49.0,in_person,2024-02-15 03:59:34,approved,False
TXN20240215007126,ACCT206159,MERCH300077,purchase,15.0,mobile,2024-02-15 14:39:58,approved,False
TXN20240215007127,ACCT202626,MERCH300160,transfer,15.18,in_person,2024-02-15 06:41:46,approved,False
TXN20240215007128,ACCT204485,MERCH300255,purchase,233.18,web,2024-02-15 02:24:23,approved,False
TXN20240215007129,ACCT205902,MERCH300281,purchase,22.7,in_person,2024-02-15 09:45:26,declined,False
TXN20240215007130,ACCT204857,MERCH300045,purchase,21.26,atm,2024-02-15 13:32:38,approved,False
TXN20240215007131,ACCT204192,MERCH300050,transfer,29.81,web,2024-02-15 13:01:56,approved,False
TXN20240215007132,ACCT203916,MERCH300219,purchase,79.21,in_person,2024-02-15 20:40:35,approved,False
TXN20240215007133,ACCT200413,MERCH300251,purchase,46.81,in_person,2024-02-15 23:26:59,approved,False
TXN20240215007134,ACCT203074,MERCH300114,purchase,42.49,in_person,2024-02-15 17:42:31,approved,False
TXN20240215007135,ACCT204159,MERCH300267,purchase,12.53,web,2024-02-15 17:33:57,approved,True
TXN20240215007136,ACCT205618,MERCH300185,purchase,50.68,mobile,2024-02-15 04:05:16,approved,False
TXN20240215007137,ACCT201844,MERCH300113,deposit,11.57,web,2024-02-15 06:51:15,approved,False
TXN20240215007138,ACCT201279,MERCH300212,purchase,65.09,web,2024-02-15 00:59:40,approved,False
TXN20240215007139,ACCT200928,MERCH300198,purchase,138.18,mobile,2024-02-15 04:12:17,approved,False
TXN20240215007140,ACCT200070,MERCH300085,purchase,17.25,web,2024-02-15 23:42:55,approved,False
TXN20240215007141,ACCT203674,MERCH300129,purchase,14.61,web,2024-02-15 18:50:28,declined,False
TXN20240215007142,ACCT206194,MERCH300165,purchase,51.3,atm,2024-02-15 13:59:13,approved,False
TXN20240215007143,ACCT202488,MERCH300241,withdrawal,17.96,atm,2024-02-15 15:48:07,approved,False
TXN20240215007144,ACCT203623,MERCH300096,purchase,44.49,in_person,2024-02-15 19:27:20,approved,False
TXN20240215007145,ACCT204476,MERCH300084,transfer,57.36,web,2024-02-15 23:24:17,approved,False
TXN20240215007146,ACCT204501,MERCH300127,purchase,45.97,in_person,2024-02-15 20:23:41,approved,False
TXN20240215007147,ACCT204314,MERCH300039,purchase,27.26,atm,2024-02-15 06:25:35,approved,False
TXN20240215007148,ACCT201565,MERCH300067,purchase,35.86,mobile,2024-02-15 06:05:38,approved,False
TXN20240215007149,ACCT201032,MERCH300081,purchase,46.52,in_person,2024-02-15 23:29:42,approved,False
TXN20240215007150,ACCT202349,MERCH300041,purchase,118.53,web,2024-02-15 04:59:56,approved,False
TXN20240215007151,ACCT202733,MERCH300040,deposit,27.23,in_person,2024-02-15 09:06:02,approved,False
TXN20240215007152,ACCT204159,MERCH300291,purchase,20.22,in_person,2024-02-15 19:05:25,approved,False
TXN20240215007153,ACCT201602,MERCH300054,purchase,19.43,in_person,2024-02-15 18:11:07,declined,False
TXN20240215007154,ACCT201232,MERCH300261,purchase,114.32,atm,2024-02-15 09:07:22,approved,False
TXN20240215007155,ACCT204453,MERCH300027,transfer,83.53,mobile,2024-02-15 05:21:02,approved,True
TXN20240215007156,ACCT200947,MERCH300001,purchase,82.74,web,2024-02-15 02:10:26,approved,False
TXN20240215007157,ACCT201981,MERCH300052,purchase,93.21,mobile,2024-02-15 12:47:29,approved,False
TXN20240215007158,ACCT203179,MERCH300184,deposit,34.3,mobile,2024-02-15 01:30:36,reversed,False
TXN20240215007159,ACCT203917,MERCH300089,withdrawal,57.79,in_person,2024-02-15 06:42:16,approved,False
TXN20240215007160,ACCT202478,MERCH300185,transfer,27.51,web,2024-02-15 22:09:31,approved,False
TXN20240215007161,ACCT202745,MERCH300010,transfer,17.28,in_person,2024-02-15 20:09:11,approved,False
TXN20240215007162,ACCT202772,MERCH300287,withdrawal,27.17,web,2024-02-15 04:15:56,approved,False
TXN20240215007163,ACCT205202,MERCH300256,deposit,18.31,web,2024-02-15 15:58:57,approved,False
TXN20240215007164,ACCT200864,MERCH300053,deposit,11.36,in_person,2024-02-15 12:39:36,approved,False
TXN20240215007165,ACCT204705,MERCH300111,deposit,50.21,mobile,2024-02-15 12:31:40,approved,False
TXN20240215007166,ACCT200131,MERCH300235,purchase,23.75,web,2024-02-15 04:54:20,approved,False
TXN20240215007167,ACCT205643,MERCH300253,transfer,21.87,in_person,2024-02-15 07:39:38,approved,False
TXN20240215007168,ACCT204917,MERCH300087,deposit,56.15,in_person,2024-02-15 23:10:06,declined,False
TXN20240215007169,ACCT204902,MERCH300067,purchase,9.07,web,2024-02-15 00:40:03,approved,False
TXN20240215007170,ACCT204226,MERCH300047,purchase,42.6,atm,2024-02-15 09:57:01,approved,False
TXN20240215007171,ACCT205208,MERCH300197,purchase,28.84,atm,2024-02-15 22:02:01,approved,False
TXN20240215007172,ACCT204207,MERCH300004,withdrawal,4.68,in_person,2024-02-15 05:23:01,approved,False
TXN20240215007173,ACCT203223,MERCH300100,purchase,21.07,in_person,2024-02-15 12:04:34,reversed,False
TXN20240215007174,ACCT203994,MERCH300218,transfer,33.28,web,2024-02-15 20:55:53,approved,False
TXN20240215007175,ACCT200319,MERCH300284,deposit,49.83,atm,2024-02-15 22:24:39,declined,False
TXN20240215007176,ACCT203440,MERCH300280,purchase,51.79,web,2024-02-15 07:55:19,approved,False
TXN20240215007177,ACCT201376,MERCH300182,purchase,40.99,in_person,2024-02-15 08:02:37,approved,False
TXN20240215007178,ACCT203390,MERCH300268,purchase,239.66,mobile,2024-02-15 22:07:30,approved,False
TXN20240215007179,ACCT204099,MERCH300198,withdrawal,74.75,in_person,2024-02-15 11:12:14,approved,False
TXN20240215007180,ACCT205227,MERCH300013,transfer,53.17,web,2024-02-15 16:30:40,approved,False
TXN20240215007181,ACCT205719,MERCH300015,purchase,30.29,web,2024-02-15 16:00:31,approved,False
TXN20240215007182,ACCT204238,MERCH300238,purchase,15.16,in_person,2024-02-15 22:08:51,approved,False
TXN20240215007183,ACCT203813,MERCH300018,purchase,10.89,web,2024-02-15 21:20:15,approved,False
TXN20240215007184,ACCT204982,MERCH300232,purchase,9.15,in_person,2024-02-15 05:47:37,approved,False
TXN20240215007185,ACCT201195,MERCH300285,purchase,77.31,in_person,2024-02-15 12:51:59,approved,True
TXN20240215007186,ACCT200717,MERCH300280,transfer,16.12,in_person,2024-02-15 17:16:03,approved,False
TXN20240215007187,ACCT200518,MERCH300152,deposit,15.25,in_person,2024-02-15 11:28:12,approved,False
TXN20240215007188,ACCT201115,MERCH300050,purchase,24.44,in_person,2024-02-15 19:51:02,approved,False
TXN20240215007189,ACCT205798,MERCH300242,withdrawal,20.69,in_person,2024-02-15 18:50:21,approved,False
TXN20240215007190,ACCT200875,MERCH300012,purchase,54.18,in_person,2024-02-15 07:38:17,approved,False
TXN20240215007191,ACCT200951,MERCH300140,transfer,34.69,web,2024-02-15 06:01:59,approved,False
TXN20240215007192,ACCT205009,MERCH300200,purchase,83.05,mobile,2024-02-15 04:47:23,approved,False
TXN20240215007193,ACCT206285,MERCH300033,deposit,16.09,in_person,2024-02-15 05:56:20,approved,False
TXN20240215007194,ACCT200884,MERCH300253,deposit,14.87,atm,2024-02-15 02:43:50,approved,True
TXN20240215007195,ACCT202789,MERCH300114,purchase,114.77,in_person,2024-02-15 00:03:12,approved,False
TXN20240215007196,ACCT203253,MERCH300224,purchase,83.71,in_person,2024-02-15 14:16:02,approved,False
TXN20240215007197,ACCT201983,MERCH300029,transfer,11.74,web,2024-02-15 05:55:20,approved,False
TXN20240215007198,ACCT206112,MERCH300232,deposit,22.91,mobile,2024-02-15 18:56:33,approved,False
TXN20240215007199,ACCT201479,MERCH300099,purchase,32.77,in_person,2024-02-15 06:12:03,approved,False
TXN20240215007200,ACCT202187,MERCH300238,purchase,107.99,web,2024-02-15 19:56:36,approved,False
TXN20240215007201,ACCT201510,MERCH300050,transfer,14.49,mobile,2024-02-15 11:02:03,approved,False
TXN20240215007202,ACCT203045,MERCH300198,purchase,80.64,web,2024-02-15 05:02:05,approved,False
TXN20240215007203,ACCT204518,MERCH300256,purchase,124.05,in_person,2024-02-15 13:13:24,approved,False
TXN20240215007204,ACCT201613,MERCH300055,withdrawal,34.98,in_person,2024-02-15 01:57:09,approved,False
TXN20240215007205,ACCT201622,MERCH300204,purchase,10.84,web,2024-02-15 00:59:03,approved,False
TXN20240215007206,ACCT204933,MERCH300045,purchase,53.99,atm,2024-02-15 10:39:49,approved,False
TXN20240215007207,ACCT205479,MERCH300069,withdrawal,59.78,web,2024-02-15 07:15:30,approved,False
TXN20240215007208,ACCT204084,MERCH300134,purchase,39.68,web,2024-02-15 20:31:05,approved,False
TXN20240215007209,ACCT200241,MERCH300056,purchase,61.87,in_person,2024-02-15 09:29:42,approved,False
TXN20240215007210,ACCT200718,MERCH300255,purchase,8.06,atm,2024-02-15 17:09:52,declined,False
TXN20240215007211,ACCT200980,MERCH300112,deposit,8.25,web,2024-02-15 10:32:41,approved,False
TXN20240215007212,ACCT201704,MERCH300128,purchase,15.73,atm,2024-02-15 01:24:17,approved,False
TXN20240215007213,ACCT200532,MERCH300125,purchase,34.5,in_person,2024-02-15 05:47:02,approved,False
TXN20240215007214,ACCT203882,MERCH300288,purchase,38.23,in_person,2024-02-15 00:36:31,approved,False
TXN20240215007215,ACCT201914,MERCH300028,withdrawal,173.82,mobile,2024-02-15 19:32:26,approved,False
TXN20240215007216,ACCT202445,MERCH300159,purchase,54.03,web,2024-02-15 07:58:39,approved,False
TXN20240215007217,ACCT201563,MERCH300045,transfer,39.92,atm,2024-02-15 04:50:04,approved,False
TXN20240215007218,ACCT203777,MERCH300269,transfer,84.08,mobile,2024-02-15 03:46:19,approved,False
TXN20240215007219,ACCT201036,MERCH300126,deposit,14.5,mobile,2024-02-15 09:35:03,approved,False
TXN20240215007220,ACCT201485,MERCH300153,purchase,285.55,in_person,2024-02-15 21:03:23,approved,False
TXN20240215007221,ACCT202567,MERCH300040,withdrawal,21.96,web,2024-02-15 18:45:48,approved,False
TXN20240215007222,ACCT203740,MERCH300109,purchase,54.36,mobile,2024-02-15 10:35:02,approved,False
TXN20240215007223,ACCT203281,MERCH300205,withdrawal,57.59,in_person,2024-02-15 22:52:48,approved,False
TXN20240215007224,ACCT204287,MERCH300184,withdrawal,82.95,mobile,2024-02-15 09:05:46,approved,False
TXN20240215007225,ACCT202643,MERCH300124,purchase,51.02,mobile,2024-02-15 03:45:21,approved,False
TXN20240215007226,ACCT202609,MERCH300119,transfer,36.82,atm,2024-02-15 06:16:59,approved,False
TXN20240215007227,ACCT200007,MERCH300022,purchase,105.44,mobile,2024-02-15 01:40:33,approved,False
TXN20240215007228,ACCT206207,MERCH300179,purchase,20.77,mobile,2024-02-15 18:44:21,approved,False
TXN20240215007229,ACCT202494,MERCH300163,purchase,17.72,web,2024-02-15 21:55:15,approved,False
TXN20240215007230,ACCT205367,MERCH300089,purchase,70.36,in_person,2024-02-15 07:50:34,approved,False
TXN20240215007231,ACCT205048,MERCH300134,deposit,99.7,in_person,2024-02-15 06:36:25,approved,False
TXN20240215007232,ACCT200011,MERCH300199,purchase,21.5,mobile,2024-02-15 17:29:37,approved,False
TXN20240215007233,ACCT204355,MERCH300179,purchase,10.81,in_person,2024-02-15 01:39:54,approved,False
TXN20240215007234,ACCT201116,MERCH300154,purchase,143.08,mobile,2024-02-15 17:49:41,approved,False
TXN20240215007235,ACCT202016,MERCH300281,purchase,140.28,in_person,2024-02-15 18:48:14,approved,False
TXN20240215007236,ACCT205601,MERCH300091,purchase,36.48,in_person,2024-02-15 06:16:34,approved,False
TXN20240215007237,ACCT205372,MERCH300248,purchase,241.84,in_person,2024-02-15 05:52:25,approved,False
TXN20240215007238,ACCT201733,MERCH300260,deposit,13.93,web,2024-02-15 07:17:23,approved,False
TXN20240215007239,ACCT202820,MERCH300030,purchase,37.12,in_person,2024-02-15 11:12:13,approved,False
TXN20240215007240,ACCT205526,MERCH300274,deposit,149.8,in_person,2024-02-15 02:47:32,approved,False
TXN20240215007241,ACCT205681,MERCH300175,withdrawal,14.97,web,2024-02-15 17:12:03,approved,False
TXN20240215007242,ACCT203593,MERCH300231,purchase,46.89,mobile,2024-02-15 00:25:52,approved,False
TXN20240215007243,ACCT201774,MERCH300005,purchase,36.01,web,2024-02-15 17:28:58,approved,False
TXN20240215007244,ACCT205173,MERCH300125,withdrawal,176.23,in_person,2024-02-15 01:43:48,approved,False
TXN20240215007245,ACCT206370,MERCH300033,purchase,17.57,in_person,2024-02-15 12:42:23,approved,False
TXN20240215007246,ACCT202062,MERCH300282,purchase,12.14,mobile,2024-02-15 01:20:13,approved,False
TXN20240215007247,ACCT200562,MERCH300082,purchase,9.74,web,2024-02-15 10:53:07,declined,False
TXN20240215007248,ACCT201338,MERCH300034,transfer,12.13,atm,2024-02-15 18:30:15,approved,False
TXN20240215007249,ACCT200970,MERCH300041,deposit,20.37,in_person,2024-02-15 22:35:08,approved,False
TXN20240215007250,ACCT204670,MERCH300142,purchase,50.04,mobile,2024-02-15 16:07:52,approved,False
TXN20240215007251,ACCT201595,MERCH300254,purchase,26.32,web,2024-02-15 17:36:25,approved,False
TXN20240215007252,ACCT201571,MERCH300100,deposit,69.25,in_person,2024-02-15 20:40:56,approved,False
TXN20240215007253,ACCT205341,MERCH300122,transfer,5.01,web,2024-02-15 19:44:54,approved,False
TXN20240215007254,ACCT201866,MERCH300268,purchase,12.96,web,2024-02-15 09:27:50,approved,False
TXN20240215007255,ACCT201769,MERCH300231,purchase,19.44,web,2024-02-15 03:06:47,approved,False
TXN20240215007256,ACCT201264,MERCH300151,transfer,16.07,web,2024-02-15 13:16:02,approved,False
TXN20240215007257,ACCT203861,MERCH300100,deposit,2.94,in_person,2024-02-15 08:04:43,approved,False
TXN20240215007258,ACCT203641,MERCH300251,transfer,25.0,in_person,2024-02-15 18:38:35,approved,False
TXN20240215007259,ACCT203622,MERCH300162,deposit,46.81,web,2024-02-15 02:47:07,approved,False
TXN20240215007260,ACCT204249,MERCH300071,purchase,193.41,web,2024-02-15 08:05:13,reversed,False
TXN20240215007261,ACCT203495,MERCH300098,purchase,10.88,mobile,2024-02-15 11:51:38,reversed,False
TXN20240215007262,ACCT200017,MERCH300219,deposit,79.12,in_person,2024-02-15 11:42:55,approved,False
TXN20240215007263,ACCT200843,MERCH300047,withdrawal,43.94,mobile,2024-02-15 06:15:49,declined,False
TXN20240215007264,ACCT205656,MERCH300281,transfer,15.17,web,2024-02-15 20:15:22,approved,False
TXN20240215007265,ACCT204748,MERCH300125,purchase,41.3,in_person,2024-02-15 10:20:19,approved,False
TXN20240215007266,ACCT201939,MERCH300022,purchase,25.0,web,2024-02-15 18:33:01,approved,False
TXN20240215007267,ACCT201417,MERCH300160,transfer,19.21,web,2024-02-15 17:40:21,approved,False
TXN20240215007268,ACCT203206,MERCH300039,transfer,13.96,atm,2024-02-15 07:25:00,approved,False
TXN20240215007269,ACCT203257,MERCH300244,purchase,135.67,web,2024-02-15 19:49:06,approved,False
TXN20240215007270,ACCT205349,MERCH300256,deposit,28.7,in_person,2024-02-15 15:43:04,approved,False
TXN20240215007271,ACCT200569,MERCH300095,withdrawal,25.33,web,2024-02-15 19:50:03,approved,False
TXN20240215007272,ACCT202933,MERCH300053,purchase,28.11,in_person,2024-02-15 12:25:24,approved,False
TXN20240215007273,ACCT203628,MERCH300052,purchase,26.59,in_person,2024-02-15 22:29:14,approved,False
TXN20240215007274,ACCT206396,MERCH300006,transfer,243.43,mobile,2024-02-15 21:37:59,approved,False
TXN20240215007275,ACCT202438,MERCH300062,deposit,52.59,in_person,2024-02-15 11:19:06,approved,False
TXN20240215007276,ACCT203033,MERCH300080,purchase,10.44,web,2024-02-15 17:47:43,approved,False
TXN20240215007277,ACCT201569,MERCH300204,purchase,39.6,web,2024-02-15 01:04:02,approved,False
TXN20240215007278,ACCT204944,MERCH300027,purchase,23.88,in_person,2024-02-15 12:46:45,approved,False
TXN20240215007279,ACCT205767,MERCH300079,purchase,82.19,in_person,2024-02-15 20:23:18,approved,False
TXN20240215007280,ACCT206193,MERCH300034,purchase,24.58,mobile,2024-02-15 15:09:29,approved,False
TXN20240215007281,ACCT202721,MERCH300196,purchase,26.7,in_person,2024-02-15 19:22:49,approved,False
TXN20240215007282,ACCT205891,MERCH300288,purchase,158.56,web,2024-02-15 05:23:10,approved,False
TXN20240215007283,ACCT203853,MERCH300187,purchase,54.4,mobile,2024-02-15 06:09:26,approved,False
TXN20240215007284,ACCT205142,MERCH300088,purchase,65.52,atm,2024-02-15 10:50:34,approved,False
TXN20240215007285,ACCT203979,MERCH300148,deposit,40.47,web,2024-02-15 03:10:43,approved,False
TXN20240215007286,ACCT200358,MERCH300236,purchase,19.27,web,2024-02-15 11:40:38,approved,False
TXN20240215007287,ACCT203711,MERCH300178,transfer,5.08,atm,2024-02-15 14:37:04,approved,False
TXN20240215007288,ACCT200411,MERCH300268,transfer,35.28,web,2024-02-15 12:16:40,approved,True
TXN20240215007289,ACCT205161,MERCH300037,transfer,50.65,in_person,2024-02-15 19:38:56,declined,False
TXN20240215007290,ACCT200629,MERCH300046,transfer,53.24,in_person,2024-02-15 06:19:55,approved,False
TXN20240215007291,ACCT202937,MERCH300214,purchase,29.5,web,2024-02-15 02:34:34,approved,False
TXN20240215007292,ACCT203867,MERCH300060,purchase,18.98,in_person,2024-02-15 22:20:14,approved,False
TXN20240215007293,ACCT206255,MERCH300151,purchase,27.51,atm,2024-02-15 18:40:01,approved,False
TXN20240215007294,ACCT201083,MERCH300124,purchase,10.6,atm,2024-02-15 21:26:32,approved,False
TXN20240215007295,ACCT203417,MERCH300091,purchase,71.98,mobile,2024-02-15 11:24:02,approved,False
TXN20240215007296,ACCT201754,MERCH300074,transfer,48.87,in_person,2024-02-15 01:54:18,approved,False
TXN20240215007297,ACCT201360,MERCH300169,purchase,87.94,in_person,2024-02-15 18:49:21,approved,False
TXN20240215007298,ACCT201350,MERCH300125,purchase,12.51,mobile,2024-02-15 01:30:14,approved,False
TXN20240215007299,ACCT205009,MERCH300203,transfer,150.78,web,2024-02-15 06:27:09,approved,False
TXN20240215007300,ACCT203804,MERCH300072,purchase,94.39,web,2024-02-15 00:31:58,approved,False
TXN20240215007301,ACCT205372,MERCH300283,purchase,144.79,mobile,2024-02-15 15:57:01,approved,False
TXN20240215007302,ACCT205348,MERCH300147,purchase,33.97,web,2024-02-15 02:42:24,approved,False
TXN20240215007303,ACCT201683,MERCH300172,purchase,13.32,mobile,2024-02-15 12:56:19,approved,False
TXN20240215007304,ACCT204456,MERCH300077,purchase,9.26,web,2024-02-15 04:35:17,approved,False
TXN20240215007305,ACCT202515,MERCH300182,deposit,6.76,in_person,2024-02-15 06:05:24,approved,False
TXN20240215007306,ACCT204975,MERCH300128,purchase,145.98,web,2024-02-15 10:19:20,approved,False
TXN20240215007307,ACCT200401,MERCH300134,purchase,60.93,in_person,2024-02-15 22:46:34,approved,False
TXN20240215007308,ACCT203364,MERCH300222,transfer,9.77,web,2024-02-15 16:54:06,approved,False
TXN20240215007309,ACCT201440,MERCH300181,purchase,113.38,web,2024-02-15 02:40:51,approved,False
TXN20240215007310,ACCT202701,MERCH300283,purchase,25.24,in_person,2024-02-15 09:19:46,approved,False
TXN20240215007311,ACCT201086,MERCH300156,purchase,12.85,mobile,2024-02-15 11:41:34,approved,False
TXN20240215007312,ACCT205353,MERCH300262,purchase,71.89,web,2024-02-15 18:06:31,approved,False
TXN20240215007313,ACCT206328,MERCH300238,withdrawal,67.53,web,2024-02-15 04:37:29,reversed,True
TXN20240215007314,ACCT200318,MERCH300013,deposit,36.31,atm,2024-02-15 04:29:44,approved,False
TXN20240215007315,ACCT205142,MERCH300285,deposit,52.51,atm,2024-02-15 05:55:57,approved,False
TXN20240215007316,ACCT203947,MERCH300175,purchase,36.06,mobile,2024-02-15 11:45:09,approved,False
TXN20240215007317,ACCT203411,MERCH300136,purchase,54.32,in_person,2024-02-15 11:39:01,declined,False
TXN20240215007318,ACCT200964,MERCH300127,transfer,44.18,in_person,2024-02-15 18:13:33,approved,False
TXN20240215007319,ACCT200114,MERCH300207,withdrawal,11.97,mobile,2024-02-15 06:12:49,reversed,False
TXN20240215007320,ACCT203670,MERCH300139,transfer,22.43,mobile,2024-02-15 18:34:15,approved,False
TXN20240215007321,ACCT203269,MERCH300248,transfer,12.11,web,2024-02-15 14:09:33,approved,False
TXN20240215007322,ACCT205423,MERCH300014,transfer,29.8,in_person,2024-02-15 02:33:08,approved,False
TXN20240215007323,ACCT200693,MERCH300175,purchase,7.0,in_person,2024-02-15 01:07:48,approved,False
TXN20240215007324,ACCT201548,MERCH300183,purchase,23.69,atm,2024-02-15 15:28:30,approved,False
TXN20240215007325,ACCT200544,MERCH300171,purchase,11.62,in_person,2024-02-15 02:42:28,declined,False
TXN20240215007326,ACCT200613,MERCH300040,purchase,56.85,mobile,2024-02-15 21:05:02,approved,False
TXN20240215007327,ACCT205035,MERCH300198,transfer,54.38,mobile,2024-02-15 19:10:55,approved,False
TXN20240215007328,ACCT200268,MERCH300021,purchase,67.91,mobile,2024-02-15 06:01:10,approved,False
TXN20240215007329,ACCT204020,MERCH300006,purchase,15.64,mobile,2024-02-15 12:43:21,approved,True
TXN20240215007330,ACCT202060,MERCH300026,purchase,46.74,mobile,2024-02-15 02:26:38,approved,False
TXN20240215007331,ACCT205416,MERCH300247,purchase,90.49,in_person,2024-02-15 15:22:30,approved,False
TXN20240215007332,ACCT200025,MERCH300006,transfer,86.41,web,2024-02-15 07:02:42,approved,False
TXN20240215007333,ACCT202615,MERCH300098,purchase,86.45,mobile,2024-02-15 14:53:31,approved,False
TXN20240215007334,ACCT202246,MERCH300267,purchase,30.86,mobile,2024-02-15 22:52:25,approved,False
TXN20240215007335,ACCT203459,MERCH300209,withdrawal,56.78,atm,2024-02-15 01:03:16,approved,False
TXN20240215007336,ACCT205803,MERCH300208,purchase,43.07,atm,2024-02-15 23:08:29,approved,False
TXN20240215007337,ACCT203020,MERCH300114,purchase,45.98,atm,2024-02-15 04:11:32,approved,False
TXN20240215007338,ACCT202216,MERCH300266,purchase,14.1,atm,2024-02-15 09:15:01,approved,False
TXN20240215007339,ACCT202568,MERCH300266,withdrawal,27.98,mobile,2024-02-15 05:36:40,approved,False
TXN20240215007340,ACCT204392,MERCH300123,purchase,22.7,mobile,2024-02-15 17:19:48,approved,False
TXN20240215007341,ACCT200615,MERCH300137,withdrawal,101.16,web,2024-02-15 13:42:47,approved,False
TXN20240215007342,ACCT204981,MERCH300113,transfer,83.86,mobile,2024-02-15 13:04:36,approved,False
TXN20240215007343,ACCT200847,MERCH300060,purchase,61.1,web,2024-02-15 01:37:50,approved,False
TXN20240215007344,ACCT203496,MERCH300144,purchase,117.06,mobile,2024-02-15 05:57:07,approved,False
TXN20240215007345,ACCT204421,MERCH300197,purchase,14.38,in_person,2024-02-15 05:22:29,approved,False
TXN20240215007346,ACCT206135,MERCH300023,purchase,245.05,in_person,2024-02-15 23:03:53,approved,False
TXN20240215007347,ACCT203633,MERCH300198,purchase,7.19,in_person,2024-02-15 10:28:43,approved,False
TXN20240215007348,ACCT200016,MERCH300128,purchase,34.95,web,2024-02-15 06:02:08,approved,False
TXN20240215007349,ACCT206168,MERCH300282,purchase,50.03,mobile,2024-02-15 23:38:37,approved,False
TXN20240215007350,ACCT203084,MERCH300216,purchase,21.08,web,2024-02-15 10:17:45,approved,False
TXN20240215007351,ACCT201446,MERCH300215,deposit,6.53,atm,2024-02-15 11:10:00,approved,False
TXN20240215007352,ACCT202857,MERCH300125,purchase,6.48,atm,2024-02-15 07:29:36,approved,False
TXN20240215007353,ACCT205103,MERCH300132,transfer,49.79,mobile,2024-02-15 22:11:30,approved,False
TXN20240215007354,ACCT205254,MERCH300290,purchase,16.95,in_person,2024-02-15 15:46:56,approved,False
TXN20240215007355,ACCT200033,MERCH300140,purchase,23.35,atm,2024-02-15 23:18:00,approved,False
TXN20240215007356,ACCT202465,MERCH300221,purchase,24.8,mobile,2024-02-15 11:03:29,approved,False
TXN20240215007357,ACCT202034,MERCH300203,purchase,109.7,mobile,2024-02-15 02:23:10,approved,False
TXN20240215007358,ACCT206281,MERCH300188,withdrawal,16.57,web,2024-02-15 23:30:02,approved,False
TXN20240215007359,ACCT205968,MERCH300066,transfer,26.35,in_person,2024-02-15 11:20:27,approved,False
TXN20240215007360,ACCT201640,MERCH300250,purchase,36.55,web,2024-02-15 19:09:17,approved,False
TXN20240215007361,ACCT206316,MERCH300104,purchase,13.81,in_person,2024-02-15 10:06:06,approved,False
TXN20240215007362,ACCT202665,MERCH300105,purchase,54.96,web,2024-02-15 12:56:44,approved,False
TXN20240215007363,ACCT206055,MERCH300149,withdrawal,123.19,in_person,2024-02-15 16:19:48,approved,False
TXN20240215007364,ACCT203237,MERCH300075,purchase,282.54,in_person,2024-02-15 10:58:20,approved,False
TXN20240215007365,ACCT203130,MERCH300222,purchase,35.0,web,2024-02-15 01:28:20,approved,False
TXN20240215007366,ACCT202305,MERCH300278,purchase,28.2,web,2024-02-15 06:34:38,approved,False
TXN20240215007367,ACCT201003,MERCH300176,purchase,45.69,web,2024-02-15 06:00:09,approved,False
TXN20240215007368,ACCT205802,MERCH300136,purchase,40.64,in_person,2024-02-15 08:01:55,approved,False
TXN20240215007369,ACCT203951,MERCH300160,purchase,12.79,mobile,2024-02-15 19:14:00,approved,False
TXN20240215007370,ACCT202655,MERCH300214,transfer,84.94,atm,2024-02-15 20:11:35,approved,False
TXN20240215007371,ACCT203810,MERCH300241,withdrawal,45.51,in_person,2024-02-15 15:06:35,reversed,False
TXN20240215007372,ACCT202679,MERCH300106,purchase,46.03,web,2024-02-15 17:29:07,approved,False
TXN20240215007373,ACCT204165,MERCH300218,deposit,22.64,atm,2024-02-15 00:03:42,approved,False
TXN20240215007374,ACCT203084,MERCH300099,purchase,25.81,web,2024-02-15 10:07:01,approved,False
TXN20240215007375,ACCT204593,MERCH300133,purchase,90.44,in_person,2024-02-15 23:45:03,approved,False
TXN20240215007376,ACCT202617,MERCH300124,deposit,117.7,mobile,2024-02-15 10:51:50,approved,False
TXN20240215007377,ACCT204608,MERCH300069,deposit,52.18,in_person,2024-02-15 20:06:01,approved,True
TXN20240215007378,ACCT201477,MERCH300141,withdrawal,37.48,in_person,2024-02-15 03:31:59,approved,False
TXN20240215007379,ACCT204909,MERCH300289,withdrawal,62.85,in_person,2024-02-15 10:06:44,approved,False
TXN20240215007380,ACCT200079,MERCH300190,purchase,8.2,mobile,2024-02-15 19:09:49,approved,False
TXN20240215007381,ACCT205940,MERCH300226,transfer,16.69,atm,2024-02-15 15:21:33,approved,False
TXN20240215007382,ACCT202450,MERCH300129,purchase,18.37,web,2024-02-15 22:38:26,approved,False
TXN20240215007383,ACCT202134,MERCH300200,purchase,79.37,mobile,2024-02-15 14:54:19,approved,False
TXN20240215007384,ACCT205071,MERCH300190,purchase,44.07,in_person,2024-02-15 15:42:01,approved,False
TXN20240215007385,ACCT200063,MERCH300296,purchase,54.62,mobile,2024-02-15 12:47:31,approved,False
TXN20240215007386,ACCT201428,MERCH300168,deposit,41.88,web,2024-02-15 23:57:21,approved,False
TXN20240215007387,ACCT204817,MERCH300133,purchase,48.17,in_person,2024-02-15 07:30:17,approved,False
TXN20240215007388,ACCT200151,MERCH300090,purchase,57.01,in_person,2024-02-15 16:04:18,approved,False
TXN20240215007389,ACCT200535,MERCH300168,transfer,20.96,atm,2024-02-15 06:41:43,approved,False
TXN20240215007390,ACCT200144,MERCH300266,transfer,44.17,web,2024-02-15 16:04:20,approved,False
TXN20240215007391,ACCT204884,MERCH300176,purchase,20.72,web,2024-02-15 14:13:32,approved,False
TXN20240215007392,ACCT202223,MERCH300287,purchase,187.35,mobile,2024-02-15 13:29:59,declined,False
TXN20240215007393,ACCT200591,MERCH300110,purchase,36.14,in_person,2024-02-15 18:42:31,approved,False
TXN20240215007394,ACCT200403,MERCH300009,purchase,30.31,in_person,2024-02-15 05:36:38,declined,False
TXN20240215007395,ACCT200169,MERCH300289,purchase,18.53,web,2024-02-15 17:54:48,approved,False
TXN20240215007396,ACCT203293,MERCH300135,purchase,25.06,mobile,2024-02-15 20:40:43,approved,False
TXN20240215007397,ACCT205507,MERCH300192,purchase,130.13,mobile,2024-02-15 10:36:55,approved,False
TXN20240215007398,ACCT206274,MERCH300117,transfer,266.62,web,2024-02-15 10:41:56,approved,False
TXN20240215007399,ACCT201233,MERCH300210,purchase,85.98,mobile,2024-02-15 12:01:05,approved,False
TXN20240215007400,ACCT203424,MERCH300006,withdrawal,33.08,web,2024-02-15 07:13:44,reversed,False
TXN20240215007401,ACCT200386,MERCH300282,deposit,5.43,web,2024-02-15 14:37:31,approved,False
TXN20240215007402,ACCT206017,MERCH300206,purchase,33.19,atm,2024-02-15 11:39:17,declined,False
TXN20240215007403,ACCT202031,MERCH300200,purchase,27.12,in_person,2024-02-15 13:02:24,approved,False
TXN20240215007404,ACCT206043,MERCH300052,purchase,18.3,atm,2024-02-15 20:08:08,approved,False
TXN20240215007405,ACCT203191,MERCH300047,purchase,34.8,mobile,2024-02-15 02:18:52,approved,False
TXN20240215007406,ACCT200040,MERCH300294,purchase,43.43,web,2024-02-15 10:09:59,approved,False
TXN20240215007407,ACCT203830,MERCH300223,purchase,52.03,in_person,2024-02-15 18:25:02,approved,False
TXN20240215007408,ACCT201552,MERCH300297,purchase,29.89,mobile,2024-02-15 09:12:55,approved,False
TXN20240215007409,ACCT204785,MERCH300105,purchase,19.73,mobile,2024-02-15 14:31:24,approved,False
TXN20240215007410,ACCT204875,MERCH300126,deposit,41.63,web,2024-02-15 22:12:32,approved,False
TXN20240215007411,ACCT203929,MERCH300199,purchase,41.94,in_person,2024-02-15 18:31:23,approved,False
TXN20240215007412,ACCT202030,MERCH300206,purchase,72.41,web,2024-02-15 07:06:11,approved,False
TXN20240215007413,ACCT203969,MERCH300256,transfer,12.46,in_person,2024-02-15 05:17:03,approved,False
TXN20240215007414,ACCT201781,MERCH300213,purchase,71.39,mobile,2024-02-15 13:08:14,approved,False
TXN20240215007415,ACCT201359,MERCH300046,purchase,5.99,in_person,2024-02-15 07:35:10,approved,False
TXN20240215007416,ACCT201245,MERCH300084,withdrawal,67.39,web,2024-02-15 03:03:31,reversed,False
TXN20240215007417,ACCT204880,MERCH300138,purchase,17.83,in_person,2024-02-15 08:29:57,approved,False
TXN20240215007418,ACCT203465,MERCH300252,purchase,250.08,web,2024-02-15 01:12:14,approved,False
TXN20240215007419,ACCT203285,MERCH300254,purchase,11.93,mobile,2024-02-15 03:10:57,approved,False
TXN20240215007420,ACCT205554,MERCH300133,purchase,17.85,mobile,2024-02-15 08:40:24,approved,False
TXN20240215007421,ACCT206213,MERCH300228,purchase,35.83,web,2024-02-15 07:41:31,approved,False
TXN20240215007422,ACCT202663,MERCH300025,withdrawal,44.48,web,2024-02-15 01:34:26,approved,True
TXN20240215007423,ACCT202938,MERCH300018,transfer,71.19,atm,2024-02-15 15:48:31,approved,False
TXN20240215007424,ACCT202107,MERCH300090,withdrawal,45.55,in_person,2024-02-15 23:59:42,approved,False
TXN20240215007425,ACCT206442,MERCH300089,purchase,3.58,atm,2024-02-15 05:32:14,approved,False
TXN20240215007426,ACCT201365,MERCH300187,transfer,25.75,mobile,2024-02-15 20:10:10,approved,False
TXN20240215007427,ACCT203447,MERCH300147,transfer,10.99,web,2024-02-15 16:05:17,approved,False
TXN20240215007428,ACCT201585,MERCH300028,deposit,43.08,atm,2024-02-15 13:55:41,approved,False
TXN20240215007429,ACCT201988,MERCH300238,transfer,29.44,mobile,2024-02-15 15:06:45,approved,False
TXN20240215007430,ACCT202454,MERCH300105,deposit,24.46,in_person,2024-02-15 16:39:05,approved,False
TXN20240215007431,ACCT200013,MERCH300249,purchase,33.21,mobile,2024-02-15 17:49:28,approved,False
TXN20240215007432,ACCT204389,MERCH300148,purchase,59.85,in_person,2024-02-15 19:27:57,approved,False
TXN20240215007433,ACCT204137,MERCH300188,transfer,47.25,mobile,2024-02-15 09:58:17,approved,False
TXN20240215007434,ACCT200405,MERCH300118,purchase,28.17,in_person,2024-02-15 18:45:28,approved,False
TXN20240215007435,ACCT203550,MERCH300298,purchase,152.33,in_person,2024-02-15 04:33:51,declined,False
TXN20240215007436,ACCT206199,MERCH300241,purchase,38.31,mobile,2024-02-15 22:03:47,approved,False
TXN20240215007437,ACCT203095,MERCH300091,purchase,96.2,mobile,2024-02-15 13:16:56,approved,False
TXN20240215007438,ACCT200835,MERCH300169,purchase,17.35,in_person,2024-02-15 16:11:01,approved,False
TXN20240215007439,ACCT200143,MERCH300153,purchase,226.98,mobile,2024-02-15 03:33:24,approved,False
TXN20240215007440,ACCT203540,MERCH300211,purchase,76.63,mobile,2024-02-15 09:19:40,approved,False
TXN20240215007441,ACCT200923,MERCH300097,deposit,39.29,in_person,2024-02-15 08:00:23,approved,False
TXN20240215007442,ACCT205323,MERCH300170,transfer,13.71,mobile,2024-02-15 22:59:31,approved,False
TXN20240215007443,ACCT200369,MERCH300057,transfer,47.6,mobile,2024-02-15 10:51:27,approved,False
TXN20240215007444,ACCT205362,MERCH300020,purchase,171.93,mobile,2024-02-15 13:31:01,approved,False
TXN20240215007445,ACCT202979,MERCH300016,purchase,43.41,web,2024-02-15 01:49:43,approved,False
TXN20240215007446,ACCT200806,MERCH300208,transfer,6.62,web,2024-02-15 01:31:17,approved,False
TXN20240215007447,ACCT200580,MERCH300166,purchase,93.34,atm,2024-02-15 06:35:20,reversed,False
TXN20240215007448,ACCT205534,MERCH300245,transfer,54.77,web,2024-02-15 22:14:24,approved,False
TXN20240215007449,ACCT202941,MERCH300254,purchase,19.69,atm,2024-02-15 16:17:03,approved,False
TXN20240215007450,ACCT206365,MERCH300039,purchase,39.84,mobile,2024-02-15 02:53:36,approved,False
TXN20240215007451,ACCT204361,MERCH300159,purchase,20.39,web,2024-02-15 11:21:38,approved,False
TXN20240215007452,ACCT204223,MERCH300091,purchase,168.42,in_person,2024-02-15 08:15:54,approved,False
TXN20240215007453,ACCT204172,MERCH300034,purchase,13.22,mobile,2024-02-15 00:21:20,approved,False
TXN20240215007454,ACCT204338,MERCH300250,purchase,7.73,mobile,2024-02-15 11:30:09,approved,False
TXN20240215007455,ACCT200675,MERCH300089,purchase,19.21,mobile,2024-02-15 00:07:23,approved,False
TXN20240215007456,ACCT204071,MERCH300281,purchase,72.69,atm,2024-02-15 20:32:26,approved,False
TXN20240215007457,ACCT202310,MERCH300129,purchase,9.29,web,2024-02-15 15:05:17,approved,False
TXN20240215007458,ACCT204311,MERCH300206,withdrawal,179.13,web,2024-02-15 18:36:24,approved,False
TXN20240215007459,ACCT203330,MERCH300218,purchase,65.09,web,2024-02-15 00:41:25,approved,False
TXN20240215007460,ACCT204182,MERCH300036,purchase,25.36,mobile,2024-02-15 04:07:38,approved,False
TXN20240215007461,ACCT202735,MERCH300207,deposit,20.45,in_person,2024-02-15 23:52:43,approved,False
TXN20240215007462,ACCT201777,MERCH300110,purchase,5.0,in_person,2024-02-15 06:23:11,approved,False
TXN20240215007463,ACCT204585,MERCH300283,transfer,97.83,web,2024-02-15 04:11:26,approved,False
TXN20240215007464,ACCT203848,MERCH300123,purchase,233.1,in_person,2024-02-15 12:14:32,approved,False
TXN20240215007465,ACCT206448,MERCH300114,purchase,27.2,mobile,2024-02-15 14:34:45,approved,False
TXN20240215007466,ACCT202452,MERCH300097,transfer,11.66,mobile,2024-02-15 06:26:07,approved,False
TXN20240215007467,ACCT205726,MERCH300012,purchase,8.69,web,2024-02-15 19:16:36,approved,False
TXN20240215007468,ACCT204239,MERCH300232,withdrawal,22.32,atm,2024-02-15 00:28:57,approved,False
TXN20240215007469,ACCT205628,MERCH300268,purchase,17.95,mobile,2024-02-15 15:54:46,approved,False
TXN20240215007470,ACCT202445,MERCH300044,purchase,27.5,in_person,2024-02-15 22:09:14,approved,False
TXN20240215007471,ACCT205144,MERCH300252,purchase,128.41,mobile,2024-02-15 17:49:51,approved,False
TXN20240215007472,ACCT203838,MERCH300071,purchase,9.25,mobile,2024-02-15 02:32:09,approved,False
TXN20240215007473,ACCT205339,MERCH300283,purchase,13.96,in_person,2024-02-15 22:32:56,declined,False
TXN20240215007474,ACCT205053,MERCH300124,transfer,4.72,in_person,2024-02-15 21:00:18,approved,True
TXN20240215007475,ACCT200062,MERCH300087,withdrawal,255.97,web,2024-02-15 10:52:36,approved,False
TXN20240215007476,ACCT206218,MERCH300136,purchase,188.27,mobile,2024-02-15 18:08:05,approved,False
TXN20240215007477,ACCT204479,MERCH300227,withdrawal,24.78,web,2024-02-15 02:07:16,approved,False
TXN20240215007478,ACCT200596,MERCH300049,purchase,34.53,web,2024-02-15 09:58:38,approved,False
TXN20240215007479,ACCT204937,MERCH300267,deposit,76.85,mobile,2024-02-15 21:15:32,approved,False
TXN20240215007480,ACCT206358,MERCH300144,purchase,46.35,mobile,2024-02-15 15:04:09,approved,False
TXN20240215007481,ACCT204122,MERCH300001,deposit,86.08,web,2024-02-15 13:43:31,approved,False
TXN20240215007482,ACCT204877,MERCH300256,purchase,15.56,web,2024-02-15 11:03:03,approved,False
TXN20240215007483,ACCT201495,MERCH300080,withdrawal,13.21,in_person,2024-02-15 01:15:10,declined,False
TXN20240215007484,ACCT201475,MERCH300208,purchase,22.58,atm,2024-02-15 16:35:00,approved,False
TXN20240215007485,ACCT203678,MERCH300133,transfer,100.82,web,2024-02-15 02:15:54,approved,False
TXN20240215007486,ACCT205603,MERCH300030,purchase,119.71,in_person,2024-02-15 11:04:05,approved,False
TXN20240215007487,ACCT204473,MERCH300028,purchase,58.62,in_person,2024-02-15 22:17:03,approved,False
TXN20240215007488,ACCT202296,MERCH300129,purchase,35.47,mobile,2024-02-15 00:45:50,approved,False
TXN20240215007489,ACCT205208,MERCH300269,transfer,25.38,in_person,2024-02-15 22:51:01,approved,False
TXN20240215007490,ACCT203693,MERCH300213,transfer,21.35,atm,2024-02-15 08:38:35,approved,False
TXN20240215007491,ACCT201756,MERCH300043,purchase,44.52,in_person,2024-02-15 09:28:19,approved,False
TXN20240215007492,ACCT203519,MERCH300284,purchase,20.5,mobile,2024-02-15 03:10:03,approved,False
TXN20240215007493,ACCT202943,MERCH300189,purchase,40.29,in_person,2024-02-15 03:26:46,approved,False
TXN20240215007494,ACCT201943,MERCH300238,purchase,12.63,mobile,2024-02-15 06:24:51,approved,False
TXN20240215007495,ACCT200107,MERCH300297,purchase,9.11,mobile,2024-02-15 14:54:16,approved,False
TXN20240215007496,ACCT205484,MERCH300213,purchase,43.56,atm,2024-02-15 18:59:13,approved,False
TXN20240215007497,ACCT205453,MERCH300148,purchase,42.45,mobile,2024-02-15 22:00:05,approved,False
TXN20240215007498,ACCT202956,MERCH300101,purchase,58.95,mobile,2024-02-15 14:02:32,approved,False
TXN20240215007499,ACCT203175,MERCH300167,purchase,159.04,in_person,2024-02-15 08:06:49,declined,False
TXN20240215007500,ACCT202642,MERCH300105,purchase,180.78,in_person,2024-02-15 20:23:41,approved,False
TXN20240215007501,ACCT202882,MERCH300145,purchase,112.24,atm,2024-02-15 18:02:07,approved,False
TXN20240215007502,ACCT202727,MERCH300252,transfer,28.03,mobile,2024-02-15 12:53:38,approved,False
TXN20240215007503,ACCT202144,MERCH300004,purchase,107.15,in_person,2024-02-15 22:13:58,approved,False
TXN20240215007504,ACCT200497,MERCH300183,purchase,22.11,web,2024-02-15 09:54:28,approved,False
TXN20240215007505,ACCT204117,MERCH300207,withdrawal,44.39,mobile,2024-02-15 10:31:21,approved,False
TXN20240215007506,ACCT201130,MERCH300022,purchase,429.3,mobile,2024-02-15 14:49:24,approved,False
TXN20240215007507,ACCT200914,MERCH300016,purchase,50.66,mobile,2024-02-15 19:03:39,approved,False
TXN20240215007508,ACCT201350,MERCH300060,purchase,7.63,web,2024-02-15 14:27:44,approved,False
TXN20240215007509,ACCT202403,MERCH300056,withdrawal,74.69,in_person,2024-02-15 21:31:11,approved,False
TXN20240215007510,ACCT200697,MERCH300287,purchase,122.07,web,2024-02-15 08:50:22,approved,False
TXN20240215007511,ACCT200850,MERCH300029,purchase,32.71,mobile,2024-02-15 17:00:21,approved,False
TXN20240215007512,ACCT200005,MERCH300066,deposit,71.66,atm,2024-02-15 11:47:15,approved,False
TXN20240215007513,ACCT200491,MERCH300028,purchase,64.78,in_person,2024-02-15 16:53:01,approved,False
TXN20240215007514,ACCT205777,MERCH300006,purchase,77.15,mobile,2024-02-15 08:14:12,approved,False
TXN20240215007515,ACCT205792,MERCH300202,purchase,19.99,in_person,2024-02-15 10:35:42,approved,False
TXN20240215007516,ACCT200028,MERCH300297,purchase,266.36,atm,2024-02-15 01:40:28,approved,False
TXN20240215007517,ACCT205249,MERCH300220,purchase,76.89,web,2024-02-15 10:13:04,approved,False
TXN20240215007518,ACCT200273,MERCH300119,purchase,92.51,in_person,2024-02-15 15:33:58,approved,False
TXN20240215007519,ACCT205697,MERCH300063,deposit,13.05,web,2024-02-15 16:19:38,approved,False
TXN20240215007520,ACCT200116,MERCH300084,purchase,20.62,in_person,2024-02-15 08:13:56,approved,False
TXN20240215007521,ACCT202894,MERCH300215,purchase,9.13,web,2024-02-15 15:33:07,approved,False
TXN20240215007522,ACCT201644,MERCH300254,transfer,1.07,in_person,2024-02-15 18:30:19,approved,False
TXN20240215007523,ACCT205266,MERCH300182,purchase,317.94,web,2024-02-15 08:27:51,approved,False
TXN20240215007524,ACCT205864,MERCH300003,transfer,38.72,in_person,2024-02-15 17:32:47,approved,False
TXN20240215007525,ACCT201109,MERCH300055,purchase,32.68,mobile,2024-02-15 15:02:05,approved,False
TXN20240215007526,ACCT202107,MERCH300143,purchase,52.76,web,2024-02-15 15:42:13,approved,False
TXN20240215007527,ACCT204560,MERCH300185,purchase,60.89,in_person,2024-02-15 08:30:35,approved,False
TXN20240215007528,ACCT205361,MERCH300092,purchase,48.59,mobile,2024-02-15 18:15:34,approved,False
TXN20240215007529,ACCT202984,MERCH300044,purchase,46.1,in_person,2024-02-15 04:11:19,approved,False
TXN20240215007530,ACCT201865,MERCH300221,transfer,55.26,atm,2024-02-15 19:59:37,approved,False
TXN20240215007531,ACCT204814,MERCH300131,withdrawal,14.09,web,2024-02-15 09:10:45,approved,False
TXN20240215007532,ACCT203190,MERCH300203,purchase,56.23,atm,2024-02-15 03:30:14,approved,False
TXN20240215007533,ACCT204903,MERCH300250,purchase,38.11,web,2024-02-15 17:48:30,approved,False
TXN20240215007534,ACCT203650,MERCH300275,withdrawal,36.16,in_person,2024-02-15 09:45:38,approved,False
TXN20240215007535,ACCT200367,MERCH300044,purchase,45.21,in_person,2024-02-15 04:32:32,declined,False
TXN20240215007536,ACCT201992,MERCH300059,purchase,43.5,mobile,2024-02-15 13:59:32,approved,False
TXN20240215007537,ACCT201288,MERCH300219,purchase,24.36,in_person,2024-02-15 20:37:02,approved,False
TXN20240215007538,ACCT206067,MERCH300007,withdrawal,58.03,mobile,2024-02-15 13:17:57,approved,False
TXN20240215007539,ACCT203416,MERCH300010,transfer,59.71,web,2024-02-15 01:12:48,approved,False
TXN20240215007540,ACCT203852,MERCH300168,purchase,60.62,web,2024-02-15 22:04:28,approved,False
TXN20240215007541,ACCT200636,MERCH300271,purchase,42.54,in_person,2024-02-15 20:52:31,approved,False
TXN20240215007542,ACCT202756,MERCH300038,purchase,8.55,web,2024-02-15 10:23:57,declined,False
TXN20240215007543,ACCT203792,MERCH300100,purchase,52.47,web,2024-02-15 09:38:22,approved,False
TXN20240215007544,ACCT205097,MERCH300170,purchase,21.42,in_person,2024-02-15 08:28:43,approved,False
TXN20240215007545,ACCT201194,MERCH300142,deposit,23.18,in_person,2024-02-15 04:16:41,approved,False
TXN20240215007546,ACCT200071,MERCH300225,withdrawal,58.79,in_person,2024-02-15 09:58:34,approved,False
TXN20240215007547,ACCT205044,MERCH300073,transfer,48.24,web,2024-02-15 15:17:39,approved,False
TXN20240215007548,ACCT201733,MERCH300241,purchase,9.38,web,2024-02-15 14:07:23,approved,False
TXN20240215007549,ACCT202354,MERCH300032,purchase,270.35,in_person,2024-02-15 09:53:38,approved,False
TXN20240215007550,ACCT204137,MERCH300131,deposit,25.62,in_person,2024-02-15 02:46:07,approved,False
TXN20240215007551,ACCT202183,MERCH300089,purchase,47.81,in_person,2024-02-15 09:56:17,approved,False
TXN20240215007552,ACCT205475,MERCH300280,transfer,15.83,web,2024-02-15 06:41:33,approved,False
TXN20240215007553,ACCT201796,MERCH300185,purchase,69.99,atm,2024-02-15 14:36:18,approved,False
TXN20240215007554,ACCT205589,MERCH300263,transfer,30.11,mobile,2024-02-15 23:55:43,approved,True
TXN20240215007555,ACCT205275,MERCH300127,purchase,93.33,atm,2024-02-15 06:57:22,approved,False
TXN20240215007556,ACCT200303,MERCH300258,purchase,44.89,web,2024-02-15 11:06:58,approved,False
TXN20240215007557,ACCT202085,MERCH300050,purchase,63.32,web,2024-02-15 07:27:40,approved,False
TXN20240215007558,ACCT203425,MERCH300098,deposit,67.36,web,2024-02-15 02:27:14,approved,False
TXN20240215007559,ACCT200622,MERCH300099,purchase,46.36,in_person,2024-02-15 19:05:45,approved,False
TXN20240215007560,ACCT202219,MERCH300086,purchase,11.06,web,2024-02-15 02:36:56,approved,False
TXN20240215007561,ACCT206269,MERCH300026,purchase,23.19,web,2024-02-15 06:17:38,approved,False
TXN20240215007562,ACCT206111,MERCH300130,transfer,19.08,atm,2024-02-15 14:33:31,approved,False
TXN20240215007563,ACCT206034,MERCH300264,purchase,53.78,in_person,2024-02-15 13:55:07,approved,False
TXN20240215007564,ACCT205249,MERCH300006,transfer,97.78,web,2024-02-15 09:06:39,approved,False
TXN20240215007565,ACCT201789,MERCH300137,purchase,143.53,web,2024-02-15 19:06:22,declined,False
TXN20240215007566,ACCT204127,MERCH300132,purchase,73.24,in_person,2024-02-15 04:59:16,approved,False
TXN20240215007567,ACCT201450,MERCH300062,purchase,122.54,mobile,2024-02-15 11:24:58,approved,False
TXN20240215007568,ACCT206338,MERCH300001,purchase,49.36,web,2024-02-15 18:05:49,approved,False
TXN20240215007569,ACCT200737,MERCH300115,transfer,15.71,in_person,2024-02-15 16:43:28,approved,False
TXN20240215007570,ACCT202197,MERCH300148,transfer,100.08,mobile,2024-02-15 08:02:18,approved,False
TXN20240215007571,ACCT204924,MERCH300268,purchase,7.28,in_person,2024-02-15 16:11:07,approved,False
TXN20240215007572,ACCT206233,MERCH300132,transfer,26.84,web,2024-02-15 15:58:48,approved,False
TXN20240215007573,ACCT202570,MERCH300105,withdrawal,32.83,in_person,2024-02-15 03:16:40,approved,False
TXN20240215007574,ACCT200227,MERCH300038,withdrawal,94.64,web,2024-02-15 17:01:27,approved,False
TXN20240215007575,ACCT204246,MERCH300207,purchase,71.61,atm,2024-02-15 14:03:38,approved,False
TXN20240215007576,ACCT205195,MERCH300207,purchase,142.1,mobile,2024-02-15 04:28:05,approved,False
TXN20240215007577,ACCT204928,MERCH300250,deposit,16.26,mobile,2024-02-15 15:39:21,approved,False
TXN20240215007578,ACCT206131,MERCH300133,purchase,21.91,in_person,2024-02-15 03:34:58,approved,False
TXN20240215007579,ACCT204752,MERCH300296,purchase,44.3,in_person,2024-02-15 14:26:35,approved,False
TXN20240215007580,ACCT202324,MERCH300061,purchase,11.1,web,2024-02-15 14:02:47,approved,False
TXN20240215007581,ACCT205311,MERCH300010,purchase,37.81,atm,2024-02-15 09:04:50,approved,False
TXN20240215007582,ACCT204441,MERCH300164,purchase,226.44,in_person,2024-02-15 19:40:03,approved,False
TXN20240215007583,ACCT206064,MERCH300011,withdrawal,341.13,mobile,2024-02-15 13:08:48,approved,False
TXN20240215007584,ACCT202141,MERCH300017,transfer,11.65,in_person,2024-02-15 22:48:04,approved,False
TXN20240215007585,ACCT200885,MERCH300051,purchase,93.07,in_person,2024-02-15 12:11:49,approved,False
TXN20240215007586,ACCT205755,MERCH300001,purchase,152.81,in_person,2024-02-15 08:33:05,approved,False
TXN20240215007587,ACCT201462,MERCH300071,purchase,35.02,web,2024-02-15 15:09:17,approved,False
TXN20240215007588,ACCT204342,MERCH300263,purchase,74.93,mobile,2024-02-15 01:18:28,approved,False
TXN20240215007589,ACCT203172,MERCH300110,purchase,45.12,web,2024-02-15 10:16:18,approved,False
TXN20240215007590,ACCT206261,MERCH300008,purchase,99.26,atm,2024-02-15 00:25:16,approved,False
TXN20240215007591,ACCT203804,MERCH300254,purchase,45.8,web,2024-02-15 07:23:49,approved,False
TXN20240215007592,ACCT200873,MERCH300109,purchase,388.64,in_person,2024-02-15 11:22:37,approved,False
TXN20240215007593,ACCT204905,MERCH300154,purchase,18.38,in_person,2024-02-15 21:54:54,approved,False
TXN20240215007594,ACCT200973,MERCH300177,deposit,17.62,atm,2024-02-15 02:18:56,approved,False
TXN20240215007595,ACCT205288,MERCH300180,purchase,10.25,web,2024-02-15 10:54:44,approved,False
TXN20240215007596,ACCT203867,MERCH300257,purchase,16.17,web,2024-02-15 06:15:47,approved,False
TXN20240215007597,ACCT205005,MERCH300038,purchase,57.59,in_person,2024-02-15 12:08:49,approved,False
TXN20240215007598,ACCT202111,MERCH300127,purchase,70.99,in_person,2024-02-15 21:28:28,approved,False
TXN20240215007599,ACCT205516,MERCH300010,purchase,31.81,mobile,2024-02-15 17:09:23,approved,False
TXN20240215007600,ACCT201124,MERCH300124,purchase,13.2,in_person,2024-02-15 01:31:45,approved,False
TXN20240215007601,ACCT206143,MERCH300177,purchase,24.22,web,2024-02-15 12:23:31,approved,False
TXN20240215007602,ACCT204538,MERCH300109,transfer,44.68,web,2024-02-15 09:10:55,approved,False
TXN20240215007603,ACCT204533,MERCH300055,withdrawal,30.19,mobile,2024-02-15 00:24:22,approved,False
TXN20240215007604,ACCT205719,MERCH300051,purchase,49.12,in_person,2024-02-15 04:08:10,approved,False
TXN20240215007605,ACCT204632,MERCH300086,purchase,28.59,mobile,2024-02-15 06:24:25,approved,False
TXN20240215007606,ACCT204327,MERCH300171,transfer,13.8,in_person,2024-02-15 11:29:02,reversed,False
TXN20240215007607,ACCT205659,MERCH300005,withdrawal,211.69,in_person,2024-02-15 11:05:49,approved,False
TXN20240215007608,ACCT203537,MERCH300003,transfer,57.48,web,2024-02-15 23:25:23,declined,False
TXN20240215007609,ACCT206403,MERCH300262,purchase,28.03,mobile,2024-02-15 16:59:00,approved,False
TXN20240215007610,ACCT200784,MERCH300181,deposit,231.55,web,2024-02-15 11:21:01,approved,False
TXN20240215007611,ACCT203906,MERCH300230,purchase,48.54,in_person,2024-02-15 06:10:58,approved,False
TXN20240215007612,ACCT201254,MERCH300101,transfer,31.56,atm,2024-02-15 16:47:09,declined,False
TXN20240215007613,ACCT206206,MERCH300178,purchase,5.66,mobile,2024-02-15 06:11:18,approved,False
TXN20240215007614,ACCT201119,MERCH300195,withdrawal,17.04,web,2024-02-15 01:48:12,approved,False
TXN20240215007615,ACCT203876,MERCH300146,withdrawal,17.63,in_person,2024-02-15 18:51:09,approved,False
TXN20240215007616,ACCT202111,MERCH300223,transfer,26.52,in_person,2024-02-15 23:41:02,approved,False
TXN20240215007617,ACCT202298,MERCH300112,purchase,48.4,mobile,2024-02-15 16:27:07,approved,False
TXN20240215007618,ACCT202663,MERCH300195,purchase,13.82,in_person,2024-02-15 03:58:23,approved,False
TXN20240215007619,ACCT204694,MERCH300183,purchase,16.25,in_person,2024-02-15 22:54:13,approved,False
TXN20240215007620,ACCT202220,MERCH300285,deposit,58.7,mobile,2024-02-15 07:42:31,approved,False
TXN20240215007621,ACCT200258,MERCH300196,purchase,13.63,web,2024-02-15 05:47:57,approved,False
TXN20240215007622,ACCT202468,MERCH300025,purchase,51.76,in_person,2024-02-15 03:20:44,approved,False
TXN20240215007623,ACCT205357,MERCH300097,purchase,20.91,web,2024-02-15 05:08:56,approved,False
TXN20240215007624,ACCT201433,MERCH300234,transfer,13.42,web,2024-02-15 13:23:33,approved,False
TXN20240215007625,ACCT202880,MERCH300195,withdrawal,14.11,in_person,2024-02-15 15:59:05,approved,False
TXN20240215007626,ACCT200450,MERCH300269,purchase,13.85,mobile,2024-02-15 21:03:53,approved,False
TXN20240215007627,ACCT203908,MERCH300182,purchase,68.32,web,2024-02-15 18:08:48,approved,False
TXN20240215007628,ACCT205461,MERCH300043,purchase,13.21,mobile,2024-02-15 04:29:15,approved,False
TXN20240215007629,ACCT202731,MERCH300070,deposit,116.5,web,2024-02-15 13:56:24,approved,False
TXN20240215007630,ACCT202363,MERCH300293,purchase,44.05,mobile,2024-02-15 10:43:52,approved,False
TXN20240215007631,ACCT201381,MERCH300294,deposit,12.91,web,2024-02-15 14:33:56,approved,False
TXN20240215007632,ACCT204529,MERCH300101,purchase,53.64,web,2024-02-15 01:14:42,approved,False
TXN20240215007633,ACCT205975,MERCH300023,purchase,95.7,in_person,2024-02-15 11:50:35,approved,False
TXN20240215007634,ACCT205764,MERCH300023,deposit,14.68,in_person,2024-02-15 22:09:13,approved,False
TXN20240215007635,ACCT200215,MERCH300177,purchase,64.58,mobile,2024-02-15 05:41:18,approved,False
TXN20240215007636,ACCT200674,MERCH300204,purchase,392.34,web,2024-02-15 11:31:19,approved,False
TXN20240215007637,ACCT203353,MERCH300282,deposit,22.25,in_person,2024-02-15 06:28:09,approved,False
TXN20240215007638,ACCT203628,MERCH300113,deposit,31.9,mobile,2024-02-15 05:17:16,approved,False
TXN20240215007639,ACCT205953,MERCH300229,purchase,39.22,web,2024-02-15 07:57:10,approved,False
TXN20240215007640,ACCT205388,MERCH300221,purchase,10.81,mobile,2024-02-15 05:24:54,approved,False
TXN20240215007641,ACCT205250,MERCH300252,purchase,43.78,web,2024-02-15 03:35:10,reversed,False
TXN20240215007642,ACCT200927,MERCH300007,deposit,27.28,in_person,2024-02-15 02:57:55,approved,False
TXN20240215007643,ACCT201515,MERCH300001,transfer,59.65,mobile,2024-02-15 16:25:28,approved,False
TXN20240215007644,ACCT205788,MERCH300288,transfer,57.62,atm,2024-02-15 20:57:31,approved,False
TXN20240215007645,ACCT200247,MERCH300249,purchase,105.92,in_person,2024-02-15 14:44:36,approved,False
TXN20240215007646,ACCT200498,MERCH300188,deposit,97.41,in_person,2024-02-15 10:16:29,approved,False
TXN20240215007647,ACCT201407,MERCH300221,purchase,12.88,in_person,2024-02-15 14:30:48,declined,False
TXN20240215007648,ACCT205618,MERCH300121,purchase,80.43,mobile,2024-02-15 20:17:11,approved,False
TXN20240215007649,ACCT204240,MERCH300028,purchase,113.71,web,2024-02-15 11:53:17,approved,False
TXN20240215007650,ACCT203716,MERCH300008,purchase,102.1,web,2024-02-15 13:40:05,approved,False
TXN20240215007651,ACCT205457,MERCH300222,transfer,72.47,web,2024-02-15 18:55:56,approved,False
TXN20240215007652,ACCT200373,MERCH300147,purchase,24.24,web,2024-02-15 18:47:12,approved,False
TXN20240215007653,ACCT203248,MERCH300232,withdrawal,13.38,web,2024-02-15 10:19:54,approved,False
TXN20240215007654,ACCT205199,MERCH300118,deposit,23.93,in_person,2024-02-15 22:32:07,approved,False
TXN20240215007655,ACCT206033,MERCH300235,purchase,268.6,web,2024-02-15 02:03:48,approved,False
TXN20240215007656,ACCT203059,MERCH300168,purchase,77.04,mobile,2024-02-15 06:24:52,approved,False
TXN20240215007657,ACCT202143,MERCH300127,purchase,84.2,in_person,2024-02-15 05:19:24,approved,False
TXN20240215007658,ACCT201857,MERCH300073,purchase,49.02,web,2024-02-15 21:22:50,approved,False
TXN20240215007659,ACCT204476,MERCH300254,withdrawal,488.54,atm,2024-02-15 14:47:06,approved,False
TXN20240215007660,ACCT204379,MERCH300222,transfer,155.57,web,2024-02-15 20:18:49,approved,False
TXN20240215007661,ACCT204010,MERCH300052,transfer,131.84,mobile,2024-02-15 05:51:17,approved,False
TXN20240215007662,ACCT204131,MERCH300038,transfer,10.6,web,2024-02-15 20:18:14,approved,False
TXN20240215007663,ACCT205262,MERCH300078,transfer,168.12,in_person,2024-02-15 15:52:54,approved,False
TXN20240215007664,ACCT206358,MERCH300232,purchase,28.87,web,2024-02-15 12:37:30,approved,False
TXN20240215007665,ACCT201681,MERCH300024,withdrawal,76.5,web,2024-02-15 00:44:01,approved,False
TXN20240215007666,ACCT202873,MERCH300253,transfer,14.48,web,2024-02-15 19:13:11,approved,False
TXN20240215007667,ACCT201746,MERCH300257,purchase,23.69,web,2024-02-15 22:12:40,approved,False
TXN20240215007668,ACCT206383,MERCH300199,withdrawal,41.38,web,2024-02-15 08:24:23,declined,False
TXN20240215007669,ACCT200291,MERCH300109,deposit,87.63,in_person,2024-02-15 05:30:33,approved,False
TXN20240215007670,ACCT202593,MERCH300194,transfer,59.76,in_person,2024-02-15 03:37:45,approved,False
TXN20240215007671,ACCT200493,MERCH300082,transfer,35.12,mobile,2024-02-15 20:55:55,approved,False
TXN20240215007672,ACCT202492,MERCH300276,purchase,80.66,web,2024-02-15 02:23:22,approved,False
TXN20240215007673,ACCT201941,MERCH300117,purchase,34.66,mobile,2024-02-15 10:09:33,approved,False
TXN20240215007674,ACCT204794,MERCH300207,purchase,19.86,in_person,2024-02-15 01:45:04,declined,False
TXN20240215007675,ACCT200226,MERCH300117,purchase,26.13,in_person,2024-02-15 22:50:27,approved,False
TXN20240215007676,ACCT202651,MERCH300252,withdrawal,13.31,mobile,2024-02-15 12:35:50,approved,False
TXN20240215007677,ACCT205626,MERCH300061,deposit,104.71,in_person,2024-02-15 15:35:16,reversed,False
TXN20240215007678,ACCT201984,MERCH300164,transfer,24.43,in_person,2024-02-15 13:53:00,approved,False
TXN20240215007679,ACCT201778,MERCH300185,purchase,18.45,in_person,2024-02-15 06:48:17,approved,False
TXN20240215007680,ACCT201793,MERCH300012,purchase,43.43,web,2024-02-15 18:49:05,approved,False
TXN20240215007681,ACCT203870,MERCH300117,purchase,51.42,in_person,2024-02-15 06:40:52,declined,False
TXN20240215007682,ACCT204852,MERCH300129,deposit,16.4,in_person,2024-02-15 23:57:44,approved,False
TXN20240215007683,ACCT200868,MERCH300041,purchase,39.85,atm,2024-02-15 06:23:22,approved,False
TXN20240215007684,ACCT205937,MERCH300238,deposit,22.39,atm,2024-02-15 21:05:21,approved,False
TXN20240215007685,ACCT202767,MERCH300006,purchase,32.38,web,2024-02-15 15:01:35,approved,False
TXN20240215007686,ACCT205393,MERCH300056,deposit,193.42,in_person,2024-02-15 01:47:24,approved,False
TXN20240215007687,ACCT201078,MERCH300206,purchase,29.17,web,2024-02-15 05:08:54,approved,False
TXN20240215007688,ACCT200006,MERCH300191,transfer,161.8,web,2024-02-15 11:24:40,approved,False
TXN20240215007689,ACCT202114,MERCH300219,purchase,78.55,mobile,2024-02-15 09:08:24,approved,False
TXN20240215007690,ACCT202793,MERCH300068,purchase,172.63,web,2024-02-15 01:42:28,approved,False
TXN20240215007691,ACCT200055,MERCH300141,purchase,16.95,web,2024-02-15 15:40:01,approved,False
TXN20240215007692,ACCT204626,MERCH300209,transfer,111.3,web,2024-02-15 08:21:58,approved,False
TXN20240215007693,ACCT205982,MERCH300290,purchase,56.86,mobile,2024-02-15 13:45:24,approved,False
TXN20240215007694,ACCT202859,MERCH300280,purchase,56.55,in_person,2024-02-15 06:57:41,approved,False
TXN20240215007695,ACCT205979,MERCH300136,purchase,28.6,in_person,2024-02-15 21:06:05,approved,False
TXN20240215007696,ACCT205433,MERCH300029,purchase,31.86,in_person,2024-02-15 19:26:59,approved,False
TXN20240215007697,ACCT203008,MERCH300204,purchase,37.39,atm,2024-02-15 06:00:55,approved,False
TXN20240215007698,ACCT203715,MERCH300060,purchase,57.59,web,2024-02-15 01:35:27,approved,False
TXN20240215007699,ACCT202271,MERCH300016,purchase,101.4,web,2024-02-15 21:38:28,approved,False
TXN20240215007700,ACCT205152,MERCH300234,purchase,21.8,in_person,2024-02-15 13:00:59,approved,False
TXN20240215007701,ACCT203758,MERCH300188,withdrawal,31.31,in_person,2024-02-15 06:48:48,approved,False
TXN20240215007702,ACCT200957,MERCH300034,purchase,18.18,in_person,2024-02-15 10:18:50,approved,False
TXN20240215007703,ACCT202831,MERCH300129,transfer,83.56,mobile,2024-02-15 05:53:16,approved,False
TXN20240215007704,ACCT204222,MERCH300266,deposit,41.35,web,2024-02-15 13:45:42,approved,False
TXN20240215007705,ACCT205639,MERCH300165,purchase,121.52,in_person,2024-02-15 21:29:46,approved,False
TXN20240215007706,ACCT203667,MERCH300278,purchase,35.76,mobile,2024-02-15 12:22:27,approved,False
TXN20240215007707,ACCT201042,MERCH300202,deposit,19.42,in_person,2024-02-15 17:21:22,approved,False
TXN20240215007708,ACCT204222,MERCH300043,purchase,11.1,mobile,2024-02-15 20:49:59,approved,False
TXN20240215007709,ACCT205292,MERCH300230,purchase,40.99,mobile,2024-02-15 11:01:50,approved,False
TXN20240215007710,ACCT200415,MERCH300227,transfer,18.98,in_person,2024-02-15 04:39:37,approved,False
TXN20240215007711,ACCT203626,MERCH300062,deposit,21.14,in_person,2024-02-15 22:14:29,approved,False
TXN20240215007712,ACCT203544,MERCH300169,purchase,37.59,in_person,2024-02-15 15:35:40,approved,False
TXN20240215007713,ACCT200896,MERCH300078,purchase,19.7,web,2024-02-15 01:50:33,approved,False
TXN20240215007714,ACCT200662,MERCH300218,purchase,685.44,mobile,2024-02-15 13:32:47,approved,False
TXN20240215007715,ACCT204437,MERCH300203,purchase,154.07,in_person,2024-02-15 19:21:34,approved,False
TXN20240215007716,ACCT203180,MERCH300078,purchase,244.96,in_person,2024-02-15 06:37:01,approved,False
TXN20240215007717,ACCT202950,MERCH300114,withdrawal,17.96,web,2024-02-15 08:46:42,approved,False
TXN20240215007718,ACCT200035,MERCH300221,purchase,233.91,mobile,2024-02-15 03:01:23,approved,False
TXN20240215007719,ACCT202517,MERCH300059,purchase,56.78,web,2024-02-15 19:19:43,approved,False
TXN20240215007720,ACCT202716,MERCH300146,withdrawal,24.72,in_person,2024-02-15 14:08:00,declined,False
TXN20240215007721,ACCT205564,MERCH300291,deposit,109.98,in_person,2024-02-15 07:50:41,approved,False
TXN20240215007722,ACCT204215,MERCH300166,withdrawal,32.02,in_person,2024-02-15 13:32:32,approved,False
TXN20240215007723,ACCT204200,MERCH300043,transfer,22.83,atm,2024-02-15 00:42:22,approved,False
TXN20240215007724,ACCT203534,MERCH300092,transfer,11.41,web,2024-02-15 08:56:13,approved,False
TXN20240215007725,ACCT203719,MERCH300160,purchase,24.26,mobile,2024-02-15 17:08:02,approved,False
TXN20240215007726,ACCT203142,MERCH300285,purchase,45.73,atm,2024-02-15 16:18:15,approved,False
TXN20240215007727,ACCT205514,MERCH300198,transfer,10.95,mobile,2024-02-15 01:53:40,approved,False
TXN20240215007728,ACCT205284,MERCH300130,withdrawal,15.94,mobile,2024-02-15 00:38:54,declined,False
TXN20240215007729,ACCT202260,MERCH300124,purchase,38.52,in_person,2024-02-15 16:24:03,approved,False
TXN20240215007730,ACCT205680,MERCH300275,purchase,29.8,web,2024-02-15 20:28:02,approved,False
TXN20240215007731,ACCT203507,MERCH300251,purchase,85.13,in_person,2024-02-15 03:50:32,declined,False
TXN20240215007732,ACCT204442,MERCH300241,purchase,82.96,web,2024-02-15 00:29:05,approved,False
TXN20240215007733,ACCT206470,MERCH300124,purchase,86.92,in_person,2024-02-15 20:01:57,approved,False
TXN20240215007734,ACCT204595,MERCH300228,purchase,41.32,in_person,2024-02-15 04:20:57,approved,False
TXN20240215007735,ACCT204806,MERCH300266,purchase,198.92,in_person,2024-02-15 02:51:17,approved,False
TXN20240215007736,ACCT202913,MERCH300195,purchase,63.49,in_person,2024-02-15 17:58:07,approved,False
TXN20240215007737,ACCT204047,MERCH300025,purchase,115.61,web,2024-02-15 17:56:37,approved,False
TXN20240215007738,ACCT203105,MERCH300207,purchase,27.0,in_person,2024-02-15 03:10:41,reversed,False
TXN20240215007739,ACCT203477,MERCH300172,transfer,54.49,atm,2024-02-15 06:56:47,approved,False
TXN20240215007740,ACCT203732,MERCH300163,purchase,92.98,atm,2024-02-15 17:45:41,approved,False
TXN20240215007741,ACCT206263,MERCH300159,purchase,11.82,web,2024-02-15 05:55:14,approved,False
TXN20240215007742,ACCT205024,MERCH300166,purchase,68.12,in_person,2024-02-15 14:51:23,approved,False
TXN20240215007743,ACCT201014,MERCH300120,purchase,11.07,in_person,2024-02-15 18:24:31,approved,False
TXN20240215007744,ACCT203552,MERCH300294,purchase,8.17,in_person,2024-02-15 07:25:56,approved,False
TXN20240215007745,ACCT205153,MERCH300295,purchase,31.66,in_person,2024-02-15 21:45:20,approved,False
TXN20240215007746,ACCT204126,MERCH300205,purchase,22.75,in_person,2024-02-15 11:42:17,approved,False
TXN20240215007747,ACCT201095,MERCH300196,deposit,105.35,web,2024-02-15 09:10:56,approved,False
TXN20240215007748,ACCT202634,MERCH300272,deposit,29.32,in_person,2024-02-15 10:54:26,approved,False
TXN20240215007749,ACCT200257,MERCH300212,purchase,39.78,in_person,2024-02-15 16:08:50,approved,False
TXN20240215007750,ACCT203264,MERCH300045,purchase,28.81,web,2024-02-15 16:03:18,approved,False
TXN20240215007751,ACCT202637,MERCH300231,purchase,47.25,web,2024-02-15 10:09:21,approved,False
TXN20240215007752,ACCT202164,MERCH300109,purchase,19.33,mobile,2024-02-15 21:31:34,approved,False
TXN20240215007753,ACCT204445,MERCH300118,withdrawal,10.28,atm,2024-02-15 03:49:25,approved,False
TXN20240215007754,ACCT206392,MERCH300104,purchase,54.3,atm,2024-02-15 17:04:53,approved,False
TXN20240215007755,ACCT204649,MERCH300171,purchase,15.26,in_person,2024-02-15 16:27:09,approved,False
TXN20240215007756,ACCT201367,MERCH300104,transfer,118.97,web,2024-02-15 11:13:39,approved,False
TXN20240215007757,ACCT201127,MERCH300166,purchase,137.64,web,2024-02-15 19:05:23,approved,False
TXN20240215007758,ACCT206361,MERCH300118,purchase,4.16,mobile,2024-02-15 20:17:16,approved,False
TXN20240215007759,ACCT200773,MERCH300182,purchase,185.69,in_person,2024-02-15 21:38:16,approved,False
TXN20240215007760,ACCT202351,MERCH300244,purchase,21.17,in_person,2024-02-15 01:44:24,approved,False
TXN20240215007761,ACCT201824,MERCH300120,purchase,38.35,in_person,2024-02-15 06:43:40,approved,False
TXN20240215007762,ACCT203793,MERCH300243,purchase,5.41,web,2024-02-15 23:02:44,approved,False
TXN20240215007763,ACCT205788,MERCH300132,deposit,15.71,in_person,2024-02-15 16:03:43,approved,False
TXN20240215007764,ACCT202605,MERCH300111,purchase,57.55,in_person,2024-02-15 05:26:10,approved,False
TXN20240215007765,ACCT200432,MERCH300069,purchase,9.27,web,2024-02-15 19:48:22,approved,False
TXN20240215007766,ACCT203083,MERCH300124,purchase,22.77,atm,2024-02-15 04:06:15,declined,False
TXN20240215007767,ACCT203414,MERCH300166,transfer,83.34,atm,2024-02-15 16:00:05,approved,False
TXN20240215007768,ACCT204289,MERCH300272,purchase,47.57,web,2024-02-15 16:41:42,approved,False
TXN20240215007769,ACCT204528,MERCH300101,transfer,47.99,in_person,2024-02-15 09:50:19,approved,False
TXN20240215007770,ACCT202682,MERCH300092,purchase,306.42,web,2024-02-15 21:43:51,approved,False
TXN20240215007771,ACCT203944,MERCH300273,purchase,15.5,atm,2024-02-15 20:53:48,approved,False
TXN20240215007772,ACCT200040,MERCH300145,purchase,131.96,mobile,2024-02-15 03:32:39,approved,False
TXN20240215007773,ACCT206433,MERCH300201,purchase,22.73,web,2024-02-15 01:29:16,approved,False
TXN20240215007774,ACCT202241,MERCH300119,deposit,17.24,mobile,2024-02-15 06:37:02,approved,False
TXN20240215007775,ACCT204117,MERCH300267,purchase,17.14,mobile,2024-02-15 13:53:09,approved,False
TXN20240215007776,ACCT202801,MERCH300236,transfer,24.44,mobile,2024-02-15 07:37:23,approved,False
TXN20240215007777,ACCT204255,MERCH300144,purchase,63.86,web,2024-02-15 16:16:12,approved,False
TXN20240215007778,ACCT200088,MERCH300166,withdrawal,53.94,in_person,2024-02-15 17:59:59,approved,False
TXN20240215007779,ACCT201691,MERCH300018,purchase,81.84,mobile,2024-02-15 02:51:20,approved,False
TXN20240215007780,ACCT201970,MERCH300277,purchase,61.71,atm,2024-02-15 00:10:26,approved,False
TXN20240215007781,ACCT206468,MERCH300235,purchase,153.93,in_person,2024-02-15 01:00:29,approved,False
TXN20240215007782,ACCT203111,MERCH300074,purchase,71.04,mobile,2024-02-15 08:55:25,approved,False
TXN20240215007783,ACCT205050,MERCH300048,transfer,64.25,web,2024-02-15 21:11:50,approved,False
TXN20240215007784,ACCT205553,MERCH300247,purchase,208.05,in_person,2024-02-15 22:57:48,approved,False
TXN20240215007785,ACCT205544,MERCH300176,purchase,11.85,in_person,2024-02-15 04:20:51,approved,False
TXN20240215007786,ACCT205770,MERCH300282,purchase,54.07,web,2024-02-15 12:40:32,approved,False
TXN20240215007787,ACCT204485,MERCH300134,transfer,133.95,in_person,2024-02-15 04:11:24,approved,False
TXN20240215007788,ACCT200166,MERCH300194,purchase,13.9,in_person,2024-02-15 18:06:56,approved,False
TXN20240215007789,ACCT203103,MERCH300013,transfer,56.41,mobile,2024-02-15 15:15:55,approved,False
TXN20240215007790,ACCT206256,MERCH300183,transfer,62.6,web,2024-02-15 04:27:26,approved,False
TXN20240215007791,ACCT204840,MERCH300248,purchase,68.53,web,2024-02-15 17:23:30,approved,False
TXN20240215007792,ACCT204196,MERCH300135,purchase,15.18,in_person,2024-02-15 02:27:06,approved,False
TXN20240215007793,ACCT205685,MERCH300035,purchase,41.2,in_person,2024-02-15 14:36:39,approved,False
TXN20240215007794,ACCT202984,MERCH300004,purchase,24.96,web,2024-02-15 06:36:50,approved,False
TXN20240215007795,ACCT206151,MERCH300101,transfer,95.43,mobile,2024-02-15 02:02:08,approved,False
TXN20240215007796,ACCT200347,MERCH300293,purchase,11.43,mobile,2024-02-15 14:57:15,approved,False
TXN20240215007797,ACCT205542,MERCH300016,purchase,93.42,in_person,2024-02-15 14:53:17,approved,False
TXN20240215007798,ACCT201069,MERCH300136,purchase,41.09,web,2024-02-15 15:15:53,approved,False
TXN20240215007799,ACCT202089,MERCH300209,purchase,126.47,in_person,2024-02-15 13:15:05,approved,False
TXN20240215007800,ACCT200987,MERCH300277,purchase,92.88,in_person,2024-02-15 12:43:06,approved,False
TXN20240215007801,ACCT201002,MERCH300229,purchase,301.47,in_person,2024-02-15 20:19:32,approved,False
TXN20240215007802,ACCT204050,MERCH300102,purchase,39.91,in_person,2024-02-15 17:54:49,approved,False
TXN20240215007803,ACCT202623,MERCH300149,purchase,100.97,in_person,2024-02-15 12:43:10,approved,False
TXN20240215007804,ACCT201338,MERCH300140,purchase,21.66,in_person,2024-02-15 04:54:01,approved,False
TXN20240215007805,ACCT204162,MERCH300009,purchase,37.26,mobile,2024-02-15 06:23:57,approved,False
TXN20240215007806,ACCT205687,MERCH300293,withdrawal,26.02,web,2024-02-15 12:14:11,approved,False
TXN20240215007807,ACCT204673,MERCH300286,purchase,33.15,in_person,2024-02-15 10:01:40,approved,False
TXN20240215007808,ACCT204896,MERCH300264,transfer,26.17,in_person,2024-02-15 21:16:12,approved,False
TXN20240215007809,ACCT200094,MERCH300174,purchase,74.13,in_person,2024-02-15 04:11:13,approved,False
TXN20240215007810,ACCT203947,MERCH300017,purchase,17.9,atm,2024-02-15 15:51:34,approved,False
TXN20240215007811,ACCT202928,MERCH300160,purchase,75.38,atm,2024-02-15 06:33:02,approved,False
TXN20240215007812,ACCT206187,MERCH300270,transfer,13.37,web,2024-02-15 07:45:28,approved,False
TXN20240215007813,ACCT202406,MERCH300228,purchase,48.31,mobile,2024-02-15 00:15:47,approved,False
TXN20240215007814,ACCT204328,MERCH300106,purchase,97.16,in_person,2024-02-15 21:44:35,approved,False
TXN20240215007815,ACCT200747,MERCH300054,deposit,13.78,mobile,2024-02-15 05:19:45,approved,False
TXN20240215007816,ACCT203881,MERCH300266,purchase,119.96,web,2024-02-15 07:14:24,approved,False
TXN20240215007817,ACCT202619,MERCH300264,transfer,27.57,in_person,2024-02-15 20:37:23,approved,False
TXN20240215007818,ACCT203774,MERCH300295,purchase,18.04,web,2024-02-15 10:37:21,approved,False
TXN20240215007819,ACCT206182,MERCH300049,purchase,19.32,mobile,2024-02-15 04:53:38,approved,False
TXN20240215007820,ACCT204436,MERCH300192,transfer,47.73,in_person,2024-02-15 01:30:32,approved,False
TXN20240215007821,ACCT206375,MERCH300064,purchase,71.2,mobile,2024-02-15 17:35:08,approved,False
TXN20240215007822,ACCT205446,MERCH300200,purchase,28.72,in_person,2024-02-15 16:39:52,approved,False
TXN20240215007823,ACCT205844,MERCH300261,purchase,124.65,mobile,2024-02-15 22:50:19,approved,False
TXN20240215007824,ACCT204095,MERCH300041,purchase,69.03,web,2024-02-15 21:46:30,approved,False
TXN20240215007825,ACCT201020,MERCH300232,purchase,84.19,in_person,2024-02-15 03:58:28,approved,False
TXN20240215007826,ACCT205617,MERCH300013,purchase,77.23,in_person,2024-02-15 16:03:50,approved,False
TXN20240215007827,ACCT203534,MERCH300273,purchase,2.43,in_person,2024-02-15 02:03:46,approved,False
TXN20240215007828,ACCT202500,MERCH300155,transfer,25.95,in_person,2024-02-15 21:11:04,approved,False
TXN20240215007829,ACCT203853,MERCH300034,withdrawal,115.62,in_person,2024-02-15 23:19:54,approved,False
TXN20240215007830,ACCT201388,MERCH300240,purchase,38.81,mobile,2024-02-15 00:38:47,approved,False
TXN20240215007831,ACCT205200,MERCH300239,purchase,28.03,in_person,2024-02-15 00:52:05,approved,False
TXN20240215007832,ACCT201185,MERCH300134,purchase,75.2,in_person,2024-02-15 06:43:38,approved,False
TXN20240215007833,ACCT200694,MERCH300125,purchase,31.17,web,2024-02-15 11:30:48,approved,False
TXN20240215007834,ACCT201231,MERCH300011,withdrawal,18.94,in_person,2024-02-15 22:54:10,approved,False
TXN20240215007835,ACCT200453,MERCH300268,purchase,21.09,atm,2024-02-15 14:01:46,approved,False
TXN20240215007836,ACCT200169,MERCH300173,transfer,14.72,in_person,2024-02-15 06:31:06,approved,False
TXN20240215007837,ACCT205696,MERCH300294,purchase,80.99,atm,2024-02-15 00:43:24,approved,False
TXN20240215007838,ACCT201612,MERCH300263,purchase,9.56,web,2024-02-15 17:17:46,approved,False
TXN20240215007839,ACCT202560,MERCH300019,transfer,43.12,web,2024-02-15 16:41:25,approved,False
TXN20240215007840,ACCT200728,MERCH300037,purchase,120.05,web,2024-02-15 22:48:44,approved,False
TXN20240215007841,ACCT202373,MERCH300060,purchase,33.73,in_person,2024-02-15 07:38:56,approved,False
TXN20240215007842,ACCT205946,MERCH300090,deposit,59.33,mobile,2024-02-15 17:37:16,approved,False
TXN20240215007843,ACCT202987,MERCH300094,purchase,83.83,in_person,2024-02-15 06:06:26,approved,False
TXN20240215007844,ACCT200230,MERCH300132,purchase,68.53,mobile,2024-02-15 22:45:44,approved,False
TXN20240215007845,ACCT202554,MERCH300056,transfer,25.93,web,2024-02-15 15:11:04,approved,False
TXN20240215007846,ACCT202285,MERCH300190,purchase,7.76,web,2024-02-15 19:35:37,approved,False
TXN20240215007847,ACCT205289,MERCH300149,purchase,176.52,mobile,2024-02-15 13:04:17,approved,False
TXN20240215007848,ACCT202810,MERCH300033,transfer,59.85,mobile,2024-02-15 06:56:03,approved,False
TXN20240215007849,ACCT204063,MERCH300174,purchase,101.81,mobile,2024-02-15 03:19:04,approved,False
TXN20240215007850,ACCT203822,MERCH300128,purchase,28.12,in_person,2024-02-15 18:04:14,approved,False
TXN20240215007851,ACCT204874,MERCH300057,transfer,27.37,in_person,2024-02-15 00:09:48,approved,False
TXN20240215007852,ACCT201447,MERCH300034,purchase,23.88,mobile,2024-02-15 20:55:39,approved,False
TXN20240215007853,ACCT205615,MERCH300275,deposit,46.02,web,2024-02-15 19:05:28,approved,False
TXN20240215007854,ACCT202330,MERCH300050,purchase,36.86,atm,2024-02-15 04:06:52,approved,False
TXN20240215007855,ACCT201036,MERCH300044,purchase,11.69,mobile,2024-02-15 20:57:38,approved,False
TXN20240215007856,ACCT200833,MERCH300149,purchase,21.73,web,2024-02-15 21:31:13,approved,False
TXN20240215007857,ACCT202167,MERCH300284,purchase,173.41,in_person,2024-02-15 13:17:48,approved,False
TXN20240215007858,ACCT205380,MERCH300090,transfer,17.99,web,2024-02-15 03:25:18,approved,True
TXN20240215007859,ACCT200559,MERCH300087,purchase,26.59,in_person,2024-02-15 05:42:43,approved,False
TXN20240215007860,ACCT205212,MERCH300133,withdrawal,157.82,web,2024-02-15 15:29:24,approved,False
TXN20240215007861,ACCT200029,MERCH300112,transfer,33.82,atm,2024-02-15 17:35:11,approved,False
TXN20240215007862,ACCT201127,MERCH300044,deposit,42.43,web,2024-02-15 03:28:41,approved,True
TXN20240215007863,ACCT200159,MERCH300016,purchase,53.87,mobile,2024-02-15 17:21:27,approved,False
TXN20240215007864,ACCT203354,MERCH300083,deposit,97.29,web,2024-02-15 02:29:27,approved,False
TXN20240215007865,ACCT202982,MERCH300225,purchase,18.0,web,2024-02-15 17:54:32,approved,False
TXN20240215007866,ACCT205677,MERCH300021,purchase,36.95,mobile,2024-02-15 02:53:18,approved,False
TXN20240215007867,ACCT204276,MERCH300100,purchase,13.45,mobile,2024-02-15 03:35:09,approved,False
TXN20240215007868,ACCT201519,MERCH300001,purchase,73.35,web,2024-02-15 22:44:37,approved,False
TXN20240215007869,ACCT203916,MERCH300040,transfer,76.76,web,2024-02-15 05:44:42,approved,False
TXN20240215007870,ACCT205962,MERCH300289,deposit,23.04,mobile,2024-02-15 02:42:29,approved,False
TXN20240215007871,ACCT200928,MERCH300238,transfer,226.74,atm,2024-02-15 06:51:09,approved,False
TXN20240215007872,ACCT204721,MERCH300113,purchase,38.52,mobile,2024-02-15 22:47:41,approved,False
TXN20240215007873,ACCT205050,MERCH300295,purchase,108.35,mobile,2024-02-15 16:21:48,approved,False
TXN20240215007874,ACCT200945,MERCH300271,purchase,38.04,mobile,2024-02-15 18:48:38,declined,False
TXN20240215007875,ACCT206387,MERCH300064,transfer,39.4,mobile,2024-02-15 20:58:20,approved,False
TXN20240215007876,ACCT200676,MERCH300069,transfer,68.96,in_person,2024-02-15 10:21:12,approved,False
TXN20240215007877,ACCT205779,MERCH300065,purchase,163.36,atm,2024-02-15 15:07:01,approved,False
TXN20240215007878,ACCT205949,MERCH300033,purchase,114.18,in_person,2024-02-15 06:46:25,approved,False
TXN20240215007879,ACCT201935,MERCH300019,purchase,41.58,atm,2024-02-15 13:03:32,approved,False
TXN20240215007880,ACCT202410,MERCH300166,purchase,24.83,in_person,2024-02-15 02:09:45,approved,False
TXN20240215007881,ACCT203288,MERCH300126,purchase,156.66,in_person,2024-02-15 09:26:11,approved,False
TXN20240215007882,ACCT200934,MERCH300209,purchase,107.73,mobile,2024-02-15 12:22:40,declined,False
TXN20240215007883,ACCT201130,MERCH300024,purchase,93.06,web,2024-02-15 19:00:50,approved,False
TXN20240215007884,ACCT204354,MERCH300294,purchase,18.95,mobile,2024-02-15 17:57:37,approved,False
TXN20240215007885,ACCT205913,MERCH300202,deposit,55.3,in_person,2024-02-15 12:55:33,approved,False
TXN20240215007886,ACCT205274,MERCH300023,transfer,9.13,in_person,2024-02-15 18:22:16,approved,False
TXN20240215007887,ACCT201134,MERCH300072,withdrawal,25.39,atm,2024-02-15 22:25:19,approved,False
TXN20240215007888,ACCT204856,MERCH300086,purchase,230.95,in_person,2024-02-15 03:49:19,declined,False
TXN20240215007889,ACCT204327,MERCH300266,deposit,38.42,in_person,2024-02-15 01:28:13,approved,False
TXN20240215007890,ACCT202865,MERCH300244,purchase,20.28,atm,2024-02-15 09:16:01,approved,False
TXN20240215007891,ACCT201012,MERCH300091,purchase,25.82,web,2024-02-15 06:58:41,approved,False
TXN20240215007892,ACCT201897,MERCH300094,purchase,51.06,web,2024-02-15 18:46:35,approved,False
TXN20240215007893,ACCT200486,MERCH300155,deposit,16.83,in_person,2024-02-15 11:34:36,approved,False
TXN20240215007894,ACCT200953,MERCH300044,purchase,25.06,in_person,2024-02-15 13:31:23,approved,False
TXN20240215007895,ACCT202892,MERCH300272,transfer,114.12,mobile,2024-02-15 13:57:55,approved,False
TXN20240215007896,ACCT200828,MERCH300085,purchase,16.61,mobile,2024-02-15 22:29:11,approved,False
TXN20240215007897,ACCT203274,MERCH300079,withdrawal,12.64,mobile,2024-02-15 02:56:12,approved,False
TXN20240215007898,ACCT203596,MERCH300183,purchase,105.24,in_person,2024-02-15 18:17:59,approved,False
TXN20240215007899,ACCT206135,MERCH300299,purchase,144.91,atm,2024-02-15 12:17:49,approved,False
TXN20240215007900,ACCT204102,MERCH300298,withdrawal,34.2,mobile,2024-02-15 14:20:56,approved,False
TXN20240215007901,ACCT201487,MERCH300165,purchase,38.94,mobile,2024-02-15 03:57:58,approved,False
TXN20240215007902,ACCT205076,MERCH300073,purchase,35.0,web,2024-02-15 05:27:03,approved,False
TXN20240215007903,ACCT201647,MERCH300046,purchase,54.89,atm,2024-02-15 12:36:15,approved,False
TXN20240215007904,ACCT201892,MERCH300208,transfer,35.27,mobile,2024-02-15 02:12:33,declined,False
TXN20240215007905,ACCT206232,MERCH300213,transfer,37.01,atm,2024-02-15 02:34:57,approved,False
TXN20240215007906,ACCT204491,MERCH300151,purchase,85.93,in_person,2024-02-15 23:41:38,approved,False
TXN20240215007907,ACCT200583,MERCH300290,purchase,37.86,mobile,2024-02-15 11:23:52,approved,False
TXN20240215007908,ACCT204554,MERCH300256,purchase,55.66,in_person,2024-02-15 22:35:24,approved,False
TXN20240215007909,ACCT202246,MERCH300245,deposit,42.54,mobile,2024-02-15 06:39:28,approved,False
TXN20240215007910,ACCT201492,MERCH300187,withdrawal,23.76,web,2024-02-15 19:02:11,approved,False
TXN20240215007911,ACCT200106,MERCH300278,purchase,2.61,web,2024-02-15 18:51:25,approved,False
TXN20240215007912,ACCT204943,MERCH300098,purchase,62.06,web,2024-02-15 01:10:19,approved,False
TXN20240215007913,ACCT202955,MERCH300159,purchase,25.14,web,2024-02-15 16:26:10,approved,False
TXN20240215007914,ACCT204064,MERCH300253,withdrawal,24.85,web,2024-02-15 18:07:57,approved,False
TXN20240215007915,ACCT202572,MERCH300266,purchase,259.94,in_person,2024-02-15 16:44:40,reversed,False
TXN20240215007916,ACCT206224,MERCH300285,purchase,38.77,in_person,2024-02-15 16:10:59,approved,True
TXN20240215007917,ACCT201811,MERCH300080,transfer,163.53,mobile,2024-02-15 12:02:39,approved,False
TXN20240215007918,ACCT205922,MERCH300174,purchase,7.36,in_person,2024-02-15 07:37:32,approved,False
TXN20240215007919,ACCT202025,MERCH300290,purchase,42.14,in_person,2024-02-15 20:06:18,approved,False
TXN20240215007920,ACCT202936,MERCH300111,purchase,55.61,web,2024-02-15 01:13:39,approved,False
TXN20240215007921,ACCT203484,MERCH300016,deposit,10.89,web,2024-02-15 03:28:28,approved,False
TXN20240215007922,ACCT204403,MERCH300007,deposit,197.72,in_person,2024-02-15 20:54:08,approved,False
TXN20240215007923,ACCT203820,MERCH300297,deposit,37.73,web,2024-02-15 20:59:31,approved,False
TXN20240215007924,ACCT204671,MERCH300264,purchase,38.95,mobile,2024-02-15 10:00:46,approved,False
TXN20240215007925,ACCT205867,MERCH300074,transfer,28.64,web,2024-02-15 23:49:55,approved,False
TXN20240215007926,ACCT201811,MERCH300022,purchase,181.57,mobile,2024-02-15 18:43:07,approved,False
TXN20240215007927,ACCT202659,MERCH300164,deposit,91.35,web,2024-02-15 07:44:34,approved,False
TXN20240215007928,ACCT204613,MERCH300060,purchase,114.69,mobile,2024-02-15 16:33:10,approved,False
TXN20240215007929,ACCT202993,MERCH300257,purchase,41.84,web,2024-02-15 08:01:06,approved,False
TXN20240215007930,ACCT205088,MERCH300173,purchase,20.46,mobile,2024-02-15 19:39:16,approved,False
TXN20240215007931,ACCT202822,MERCH300072,purchase,76.56,atm,2024-02-15 21:16:25,approved,False
TXN20240215007932,ACCT200015,MERCH300234,withdrawal,41.49,mobile,2024-02-15 07:27:56,approved,False
TXN20240215007933,ACCT203216,MERCH300252,purchase,160.4,in_person,2024-02-15 03:53:36,approved,False
TXN20240215007934,ACCT201026,MERCH300100,purchase,52.95,mobile,2024-02-15 18:51:05,approved,False
TXN20240215007935,ACCT205364,MERCH300155,transfer,67.28,web,2024-02-15 09:03:46,approved,False
TXN20240215007936,ACCT202875,MERCH300278,purchase,24.15,in_person,2024-02-15 21:32:33,approved,False
TXN20240215007937,ACCT203375,MERCH300146,transfer,111.37,mobile,2024-02-15 15:52:31,approved,False
TXN20240215007938,ACCT205042,MERCH300082,deposit,169.05,mobile,2024-02-15 18:26:58,approved,False
TXN20240215007939,ACCT202900,MERCH300019,purchase,46.43,in_person,2024-02-15 11:23:07,approved,False
TXN20240215007940,ACCT202331,MERCH300092,transfer,42.14,web,2024-02-15 13:49:17,declined,False
TXN20240215007941,ACCT206088,MERCH300082,purchase,16.85,mobile,2024-02-15 17:49:29,approved,False
TXN20240215007942,ACCT201142,MERCH300278,purchase,49.66,web,2024-02-15 22:34:02,approved,False
TXN20240215007943,ACCT200938,MERCH300208,purchase,30.53,mobile,2024-02-15 14:17:42,approved,False
TXN20240215007944,ACCT202743,MERCH300279,transfer,14.82,in_person,2024-02-15 00:41:56,approved,False
TXN20240215007945,ACCT200309,MERCH300233,purchase,39.68,in_person,2024-02-15 17:45:33,approved,False
TXN20240215007946,ACCT205238,MERCH300197,purchase,21.05,web,2024-02-15 19:57:41,approved,False
TXN20240215007947,ACCT201847,MERCH300188,withdrawal,14.89,in_person,2024-02-15 15:49:04,approved,False
TXN20240215007948,ACCT206138,MERCH300285,purchase,48.12,atm,2024-02-15 18:22:48,approved,False
TXN20240215007949,ACCT202531,MERCH300043,purchase,102.15,web,2024-02-15 01:14:11,declined,False
TXN20240215007950,ACCT205298,MERCH300231,purchase,34.33,web,2024-02-15 04:36:55,approved,False
TXN20240215007951,ACCT201154,MERCH300173,purchase,33.78,in_person,2024-02-15 02:53:58,approved,False
TXN20240215007952,ACCT201623,MERCH300115,purchase,9.36,mobile,2024-02-15 23:08:54,approved,False
TXN20240215007953,ACCT205349,MERCH300014,purchase,63.11,in_person,2024-02-15 20:34:55,approved,False
TXN20240215007954,ACCT200059,MERCH300296,purchase,20.66,mobile,2024-02-15 07:21:19,approved,False
TXN20240215007955,ACCT206081,MERCH300129,purchase,112.34,atm,2024-02-15 08:15:44,declined,False
TXN20240215007956,ACCT205291,MERCH300011,purchase,6.2,atm,2024-02-15 07:04:32,approved,False
TXN20240215007957,ACCT204440,MERCH300252,transfer,60.54,web,2024-02-15 10:31:44,approved,False
TXN20240215007958,ACCT200963,MERCH300083,deposit,27.34,mobile,2024-02-15 00:40:51,approved,False
TXN20240215007959,ACCT204386,MERCH300187,purchase,10.34,web,2024-02-15 06:13:34,approved,False
TXN20240215007960,ACCT202549,MERCH300161,purchase,36.46,in_person,2024-02-15 20:11:11,approved,False
TXN20240215007961,ACCT200053,MERCH300018,transfer,35.04,mobile,2024-02-15 05:29:09,approved,False
TXN20240215007962,ACCT205168,MERCH300223,deposit,35.89,mobile,2024-02-15 07:11:23,approved,False
TXN20240215007963,ACCT205665,MERCH300167,purchase,45.74,mobile,2024-02-15 15:21:40,approved,False
TXN20240215007964,ACCT205481,MERCH300209,withdrawal,15.88,in_person,2024-02-15 04:05:04,approved,False
TXN20240215007965,ACCT202776,MERCH300275,withdrawal,22.34,in_person,2024-02-15 02:57:52,approved,False
TXN20240215007966,ACCT202455,MERCH300219,purchase,74.71,atm,2024-02-15 05:27:48,approved,False
TXN20240215007967,ACCT202222,MERCH300085,deposit,8.17,mobile,2024-02-15 12:51:01,approved,False
TXN20240215007968,ACCT205004,MERCH300258,purchase,35.18,atm,2024-02-15 13:33:22,approved,False
TXN20240215007969,ACCT202538,MERCH300154,purchase,30.29,web,2024-02-15 02:54:40,approved,False
TXN20240215007970,ACCT204980,MERCH300209,deposit,17.84,in_person,2024-02-15 15:04:36,approved,False
TXN20240215007971,ACCT204669,MERCH300198,deposit,30.9,in_person,2024-02-15 02:32:58,approved,False
TXN20240215007972,ACCT200677,MERCH300099,purchase,23.8,web,2024-02-15 06:27:23,approved,False
TXN20240215007973,ACCT205339,MERCH300266,purchase,14.94,mobile,2024-02-15 20:58:50,approved,False
TXN20240215007974,ACCT202198,MERCH300018,purchase,105.79,in_person,2024-02-15 01:26:21,approved,False
TXN20240215007975,ACCT202869,MERCH300181,withdrawal,63.54,in_person,2024-02-15 18:07:21,approved,False
TXN20240215007976,ACCT204599,MERCH300210,purchase,67.22,atm,2024-02-15 14:54:48,approved,False
TXN20240215007977,ACCT205029,MERCH300149,purchase,22.61,web,2024-02-15 07:48:08,approved,False
TXN20240215007978,ACCT202666,MERCH300162,transfer,16.66,web,2024-02-15 02:53:01,approved,False
TXN20240215007979,ACCT203442,MERCH300007,purchase,58.76,mobile,2024-02-15 02:27:40,approved,False
TXN20240215007980,ACCT200009,MERCH300175,transfer,126.07,mobile,2024-02-15 07:42:00,approved,False
TXN20240215007981,ACCT201142,MERCH300216,deposit,197.09,in_person,2024-02-15 14:03:32,approved,False
TXN20240215007982,ACCT201700,MERCH300169,transfer,172.88,atm,2024-02-15 17:00:49,approved,False
TXN20240215007983,ACCT204165,MERCH300055,purchase,17.16,atm,2024-02-15 11:11:39,approved,False
TXN20240215007984,ACCT205127,MERCH300287,purchase,28.1,web,2024-02-15 23:38:21,approved,False
TXN20240215007985,ACCT201924,MERCH300011,transfer,72.29,atm,2024-02-15 01:13:27,approved,False
TXN20240215007986,ACCT204062,MERCH300203,deposit,50.54,web,2024-02-15 17:13:32,approved,False
TXN20240215007987,ACCT204992,MERCH300148,purchase,89.33,web,2024-02-15 16:49:35,approved,False
TXN20240215007988,ACCT204241,MERCH300111,purchase,70.34,mobile,2024-02-15 20:15:18,approved,False
TXN20240215007989,ACCT204132,MERCH300170,purchase,19.11,web,2024-02-15 23:55:20,approved,False
TXN20240215007990,ACCT203233,MERCH300033,deposit,36.67,in_person,2024-02-15 19:40:48,approved,False
TXN20240215007991,ACCT205631,MERCH300087,transfer,22.0,mobile,2024-02-15 03:19:13,approved,False
TXN20240215007992,ACCT206419,MERCH300228,transfer,11.59,in_person,2024-02-15 02:51:04,approved,False
TXN20240215007993,ACCT202285,MERCH300155,purchase,18.9,web,2024-02-15 05:15:48,approved,False
TXN20240215007994,ACCT200629,MERCH300002,purchase,129.74,in_person,2024-02-15 08:59:24,declined,False
TXN20240215007995,ACCT202234,MERCH300156,purchase,45.13,in_person,2024-02-15 15:04:06,approved,False
TXN20240215007996,ACCT200341,MERCH300283,purchase,5.42,web,2024-02-15 20:03:43,approved,False
TXN20240215007997,ACCT201208,MERCH300016,purchase,40.65,web,2024-02-15 02:42:16,approved,False
TXN20240215007998,ACCT200446,MERCH300008,transfer,9.11,atm,2024-02-15 09:53:51,approved,False
TXN20240215007999,ACCT202012,MERCH300253,transfer,27.52,web,2024-02-15 22:34:26,approved,False
TXN20240215008000,ACCT205584,MERCH300097,transfer,12.84,web,2024-02-15 18:54:23,approved,False
TXN20240215008001,ACCT205822,MERCH300204,purchase,27.23,web,2024-02-15 01:32:36,approved,False
TXN20240215008002,ACCT202826,MERCH300011,transfer,131.19,atm,2024-02-15 23:31:17,approved,False
TXN20240215008003,ACCT202038,MERCH300261,purchase,121.52,web,2024-02-15 00:17:20,approved,False
TXN20240215008004,ACCT205325,MERCH300090,purchase,51.01,mobile,2024-02-15 16:35:04,approved,False
TXN20240215008005,ACCT204928,MERCH300153,purchase,39.1,in_person,2024-02-15 04:42:31,approved,False
TXN20240215008006,ACCT203163,MERCH300165,purchase,35.34,in_person,2024-02-15 18:56:48,approved,False
TXN20240215008007,ACCT200689,MERCH300133,transfer,44.29,web,2024-02-15 21:55:09,approved,False
TXN20240215008008,ACCT201714,MERCH300025,purchase,33.07,atm,2024-02-15 02:03:05,approved,False
TXN20240215008009,ACCT202211,MERCH300180,transfer,48.22,web,2024-02-15 14:22:46,approved,False
TXN20240215008010,ACCT205052,MERCH300083,transfer,100.42,in_person,2024-02-15 12:42:10,approved,False
TXN20240215008011,ACCT206286,MERCH300223,purchase,32.22,in_person,2024-02-15 16:27:03,declined,False
TXN20240215008012,ACCT202712,MERCH300064,transfer,40.31,web,2024-02-15 21:24:05,approved,False
TXN20240215008013,ACCT205335,MERCH300286,purchase,45.26,mobile,2024-02-15 05:55:10,approved,False
TXN20240215008014,ACCT201002,MERCH300075,purchase,156.06,web,2024-02-15 15:09:28,approved,False
TXN20240215008015,ACCT202322,MERCH300054,purchase,32.2,mobile,2024-02-15 05:30:20,approved,False
TXN20240215008016,ACCT204607,MERCH300282,purchase,15.08,web,2024-02-15 11:53:47,approved,False
TXN20240215008017,ACCT205497,MERCH300010,purchase,65.35,web,2024-02-15 14:14:51,approved,False
TXN20240215008018,ACCT200497,MERCH300276,purchase,41.14,web,2024-02-15 08:23:28,approved,False
TXN20240215008019,ACCT201603,MERCH300067,purchase,28.3,mobile,2024-02-15 17:20:33,approved,False
TXN20240215008020,ACCT202237,MERCH300046,purchase,31.62,in_person,2024-02-15 21:50:22,approved,False
TXN20240215008021,ACCT203234,MERCH300265,purchase,88.95,web,2024-02-15 04:59:22,approved,False
TXN20240215008022,ACCT205633,MERCH300168,purchase,54.91,in_person,2024-02-15 18:23:45,approved,False
TXN20240215008023,ACCT203207,MERCH300242,deposit,64.43,in_person,2024-02-15 12:33:47,approved,False
TXN20240215008024,ACCT203450,MERCH300117,purchase,34.4,web,2024-02-15 17:41:08,approved,False
TXN20240215008025,ACCT203285,MERCH300005,purchase,24.08,web,2024-02-15 14:17:46,approved,False
TXN20240215008026,ACCT200060,MERCH300128,deposit,81.03,atm,2024-02-15 00:33:26,approved,False
TXN20240215008027,ACCT202076,MERCH300250,withdrawal,16.87,web,2024-02-15 16:49:39,approved,False
TXN20240215008028,ACCT201068,MERCH300232,purchase,241.22,mobile,2024-02-15 11:28:59,approved,False
TXN20240215008029,ACCT205976,MERCH300066,purchase,226.84,in_person,2024-02-15 00:03:56,approved,False
TXN20240215008030,ACCT203354,MERCH300021,purchase,48.11,web,2024-02-15 09:12:05,approved,False
TXN20240215008031,ACCT205409,MERCH300264,purchase,40.51,in_person,2024-02-15 13:20:50,approved,False
TXN20240215008032,ACCT203829,MERCH300149,transfer,57.46,in_person,2024-02-15 18:51:03,approved,False
TXN20240215008033,ACCT203037,MERCH300200,purchase,29.83,mobile,2024-02-15 20:10:53,approved,False
TXN20240215008034,ACCT206114,MERCH300234,purchase,100.54,in_person,2024-02-15 10:51:25,approved,False
TXN20240215008035,ACCT203141,MERCH300283,purchase,20.98,mobile,2024-02-15 07:21:13,approved,False
TXN20240215008036,ACCT205889,MERCH300208,purchase,39.92,in_person,2024-02-15 00:22:23,reversed,False
TXN20240215008037,ACCT204624,MERCH300256,purchase,43.53,web,2024-02-15 03:38:14,approved,False
TXN20240215008038,ACCT201101,MERCH300066,purchase,86.57,mobile,2024-02-15 10:59:24,approved,False
TXN20240215008039,ACCT203279,MERCH300135,deposit,114.62,mobile,2024-02-15 20:34:15,approved,False
TXN20240215008040,ACCT205850,MERCH300215,purchase,49.81,in_person,2024-02-15 11:29:11,approved,False
TXN20240215008041,ACCT201842,MERCH300208,purchase,14.45,in_person,2024-02-15 23:00:03,approved,False
TXN20240215008042,ACCT206332,MERCH300155,transfer,24.92,mobile,2024-02-15 21:37:35,approved,False
TXN20240215008043,ACCT205040,MERCH300192,transfer,59.04,mobile,2024-02-15 06:38:07,declined,False
TXN20240215008044,ACCT201501,MERCH300229,purchase,15.24,mobile,2024-02-15 17:27:09,approved,False
TXN20240215008045,ACCT205187,MERCH300128,purchase,10.94,web,2024-02-15 05:47:17,approved,False
TXN20240215008046,ACCT205524,MERCH300151,purchase,16.92,web,2024-02-15 12:20:34,approved,False
TXN20240215008047,ACCT204212,MERCH300197,purchase,40.85,in_person,2024-02-15 01:28:12,approved,False
TXN20240215008048,ACCT201020,MERCH300199,purchase,20.62,mobile,2024-02-15 10:59:19,approved,False
TXN20240215008049,ACCT201568,MERCH300158,purchase,34.67,mobile,2024-02-15 14:35:14,declined,False
TXN20240215008050,ACCT205685,MERCH300052,deposit,30.16,web,2024-02-15 07:46:17,approved,False
TXN20240215008051,ACCT205813,MERCH300224,purchase,72.74,in_person,2024-02-15 07:29:42,approved,False
TXN20240215008052,ACCT200742,MERCH300255,purchase,43.21,mobile,2024-02-15 23:08:49,declined,False
TXN20240215008053,ACCT205548,MERCH300049,withdrawal,42.53,web,2024-02-15 20:01:29,approved,False
TXN20240215008054,ACCT206366,MERCH300253,purchase,111.05,web,2024-02-15 18:12:15,approved,False
TXN20240215008055,ACCT201507,MERCH300032,purchase,24.87,web,2024-02-15 16:15:46,approved,False
TXN20240215008056,ACCT200462,MERCH300124,purchase,31.55,mobile,2024-02-15 21:07:29,approved,False
TXN20240215008057,ACCT204394,MERCH300193,purchase,9.48,web,2024-02-15 11:12:54,approved,False
TXN20240215008058,ACCT200080,MERCH300280,purchase,42.37,mobile,2024-02-15 20:53:14,approved,False
TXN20240215008059,ACCT201786,MERCH300075,purchase,30.6,web,2024-02-15 20:58:21,approved,False
TXN20240215008060,ACCT206234,MERCH300152,purchase,11.78,web,2024-02-15 05:55:49,approved,False
TXN20240215008061,ACCT205720,MERCH300207,purchase,24.56,mobile,2024-02-15 14:06:57,approved,False
TXN20240215008062,ACCT202651,MERCH300199,purchase,20.51,in_person,2024-02-15 10:14:43,approved,False
TXN20240215008063,ACCT201751,MERCH300292,transfer,55.49,mobile,2024-02-15 00:55:52,approved,False
TXN20240215008064,ACCT204623,MERCH300128,transfer,52.8,in_person,2024-02-15 08:44:24,approved,False
TXN20240215008065,ACCT205948,MERCH300163,purchase,49.8,mobile,2024-02-15 19:00:25,approved,False
TXN20240215008066,ACCT203590,MERCH300156,withdrawal,120.78,mobile,2024-02-15 13:38:51,declined,False
TXN20240215008067,ACCT203000,MERCH300054,purchase,68.55,atm,2024-02-15 12:20:09,approved,False
TXN20240215008068,ACCT203850,MERCH300123,purchase,35.64,mobile,2024-02-15 03:17:40,approved,False
TXN20240215008069,ACCT204698,MERCH300116,purchase,42.99,web,2024-02-15 11:39:30,declined,False
TXN20240215008070,ACCT204098,MERCH300140,purchase,51.54,web,2024-02-15 00:30:27,approved,False
TXN20240215008071,ACCT205071,MERCH300111,purchase,69.82,in_person,2024-02-15 14:03:53,approved,False
TXN20240215008072,ACCT204171,MERCH300254,transfer,18.1,in_person,2024-02-15 23:14:08,approved,False
TXN20240215008073,ACCT206083,MERCH300146,purchase,19.2,web,2024-02-15 02:10:39,approved,False
TXN20240215008074,ACCT205596,MERCH300000,withdrawal,26.59,in_person,2024-02-15 11:29:20,approved,False
TXN20240215008075,ACCT200875,MERCH300139,purchase,37.65,in_person,2024-02-15 13:02:26,approved,False
TXN20240215008076,ACCT205422,MERCH300075,transfer,7.84,atm,2024-02-15 23:16:34,approved,False
TXN20240215008077,ACCT200796,MERCH300219,purchase,58.3,in_person,2024-02-15 09:15:20,approved,False
TXN20240215008078,ACCT202695,MERCH300068,purchase,3.05,atm,2024-02-15 06:20:13,approved,False
TXN20240215008079,ACCT202432,MERCH300079,purchase,77.09,in_person,2024-02-15 13:21:24,approved,False
TXN20240215008080,ACCT204234,MERCH300188,purchase,32.14,in_person,2024-02-15 04:21:52,approved,False
TXN20240215008081,ACCT203706,MERCH300103,purchase,33.72,web,2024-02-15 04:10:19,approved,False
TXN20240215008082,ACCT202231,MERCH300272,purchase,72.49,in_person,2024-02-15 15:04:52,declined,False
TXN20240215008083,ACCT206120,MERCH300005,deposit,100.97,mobile,2024-02-15 02:57:21,approved,False
TXN20240215008084,ACCT202204,MERCH300222,transfer,61.71,web,2024-02-15 16:32:49,approved,False
TXN20240215008085,ACCT203985,MERCH300282,purchase,49.03,atm,2024-02-15 13:38:28,approved,False
TXN20240215008086,ACCT205686,MERCH300209,withdrawal,75.25,in_person,2024-02-15 20:44:08,approved,False
TXN20240215008087,ACCT205924,MERCH300012,withdrawal,99.49,mobile,2024-02-15 19:30:48,approved,False
TXN20240215008088,ACCT200147,MERCH300206,purchase,36.33,in_person,2024-02-15 00:54:15,approved,False
TXN20240215008089,ACCT205242,MERCH300092,deposit,19.17,in_person,2024-02-15 20:16:52,approved,False
TXN20240215008090,ACCT204015,MERCH300213,purchase,209.86,in_person,2024-02-15 23:44:28,approved,False
TXN20240215008091,ACCT205067,MERCH300257,purchase,17.71,mobile,2024-02-15 06:29:11,approved,False
TXN20240215008092,ACCT206420,MERCH300204,transfer,58.87,atm,2024-02-15 00:54:46,approved,False
TXN20240215008093,ACCT205896,MERCH300260,withdrawal,19.61,web,2024-02-15 00:25:46,approved,False
TXN20240215008094,ACCT205994,MERCH300026,purchase,31.78,mobile,2024-02-15 18:01:42,approved,False
TXN20240215008095,ACCT204386,MERCH300228,purchase,12.42,in_person,2024-02-15 17:42:10,approved,False
TXN20240215008096,ACCT201883,MERCH300006,deposit,30.81,mobile,2024-02-15 13:52:00,approved,False
TXN20240215008097,ACCT204653,MERCH300291,purchase,17.65,web,2024-02-15 21:24:59,approved,False
TXN20240215008098,ACCT203388,MERCH300212,purchase,24.41,in_person,2024-02-15 07:13:18,approved,False
TXN20240215008099,ACCT204771,MERCH300017,transfer,32.45,in_person,2024-02-15 05:52:23,approved,False
TXN20240215008100,ACCT200051,MERCH300187,deposit,78.95,web,2024-02-15 18:50:27,approved,False
TXN20240215008101,ACCT203510,MERCH300154,withdrawal,53.65,web,2024-02-15 16:09:00,approved,False
TXN20240215008102,ACCT204620,MERCH300018,purchase,15.86,mobile,2024-02-15 21:12:26,approved,False
TXN20240215008103,ACCT204579,MERCH300156,withdrawal,22.48,web,2024-02-15 13:27:25,reversed,False
TXN20240215008104,ACCT200833,MERCH300169,purchase,38.39,web,2024-02-15 22:39:08,approved,True
TXN20240215008105,ACCT200486,MERCH300244,purchase,17.83,web,2024-02-15 09:44:43,approved,False
TXN20240215008106,ACCT202614,MERCH300263,purchase,23.35,web,2024-02-15 15:53:34,approved,False
TXN20240215008107,ACCT204460,MERCH300244,transfer,18.15,in_person,2024-02-15 11:15:54,approved,False
TXN20240215008108,ACCT203907,MERCH300036,purchase,21.38,atm,2024-02-15 00:18:04,approved,False
TXN20240215008109,ACCT203076,MERCH300127,purchase,35.37,mobile,2024-02-15 07:42:44,approved,False
TXN20240215008110,ACCT203419,MERCH300229,deposit,18.88,in_person,2024-02-15 16:03:47,approved,False
TXN20240215008111,ACCT201377,MERCH300090,transfer,18.82,in_person,2024-02-15 04:16:53,approved,False
TXN20240215008112,ACCT202406,MERCH300100,transfer,50.56,atm,2024-02-15 02:20:35,approved,False
TXN20240215008113,ACCT205966,MERCH300117,purchase,7.29,in_person,2024-02-15 00:01:58,approved,False
TXN20240215008114,ACCT205277,MERCH300167,purchase,43.97,mobile,2024-02-15 09:13:29,approved,False
TXN20240215008115,ACCT202953,MERCH300047,transfer,25.92,atm,2024-02-15 02:58:16,approved,False
TXN20240215008116,ACCT200418,MERCH300252,purchase,35.6,mobile,2024-02-15 22:18:51,approved,False
TXN20240215008117,ACCT200679,MERCH300267,purchase,105.79,in_person,2024-02-15 17:34:29,approved,False
TXN20240215008118,ACCT206297,MERCH300226,purchase,91.77,mobile,2024-02-15 02:35:53,approved,False
TXN20240215008119,ACCT205376,MERCH300225,transfer,76.44,in_person,2024-02-15 05:48:12,approved,False
TXN20240215008120,ACCT206147,MERCH300242,purchase,86.41,in_person,2024-02-15 09:23:26,approved,False
