account_id,customer_id,account_type,status,open_date,close_date
ACCT200001,CUST100000,checking,active,2024-02-21,
ACCT200002,CUST100001,savings,active,2024-02-03,
ACCT200003,CUST100002,savings,closed,2024-11-10,2025-11-05
ACCT200004,CUST100002,checking,active,2024-05-17,
ACCT200005,CUST100002,savings,active,2023-02-11,
ACCT200006,CUST100003,checking,active,2024-03-26,
ACCT200007,CUST100003,checking,active,2024-09-06,
ACCT200008,CUST100003,checking,active,2023-10-24,
ACCT200009,CUST100004,credit,active,2023-09-16,
ACCT200010,CUST100004,checking,active,2024-07-30,
ACCT200011,CUST100004,savings,active,2023-10-26,
ACCT200012,CUST100005,checking,active,2024-02-05,
ACCT200013,CUST100006,checking,active,2023-03-09,
ACCT200014,CUST100007,checking,active,2024-10-17,
ACCT200015,CUST100008,savings,active,2023-04-04,
ACCT200016,CUST100008,checking,active,2024-08-03,
ACCT200017,CUST100008,checking,active,2023-08-21,
ACCT200018,CUST100009,checking,active,2023-10-24,
ACCT200019,CUST100009,checking,active,2023-01-09,
ACCT200020,CUST100009,checking,active,2023-03-17,
ACCT200021,CUST100010,checking,active,2024-08-22,
ACCT200022,CUST100010,checking,active,2023-03-18,
ACCT200023,CUST100011,checking,active,2023-06-19,
ACCT200024,CUST100012,checking,active,2023-10-28,
ACCT200025,CUST100012,checking,active,2023-02-15,
ACCT200026,CUST100012,savings,active,2023-07-08,
ACCT200027,CUST100013,checking,active,2024-08-07,
ACCT200028,CUST100013,checking,active,2023-12-28,
ACCT200029,CUST100013,checking,active,2023-09-25,
ACCT200030,CUST100014,credit,frozen,2023-11-21,
ACCT200031,CUST100015,checking,frozen,2023-01-01,
ACCT200032,CUST100015,checking,active,2024-11-10,
ACCT200033,CUST100016,savings,active,2023-01-04,
ACCT200034,CUST100017,checking,active,2023-07-11,
ACCT200035,CUST100018,checking,active,2024-10-31,
ACCT200036,CUST100019,savings,active,2024-04-27,
ACCT200037,CUST100019,credit,active,2024-03-31,
ACCT200038,CUST100020,checking,active,2024-10-16,
ACCT200039,CUST100020,checking,frozen,2023-07-18,
ACCT200040,CUST100021,savings,active,2023-01-05,
ACCT200041,CUST100021,credit,active,2024-01-29,
ACCT200042,CUST100021,checking,active,2024-11-09,
ACCT200043,CUST100022,checking,active,2023-08-30,
ACCT200044,CUST100023,savings,active,2024-02-18,
ACCT200045,CUST100023,checking,active,2023-09-09,
ACCT200046,CUST100023,savings,active,2024-04-24,
ACCT200047,CUST100024,savings,active,2023-05-19,
ACCT200048,CUST100025,checking,frozen,2024-01-11,
ACCT200049,CUST100026,checking,active,2023-12-07,
ACCT200050,CUST100026,checking,active,2023-10-23,
ACCT200051,CUST100027,savings,active,2023-12-15,
ACCT200052,CUST100028,savings,active,2023-12-31,
ACCT200053,CUST100029,checking,active,2023-01-23,
ACCT200054,CUST100029,savings,active,2023-09-21,
ACCT200055,CUST100030,savings,active,2023-05-17,
ACCT200056,CUST100031,checking,active,2023-04-19,
ACCT200057,CUST100032,checking,active,2023-08-07,
ACCT200058,CUST100032,checking,active,2023-03-09,
ACCT200059,CUST100032,savings,active,2023-02-22,
ACCT200060,CUST100033,checking,active,2023-04-28,
ACCT200061,CUST100034,credit,active,2024-07-08,
ACCT200062,CUST100034,savings,active,2023-05-09,
ACCT200063,CUST100034,credit,active,2023-05-24,
ACCT200064,CUST100035,checking,active,2024-05-14,
ACCT200065,CUST100036,savings,active,2023-06-21,
ACCT200066,CUST100037,savings,closed,2023-11-25,2024-01-11
ACCT200067,CUST100038,savings,closed,2024-07-27,2024-09-07
ACCT200068,CUST100039,savings,frozen,2023-05-14,
ACCT200069,CUST100040,checking,active,2024-06-08,
ACCT200070,CUST100041,checking,active,2023-05-28,
ACCT200071,CUST100041,savings,active,2024-11-08,
ACCT200072,CUST100042,checking,active,2023-03-21,
ACCT200073,CUST100042,checking,active,2024-07-11,
ACCT200074,CUST100042,checking,active,2024-08-13,
ACCT200075,CUST100043,savings,active,2024-01-01,
ACCT200076,CUST100044,checking,active,2023-08-15,
ACCT200077,CUST100044,savings,active,2024-08-15,
ACCT200078,CUST100045,checking,active,2024-03-25,
ACCT200079,CUST100045,credit,active,2024-02-25,
ACCT200080,CUST100046,savings,active,2024-06-07,
ACCT200081,CUST100047,checking,active,2024-02-10,
ACCT200082,CUST100048,checking,active,2023-11-19,
ACCT200083,CUST100049,credit,active,2023-04-16,
ACCT200084,CUST100049,savings,active,2024-11-07,
ACCT200085,CUST100049,credit,active,2024-10-30,
ACCT200086,CUST100050,checking,active,2023-09-02,
ACCT200087,CUST100051,checking,active,2023-08-18,
ACCT200088,CUST100052,credit,active,2024-09-23,
ACCT200089,CUST100053,savings,active,2023-09-09,
ACCT200090,CUST100053,credit,active,2023-08-14,
ACCT200091,CUST100054,credit,active,2024-05-07,
ACCT200092,CUST100055,credit,active,2023-09-13,
ACCT200093,CUST100055,credit,active,2024-04-05,
ACCT200094,CUST100056,checking,active,2023-10-21,
ACCT200095,CUST100056,checking,active,2023-04-06,
ACCT200096,CUST100056,savings,active,2023-11-21,
ACCT200097,CUST100057,checking,closed,2023-04-19,2023-06-26
ACCT200098,CUST100058,credit,active,2024-01-03,
ACCT200099,CUST100058,checking,active,2023-10-23,
ACCT200100,CUST100059,checking,active,2023-01-13,
ACCT200101,CUST100059,checking,active,2023-03-25,
ACCT200102,CUST100059,checking,active,2024-09-06,
ACCT200103,CUST100060,checking,active,2023-07-18,
ACCT200104,CUST100061,checking,active,2023-03-22,
ACCT200105,CUST100062,savings,active,2024-03-26,
ACCT200106,CUST100062,credit,active,2023-09-29,
ACCT200107,CUST100062,credit,active,2024-03-15,
ACCT200108,CUST100063,savings,active,2024-08-09,
ACCT200109,CUST100064,checking,active,2023-02-08,
ACCT200110,CUST100064,savings,active,2023-07-19,
ACCT200111,CUST100065,checking,active,2023-03-06,
ACCT200112,CUST100065,savings,active,2024-05-14,
ACCT200113,CUST100066,checking,active,2024-08-25,
ACCT200114,CUST100066,checking,active,2024-05-30,
ACCT200115,CUST100066,savings,frozen,2024-02-08,
ACCT200116,CUST100067,checking,active,2023-03-22,
ACCT200117,CUST100068,credit,active,2024-07-09,
ACCT200118,CUST100069,savings,closed,2024-05-29,2024-11-02
ACCT200119,CUST100070,savings,active,2024-11-24,
ACCT200120,CUST100070,checking,active,2024-04-04,
ACCT200121,CUST100071,credit,active,2023-11-06,
ACCT200122,CUST100071,credit,frozen,2024-10-05,
ACCT200123,CUST100072,savings,active,2024-06-25,
ACCT200124,CUST100073,checking,active,2023-05-25,
ACCT200125,CUST100074,savings,active,2024-06-10,
ACCT200126,CUST100074,credit,frozen,2023-06-18,
ACCT200127,CUST100075,credit,active,2023-11-11,
ACCT200128,CUST100076,checking,active,2023-07-23,
ACCT200129,CUST100077,checking,active,2023-07-11,
ACCT200130,CUST100078,checking,active,2024-10-10,
ACCT200131,CUST100078,credit,active,2024-06-04,
ACCT200132,CUST100079,checking,active,2023-02-06,
ACCT200133,CUST100079,credit,active,2024-01-27,
ACCT200134,CUST100080,checking,active,2023-04-08,
ACCT200135,CUST100081,checking,active,2023-09-24,
ACCT200136,CUST100081,checking,active,2024-01-06,
ACCT200137,CUST100081,savings,active,2024-10-23,
ACCT200138,CUST100082,savings,active,2023-01-23,
ACCT200139,CUST100082,checking,active,2024-01-08,
ACCT200140,CUST100082,savings,active,2023-10-18,
ACCT200141,CUST100083,savings,active,2024-11-09,
ACCT200142,CUST100083,checking,active,2024-01-31,
ACCT200143,CUST100084,checking,active,2023-01-03,
ACCT200144,CUST100085,credit,active,2024-06-23,
ACCT200145,CUST100085,checking,active,2023-09-02,
ACCT200146,CUST100086,checking,active,2023-09-23,
ACCT200147,CUST100087,checking,active,2023-04-22,
ACCT200148,CUST100087,savings,active,2023-10-16,
ACCT200149,CUST100087,credit,active,2023-06-29,
ACCT200150,CUST100088,checking,active,2023-01-12,
ACCT200151,CUST100088,checking,active,2023-07-06,
ACCT200152,CUST100088,credit,active,2024-11-24,
ACCT200153,CUST100089,savings,frozen,2024-03-25,
ACCT200154,CUST100089,savings,active,2023-06-06,
ACCT200155,CUST100090,savings,active,2024-07-08,
ACCT200156,CUST100090,savings,active,2024-02-20,
ACCT200157,CUST100091,checking,closed,2023-05-25,2024-09-07
ACCT200158,CUST100092,credit,active,2024-10-03,
ACCT200159,CUST100092,checking,active,2024-10-04,
ACCT200160,CUST100093,checking,active,2023-09-21,
ACCT200161,CUST100093,checking,active,2024-07-31,
ACCT200162,CUST100094,checking,active,2024-08-17,
ACCT200163,CUST100094,checking,active,2023-06-21,
ACCT200164,CUST100095,checking,active,2023-08-13,
ACCT200165,CUST100095,checking,active,2023-03-12,
ACCT200166,CUST100096,savings,active,2023-11-17,
ACCT200167,CUST100096,credit,active,2024-07-16,
ACCT200168,CUST100097,checking,active,2024-09-12,
ACCT200169,CUST100098,checking,active,2024-05-23,
ACCT200170,CUST100099,checking,active,2023-08-29,
ACCT200171,CUST100099,checking,active,2023-08-28,
ACCT200172,CUST100100,savings,active,2023-11-17,
ACCT200173,CUST100101,checking,active,2023-02-25,
ACCT200174,CUST100101,savings,active,2024-03-17,
ACCT200175,CUST100101,checking,active,2024-08-11,
ACCT200176,CUST100102,checking,active,2023-10-03,
ACCT200177,CUST100103,savings,active,2023-02-20,
ACCT200178,CUST100104,savings,active,2024-02-09,
ACCT200179,CUST100104,checking,active,2024-10-03,
ACCT200180,CUST100104,savings,active,2024-02-22,
ACCT200181,CUST100105,checking,active,2023-09-08,
ACCT200182,CUST100106,savings,closed,2023-03-10,2023-10-31
ACCT200183,CUST100107,checking,active,2023-07-09,
ACCT200184,CUST100107,credit,active,2023-07-18,
ACCT200185,CUST100107,savings,active,2023-10-17,
ACCT200186,CUST100108,savings,active,2023-01-17,
ACCT200187,CUST100109,checking,active,2024-08-05,
ACCT200188,CUST100110,checking,active,2024-01-05,
ACCT200189,CUST100110,checking,active,2023-09-27,
ACCT200190,CUST100110,checking,frozen,2024-02-11,
ACCT200191,CUST100111,checking,active,2024-03-07,
ACCT200192,CUST100112,checking,active,2024-07-05,
ACCT200193,CUST100112,savings,active,2023-08-17,
ACCT200194,CUST100113,savings,active,2024-10-28,
ACCT200195,CUST100114,checking,active,2023-04-21,
ACCT200196,CUST100115,credit,active,2024-04-21,
ACCT200197,CUST100116,checking,active,2023-10-25,
ACCT200198,CUST100117,savings,active,2024-02-14,
ACCT200199,CUST100118,credit,active,2023-05-14,
ACCT200200,CUST100118,savings,closed,2023-09-18,2024-07-06
ACCT200201,CUST100119,savings,active,2024-06-09,
ACCT200202,CUST100119,credit,active,2023-12-12,
ACCT200203,CUST100120,savings,active,2023-09-01,
ACCT200204,CUST100121,savings,active,2024-11-19,
ACCT200205,CUST100121,checking,active,2024-02-26,
ACCT200206,CUST100121,credit,active,2023-06-05,
ACCT200207,CUST100122,checking,active,2023-08-19,
ACCT200208,CUST100122,checking,active,2023-04-08,
ACCT200209,CUST100123,credit,active,2023-09-17,
ACCT200210,CUST100124,checking,frozen,2023-03-01,
ACCT200211,CUST100125,savings,active,2023-09-22,
ACCT200212,CUST100125,checking,active,2024-02-02,
ACCT200213,CUST100126,savings,frozen,2024-11-10,
ACCT200214,CUST100127,savings,active,2023-03-18,
ACCT200215,CUST100128,checking,active,2024-07-10,
ACCT200216,CUST100129,checking,active,2024-03-02,
ACCT200217,CUST100130,credit,active,2024-02-14,
ACCT200218,CUST100131,checking,active,2023-01-10,
ACCT200219,CUST100132,savings,active,2023-07-06,
ACCT200220,CUST100133,savings,active,2024-06-05,
ACCT200221,CUST100134,savings,active,2024-07-22,
ACCT200222,CUST100134,checking,active,2024-09-12,
ACCT200223,CUST100135,checking,active,2023-11-21,
ACCT200224,CUST100135,checking,active,2023-12-23,
ACCT200225,CUST100136,checking,active,2023-10-17,
ACCT200226,CUST100136,savings,active,2024-05-21,
ACCT200227,CUST100136,savings,active,2024-03-28,
ACCT200228,CUST100137,checking,active,2023-02-17,
ACCT200229,CUST100138,savings,active,2024-10-07,
ACCT200230,CUST100138,savings,active,2024-05-15,
ACCT200231,CUST100139,savings,active,2023-01-23,
ACCT200232,CUST100139,checking,active,2023-12-01,
ACCT200233,CUST100140,savings,active,2023-11-02,
ACCT200234,CUST100141,checking,active,2023-10-05,
ACCT200235,CUST100142,checking,active,2024-05-07,
ACCT200236,CUST100142,checking,active,2023-06-24,
ACCT200237,CUST100143,savings,active,2024-03-14,
ACCT200238,CUST100143,savings,active,2024-11-09,
ACCT200239,CUST100144,checking,frozen,2023-02-25,
ACCT200240,CUST100144,checking,active,2023-01-04,
ACCT200241,CUST100145,savings,active,2024-08-30,
ACCT200242,CUST100145,savings,active,2024-05-29,
ACCT200243,CUST100146,checking,active,2023-01-03,
ACCT200244,CUST100146,checking,closed,2024-09-15,2025-07-11
ACCT200245,CUST100147,checking,active,2024-01-05,
ACCT200246,CUST100147,credit,closed,2023-12-23,2024-07-19
ACCT200247,CUST100147,savings,active,2023-12-24,
ACCT200248,CUST100148,checking,active,2024-11-21,
ACCT200249,CUST100149,savings,closed,2024-11-19,2026-02-14
ACCT200250,CUST100150,checking,active,2024-01-08,
ACCT200251,CUST100151,credit,active,2023-04-27,
ACCT200252,CUST100151,checking,active,2023-10-11,
ACCT200253,CUST100152,checking,active,2023-03-01,
ACCT200254,CUST100152,checking,active,2024-11-16,
ACCT200255,CUST100152,checking,active,2024-11-16,
ACCT200256,CUST100153,checking,active,2024-10-23,
ACCT200257,CUST100153,checking,active,2024-02-13,
ACCT200258,CUST100153,checking,active,2023-03-29,
ACCT200259,CUST100154,savings,active,2024-07-21,
ACCT200260,CUST100155,checking,active,2023-06-24,
ACCT200261,CUST100156,checking,active,2024-07-11,
ACCT200262,CUST100156,savings,active,2023-10-03,
ACCT200263,CUST100156,savings,active,2024-07-10,
ACCT200264,CUST100157,checking,active,2023-09-28,
ACCT200265,CUST100158,savings,active,2023-12-02,
ACCT200266,CUST100158,checking,closed,2023-02-24,2023-07-14
ACCT200267,CUST100159,savings,active,2024-08-19,
ACCT200268,CUST100160,savings,active,2023-02-13,
ACCT200269,CUST100160,credit,active,2024-01-30,
ACCT200270,CUST100161,credit,active,2024-02-14,
ACCT200271,CUST100161,checking,active,2023-07-25,
ACCT200272,CUST100162,credit,active,2024-04-01,
ACCT200273,CUST100162,checking,active,2024-07-15,
ACCT200274,CUST100162,checking,active,2023-11-18,
ACCT200275,CUST100163,checking,active,2023-11-20,
ACCT200276,CUST100164,checking,active,2024-04-18,
ACCT200277,CUST100164,savings,active,2023-10-08,
ACCT200278,CUST100165,savings,active,2023-03-08,
ACCT200279,CUST100166,savings,active,2023-01-21,
ACCT200280,CUST100166,savings,active,2024-11-30,
ACCT200281,CUST100167,checking,active,2024-11-25,
ACCT200282,CUST100168,credit,active,2024-02-15,
ACCT200283,CUST100168,checking,closed,2023-12-10,2024-09-16
ACCT200284,CUST100169,savings,active,2023-05-12,
ACCT200285,CUST100170,credit,active,2024-03-30,
ACCT200286,CUST100171,checking,active,2023-09-27,
ACCT200287,CUST100172,checking,active,2024-04-27,
ACCT200288,CUST100173,checking,active,2023-11-30,
ACCT200289,CUST100173,savings,active,2023-07-09,
ACCT200290,CUST100174,savings,active,2024-07-02,
ACCT200291,CUST100174,checking,active,2024-04-29,
ACCT200292,CUST100174,checking,frozen,2024-03-03,
ACCT200293,CUST100175,checking,active,2024-01-16,
ACCT200294,CUST100175,savings,frozen,2024-01-15,
ACCT200295,CUST100176,checking,active,2024-07-24,
ACCT200296,CUST100176,checking,active,2023-04-21,
ACCT200297,CUST100177,checking,active,2024-01-02,
ACCT200298,CUST100178,checking,active,2023-03-08,
ACCT200299,CUST100178,savings,active,2023-06-05,
ACCT200300,CUST100178,savings,active,2024-07-30,
ACCT200301,CUST100179,savings,active,2023-12-04,
ACCT200302,CUST100180,credit,active,2023-01-06,
ACCT200303,CUST100180,checking,active,2023-05-18,
ACCT200304,CUST100180,savings,frozen,2024-04-13,
ACCT200305,CUST100181,savings,frozen,2024-01-12,
ACCT200306,CUST100181,savings,closed,2024-10-13,2025-07-26
ACCT200307,CUST100181,checking,active,2024-11-09,
ACCT200308,CUST100182,credit,active,2023-08-13,
ACCT200309,CUST100183,savings,active,2023-06-12,
ACCT200310,CUST100184,savings,active,2024-06-13,
ACCT200311,CUST100184,checking,active,2024-06-23,
ACCT200312,CUST100185,checking,active,2023-04-03,
ACCT200313,CUST100185,checking,active,2023-05-24,
ACCT200314,CUST100186,credit,active,2023-07-06,
ACCT200315,CUST100186,credit,active,2023-10-07,
ACCT200316,CUST100187,checking,active,2024-03-26,
ACCT200317,CUST100187,checking,active,2024-07-22,
ACCT200318,CUST100187,checking,active,2024-07-04,
ACCT200319,CUST100188,checking,active,2024-02-13,
ACCT200320,CUST100188,checking,active,2023-05-01,
ACCT200321,CUST100189,checking,active,2024-11-08,
ACCT200322,CUST100190,checking,active,2024-10-13,
ACCT200323,CUST100190,checking,active,2023-02-27,
ACCT200324,CUST100190,checking,active,2024-09-11,
ACCT200325,CUST100191,checking,active,2024-04-12,
ACCT200326,CUST100192,checking,active,2024-09-23,
ACCT200327,CUST100192,checking,active,2024-05-29,
ACCT200328,CUST100192,checking,active,2023-11-30,
ACCT200329,CUST100193,checking,active,2024-09-15,
ACCT200330,CUST100193,checking,active,2023-09-27,
ACCT200331,CUST100194,credit,active,2023-09-09,
ACCT200332,CUST100194,checking,active,2024-07-30,
ACCT200333,CUST100195,checking,active,2023-01-31,
ACCT200334,CUST100195,checking,active,2024-08-11,
ACCT200335,CUST100195,credit,active,2023-10-26,
ACCT200336,CUST100196,credit,frozen,2023-10-26,
ACCT200337,CUST100197,checking,closed,2024-06-27,2024-09-25
ACCT200338,CUST100197,checking,active,2023-05-21,
ACCT200339,CUST100198,credit,active,2023-01-10,
ACCT200340,CUST100198,credit,active,2023-05-19,
ACCT200341,CUST100198,checking,active,2024-06-22,
ACCT200342,CUST100199,credit,active,2024-06-07,
ACCT200343,CUST100200,savings,active,2024-02-07,
ACCT200344,CUST100200,savings,active,2023-09-19,
ACCT200345,CUST100201,checking,active,2024-08-07,
ACCT200346,CUST100202,checking,active,2023-04-18,
ACCT200347,CUST100203,savings,active,2024-06-08,
ACCT200348,CUST100204,savings,closed,2024-03-23,2024-06-24
ACCT200349,CUST100204,checking,active,2023-11-30,
ACCT200350,CUST100205,savings,active,2023-09-08,
ACCT200351,CUST100205,checking,active,2024-05-31,
ACCT200352,CUST100205,checking,active,2024-04-02,
ACCT200353,CUST100206,credit,active,2023-07-18,
ACCT200354,CUST100206,checking,active,2024-01-12,
ACCT200355,CUST100207,checking,active,2024-02-19,
ACCT200356,CUST100207,checking,active,2024-09-26,
ACCT200357,CUST100208,checking,active,2024-11-22,
ACCT200358,CUST100208,checking,active,2024-07-23,
ACCT200359,CUST100209,checking,active,2023-09-14,
ACCT200360,CUST100210,checking,active,2024-09-27,
ACCT200361,CUST100210,checking,closed,2023-11-25,2024-03-09
ACCT200362,CUST100211,savings,active,2023-03-04,
ACCT200363,CUST100211,checking,active,2023-03-17,
ACCT200364,CUST100211,checking,active,2023-02-22,
ACCT200365,CUST100212,checking,active,2023-12-18,
ACCT200366,CUST100213,savings,active,2023-01-22,
ACCT200367,CUST100213,checking,active,2024-02-13,
ACCT200368,CUST100214,credit,active,2023-11-23,
ACCT200369,CUST100215,checking,active,2024-04-15,
ACCT200370,CUST100216,checking,active,2024-02-05,
ACCT200371,CUST100217,checking,active,2024-06-30,
ACCT200372,CUST100218,checking,active,2024-05-26,
ACCT200373,CUST100219,checking,active,2024-11-04,
ACCT200374,CUST100220,credit,active,2023-12-01,
ACCT200375,CUST100220,checking,active,2024-01-21,
ACCT200376,CUST100221,savings,active,2024-04-12,
ACCT200377,CUST100221,credit,active,2023-07-28,
ACCT200378,CUST100221,credit,active,2023-06-30,
ACCT200379,CUST100222,checking,active,2024-09-17,
ACCT200380,CUST100223,savings,active,2023-04-03,
ACCT200381,CUST100224,checking,active,2024-09-26,
ACCT200382,CUST100224,credit,closed,2024-01-11,2025-04-09
ACCT200383,CUST100224,checking,active,2023-04-09,
ACCT200384,CUST100225,savings,active,2023-06-30,
ACCT200385,CUST100225,credit,active,2024-06-01,
ACCT200386,CUST100226,savings,active,2024-03-08,
ACCT200387,CUST100226,credit,active,2024-04-10,
ACCT200388,CUST100226,savings,active,2023-07-29,
ACCT200389,CUST100227,savings,active,2023-10-31,
ACCT200390,CUST100228,checking,active,2024-09-20,
ACCT200391,CUST100229,savings,active,2023-09-25,
ACCT200392,CUST100229,checking,active,2023-10-18,
ACCT200393,CUST100230,checking,active,2023-08-15,
ACCT200394,CUST100230,checking,frozen,2024-06-03,
ACCT200395,CUST100231,checking,active,2023-09-24,
ACCT200396,CUST100231,credit,active,2024-08-09,
ACCT200397,CUST100231,checking,active,2024-05-03,
ACCT200398,CUST100232,checking,active,2023-12-14,
ACCT200399,CUST100233,savings,frozen,2023-02-28,
ACCT200400,CUST100233,checking,active,2023-06-27,
ACCT200401,CUST100234,checking,active,2023-11-30,
ACCT200402,CUST100235,checking,active,2023-05-30,
ACCT200403,CUST100235,credit,active,2024-09-25,
ACCT200404,CUST100236,savings,active,2024-04-02,
ACCT200405,CUST100237,credit,active,2023-06-27,
ACCT200406,CUST100238,checking,active,2023-05-02,
ACCT200407,CUST100239,credit,active,2023-09-25,
ACCT200408,CUST100239,credit,closed,2024-11-28,2025-11-19
ACCT200409,CUST100239,savings,active,2024-08-07,
ACCT200410,CUST100240,checking,active,2023-12-24,
ACCT200411,CUST100241,checking,active,2023-10-13,
ACCT200412,CUST100241,savings,active,2024-11-02,
ACCT200413,CUST100242,checking,active,2023-04-23,
ACCT200414,CUST100242,checking,active,2024-02-06,
ACCT200415,CUST100243,checking,active,2023-09-19,
ACCT200416,CUST100243,checking,active,2023-01-19,
ACCT200417,CUST100244,checking,active,2024-01-13,
ACCT200418,CUST100245,credit,active,2024-10-27,
ACCT200419,CUST100246,checking,active,2023-10-03,
ACCT200420,CUST100246,checking,active,2024-03-10,
ACCT200421,CUST100247,checking,active,2023-06-18,
ACCT200422,CUST100247,checking,active,2024-07-02,
ACCT200423,CUST100248,savings,active,2023-11-17,
ACCT200424,CUST100248,checking,active,2024-02-03,
ACCT200425,CUST100249,savings,active,2024-07-22,
ACCT200426,CUST100249,checking,active,2024-01-06,
ACCT200427,CUST100249,checking,active,2023-01-20,
ACCT200428,CUST100250,savings,active,2023-07-25,
ACCT200429,CUST100251,savings,frozen,2023-01-03,
ACCT200430,CUST100251,checking,active,2024-04-19,
ACCT200431,CUST100251,checking,active,2024-10-28,
ACCT200432,CUST100252,savings,active,2023-05-21,
ACCT200433,CUST100252,checking,active,2023-07-26,
ACCT200434,CUST100253,checking,active,2024-11-20,
ACCT200435,CUST100253,checking,active,2023-06-17,
ACCT200436,CUST100254,checking,active,2024-09-13,
ACCT200437,CUST100254,checking,active,2024-09-05,
ACCT200438,CUST100255,checking,active,2024-06-07,
ACCT200439,CUST100256,checking,active,2024-04-25,
ACCT200440,CUST100256,savings,active,2024-02-28,
ACCT200441,CUST100256,savings,active,2023-06-25,
ACCT200442,CUST100257,savings,active,2024-03-10,
ACCT200443,CUST100258,checking,active,2024-02-09,
ACCT200444,CUST100258,savings,active,2024-02-08,
ACCT200445,CUST100258,checking,active,2023-05-11,
ACCT200446,CUST100259,checking,active,2023-06-28,
ACCT200447,CUST100260,checking,frozen,2024-05-18,
ACCT200448,CUST100260,checking,active,2023-01-03,
ACCT200449,CUST100260,checking,active,2023-07-13,
ACCT200450,CUST100261,savings,active,2024-09-29,
ACCT200451,CUST100261,checking,active,2023-12-05,
ACCT200452,CUST100262,savings,active,2024-09-01,
ACCT200453,CUST100262,checking,active,2023-01-28,
ACCT200454,CUST100263,checking,active,2024-11-24,
ACCT200455,CUST100263,checking,active,2023-01-31,
ACCT200456,CUST100264,credit,active,2024-01-08,
ACCT200457,CUST100264,checking,active,2024-10-25,
ACCT200458,CUST100265,checking,active,2023-09-11,
ACCT200459,CUST100266,credit,active,2023-06-03,
ACCT200460,CUST100267,savings,frozen,2023-11-22,
ACCT200461,CUST100268,checking,active,2024-02-13,
ACCT200462,CUST100269,credit,active,2023-09-05,
ACCT200463,CUST100269,checking,active,2023-05-12,
ACCT200464,CUST100270,checking,active,2023-10-30,
ACCT200465,CUST100271,checking,active,2024-09-03,
ACCT200466,CUST100271,savings,active,2024-04-17,
ACCT200467,CUST100271,savings,active,2023-10-03,
ACCT200468,CUST100272,checking,active,2023-06-01,
ACCT200469,CUST100273,checking,active,2024-04-29,
ACCT200470,CUST100274,checking,active,2023-01-31,
ACCT200471,CUST100275,savings,active,2023-05-31,
ACCT200472,CUST100276,credit,active,2023-01-09,
ACCT200473,CUST100277,savings,active,2023-10-17,
ACCT200474,CUST100277,savings,active,2024-07-23,
ACCT200475,CUST100278,credit,active,2024-04-19,
ACCT200476,CUST100279,savings,active,2023-12-08,
ACCT200477,CUST100279,savings,active,2023-04-23,
ACCT200478,CUST100280,checking,closed,2023-12-10,2024-09-11
ACCT200479,CUST100280,credit,active,2024-07-24,
ACCT200480,CUST100281,checking,active,2024-08-10,
ACCT200481,CUST100282,savings,active,2024-06-12,
ACCT200482,CUST100282,savings,active,2023-05-22,
ACCT200483,CUST100282,credit,active,2023-07-06,
ACCT200484,CUST100283,checking,active,2023-03-07,
ACCT200485,CUST100284,savings,active,2023-01-27,
ACCT200486,CUST100284,savings,active,2024-09-20,
ACCT200487,CUST100284,savings,active,2023-10-11,
ACCT200488,CUST100285,savings,active,2024-08-11,
ACCT200489,CUST100285,checking,active,2023-12-25,
ACCT200490,CUST100286,checking,active,2024-06-18,
ACCT200491,CUST100286,checking,active,2023-11-04,
ACCT200492,CUST100287,credit,active,2023-06-21,
ACCT200493,CUST100287,checking,active,2023-04-11,
ACCT200494,CUST100288,checking,active,2024-01-31,
ACCT200495,CUST100288,savings,active,2024-02-02,
ACCT200496,CUST100288,checking,active,2023-04-30,
ACCT200497,CUST100289,credit,active,2023-07-27,
ACCT200498,CUST100289,savings,active,2024-01-20,
ACCT200499,CUST100290,savings,active,2023-01-24,
ACCT200500,CUST100290,credit,active,2024-02-08,
ACCT200501,CUST100290,checking,active,2024-03-16,
ACCT200502,CUST100291,checking,active,2024-06-13,
ACCT200503,CUST100292,checking,active,2024-11-12,
ACCT200504,CUST100293,checking,active,2023-06-08,
ACCT200505,CUST100294,checking,frozen,2024-04-29,
ACCT200506,CUST100294,checking,active,2024-03-06,
ACCT200507,CUST100294,checking,active,2024-02-08,
ACCT200508,CUST100295,checking,active,2023-11-20,
ACCT200509,CUST100296,checking,active,2024-08-06,
ACCT200510,CUST100296,checking,active,2024-01-06,
ACCT200511,CUST100296,savings,closed,2023-06-08,2024-05-31
ACCT200512,CUST100297,savings,active,2023-09-11,
ACCT200513,CUST100297,credit,active,2024-02-26,
ACCT200514,CUST100298,savings,active,2024-07-12,
ACCT200515,CUST100298,checking,active,2023-08-22,
ACCT200516,CUST100298,checking,active,2024-10-18,
ACCT200517,CUST100299,savings,active,2024-10-22,
ACCT200518,CUST100299,credit,active,2023-01-12,
ACCT200519,CUST100300,savings,frozen,2024-07-14,
ACCT200520,CUST100301,checking,active,2023-07-29,
ACCT200521,CUST100302,savings,active,2023-07-01,
ACCT200522,CUST100302,savings,active,2024-09-19,
ACCT200523,CUST100303,credit,active,2023-03-06,
ACCT200524,CUST100303,credit,active,2024-03-18,
ACCT200525,CUST100304,savings,active,2023-05-31,
ACCT200526,CUST100305,savings,active,2024-07-05,
ACCT200527,CUST100306,credit,active,2024-04-26,
ACCT200528,CUST100307,checking,active,2024-11-08,
ACCT200529,CUST100308,checking,active,2024-09-17,
ACCT200530,CUST100309,checking,active,2024-01-10,
ACCT200531,CUST100310,savings,active,2023-10-07,
ACCT200532,CUST100310,checking,active,2024-03-16,
ACCT200533,CUST100311,checking,active,2024-10-09,
ACCT200534,CUST100311,checking,active,2023-04-17,
ACCT200535,CUST100312,checking,active,2024-11-17,
ACCT200536,CUST100313,credit,active,2024-05-11,
ACCT200537,CUST100313,savings,active,2023-10-28,
ACCT200538,CUST100314,savings,active,2023-03-28,
ACCT200539,CUST100314,savings,active,2023-10-18,
ACCT200540,CUST100314,checking,active,2023-10-17,
ACCT200541,CUST100315,savings,active,2023-04-07,
ACCT200542,CUST100315,credit,active,2023-08-02,
ACCT200543,CUST100315,credit,active,2024-03-01,
ACCT200544,CUST100316,checking,active,2023-01-23,
ACCT200545,CUST100317,checking,active,2024-11-01,
ACCT200546,CUST100317,checking,active,2023-01-27,
ACCT200547,CUST100317,savings,active,2023-02-06,
ACCT200548,CUST100318,savings,active,2024-02-27,
ACCT200549,CUST100319,checking,active,2023-06-24,
ACCT200550,CUST100320,credit,active,2024-03-02,
ACCT200551,CUST100320,checking,active,2024-10-15,
ACCT200552,CUST100321,savings,active,2024-09-18,
ACCT200553,CUST100321,savings,active,2023-07-06,
ACCT200554,CUST100321,checking,active,2023-02-15,
ACCT200555,CUST100322,checking,active,2024-02-20,
ACCT200556,CUST100323,checking,active,2024-11-18,
ACCT200557,CUST100324,savings,active,2024-06-04,
ACCT200558,CUST100325,checking,active,2023-03-17,
ACCT200559,CUST100326,checking,active,2023-08-30,
ACCT200560,CUST100327,savings,active,2024-03-21,
ACCT200561,CUST100327,checking,closed,2023-09-17,2024-01-04
ACCT200562,CUST100328,credit,active,2023-08-04,
ACCT200563,CUST100329,checking,frozen,2023-01-21,
ACCT200564,CUST100330,checking,active,2024-01-16,
ACCT200565,CUST100330,savings,active,2024-06-23,
ACCT200566,CUST100330,checking,active,2023-11-29,
ACCT200567,CUST100331,savings,active,2023-09-16,
ACCT200568,CUST100331,checking,active,2023-03-18,
ACCT200569,CUST100332,savings,active,2023-05-28,
ACCT200570,CUST100333,checking,active,2023-12-24,
ACCT200571,CUST100334,checking,active,2024-01-02,
ACCT200572,CUST100334,checking,active,2024-01-03,
ACCT200573,CUST100335,credit,active,2023-12-15,
ACCT200574,CUST100336,checking,active,2023-12-06,
ACCT200575,CUST100336,checking,active,2023-08-21,
ACCT200576,CUST100336,checking,active,2023-10-23,
ACCT200577,CUST100337,savings,active,2023-10-24,
ACCT200578,CUST100337,savings,active,2023-10-14,
ACCT200579,CUST100338,checking,active,2023-04-04,
ACCT200580,CUST100339,savings,active,2024-11-12,
ACCT200581,CUST100339,savings,active,2023-10-20,
ACCT200582,CUST100340,credit,active,2023-02-12,
ACCT200583,CUST100340,checking,active,2024-04-19,
ACCT200584,CUST100341,checking,active,2024-02-16,
ACCT200585,CUST100341,savings,active,2024-10-28,
ACCT200586,CUST100342,checking,active,2024-04-25,
ACCT200587,CUST100343,checking,active,2023-02-10,
ACCT200588,CUST100343,savings,active,2023-03-07,
ACCT200589,CUST100343,savings,active,2024-01-04,
ACCT200590,CUST100344,checking,closed,2024-07-07,2025-03-06
ACCT200591,CUST100344,savings,active,2024-09-09,
ACCT200592,CUST100345,credit,active,2023-05-11,
ACCT200593,CUST100345,checking,active,2023-05-01,
ACCT200594,CUST100346,checking,active,2024-03-11,
ACCT200595,CUST100347,checking,active,2024-04-21,
ACCT200596,CUST100347,checking,active,2023-12-18,
ACCT200597,CUST100347,savings,active,2023-02-25,
ACCT200598,CUST100348,savings,active,2023-09-06,
ACCT200599,CUST100348,checking,active,2024-08-13,
ACCT200600,CUST100349,checking,active,2023-06-10,
ACCT200601,CUST100350,checking,active,2024-07-15,
ACCT200602,CUST100351,savings,active,2023-03-14,
ACCT200603,CUST100352,savings,active,2023-01-14,
ACCT200604,CUST100352,checking,active,2023-07-25,
ACCT200605,CUST100353,checking,active,2024-07-13,
ACCT200606,CUST100353,checking,active,2023-01-09,
ACCT200607,CUST100353,checking,closed,2023-04-22,2024-06-27
ACCT200608,CUST100354,savings,active,2024-06-28,
ACCT200609,CUST100354,checking,active,2023-06-21,
ACCT200610,CUST100355,checking,active,2024-10-24,
ACCT200611,CUST100356,credit,active,2023-06-11,
ACCT200612,CUST100356,savings,active,2023-04-24,
ACCT200613,CUST100357,checking,active,2023-02-06,
ACCT200614,CUST100358,checking,active,2024-08-06,
ACCT200615,CUST100358,checking,active,2024-11-12,
ACCT200616,CUST100359,credit,active,2024-10-14,
ACCT200617,CUST100360,checking,active,2023-07-21,
ACCT200618,CUST100361,savings,active,2023-08-08,
ACCT200619,CUST100362,savings,active,2023-09-07,
ACCT200620,CUST100362,savings,active,2024-03-30,
ACCT200621,CUST100363,checking,active,2024-09-28,
ACCT200622,CUST100363,credit,active,2024-09-04,
ACCT200623,CUST100364,credit,active,2024-10-04,
ACCT200624,CUST100365,credit,active,2023-11-15,
ACCT200625,CUST100365,credit,closed,2023-05-24,2024-02-24
ACCT200626,CUST100366,checking,active,2023-11-15,
ACCT200627,CUST100366,checking,active,2024-02-13,
ACCT200628,CUST100367,checking,active,2024-02-19,
ACCT200629,CUST100368,credit,active,2023-12-07,
ACCT200630,CUST100369,savings,active,2024-08-04,
ACCT200631,CUST100369,checking,frozen,2024-03-30,
ACCT200632,CUST100370,savings,active,2024-03-27,
ACCT200633,CUST100370,checking,active,2023-10-21,
ACCT200634,CUST100370,savings,active,2024-08-25,
ACCT200635,CUST100371,savings,active,2023-02-18,
ACCT200636,CUST100371,credit,active,2023-05-07,
ACCT200637,CUST100372,checking,active,2024-02-25,
ACCT200638,CUST100373,credit,active,2023-06-14,
ACCT200639,CUST100374,checking,active,2023-12-23,
ACCT200640,CUST100374,checking,closed,2023-01-08,2023-10-17
ACCT200641,CUST100375,checking,active,2023-05-14,
ACCT200642,CUST100375,savings,active,2023-08-12,
ACCT200643,CUST100375,savings,active,2023-07-30,
ACCT200644,CUST100376,checking,active,2023-08-14,
ACCT200645,CUST100377,savings,active,2024-08-12,
ACCT200646,CUST100378,credit,frozen,2023-10-25,
ACCT200647,CUST100378,checking,active,2023-12-12,
ACCT200648,CUST100378,checking,active,2024-04-27,
ACCT200649,CUST100379,checking,active,2023-11-27,
ACCT200650,CUST100380,savings,active,2024-05-25,
ACCT200651,CUST100380,savings,active,2023-08-04,
ACCT200652,CUST100381,checking,closed,2024-08-28,2024-11-08
ACCT200653,CUST100381,checking,closed,2024-07-31,2025-07-11
ACCT200654,CUST100382,checking,active,2023-01-25,
ACCT200655,CUST100383,checking,active,2023-06-06,
ACCT200656,CUST100384,checking,active,2024-01-20,
ACCT200657,CUST100385,checking,active,2024-03-06,
ACCT200658,CUST100386,checking,closed,2024-05-18,2024-12-07
ACCT200659,CUST100386,checking,closed,2023-05-17,2024-01-18
ACCT200660,CUST100387,savings,active,2024-07-15,
ACCT200661,CUST100387,credit,active,2024-04-17,
ACCT200662,CUST100388,checking,active,2023-09-09,
ACCT200663,CUST100389,checking,active,2024-06-11,
ACCT200664,CUST100389,savings,closed,2024-01-12,2025-01-18
ACCT200665,CUST100390,savings,active,2024-04-07,
ACCT200666,CUST100390,credit,active,2023-01-03,
ACCT200667,CUST100391,savings,active,2024-06-29,
ACCT200668,CUST100392,checking,active,2023-12-11,
ACCT200669,CUST100393,checking,active,2023-04-27,
ACCT200670,CUST100393,checking,active,2024-06-04,
ACCT200671,CUST100394,checking,active,2023-10-23,
ACCT200672,CUST100394,savings,active,2023-12-12,
ACCT200673,CUST100395,savings,active,2024-06-10,
ACCT200674,CUST100396,checking,active,2024-02-04,
ACCT200675,CUST100396,checking,active,2024-11-01,
ACCT200676,CUST100397,savings,active,2024-07-16,
ACCT200677,CUST100398,savings,active,2024-09-11,
ACCT200678,CUST100398,savings,active,2023-08-19,
ACCT200679,CUST100399,checking,active,2023-04-05,
ACCT200680,CUST100400,checking,active,2023-01-18,
ACCT200681,CUST100401,credit,active,2024-07-05,
ACCT200682,CUST100401,credit,active,2023-09-04,
ACCT200683,CUST100402,credit,active,2023-08-08,
ACCT200684,CUST100402,savings,active,2024-06-11,
ACCT200685,CUST100403,credit,active,2024-05-31,
ACCT200686,CUST100403,checking,active,2024-04-07,
ACCT200687,CUST100404,checking,active,2024-01-24,
ACCT200688,CUST100405,savings,active,2023-01-13,
ACCT200689,CUST100406,savings,active,2023-05-06,
ACCT200690,CUST100406,savings,active,2024-06-21,
ACCT200691,CUST100407,checking,active,2024-07-12,
ACCT200692,CUST100408,credit,active,2023-01-09,
ACCT200693,CUST100409,checking,active,2024-10-31,
ACCT200694,CUST100410,checking,active,2023-10-06,
ACCT200695,CUST100411,checking,active,2023-03-05,
ACCT200696,CUST100411,savings,active,2023-09-28,
ACCT200697,CUST100412,checking,active,2023-01-16,
ACCT200698,CUST100412,credit,closed,2024-07-15,2025-06-08
ACCT200699,CUST100413,savings,closed,2024-08-02,2025-09-01
ACCT200700,CUST100414,savings,active,2023-06-02,
ACCT200701,CUST100414,checking,active,2023-06-21,
ACCT200702,CUST100415,checking,active,2023-10-21,
ACCT200703,CUST100416,checking,active,2024-09-23,
ACCT200704,CUST100416,checking,active,2024-05-07,
ACCT200705,CUST100416,savings,active,2023-06-14,
ACCT200706,CUST100417,checking,active,2024-10-22,
ACCT200707,CUST100418,savings,closed,2023-06-03,2023-08-06
ACCT200708,CUST100419,savings,active,2023-08-30,
ACCT200709,CUST100420,savings,active,2024-08-07,
ACCT200710,CUST100421,credit,active,2023-07-16,
ACCT200711,CUST100421,checking,active,2023-07-30,
ACCT200712,CUST100422,savings,active,2024-10-15,
ACCT200713,CUST100423,savings,active,2023-09-28,
ACCT200714,CUST100424,checking,active,2023-11-11,
ACCT200715,CUST100425,savings,closed,2024-06-23,2025-05-24
ACCT200716,CUST100426,checking,active,2023-07-10,
ACCT200717,CUST100427,checking,active,2024-05-09,
ACCT200718,CUST100428,credit,active,2024-08-22,
ACCT200719,CUST100429,checking,closed,2023-10-01,2024-01-29
ACCT200720,CUST100430,checking,active,2024-10-05,
ACCT200721,CUST100430,savings,active,2023-12-15,
ACCT200722,CUST100431,checking,active,2024-02-22,
ACCT200723,CUST100431,checking,active,2024-08-03,
ACCT200724,CUST100431,credit,active,2023-04-09,
ACCT200725,CUST100432,savings,active,2024-05-23,
ACCT200726,CUST100432,checking,closed,2024-09-03,2025-10-10
ACCT200727,CUST100432,checking,active,2024-05-08,
ACCT200728,CUST100433,savings,active,2023-02-22,
ACCT200729,CUST100434,savings,active,2024-09-14,
ACCT200730,CUST100434,savings,active,2023-12-30,
ACCT200731,CUST100435,savings,active,2023-08-01,
ACCT200732,CUST100436,checking,active,2024-03-17,
ACCT200733,CUST100436,checking,active,2023-02-25,
ACCT200734,CUST100437,credit,active,2023-08-19,
ACCT200735,CUST100438,checking,active,2024-01-28,
ACCT200736,CUST100439,checking,active,2023-11-28,
ACCT200737,CUST100440,checking,active,2023-07-05,
ACCT200738,CUST100441,savings,active,2023-09-14,
ACCT200739,CUST100441,checking,active,2024-10-11,
ACCT200740,CUST100442,checking,active,2023-05-07,
ACCT200741,CUST100442,checking,active,2024-07-05,
ACCT200742,CUST100442,checking,active,2024-03-29,
ACCT200743,CUST100443,savings,active,2023-06-01,
ACCT200744,CUST100443,savings,active,2024-06-07,
ACCT200745,CUST100444,checking,active,2023-01-22,
ACCT200746,CUST100445,checking,active,2024-02-23,
ACCT200747,CUST100446,checking,active,2024-07-27,
ACCT200748,CUST100446,checking,active,2024-07-30,
ACCT200749,CUST100447,credit,active,2024-02-24,
ACCT200750,CUST100447,checking,active,2023-06-28,
ACCT200751,CUST100448,checking,active,2024-05-16,
ACCT200752,CUST100449,checking,active,2024-05-31,
ACCT200753,CUST100449,savings,active,2023-12-15,
ACCT200754,CUST100449,savings,active,2024-07-25,
ACCT200755,CUST100450,checking,active,2024-08-18,
ACCT200756,CUST100450,checking,active,2023-09-06,
ACCT200757,CUST100450,checking,active,2024-03-03,
ACCT200758,CUST100451,checking,active,2023-10-15,
ACCT200759,CUST100451,checking,active,2024-05-01,
ACCT200760,CUST100452,checking,frozen,2023-02-06,
ACCT200761,CUST100452,checking,active,2024-04-18,
ACCT200762,CUST100452,checking,active,2023-03-30,
ACCT200763,CUST100453,checking,active,2023-08-30,
ACCT200764,CUST100453,checking,active,2023-07-22,
ACCT200765,CUST100453,credit,active,2023-06-11,
ACCT200766,CUST100454,checking,active,2024-10-17,
ACCT200767,CUST100455,checking,active,2024-03-04,
ACCT200768,CUST100456,credit,active,2024-11-04,
ACCT200769,CUST100457,checking,active,2024-11-29,
ACCT200770,CUST100457,checking,active,2024-06-01,
ACCT200771,CUST100458,savings,active,2024-11-19,
ACCT200772,CUST100458,checking,active,2023-03-23,
ACCT200773,CUST100459,checking,active,2023-07-24,
ACCT200774,CUST100460,checking,active,2023-11-25,
ACCT200775,CUST100461,checking,active,2023-04-24,
ACCT200776,CUST100462,checking,active,2023-06-15,
ACCT200777,CUST100463,checking,closed,2024-06-05,2025-07-14
ACCT200778,CUST100464,savings,active,2024-06-04,
ACCT200779,CUST100464,checking,active,2023-02-22,
ACCT200780,CUST100464,savings,active,2023-08-22,
ACCT200781,CUST100465,checking,active,2024-10-12,
ACCT200782,CUST100465,credit,active,2023-02-16,
ACCT200783,CUST100466,savings,active,2023-03-19,
ACCT200784,CUST100467,checking,active,2024-07-05,
ACCT200785,CUST100468,checking,active,2024-10-26,
ACCT200786,CUST100468,checking,active,2023-09-13,
ACCT200787,CUST100469,savings,active,2023-05-17,
ACCT200788,CUST100469,checking,active,2023-05-27,
ACCT200789,CUST100470,savings,active,2023-06-03,
ACCT200790,CUST100471,credit,active,2024-08-18,
ACCT200791,CUST100472,savings,active,2024-10-10,
ACCT200792,CUST100473,credit,frozen,2024-10-07,
ACCT200793,CUST100474,credit,active,2023-06-10,
ACCT200794,CUST100474,checking,active,2024-11-25,
ACCT200795,CUST100474,savings,frozen,2024-11-03,
ACCT200796,CUST100475,savings,active,2023-10-11,
ACCT200797,CUST100475,checking,active,2024-06-19,
ACCT200798,CUST100475,checking,active,2023-03-12,
ACCT200799,CUST100476,savings,active,2023-10-29,
ACCT200800,CUST100477,checking,active,2023-01-10,
ACCT200801,CUST100477,savings,active,2023-03-15,
ACCT200802,CUST100477,credit,active,2023-06-27,
ACCT200803,CUST100478,checking,active,2023-03-30,
ACCT200804,CUST100478,savings,active,2024-06-02,
ACCT200805,CUST100479,checking,active,2023-12-26,
ACCT200806,CUST100480,savings,active,2023-02-05,
ACCT200807,CUST100481,checking,active,2023-01-01,
ACCT200808,CUST100482,savings,active,2024-02-09,
ACCT200809,CUST100483,checking,active,2023-08-01,
ACCT200810,CUST100483,savings,active,2024-08-06,
ACCT200811,CUST100484,savings,active,2023-04-29,
ACCT200812,CUST100484,savings,frozen,2023-08-06,
ACCT200813,CUST100485,savings,active,2024-01-31,
ACCT200814,CUST100486,savings,active,2023-12-25,
ACCT200815,CUST100486,credit,active,2024-11-16,
ACCT200816,CUST100487,checking,active,2023-02-28,
ACCT200817,CUST100487,checking,active,2023-04-01,
ACCT200818,CUST100488,credit,active,2023-05-01,
ACCT200819,CUST100489,savings,closed,2023-06-20,2023-11-09
ACCT200820,CUST100489,savings,active,2023-06-26,
ACCT200821,CUST100489,savings,active,2024-01-22,
ACCT200822,CUST100490,savings,active,2023-05-12,
ACCT200823,CUST100490,checking,active,2024-04-10,
ACCT200824,CUST100491,checking,active,2023-09-28,
ACCT200825,CUST100492,checking,active,2024-05-06,
ACCT200826,CUST100493,checking,active,2023-11-06,
ACCT200827,CUST100493,checking,closed,2024-05-30,2024-12-06
ACCT200828,CUST100494,savings,active,2024-02-03,
ACCT200829,CUST100494,savings,active,2023-09-14,
ACCT200830,CUST100495,checking,active,2024-08-06,
ACCT200831,CUST100495,checking,active,2024-01-11,
ACCT200832,CUST100496,credit,active,2024-06-12,
ACCT200833,CUST100496,savings,active,2023-10-06,
ACCT200834,CUST100497,checking,active,2023-07-17,
ACCT200835,CUST100498,savings,active,2023-03-08,
ACCT200836,CUST100498,checking,active,2024-01-08,
ACCT200837,CUST100499,checking,active,2023-03-19,
ACCT200838,CUST100499,checking,active,2023-07-11,
ACCT200839,CUST100499,savings,active,2024-02-20,
ACCT200840,CUST100500,checking,active,2023-06-08,
ACCT200841,CUST100501,savings,active,2024-03-22,
ACCT200842,CUST100502,credit,active,2023-08-14,
ACCT200843,CUST100503,savings,active,2023-02-27,
ACCT200844,CUST100504,credit,active,2023-12-24,
ACCT200845,CUST100505,checking,active,2024-06-29,
ACCT200846,CUST100506,savings,active,2023-02-23,
ACCT200847,CUST100507,savings,active,2024-08-25,
ACCT200848,CUST100508,checking,active,2024-03-13,
ACCT200849,CUST100508,checking,active,2023-01-13,
ACCT200850,CUST100509,checking,active,2024-07-19,
ACCT200851,CUST100509,credit,closed,2024-08-13,2025-07-03
ACCT200852,CUST100509,checking,active,2024-10-13,
ACCT200853,CUST100510,checking,active,2024-02-06,
ACCT200854,CUST100510,credit,active,2023-07-30,
ACCT200855,CUST100511,checking,active,2023-12-12,
ACCT200856,CUST100511,credit,active,2024-09-02,
ACCT200857,CUST100511,savings,active,2024-10-29,
ACCT200858,CUST100512,checking,active,2023-12-25,
ACCT200859,CUST100512,savings,active,2023-04-14,
ACCT200860,CUST100513,checking,active,2023-07-19,
ACCT200861,CUST100514,checking,frozen,2024-03-23,
ACCT200862,CUST100514,savings,active,2024-11-27,
ACCT200863,CUST100515,savings,active,2024-01-25,
ACCT200864,CUST100516,savings,active,2024-06-05,
ACCT200865,CUST100517,checking,frozen,2023-02-06,
ACCT200866,CUST100517,checking,active,2024-11-02,
ACCT200867,CUST100518,checking,active,2023-06-07,
ACCT200868,CUST100518,checking,active,2024-06-10,
ACCT200869,CUST100518,savings,active,2024-05-22,
ACCT200870,CUST100519,savings,active,2024-01-20,
ACCT200871,CUST100520,checking,active,2024-01-14,
ACCT200872,CUST100520,checking,active,2023-04-19,
ACCT200873,CUST100521,savings,active,2024-01-05,
ACCT200874,CUST100521,checking,closed,2023-04-17,2023-12-08
ACCT200875,CUST100521,savings,active,2024-10-07,
ACCT200876,CUST100522,savings,active,2024-05-22,
ACCT200877,CUST100522,checking,active,2023-01-11,
ACCT200878,CUST100522,savings,active,2023-09-10,
ACCT200879,CUST100523,savings,active,2023-08-09,
ACCT200880,CUST100524,checking,active,2023-01-18,
ACCT200881,CUST100524,credit,active,2024-11-26,
ACCT200882,CUST100525,checking,active,2023-03-12,
ACCT200883,CUST100526,savings,active,2023-07-30,
ACCT200884,CUST100526,savings,active,2023-04-25,
ACCT200885,CUST100527,checking,active,2024-03-21,
ACCT200886,CUST100527,savings,frozen,2023-09-10,
ACCT200887,CUST100527,credit,active,2024-10-28,
ACCT200888,CUST100528,credit,active,2024-11-28,
ACCT200889,CUST100529,checking,active,2023-04-24,
ACCT200890,CUST100530,savings,closed,2024-02-18,2025-06-01
ACCT200891,CUST100531,checking,active,2024-11-01,
ACCT200892,CUST100532,checking,active,2023-02-10,
ACCT200893,CUST100533,checking,active,2023-11-10,
ACCT200894,CUST100534,checking,frozen,2023-08-09,
ACCT200895,CUST100535,checking,active,2023-06-04,
ACCT200896,CUST100535,savings,active,2024-02-16,
ACCT200897,CUST100535,savings,active,2024-10-08,
ACCT200898,CUST100536,checking,active,2024-03-31,
ACCT200899,CUST100536,savings,closed,2023-12-08,2024-02-04
ACCT200900,CUST100537,checking,active,2024-05-26,
ACCT200901,CUST100538,checking,active,2023-09-05,
ACCT200902,CUST100539,credit,active,2024-03-01,
ACCT200903,CUST100540,checking,active,2023-11-02,
ACCT200904,CUST100540,checking,active,2023-05-07,
ACCT200905,CUST100541,savings,active,2023-01-27,
ACCT200906,CUST100541,savings,active,2024-07-08,
ACCT200907,CUST100542,checking,active,2024-07-18,
ACCT200908,CUST100542,savings,active,2023-01-15,
ACCT200909,CUST100542,checking,closed,2023-12-21,2025-03-09
ACCT200910,CUST100543,checking,active,2023-02-11,
ACCT200911,CUST100544,checking,active,2024-01-07,
ACCT200912,CUST100544,savings,active,2023-09-13,
ACCT200913,CUST100545,savings,active,2024-01-17,
ACCT200914,CUST100546,checking,active,2023-09-17,
ACCT200915,CUST100547,checking,active,2024-04-07,
ACCT200916,CUST100547,credit,active,2024-03-09,
ACCT200917,CUST100548,checking,active,2023-06-15,
ACCT200918,CUST100549,checking,frozen,2023-05-05,
ACCT200919,CUST100550,savings,active,2023-10-10,
ACCT200920,CUST100550,savings,active,2023-05-23,
ACCT200921,CUST100551,checking,active,2023-02-09,
ACCT200922,CUST100552,checking,closed,2023-05-20,2023-07-01
ACCT200923,CUST100552,credit,active,2024-06-03,
ACCT200924,CUST100552,checking,active,2024-07-27,
ACCT200925,CUST100553,checking,active,2024-08-11,
ACCT200926,CUST100553,checking,active,2023-11-15,
ACCT200927,CUST100553,savings,active,2023-10-17,
ACCT200928,CUST100554,credit,active,2023-01-07,
ACCT200929,CUST100554,checking,active,2024-11-28,
ACCT200930,CUST100554,savings,active,2024-03-23,
ACCT200931,CUST100555,checking,active,2023-10-15,
ACCT200932,CUST100556,checking,active,2024-05-03,
ACCT200933,CUST100557,checking,active,2023-03-16,
ACCT200934,CUST100558,checking,active,2023-04-18,
ACCT200935,CUST100558,savings,active,2023-08-20,
ACCT200936,CUST100558,savings,active,2023-04-27,
ACCT200937,CUST100559,savings,active,2024-04-16,
ACCT200938,CUST100560,checking,active,2024-08-26,
ACCT200939,CUST100561,credit,active,2023-06-18,
ACCT200940,CUST100562,savings,active,2024-06-07,
ACCT200941,CUST100562,credit,active,2023-08-29,
ACCT200942,CUST100562,savings,active,2024-01-16,
ACCT200943,CUST100563,checking,active,2024-02-21,
ACCT200944,CUST100564,checking,active,2024-05-13,
ACCT200945,CUST100564,credit,active,2023-09-15,
ACCT200946,CUST100565,checking,active,2023-03-17,
ACCT200947,CUST100566,checking,active,2024-07-04,
ACCT200948,CUST100567,checking,active,2024-09-15,
ACCT200949,CUST100567,savings,active,2024-05-04,
ACCT200950,CUST100568,savings,active,2023-01-24,
ACCT200951,CUST100569,checking,active,2023-04-03,
ACCT200952,CUST100569,savings,active,2023-07-19,
ACCT200953,CUST100569,savings,active,2023-08-02,
ACCT200954,CUST100570,checking,active,2024-02-06,
ACCT200955,CUST100570,checking,active,2024-02-09,
ACCT200956,CUST100571,checking,active,2024-11-27,
ACCT200957,CUST100571,checking,active,2023-03-26,
ACCT200958,CUST100572,credit,closed,2023-08-23,2024-06-13
ACCT200959,CUST100573,checking,active,2023-01-08,
ACCT200960,CUST100573,checking,active,2024-09-06,
ACCT200961,CUST100574,savings,active,2024-11-20,
ACCT200962,CUST100575,checking,active,2024-04-26,
ACCT200963,CUST100576,credit,active,2023-01-09,
ACCT200964,CUST100576,checking,active,2024-01-26,
ACCT200965,CUST100577,checking,active,2023-08-23,
ACCT200966,CUST100578,checking,active,2023-04-25,
ACCT200967,CUST100579,checking,closed,2023-09-19,2024-09-12
ACCT200968,CUST100579,checking,active,2023-08-01,
ACCT200969,CUST100580,savings,frozen,2023-02-24,
ACCT200970,CUST100581,checking,active,2023-12-23,
ACCT200971,CUST100581,checking,active,2024-01-06,
ACCT200972,CUST100581,checking,active,2024-05-22,
ACCT200973,CUST100582,credit,active,2023-05-04,
ACCT200974,CUST100583,savings,active,2023-04-24,
ACCT200975,CUST100583,credit,active,2024-01-10,
ACCT200976,CUST100584,checking,closed,2024-10-21,2025-02-24
ACCT200977,CUST100585,savings,active,2023-12-16,
ACCT200978,CUST100586,checking,active,2024-03-19,
ACCT200979,CUST100586,savings,active,2023-01-17,
ACCT200980,CUST100587,savings,active,2023-11-28,
ACCT200981,CUST100588,checking,active,2024-11-11,
ACCT200982,CUST100588,checking,active,2023-07-10,
ACCT200983,CUST100589,credit,active,2024-11-03,
ACCT200984,CUST100590,savings,active,2023-06-24,
ACCT200985,CUST100591,checking,active,2024-01-25,
ACCT200986,CUST100591,credit,active,2023-04-01,
ACCT200987,CUST100592,checking,active,2024-04-04,
ACCT200988,CUST100592,checking,active,2023-05-02,
ACCT200989,CUST100593,checking,active,2023-04-15,
ACCT200990,CUST100593,checking,active,2023-11-12,
ACCT200991,CUST100594,savings,active,2024-11-13,
ACCT200992,CUST100594,credit,active,2023-12-08,
ACCT200993,CUST100595,checking,active,2024-08-25,
ACCT200994,CUST100596,credit,active,2023-04-02,
ACCT200995,CUST100597,checking,active,2024-01-15,
ACCT200996,CUST100598,checking,active,2023-07-23,
ACCT200997,CUST100599,credit,active,2023-01-08,
ACCT200998,CUST100600,savings,active,2023-07-04,
ACCT200999,CUST100600,checking,closed,2023-05-28,2023-12-23
ACCT201000,CUST100601,checking,active,2024-07-31,
ACCT201001,CUST100602,checking,active,2024-05-21,
ACCT201002,CUST100603,checking,active,2024-04-18,
ACCT201003,CUST100604,savings,active,2023-10-19,
ACCT201004,CUST100605,checking,active,2023-08-11,
ACCT201005,CUST100605,credit,active,2024-08-09,
ACCT201006,CUST100606,checking,active,2024-09-26,
ACCT201007,CUST100607,checking,active,2024-05-29,
ACCT201008,CUST100608,savings,active,2024-04-25,
ACCT201009,CUST100609,checking,active,2023-09-20,
ACCT201010,CUST100610,checking,active,2023-02-01,
ACCT201011,CUST100611,checking,closed,2023-05-07,2024-01-13
ACCT201012,CUST100612,savings,active,2024-11-28,
ACCT201013,CUST100613,checking,active,2024-03-16,
ACCT201014,CUST100613,savings,active,2023-01-28,
ACCT201015,CUST100614,checking,active,2023-12-25,
ACCT201016,CUST100615,savings,active,2023-07-14,
ACCT201017,CUST100615,checking,active,2024-01-29,
ACCT201018,CUST100616,savings,active,2024-08-02,
ACCT201019,CUST100616,savings,frozen,2024-05-10,
ACCT201020,CUST100617,checking,active,2024-09-22,
ACCT201021,CUST100618,checking,active,2024-06-17,
ACCT201022,CUST100618,checking,active,2024-05-11,
ACCT201023,CUST100619,checking,active,2023-10-08,
ACCT201024,CUST100620,checking,active,2024-07-19,
ACCT201025,CUST100621,credit,active,2023-01-27,
ACCT201026,CUST100621,checking,active,2023-03-11,
ACCT201027,CUST100621,credit,active,2024-09-13,
ACCT201028,CUST100622,checking,active,2024-08-09,
ACCT201029,CUST100623,savings,active,2023-07-30,
ACCT201030,CUST100624,savings,active,2023-07-27,
ACCT201031,CUST100624,savings,active,2023-09-05,
ACCT201032,CUST100624,credit,active,2024-03-22,
ACCT201033,CUST100625,checking,active,2024-04-14,
ACCT201034,CUST100625,credit,active,2023-07-19,
ACCT201035,CUST100625,savings,active,2023-12-16,
ACCT201036,CUST100626,savings,active,2023-11-23,
ACCT201037,CUST100627,checking,active,2024-06-01,
ACCT201038,CUST100627,checking,active,2023-09-06,
ACCT201039,CUST100627,checking,active,2024-08-31,
ACCT201040,CUST100628,checking,active,2024-03-13,
ACCT201041,CUST100629,checking,active,2024-02-05,
ACCT201042,CUST100629,checking,active,2024-09-22,
ACCT201043,CUST100630,checking,closed,2024-07-19,2025-07-19
ACCT201044,CUST100630,checking,active,2023-06-15,
ACCT201045,CUST100631,savings,active,2024-02-28,
ACCT201046,CUST100631,savings,active,2023-01-06,
ACCT201047,CUST100632,savings,closed,2023-11-27,2025-03-29
ACCT201048,CUST100632,checking,active,2024-11-10,
ACCT201049,CUST100633,savings,active,2024-08-09,
ACCT201050,CUST100634,savings,active,2023-06-11,
ACCT201051,CUST100634,savings,active,2023-11-27,
ACCT201052,CUST100635,savings,active,2024-01-06,
ACCT201053,CUST100636,checking,active,2023-02-23,
ACCT201054,CUST100637,checking,active,2023-02-08,
ACCT201055,CUST100638,checking,active,2023-06-21,
ACCT201056,CUST100638,savings,closed,2023-12-13,2024-10-26
ACCT201057,CUST100639,checking,active,2023-03-17,
ACCT201058,CUST100639,checking,active,2024-03-20,
ACCT201059,CUST100640,savings,active,2024-04-17,
ACCT201060,CUST100640,checking,active,2024-03-28,
ACCT201061,CUST100641,checking,active,2024-03-23,
ACCT201062,CUST100641,checking,active,2023-12-21,
ACCT201063,CUST100641,savings,active,2023-12-02,
ACCT201064,CUST100642,checking,active,2023-07-06,
ACCT201065,CUST100643,checking,active,2024-10-23,
ACCT201066,CUST100644,checking,active,2023-01-13,
ACCT201067,CUST100645,checking,active,2024-02-29,
ACCT201068,CUST100646,savings,active,2024-07-03,
ACCT201069,CUST100647,credit,active,2023-06-03,
ACCT201070,CUST100648,checking,active,2023-06-11,
ACCT201071,CUST100649,checking,active,2024-05-01,
ACCT201072,CUST100649,checking,active,2023-01-26,
ACCT201073,CUST100650,savings,active,2023-07-23,
ACCT201074,CUST100650,checking,active,2023-05-19,
ACCT201075,CUST100650,savings,active,2024-10-14,
ACCT201076,CUST100651,checking,active,2024-11-12,
ACCT201077,CUST100651,checking,active,2023-08-10,
ACCT201078,CUST100652,savings,active,2023-11-24,
ACCT201079,CUST100652,checking,active,2023-12-10,
ACCT201080,CUST100653,credit,frozen,2023-12-05,
ACCT201081,CUST100653,savings,active,2024-07-21,
ACCT201082,CUST100653,checking,active,2023-07-03,
ACCT201083,CUST100654,checking,active,2023-07-19,
ACCT201084,CUST100655,checking,active,2024-10-27,
ACCT201085,CUST100655,savings,frozen,2023-05-08,
ACCT201086,CUST100655,savings,active,2023-09-14,
ACCT201087,CUST100656,checking,active,2023-09-07,
ACCT201088,CUST100656,savings,active,2023-01-13,
ACCT201089,CUST100657,checking,active,2024-05-04,
ACCT201090,CUST100657,credit,active,2023-02-13,
ACCT201091,CUST100657,checking,active,2023-08-05,
ACCT201092,CUST100658,checking,active,2024-09-19,
ACCT201093,CUST100658,checking,active,2024-07-31,
ACCT201094,CUST100659,savings,active,2023-08-30,
ACCT201095,CUST100660,credit,active,2023-06-23,
ACCT201096,CUST100660,checking,active,2023-11-28,
ACCT201097,CUST100660,checking,active,2023-04-16,
ACCT201098,CUST100661,credit,closed,2024-01-25,2024-05-09
ACCT201099,CUST100662,checking,active,2024-06-22,
ACCT201100,CUST100663,checking,active,2023-06-09,
ACCT201101,CUST100664,checking,active,2024-07-20,
ACCT201102,CUST100665,savings,active,2023-12-26,
ACCT201103,CUST100665,savings,active,2023-12-27,
ACCT201104,CUST100665,checking,active,2023-02-08,
ACCT201105,CUST100666,checking,active,2023-07-03,
ACCT201106,CUST100667,savings,active,2023-04-01,
ACCT201107,CUST100667,checking,active,2024-11-11,
ACCT201108,CUST100668,savings,active,2023-02-16,
ACCT201109,CUST100669,credit,active,2023-11-15,
ACCT201110,CUST100670,savings,active,2024-08-04,
ACCT201111,CUST100670,credit,active,2023-10-30,
ACCT201112,CUST100670,checking,active,2024-07-24,
ACCT201113,CUST100671,checking,active,2023-05-17,
ACCT201114,CUST100671,credit,active,2023-01-06,
ACCT201115,CUST100672,savings,active,2024-06-28,
ACCT201116,CUST100672,checking,active,2024-05-25,
ACCT201117,CUST100672,checking,active,2023-02-14,
ACCT201118,CUST100673,savings,active,2023-11-05,
ACCT201119,CUST100673,checking,active,2023-02-20,
ACCT201120,CUST100674,savings,active,2024-02-16,
ACCT201121,CUST100674,checking,active,2024-11-14,
ACCT201122,CUST100675,savings,active,2023-08-19,
ACCT201123,CUST100676,checking,active,2023-11-08,
ACCT201124,CUST100677,checking,active,2024-03-02,
ACCT201125,CUST100678,checking,active,2023-04-03,
ACCT201126,CUST100678,checking,active,2023-03-22,
ACCT201127,CUST100679,checking,active,2023-05-06,
ACCT201128,CUST100679,savings,active,2023-03-25,
ACCT201129,CUST100680,checking,active,2023-12-06,
ACCT201130,CUST100681,savings,active,2024-01-29,
ACCT201131,CUST100681,checking,active,2024-01-07,
ACCT201132,CUST100682,savings,active,2024-03-10,
ACCT201133,CUST100683,savings,active,2023-03-19,
ACCT201134,CUST100683,checking,active,2023-08-26,
ACCT201135,CUST100683,credit,active,2024-04-13,
ACCT201136,CUST100684,savings,active,2024-08-26,
ACCT201137,CUST100684,savings,active,2023-11-01,
ACCT201138,CUST100685,checking,active,2023-09-28,
ACCT201139,CUST100685,checking,active,2024-01-30,
ACCT201140,CUST100686,savings,active,2023-02-22,
ACCT201141,CUST100686,checking,closed,2024-03-04,2024-08-26
ACCT201142,CUST100686,checking,active,2024-05-11,
ACCT201143,CUST100687,savings,active,2024-04-10,
ACCT201144,CUST100688,savings,active,2023-09-22,
ACCT201145,CUST100689,savings,active,2024-06-27,
ACCT201146,CUST100690,savings,active,2023-10-25,
ACCT201147,CUST100691,savings,active,2024-05-19,
ACCT201148,CUST100692,savings,active,2023-12-06,
ACCT201149,CUST100693,checking,active,2024-02-02,
ACCT201150,CUST100693,savings,closed,2023-06-24,2024-02-18
ACCT201151,CUST100694,checking,active,2023-07-31,
ACCT201152,CUST100694,checking,active,2023-10-05,
ACCT201153,CUST100695,checking,active,2024-06-04,
ACCT201154,CUST100695,credit,active,2024-05-15,
ACCT201155,CUST100696,credit,active,2024-05-31,
ACCT201156,CUST100697,checking,active,2023-09-16,
ACCT201157,CUST100697,credit,active,2024-01-27,
ACCT201158,CUST100697,checking,frozen,2023-02-27,
ACCT201159,CUST100698,checking,active,2024-02-21,
ACCT201160,CUST100698,credit,active,2024-04-07,
ACCT201161,CUST100699,checking,frozen,2023-09-30,
ACCT201162,CUST100699,savings,active,2023-03-26,
ACCT201163,CUST100700,checking,active,2023-07-05,
ACCT201164,CUST100701,savings,active,2023-08-07,
ACCT201165,CUST100701,savings,frozen,2024-01-04,
ACCT201166,CUST100702,checking,active,2023-03-01,
ACCT201167,CUST100702,checking,active,2023-02-24,
ACCT201168,CUST100703,checking,active,2024-06-25,
ACCT201169,CUST100703,savings,frozen,2024-07-17,
ACCT201170,CUST100704,checking,active,2023-06-19,
ACCT201171,CUST100705,checking,active,2023-10-22,
ACCT201172,CUST100705,savings,active,2023-04-05,
ACCT201173,CUST100705,checking,active,2023-12-12,
ACCT201174,CUST100706,checking,active,2023-03-07,
ACCT201175,CUST100707,checking,active,2023-02-06,
ACCT201176,CUST100708,savings,active,2023-02-05,
ACCT201177,CUST100708,savings,active,2023-06-12,
ACCT201178,CUST100708,credit,active,2024-09-12,
ACCT201179,CUST100709,checking,active,2023-06-10,
ACCT201180,CUST100710,checking,active,2023-05-21,
ACCT201181,CUST100710,savings,closed,2024-04-23,2025-08-11
ACCT201182,CUST100710,checking,active,2023-03-14,
ACCT201183,CUST100711,checking,closed,2024-06-01,2025-05-15
ACCT201184,CUST100712,savings,active,2023-10-09,
ACCT201185,CUST100712,credit,active,2024-02-22,
ACCT201186,CUST100712,savings,closed,2024-07-04,2025-08-15
ACCT201187,CUST100713,savings,active,2023-11-24,
ACCT201188,CUST100713,savings,active,2023-09-16,
ACCT201189,CUST100714,checking,active,2024-04-05,
ACCT201190,CUST100715,checking,active,2024-07-06,
ACCT201191,CUST100716,credit,active,2023-03-13,
ACCT201192,CUST100717,credit,active,2024-04-06,
ACCT201193,CUST100718,checking,active,2023-06-30,
ACCT201194,CUST100718,checking,active,2023-05-28,
ACCT201195,CUST100719,credit,active,2024-03-05,
ACCT201196,CUST100719,checking,active,2024-01-24,
ACCT201197,CUST100719,savings,active,2024-07-11,
ACCT201198,CUST100720,savings,active,2024-01-11,
ACCT201199,CUST100720,credit,active,2024-06-25,
ACCT201200,CUST100720,checking,active,2024-09-30,
ACCT201201,CUST100721,savings,active,2023-02-18,
ACCT201202,CUST100722,savings,active,2023-08-25,
ACCT201203,CUST100723,checking,active,2023-10-07,
ACCT201204,CUST100723,savings,active,2024-09-19,
ACCT201205,CUST100723,savings,active,2024-02-01,
ACCT201206,CUST100724,savings,frozen,2023-09-02,
ACCT201207,CUST100724,credit,active,2024-07-12,
ACCT201208,CUST100724,savings,active,2024-06-03,
ACCT201209,CUST100725,credit,active,2024-06-22,
ACCT201210,CUST100725,savings,active,2024-04-14,
ACCT201211,CUST100726,savings,active,2024-02-09,
ACCT201212,CUST100727,checking,active,2023-10-29,
ACCT201213,CUST100727,savings,active,2023-09-04,
ACCT201214,CUST100728,credit,active,2023-12-12,
ACCT201215,CUST100729,checking,active,2023-11-02,
ACCT201216,CUST100729,credit,active,2023-11-15,
ACCT201217,CUST100729,checking,active,2024-09-29,
ACCT201218,CUST100730,checking,active,2024-03-03,
ACCT201219,CUST100731,credit,active,2023-09-22,
ACCT201220,CUST100732,checking,active,2023-10-21,
ACCT201221,CUST100733,savings,active,2023-03-24,
ACCT201222,CUST100734,credit,active,2023-06-11,
ACCT201223,CUST100735,credit,active,2023-10-10,
ACCT201224,CUST100736,checking,active,2023-03-24,
ACCT201225,CUST100736,checking,active,2024-04-20,
ACCT201226,CUST100736,checking,active,2024-06-11,
ACCT201227,CUST100737,savings,active,2023-12-18,
ACCT201228,CUST100737,savings,active,2024-02-18,
ACCT201229,CUST100737,checking,active,2023-12-02,
ACCT201230,CUST100738,checking,active,2023-01-31,
ACCT201231,CUST100738,checking,active,2024-09-13,
ACCT201232,CUST100739,savings,active,2024-04-12,
ACCT201233,CUST100740,checking,active,2024-05-30,
ACCT201234,CUST100741,checking,active,2023-12-30,
ACCT201235,CUST100741,checking,active,2024-11-07,
ACCT201236,CUST100742,checking,active,2024-04-13,
ACCT201237,CUST100742,checking,active,2023-01-04,
ACCT201238,CUST100743,checking,active,2023-06-05,
ACCT201239,CUST100744,credit,active,2024-04-30,
ACCT201240,CUST100744,checking,active,2024-08-26,
ACCT201241,CUST100745,checking,active,2024-05-21,
ACCT201242,CUST100745,checking,active,2023-04-10,
ACCT201243,CUST100746,checking,active,2023-08-28,
ACCT201244,CUST100747,credit,active,2023-06-11,
ACCT201245,CUST100748,checking,active,2023-05-09,
ACCT201246,CUST100749,savings,closed,2024-05-18,2024-07-03
ACCT201247,CUST100749,savings,frozen,2024-09-10,
ACCT201248,CUST100750,credit,active,2024-09-17,
ACCT201249,CUST100750,savings,active,2024-02-11,
ACCT201250,CUST100751,checking,active,2023-12-05,
ACCT201251,CUST100752,credit,active,2024-03-09,
ACCT201252,CUST100753,checking,active,2024-06-29,
ACCT201253,CUST100754,checking,active,2024-04-07,
ACCT201254,CUST100754,checking,active,2024-09-12,
ACCT201255,CUST100755,checking,active,2024-05-29,
ACCT201256,CUST100756,savings,active,2024-11-11,
ACCT201257,CUST100756,checking,frozen,2023-03-31,
ACCT201258,CUST100757,credit,active,2024-10-31,
ACCT201259,CUST100758,savings,frozen,2023-09-21,
ACCT201260,CUST100759,checking,active,2023-03-14,
ACCT201261,CUST100760,checking,active,2023-07-25,
ACCT201262,CUST100760,savings,active,2024-01-16,
ACCT201263,CUST100761,savings,active,2024-06-02,
ACCT201264,CUST100761,checking,active,2024-02-11,
ACCT201265,CUST100762,checking,active,2023-12-17,
ACCT201266,CUST100763,checking,active,2023-03-04,
ACCT201267,CUST100764,checking,active,2024-06-30,
ACCT201268,CUST100765,checking,active,2024-05-16,
ACCT201269,CUST100766,checking,active,2024-01-28,
ACCT201270,CUST100767,checking,active,2023-10-06,
ACCT201271,CUST100767,credit,active,2023-05-10,
ACCT201272,CUST100768,checking,active,2024-01-01,
ACCT201273,CUST100769,savings,active,2023-03-30,
ACCT201274,CUST100770,checking,active,2023-09-03,
ACCT201275,CUST100770,checking,active,2024-11-03,
ACCT201276,CUST100770,checking,active,2024-04-09,
ACCT201277,CUST100771,credit,active,2024-01-22,
ACCT201278,CUST100771,checking,active,2023-11-08,
ACCT201279,CUST100772,savings,active,2024-11-22,
ACCT201280,CUST100772,checking,active,2023-05-09,
ACCT201281,CUST100773,checking,active,2023-06-09,
ACCT201282,CUST100773,checking,active,2023-01-04,
ACCT201283,CUST100774,checking,active,2023-01-10,
ACCT201284,CUST100775,checking,frozen,2023-03-10,
ACCT201285,CUST100776,savings,active,2024-04-29,
ACCT201286,CUST100776,checking,closed,2023-04-27,2023-07-15
ACCT201287,CUST100776,checking,active,2023-12-24,
ACCT201288,CUST100777,checking,active,2023-12-22,
ACCT201289,CUST100778,savings,active,2023-04-17,
ACCT201290,CUST100779,checking,frozen,2023-02-10,
ACCT201291,CUST100780,checking,active,2024-08-12,
ACCT201292,CUST100781,savings,active,2023-12-30,
ACCT201293,CUST100782,savings,active,2024-04-20,
ACCT201294,CUST100783,savings,active,2024-10-08,
ACCT201295,CUST100783,checking,frozen,2023-07-10,
ACCT201296,CUST100784,checking,active,2024-11-03,
ACCT201297,CUST100784,savings,active,2023-12-14,
ACCT201298,CUST100784,checking,active,2023-05-15,
ACCT201299,CUST100785,checking,active,2023-11-13,
ACCT201300,CUST100785,savings,active,2023-07-24,
ACCT201301,CUST100786,savings,active,2023-07-13,
ACCT201302,CUST100786,savings,active,2024-05-16,
ACCT201303,CUST100787,savings,active,2024-10-14,
ACCT201304,CUST100788,checking,active,2023-10-19,
ACCT201305,CUST100789,savings,active,2023-03-10,
ACCT201306,CUST100789,checking,active,2024-10-24,
ACCT201307,CUST100790,checking,active,2024-01-14,
ACCT201308,CUST100790,savings,active,2024-03-31,
ACCT201309,CUST100791,credit,closed,2024-02-26,2024-05-28
ACCT201310,CUST100792,checking,active,2024-04-12,
ACCT201311,CUST100792,savings,active,2024-01-13,
ACCT201312,CUST100793,checking,active,2024-05-28,
ACCT201313,CUST100794,checking,active,2023-02-05,
ACCT201314,CUST100794,savings,active,2024-03-18,
ACCT201315,CUST100795,checking,active,2024-11-03,
ACCT201316,CUST100795,credit,active,2024-04-15,
ACCT201317,CUST100796,checking,active,2023-01-04,
ACCT201318,CUST100796,checking,active,2024-06-20,
ACCT201319,CUST100797,checking,closed,2023-09-08,2023-10-13
ACCT201320,CUST100798,checking,active,2023-02-27,
ACCT201321,CUST100799,savings,active,2023-11-25,
ACCT201322,CUST100799,checking,active,2024-03-12,
ACCT201323,CUST100800,checking,active,2023-01-08,
ACCT201324,CUST100800,checking,active,2024-05-30,
ACCT201325,CUST100800,checking,active,2024-11-17,
ACCT201326,CUST100801,checking,active,2023-01-12,
ACCT201327,CUST100802,credit,active,2023-06-08,
ACCT201328,CUST100802,credit,active,2023-07-31,
ACCT201329,CUST100803,savings,active,2023-04-29,
ACCT201330,CUST100803,credit,active,2023-03-28,
ACCT201331,CUST100803,savings,frozen,2023-03-08,
ACCT201332,CUST100804,credit,active,2023-10-11,
ACCT201333,CUST100805,savings,active,2024-01-03,
ACCT201334,CUST100805,checking,active,2024-02-26,
ACCT201335,CUST100806,checking,active,2023-09-08,
ACCT201336,CUST100807,checking,active,2023-04-25,
ACCT201337,CUST100807,checking,active,2024-07-05,
ACCT201338,CUST100808,savings,active,2024-05-02,
ACCT201339,CUST100809,checking,active,2024-10-18,
ACCT201340,CUST100809,credit,active,2024-05-07,
ACCT201341,CUST100810,checking,active,2023-03-22,
ACCT201342,CUST100810,checking,active,2023-11-06,
ACCT201343,CUST100811,savings,active,2023-06-05,
ACCT201344,CUST100812,savings,frozen,2024-08-05,
ACCT201345,CUST100812,checking,active,2023-01-24,
ACCT201346,CUST100812,savings,active,2024-04-10,
ACCT201347,CUST100813,credit,active,2024-03-01,
ACCT201348,CUST100813,checking,active,2024-06-27,
ACCT201349,CUST100813,credit,active,2024-06-22,
ACCT201350,CUST100814,checking,active,2024-04-14,
ACCT201351,CUST100815,checking,active,2024-09-24,
ACCT201352,CUST100815,checking,active,2023-07-03,
ACCT201353,CUST100816,checking,active,2024-04-05,
ACCT201354,CUST100817,credit,active,2023-02-25,
ACCT201355,CUST100817,checking,active,2024-09-12,
ACCT201356,CUST100818,checking,active,2023-07-20,
ACCT201357,CUST100819,checking,active,2024-10-21,
ACCT201358,CUST100820,checking,active,2024-11-15,
ACCT201359,CUST100820,checking,active,2024-05-30,
ACCT201360,CUST100821,credit,active,2023-12-24,
ACCT201361,CUST100821,checking,active,2023-05-16,
ACCT201362,CUST100821,savings,active,2024-03-02,
ACCT201363,CUST100822,checking,active,2024-06-08,
ACCT201364,CUST100822,checking,active,2024-01-05,
ACCT201365,CUST100823,checking,active,2023-10-04,
ACCT201366,CUST100823,checking,active,2024-11-26,
ACCT201367,CUST100824,savings,active,2024-03-20,
ACCT201368,CUST100824,checking,active,2024-09-14,
ACCT201369,CUST100825,checking,active,2023-12-21,
ACCT201370,CUST100825,checking,active,2023-05-31,
ACCT201371,CUST100826,credit,active,2024-08-27,
ACCT201372,CUST100827,checking,active,2024-11-04,
ACCT201373,CUST100828,savings,active,2023-05-08,
ACCT201374,CUST100829,savings,active,2023-05-20,
ACCT201375,CUST100829,savings,active,2024-11-29,
ACCT201376,CUST100830,checking,active,2023-09-30,
ACCT201377,CUST100831,checking,active,2024-06-30,
ACCT201378,CUST100832,checking,active,2024-04-01,
ACCT201379,CUST100833,savings,active,2023-04-28,
ACCT201380,CUST100834,savings,active,2024-02-09,
ACCT201381,CUST100835,checking,active,2024-11-30,
ACCT201382,CUST100836,checking,active,2024-04-29,
ACCT201383,CUST100836,savings,active,2024-09-20,
ACCT201384,CUST100836,checking,active,2024-09-27,
ACCT201385,CUST100837,credit,active,2023-10-09,
ACCT201386,CUST100838,checking,active,2023-07-23,
ACCT201387,CUST100839,checking,active,2024-05-22,
ACCT201388,CUST100839,savings,active,2024-03-11,
ACCT201389,CUST100839,checking,active,2023-05-30,
ACCT201390,CUST100840,checking,active,2024-02-11,
ACCT201391,CUST100841,savings,active,2024-04-12,
ACCT201392,CUST100841,checking,active,2023-01-09,
ACCT201393,CUST100842,checking,active,2024-09-11,
ACCT201394,CUST100843,checking,active,2023-01-02,
ACCT201395,CUST100843,savings,closed,2023-10-27,2024-09-21
ACCT201396,CUST100843,checking,active,2023-02-27,
ACCT201397,CUST100844,savings,active,2024-06-25,
ACCT201398,CUST100844,savings,active,2023-08-29,
ACCT201399,CUST100845,savings,active,2023-12-09,
ACCT201400,CUST100846,savings,active,2023-08-11,
ACCT201401,CUST100846,checking,active,2024-04-16,
ACCT201402,CUST100847,credit,active,2023-03-17,
ACCT201403,CUST100848,checking,frozen,2024-11-29,
ACCT201404,CUST100848,savings,active,2023-02-03,
ACCT201405,CUST100849,checking,active,2023-08-16,
ACCT201406,CUST100849,checking,active,2024-03-14,
ACCT201407,CUST100850,checking,active,2023-03-04,
ACCT201408,CUST100850,checking,active,2024-09-17,
ACCT201409,CUST100851,credit,active,2024-10-08,
ACCT201410,CUST100851,checking,active,2024-01-01,
ACCT201411,CUST100851,checking,frozen,2023-12-04,
ACCT201412,CUST100852,checking,active,2024-05-18,
ACCT201413,CUST100853,checking,active,2024-09-16,
ACCT201414,CUST100854,credit,active,2023-01-12,
ACCT201415,CUST100854,savings,active,2024-08-09,
ACCT201416,CUST100854,checking,closed,2024-08-27,2025-01-05
ACCT201417,CUST100855,checking,active,2024-03-08,
ACCT201418,CUST100855,checking,frozen,2023-12-24,
ACCT201419,CUST100856,savings,active,2023-11-01,
ACCT201420,CUST100856,checking,active,2024-02-19,
ACCT201421,CUST100857,checking,active,2023-06-30,
ACCT201422,CUST100857,checking,active,2023-12-07,
ACCT201423,CUST100858,credit,active,2023-12-24,
ACCT201424,CUST100859,checking,active,2023-03-12,
ACCT201425,CUST100860,checking,active,2023-01-01,
ACCT201426,CUST100860,credit,active,2024-02-29,
ACCT201427,CUST100861,savings,active,2024-03-14,
ACCT201428,CUST100861,savings,active,2024-04-12,
ACCT201429,CUST100862,checking,active,2024-11-25,
ACCT201430,CUST100862,savings,active,2023-09-02,
ACCT201431,CUST100863,checking,active,2023-11-28,
ACCT201432,CUST100863,credit,active,2024-03-20,
ACCT201433,CUST100864,checking,active,2024-03-26,
ACCT201434,CUST100864,checking,active,2023-11-15,
ACCT201435,CUST100865,checking,active,2023-12-21,
ACCT201436,CUST100866,credit,active,2023-11-03,
ACCT201437,CUST100867,checking,active,2023-05-17,
ACCT201438,CUST100867,checking,active,2024-06-20,
ACCT201439,CUST100868,checking,active,2024-10-24,
ACCT201440,CUST100869,savings,active,2024-05-19,
ACCT201441,CUST100870,checking,frozen,2024-11-29,
ACCT201442,CUST100871,credit,active,2023-06-18,
ACCT201443,CUST100872,checking,active,2023-10-30,
ACCT201444,CUST100873,credit,active,2023-05-06,
ACCT201445,CUST100874,credit,active,2024-04-12,
ACCT201446,CUST100875,checking,active,2023-09-11,
ACCT201447,CUST100876,checking,active,2024-09-15,
ACCT201448,CUST100877,checking,active,2023-02-22,
ACCT201449,CUST100878,credit,active,2023-06-25,
ACCT201450,CUST100879,checking,active,2023-02-06,
ACCT201451,CUST100880,checking,active,2024-11-20,
ACCT201452,CUST100880,checking,active,2023-07-13,
ACCT201453,CUST100881,checking,active,2024-01-29,
ACCT201454,CUST100881,savings,active,2023-08-30,
ACCT201455,CUST100881,checking,active,2024-07-24,
ACCT201456,CUST100882,savings,frozen,2024-08-30,
ACCT201457,CUST100882,credit,active,2023-08-10,
ACCT201458,CUST100883,checking,active,2023-02-07,
ACCT201459,CUST100883,checking,active,2024-02-18,
ACCT201460,CUST100884,savings,active,2023-04-09,
ACCT201461,CUST100884,checking,active,2023-12-07,
ACCT201462,CUST100884,savings,active,2023-12-23,
ACCT201463,CUST100885,checking,active,2024-04-11,
ACCT201464,CUST100886,checking,active,2024-11-06,
ACCT201465,CUST100886,savings,active,2024-11-10,
ACCT201466,CUST100887,checking,active,2024-11-27,
ACCT201467,CUST100888,savings,active,2024-08-23,
ACCT201468,CUST100889,checking,active,2024-09-12,
ACCT201469,CUST100890,checking,active,2023-07-02,
ACCT201470,CUST100891,checking,active,2023-10-02,
ACCT201471,CUST100892,checking,active,2024-09-14,
ACCT201472,CUST100893,savings,active,2023-10-19,
ACCT201473,CUST100893,checking,active,2024-07-06,
ACCT201474,CUST100894,savings,active,2023-11-15,
ACCT201475,CUST100895,checking,active,2024-02-16,
ACCT201476,CUST100895,credit,active,2023-08-28,
ACCT201477,CUST100896,savings,active,2024-08-31,
ACCT201478,CUST100897,checking,active,2023-02-28,
ACCT201479,CUST100898,checking,active,2023-10-19,
ACCT201480,CUST100899,savings,active,2024-06-09,
ACCT201481,CUST100900,checking,active,2023-03-15,
ACCT201482,CUST100901,checking,active,2023-10-14,
ACCT201483,CUST100902,savings,active,2024-03-22,
ACCT201484,CUST100903,credit,closed,2023-03-14,2023-04-20
ACCT201485,CUST100904,checking,active,2024-03-15,
ACCT201486,CUST100904,credit,active,2024-03-15,
ACCT201487,CUST100905,checking,active,2023-07-13,
ACCT201488,CUST100905,checking,active,2023-10-12,
ACCT201489,CUST100906,checking,active,2023-11-04,
ACCT201490,CUST100907,savings,closed,2024-11-23,2025-06-24
ACCT201491,CUST100907,checking,active,2023-07-13,
ACCT201492,CUST100908,checking,active,2023-03-23,
ACCT201493,CUST100909,checking,active,2024-01-31,
ACCT201494,CUST100910,savings,active,2024-01-11,
ACCT201495,CUST100910,savings,active,2023-01-26,
ACCT201496,CUST100911,checking,active,2023-10-16,
ACCT201497,CUST100911,checking,active,2023-04-25,
ACCT201498,CUST100912,savings,active,2023-02-19,
ACCT201499,CUST100912,savings,frozen,2023-02-12,
ACCT201500,CUST100912,checking,active,2024-05-20,
ACCT201501,CUST100913,checking,active,2024-05-05,
ACCT201502,CUST100913,credit,active,2024-10-10,
ACCT201503,CUST100914,credit,active,2023-03-19,
ACCT201504,CUST100915,savings,active,2024-06-19,
ACCT201505,CUST100916,savings,active,2023-11-27,
ACCT201506,CUST100917,savings,closed,2024-01-05,2024-05-16
ACCT201507,CUST100918,checking,active,2023-02-06,
ACCT201508,CUST100918,checking,active,2024-03-04,
ACCT201509,CUST100919,checking,active,2023-11-25,
ACCT201510,CUST100919,checking,active,2023-02-06,
ACCT201511,CUST100920,checking,active,2023-04-11,
ACCT201512,CUST100921,savings,active,2023-11-03,
ACCT201513,CUST100921,credit,active,2024-01-07,
ACCT201514,CUST100921,savings,active,2023-04-12,
ACCT201515,CUST100922,checking,active,2023-05-22,
ACCT201516,CUST100922,checking,active,2024-09-20,
ACCT201517,CUST100922,credit,frozen,2024-03-16,
ACCT201518,CUST100923,checking,active,2024-03-12,
ACCT201519,CUST100924,checking,active,2023-11-14,
ACCT201520,CUST100924,savings,active,2024-03-20,
ACCT201521,CUST100925,savings,active,2023-09-03,
ACCT201522,CUST100926,checking,active,2024-03-09,
ACCT201523,CUST100927,checking,active,2024-08-24,
ACCT201524,CUST100928,checking,active,2023-12-19,
ACCT201525,CUST100928,savings,active,2023-06-06,
ACCT201526,CUST100929,checking,active,2023-04-12,
ACCT201527,CUST100930,checking,active,2023-03-07,
ACCT201528,CUST100930,credit,active,2024-02-10,
ACCT201529,CUST100931,credit,active,2024-07-14,
ACCT201530,CUST100932,checking,active,2024-06-27,
ACCT201531,CUST100933,checking,active,2024-03-09,
ACCT201532,CUST100933,checking,active,2023-08-03,
ACCT201533,CUST100933,credit,active,2024-01-07,
ACCT201534,CUST100934,checking,active,2023-12-18,
ACCT201535,CUST100935,checking,active,2023-06-14,
ACCT201536,CUST100936,credit,active,2023-07-31,
ACCT201537,CUST100937,savings,active,2024-06-29,
ACCT201538,CUST100938,checking,active,2023-06-25,
ACCT201539,CUST100939,checking,active,2024-02-14,
ACCT201540,CUST100940,checking,active,2023-01-03,
ACCT201541,CUST100941,savings,active,2023-06-06,
ACCT201542,CUST100941,checking,active,2024-05-05,
ACCT201543,CUST100942,savings,active,2024-10-16,
ACCT201544,CUST100943,credit,active,2024-10-17,
ACCT201545,CUST100943,credit,closed,2024-10-26,2026-01-14
ACCT201546,CUST100944,checking,active,2024-03-22,
ACCT201547,CUST100945,checking,active,2024-09-19,
ACCT201548,CUST100946,checking,active,2024-03-31,
ACCT201549,CUST100947,savings,active,2023-02-21,
ACCT201550,CUST100947,checking,active,2023-12-19,
ACCT201551,CUST100947,savings,active,2023-11-19,
ACCT201552,CUST100948,savings,active,2023-10-30,
ACCT201553,CUST100949,checking,active,2023-11-07,
ACCT201554,CUST100950,credit,active,2024-08-08,
ACCT201555,CUST100951,checking,active,2023-03-06,
ACCT201556,CUST100951,checking,active,2024-07-19,
ACCT201557,CUST100952,checking,active,2023-07-14,
ACCT201558,CUST100953,checking,closed,2023-06-23,2024-04-25
ACCT201559,CUST100954,savings,active,2024-02-22,
ACCT201560,CUST100954,credit,active,2024-11-04,
ACCT201561,CUST100955,savings,active,2024-03-28,
ACCT201562,CUST100955,credit,closed,2024-08-13,2024-12-22
ACCT201563,CUST100956,savings,active,2024-06-27,
ACCT201564,CUST100957,checking,active,2024-03-26,
ACCT201565,CUST100958,checking,active,2023-10-12,
ACCT201566,CUST100959,checking,active,2024-09-12,
ACCT201567,CUST100959,checking,active,2024-10-09,
ACCT201568,CUST100960,savings,active,2023-05-25,
ACCT201569,CUST100961,checking,active,2024-11-12,
ACCT201570,CUST100962,savings,active,2023-10-08,
ACCT201571,CUST100963,savings,active,2024-05-18,
ACCT201572,CUST100964,checking,active,2023-04-25,
ACCT201573,CUST100965,checking,active,2023-05-23,
ACCT201574,CUST100966,checking,active,2024-08-21,
ACCT201575,CUST100966,savings,active,2023-11-09,
ACCT201576,CUST100967,checking,active,2024-08-16,
ACCT201577,CUST100968,credit,active,2024-10-13,
ACCT201578,CUST100969,checking,active,2023-10-14,
ACCT201579,CUST100969,savings,active,2023-05-03,
ACCT201580,CUST100970,checking,active,2024-10-20,
ACCT201581,CUST100971,credit,active,2024-10-25,
ACCT201582,CUST100971,checking,active,2024-03-16,
ACCT201583,CUST100972,checking,active,2024-11-21,
ACCT201584,CUST100973,savings,active,2023-04-22,
ACCT201585,CUST100973,checking,active,2023-10-10,
ACCT201586,CUST100974,savings,active,2023-12-19,
ACCT201587,CUST100974,savings,active,2024-06-30,
ACCT201588,CUST100974,checking,active,2024-10-31,
ACCT201589,CUST100975,checking,active,2023-01-05,
ACCT201590,CUST100975,credit,active,2023-05-23,
ACCT201591,CUST100975,savings,active,2024-10-05,
ACCT201592,CUST100976,savings,active,2023-05-17,
ACCT201593,CUST100977,credit,active,2024-03-01,
ACCT201594,CUST100978,credit,active,2024-05-20,
ACCT201595,CUST100978,checking,active,2024-08-02,
ACCT201596,CUST100979,credit,active,2023-07-17,
ACCT201597,CUST100979,savings,active,2024-04-28,
ACCT201598,CUST100980,savings,active,2023-01-07,
ACCT201599,CUST100981,checking,active,2024-05-14,
ACCT201600,CUST100982,checking,active,2024-09-18,
ACCT201601,CUST100983,savings,active,2023-03-21,
ACCT201602,CUST100984,credit,active,2023-07-07,
ACCT201603,CUST100984,checking,active,2024-04-02,
ACCT201604,CUST100985,checking,active,2024-01-26,
ACCT201605,CUST100986,checking,active,2023-12-26,
ACCT201606,CUST100986,checking,active,2024-10-08,
ACCT201607,CUST100986,savings,active,2024-07-31,
ACCT201608,CUST100987,checking,active,2023-06-13,
ACCT201609,CUST100988,savings,active,2023-01-12,
ACCT201610,CUST100989,savings,active,2023-07-27,
ACCT201611,CUST100990,savings,active,2023-06-09,
ACCT201612,CUST100991,checking,active,2024-04-29,
ACCT201613,CUST100992,checking,active,2023-05-30,
ACCT201614,CUST100992,checking,active,2024-08-02,
ACCT201615,CUST100993,savings,active,2023-10-10,
ACCT201616,CUST100994,savings,active,2023-12-26,
ACCT201617,CUST100995,checking,active,2024-04-30,
ACCT201618,CUST100996,credit,active,2023-01-18,
ACCT201619,CUST100997,credit,active,2024-02-11,
ACCT201620,CUST100997,savings,active,2023-03-11,
ACCT201621,CUST100998,checking,active,2024-05-28,
ACCT201622,CUST100998,checking,active,2024-05-15,
ACCT201623,CUST100998,checking,active,2024-05-01,
ACCT201624,CUST100999,credit,active,2024-08-18,
ACCT201625,CUST101000,credit,active,2023-03-04,
ACCT201626,CUST101001,checking,active,2024-07-12,
ACCT201627,CUST101002,savings,active,2024-09-10,
ACCT201628,CUST101003,savings,active,2023-11-17,
ACCT201629,CUST101004,savings,active,2023-06-24,
ACCT201630,CUST101005,checking,active,2023-01-20,
ACCT201631,CUST101006,savings,active,2024-03-23,
ACCT201632,CUST101007,savings,active,2024-02-13,
ACCT201633,CUST101008,savings,active,2024-06-11,
ACCT201634,CUST101009,savings,active,2023-04-14,
ACCT201635,CUST101010,savings,active,2023-07-05,
ACCT201636,CUST101010,checking,active,2024-10-14,
ACCT201637,CUST101011,credit,active,2024-01-09,
ACCT201638,CUST101011,savings,closed,2024-10-26,2026-01-06
ACCT201639,CUST101011,checking,active,2023-07-05,
ACCT201640,CUST101012,checking,active,2023-08-29,
ACCT201641,CUST101013,savings,active,2023-05-15,
ACCT201642,CUST101013,checking,active,2023-09-09,
ACCT201643,CUST101014,checking,active,2024-06-04,
ACCT201644,CUST101015,credit,active,2024-03-26,
ACCT201645,CUST101016,checking,active,2023-07-21,
ACCT201646,CUST101016,checking,active,2023-11-28,
ACCT201647,CUST101017,savings,active,2024-01-10,
ACCT201648,CUST101018,checking,active,2024-11-07,
ACCT201649,CUST101019,savings,active,2024-10-14,
ACCT201650,CUST101020,checking,active,2023-05-14,
ACCT201651,CUST101020,checking,active,2023-04-23,
ACCT201652,CUST101020,checking,active,2024-01-10,
ACCT201653,CUST101021,checking,active,2024-09-23,
ACCT201654,CUST101021,checking,active,2024-01-14,
ACCT201655,CUST101022,checking,active,2024-03-31,
ACCT201656,CUST101022,savings,active,2023-01-31,
ACCT201657,CUST101023,savings,active,2023-08-14,
ACCT201658,CUST101024,savings,active,2024-08-21,
ACCT201659,CUST101025,checking,active,2024-02-18,
ACCT201660,CUST101025,savings,active,2024-01-31,
ACCT201661,CUST101026,savings,active,2024-10-30,
ACCT201662,CUST101026,checking,active,2023-05-24,
ACCT201663,CUST101027,checking,active,2023-07-20,
ACCT201664,CUST101027,savings,active,2024-11-06,
ACCT201665,CUST101027,checking,active,2024-01-25,
ACCT201666,CUST101028,checking,active,2024-11-10,
ACCT201667,CUST101028,savings,active,2023-02-23,
ACCT201668,CUST101029,checking,active,2023-08-31,
ACCT201669,CUST101029,checking,active,2023-08-15,
ACCT201670,CUST101029,savings,active,2023-02-24,
ACCT201671,CUST101030,checking,active,2024-08-03,
ACCT201672,CUST101031,checking,active,2024-01-17,
ACCT201673,CUST101032,checking,active,2023-06-17,
ACCT201674,CUST101033,checking,active,2024-09-27,
ACCT201675,CUST101033,checking,active,2024-03-05,
ACCT201676,CUST101034,checking,frozen,2024-05-04,
ACCT201677,CUST101035,savings,closed,2023-09-16,2024-11-25
ACCT201678,CUST101035,checking,active,2023-02-18,
ACCT201679,CUST101036,checking,active,2023-06-30,
ACCT201680,CUST101037,credit,closed,2024-06-08,2024-10-04
ACCT201681,CUST101037,checking,active,2024-03-15,
ACCT201682,CUST101038,savings,active,2023-10-24,
ACCT201683,CUST101039,checking,active,2023-09-23,
ACCT201684,CUST101039,savings,active,2023-08-05,
ACCT201685,CUST101040,checking,active,2023-12-04,
ACCT201686,CUST101040,checking,active,2024-10-29,
ACCT201687,CUST101041,checking,active,2024-02-28,
ACCT201688,CUST101042,checking,active,2023-04-21,
ACCT201689,CUST101043,checking,frozen,2024-09-15,
ACCT201690,CUST101044,checking,closed,2024-09-14,2025-03-27
ACCT201691,CUST101045,checking,active,2024-04-01,
ACCT201692,CUST101046,checking,active,2023-01-04,
ACCT201693,CUST101046,checking,active,2023-07-30,
ACCT201694,CUST101047,savings,active,2023-03-17,
ACCT201695,CUST101047,checking,active,2023-02-13,
ACCT201696,CUST101048,checking,active,2023-04-15,
ACCT201697,CUST101049,checking,active,2023-02-18,
ACCT201698,CUST101049,savings,active,2024-01-22,
ACCT201699,CUST101050,savings,frozen,2024-06-01,
ACCT201700,CUST101051,checking,active,2024-08-02,
ACCT201701,CUST101051,checking,active,2024-05-08,
ACCT201702,CUST101052,credit,active,2024-08-29,
ACCT201703,CUST101052,checking,active,2024-06-10,
ACCT201704,CUST101053,checking,active,2024-03-13,
ACCT201705,CUST101054,savings,active,2024-09-28,
ACCT201706,CUST101055,checking,active,2023-12-11,
ACCT201707,CUST101056,checking,active,2024-06-13,
ACCT201708,CUST101057,savings,active,2023-04-28,
ACCT201709,CUST101058,checking,active,2024-06-09,
ACCT201710,CUST101058,checking,active,2023-10-18,
ACCT201711,CUST101059,credit,active,2023-09-20,
ACCT201712,CUST101060,checking,active,2024-01-12,
ACCT201713,CUST101061,savings,active,2024-08-24,
ACCT201714,CUST101062,savings,active,2024-03-22,
ACCT201715,CUST101062,checking,active,2024-02-20,
ACCT201716,CUST101063,savings,active,2024-10-13,
ACCT201717,CUST101064,savings,closed,2024-08-14,2025-03-21
ACCT201718,CUST101065,checking,active,2023-11-15,
ACCT201719,CUST101066,savings,active,2023-06-23,
ACCT201720,CUST101067,checking,closed,2023-12-02,2025-02-20
ACCT201721,CUST101068,savings,active,2023-04-03,
ACCT201722,CUST101069,checking,active,2023-04-18,
ACCT201723,CUST101070,checking,active,2023-07-22,
ACCT201724,CUST101070,checking,active,2024-08-17,
ACCT201725,CUST101070,checking,active,2024-11-17,
ACCT201726,CUST101071,checking,active,2024-11-02,
ACCT201727,CUST101072,checking,active,2024-03-05,
ACCT201728,CUST101073,checking,active,2023-02-23,
ACCT201729,CUST101073,savings,active,2023-11-10,
ACCT201730,CUST101073,checking,active,2023-01-07,
ACCT201731,CUST101074,checking,active,2024-10-23,
ACCT201732,CUST101075,savings,active,2023-10-02,
ACCT201733,CUST101075,checking,active,2023-05-05,
ACCT201734,CUST101075,savings,active,2024-08-03,
ACCT201735,CUST101076,savings,active,2023-09-27,
ACCT201736,CUST101076,checking,active,2024-04-03,
ACCT201737,CUST101077,savings,active,2024-06-13,
ACCT201738,CUST101078,savings,active,2023-11-16,
ACCT201739,CUST101078,savings,active,2023-07-14,
ACCT201740,CUST101079,credit,active,2023-06-15,
ACCT201741,CUST101080,credit,active,2023-02-06,
ACCT201742,CUST101080,savings,closed,2023-06-10,2024-03-01
ACCT201743,CUST101080,savings,closed,2023-10-12,2024-04-21
ACCT201744,CUST101081,credit,active,2023-11-22,
ACCT201745,CUST101082,checking,active,2024-04-12,
ACCT201746,CUST101083,checking,active,2023-05-19,
ACCT201747,CUST101084,credit,active,2024-04-22,
ACCT201748,CUST101084,checking,active,2023-06-05,
ACCT201749,CUST101085,checking,active,2023-11-11,
ACCT201750,CUST101086,credit,active,2024-11-29,
ACCT201751,CUST101086,credit,active,2024-02-11,
ACCT201752,CUST101087,checking,active,2024-06-21,
ACCT201753,CUST101088,checking,active,2023-11-11,
ACCT201754,CUST101089,credit,active,2024-04-05,
ACCT201755,CUST101089,credit,active,2024-09-15,
ACCT201756,CUST101089,savings,active,2023-05-03,
ACCT201757,CUST101090,checking,active,2023-01-06,
ACCT201758,CUST101090,savings,frozen,2023-07-27,
ACCT201759,CUST101091,savings,active,2024-03-11,
ACCT201760,CUST101092,checking,frozen,2024-11-19,
ACCT201761,CUST101092,checking,active,2024-09-08,
ACCT201762,CUST101092,checking,active,2023-11-12,
ACCT201763,CUST101093,checking,frozen,2023-07-29,
ACCT201764,CUST101094,savings,active,2023-03-09,
ACCT201765,CUST101095,savings,active,2023-07-08,
ACCT201766,CUST101095,savings,active,2024-05-31,
ACCT201767,CUST101096,checking,active,2023-11-04,
ACCT201768,CUST101097,checking,active,2023-10-21,
ACCT201769,CUST101098,checking,active,2023-08-07,
ACCT201770,CUST101099,checking,closed,2023-07-30,2024-08-20
ACCT201771,CUST101100,checking,active,2024-04-19,
ACCT201772,CUST101100,credit,active,2023-05-02,
ACCT201773,CUST101100,checking,active,2023-07-01,
ACCT201774,CUST101101,savings,active,2024-11-10,
ACCT201775,CUST101102,savings,active,2023-12-13,
ACCT201776,CUST101102,checking,active,2023-03-14,
ACCT201777,CUST101102,savings,frozen,2024-03-02,
ACCT201778,CUST101103,savings,active,2023-11-26,
ACCT201779,CUST101104,savings,active,2023-03-23,
ACCT201780,CUST101105,credit,active,2024-10-23,
ACCT201781,CUST101106,savings,active,2023-10-06,
ACCT201782,CUST101107,checking,active,2023-01-22,
ACCT201783,CUST101108,credit,active,2024-11-12,
ACCT201784,CUST101108,savings,active,2024-02-17,
ACCT201785,CUST101108,checking,active,2024-08-03,
ACCT201786,CUST101109,checking,active,2023-07-04,
ACCT201787,CUST101109,checking,active,2023-10-06,
ACCT201788,CUST101110,checking,active,2023-04-06,
ACCT201789,CUST101110,checking,active,2023-10-17,
ACCT201790,CUST101110,checking,active,2023-02-19,
ACCT201791,CUST101111,checking,active,2024-07-11,
ACCT201792,CUST101112,checking,active,2024-08-20,
ACCT201793,CUST101112,checking,active,2023-05-27,
ACCT201794,CUST101113,checking,active,2023-06-27,
ACCT201795,CUST101114,savings,active,2023-11-09,
ACCT201796,CUST101114,checking,active,2024-07-24,
ACCT201797,CUST101115,checking,active,2023-07-04,
ACCT201798,CUST101115,credit,active,2024-09-24,
ACCT201799,CUST101115,checking,active,2023-05-12,
ACCT201800,CUST101116,checking,active,2023-11-17,
ACCT201801,CUST101117,savings,active,2023-03-08,
ACCT201802,CUST101118,checking,active,2023-10-05,
ACCT201803,CUST101118,checking,active,2024-07-01,
ACCT201804,CUST101119,checking,active,2023-03-31,
ACCT201805,CUST101120,savings,active,2024-08-18,
ACCT201806,CUST101121,checking,active,2024-11-13,
ACCT201807,CUST101122,savings,active,2023-07-03,
ACCT201808,CUST101123,checking,active,2024-11-21,
ACCT201809,CUST101124,credit,active,2024-09-28,
ACCT201810,CUST101124,checking,active,2024-08-20,
ACCT201811,CUST101125,savings,active,2024-11-15,
ACCT201812,CUST101126,checking,active,2024-10-09,
ACCT201813,CUST101127,credit,active,2023-04-19,
ACCT201814,CUST101127,credit,active,2024-02-27,
ACCT201815,CUST101127,checking,active,2024-08-19,
ACCT201816,CUST101128,savings,active,2023-09-09,
ACCT201817,CUST101128,credit,active,2023-10-23,
ACCT201818,CUST101129,savings,active,2023-10-02,
ACCT201819,CUST101129,credit,active,2024-01-14,
ACCT201820,CUST101129,checking,active,2023-08-23,
ACCT201821,CUST101130,credit,active,2023-07-13,
ACCT201822,CUST101131,checking,active,2024-07-10,
ACCT201823,CUST101131,checking,active,2023-01-30,
ACCT201824,CUST101132,savings,active,2023-11-04,
ACCT201825,CUST101133,checking,active,2023-08-29,
ACCT201826,CUST101134,checking,active,2024-04-15,
ACCT201827,CUST101134,credit,active,2024-11-09,
ACCT201828,CUST101135,credit,active,2023-05-08,
ACCT201829,CUST101135,checking,active,2023-04-01,
ACCT201830,CUST101136,savings,frozen,2023-07-01,
ACCT201831,CUST101136,savings,active,2024-11-25,
ACCT201832,CUST101137,checking,active,2023-06-27,
ACCT201833,CUST101138,checking,closed,2024-08-21,2024-12-12
ACCT201834,CUST101138,checking,active,2023-07-02,
ACCT201835,CUST101139,checking,active,2023-02-11,
ACCT201836,CUST101140,checking,active,2023-06-11,
ACCT201837,CUST101140,checking,active,2023-01-14,
ACCT201838,CUST101141,credit,active,2023-04-29,
ACCT201839,CUST101142,savings,active,2023-02-09,
ACCT201840,CUST101143,checking,active,2024-01-24,
ACCT201841,CUST101143,savings,active,2023-01-31,
ACCT201842,CUST101144,checking,active,2024-05-12,
ACCT201843,CUST101145,checking,frozen,2023-06-21,
ACCT201844,CUST101146,checking,active,2024-01-12,
ACCT201845,CUST101147,checking,active,2024-05-21,
ACCT201846,CUST101148,savings,active,2023-08-15,
ACCT201847,CUST101149,checking,active,2023-08-21,
ACCT201848,CUST101150,credit,active,2023-04-23,
ACCT201849,CUST101151,checking,frozen,2023-01-12,
ACCT201850,CUST101152,checking,active,2024-06-25,
ACCT201851,CUST101152,credit,active,2023-12-27,
ACCT201852,CUST101152,savings,active,2023-09-28,
ACCT201853,CUST101153,checking,active,2023-01-21,
ACCT201854,CUST101154,savings,closed,2023-06-16,2023-08-24
ACCT201855,CUST101155,checking,active,2024-09-25,
ACCT201856,CUST101156,checking,active,2023-09-20,
ACCT201857,CUST101156,checking,active,2023-09-17,
ACCT201858,CUST101157,savings,active,2024-06-25,
ACCT201859,CUST101157,checking,active,2024-09-04,
ACCT201860,CUST101158,credit,active,2024-07-03,
ACCT201861,CUST101159,checking,active,2023-03-07,
ACCT201862,CUST101159,checking,active,2023-05-28,
ACCT201863,CUST101159,savings,active,2023-12-30,
ACCT201864,CUST101160,checking,active,2024-05-03,
ACCT201865,CUST101161,checking,active,2023-09-04,
ACCT201866,CUST101161,checking,active,2024-02-07,
ACCT201867,CUST101162,credit,active,2024-08-12,
ACCT201868,CUST101163,savings,active,2024-06-17,
ACCT201869,CUST101163,savings,active,2024-01-28,
ACCT201870,CUST101164,savings,active,2023-07-21,
ACCT201871,CUST101165,checking,active,2023-06-24,
ACCT201872,CUST101166,checking,active,2023-01-19,
ACCT201873,CUST101166,checking,active,2024-01-25,
ACCT201874,CUST101167,checking,active,2024-05-08,
ACCT201875,CUST101167,checking,active,2024-05-07,
ACCT201876,CUST101167,savings,active,2024-09-03,
ACCT201877,CUST101168,checking,active,2023-07-03,
ACCT201878,CUST101168,savings,active,2023-03-31,
ACCT201879,CUST101168,checking,active,2023-08-28,
ACCT201880,CUST101169,savings,active,2023-09-04,
ACCT201881,CUST101170,checking,active,2024-05-31,
ACCT201882,CUST101171,savings,active,2023-01-01,
ACCT201883,CUST101171,savings,active,2024-03-03,
ACCT201884,CUST101172,checking,active,2024-02-13,
ACCT201885,CUST101173,savings,active,2023-12-08,
ACCT201886,CUST101174,credit,active,2023-03-13,
ACCT201887,CUST101175,checking,active,2023-11-13,
ACCT201888,CUST101176,checking,active,2024-07-25,
ACCT201889,CUST101176,credit,active,2024-09-29,
ACCT201890,CUST101177,checking,active,2024-11-03,
ACCT201891,CUST101178,checking,active,2023-07-10,
ACCT201892,CUST101178,checking,active,2023-01-08,
ACCT201893,CUST101179,checking,active,2024-02-03,
ACCT201894,CUST101179,credit,active,2024-03-16,
ACCT201895,CUST101180,checking,active,2023-12-02,
ACCT201896,CUST101181,savings,active,2024-01-28,
ACCT201897,CUST101182,checking,active,2024-03-29,
ACCT201898,CUST101182,checking,closed,2023-09-24,2024-09-05
ACCT201899,CUST101182,checking,active,2024-10-19,
ACCT201900,CUST101183,checking,active,2024-11-30,
ACCT201901,CUST101183,checking,active,2023-11-08,
ACCT201902,CUST101184,checking,active,2023-10-28,
ACCT201903,CUST101185,savings,active,2024-10-18,
ACCT201904,CUST101185,savings,active,2024-01-23,
ACCT201905,CUST101186,savings,active,2024-09-30,
ACCT201906,CUST101187,checking,frozen,2024-09-17,
ACCT201907,CUST101187,savings,active,2024-05-11,
ACCT201908,CUST101188,savings,active,2023-01-17,
ACCT201909,CUST101188,credit,active,2023-09-10,
ACCT201910,CUST101188,savings,active,2024-03-16,
ACCT201911,CUST101189,credit,active,2023-09-19,
ACCT201912,CUST101190,savings,active,2023-12-05,
ACCT201913,CUST101191,checking,active,2023-08-07,
ACCT201914,CUST101191,savings,active,2023-01-17,
ACCT201915,CUST101192,credit,active,2024-10-31,
ACCT201916,CUST101192,savings,active,2024-02-24,
ACCT201917,CUST101192,checking,active,2023-04-06,
ACCT201918,CUST101193,checking,active,2024-11-29,
ACCT201919,CUST101193,checking,active,2024-05-28,
ACCT201920,CUST101194,checking,active,2023-06-21,
ACCT201921,CUST101195,checking,active,2023-06-12,
ACCT201922,CUST101195,credit,active,2023-01-28,
ACCT201923,CUST101196,checking,active,2024-02-21,
ACCT201924,CUST101196,checking,active,2024-07-05,
ACCT201925,CUST101196,checking,active,2023-06-30,
ACCT201926,CUST101197,checking,active,2024-07-28,
ACCT201927,CUST101197,savings,active,2023-01-11,
ACCT201928,CUST101198,checking,active,2024-06-11,
ACCT201929,CUST101199,checking,active,2023-04-29,
ACCT201930,CUST101199,savings,active,2024-08-14,
ACCT201931,CUST101199,savings,active,2023-09-01,
ACCT201932,CUST101200,checking,active,2023-07-13,
ACCT201933,CUST101201,savings,frozen,2023-03-30,
ACCT201934,CUST101201,checking,active,2023-10-05,
ACCT201935,CUST101201,checking,active,2024-10-12,
ACCT201936,CUST101202,savings,active,2023-05-25,
ACCT201937,CUST101203,savings,active,2023-11-20,
ACCT201938,CUST101203,savings,active,2024-05-18,
ACCT201939,CUST101204,checking,active,2024-05-13,
ACCT201940,CUST101205,savings,active,2023-10-27,
ACCT201941,CUST101206,checking,active,2023-07-25,
ACCT201942,CUST101207,savings,closed,2023-05-12,2024-03-29
ACCT201943,CUST101207,checking,active,2023-09-24,
ACCT201944,CUST101207,checking,active,2023-12-03,
ACCT201945,CUST101208,checking,active,2023-06-19,
ACCT201946,CUST101208,checking,active,2023-04-18,
ACCT201947,CUST101208,checking,active,2024-05-03,
ACCT201948,CUST101209,credit,active,2024-01-14,
ACCT201949,CUST101210,checking,active,2023-01-17,
ACCT201950,CUST101211,credit,active,2024-08-02,
ACCT201951,CUST101211,checking,active,2023-08-21,
ACCT201952,CUST101212,savings,active,2023-05-24,
ACCT201953,CUST101212,credit,active,2024-05-20,
ACCT201954,CUST101213,checking,active,2024-10-23,
ACCT201955,CUST101214,checking,active,2024-03-26,
ACCT201956,CUST101214,savings,active,2024-01-28,
ACCT201957,CUST101215,checking,active,2023-07-11,
ACCT201958,CUST101216,savings,active,2024-11-16,
ACCT201959,CUST101216,savings,active,2024-10-24,
ACCT201960,CUST101216,savings,active,2024-02-27,
ACCT201961,CUST101217,checking,active,2024-06-12,
ACCT201962,CUST101217,checking,active,2023-07-29,
ACCT201963,CUST101218,checking,active,2023-12-09,
ACCT201964,CUST101219,checking,active,2023-04-21,
ACCT201965,CUST101219,checking,active,2024-10-06,
ACCT201966,CUST101220,savings,active,2023-08-27,
ACCT201967,CUST101221,checking,active,2024-05-19,
ACCT201968,CUST101221,savings,active,2024-02-04,
ACCT201969,CUST101222,savings,active,2024-01-13,
ACCT201970,CUST101223,savings,active,2024-03-01,
ACCT201971,CUST101224,checking,active,2023-12-31,
ACCT201972,CUST101225,checking,active,2023-09-11,
ACCT201973,CUST101225,credit,active,2023-10-27,
ACCT201974,CUST101226,checking,active,2024-08-24,
ACCT201975,CUST101227,savings,active,2024-06-26,
ACCT201976,CUST101228,credit,active,2024-04-01,
ACCT201977,CUST101229,checking,active,2024-02-14,
ACCT201978,CUST101230,savings,active,2024-04-20,
ACCT201979,CUST101231,savings,active,2024-02-13,
ACCT201980,CUST101232,credit,closed,2024-07-13,2025-11-01
ACCT201981,CUST101233,savings,active,2024-11-13,
ACCT201982,CUST101234,savings,active,2024-01-14,
ACCT201983,CUST101235,savings,active,2023-05-21,
ACCT201984,CUST101235,credit,active,2024-01-12,
ACCT201985,CUST101236,savings,active,2024-02-25,
ACCT201986,CUST101236,checking,active,2023-05-02,
ACCT201987,CUST101237,checking,active,2024-11-10,
ACCT201988,CUST101237,checking,active,2023-04-20,
ACCT201989,CUST101238,savings,active,2023-07-12,
ACCT201990,CUST101239,checking,active,2024-09-04,
ACCT201991,CUST101240,savings,active,2023-08-24,
ACCT201992,CUST101240,checking,active,2024-03-14,
ACCT201993,CUST101240,checking,closed,2024-10-24,2025-05-16
ACCT201994,CUST101241,checking,active,2024-10-06,
ACCT201995,CUST101241,savings,active,2024-10-30,
ACCT201996,CUST101242,savings,active,2024-06-10,
ACCT201997,CUST101242,savings,active,2024-08-27,
ACCT201998,CUST101243,checking,active,2023-11-11,
ACCT201999,CUST101243,checking,frozen,2023-06-12,
ACCT202000,CUST101243,checking,active,2024-01-13,
ACCT202001,CUST101244,checking,active,2024-08-03,
ACCT202002,CUST101244,checking,closed,2024-10-02,2025-05-02
ACCT202003,CUST101245,credit,active,2023-07-07,
ACCT202004,CUST101245,checking,active,2023-01-05,
ACCT202005,CUST101245,checking,active,2024-01-01,
ACCT202006,CUST101246,checking,active,2024-11-05,
ACCT202007,CUST101247,savings,active,2023-01-09,
ACCT202008,CUST101248,savings,active,2024-09-04,
ACCT202009,CUST101248,checking,active,2023-05-30,
ACCT202010,CUST101248,savings,active,2023-04-29,
ACCT202011,CUST101249,checking,active,2024-06-12,
ACCT202012,CUST101249,savings,active,2024-05-10,
ACCT202013,CUST101250,checking,active,2024-04-06,
ACCT202014,CUST101251,savings,active,2024-04-21,
ACCT202015,CUST101251,checking,active,2024-06-16,
ACCT202016,CUST101251,checking,active,2023-05-16,
ACCT202017,CUST101252,credit,active,2024-07-04,
ACCT202018,CUST101252,savings,active,2023-08-07,
ACCT202019,CUST101252,checking,active,2024-10-19,
ACCT202020,CUST101253,savings,active,2024-06-23,
ACCT202021,CUST101253,credit,active,2024-05-27,
ACCT202022,CUST101253,checking,active,2024-02-01,
ACCT202023,CUST101254,checking,active,2023-07-04,
ACCT202024,CUST101255,credit,frozen,2024-05-04,
ACCT202025,CUST101255,checking,active,2024-06-09,
ACCT202026,CUST101256,savings,active,2024-05-03,
ACCT202027,CUST101257,checking,active,2024-04-10,
ACCT202028,CUST101257,savings,active,2024-05-07,
ACCT202029,CUST101258,savings,active,2023-10-09,
ACCT202030,CUST101259,savings,active,2024-06-08,
ACCT202031,CUST101260,savings,active,2023-10-08,
ACCT202032,CUST101260,checking,active,2023-06-26,
ACCT202033,CUST101261,checking,active,2024-10-07,
ACCT202034,CUST101261,checking,active,2023-01-14,
ACCT202035,CUST101261,savings,active,2024-08-14,
ACCT202036,CUST101262,credit,active,2023-02-03,
ACCT202037,CUST101262,savings,active,2023-10-12,
ACCT202038,CUST101263,savings,active,2023-04-28,
ACCT202039,CUST101264,checking,active,2023-10-30,
ACCT202040,CUST101264,checking,active,2024-03-24,
ACCT202041,CUST101264,credit,active,2023-01-02,
ACCT202042,CUST101265,savings,frozen,2023-12-08,
ACCT202043,CUST101265,credit,active,2023-08-25,
ACCT202044,CUST101266,savings,active,2024-10-31,
ACCT202045,CUST101266,checking,active,2023-08-18,
ACCT202046,CUST101267,savings,active,2024-03-09,
ACCT202047,CUST101268,credit,active,2023-07-20,
ACCT202048,CUST101268,checking,active,2023-06-02,
ACCT202049,CUST101268,credit,active,2023-03-28,
ACCT202050,CUST101269,savings,active,2024-03-05,
ACCT202051,CUST101269,savings,frozen,2024-05-12,
ACCT202052,CUST101269,checking,closed,2024-09-08,2025-02-21
ACCT202053,CUST101270,checking,active,2023-03-02,
ACCT202054,CUST101271,savings,active,2024-06-02,
ACCT202055,CUST101271,checking,active,2023-01-23,
ACCT202056,CUST101272,savings,active,2023-10-19,
ACCT202057,CUST101272,checking,active,2024-05-25,
ACCT202058,CUST101272,credit,active,2024-02-16,
ACCT202059,CUST101273,checking,active,2023-08-15,
ACCT202060,CUST101274,checking,active,2024-08-22,
ACCT202061,CUST101275,savings,active,2024-06-28,
ACCT202062,CUST101275,checking,active,2023-08-07,
ACCT202063,CUST101276,savings,active,2024-03-27,
ACCT202064,CUST101276,savings,active,2024-03-15,
ACCT202065,CUST101276,savings,active,2023-05-19,
ACCT202066,CUST101277,credit,active,2024-11-07,
ACCT202067,CUST101277,checking,active,2024-09-13,
ACCT202068,CUST101278,checking,active,2024-03-19,
ACCT202069,CUST101279,checking,active,2023-08-28,
ACCT202070,CUST101280,savings,active,2024-08-28,
ACCT202071,CUST101281,checking,active,2024-01-01,
ACCT202072,CUST101281,savings,active,2024-04-12,
ACCT202073,CUST101281,savings,active,2023-11-24,
ACCT202074,CUST101282,savings,active,2024-02-21,
ACCT202075,CUST101282,savings,active,2024-01-26,
ACCT202076,CUST101283,checking,active,2023-06-03,
ACCT202077,CUST101283,credit,active,2024-10-07,
ACCT202078,CUST101284,checking,active,2024-08-15,
ACCT202079,CUST101285,checking,active,2024-03-04,
ACCT202080,CUST101285,savings,active,2023-09-10,
ACCT202081,CUST101285,checking,active,2023-11-28,
ACCT202082,CUST101286,checking,active,2023-01-10,
ACCT202083,CUST101286,checking,active,2023-06-01,
ACCT202084,CUST101287,savings,active,2023-11-27,
ACCT202085,CUST101288,savings,active,2024-05-19,
ACCT202086,CUST101288,checking,active,2023-09-20,
ACCT202087,CUST101288,savings,active,2024-10-06,
ACCT202088,CUST101289,savings,active,2023-07-31,
ACCT202089,CUST101290,savings,active,2023-05-23,
ACCT202090,CUST101291,savings,closed,2023-12-25,2024-10-26
ACCT202091,CUST101291,checking,active,2024-07-14,
ACCT202092,CUST101291,savings,active,2023-08-22,
ACCT202093,CUST101292,checking,frozen,2023-05-03,
ACCT202094,CUST101292,savings,closed,2024-04-06,2025-04-30
ACCT202095,CUST101292,checking,active,2023-08-22,
ACCT202096,CUST101293,savings,active,2024-09-19,
ACCT202097,CUST101294,savings,active,2024-01-08,
ACCT202098,CUST101295,savings,active,2023-07-09,
ACCT202099,CUST101295,checking,active,2023-07-11,
ACCT202100,CUST101296,savings,active,2023-07-30,
ACCT202101,CUST101297,checking,active,2024-01-17,
ACCT202102,CUST101298,checking,active,2024-03-31,
ACCT202103,CUST101299,checking,active,2023-09-13,
ACCT202104,CUST101299,checking,active,2024-09-20,
ACCT202105,CUST101300,checking,active,2023-09-22,
ACCT202106,CUST101301,checking,active,2024-05-09,
ACCT202107,CUST101302,savings,active,2023-07-14,
ACCT202108,CUST101303,credit,active,2024-08-23,
ACCT202109,CUST101304,savings,active,2023-01-04,
ACCT202110,CUST101304,credit,active,2023-01-24,
ACCT202111,CUST101305,savings,active,2024-09-14,
ACCT202112,CUST101305,checking,active,2024-04-09,
ACCT202113,CUST101306,savings,frozen,2024-03-30,
ACCT202114,CUST101306,checking,active,2023-05-13,
ACCT202115,CUST101307,checking,active,2023-02-18,
ACCT202116,CUST101308,checking,closed,2024-03-09,2025-05-22
ACCT202117,CUST101308,checking,active,2024-01-10,
ACCT202118,CUST101308,checking,frozen,2024-06-15,
ACCT202119,CUST101309,credit,active,2023-06-18,
ACCT202120,CUST101310,checking,active,2023-12-03,
ACCT202121,CUST101311,credit,active,2023-03-06,
ACCT202122,CUST101311,savings,active,2023-06-12,
ACCT202123,CUST101312,checking,active,2023-10-28,
ACCT202124,CUST101313,checking,active,2023-10-18,
ACCT202125,CUST101314,checking,active,2024-08-15,
ACCT202126,CUST101315,credit,active,2024-02-23,
ACCT202127,CUST101316,checking,active,2024-04-10,
ACCT202128,CUST101317,checking,active,2023-11-29,
ACCT202129,CUST101318,checking,active,2023-12-28,
ACCT202130,CUST101319,credit,active,2024-01-15,
ACCT202131,CUST101319,savings,active,2023-07-11,
ACCT202132,CUST101319,savings,closed,2024-10-08,2025-04-06
ACCT202133,CUST101320,savings,active,2024-06-19,
ACCT202134,CUST101321,credit,active,2024-01-30,
ACCT202135,CUST101321,checking,active,2023-11-17,
ACCT202136,CUST101322,checking,frozen,2023-02-20,
ACCT202137,CUST101322,savings,active,2023-03-19,
ACCT202138,CUST101322,checking,active,2024-09-20,
ACCT202139,CUST101323,checking,active,2023-09-01,
ACCT202140,CUST101324,savings,closed,2023-09-12,2024-04-18
ACCT202141,CUST101325,checking,active,2023-10-16,
ACCT202142,CUST101325,savings,active,2024-07-26,
ACCT202143,CUST101326,savings,active,2023-10-14,
ACCT202144,CUST101327,checking,active,2023-11-25,
ACCT202145,CUST101328,credit,active,2024-01-05,
ACCT202146,CUST101329,checking,active,2023-01-19,
ACCT202147,CUST101329,savings,active,2024-07-04,
ACCT202148,CUST101330,checking,active,2023-05-05,
ACCT202149,CUST101331,savings,active,2023-03-17,
ACCT202150,CUST101331,checking,active,2023-11-16,
ACCT202151,CUST101332,checking,active,2023-01-07,
ACCT202152,CUST101332,credit,active,2023-06-14,
ACCT202153,CUST101332,savings,active,2023-04-15,
ACCT202154,CUST101333,savings,active,2023-09-04,
ACCT202155,CUST101333,checking,active,2023-10-24,
ACCT202156,CUST101334,savings,closed,2024-06-08,2025-02-05
ACCT202157,CUST101334,savings,active,2024-05-20,
ACCT202158,CUST101334,credit,active,2023-03-14,
ACCT202159,CUST101335,checking,active,2023-08-29,
ACCT202160,CUST101335,savings,active,2023-01-28,
ACCT202161,CUST101335,checking,active,2024-09-04,
ACCT202162,CUST101336,checking,active,2024-02-27,
ACCT202163,CUST101337,credit,active,2024-07-18,
ACCT202164,CUST101338,checking,active,2023-12-04,
ACCT202165,CUST101339,checking,active,2024-07-24,
ACCT202166,CUST101339,checking,active,2024-10-16,
ACCT202167,CUST101339,savings,active,2024-08-21,
ACCT202168,CUST101340,checking,active,2023-06-07,
ACCT202169,CUST101341,checking,active,2024-04-07,
ACCT202170,CUST101342,credit,active,2024-05-16,
ACCT202171,CUST101343,savings,active,2023-02-08,
ACCT202172,CUST101344,credit,active,2023-10-30,
ACCT202173,CUST101344,credit,active,2023-03-07,
ACCT202174,CUST101345,savings,active,2023-02-21,
ACCT202175,CUST101346,credit,active,2024-08-24,
ACCT202176,CUST101346,credit,active,2024-04-25,
ACCT202177,CUST101347,savings,active,2024-01-17,
ACCT202178,CUST101347,checking,active,2024-03-18,
ACCT202179,CUST101348,savings,active,2023-01-15,
ACCT202180,CUST101348,savings,active,2024-06-22,
ACCT202181,CUST101349,checking,active,2024-03-14,
ACCT202182,CUST101350,checking,active,2023-10-07,
ACCT202183,CUST101350,checking,active,2024-06-22,
ACCT202184,CUST101351,savings,active,2023-04-27,
ACCT202185,CUST101351,savings,active,2024-11-01,
ACCT202186,CUST101352,savings,active,2023-12-29,
ACCT202187,CUST101353,checking,active,2023-01-18,
ACCT202188,CUST101354,checking,active,2024-09-29,
ACCT202189,CUST101355,checking,active,2024-11-24,
ACCT202190,CUST101356,checking,active,2023-03-31,
ACCT202191,CUST101357,savings,active,2024-02-03,
ACCT202192,CUST101358,checking,frozen,2023-10-02,
ACCT202193,CUST101359,savings,active,2024-07-04,
ACCT202194,CUST101360,savings,active,2023-09-30,
ACCT202195,CUST101361,checking,active,2023-10-16,
ACCT202196,CUST101362,credit,active,2023-08-23,
ACCT202197,CUST101362,credit,active,2023-08-07,
ACCT202198,CUST101362,savings,active,2024-07-09,
ACCT202199,CUST101363,checking,active,2024-07-12,
ACCT202200,CUST101363,checking,active,2023-11-28,
ACCT202201,CUST101364,savings,active,2023-05-17,
ACCT202202,CUST101365,savings,active,2024-09-02,
ACCT202203,CUST101366,savings,active,2023-02-08,
ACCT202204,CUST101367,savings,active,2024-10-10,
ACCT202205,CUST101367,checking,active,2024-02-25,
ACCT202206,CUST101368,checking,active,2023-07-21,
ACCT202207,CUST101369,savings,active,2023-08-18,
ACCT202208,CUST101369,checking,active,2023-12-12,
ACCT202209,CUST101370,savings,active,2024-02-17,
ACCT202210,CUST101370,savings,active,2023-10-03,
ACCT202211,CUST101371,checking,active,2024-08-24,
ACCT202212,CUST101371,checking,active,2023-10-24,
ACCT202213,CUST101372,checking,active,2023-11-13,
ACCT202214,CUST101373,checking,active,2023-10-28,
ACCT202215,CUST101373,savings,active,2024-01-15,
ACCT202216,CUST101374,credit,active,2023-06-08,
ACCT202217,CUST101374,credit,active,2023-07-02,
ACCT202218,CUST101375,checking,active,2024-03-27,
ACCT202219,CUST101375,credit,active,2024-02-27,
ACCT202220,CUST101376,checking,active,2023-07-30,
ACCT202221,CUST101376,checking,active,2024-02-12,
ACCT202222,CUST101377,checking,active,2023-12-12,
ACCT202223,CUST101378,checking,active,2024-05-12,
ACCT202224,CUST101379,checking,active,2023-12-04,
ACCT202225,CUST101380,checking,active,2023-01-14,
ACCT202226,CUST101381,savings,active,2024-11-15,
ACCT202227,CUST101382,credit,active,2024-03-10,
ACCT202228,CUST101382,checking,active,2024-06-05,
ACCT202229,CUST101383,credit,active,2024-10-24,
ACCT202230,CUST101384,savings,active,2024-09-27,
ACCT202231,CUST101385,checking,active,2023-03-06,
ACCT202232,CUST101385,checking,active,2023-04-21,
ACCT202233,CUST101385,savings,active,2024-11-17,
ACCT202234,CUST101386,checking,active,2023-02-13,
ACCT202235,CUST101386,savings,active,2024-08-07,
ACCT202236,CUST101387,checking,active,2024-07-04,
ACCT202237,CUST101387,checking,active,2024-01-16,
ACCT202238,CUST101388,checking,active,2023-08-07,
ACCT202239,CUST101388,checking,active,2023-02-23,
ACCT202240,CUST101389,savings,closed,2023-11-27,2024-11-11
ACCT202241,CUST101390,checking,active,2023-06-23,
ACCT202242,CUST101391,checking,active,2024-03-09,
ACCT202243,CUST101391,checking,active,2024-11-22,
ACCT202244,CUST101392,checking,active,2023-12-29,
ACCT202245,CUST101393,credit,active,2023-04-23,
ACCT202246,CUST101393,checking,active,2024-05-30,
ACCT202247,CUST101394,savings,active,2024-07-02,
ACCT202248,CUST101395,credit,active,2023-12-01,
ACCT202249,CUST101395,checking,active,2024-01-05,
ACCT202250,CUST101396,checking,active,2023-07-28,
ACCT202251,CUST101396,credit,active,2024-04-18,
ACCT202252,CUST101396,checking,active,2023-01-26,
ACCT202253,CUST101397,checking,active,2024-04-24,
ACCT202254,CUST101397,savings,active,2024-02-11,
ACCT202255,CUST101398,credit,active,2024-08-12,
ACCT202256,CUST101399,checking,active,2024-01-24,
ACCT202257,CUST101399,checking,active,2023-05-16,
ACCT202258,CUST101400,credit,active,2023-09-28,
ACCT202259,CUST101400,checking,active,2023-08-19,
ACCT202260,CUST101401,savings,active,2023-04-13,
ACCT202261,CUST101401,checking,active,2024-06-30,
ACCT202262,CUST101402,checking,active,2024-08-03,
ACCT202263,CUST101402,checking,active,2024-07-12,
ACCT202264,CUST101403,savings,active,2023-10-03,
ACCT202265,CUST101404,savings,active,2024-02-27,
ACCT202266,CUST101404,checking,active,2023-06-03,
ACCT202267,CUST101404,checking,active,2024-11-09,
ACCT202268,CUST101405,checking,active,2024-10-21,
ACCT202269,CUST101405,credit,active,2023-09-18,
ACCT202270,CUST101405,credit,active,2023-07-05,
ACCT202271,CUST101406,savings,active,2023-12-13,
ACCT202272,CUST101406,savings,active,2023-08-31,
ACCT202273,CUST101406,checking,frozen,2023-05-16,
ACCT202274,CUST101407,checking,active,2024-07-27,
ACCT202275,CUST101408,savings,active,2024-02-20,
ACCT202276,CUST101409,savings,active,2024-09-16,
ACCT202277,CUST101410,checking,active,2023-01-24,
ACCT202278,CUST101411,checking,active,2024-02-15,
ACCT202279,CUST101411,credit,frozen,2023-09-20,
ACCT202280,CUST101412,checking,active,2024-05-10,
ACCT202281,CUST101413,checking,active,2024-05-03,
ACCT202282,CUST101414,credit,active,2023-04-20,
ACCT202283,CUST101415,savings,active,2023-05-09,
ACCT202284,CUST101415,savings,active,2023-03-18,
ACCT202285,CUST101415,checking,active,2023-06-25,
ACCT202286,CUST101416,checking,active,2024-02-04,
ACCT202287,CUST101416,checking,active,2023-08-21,
ACCT202288,CUST101417,checking,active,2024-03-20,
ACCT202289,CUST101417,credit,active,2023-03-21,
ACCT202290,CUST101418,checking,closed,2023-03-08,2023-05-13
ACCT202291,CUST101419,checking,active,2024-02-17,
ACCT202292,CUST101420,checking,active,2023-10-12,
ACCT202293,CUST101420,savings,active,2024-01-23,
ACCT202294,CUST101421,savings,active,2024-11-22,
ACCT202295,CUST101421,checking,frozen,2024-04-21,
ACCT202296,CUST101422,credit,active,2023-02-06,
ACCT202297,CUST101423,savings,active,2024-03-04,
ACCT202298,CUST101423,checking,active,2024-04-13,
ACCT202299,CUST101424,checking,active,2023-06-25,
ACCT202300,CUST101424,checking,active,2023-02-09,
ACCT202301,CUST101425,savings,active,2024-02-12,
ACCT202302,CUST101426,checking,active,2024-01-22,
ACCT202303,CUST101426,checking,closed,2023-07-20,2024-07-24
ACCT202304,CUST101427,checking,closed,2024-01-16,2024-12-16
ACCT202305,CUST101427,savings,active,2023-09-02,
ACCT202306,CUST101428,checking,active,2024-02-14,
ACCT202307,CUST101428,checking,active,2024-01-25,
ACCT202308,CUST101429,checking,closed,2023-04-16,2024-01-10
ACCT202309,CUST101430,credit,active,2024-07-07,
ACCT202310,CUST101430,credit,active,2023-05-23,
ACCT202311,CUST101431,checking,active,2024-03-23,
ACCT202312,CUST101431,savings,active,2024-01-20,
ACCT202313,CUST101432,savings,active,2024-05-30,
ACCT202314,CUST101432,checking,active,2024-10-07,
ACCT202315,CUST101432,checking,closed,2023-10-19,2024-04-28
ACCT202316,CUST101433,checking,active,2023-06-30,
ACCT202317,CUST101434,savings,active,2024-07-03,
ACCT202318,CUST101434,checking,active,2023-08-22,
ACCT202319,CUST101435,savings,active,2024-03-01,
ACCT202320,CUST101435,credit,active,2023-06-21,
ACCT202321,CUST101436,credit,active,2024-03-25,
ACCT202322,CUST101436,savings,active,2024-07-22,
ACCT202323,CUST101437,checking,active,2023-02-14,
ACCT202324,CUST101438,savings,active,2023-09-16,
ACCT202325,CUST101438,savings,active,2024-03-30,
ACCT202326,CUST101439,checking,active,2024-09-04,
ACCT202327,CUST101439,checking,active,2023-06-28,
ACCT202328,CUST101439,credit,active,2024-03-04,
ACCT202329,CUST101440,checking,active,2024-06-12,
ACCT202330,CUST101440,checking,active,2023-06-11,
ACCT202331,CUST101441,credit,active,2024-08-02,
ACCT202332,CUST101441,credit,active,2023-01-26,
ACCT202333,CUST101442,checking,active,2023-10-17,
ACCT202334,CUST101442,checking,active,2024-03-05,
ACCT202335,CUST101443,savings,active,2024-04-15,
ACCT202336,CUST101443,checking,active,2023-12-30,
ACCT202337,CUST101443,checking,active,2024-04-08,
ACCT202338,CUST101444,savings,active,2024-10-07,
ACCT202339,CUST101444,checking,active,2024-07-13,
ACCT202340,CUST101445,savings,frozen,2024-09-18,
ACCT202341,CUST101446,savings,active,2024-03-02,
ACCT202342,CUST101447,checking,active,2023-04-09,
ACCT202343,CUST101447,checking,frozen,2024-01-13,
ACCT202344,CUST101448,checking,active,2023-07-15,
ACCT202345,CUST101449,checking,closed,2024-11-26,2025-08-14
ACCT202346,CUST101450,credit,closed,2024-08-21,2025-11-17
ACCT202347,CUST101450,checking,active,2024-04-17,
ACCT202348,CUST101451,savings,closed,2023-05-09,2023-12-10
ACCT202349,CUST101451,checking,active,2024-02-27,
ACCT202350,CUST101451,credit,active,2023-05-31,
ACCT202351,CUST101452,savings,active,2023-09-24,
ACCT202352,CUST101452,checking,active,2024-09-13,
ACCT202353,CUST101453,checking,active,2023-06-03,
ACCT202354,CUST101453,checking,active,2024-10-01,
ACCT202355,CUST101454,savings,frozen,2023-02-21,
ACCT202356,CUST101454,savings,active,2023-01-16,
ACCT202357,CUST101455,checking,active,2023-11-11,
ACCT202358,CUST101455,checking,active,2024-06-27,
ACCT202359,CUST101455,checking,active,2023-11-15,
ACCT202360,CUST101456,checking,active,2023-12-28,
ACCT202361,CUST101456,checking,active,2024-02-19,
ACCT202362,CUST101457,checking,active,2024-07-13,
ACCT202363,CUST101457,credit,active,2024-06-19,
ACCT202364,CUST101458,checking,active,2024-10-25,
ACCT202365,CUST101458,checking,active,2024-04-13,
ACCT202366,CUST101459,checking,active,2023-08-07,
ACCT202367,CUST101459,checking,active,2024-02-16,
ACCT202368,CUST101459,checking,active,2024-11-08,
ACCT202369,CUST101460,credit,active,2023-03-26,
ACCT202370,CUST101461,checking,frozen,2023-10-13,
ACCT202371,CUST101462,checking,active,2023-12-11,
ACCT202372,CUST101462,credit,active,2024-10-27,
ACCT202373,CUST101462,credit,active,2024-10-30,
ACCT202374,CUST101463,checking,active,2024-03-25,
ACCT202375,CUST101464,credit,active,2023-12-11,
ACCT202376,CUST101464,checking,active,2023-03-04,
ACCT202377,CUST101465,savings,active,2023-04-11,
ACCT202378,CUST101465,checking,active,2024-08-02,
ACCT202379,CUST101466,savings,active,2023-01-22,
ACCT202380,CUST101467,checking,active,2024-10-26,
ACCT202381,CUST101467,credit,active,2024-04-20,
ACCT202382,CUST101468,checking,active,2024-03-19,
ACCT202383,CUST101468,checking,closed,2023-04-22,2024-07-17
ACCT202384,CUST101468,checking,active,2023-07-16,
ACCT202385,CUST101469,savings,active,2024-03-08,
ACCT202386,CUST101469,savings,frozen,2024-01-21,
ACCT202387,CUST101470,checking,active,2023-12-14,
ACCT202388,CUST101471,checking,active,2024-05-17,
ACCT202389,CUST101471,savings,active,2023-10-11,
ACCT202390,CUST101472,checking,active,2023-12-08,
ACCT202391,CUST101473,savings,active,2023-06-22,
ACCT202392,CUST101474,savings,active,2023-04-20,
ACCT202393,CUST101474,savings,active,2024-03-31,
ACCT202394,CUST101474,savings,active,2023-10-23,
ACCT202395,CUST101475,checking,active,2024-01-27,
ACCT202396,CUST101475,checking,active,2023-12-13,
ACCT202397,CUST101476,checking,active,2024-01-11,
ACCT202398,CUST101476,checking,active,2023-06-18,
ACCT202399,CUST101476,checking,active,2024-05-10,
ACCT202400,CUST101477,checking,active,2024-10-26,
ACCT202401,CUST101478,checking,active,2023-05-26,
ACCT202402,CUST101478,checking,active,2023-07-20,
ACCT202403,CUST101479,checking,active,2024-06-08,
ACCT202404,CUST101480,savings,active,2023-12-01,
ACCT202405,CUST101480,checking,active,2023-06-21,
ACCT202406,CUST101480,checking,active,2023-02-03,
ACCT202407,CUST101481,savings,active,2024-01-04,
ACCT202408,CUST101481,savings,active,2023-08-06,
ACCT202409,CUST101482,savings,active,2024-10-25,
ACCT202410,CUST101482,checking,active,2023-04-11,
ACCT202411,CUST101482,checking,active,2024-10-04,
ACCT202412,CUST101483,checking,frozen,2024-05-30,
ACCT202413,CUST101484,checking,active,2023-12-30,
ACCT202414,CUST101485,checking,active,2023-06-18,
ACCT202415,CUST101485,savings,active,2023-08-21,
ACCT202416,CUST101486,checking,active,2024-10-14,
ACCT202417,CUST101486,savings,active,2024-11-03,
ACCT202418,CUST101487,savings,active,2023-11-12,
ACCT202419,CUST101488,savings,active,2023-09-16,
ACCT202420,CUST101489,checking,active,2023-06-02,
ACCT202421,CUST101490,checking,active,2023-11-15,
ACCT202422,CUST101491,checking,active,2023-02-18,
ACCT202423,CUST101492,checking,active,2024-05-05,
ACCT202424,CUST101492,savings,active,2023-01-18,
ACCT202425,CUST101493,checking,active,2023-07-22,
ACCT202426,CUST101494,checking,active,2024-01-05,
ACCT202427,CUST101495,checking,active,2023-10-10,
ACCT202428,CUST101496,checking,active,2023-03-29,
ACCT202429,CUST101497,checking,active,2024-05-02,
ACCT202430,CUST101497,checking,active,2024-07-11,
ACCT202431,CUST101498,savings,active,2023-10-16,
ACCT202432,CUST101498,checking,active,2024-08-12,
ACCT202433,CUST101498,credit,active,2023-05-12,
ACCT202434,CUST101499,checking,active,2024-03-01,
ACCT202435,CUST101500,savings,active,2024-08-27,
ACCT202436,CUST101501,credit,active,2024-09-23,
ACCT202437,CUST101502,savings,active,2024-01-21,
ACCT202438,CUST101502,checking,active,2024-03-02,
ACCT202439,CUST101502,checking,active,2023-06-23,
ACCT202440,CUST101503,savings,active,2024-03-25,
ACCT202441,CUST101504,checking,active,2023-06-27,
ACCT202442,CUST101504,checking,frozen,2024-03-20,
ACCT202443,CUST101504,savings,active,2023-03-01,
ACCT202444,CUST101505,checking,frozen,2024-02-05,
ACCT202445,CUST101505,savings,active,2023-10-13,
ACCT202446,CUST101506,credit,active,2024-02-03,
ACCT202447,CUST101507,checking,active,2024-10-07,
ACCT202448,CUST101508,credit,active,2023-11-11,
ACCT202449,CUST101508,credit,active,2023-05-03,
ACCT202450,CUST101509,savings,active,2023-04-06,
ACCT202451,CUST101509,checking,active,2023-06-28,
ACCT202452,CUST101510,savings,active,2023-07-29,
ACCT202453,CUST101510,savings,closed,2024-01-08,2025-01-03
ACCT202454,CUST101511,checking,active,2024-05-30,
ACCT202455,CUST101512,checking,active,2024-02-26,
ACCT202456,CUST101512,checking,active,2024-03-23,
ACCT202457,CUST101513,checking,active,2023-04-24,
ACCT202458,CUST101514,checking,active,2024-11-20,
ACCT202459,CUST101514,checking,active,2023-03-29,
ACCT202460,CUST101514,checking,active,2024-11-19,
ACCT202461,CUST101515,credit,closed,2024-01-27,2025-04-09
ACCT202462,CUST101516,checking,active,2024-11-04,
ACCT202463,CUST101517,savings,active,2023-02-20,
ACCT202464,CUST101518,checking,active,2024-04-25,
ACCT202465,CUST101519,checking,active,2024-03-09,
ACCT202466,CUST101519,checking,active,2024-02-03,
ACCT202467,CUST101520,savings,active,2024-10-27,
ACCT202468,CUST101521,checking,active,2023-11-10,
ACCT202469,CUST101521,checking,active,2024-04-05,
ACCT202470,CUST101521,checking,active,2023-09-21,
ACCT202471,CUST101522,savings,active,2024-11-19,
ACCT202472,CUST101523,checking,active,2023-09-11,
ACCT202473,CUST101524,savings,active,2023-12-17,
ACCT202474,CUST101525,credit,active,2023-06-19,
ACCT202475,CUST101526,checking,active,2023-06-06,
ACCT202476,CUST101526,savings,active,2023-04-26,
ACCT202477,CUST101527,savings,active,2023-12-30,
ACCT202478,CUST101527,credit,active,2023-10-21,
ACCT202479,CUST101527,checking,active,2023-02-27,
ACCT202480,CUST101528,checking,active,2024-11-02,
ACCT202481,CUST101528,savings,active,2024-03-02,
ACCT202482,CUST101529,checking,active,2024-07-14,
ACCT202483,CUST101530,checking,active,2024-02-29,
ACCT202484,CUST101530,checking,active,2023-08-27,
ACCT202485,CUST101531,checking,active,2023-03-12,
ACCT202486,CUST101532,savings,active,2024-02-23,
ACCT202487,CUST101533,checking,active,2024-11-30,
ACCT202488,CUST101534,savings,active,2023-06-09,
ACCT202489,CUST101535,checking,active,2023-08-27,
ACCT202490,CUST101536,checking,active,2024-11-27,
ACCT202491,CUST101537,checking,active,2023-10-21,
ACCT202492,CUST101538,savings,active,2023-04-03,
ACCT202493,CUST101538,checking,active,2024-07-25,
ACCT202494,CUST101539,credit,active,2023-02-09,
ACCT202495,CUST101540,checking,active,2023-03-02,
ACCT202496,CUST101541,credit,active,2023-02-04,
ACCT202497,CUST101541,checking,active,2023-12-04,
ACCT202498,CUST101542,savings,active,2024-03-10,
ACCT202499,CUST101543,checking,active,2024-09-19,
ACCT202500,CUST101543,checking,active,2024-01-14,
ACCT202501,CUST101544,savings,active,2024-06-18,
ACCT202502,CUST101544,savings,active,2023-12-11,
ACCT202503,CUST101545,credit,active,2023-12-02,
ACCT202504,CUST101546,savings,active,2024-01-02,
ACCT202505,CUST101547,savings,active,2023-03-30,
ACCT202506,CUST101548,checking,active,2023-04-11,
ACCT202507,CUST101548,checking,active,2024-05-11,
ACCT202508,CUST101548,credit,active,2023-05-01,
ACCT202509,CUST101549,checking,active,2023-06-08,
ACCT202510,CUST101549,checking,active,2023-07-30,
ACCT202511,CUST101550,checking,active,2024-06-20,
ACCT202512,CUST101551,credit,active,2024-06-17,
ACCT202513,CUST101551,checking,frozen,2023-08-25,
ACCT202514,CUST101551,savings,active,2023-05-19,
ACCT202515,CUST101552,checking,active,2024-04-30,
ACCT202516,CUST101553,checking,active,2024-09-06,
ACCT202517,CUST101553,savings,active,2024-07-02,
ACCT202518,CUST101553,savings,active,2023-07-25,
ACCT202519,CUST101554,savings,active,2024-02-01,
ACCT202520,CUST101554,checking,frozen,2023-11-05,
ACCT202521,CUST101554,savings,active,2023-11-19,
ACCT202522,CUST101555,savings,active,2023-04-07,
ACCT202523,CUST101555,checking,active,2024-11-21,
ACCT202524,CUST101556,savings,active,2024-11-04,
ACCT202525,CUST101557,checking,active,2023-07-17,
ACCT202526,CUST101558,checking,active,2023-07-15,
ACCT202527,CUST101558,checking,active,2024-03-04,
ACCT202528,CUST101559,savings,active,2024-11-01,
ACCT202529,CUST101560,checking,frozen,2023-02-13,
ACCT202530,CUST101561,checking,active,2024-10-07,
ACCT202531,CUST101561,checking,active,2024-07-20,
ACCT202532,CUST101562,checking,active,2024-08-03,
ACCT202533,CUST101563,credit,active,2024-11-20,
ACCT202534,CUST101563,checking,active,2024-09-07,
ACCT202535,CUST101563,savings,active,2023-06-03,
ACCT202536,CUST101564,checking,active,2024-05-08,
ACCT202537,CUST101564,checking,active,2023-05-29,
ACCT202538,CUST101565,checking,active,2023-08-26,
ACCT202539,CUST101566,credit,frozen,2024-11-15,
ACCT202540,CUST101567,savings,active,2023-12-07,
ACCT202541,CUST101567,checking,active,2023-04-16,
ACCT202542,CUST101568,savings,closed,2023-06-25,2024-09-03
ACCT202543,CUST101569,checking,active,2023-08-07,
ACCT202544,CUST101569,checking,active,2024-05-22,
ACCT202545,CUST101569,checking,active,2024-08-30,
ACCT202546,CUST101570,checking,active,2023-06-07,
ACCT202547,CUST101571,checking,active,2024-06-08,
ACCT202548,CUST101572,credit,active,2023-03-31,
ACCT202549,CUST101573,checking,active,2023-01-15,
ACCT202550,CUST101573,checking,active,2023-08-29,
ACCT202551,CUST101573,credit,active,2023-08-12,
ACCT202552,CUST101574,savings,active,2024-03-11,
ACCT202553,CUST101575,checking,active,2024-05-16,
ACCT202554,CUST101575,checking,active,2024-01-15,
ACCT202555,CUST101576,savings,active,2023-02-28,
ACCT202556,CUST101577,checking,active,2023-10-08,
ACCT202557,CUST101578,savings,active,2023-03-12,
ACCT202558,CUST101579,savings,active,2024-03-24,
ACCT202559,CUST101580,savings,active,2024-05-06,
ACCT202560,CUST101580,checking,active,2023-12-10,
ACCT202561,CUST101581,checking,active,2024-06-06,
ACCT202562,CUST101582,checking,active,2024-11-19,
ACCT202563,CUST101582,checking,active,2024-05-14,
ACCT202564,CUST101583,checking,active,2024-01-05,
ACCT202565,CUST101584,checking,active,2023-01-31,
ACCT202566,CUST101584,savings,active,2024-09-12,
ACCT202567,CUST101585,checking,active,2023-11-18,
ACCT202568,CUST101585,savings,active,2023-12-24,
ACCT202569,CUST101585,credit,active,2024-07-31,
ACCT202570,CUST101586,credit,active,2023-10-26,
ACCT202571,CUST101586,checking,active,2024-10-07,
ACCT202572,CUST101587,checking,active,2024-04-03,
ACCT202573,CUST101588,checking,active,2024-11-11,
ACCT202574,CUST101589,checking,active,2023-11-19,
ACCT202575,CUST101590,checking,active,2023-04-02,
ACCT202576,CUST101591,checking,active,2024-04-04,
ACCT202577,CUST101591,credit,active,2024-03-18,
ACCT202578,CUST101592,checking,active,2024-07-25,
ACCT202579,CUST101592,savings,active,2023-08-20,
ACCT202580,CUST101593,savings,active,2024-11-07,
ACCT202581,CUST101593,checking,active,2024-10-05,
ACCT202582,CUST101594,savings,active,2024-02-12,
ACCT202583,CUST101594,checking,active,2024-06-21,
ACCT202584,CUST101595,checking,active,2024-04-17,
ACCT202585,CUST101596,checking,active,2024-02-01,
ACCT202586,CUST101596,checking,active,2023-01-27,
ACCT202587,CUST101597,credit,active,2024-02-22,
ACCT202588,CUST101598,credit,active,2024-10-15,
ACCT202589,CUST101599,checking,active,2023-09-09,
ACCT202590,CUST101600,checking,active,2024-03-04,
ACCT202591,CUST101601,savings,active,2023-06-17,
ACCT202592,CUST101602,savings,active,2023-06-20,
ACCT202593,CUST101603,checking,active,2023-04-29,
ACCT202594,CUST101603,checking,active,2023-10-29,
ACCT202595,CUST101604,credit,frozen,2023-07-27,
ACCT202596,CUST101605,credit,active,2024-03-13,
ACCT202597,CUST101606,credit,active,2024-06-02,
ACCT202598,CUST101606,credit,active,2024-03-30,
ACCT202599,CUST101607,savings,closed,2023-09-10,2024-12-09
ACCT202600,CUST101607,savings,active,2023-12-26,
ACCT202601,CUST101607,checking,active,2023-01-10,
ACCT202602,CUST101608,credit,active,2023-12-23,
ACCT202603,CUST101608,checking,active,2023-12-06,
ACCT202604,CUST101609,checking,active,2023-11-26,
ACCT202605,CUST101610,checking,active,2024-04-04,
ACCT202606,CUST101611,checking,active,2023-05-05,
ACCT202607,CUST101611,checking,active,2023-02-07,
ACCT202608,CUST101612,savings,active,2023-06-08,
ACCT202609,CUST101613,credit,active,2024-07-16,
ACCT202610,CUST101614,checking,active,2024-03-03,
ACCT202611,CUST101614,checking,active,2024-03-26,
ACCT202612,CUST101615,savings,active,2023-06-11,
ACCT202613,CUST101616,checking,active,2023-02-11,
ACCT202614,CUST101617,checking,active,2024-02-18,
ACCT202615,CUST101618,checking,active,2024-04-25,
ACCT202616,CUST101618,checking,active,2024-01-16,
ACCT202617,CUST101619,credit,active,2023-02-22,
ACCT202618,CUST101619,checking,active,2023-03-08,
ACCT202619,CUST101619,checking,active,2024-01-08,
ACCT202620,CUST101620,savings,active,2023-06-20,
ACCT202621,CUST101621,savings,active,2023-11-20,
ACCT202622,CUST101621,checking,active,2024-01-18,
ACCT202623,CUST101622,savings,active,2023-01-01,
ACCT202624,CUST101622,credit,active,2024-02-16,
ACCT202625,CUST101623,credit,active,2024-11-04,
ACCT202626,CUST101624,savings,active,2024-02-07,
ACCT202627,CUST101625,checking,active,2024-02-22,
ACCT202628,CUST101625,checking,active,2023-08-29,
ACCT202629,CUST101625,credit,active,2024-11-15,
ACCT202630,CUST101626,credit,active,2023-09-22,
ACCT202631,CUST101627,checking,active,2024-08-01,
ACCT202632,CUST101627,savings,active,2023-01-11,
ACCT202633,CUST101628,credit,active,2023-05-02,
ACCT202634,CUST101629,checking,active,2024-02-06,
ACCT202635,CUST101630,credit,active,2023-01-09,
ACCT202636,CUST101630,checking,active,2024-11-25,
ACCT202637,CUST101630,credit,active,2023-01-29,
ACCT202638,CUST101631,checking,active,2023-10-27,
ACCT202639,CUST101632,savings,active,2024-02-12,
ACCT202640,CUST101633,savings,active,2023-01-22,
ACCT202641,CUST101634,savings,active,2024-04-23,
ACCT202642,CUST101634,savings,active,2023-03-04,
ACCT202643,CUST101634,checking,active,2023-03-30,
ACCT202644,CUST101635,savings,frozen,2023-12-08,
ACCT202645,CUST101636,savings,active,2023-07-28,
ACCT202646,CUST101636,savings,active,2024-10-09,
ACCT202647,CUST101636,savings,closed,2023-12-06,2024-07-16
ACCT202648,CUST101637,checking,active,2023-02-01,
ACCT202649,CUST101638,savings,frozen,2024-11-21,
ACCT202650,CUST101638,checking,active,2024-06-06,
ACCT202651,CUST101639,checking,active,2024-04-18,
ACCT202652,CUST101639,savings,active,2023-04-12,
ACCT202653,CUST101639,savings,active,2023-10-13,
ACCT202654,CUST101640,checking,active,2024-11-27,
ACCT202655,CUST101641,checking,active,2024-03-12,
ACCT202656,CUST101641,credit,active,2023-12-04,
ACCT202657,CUST101642,checking,active,2023-02-20,
ACCT202658,CUST101642,checking,active,2024-07-20,
ACCT202659,CUST101642,checking,active,2023-09-12,
ACCT202660,CUST101643,checking,active,2023-04-29,
ACCT202661,CUST101644,savings,active,2024-05-14,
ACCT202662,CUST101645,checking,active,2024-07-31,
ACCT202663,CUST101646,checking,active,2023-03-31,
ACCT202664,CUST101647,credit,active,2023-07-20,
ACCT202665,CUST101648,savings,active,2024-07-12,
ACCT202666,CUST101648,credit,active,2023-08-08,
ACCT202667,CUST101648,credit,frozen,2024-06-24,
ACCT202668,CUST101649,checking,active,2024-11-22,
ACCT202669,CUST101649,checking,frozen,2023-05-26,
ACCT202670,CUST101649,checking,active,2024-05-27,
ACCT202671,CUST101650,credit,active,2024-02-25,
ACCT202672,CUST101651,credit,active,2024-06-30,
ACCT202673,CUST101651,checking,active,2024-11-09,
ACCT202674,CUST101652,checking,active,2024-05-07,
ACCT202675,CUST101652,checking,active,2023-01-08,
ACCT202676,CUST101652,savings,active,2024-10-06,
ACCT202677,CUST101653,checking,active,2024-07-21,
ACCT202678,CUST101654,checking,active,2024-05-01,
ACCT202679,CUST101655,savings,active,2023-09-19,
ACCT202680,CUST101656,credit,active,2023-09-15,
ACCT202681,CUST101657,savings,frozen,2023-04-14,
ACCT202682,CUST101657,savings,active,2023-10-27,
ACCT202683,CUST101658,checking,active,2024-01-20,
ACCT202684,CUST101658,checking,active,2024-04-28,
ACCT202685,CUST101659,savings,closed,2024-10-08,2025-12-17
ACCT202686,CUST101659,checking,frozen,2023-02-07,
ACCT202687,CUST101660,checking,active,2024-08-10,
ACCT202688,CUST101661,savings,active,2023-05-22,
ACCT202689,CUST101662,credit,active,2023-12-27,
ACCT202690,CUST101663,credit,frozen,2023-02-02,
ACCT202691,CUST101664,checking,active,2024-09-12,
ACCT202692,CUST101665,credit,active,2024-07-19,
ACCT202693,CUST101666,credit,active,2024-05-24,
ACCT202694,CUST101667,savings,active,2024-10-26,
ACCT202695,CUST101668,checking,active,2023-02-27,
ACCT202696,CUST101669,checking,active,2023-01-16,
ACCT202697,CUST101670,credit,active,2024-01-17,
ACCT202698,CUST101671,checking,active,2024-05-04,
ACCT202699,CUST101672,checking,active,2024-05-13,
ACCT202700,CUST101673,savings,active,2024-06-14,
ACCT202701,CUST101673,checking,active,2023-08-11,
ACCT202702,CUST101674,credit,active,2024-05-23,
ACCT202703,CUST101674,checking,active,2023-05-22,
ACCT202704,CUST101674,savings,active,2024-03-08,
ACCT202705,CUST101675,savings,active,2024-03-10,
ACCT202706,CUST101675,checking,active,2023-02-21,
ACCT202707,CUST101676,checking,active,2024-06-29,
ACCT202708,CUST101677,checking,frozen,2024-02-04,
ACCT202709,CUST101678,checking,active,2023-01-20,
ACCT202710,CUST101678,savings,active,2024-03-20,
ACCT202711,CUST101678,savings,active,2024-04-19,
ACCT202712,CUST101679,credit,active,2023-01-14,
ACCT202713,CUST101680,checking,active,2023-10-28,
ACCT202714,CUST101681,credit,active,2024-08-23,
ACCT202715,CUST101682,credit,active,2024-09-29,
ACCT202716,CUST101682,checking,active,2024-09-25,
ACCT202717,CUST101682,savings,active,2024-09-28,
ACCT202718,CUST101683,checking,active,2023-06-12,
ACCT202719,CUST101683,checking,active,2024-05-15,
ACCT202720,CUST101683,checking,active,2024-07-22,
ACCT202721,CUST101684,checking,active,2023-02-11,
ACCT202722,CUST101685,credit,active,2023-07-27,
ACCT202723,CUST101685,savings,active,2024-03-17,
ACCT202724,CUST101686,checking,active,2024-08-31,
ACCT202725,CUST101686,checking,closed,2023-07-13,2024-03-26
ACCT202726,CUST101687,checking,active,2023-07-09,
ACCT202727,CUST101688,checking,active,2023-06-16,
ACCT202728,CUST101688,checking,active,2024-03-11,
ACCT202729,CUST101689,checking,closed,2024-01-23,2025-04-21
ACCT202730,CUST101689,checking,active,2023-08-07,
ACCT202731,CUST101690,checking,active,2023-11-26,
ACCT202732,CUST101691,savings,active,2023-01-11,
ACCT202733,CUST101691,credit,active,2023-12-08,
ACCT202734,CUST101692,savings,active,2023-09-30,
ACCT202735,CUST101693,checking,active,2024-04-25,
ACCT202736,CUST101694,credit,active,2024-04-17,
ACCT202737,CUST101694,checking,active,2023-01-04,
ACCT202738,CUST101695,checking,active,2023-01-22,
ACCT202739,CUST101696,credit,active,2023-07-21,
ACCT202740,CUST101697,checking,active,2024-03-10,
ACCT202741,CUST101697,checking,active,2023-06-21,
ACCT202742,CUST101697,checking,active,2023-04-10,
ACCT202743,CUST101698,credit,active,2024-01-29,
ACCT202744,CUST101699,checking,active,2023-12-11,
ACCT202745,CUST101699,checking,active,2023-05-08,
ACCT202746,CUST101700,checking,active,2023-11-23,
ACCT202747,CUST101701,savings,active,2023-04-13,
ACCT202748,CUST101702,checking,active,2023-09-09,
ACCT202749,CUST101703,checking,active,2023-07-21,
ACCT202750,CUST101704,credit,active,2024-07-31,
ACCT202751,CUST101705,savings,active,2024-05-29,
ACCT202752,CUST101706,savings,active,2024-09-22,
ACCT202753,CUST101707,checking,active,2024-01-17,
ACCT202754,CUST101707,savings,active,2024-03-03,
ACCT202755,CUST101708,savings,active,2024-03-09,
ACCT202756,CUST101708,checking,active,2024-11-26,
ACCT202757,CUST101709,checking,active,2023-02-19,
ACCT202758,CUST101709,savings,active,2024-04-15,
ACCT202759,CUST101709,savings,frozen,2024-06-08,
ACCT202760,CUST101710,credit,active,2023-07-24,
ACCT202761,CUST101711,credit,active,2024-07-02,
ACCT202762,CUST101712,savings,active,2023-06-30,
ACCT202763,CUST101713,savings,active,2024-03-30,
ACCT202764,CUST101714,savings,active,2024-05-08,
ACCT202765,CUST101715,savings,active,2023-07-07,
ACCT202766,CUST101716,credit,active,2024-04-12,
ACCT202767,CUST101717,checking,active,2023-10-10,
ACCT202768,CUST101718,checking,active,2024-11-05,
ACCT202769,CUST101719,checking,active,2023-04-13,
ACCT202770,CUST101720,checking,active,2024-03-13,
ACCT202771,CUST101721,savings,active,2023-09-01,
ACCT202772,CUST101722,checking,active,2024-09-20,
ACCT202773,CUST101723,credit,active,2023-09-11,
ACCT202774,CUST101724,checking,active,2024-04-24,
ACCT202775,CUST101724,savings,active,2024-07-21,
ACCT202776,CUST101725,checking,active,2023-03-28,
ACCT202777,CUST101725,savings,active,2023-05-05,
ACCT202778,CUST101726,savings,active,2023-06-23,
ACCT202779,CUST101727,checking,active,2023-10-14,
ACCT202780,CUST101728,checking,active,2024-01-22,
ACCT202781,CUST101728,checking,active,2024-02-01,
ACCT202782,CUST101728,credit,frozen,2023-05-13,
ACCT202783,CUST101729,checking,active,2023-08-27,
ACCT202784,CUST101730,checking,active,2024-09-16,
ACCT202785,CUST101731,savings,active,2023-02-18,
ACCT202786,CUST101732,checking,active,2023-09-23,
ACCT202787,CUST101733,checking,active,2024-02-28,
ACCT202788,CUST101733,checking,active,2024-06-01,
ACCT202789,CUST101733,credit,active,2023-05-15,
ACCT202790,CUST101734,credit,active,2023-06-18,
ACCT202791,CUST101734,checking,active,2024-07-08,
ACCT202792,CUST101734,checking,active,2023-11-27,
ACCT202793,CUST101735,credit,active,2023-04-12,
ACCT202794,CUST101736,checking,active,2023-01-09,
ACCT202795,CUST101737,checking,active,2023-10-30,
ACCT202796,CUST101737,savings,active,2024-08-02,
ACCT202797,CUST101738,checking,active,2024-02-19,
ACCT202798,CUST101739,checking,active,2024-06-30,
ACCT202799,CUST101739,checking,active,2023-06-06,
ACCT202800,CUST101740,checking,active,2024-11-05,
ACCT202801,CUST101741,savings,active,2023-07-06,
ACCT202802,CUST101741,credit,active,2023-09-04,
ACCT202803,CUST101742,checking,active,2023-10-23,
ACCT202804,CUST101742,checking,active,2023-08-30,
ACCT202805,CUST101743,credit,active,2023-01-14,
ACCT202806,CUST101744,checking,active,2023-01-17,
ACCT202807,CUST101744,checking,active,2024-06-26,
ACCT202808,CUST101745,checking,active,2023-07-28,
ACCT202809,CUST101746,credit,active,2024-08-12,
ACCT202810,CUST101747,checking,active,2023-02-03,
ACCT202811,CUST101747,savings,closed,2024-01-29,2025-05-18
ACCT202812,CUST101748,savings,active,2024-05-05,
ACCT202813,CUST101749,checking,frozen,2023-11-17,
ACCT202814,CUST101749,checking,active,2023-10-08,
ACCT202815,CUST101749,checking,active,2024-01-30,
ACCT202816,CUST101750,savings,active,2024-04-23,
ACCT202817,CUST101751,savings,active,2023-12-28,
ACCT202818,CUST101752,checking,active,2024-10-07,
ACCT202819,CUST101753,checking,active,2023-08-27,
ACCT202820,CUST101754,checking,active,2024-06-28,
ACCT202821,CUST101755,checking,active,2024-02-15,
ACCT202822,CUST101755,savings,active,2023-04-05,
ACCT202823,CUST101755,credit,active,2024-05-10,
ACCT202824,CUST101756,checking,active,2023-10-24,
ACCT202825,CUST101756,checking,active,2023-11-18,
ACCT202826,CUST101757,credit,active,2023-08-12,
ACCT202827,CUST101758,checking,active,2023-12-09,
ACCT202828,CUST101759,checking,active,2024-08-06,
ACCT202829,CUST101760,credit,frozen,2023-07-06,
ACCT202830,CUST101761,savings,active,2023-09-14,
ACCT202831,CUST101761,checking,active,2023-12-07,
ACCT202832,CUST101762,savings,active,2024-11-30,
ACCT202833,CUST101763,checking,active,2024-02-29,
ACCT202834,CUST101764,checking,active,2024-08-06,
ACCT202835,CUST101765,checking,active,2023-11-21,
ACCT202836,CUST101766,checking,active,2024-08-17,
ACCT202837,CUST101767,checking,active,2023-08-11,
ACCT202838,CUST101767,savings,closed,2023-12-30,2024-10-25
ACCT202839,CUST101768,checking,active,2023-11-16,
ACCT202840,CUST101768,checking,active,2024-11-14,
ACCT202841,CUST101769,checking,active,2024-06-08,
ACCT202842,CUST101770,checking,active,2024-05-16,
ACCT202843,CUST101770,savings,active,2023-06-08,
ACCT202844,CUST101771,credit,closed,2024-05-11,2025-06-28
ACCT202845,CUST101771,credit,active,2024-11-03,
ACCT202846,CUST101772,savings,active,2024-02-24,
ACCT202847,CUST101772,checking,active,2024-03-14,
ACCT202848,CUST101773,credit,active,2024-02-27,
ACCT202849,CUST101774,checking,closed,2024-09-26,2025-07-05
ACCT202850,CUST101775,savings,active,2024-01-15,
ACCT202851,CUST101776,checking,active,2024-05-05,
ACCT202852,CUST101777,credit,active,2024-11-13,
ACCT202853,CUST101778,checking,active,2024-10-26,
ACCT202854,CUST101779,savings,active,2024-08-09,
ACCT202855,CUST101780,credit,active,2023-01-04,
ACCT202856,CUST101780,checking,active,2023-02-13,
ACCT202857,CUST101781,checking,active,2024-11-25,
ACCT202858,CUST101782,credit,active,2024-06-24,
ACCT202859,CUST101783,checking,active,2024-10-11,
ACCT202860,CUST101784,checking,active,2023-03-02,
ACCT202861,CUST101785,checking,active,2023-02-28,
ACCT202862,CUST101786,checking,closed,2023-06-09,2023-09-07
ACCT202863,CUST101786,savings,active,2023-08-12,
ACCT202864,CUST101787,credit,active,2024-08-02,
ACCT202865,CUST101788,checking,active,2024-03-08,
ACCT202866,CUST101789,savings,active,2024-11-24,
ACCT202867,CUST101789,credit,active,2023-09-15,
ACCT202868,CUST101789,savings,active,2023-10-04,
ACCT202869,CUST101790,checking,active,2023-05-31,
ACCT202870,CUST101791,credit,active,2024-07-20,
ACCT202871,CUST101791,credit,active,2023-09-15,
ACCT202872,CUST101791,checking,active,2024-09-04,
ACCT202873,CUST101792,checking,active,2023-08-02,
ACCT202874,CUST101792,credit,closed,2023-01-19,2024-03-18
ACCT202875,CUST101793,checking,active,2023-05-26,
ACCT202876,CUST101794,credit,active,2023-09-15,
ACCT202877,CUST101794,credit,active,2023-08-09,
ACCT202878,CUST101795,credit,active,2023-06-16,
ACCT202879,CUST101795,savings,active,2023-10-25,
ACCT202880,CUST101796,checking,active,2024-09-16,
ACCT202881,CUST101797,checking,active,2024-02-24,
ACCT202882,CUST101797,checking,active,2024-10-23,
ACCT202883,CUST101798,checking,active,2024-04-19,
ACCT202884,CUST101798,checking,active,2024-04-27,
ACCT202885,CUST101799,checking,active,2024-11-12,
ACCT202886,CUST101800,checking,active,2024-10-19,
ACCT202887,CUST101800,checking,active,2023-03-07,
ACCT202888,CUST101800,checking,active,2024-10-17,
ACCT202889,CUST101801,checking,active,2024-01-10,
ACCT202890,CUST101801,checking,frozen,2023-01-21,
ACCT202891,CUST101801,credit,active,2023-05-10,
ACCT202892,CUST101802,credit,active,2024-08-11,
ACCT202893,CUST101803,checking,active,2023-10-05,
ACCT202894,CUST101804,credit,active,2023-06-22,
ACCT202895,CUST101804,savings,active,2023-09-10,
ACCT202896,CUST101805,credit,active,2024-06-09,
ACCT202897,CUST101806,credit,active,2024-09-16,
ACCT202898,CUST101806,credit,active,2023-11-21,
ACCT202899,CUST101807,checking,active,2023-10-21,
ACCT202900,CUST101807,checking,active,2024-06-03,
ACCT202901,CUST101808,checking,active,2023-06-10,
ACCT202902,CUST101809,checking,active,2024-11-30,
ACCT202903,CUST101810,savings,active,2024-04-01,
ACCT202904,CUST101810,savings,active,2024-11-29,
ACCT202905,CUST101811,checking,active,2023-09-02,
ACCT202906,CUST101812,checking,active,2023-03-11,
ACCT202907,CUST101812,checking,active,2023-12-22,
ACCT202908,CUST101813,checking,closed,2023-11-26,2024-09-15
ACCT202909,CUST101813,checking,active,2024-04-23,
ACCT202910,CUST101813,credit,active,2024-11-07,
ACCT202911,CUST101814,checking,active,2023-05-10,
ACCT202912,CUST101814,checking,active,2024-11-01,
ACCT202913,CUST101815,credit,active,2024-11-24,
ACCT202914,CUST101815,checking,active,2024-05-17,
ACCT202915,CUST101816,savings,active,2023-11-22,
ACCT202916,CUST101816,savings,active,2024-11-11,
ACCT202917,CUST101817,checking,active,2024-02-11,
ACCT202918,CUST101818,savings,active,2024-11-08,
ACCT202919,CUST101818,credit,closed,2023-04-16,2023-11-10
ACCT202920,CUST101819,savings,active,2023-01-26,
ACCT202921,CUST101820,savings,active,2024-08-16,
ACCT202922,CUST101821,savings,active,2023-01-31,
ACCT202923,CUST101822,checking,active,2024-01-12,
ACCT202924,CUST101823,checking,active,2023-11-12,
ACCT202925,CUST101824,checking,active,2023-02-16,
ACCT202926,CUST101824,checking,active,2024-10-01,
ACCT202927,CUST101825,checking,active,2023-09-06,
ACCT202928,CUST101826,checking,active,2023-11-19,
ACCT202929,CUST101827,checking,active,2024-09-14,
ACCT202930,CUST101828,checking,active,2024-02-16,
ACCT202931,CUST101828,checking,active,2024-09-20,
ACCT202932,CUST101829,checking,active,2023-04-23,
ACCT202933,CUST101829,savings,active,2023-08-25,
ACCT202934,CUST101830,checking,active,2024-09-07,
ACCT202935,CUST101830,checking,active,2023-01-20,
ACCT202936,CUST101831,savings,active,2023-04-01,
ACCT202937,CUST101831,checking,active,2024-01-27,
ACCT202938,CUST101832,credit,active,2023-02-26,
ACCT202939,CUST101833,savings,active,2023-08-02,
ACCT202940,CUST101834,checking,active,2023-07-05,
ACCT202941,CUST101834,checking,active,2023-11-11,
ACCT202942,CUST101835,credit,active,2023-04-15,
ACCT202943,CUST101836,checking,active,2023-04-11,
ACCT202944,CUST101837,checking,active,2023-10-14,
ACCT202945,CUST101838,checking,active,2023-08-21,
ACCT202946,CUST101838,checking,active,2024-08-22,
ACCT202947,CUST101839,checking,active,2024-08-28,
ACCT202948,CUST101839,checking,active,2024-02-04,
ACCT202949,CUST101839,savings,active,2023-08-27,
ACCT202950,CUST101840,savings,active,2024-06-28,
ACCT202951,CUST101841,checking,active,2024-06-01,
ACCT202952,CUST101842,checking,active,2024-05-06,
ACCT202953,CUST101842,credit,active,2023-01-30,
ACCT202954,CUST101843,savings,active,2023-08-30,
ACCT202955,CUST101843,savings,active,2024-07-26,
ACCT202956,CUST101843,checking,active,2023-02-21,
ACCT202957,CUST101844,credit,active,2023-08-21,
ACCT202958,CUST101845,savings,active,2024-11-10,
ACCT202959,CUST101846,checking,active,2024-07-19,
ACCT202960,CUST101846,checking,active,2024-07-12,
ACCT202961,CUST101847,savings,active,2024-04-03,
ACCT202962,CUST101847,checking,active,2023-10-15,
ACCT202963,CUST101848,savings,active,2023-01-15,
ACCT202964,CUST101849,checking,active,2023-05-25,
ACCT202965,CUST101849,checking,active,2023-09-22,
ACCT202966,CUST101850,credit,closed,2024-03-21,2024-11-05
ACCT202967,CUST101851,checking,active,2024-10-12,
ACCT202968,CUST101851,checking,active,2024-10-11,
ACCT202969,CUST101852,checking,active,2024-03-06,
ACCT202970,CUST101852,savings,active,2024-10-27,
ACCT202971,CUST101853,checking,active,2024-11-01,
ACCT202972,CUST101853,credit,active,2024-08-08,
ACCT202973,CUST101853,checking,frozen,2023-02-03,
ACCT202974,CUST101854,checking,active,2023-03-13,
ACCT202975,CUST101854,savings,active,2024-05-09,
ACCT202976,CUST101855,checking,active,2024-07-16,
ACCT202977,CUST101856,savings,active,2023-04-22,
ACCT202978,CUST101856,savings,active,2023-03-13,
ACCT202979,CUST101857,credit,active,2024-03-03,
ACCT202980,CUST101858,savings,active,2024-10-18,
ACCT202981,CUST101858,credit,active,2024-11-11,
ACCT202982,CUST101859,checking,active,2024-03-03,
ACCT202983,CUST101860,savings,frozen,2024-01-13,
ACCT202984,CUST101861,checking,active,2024-08-02,
ACCT202985,CUST101862,savings,active,2024-04-14,
ACCT202986,CUST101862,savings,active,2024-08-13,
ACCT202987,CUST101862,checking,active,2023-02-23,
ACCT202988,CUST101863,savings,active,2023-07-10,
ACCT202989,CUST101864,credit,active,2023-12-04,
ACCT202990,CUST101865,checking,active,2023-10-20,
ACCT202991,CUST101865,credit,active,2023-01-20,
ACCT202992,CUST101866,checking,active,2024-02-02,
ACCT202993,CUST101866,savings,active,2023-01-06,
ACCT202994,CUST101867,checking,active,2023-09-02,
ACCT202995,CUST101867,checking,active,2023-02-28,
ACCT202996,CUST101868,savings,active,2024-10-02,
ACCT202997,CUST101869,savings,active,2024-05-07,
ACCT202998,CUST101870,savings,active,2024-05-13,
ACCT202999,CUST101870,credit,active,2023-10-11,
ACCT203000,CUST101871,checking,active,2024-02-06,
ACCT203001,CUST101872,savings,active,2024-03-27,
ACCT203002,CUST101872,credit,active,2023-08-08,
ACCT203003,CUST101872,checking,active,2023-08-17,
ACCT203004,CUST101873,credit,active,2023-04-04,
ACCT203005,CUST101874,checking,active,2024-06-10,
ACCT203006,CUST101874,savings,active,2023-02-17,
ACCT203007,CUST101874,savings,active,2024-05-22,
ACCT203008,CUST101875,checking,active,2024-06-04,
ACCT203009,CUST101875,savings,active,2023-04-20,
ACCT203010,CUST101876,savings,active,2024-04-17,
ACCT203011,CUST101876,checking,active,2023-06-14,
ACCT203012,CUST101877,checking,closed,2023-08-10,2023-11-23
ACCT203013,CUST101877,savings,active,2024-02-27,
ACCT203014,CUST101878,savings,active,2023-07-26,
ACCT203015,CUST101879,checking,active,2024-03-03,
ACCT203016,CUST101879,credit,active,2023-10-08,
ACCT203017,CUST101880,credit,active,2023-08-23,
ACCT203018,CUST101881,checking,closed,2024-03-10,2024-05-23
ACCT203019,CUST101882,checking,frozen,2024-07-20,
ACCT203020,CUST101883,checking,active,2023-06-13,
ACCT203021,CUST101884,checking,active,2023-06-16,
ACCT203022,CUST101884,checking,active,2023-04-28,
ACCT203023,CUST101884,credit,active,2024-03-24,
ACCT203024,CUST101885,credit,active,2024-10-18,
ACCT203025,CUST101886,savings,active,2024-11-11,
ACCT203026,CUST101887,checking,active,2024-01-03,
ACCT203027,CUST101887,checking,active,2023-11-25,
ACCT203028,CUST101888,checking,active,2023-10-31,
ACCT203029,CUST101888,checking,active,2023-03-21,
ACCT203030,CUST101889,savings,active,2024-09-08,
ACCT203031,CUST101889,checking,active,2024-06-27,
ACCT203032,CUST101890,checking,active,2024-05-07,
ACCT203033,CUST101891,savings,active,2024-03-25,
ACCT203034,CUST101892,savings,active,2024-07-01,
ACCT203035,CUST101892,checking,active,2023-06-14,
ACCT203036,CUST101892,checking,active,2024-01-03,
ACCT203037,CUST101893,checking,active,2024-08-17,
ACCT203038,CUST101894,savings,active,2024-09-01,
ACCT203039,CUST101894,credit,active,2024-06-14,
ACCT203040,CUST101894,savings,active,2023-01-17,
ACCT203041,CUST101895,checking,active,2023-03-04,
ACCT203042,CUST101895,checking,active,2023-12-24,
ACCT203043,CUST101896,checking,active,2024-03-23,
ACCT203044,CUST101897,savings,active,2023-08-17,
ACCT203045,CUST101898,checking,active,2023-08-24,
ACCT203046,CUST101899,checking,active,2024-01-25,
ACCT203047,CUST101900,credit,active,2024-05-11,
ACCT203048,CUST101901,checking,active,2024-07-13,
ACCT203049,CUST101902,checking,active,2023-05-02,
ACCT203050,CUST101903,savings,active,2023-05-07,
ACCT203051,CUST101903,savings,active,2024-04-02,
ACCT203052,CUST101904,credit,active,2024-05-08,
ACCT203053,CUST101905,checking,active,2023-06-21,
ACCT203054,CUST101906,checking,active,2024-04-28,
ACCT203055,CUST101906,checking,active,2023-11-07,
ACCT203056,CUST101907,checking,active,2024-09-30,
ACCT203057,CUST101908,checking,active,2024-10-07,
ACCT203058,CUST101908,checking,active,2023-03-10,
ACCT203059,CUST101908,checking,active,2024-01-19,
ACCT203060,CUST101909,checking,active,2023-01-13,
ACCT203061,CUST101910,credit,active,2023-11-28,
ACCT203062,CUST101910,checking,active,2023-11-29,
ACCT203063,CUST101911,checking,active,2023-07-27,
ACCT203064,CUST101912,checking,frozen,2023-01-10,
ACCT203065,CUST101912,checking,closed,2023-10-12,2024-10-02
ACCT203066,CUST101912,credit,active,2023-02-20,
ACCT203067,CUST101913,checking,active,2023-12-10,
ACCT203068,CUST101913,checking,active,2023-06-05,
ACCT203069,CUST101913,checking,active,2024-10-16,
ACCT203070,CUST101914,checking,closed,2024-09-30,2025-11-16
ACCT203071,CUST101915,savings,active,2024-04-28,
ACCT203072,CUST101915,savings,active,2024-06-13,
ACCT203073,CUST101916,savings,active,2024-05-13,
ACCT203074,CUST101917,checking,active,2024-07-13,
ACCT203075,CUST101917,savings,active,2024-08-16,
ACCT203076,CUST101918,savings,active,2023-10-09,
ACCT203077,CUST101918,checking,frozen,2024-02-10,
ACCT203078,CUST101918,checking,active,2024-05-22,
ACCT203079,CUST101919,checking,active,2023-02-24,
ACCT203080,CUST101920,credit,active,2023-03-27,
ACCT203081,CUST101920,checking,active,2024-10-21,
ACCT203082,CUST101920,savings,active,2023-11-21,
ACCT203083,CUST101921,checking,active,2024-01-06,
ACCT203084,CUST101921,credit,active,2024-07-16,
ACCT203085,CUST101921,checking,active,2023-07-01,
ACCT203086,CUST101922,checking,closed,2023-04-08,2024-04-01
ACCT203087,CUST101923,checking,frozen,2024-05-20,
ACCT203088,CUST101924,checking,active,2023-03-05,
ACCT203089,CUST101925,checking,active,2023-08-26,
ACCT203090,CUST101925,checking,active,2023-06-26,
ACCT203091,CUST101926,savings,active,2024-04-25,
ACCT203092,CUST101926,checking,active,2023-08-02,
ACCT203093,CUST101927,savings,active,2024-05-31,
ACCT203094,CUST101927,credit,active,2023-01-13,
ACCT203095,CUST101928,checking,active,2023-10-06,
ACCT203096,CUST101929,credit,active,2023-02-05,
ACCT203097,CUST101930,savings,closed,2024-07-09,2025-11-09
ACCT203098,CUST101931,credit,active,2023-10-31,
ACCT203099,CUST101932,credit,active,2023-02-01,
ACCT203100,CUST101933,savings,active,2024-02-27,
ACCT203101,CUST101933,savings,active,2023-07-27,
ACCT203102,CUST101933,checking,active,2024-04-22,
ACCT203103,CUST101934,checking,active,2023-10-08,
ACCT203104,CUST101935,checking,active,2024-02-06,
ACCT203105,CUST101935,credit,active,2023-04-30,
ACCT203106,CUST101936,savings,active,2023-10-04,
ACCT203107,CUST101936,savings,active,2023-12-02,
ACCT203108,CUST101937,checking,active,2023-08-28,
ACCT203109,CUST101937,savings,active,2024-07-20,
ACCT203110,CUST101938,checking,active,2024-01-19,
ACCT203111,CUST101939,checking,active,2024-04-28,
ACCT203112,CUST101939,checking,active,2023-04-15,
ACCT203113,CUST101940,savings,frozen,2024-11-11,
ACCT203114,CUST101941,checking,active,2023-11-29,
ACCT203115,CUST101942,savings,active,2024-11-15,
ACCT203116,CUST101942,checking,active,2023-10-16,
ACCT203117,CUST101943,credit,active,2024-03-23,
ACCT203118,CUST101944,credit,active,2024-10-21,
ACCT203119,CUST101944,savings,active,2024-09-19,
ACCT203120,CUST101945,checking,active,2023-03-07,
ACCT203121,CUST101945,checking,active,2023-01-05,
ACCT203122,CUST101946,savings,active,2023-05-08,
ACCT203123,CUST101947,checking,closed,2024-08-06,2024-12-07
ACCT203124,CUST101948,savings,active,2024-11-30,
ACCT203125,CUST101948,savings,active,2024-05-15,
ACCT203126,CUST101949,savings,active,2024-08-20,
ACCT203127,CUST101949,checking,active,2024-01-29,
ACCT203128,CUST101950,checking,active,2023-06-06,
ACCT203129,CUST101950,checking,active,2023-08-19,
ACCT203130,CUST101951,checking,active,2024-02-29,
ACCT203131,CUST101952,checking,active,2024-02-09,
ACCT203132,CUST101953,checking,active,2024-02-01,
ACCT203133,CUST101953,credit,active,2024-05-04,
ACCT203134,CUST101953,credit,active,2023-01-31,
ACCT203135,CUST101954,checking,active,2024-10-15,
ACCT203136,CUST101955,savings,active,2023-11-07,
ACCT203137,CUST101956,checking,active,2023-05-29,
ACCT203138,CUST101956,checking,active,2024-08-26,
ACCT203139,CUST101957,savings,active,2023-11-04,
ACCT203140,CUST101958,checking,active,2024-09-13,
ACCT203141,CUST101959,savings,active,2023-01-22,
ACCT203142,CUST101960,savings,active,2024-09-01,
ACCT203143,CUST101961,checking,active,2024-01-07,
ACCT203144,CUST101962,checking,active,2023-09-06,
ACCT203145,CUST101963,checking,active,2024-04-19,
ACCT203146,CUST101964,checking,active,2023-03-19,
ACCT203147,CUST101965,savings,active,2024-08-08,
ACCT203148,CUST101966,checking,active,2024-11-08,
ACCT203149,CUST101966,savings,frozen,2023-06-24,
ACCT203150,CUST101967,credit,active,2023-08-02,
ACCT203151,CUST101967,credit,active,2023-07-04,
ACCT203152,CUST101968,checking,active,2024-06-01,
ACCT203153,CUST101969,credit,active,2023-09-12,
ACCT203154,CUST101969,savings,active,2024-11-07,
ACCT203155,CUST101970,checking,active,2023-03-23,
ACCT203156,CUST101970,checking,active,2023-03-16,
ACCT203157,CUST101971,savings,active,2024-08-12,
ACCT203158,CUST101972,credit,active,2023-08-08,
ACCT203159,CUST101973,checking,active,2023-06-11,
ACCT203160,CUST101973,checking,active,2023-09-24,
ACCT203161,CUST101974,savings,active,2023-12-10,
ACCT203162,CUST101974,credit,active,2024-11-18,
ACCT203163,CUST101974,credit,active,2024-01-04,
ACCT203164,CUST101975,savings,active,2024-09-06,
ACCT203165,CUST101975,checking,active,2023-09-19,
ACCT203166,CUST101976,checking,active,2023-08-14,
ACCT203167,CUST101976,savings,active,2024-07-26,
ACCT203168,CUST101977,checking,active,2023-02-06,
ACCT203169,CUST101978,checking,active,2024-09-28,
ACCT203170,CUST101978,checking,active,2023-01-04,
ACCT203171,CUST101978,checking,active,2024-02-26,
ACCT203172,CUST101979,savings,active,2023-02-04,
ACCT203173,CUST101980,checking,active,2024-06-18,
ACCT203174,CUST101980,checking,active,2024-06-03,
ACCT203175,CUST101980,savings,active,2024-03-12,
ACCT203176,CUST101981,checking,active,2023-03-07,
ACCT203177,CUST101982,checking,active,2024-01-06,
ACCT203178,CUST101983,checking,active,2023-12-20,
ACCT203179,CUST101984,checking,active,2023-08-14,
ACCT203180,CUST101985,checking,active,2024-01-19,
ACCT203181,CUST101986,checking,frozen,2024-10-06,
ACCT203182,CUST101986,savings,active,2024-06-10,
ACCT203183,CUST101987,checking,active,2023-06-09,
ACCT203184,CUST101988,checking,active,2024-10-31,
ACCT203185,CUST101989,savings,active,2024-06-11,
ACCT203186,CUST101989,checking,active,2023-06-02,
ACCT203187,CUST101989,checking,active,2023-01-27,
ACCT203188,CUST101990,checking,active,2023-05-09,
ACCT203189,CUST101991,credit,active,2023-10-07,
ACCT203190,CUST101991,checking,active,2023-04-20,
ACCT203191,CUST101991,savings,active,2023-05-27,
ACCT203192,CUST101992,savings,active,2023-02-06,
ACCT203193,CUST101992,checking,active,2023-11-01,
ACCT203194,CUST101993,checking,active,2023-12-02,
ACCT203195,CUST101994,credit,closed,2024-02-11,2024-06-19
ACCT203196,CUST101995,savings,active,2023-06-01,
ACCT203197,CUST101995,savings,active,2024-02-10,
ACCT203198,CUST101996,savings,active,2023-04-19,
ACCT203199,CUST101996,checking,active,2023-10-13,
ACCT203200,CUST101996,savings,frozen,2024-08-28,
ACCT203201,CUST101997,checking,active,2024-04-06,
ACCT203202,CUST101997,credit,closed,2023-01-27,2023-08-08
ACCT203203,CUST101998,savings,active,2023-06-10,
ACCT203204,CUST101998,savings,active,2024-06-24,
ACCT203205,CUST101999,credit,active,2023-06-12,
ACCT203206,CUST102000,credit,active,2023-11-10,
ACCT203207,CUST102000,checking,active,2024-06-13,
ACCT203208,CUST102001,savings,active,2024-02-24,
ACCT203209,CUST102001,savings,frozen,2023-01-27,
ACCT203210,CUST102002,checking,active,2024-04-24,
ACCT203211,CUST102002,checking,active,2023-08-01,
ACCT203212,CUST102003,savings,active,2024-02-09,
ACCT203213,CUST102004,savings,active,2023-10-21,
ACCT203214,CUST102005,checking,active,2023-06-21,
ACCT203215,CUST102006,credit,active,2024-08-17,
ACCT203216,CUST102006,checking,active,2024-02-18,
ACCT203217,CUST102007,credit,active,2024-04-20,
ACCT203218,CUST102008,credit,active,2023-02-11,
ACCT203219,CUST102008,savings,active,2023-12-11,
ACCT203220,CUST102008,checking,active,2023-03-18,
ACCT203221,CUST102009,savings,active,2024-09-27,
ACCT203222,CUST102009,checking,closed,2023-09-07,2024-01-15
ACCT203223,CUST102009,checking,active,2024-10-06,
ACCT203224,CUST102010,checking,active,2024-01-14,
ACCT203225,CUST102011,checking,active,2024-03-05,
ACCT203226,CUST102011,credit,active,2024-05-25,
ACCT203227,CUST102012,checking,active,2023-01-11,
ACCT203228,CUST102012,checking,active,2023-03-08,
ACCT203229,CUST102013,credit,active,2023-04-22,
ACCT203230,CUST102014,checking,frozen,2024-04-21,
ACCT203231,CUST102014,credit,active,2024-03-25,
ACCT203232,CUST102015,savings,active,2024-05-02,
ACCT203233,CUST102016,checking,active,2024-07-02,
ACCT203234,CUST102016,checking,active,2024-09-01,
ACCT203235,CUST102016,savings,active,2024-11-08,
ACCT203236,CUST102017,checking,active,2023-07-29,
ACCT203237,CUST102018,credit,active,2023-03-24,
ACCT203238,CUST102018,credit,active,2023-02-20,
ACCT203239,CUST102018,savings,active,2024-09-23,
ACCT203240,CUST102019,checking,active,2023-05-23,
ACCT203241,CUST102020,checking,active,2024-04-08,
ACCT203242,CUST102021,credit,closed,2023-04-19,2023-12-12
ACCT203243,CUST102022,checking,active,2023-12-05,
ACCT203244,CUST102022,savings,active,2023-10-28,
ACCT203245,CUST102023,credit,active,2023-07-06,
ACCT203246,CUST102023,checking,active,2023-04-03,
ACCT203247,CUST102024,savings,active,2023-02-07,
ACCT203248,CUST102024,credit,active,2023-11-13,
ACCT203249,CUST102025,savings,frozen,2024-02-22,
ACCT203250,CUST102026,checking,closed,2023-11-07,2024-03-25
ACCT203251,CUST102027,checking,active,2023-07-19,
ACCT203252,CUST102027,checking,active,2023-02-09,
ACCT203253,CUST102028,checking,active,2023-01-15,
ACCT203254,CUST102028,savings,active,2024-10-31,
ACCT203255,CUST102028,credit,active,2023-03-15,
ACCT203256,CUST102029,checking,active,2023-03-20,
ACCT203257,CUST102030,checking,active,2023-12-15,
ACCT203258,CUST102031,checking,active,2023-07-27,
ACCT203259,CUST102032,checking,active,2024-01-09,
ACCT203260,CUST102032,checking,active,2023-07-21,
ACCT203261,CUST102032,checking,active,2024-07-29,
ACCT203262,CUST102033,checking,active,2023-10-24,
ACCT203263,CUST102033,credit,active,2024-02-02,
ACCT203264,CUST102034,checking,active,2023-05-31,
ACCT203265,CUST102034,checking,active,2024-03-13,
ACCT203266,CUST102035,savings,active,2024-09-09,
ACCT203267,CUST102035,checking,frozen,2023-12-09,
ACCT203268,CUST102036,checking,active,2023-01-02,
ACCT203269,CUST102036,credit,active,2023-05-07,
ACCT203270,CUST102036,savings,active,2023-11-26,
ACCT203271,CUST102037,savings,active,2023-07-29,
ACCT203272,CUST102038,credit,active,2023-07-04,
ACCT203273,CUST102038,checking,active,2023-01-15,
ACCT203274,CUST102039,checking,active,2023-10-16,
ACCT203275,CUST102039,checking,active,2023-08-03,
ACCT203276,CUST102039,credit,active,2023-08-31,
ACCT203277,CUST102040,checking,active,2023-12-06,
ACCT203278,CUST102041,checking,active,2024-10-17,
ACCT203279,CUST102042,savings,active,2024-03-05,
ACCT203280,CUST102043,checking,active,2023-04-28,
ACCT203281,CUST102043,savings,active,2023-07-24,
ACCT203282,CUST102044,checking,active,2023-05-29,
ACCT203283,CUST102045,credit,active,2023-03-03,
ACCT203284,CUST102045,checking,active,2024-05-07,
ACCT203285,CUST102046,savings,active,2024-08-21,
ACCT203286,CUST102047,checking,active,2023-05-15,
ACCT203287,CUST102048,checking,active,2024-01-01,
ACCT203288,CUST102048,savings,active,2024-08-08,
ACCT203289,CUST102049,savings,active,2023-12-02,
ACCT203290,CUST102050,savings,active,2024-10-01,
ACCT203291,CUST102051,savings,active,2024-07-11,
ACCT203292,CUST102052,savings,active,2024-04-06,
ACCT203293,CUST102052,credit,active,2024-03-22,
ACCT203294,CUST102053,checking,active,2024-03-17,
ACCT203295,CUST102053,savings,active,2024-04-11,
ACCT203296,CUST102053,savings,active,2023-03-26,
ACCT203297,CUST102054,savings,active,2023-11-21,
ACCT203298,CUST102055,checking,active,2023-01-23,
ACCT203299,CUST102055,checking,active,2023-02-07,
ACCT203300,CUST102055,savings,active,2024-05-05,
ACCT203301,CUST102056,credit,active,2023-10-26,
ACCT203302,CUST102057,checking,frozen,2023-09-18,
ACCT203303,CUST102058,checking,active,2023-11-30,
ACCT203304,CUST102058,checking,active,2023-04-24,
ACCT203305,CUST102059,checking,active,2024-06-15,
ACCT203306,CUST102059,checking,active,2023-07-04,
ACCT203307,CUST102060,checking,active,2023-09-24,
ACCT203308,CUST102061,checking,active,2024-04-04,
ACCT203309,CUST102061,savings,active,2024-11-24,
ACCT203310,CUST102062,savings,frozen,2023-06-16,
ACCT203311,CUST102062,checking,active,2024-01-23,
ACCT203312,CUST102063,credit,active,2024-04-18,
ACCT203313,CUST102064,checking,active,2024-02-19,
ACCT203314,CUST102064,credit,active,2023-07-20,
ACCT203315,CUST102065,savings,active,2024-11-10,
ACCT203316,CUST102066,checking,active,2023-07-21,
ACCT203317,CUST102067,savings,active,2024-07-02,
ACCT203318,CUST102067,credit,active,2023-08-01,
ACCT203319,CUST102067,checking,active,2023-06-13,
ACCT203320,CUST102068,credit,active,2023-07-08,
ACCT203321,CUST102069,savings,active,2024-02-02,
ACCT203322,CUST102069,checking,active,2024-05-17,
ACCT203323,CUST102070,savings,active,2024-05-11,
ACCT203324,CUST102071,checking,active,2024-06-09,
ACCT203325,CUST102072,checking,active,2024-09-02,
ACCT203326,CUST102072,savings,active,2024-08-27,
ACCT203327,CUST102072,savings,active,2023-10-01,
ACCT203328,CUST102073,savings,active,2023-06-18,
ACCT203329,CUST102073,checking,closed,2024-06-06,2024-11-25
ACCT203330,CUST102073,checking,active,2024-01-07,
ACCT203331,CUST102074,checking,active,2023-03-10,
ACCT203332,CUST102075,checking,active,2024-10-30,
ACCT203333,CUST102075,checking,frozen,2024-05-12,
ACCT203334,CUST102076,checking,active,2024-05-02,
ACCT203335,CUST102077,savings,active,2024-10-27,
ACCT203336,CUST102077,checking,active,2023-04-24,
ACCT203337,CUST102077,savings,active,2023-02-03,
ACCT203338,CUST102078,credit,active,2024-03-27,
ACCT203339,CUST102079,savings,active,2023-01-30,
ACCT203340,CUST102079,savings,active,2023-10-09,
ACCT203341,CUST102079,credit,active,2024-03-08,
ACCT203342,CUST102080,checking,active,2023-10-15,
ACCT203343,CUST102081,checking,active,2024-05-19,
ACCT203344,CUST102082,checking,frozen,2023-12-24,
ACCT203345,CUST102082,savings,frozen,2023-08-24,
ACCT203346,CUST102083,savings,active,2023-07-23,
ACCT203347,CUST102083,savings,active,2024-02-06,
ACCT203348,CUST102083,checking,active,2023-02-18,
ACCT203349,CUST102084,credit,active,2023-01-22,
ACCT203350,CUST102085,savings,active,2023-11-14,
ACCT203351,CUST102085,credit,active,2023-01-03,
ACCT203352,CUST102086,checking,active,2024-05-17,
ACCT203353,CUST102086,savings,active,2023-09-10,
ACCT203354,CUST102087,savings,active,2023-12-25,
ACCT203355,CUST102088,savings,active,2023-12-29,
ACCT203356,CUST102088,checking,active,2023-11-07,
ACCT203357,CUST102089,savings,active,2023-02-05,
ACCT203358,CUST102089,savings,active,2023-01-28,
ACCT203359,CUST102089,checking,active,2023-04-09,
ACCT203360,CUST102090,savings,frozen,2023-06-04,
ACCT203361,CUST102090,credit,active,2024-07-05,
ACCT203362,CUST102091,checking,active,2024-07-27,
ACCT203363,CUST102092,credit,active,2023-11-21,
ACCT203364,CUST102092,checking,active,2023-07-05,
ACCT203365,CUST102093,savings,active,2024-08-21,
ACCT203366,CUST102094,savings,active,2023-10-20,
ACCT203367,CUST102095,checking,active,2023-07-08,
ACCT203368,CUST102096,checking,active,2024-03-08,
ACCT203369,CUST102096,savings,active,2024-11-01,
ACCT203370,CUST102096,checking,active,2024-10-22,
ACCT203371,CUST102097,checking,active,2024-03-15,
ACCT203372,CUST102097,credit,active,2024-01-25,
ACCT203373,CUST102098,checking,closed,2024-11-13,2026-01-28
ACCT203374,CUST102098,savings,active,2023-01-15,
ACCT203375,CUST102099,checking,active,2024-06-29,
ACCT203376,CUST102100,checking,active,2023-06-08,
ACCT203377,CUST102101,checking,active,2024-05-12,
ACCT203378,CUST102101,savings,active,2023-02-16,
ACCT203379,CUST102102,credit,active,2024-11-27,
ACCT203380,CUST102102,savings,active,2023-04-25,
ACCT203381,CUST102103,checking,active,2023-09-01,
ACCT203382,CUST102104,checking,frozen,2023-02-05,
ACCT203383,CUST102105,credit,active,2023-07-20,
ACCT203384,CUST102106,savings,closed,2024-04-22,2025-07-11
ACCT203385,CUST102106,checking,active,2024-09-27,
ACCT203386,CUST102107,checking,active,2023-11-11,
ACCT203387,CUST102108,checking,active,2023-02-14,
ACCT203388,CUST102108,savings,active,2024-09-01,
ACCT203389,CUST102108,checking,active,2024-10-25,
ACCT203390,CUST102109,savings,active,2023-05-07,
ACCT203391,CUST102109,checking,frozen,2023-06-29,
ACCT203392,CUST102110,checking,active,2024-01-26,
ACCT203393,CUST102111,savings,active,2023-01-05,
ACCT203394,CUST102112,credit,active,2023-05-28,
ACCT203395,CUST102113,savings,active,2023-12-01,
ACCT203396,CUST102113,savings,active,2023-10-01,
ACCT203397,CUST102114,checking,active,2023-08-18,
ACCT203398,CUST102115,checking,active,2023-12-08,
ACCT203399,CUST102115,savings,active,2023-05-05,
ACCT203400,CUST102116,checking,active,2024-07-19,
ACCT203401,CUST102117,savings,active,2024-09-30,
ACCT203402,CUST102118,savings,active,2024-10-09,
ACCT203403,CUST102119,checking,active,2023-03-18,
ACCT203404,CUST102120,checking,active,2023-05-29,
ACCT203405,CUST102120,checking,active,2024-05-09,
ACCT203406,CUST102121,credit,active,2023-01-12,
ACCT203407,CUST102122,savings,active,2024-08-27,
ACCT203408,CUST102122,credit,closed,2023-10-07,2024-09-25
ACCT203409,CUST102122,savings,active,2023-02-12,
ACCT203410,CUST102123,credit,closed,2023-10-09,2024-07-05
ACCT203411,CUST102123,credit,active,2024-06-26,
ACCT203412,CUST102124,savings,active,2023-04-13,
ACCT203413,CUST102124,savings,active,2023-07-27,
ACCT203414,CUST102125,savings,active,2024-11-26,
ACCT203415,CUST102126,savings,active,2023-11-15,
ACCT203416,CUST102127,savings,active,2024-05-18,
ACCT203417,CUST102127,checking,active,2023-02-07,
ACCT203418,CUST102128,checking,closed,2023-07-08,2023-10-25
ACCT203419,CUST102128,savings,active,2023-11-23,
ACCT203420,CUST102128,savings,active,2023-11-08,
ACCT203421,CUST102129,savings,frozen,2023-04-13,
ACCT203422,CUST102129,checking,active,2024-10-23,
ACCT203423,CUST102130,checking,active,2023-06-26,
ACCT203424,CUST102130,checking,active,2023-05-22,
ACCT203425,CUST102131,checking,active,2023-02-18,
ACCT203426,CUST102131,savings,active,2024-01-11,
ACCT203427,CUST102132,savings,active,2024-02-14,
ACCT203428,CUST102132,checking,active,2023-10-07,
ACCT203429,CUST102133,checking,active,2024-09-08,
ACCT203430,CUST102134,savings,active,2024-10-11,
ACCT203431,CUST102134,savings,active,2024-03-12,
ACCT203432,CUST102134,credit,active,2024-02-20,
ACCT203433,CUST102135,checking,active,2024-02-03,
ACCT203434,CUST102136,savings,active,2023-09-25,
ACCT203435,CUST102136,checking,active,2024-03-06,
ACCT203436,CUST102136,credit,active,2024-08-30,
ACCT203437,CUST102137,savings,active,2023-10-01,
ACCT203438,CUST102137,checking,active,2024-07-19,
ACCT203439,CUST102138,checking,active,2024-10-11,
ACCT203440,CUST102138,checking,active,2023-04-19,
ACCT203441,CUST102139,credit,active,2024-02-26,
ACCT203442,CUST102140,checking,active,2024-09-16,
ACCT203443,CUST102141,checking,active,2023-02-10,
ACCT203444,CUST102142,checking,active,2023-02-15,
ACCT203445,CUST102142,checking,active,2024-01-26,
ACCT203446,CUST102142,savings,active,2024-09-26,
ACCT203447,CUST102143,checking,active,2024-04-17,
ACCT203448,CUST102143,checking,active,2024-04-05,
ACCT203449,CUST102143,credit,active,2023-01-20,
ACCT203450,CUST102144,savings,active,2024-06-30,
ACCT203451,CUST102144,checking,active,2024-06-03,
ACCT203452,CUST102145,checking,active,2024-10-16,
ACCT203453,CUST102146,savings,active,2023-03-14,
ACCT203454,CUST102147,checking,active,2024-10-21,
ACCT203455,CUST102147,savings,active,2023-11-01,
ACCT203456,CUST102147,credit,active,2023-01-26,
ACCT203457,CUST102148,checking,active,2024-10-12,
ACCT203458,CUST102148,credit,active,2023-01-10,
ACCT203459,CUST102149,credit,active,2023-10-03,
ACCT203460,CUST102149,checking,active,2023-07-25,
ACCT203461,CUST102150,savings,active,2024-10-06,
ACCT203462,CUST102150,checking,active,2024-07-13,
ACCT203463,CUST102151,checking,active,2023-03-02,
ACCT203464,CUST102151,checking,closed,2023-12-20,2024-03-23
ACCT203465,CUST102151,checking,active,2024-09-08,
ACCT203466,CUST102152,checking,active,2023-03-15,
ACCT203467,CUST102153,checking,frozen,2023-05-28,
ACCT203468,CUST102153,checking,active,2023-03-09,
ACCT203469,CUST102154,credit,active,2024-04-30,
ACCT203470,CUST102154,savings,frozen,2024-02-24,
ACCT203471,CUST102155,checking,active,2023-10-19,
ACCT203472,CUST102155,savings,active,2023-01-26,
ACCT203473,CUST102156,savings,active,2024-11-08,
ACCT203474,CUST102156,checking,active,2023-04-28,
ACCT203475,CUST102157,checking,active,2024-04-17,
ACCT203476,CUST102158,checking,active,2024-02-12,
ACCT203477,CUST102158,savings,active,2024-02-05,
ACCT203478,CUST102158,checking,active,2023-04-07,
ACCT203479,CUST102159,checking,active,2024-08-07,
ACCT203480,CUST102160,credit,active,2024-02-12,
ACCT203481,CUST102161,savings,active,2024-06-27,
ACCT203482,CUST102162,savings,active,2024-09-13,
ACCT203483,CUST102163,credit,active,2023-07-25,
ACCT203484,CUST102164,checking,active,2024-02-14,
ACCT203485,CUST102164,savings,active,2023-11-19,
ACCT203486,CUST102164,checking,active,2023-03-30,
ACCT203487,CUST102165,checking,active,2024-11-26,
ACCT203488,CUST102166,checking,closed,2024-09-26,2025-06-25
ACCT203489,CUST102167,credit,active,2024-05-26,
ACCT203490,CUST102168,checking,active,2024-07-07,
ACCT203491,CUST102168,checking,active,2023-02-28,
ACCT203492,CUST102169,savings,frozen,2023-12-27,
ACCT203493,CUST102170,checking,active,2023-01-12,
ACCT203494,CUST102170,credit,active,2024-11-23,
ACCT203495,CUST102171,savings,active,2024-03-07,
ACCT203496,CUST102171,checking,active,2024-04-02,
ACCT203497,CUST102172,checking,active,2024-07-29,
ACCT203498,CUST102173,checking,active,2023-08-01,
ACCT203499,CUST102174,savings,active,2024-09-30,
ACCT203500,CUST102175,checking,active,2023-04-21,
ACCT203501,CUST102176,credit,active,2024-07-06,
ACCT203502,CUST102177,savings,active,2023-11-01,
ACCT203503,CUST102178,checking,active,2024-11-30,
ACCT203504,CUST102178,checking,active,2024-09-22,
ACCT203505,CUST102178,credit,active,2024-05-06,
ACCT203506,CUST102179,checking,active,2024-03-12,
ACCT203507,CUST102180,credit,active,2023-01-02,
ACCT203508,CUST102180,savings,active,2023-12-13,
ACCT203509,CUST102180,checking,active,2024-11-17,
ACCT203510,CUST102181,checking,active,2023-02-23,
ACCT203511,CUST102181,credit,active,2024-04-11,
ACCT203512,CUST102181,checking,active,2023-07-21,
ACCT203513,CUST102182,credit,active,2023-01-10,
ACCT203514,CUST102182,checking,active,2024-03-11,
ACCT203515,CUST102183,checking,active,2024-05-07,
ACCT203516,CUST102184,checking,active,2023-05-22,
ACCT203517,CUST102184,checking,active,2024-10-04,
ACCT203518,CUST102185,checking,active,2023-03-08,
ACCT203519,CUST102186,credit,active,2024-10-04,
ACCT203520,CUST102186,savings,closed,2024-11-06,2025-09-15
ACCT203521,CUST102187,savings,active,2024-11-26,
ACCT203522,CUST102188,checking,active,2024-08-31,
ACCT203523,CUST102188,savings,frozen,2024-02-18,
ACCT203524,CUST102189,checking,active,2023-04-10,
ACCT203525,CUST102189,checking,active,2024-03-11,
ACCT203526,CUST102189,savings,active,2023-05-12,
ACCT203527,CUST102190,savings,active,2024-01-16,
ACCT203528,CUST102190,checking,active,2024-11-03,
ACCT203529,CUST102190,savings,active,2024-03-02,
ACCT203530,CUST102191,credit,active,2023-12-24,
ACCT203531,CUST102191,savings,frozen,2023-10-25,
ACCT203532,CUST102192,credit,active,2023-04-04,
ACCT203533,CUST102192,checking,closed,2023-01-09,2023-07-07
ACCT203534,CUST102193,checking,active,2024-01-13,
ACCT203535,CUST102194,checking,active,2023-11-23,
ACCT203536,CUST102194,savings,active,2024-08-04,
ACCT203537,CUST102195,checking,active,2023-09-26,
ACCT203538,CUST102195,checking,active,2023-12-05,
ACCT203539,CUST102196,checking,active,2023-01-18,
ACCT203540,CUST102197,checking,active,2024-05-01,
ACCT203541,CUST102197,checking,active,2024-04-23,
ACCT203542,CUST102197,checking,active,2024-09-21,
ACCT203543,CUST102198,credit,active,2024-10-30,
ACCT203544,CUST102199,checking,active,2023-03-26,
ACCT203545,CUST102200,savings,active,2024-01-13,
ACCT203546,CUST102201,savings,active,2024-09-27,
ACCT203547,CUST102201,savings,active,2023-05-02,
ACCT203548,CUST102202,checking,active,2024-02-07,
ACCT203549,CUST102202,credit,active,2024-02-19,
ACCT203550,CUST102203,savings,active,2023-10-02,
ACCT203551,CUST102203,savings,active,2023-10-06,
ACCT203552,CUST102203,checking,active,2023-04-23,
ACCT203553,CUST102204,checking,active,2024-05-09,
ACCT203554,CUST102204,checking,active,2024-11-22,
ACCT203555,CUST102205,checking,active,2024-07-20,
ACCT203556,CUST102205,savings,active,2023-08-10,
ACCT203557,CUST102205,checking,active,2023-06-13,
ACCT203558,CUST102206,savings,active,2024-05-11,
ACCT203559,CUST102207,checking,active,2023-12-14,
ACCT203560,CUST102207,checking,active,2023-03-17,
ACCT203561,CUST102207,checking,active,2023-12-04,
ACCT203562,CUST102208,checking,active,2024-09-17,
ACCT203563,CUST102209,savings,active,2024-07-05,
ACCT203564,CUST102209,checking,active,2024-02-28,
ACCT203565,CUST102210,savings,closed,2023-03-21,2023-12-12
ACCT203566,CUST102210,checking,active,2024-03-12,
ACCT203567,CUST102211,checking,active,2023-02-14,
ACCT203568,CUST102212,checking,active,2023-03-21,
ACCT203569,CUST102213,checking,active,2023-07-13,
ACCT203570,CUST102214,credit,active,2024-01-10,
ACCT203571,CUST102215,checking,active,2024-10-11,
ACCT203572,CUST102215,checking,active,2023-11-18,
ACCT203573,CUST102216,checking,frozen,2023-08-15,
ACCT203574,CUST102216,checking,active,2023-05-18,
ACCT203575,CUST102217,checking,active,2024-03-09,
ACCT203576,CUST102217,checking,active,2024-04-06,
ACCT203577,CUST102218,credit,active,2024-06-06,
ACCT203578,CUST102218,checking,active,2024-06-18,
ACCT203579,CUST102219,checking,active,2024-05-19,
ACCT203580,CUST102220,checking,closed,2024-01-09,2024-11-14
ACCT203581,CUST102221,savings,active,2023-09-12,
ACCT203582,CUST102222,checking,active,2024-09-26,
ACCT203583,CUST102223,credit,active,2024-01-09,
ACCT203584,CUST102223,credit,active,2023-11-24,
ACCT203585,CUST102224,savings,active,2023-09-27,
ACCT203586,CUST102224,checking,active,2024-10-26,
ACCT203587,CUST102225,checking,active,2024-09-06,
ACCT203588,CUST102226,checking,active,2024-11-19,
ACCT203589,CUST102227,checking,active,2024-01-07,
ACCT203590,CUST102228,checking,active,2024-09-07,
ACCT203591,CUST102229,checking,frozen,2024-02-09,
ACCT203592,CUST102229,checking,active,2023-07-25,
ACCT203593,CUST102230,savings,active,2024-04-30,
ACCT203594,CUST102230,savings,active,2023-03-09,
ACCT203595,CUST102230,credit,active,2023-10-26,
ACCT203596,CUST102231,checking,active,2023-12-18,
ACCT203597,CUST102231,checking,active,2024-08-19,
ACCT203598,CUST102232,savings,active,2024-09-09,
ACCT203599,CUST102233,checking,active,2023-09-18,
ACCT203600,CUST102233,savings,active,2023-09-11,
ACCT203601,CUST102234,credit,active,2023-04-13,
ACCT203602,CUST102235,credit,active,2024-01-23,
ACCT203603,CUST102235,checking,active,2023-02-19,
ACCT203604,CUST102235,checking,active,2023-11-05,
ACCT203605,CUST102236,checking,active,2023-01-30,
ACCT203606,CUST102236,savings,active,2023-10-15,
ACCT203607,CUST102237,checking,active,2023-01-01,
ACCT203608,CUST102237,savings,active,2024-06-29,
ACCT203609,CUST102238,checking,active,2024-03-11,
ACCT203610,CUST102239,savings,active,2023-10-17,
ACCT203611,CUST102239,checking,active,2024-07-31,
ACCT203612,CUST102240,savings,frozen,2023-05-17,
ACCT203613,CUST102240,credit,active,2024-06-25,
ACCT203614,CUST102241,checking,active,2023-07-14,
ACCT203615,CUST102241,checking,closed,2024-10-13,2025-10-18
ACCT203616,CUST102241,checking,active,2024-08-01,
ACCT203617,CUST102242,savings,frozen,2024-03-20,
ACCT203618,CUST102242,checking,active,2023-12-17,
ACCT203619,CUST102242,checking,active,2023-03-22,
ACCT203620,CUST102243,savings,active,2023-03-29,
ACCT203621,CUST102243,checking,active,2023-08-31,
ACCT203622,CUST102243,checking,active,2024-07-08,
ACCT203623,CUST102244,checking,active,2024-05-25,
ACCT203624,CUST102244,checking,active,2024-11-30,
ACCT203625,CUST102244,savings,closed,2023-10-19,2024-10-30
ACCT203626,CUST102245,checking,active,2024-11-07,
ACCT203627,CUST102246,savings,active,2024-03-21,
ACCT203628,CUST102247,checking,active,2024-01-25,
ACCT203629,CUST102248,checking,active,2023-10-29,
ACCT203630,CUST102249,checking,active,2023-11-30,
ACCT203631,CUST102249,savings,active,2023-08-28,
ACCT203632,CUST102250,checking,active,2023-10-29,
ACCT203633,CUST102250,checking,active,2023-10-13,
ACCT203634,CUST102251,checking,active,2024-11-09,
ACCT203635,CUST102251,checking,active,2024-06-28,
ACCT203636,CUST102251,checking,active,2023-09-07,
ACCT203637,CUST102252,checking,active,2024-02-27,
ACCT203638,CUST102253,checking,active,2023-04-30,
ACCT203639,CUST102253,checking,active,2024-04-25,
ACCT203640,CUST102253,checking,active,2023-03-04,
ACCT203641,CUST102254,checking,active,2023-05-06,
ACCT203642,CUST102255,credit,active,2024-08-04,
ACCT203643,CUST102256,savings,closed,2023-05-10,2024-03-09
ACCT203644,CUST102257,checking,active,2023-08-13,
ACCT203645,CUST102258,savings,active,2023-08-21,
ACCT203646,CUST102259,checking,active,2023-01-21,
ACCT203647,CUST102260,savings,active,2023-06-10,
ACCT203648,CUST102260,checking,active,2023-08-16,
ACCT203649,CUST102261,checking,active,2024-07-06,
ACCT203650,CUST102262,savings,active,2023-06-03,
ACCT203651,CUST102263,savings,active,2023-05-29,
ACCT203652,CUST102263,savings,frozen,2023-03-07,
ACCT203653,CUST102264,credit,active,2023-10-14,
ACCT203654,CUST102265,checking,active,2024-05-13,
ACCT203655,CUST102266,checking,active,2023-01-23,
ACCT203656,CUST102267,checking,active,2023-04-12,
ACCT203657,CUST102268,savings,active,2023-12-15,
ACCT203658,CUST102269,savings,active,2023-10-17,
ACCT203659,CUST102270,checking,active,2024-11-15,
ACCT203660,CUST102270,checking,active,2023-07-22,
ACCT203661,CUST102271,checking,active,2024-01-25,
ACCT203662,CUST102271,checking,active,2023-10-27,
ACCT203663,CUST102271,checking,active,2023-03-10,
ACCT203664,CUST102272,checking,active,2023-08-24,
ACCT203665,CUST102272,checking,active,2023-08-20,
ACCT203666,CUST102272,checking,active,2024-09-19,
ACCT203667,CUST102273,checking,active,2023-07-26,
ACCT203668,CUST102273,savings,active,2024-01-02,
ACCT203669,CUST102274,checking,active,2023-03-30,
ACCT203670,CUST102275,checking,active,2023-09-18,
ACCT203671,CUST102276,savings,active,2024-03-18,
ACCT203672,CUST102277,checking,active,2024-03-09,
ACCT203673,CUST102278,checking,active,2024-11-06,
ACCT203674,CUST102278,credit,active,2023-01-04,
ACCT203675,CUST102279,savings,active,2024-09-07,
ACCT203676,CUST102279,savings,active,2023-05-03,
ACCT203677,CUST102280,checking,active,2024-10-22,
ACCT203678,CUST102280,savings,active,2024-08-30,
ACCT203679,CUST102281,checking,active,2024-07-02,
ACCT203680,CUST102281,credit,active,2023-03-31,
ACCT203681,CUST102282,checking,active,2024-09-10,
ACCT203682,CUST102282,credit,active,2023-08-18,
ACCT203683,CUST102283,credit,active,2024-01-14,
ACCT203684,CUST102283,checking,active,2024-05-24,
ACCT203685,CUST102284,checking,active,2024-02-17,
ACCT203686,CUST102285,checking,active,2023-04-16,
ACCT203687,CUST102286,savings,active,2023-04-24,
ACCT203688,CUST102286,checking,active,2023-07-17,
ACCT203689,CUST102287,savings,active,2023-10-25,
ACCT203690,CUST102288,credit,active,2023-02-01,
ACCT203691,CUST102288,savings,active,2023-04-19,
ACCT203692,CUST102289,checking,active,2024-06-17,
ACCT203693,CUST102290,checking,active,2023-06-28,
ACCT203694,CUST102290,checking,active,2023-11-27,
ACCT203695,CUST102291,checking,active,2023-04-12,
ACCT203696,CUST102292,savings,active,2024-11-25,
ACCT203697,CUST102292,checking,active,2024-01-07,
ACCT203698,CUST102293,checking,active,2024-11-16,
ACCT203699,CUST102294,credit,active,2024-11-18,
ACCT203700,CUST102295,checking,active,2023-09-11,
ACCT203701,CUST102295,checking,active,2024-10-29,
ACCT203702,CUST102296,checking,active,2023-05-20,
ACCT203703,CUST102296,savings,active,2024-07-19,
ACCT203704,CUST102297,checking,active,2023-07-09,
ACCT203705,CUST102298,checking,closed,2024-08-08,2024-10-21
ACCT203706,CUST102299,savings,active,2024-03-17,
ACCT203707,CUST102299,savings,active,2024-06-29,
ACCT203708,CUST102300,savings,active,2024-06-30,
ACCT203709,CUST102301,savings,active,2023-06-23,
ACCT203710,CUST102301,checking,active,2024-11-18,
ACCT203711,CUST102302,checking,active,2023-04-02,
ACCT203712,CUST102302,credit,active,2023-05-20,
ACCT203713,CUST102302,savings,active,2023-09-06,
ACCT203714,CUST102303,savings,active,2024-10-05,
ACCT203715,CUST102304,checking,active,2024-07-11,
ACCT203716,CUST102304,savings,active,2023-06-28,
ACCT203717,CUST102305,checking,active,2024-08-15,
ACCT203718,CUST102305,checking,active,2024-01-31,
ACCT203719,CUST102305,checking,active,2024-06-11,
ACCT203720,CUST102306,savings,active,2024-05-26,
ACCT203721,CUST102307,checking,active,2024-05-17,
ACCT203722,CUST102308,checking,active,2024-03-17,
ACCT203723,CUST102308,savings,active,2024-01-16,
ACCT203724,CUST102308,checking,active,2024-01-13,
ACCT203725,CUST102309,checking,active,2024-07-22,
ACCT203726,CUST102309,checking,active,2024-11-22,
ACCT203727,CUST102309,savings,active,2023-01-25,
ACCT203728,CUST102310,checking,active,2024-11-29,
ACCT203729,CUST102311,checking,active,2023-09-11,
ACCT203730,CUST102312,checking,active,2023-01-28,
ACCT203731,CUST102313,savings,active,2023-01-29,
ACCT203732,CUST102313,savings,active,2023-10-03,
ACCT203733,CUST102313,checking,active,2023-02-12,
ACCT203734,CUST102314,savings,active,2024-03-16,
ACCT203735,CUST102314,checking,active,2024-06-16,
ACCT203736,CUST102315,savings,active,2023-08-21,
ACCT203737,CUST102315,savings,active,2023-04-05,
ACCT203738,CUST102316,checking,active,2023-10-08,
ACCT203739,CUST102316,savings,active,2023-05-01,
ACCT203740,CUST102317,checking,active,2023-03-01,
ACCT203741,CUST102317,checking,active,2024-03-17,
ACCT203742,CUST102317,checking,active,2023-02-21,
ACCT203743,CUST102318,checking,active,2023-04-22,
ACCT203744,CUST102319,credit,active,2023-08-31,
ACCT203745,CUST102319,credit,active,2023-07-07,
ACCT203746,CUST102320,credit,active,2023-09-08,
ACCT203747,CUST102320,checking,active,2023-08-16,
ACCT203748,CUST102321,checking,closed,2023-05-19,2023-11-06
ACCT203749,CUST102322,savings,active,2023-11-29,
ACCT203750,CUST102323,credit,active,2024-05-09,
ACCT203751,CUST102323,checking,active,2023-10-12,
ACCT203752,CUST102323,checking,active,2023-11-30,
ACCT203753,CUST102324,checking,active,2024-06-30,
ACCT203754,CUST102325,savings,active,2023-01-06,
ACCT203755,CUST102326,checking,active,2023-07-18,
ACCT203756,CUST102327,credit,active,2024-02-17,
ACCT203757,CUST102328,checking,active,2024-07-07,
ACCT203758,CUST102328,savings,active,2023-10-18,
ACCT203759,CUST102329,checking,active,2023-11-19,
ACCT203760,CUST102329,savings,active,2024-05-18,
ACCT203761,CUST102330,checking,active,2023-05-24,
ACCT203762,CUST102331,savings,active,2024-07-13,
ACCT203763,CUST102331,checking,active,2023-03-13,
ACCT203764,CUST102331,credit,active,2024-01-10,
ACCT203765,CUST102332,credit,active,2023-03-17,
ACCT203766,CUST102332,checking,active,2023-05-12,
ACCT203767,CUST102333,checking,active,2024-07-24,
ACCT203768,CUST102333,checking,active,2023-10-14,
ACCT203769,CUST102334,checking,active,2023-04-23,
ACCT203770,CUST102335,checking,active,2024-02-07,
ACCT203771,CUST102335,savings,active,2024-07-22,
ACCT203772,CUST102335,checking,active,2024-07-08,
ACCT203773,CUST102336,credit,active,2023-06-05,
ACCT203774,CUST102337,checking,active,2023-05-14,
ACCT203775,CUST102337,savings,active,2023-01-08,
ACCT203776,CUST102337,savings,active,2024-10-27,
ACCT203777,CUST102338,checking,active,2024-09-11,
ACCT203778,CUST102338,credit,active,2023-03-20,
ACCT203779,CUST102339,checking,active,2023-10-26,
ACCT203780,CUST102339,savings,active,2023-08-08,
ACCT203781,CUST102340,credit,closed,2024-03-16,2024-06-09
ACCT203782,CUST102341,checking,active,2024-04-05,
ACCT203783,CUST102341,checking,active,2023-03-26,
ACCT203784,CUST102341,savings,active,2024-10-18,
ACCT203785,CUST102342,credit,active,2024-08-08,
ACCT203786,CUST102343,checking,active,2024-02-05,
ACCT203787,CUST102344,checking,active,2023-04-22,
ACCT203788,CUST102345,checking,active,2024-06-06,
ACCT203789,CUST102346,checking,active,2024-04-01,
ACCT203790,CUST102346,checking,active,2023-11-17,
ACCT203791,CUST102347,checking,active,2024-02-24,
ACCT203792,CUST102347,checking,active,2023-04-26,
ACCT203793,CUST102347,savings,active,2023-03-14,
ACCT203794,CUST102348,checking,active,2024-06-30,
ACCT203795,CUST102348,checking,frozen,2023-07-26,
ACCT203796,CUST102349,checking,active,2024-07-11,
ACCT203797,CUST102349,savings,active,2024-02-19,
ACCT203798,CUST102350,checking,active,2023-05-12,
ACCT203799,CUST102350,checking,closed,2024-04-16,2024-06-13
ACCT203800,CUST102351,checking,active,2023-01-27,
ACCT203801,CUST102352,checking,active,2024-10-19,
ACCT203802,CUST102353,credit,active,2024-11-06,
ACCT203803,CUST102353,savings,active,2024-05-23,
ACCT203804,CUST102354,checking,active,2024-01-29,
ACCT203805,CUST102355,checking,active,2023-06-09,
ACCT203806,CUST102355,savings,active,2023-08-13,
ACCT203807,CUST102356,savings,active,2024-10-04,
ACCT203808,CUST102356,checking,active,2024-02-02,
ACCT203809,CUST102356,savings,active,2024-04-28,
ACCT203810,CUST102357,credit,active,2024-06-29,
ACCT203811,CUST102357,credit,active,2023-09-04,
ACCT203812,CUST102358,savings,active,2023-09-12,
ACCT203813,CUST102358,savings,active,2024-06-03,
ACCT203814,CUST102359,savings,active,2024-01-18,
ACCT203815,CUST102359,savings,active,2023-11-19,
ACCT203816,CUST102359,credit,active,2023-05-29,
ACCT203817,CUST102360,savings,active,2024-06-28,
ACCT203818,CUST102360,savings,active,2023-01-25,
ACCT203819,CUST102360,checking,active,2024-10-01,
ACCT203820,CUST102361,savings,active,2023-01-21,
ACCT203821,CUST102362,checking,active,2024-03-23,
ACCT203822,CUST102363,credit,active,2024-08-05,
ACCT203823,CUST102364,checking,closed,2023-06-27,2024-02-16
ACCT203824,CUST102364,checking,active,2023-09-06,
ACCT203825,CUST102364,checking,active,2024-10-12,
ACCT203826,CUST102365,checking,active,2024-06-15,
ACCT203827,CUST102365,savings,active,2024-09-28,
ACCT203828,CUST102366,checking,active,2024-02-25,
ACCT203829,CUST102367,checking,active,2023-04-22,
ACCT203830,CUST102368,checking,active,2024-07-08,
ACCT203831,CUST102368,savings,active,2024-01-06,
ACCT203832,CUST102368,checking,active,2024-02-23,
ACCT203833,CUST102369,savings,active,2023-02-09,
ACCT203834,CUST102370,checking,active,2023-05-22,
ACCT203835,CUST102371,checking,active,2024-07-19,
ACCT203836,CUST102372,checking,active,2024-07-25,
ACCT203837,CUST102373,credit,frozen,2023-12-15,
ACCT203838,CUST102374,checking,active,2024-07-08,
ACCT203839,CUST102375,checking,closed,2023-03-01,2024-02-08
ACCT203840,CUST102376,checking,active,2024-03-05,
ACCT203841,CUST102377,checking,active,2023-11-29,
ACCT203842,CUST102378,savings,active,2024-05-13,
ACCT203843,CUST102378,credit,active,2024-04-13,
ACCT203844,CUST102379,checking,active,2024-11-08,
ACCT203845,CUST102379,checking,active,2023-06-02,
ACCT203846,CUST102380,checking,active,2023-04-07,
ACCT203847,CUST102381,checking,active,2024-10-05,
ACCT203848,CUST102382,savings,active,2024-05-29,
ACCT203849,CUST102383,checking,active,2023-09-10,
ACCT203850,CUST102384,credit,active,2024-09-02,
ACCT203851,CUST102385,savings,frozen,2023-10-03,
ACCT203852,CUST102386,savings,active,2023-05-03,
ACCT203853,CUST102387,checking,active,2024-10-14,
ACCT203854,CUST102388,savings,active,2024-08-27,
ACCT203855,CUST102388,checking,active,2024-05-13,
ACCT203856,CUST102388,savings,active,2023-03-17,
ACCT203857,CUST102389,checking,active,2023-11-29,
ACCT203858,CUST102390,savings,active,2024-11-21,
ACCT203859,CUST102390,savings,active,2024-05-19,
ACCT203860,CUST102391,checking,active,2023-07-13,
ACCT203861,CUST102391,checking,active,2024-08-05,
ACCT203862,CUST102392,savings,active,2023-03-06,
ACCT203863,CUST102393,savings,active,2024-04-01,
ACCT203864,CUST102394,credit,active,2024-05-05,
ACCT203865,CUST102394,credit,active,2023-03-20,
ACCT203866,CUST102394,savings,frozen,2024-10-26,
ACCT203867,CUST102395,checking,active,2023-12-28,
ACCT203868,CUST102395,checking,active,2023-01-25,
ACCT203869,CUST102396,savings,active,2024-04-16,
ACCT203870,CUST102396,credit,active,2023-02-02,
ACCT203871,CUST102396,checking,active,2024-08-27,
ACCT203872,CUST102397,savings,active,2023-12-07,
ACCT203873,CUST102397,checking,active,2024-09-30,
ACCT203874,CUST102398,checking,active,2023-01-17,
ACCT203875,CUST102398,credit,active,2024-06-13,
ACCT203876,CUST102398,credit,active,2024-03-11,
ACCT203877,CUST102399,savings,active,2023-06-26,
ACCT203878,CUST102400,credit,active,2024-03-30,
ACCT203879,CUST102401,checking,active,2023-08-15,
ACCT203880,CUST102402,checking,active,2023-08-25,
ACCT203881,CUST102402,savings,active,2024-05-08,
ACCT203882,CUST102403,credit,active,2024-11-28,
ACCT203883,CUST102404,checking,active,2024-03-04,
ACCT203884,CUST102405,savings,active,2023-07-13,
ACCT203885,CUST102406,credit,frozen,2024-11-01,
ACCT203886,CUST102407,checking,active,2024-11-18,
ACCT203887,CUST102408,checking,closed,2024-04-09,2024-06-08
ACCT203888,CUST102409,checking,active,2024-09-25,
ACCT203889,CUST102410,checking,active,2023-10-15,
ACCT203890,CUST102410,checking,active,2024-01-01,
ACCT203891,CUST102410,savings,active,2024-09-10,
ACCT203892,CUST102411,checking,active,2023-06-10,
ACCT203893,CUST102411,checking,active,2023-02-16,
ACCT203894,CUST102412,checking,frozen,2023-06-21,
ACCT203895,CUST102412,checking,active,2023-02-07,
ACCT203896,CUST102413,savings,active,2023-05-04,
ACCT203897,CUST102413,savings,active,2023-07-17,
ACCT203898,CUST102413,checking,active,2024-02-04,
ACCT203899,CUST102414,savings,active,2024-03-27,
ACCT203900,CUST102415,checking,active,2023-04-19,
ACCT203901,CUST102416,savings,active,2023-06-24,
ACCT203902,CUST102416,savings,active,2024-08-11,
ACCT203903,CUST102417,checking,active,2023-03-31,
ACCT203904,CUST102418,savings,active,2023-03-15,
ACCT203905,CUST102418,savings,active,2023-05-03,
ACCT203906,CUST102419,checking,active,2023-06-30,
ACCT203907,CUST102420,credit,active,2024-11-05,
ACCT203908,CUST102421,savings,active,2023-08-29,
ACCT203909,CUST102421,savings,active,2024-07-04,
ACCT203910,CUST102421,checking,closed,2023-09-10,2024-07-06
ACCT203911,CUST102422,checking,active,2024-09-04,
ACCT203912,CUST102422,checking,active,2024-06-11,
ACCT203913,CUST102423,savings,active,2024-08-01,
ACCT203914,CUST102424,savings,frozen,2024-11-27,
ACCT203915,CUST102425,credit,active,2023-08-24,
ACCT203916,CUST102425,checking,active,2023-11-13,
ACCT203917,CUST102426,savings,active,2023-06-09,
ACCT203918,CUST102427,checking,active,2023-09-09,
ACCT203919,CUST102427,credit,active,2024-03-13,
ACCT203920,CUST102428,checking,active,2023-11-27,
ACCT203921,CUST102428,checking,active,2024-01-22,
ACCT203922,CUST102429,checking,active,2024-03-03,
ACCT203923,CUST102430,checking,active,2023-03-24,
ACCT203924,CUST102430,credit,active,2024-08-16,
ACCT203925,CUST102431,checking,active,2024-09-01,
ACCT203926,CUST102432,savings,active,2024-10-22,
ACCT203927,CUST102433,credit,active,2023-08-25,
ACCT203928,CUST102434,checking,frozen,2023-06-20,
ACCT203929,CUST102434,credit,active,2023-10-23,
ACCT203930,CUST102435,checking,active,2024-08-10,
ACCT203931,CUST102436,checking,active,2023-07-13,
ACCT203932,CUST102436,checking,active,2024-07-04,
ACCT203933,CUST102437,checking,active,2023-11-26,
ACCT203934,CUST102438,checking,active,2024-06-21,
ACCT203935,CUST102438,savings,active,2024-09-04,
ACCT203936,CUST102439,savings,active,2024-05-28,
ACCT203937,CUST102439,savings,active,2023-07-09,
ACCT203938,CUST102440,savings,active,2023-06-22,
ACCT203939,CUST102440,checking,active,2024-05-02,
ACCT203940,CUST102441,checking,active,2024-06-10,
ACCT203941,CUST102441,checking,active,2024-06-07,
ACCT203942,CUST102441,checking,active,2023-03-19,
ACCT203943,CUST102442,savings,active,2023-05-17,
ACCT203944,CUST102442,savings,active,2023-01-08,
ACCT203945,CUST102442,savings,active,2023-10-20,
ACCT203946,CUST102443,checking,active,2023-05-31,
ACCT203947,CUST102444,savings,active,2023-02-03,
ACCT203948,CUST102444,checking,active,2024-11-28,
ACCT203949,CUST102444,savings,active,2023-07-23,
ACCT203950,CUST102445,checking,active,2024-11-07,
ACCT203951,CUST102446,checking,active,2023-03-31,
ACCT203952,CUST102447,checking,active,2023-05-25,
ACCT203953,CUST102447,savings,closed,2024-08-30,2025-10-09
ACCT203954,CUST102448,checking,active,2023-04-03,
ACCT203955,CUST102449,savings,active,2024-01-03,
ACCT203956,CUST102450,checking,active,2023-11-29,
ACCT203957,CUST102450,savings,active,2024-07-01,
ACCT203958,CUST102450,savings,active,2023-06-08,
ACCT203959,CUST102451,savings,active,2024-01-01,
ACCT203960,CUST102452,savings,active,2024-02-28,
ACCT203961,CUST102453,checking,active,2023-07-07,
ACCT203962,CUST102454,checking,active,2023-03-03,
ACCT203963,CUST102454,savings,active,2024-08-07,
ACCT203964,CUST102455,checking,active,2023-10-28,
ACCT203965,CUST102455,checking,active,2023-11-16,
ACCT203966,CUST102456,savings,active,2023-07-04,
ACCT203967,CUST102456,savings,active,2024-05-10,
ACCT203968,CUST102456,checking,active,2024-05-20,
ACCT203969,CUST102457,checking,active,2023-06-13,
ACCT203970,CUST102457,checking,active,2024-07-17,
ACCT203971,CUST102458,savings,active,2023-11-18,
ACCT203972,CUST102459,checking,frozen,2024-02-28,
ACCT203973,CUST102459,savings,active,2023-05-27,
ACCT203974,CUST102460,checking,active,2024-06-14,
ACCT203975,CUST102460,credit,active,2024-08-12,
ACCT203976,CUST102461,checking,active,2023-10-03,
ACCT203977,CUST102462,checking,active,2024-09-07,
ACCT203978,CUST102463,checking,active,2023-06-16,
ACCT203979,CUST102464,savings,active,2023-08-28,
ACCT203980,CUST102464,savings,frozen,2023-11-03,
ACCT203981,CUST102465,savings,active,2024-06-25,
ACCT203982,CUST102465,checking,active,2023-01-14,
ACCT203983,CUST102465,checking,closed,2023-05-01,2024-01-19
ACCT203984,CUST102466,checking,active,2024-05-20,
ACCT203985,CUST102467,savings,active,2023-01-13,
ACCT203986,CUST102467,savings,active,2024-02-06,
ACCT203987,CUST102468,checking,active,2023-06-26,
ACCT203988,CUST102468,checking,active,2024-06-26,
ACCT203989,CUST102468,savings,active,2023-10-31,
ACCT203990,CUST102469,savings,closed,2023-10-19,2024-08-15
ACCT203991,CUST102470,checking,active,2024-09-16,
ACCT203992,CUST102471,checking,active,2023-01-03,
ACCT203993,CUST102472,checking,active,2023-03-08,
ACCT203994,CUST102473,checking,active,2024-01-15,
ACCT203995,CUST102474,checking,active,2024-06-23,
ACCT203996,CUST102475,checking,active,2024-10-31,
ACCT203997,CUST102475,savings,active,2024-01-05,
ACCT203998,CUST102476,savings,frozen,2023-08-03,
ACCT203999,CUST102476,checking,active,2024-10-09,
ACCT204000,CUST102477,checking,frozen,2024-07-16,
ACCT204001,CUST102477,checking,active,2023-05-30,
ACCT204002,CUST102478,checking,active,2024-07-19,
ACCT204003,CUST102479,checking,active,2024-07-06,
ACCT204004,CUST102480,savings,active,2023-09-05,
ACCT204005,CUST102480,checking,active,2024-08-20,
ACCT204006,CUST102481,checking,active,2024-01-01,
ACCT204007,CUST102481,savings,closed,2023-04-30,2024-04-05
ACCT204008,CUST102481,checking,frozen,2024-06-27,
ACCT204009,CUST102482,checking,active,2024-01-02,
ACCT204010,CUST102482,savings,active,2024-05-11,
ACCT204011,CUST102482,checking,frozen,2024-06-02,
ACCT204012,CUST102483,credit,active,2023-06-12,
ACCT204013,CUST102483,savings,active,2023-02-25,
ACCT204014,CUST102484,checking,active,2023-08-13,
ACCT204015,CUST102485,credit,active,2023-09-25,
ACCT204016,CUST102486,checking,active,2023-03-03,
ACCT204017,CUST102486,checking,active,2024-06-09,
ACCT204018,CUST102486,savings,closed,2023-02-22,2023-07-26
ACCT204019,CUST102487,checking,active,2024-10-27,
ACCT204020,CUST102488,checking,active,2023-12-06,
ACCT204021,CUST102488,checking,active,2024-10-01,
ACCT204022,CUST102488,checking,active,2023-05-28,
ACCT204023,CUST102489,checking,active,2024-05-12,
ACCT204024,CUST102489,savings,active,2024-09-04,
ACCT204025,CUST102490,checking,active,2023-12-25,
ACCT204026,CUST102491,savings,active,2024-04-08,
ACCT204027,CUST102492,checking,active,2024-09-20,
ACCT204028,CUST102493,checking,active,2023-12-23,
ACCT204029,CUST102493,checking,closed,2023-06-11,2024-10-08
ACCT204030,CUST102494,checking,active,2024-01-21,
ACCT204031,CUST102494,checking,active,2023-09-24,
ACCT204032,CUST102495,checking,active,2023-03-22,
ACCT204033,CUST102496,checking,active,2023-01-26,
ACCT204034,CUST102497,credit,active,2023-09-15,
ACCT204035,CUST102498,checking,active,2023-05-26,
ACCT204036,CUST102498,savings,active,2024-05-27,
ACCT204037,CUST102498,checking,active,2024-03-22,
ACCT204038,CUST102499,checking,active,2023-05-07,
ACCT204039,CUST102499,credit,active,2023-08-08,
ACCT204040,CUST102500,checking,closed,2024-03-21,2024-11-26
ACCT204041,CUST102500,savings,active,2023-01-09,
ACCT204042,CUST102501,credit,active,2023-02-05,
ACCT204043,CUST102502,checking,active,2024-04-18,
ACCT204044,CUST102503,savings,active,2024-09-07,
ACCT204045,CUST102503,savings,active,2024-05-01,
ACCT204046,CUST102504,checking,active,2024-01-26,
ACCT204047,CUST102505,savings,active,2023-05-10,
ACCT204048,CUST102506,credit,closed,2024-06-13,2025-05-17
ACCT204049,CUST102506,savings,active,2023-09-17,
ACCT204050,CUST102506,savings,active,2023-06-03,
ACCT204051,CUST102507,checking,active,2024-10-25,
ACCT204052,CUST102507,checking,active,2023-11-09,
ACCT204053,CUST102508,checking,active,2024-11-25,
ACCT204054,CUST102508,checking,frozen,2024-05-20,
ACCT204055,CUST102508,checking,active,2023-05-20,
ACCT204056,CUST102509,savings,active,2024-04-11,
ACCT204057,CUST102510,checking,active,2023-11-11,
ACCT204058,CUST102511,checking,active,2023-12-04,
ACCT204059,CUST102512,checking,active,2024-07-15,
ACCT204060,CUST102512,checking,active,2023-06-26,
ACCT204061,CUST102513,checking,active,2023-09-09,
ACCT204062,CUST102513,checking,active,2024-09-14,
ACCT204063,CUST102514,savings,active,2023-05-02,
ACCT204064,CUST102514,checking,active,2023-10-10,
ACCT204065,CUST102515,savings,active,2024-05-12,
ACCT204066,CUST102516,checking,frozen,2024-06-22,
ACCT204067,CUST102517,checking,closed,2023-08-28,2024-08-17
ACCT204068,CUST102518,checking,active,2023-05-23,
ACCT204069,CUST102518,savings,active,2023-01-23,
ACCT204070,CUST102519,credit,active,2024-08-14,
ACCT204071,CUST102519,savings,active,2023-01-26,
ACCT204072,CUST102520,checking,active,2023-05-20,
ACCT204073,CUST102521,checking,active,2024-01-31,
ACCT204074,CUST102522,checking,active,2023-12-20,
ACCT204075,CUST102523,credit,active,2023-03-31,
ACCT204076,CUST102524,checking,active,2024-03-17,
ACCT204077,CUST102525,savings,active,2023-06-02,
ACCT204078,CUST102525,checking,active,2024-09-26,
ACCT204079,CUST102526,checking,closed,2023-12-31,2025-02-07
ACCT204080,CUST102527,savings,active,2024-01-04,
ACCT204081,CUST102528,checking,active,2023-11-09,
ACCT204082,CUST102529,savings,active,2023-06-23,
ACCT204083,CUST102529,checking,closed,2023-09-13,2024-11-12
ACCT204084,CUST102529,checking,active,2024-07-30,
ACCT204085,CUST102530,savings,active,2023-04-09,
ACCT204086,CUST102530,savings,active,2023-07-13,
ACCT204087,CUST102531,checking,active,2024-10-06,
ACCT204088,CUST102532,savings,active,2024-06-06,
ACCT204089,CUST102532,checking,active,2023-03-14,
ACCT204090,CUST102532,checking,active,2023-03-13,
ACCT204091,CUST102533,checking,active,2024-04-27,
ACCT204092,CUST102534,checking,active,2024-08-05,
ACCT204093,CUST102535,savings,active,2024-05-10,
ACCT204094,CUST102535,checking,active,2024-08-25,
ACCT204095,CUST102535,savings,active,2023-08-14,
ACCT204096,CUST102536,checking,active,2023-10-01,
ACCT204097,CUST102536,checking,active,2023-09-09,
ACCT204098,CUST102537,checking,active,2023-01-29,
ACCT204099,CUST102537,credit,active,2023-06-20,
ACCT204100,CUST102537,checking,active,2024-08-17,
ACCT204101,CUST102538,checking,active,2024-09-03,
ACCT204102,CUST102539,savings,active,2023-02-21,
ACCT204103,CUST102539,checking,active,2024-04-15,
ACCT204104,CUST102540,savings,active,2023-02-11,
ACCT204105,CUST102540,checking,active,2024-11-26,
ACCT204106,CUST102540,savings,active,2023-04-18,
ACCT204107,CUST102541,checking,frozen,2024-07-17,
ACCT204108,CUST102542,savings,active,2023-02-26,
ACCT204109,CUST102543,credit,active,2024-06-30,
ACCT204110,CUST102543,credit,active,2023-03-28,
ACCT204111,CUST102543,savings,active,2023-01-05,
ACCT204112,CUST102544,checking,active,2024-05-13,
ACCT204113,CUST102545,savings,active,2023-10-12,
ACCT204114,CUST102545,savings,active,2024-04-25,
ACCT204115,CUST102546,savings,active,2024-02-17,
ACCT204116,CUST102547,checking,active,2024-02-19,
ACCT204117,CUST102547,savings,active,2024-05-11,
ACCT204118,CUST102548,credit,active,2023-11-01,
ACCT204119,CUST102549,checking,active,2024-04-05,
ACCT204120,CUST102550,checking,active,2023-07-01,
ACCT204121,CUST102551,checking,closed,2023-09-29,2024-09-15
ACCT204122,CUST102552,savings,active,2023-08-26,
ACCT204123,CUST102553,checking,active,2024-06-17,
ACCT204124,CUST102553,savings,active,2023-04-24,
ACCT204125,CUST102553,credit,active,2024-03-07,
ACCT204126,CUST102554,savings,active,2024-01-19,
ACCT204127,CUST102555,checking,active,2024-02-08,
ACCT204128,CUST102556,checking,active,2023-03-05,
ACCT204129,CUST102557,savings,active,2023-06-03,
ACCT204130,CUST102558,savings,active,2023-10-12,
ACCT204131,CUST102558,savings,active,2023-12-04,
ACCT204132,CUST102559,checking,active,2023-04-30,
ACCT204133,CUST102560,credit,active,2023-11-01,
ACCT204134,CUST102560,credit,active,2023-07-25,
ACCT204135,CUST102560,checking,active,2023-04-30,
ACCT204136,CUST102561,checking,active,2023-02-20,
ACCT204137,CUST102561,checking,active,2023-05-02,
ACCT204138,CUST102561,savings,active,2023-09-01,
ACCT204139,CUST102562,checking,active,2024-05-21,
ACCT204140,CUST102562,checking,active,2024-06-30,
ACCT204141,CUST102562,checking,active,2024-10-06,
ACCT204142,CUST102563,checking,active,2024-11-09,
ACCT204143,CUST102563,checking,active,2024-03-09,
ACCT204144,CUST102563,checking,active,2023-10-12,
ACCT204145,CUST102564,checking,frozen,2024-07-20,
ACCT204146,CUST102565,checking,closed,2024-01-13,2025-05-03
ACCT204147,CUST102566,savings,active,2024-08-14,
ACCT204148,CUST102566,savings,active,2024-01-03,
ACCT204149,CUST102567,checking,active,2024-01-09,
ACCT204150,CUST102567,checking,frozen,2024-03-23,
ACCT204151,CUST102568,checking,active,2024-07-14,
ACCT204152,CUST102569,checking,active,2023-09-06,
ACCT204153,CUST102570,checking,active,2023-07-27,
ACCT204154,CUST102571,checking,active,2024-11-09,
ACCT204155,CUST102572,savings,active,2024-01-17,
ACCT204156,CUST102573,checking,active,2024-11-08,
ACCT204157,CUST102573,checking,active,2024-11-25,
ACCT204158,CUST102574,checking,active,2023-08-08,
ACCT204159,CUST102575,checking,active,2024-06-12,
ACCT204160,CUST102575,checking,active,2023-10-01,
ACCT204161,CUST102576,savings,active,2024-03-01,
ACCT204162,CUST102576,savings,frozen,2024-01-05,
ACCT204163,CUST102576,savings,frozen,2024-05-14,
ACCT204164,CUST102577,checking,active,2024-05-09,
ACCT204165,CUST102577,credit,active,2023-08-11,
ACCT204166,CUST102578,checking,closed,2023-02-19,2023-09-11
ACCT204167,CUST102579,savings,active,2024-08-01,
ACCT204168,CUST102579,checking,active,2024-08-08,
ACCT204169,CUST102580,savings,active,2024-10-31,
ACCT204170,CUST102580,credit,active,2023-02-09,
ACCT204171,CUST102581,checking,active,2023-01-31,
ACCT204172,CUST102582,checking,active,2023-09-09,
ACCT204173,CUST102582,savings,active,2023-08-10,
ACCT204174,CUST102582,credit,active,2024-06-15,
ACCT204175,CUST102583,savings,active,2023-01-31,
ACCT204176,CUST102584,checking,active,2023-11-16,
ACCT204177,CUST102584,savings,active,2023-07-12,
ACCT204178,CUST102585,credit,active,2023-12-06,
ACCT204179,CUST102586,savings,active,2023-01-13,
ACCT204180,CUST102587,savings,active,2024-06-29,
ACCT204181,CUST102587,savings,active,2023-12-27,
ACCT204182,CUST102587,checking,active,2024-07-19,
ACCT204183,CUST102588,savings,active,2023-05-31,
ACCT204184,CUST102589,checking,active,2023-06-21,
ACCT204185,CUST102590,checking,active,2023-01-17,
ACCT204186,CUST102590,savings,active,2024-10-04,
ACCT204187,CUST102591,savings,active,2023-04-02,
ACCT204188,CUST102592,checking,active,2023-09-28,
ACCT204189,CUST102592,checking,active,2023-04-07,
ACCT204190,CUST102592,savings,frozen,2023-02-11,
ACCT204191,CUST102593,checking,active,2023-04-20,
ACCT204192,CUST102594,credit,active,2023-03-27,
ACCT204193,CUST102595,checking,active,2023-08-14,
ACCT204194,CUST102595,credit,active,2023-07-31,
ACCT204195,CUST102596,checking,active,2024-06-11,
ACCT204196,CUST102596,checking,active,2023-12-31,
ACCT204197,CUST102596,credit,active,2023-07-23,
ACCT204198,CUST102597,checking,active,2024-06-14,
ACCT204199,CUST102598,credit,active,2023-05-24,
ACCT204200,CUST102599,checking,active,2023-05-21,
ACCT204201,CUST102599,checking,active,2023-02-11,
ACCT204202,CUST102599,savings,active,2023-01-17,
ACCT204203,CUST102600,savings,active,2023-01-05,
ACCT204204,CUST102600,savings,active,2023-01-05,
ACCT204205,CUST102601,checking,closed,2024-09-08,2025-09-23
ACCT204206,CUST102602,savings,active,2023-09-09,
ACCT204207,CUST102603,checking,active,2024-02-15,
ACCT204208,CUST102604,checking,active,2024-11-16,
ACCT204209,CUST102604,checking,active,2023-06-13,
ACCT204210,CUST102605,checking,active,2024-06-14,
ACCT204211,CUST102606,checking,active,2024-05-03,
ACCT204212,CUST102606,savings,active,2024-07-05,
ACCT204213,CUST102606,savings,active,2024-10-21,
ACCT204214,CUST102607,checking,active,2023-08-22,
ACCT204215,CUST102608,checking,active,2023-02-19,
ACCT204216,CUST102608,savings,active,2023-02-12,
ACCT204217,CUST102609,checking,active,2023-09-20,
ACCT204218,CUST102609,checking,active,2023-01-03,
ACCT204219,CUST102609,savings,frozen,2024-08-29,
ACCT204220,CUST102610,checking,active,2024-04-14,
ACCT204221,CUST102611,checking,active,2023-09-22,
ACCT204222,CUST102612,checking,active,2023-08-24,
ACCT204223,CUST102612,checking,active,2024-01-28,
ACCT204224,CUST102613,savings,active,2024-03-12,
ACCT204225,CUST102614,savings,active,2023-07-08,
ACCT204226,CUST102615,checking,active,2023-11-04,
ACCT204227,CUST102615,checking,active,2023-05-30,
ACCT204228,CUST102616,checking,active,2023-07-19,
ACCT204229,CUST102616,credit,active,2024-06-22,
ACCT204230,CUST102616,savings,active,2024-06-02,
ACCT204231,CUST102617,checking,active,2023-09-25,
ACCT204232,CUST102618,checking,active,2023-12-24,
ACCT204233,CUST102619,savings,active,2024-03-29,
ACCT204234,CUST102620,checking,active,2024-11-26,
ACCT204235,CUST102620,credit,active,2024-10-15,
ACCT204236,CUST102621,checking,active,2023-01-24,
ACCT204237,CUST102622,checking,closed,2023-04-14,2023-09-14
ACCT204238,CUST102622,credit,active,2024-02-18,
ACCT204239,CUST102622,savings,active,2024-03-11,
ACCT204240,CUST102623,credit,active,2024-05-19,
ACCT204241,CUST102623,checking,active,2024-06-07,
ACCT204242,CUST102624,savings,active,2024-03-02,
ACCT204243,CUST102624,savings,active,2023-07-30,
ACCT204244,CUST102625,savings,active,2024-05-09,
ACCT204245,CUST102625,credit,closed,2023-04-24,2024-04-13
ACCT204246,CUST102626,checking,active,2024-01-14,
ACCT204247,CUST102626,credit,active,2024-11-08,
ACCT204248,CUST102627,checking,active,2024-02-17,
ACCT204249,CUST102627,savings,active,2023-09-03,
ACCT204250,CUST102628,checking,active,2024-05-31,
ACCT204251,CUST102629,savings,active,2024-05-13,
ACCT204252,CUST102630,savings,active,2023-05-27,
ACCT204253,CUST102630,credit,frozen,2024-08-29,
ACCT204254,CUST102631,checking,active,2023-07-17,
ACCT204255,CUST102631,credit,active,2023-04-25,
ACCT204256,CUST102631,checking,active,2023-07-31,
ACCT204257,CUST102632,checking,active,2024-09-16,
ACCT204258,CUST102633,checking,active,2023-08-20,
ACCT204259,CUST102634,checking,active,2023-03-16,
ACCT204260,CUST102635,checking,active,2023-03-18,
ACCT204261,CUST102636,checking,active,2023-11-07,
ACCT204262,CUST102637,credit,active,2023-08-14,
ACCT204263,CUST102638,savings,active,2023-09-20,
ACCT204264,CUST102638,savings,active,2023-02-13,
ACCT204265,CUST102638,checking,active,2024-07-06,
ACCT204266,CUST102639,checking,active,2023-06-18,
ACCT204267,CUST102640,checking,frozen,2024-09-15,
ACCT204268,CUST102641,savings,active,2023-02-12,
ACCT204269,CUST102642,checking,active,2023-09-01,
ACCT204270,CUST102642,savings,active,2023-05-27,
ACCT204271,CUST102643,checking,closed,2023-09-05,2024-10-22
ACCT204272,CUST102644,checking,active,2024-06-01,
ACCT204273,CUST102645,checking,active,2024-03-31,
ACCT204274,CUST102646,checking,active,2023-07-01,
ACCT204275,CUST102646,checking,frozen,2023-08-29,
ACCT204276,CUST102647,savings,active,2023-06-01,
ACCT204277,CUST102648,savings,active,2023-01-10,
ACCT204278,CUST102649,savings,active,2024-02-20,
ACCT204279,CUST102649,credit,active,2023-11-15,
ACCT204280,CUST102650,checking,active,2024-10-15,
ACCT204281,CUST102651,checking,active,2023-02-02,
ACCT204282,CUST102652,savings,closed,2023-02-10,2023-12-18
ACCT204283,CUST102653,checking,active,2024-06-13,
ACCT204284,CUST102654,checking,active,2024-09-14,
ACCT204285,CUST102655,checking,closed,2023-10-02,2024-05-23
ACCT204286,CUST102656,checking,active,2023-10-24,
ACCT204287,CUST102657,credit,active,2024-05-16,
ACCT204288,CUST102658,savings,active,2024-05-07,
ACCT204289,CUST102658,checking,active,2023-02-23,
ACCT204290,CUST102659,checking,active,2023-09-21,
ACCT204291,CUST102660,credit,active,2024-08-29,
ACCT204292,CUST102660,checking,active,2024-09-13,
ACCT204293,CUST102661,checking,active,2023-11-01,
ACCT204294,CUST102661,checking,active,2023-04-14,
ACCT204295,CUST102662,checking,active,2023-05-10,
ACCT204296,CUST102662,checking,frozen,2023-12-07,
ACCT204297,CUST102663,credit,active,2023-03-26,
ACCT204298,CUST102664,savings,active,2024-11-28,
ACCT204299,CUST102664,credit,active,2023-09-22,
ACCT204300,CUST102665,credit,active,2024-02-15,
ACCT204301,CUST102666,checking,active,2023-07-13,
ACCT204302,CUST102667,checking,active,2023-05-22,
ACCT204303,CUST102668,checking,active,2024-02-10,
ACCT204304,CUST102668,savings,active,2024-11-05,
ACCT204305,CUST102669,checking,active,2024-04-17,
ACCT204306,CUST102669,savings,closed,2024-07-07,2025-09-03
ACCT204307,CUST102670,checking,active,2023-05-31,
ACCT204308,CUST102670,savings,closed,2023-05-24,2023-11-27
ACCT204309,CUST102671,checking,active,2023-03-23,
ACCT204310,CUST102671,savings,active,2024-02-09,
ACCT204311,CUST102671,checking,active,2024-03-09,
ACCT204312,CUST102672,savings,active,2023-10-28,
ACCT204313,CUST102672,checking,active,2023-12-05,
ACCT204314,CUST102673,savings,active,2023-01-24,
ACCT204315,CUST102673,checking,active,2024-08-20,
ACCT204316,CUST102674,savings,active,2024-02-22,
ACCT204317,CUST102675,savings,active,2023-11-21,
ACCT204318,CUST102676,savings,active,2023-01-21,
ACCT204319,CUST102676,checking,active,2024-04-04,
ACCT204320,CUST102677,savings,active,2023-08-21,
ACCT204321,CUST102678,checking,active,2024-01-12,
ACCT204322,CUST102679,savings,active,2023-10-09,
ACCT204323,CUST102680,savings,active,2024-11-12,
ACCT204324,CUST102681,checking,active,2023-03-26,
ACCT204325,CUST102682,checking,active,2023-07-03,
ACCT204326,CUST102683,savings,active,2024-03-25,
ACCT204327,CUST102684,savings,active,2023-10-25,
ACCT204328,CUST102685,checking,active,2023-02-06,
ACCT204329,CUST102686,checking,active,2024-07-20,
ACCT204330,CUST102687,checking,frozen,2024-02-08,
ACCT204331,CUST102687,checking,active,2024-11-12,
ACCT204332,CUST102687,checking,active,2024-03-05,
ACCT204333,CUST102688,checking,active,2023-03-25,
ACCT204334,CUST102689,savings,active,2024-01-09,
ACCT204335,CUST102690,savings,active,2023-07-02,
ACCT204336,CUST102690,savings,active,2024-03-12,
ACCT204337,CUST102691,checking,active,2024-02-24,
ACCT204338,CUST102691,checking,active,2024-08-02,
ACCT204339,CUST102692,checking,frozen,2023-12-05,
ACCT204340,CUST102692,savings,active,2023-06-05,
ACCT204341,CUST102692,checking,active,2023-08-22,
ACCT204342,CUST102693,checking,active,2023-05-15,
ACCT204343,CUST102693,checking,active,2023-07-30,
ACCT204344,CUST102694,checking,active,2023-08-21,
ACCT204345,CUST102695,checking,active,2024-01-18,
ACCT204346,CUST102696,checking,active,2024-09-13,
ACCT204347,CUST102697,savings,active,2023-01-12,
ACCT204348,CUST102698,savings,active,2023-02-05,
ACCT204349,CUST102699,savings,active,2023-05-08,
ACCT204350,CUST102699,checking,active,2024-04-06,
ACCT204351,CUST102699,checking,active,2023-06-04,
ACCT204352,CUST102700,checking,active,2023-04-17,
ACCT204353,CUST102700,credit,active,2023-02-24,
ACCT204354,CUST102701,checking,active,2024-02-06,
ACCT204355,CUST102701,checking,active,2023-10-14,
ACCT204356,CUST102702,checking,active,2024-05-01,
ACCT204357,CUST102703,savings,active,2024-11-08,
ACCT204358,CUST102704,checking,frozen,2023-03-16,
ACCT204359,CUST102704,savings,active,2023-07-19,
ACCT204360,CUST102705,checking,active,2024-10-01,
ACCT204361,CUST102705,savings,active,2024-01-07,
ACCT204362,CUST102706,checking,active,2023-03-28,
ACCT204363,CUST102707,savings,active,2024-04-03,
ACCT204364,CUST102707,checking,active,2024-04-24,
ACCT204365,CUST102707,credit,active,2023-03-13,
ACCT204366,CUST102708,checking,active,2023-05-01,
ACCT204367,CUST102709,credit,closed,2024-09-21,2025-10-10
ACCT204368,CUST102709,savings,active,2023-04-21,
ACCT204369,CUST102709,checking,active,2023-01-11,
ACCT204370,CUST102710,checking,active,2024-10-29,
ACCT204371,CUST102711,checking,frozen,2023-11-22,
ACCT204372,CUST102712,checking,active,2024-01-21,
ACCT204373,CUST102712,savings,active,2024-01-28,
ACCT204374,CUST102713,checking,active,2024-07-15,
ACCT204375,CUST102713,savings,active,2023-10-29,
ACCT204376,CUST102714,checking,active,2023-01-18,
ACCT204377,CUST102714,credit,active,2023-05-22,
ACCT204378,CUST102715,checking,active,2024-04-15,
ACCT204379,CUST102716,checking,active,2024-04-09,
ACCT204380,CUST102716,checking,active,2024-07-21,
ACCT204381,CUST102717,checking,active,2024-02-17,
ACCT204382,CUST102718,checking,active,2024-01-19,
ACCT204383,CUST102719,checking,active,2023-12-15,
ACCT204384,CUST102719,savings,active,2024-11-13,
ACCT204385,CUST102720,checking,active,2024-04-24,
ACCT204386,CUST102720,savings,active,2023-04-14,
ACCT204387,CUST102720,credit,active,2024-03-31,
ACCT204388,CUST102721,checking,active,2023-06-22,
ACCT204389,CUST102721,checking,active,2023-11-14,
ACCT204390,CUST102722,checking,active,2024-03-28,
ACCT204391,CUST102723,savings,active,2023-03-30,
ACCT204392,CUST102723,savings,active,2024-03-26,
ACCT204393,CUST102724,checking,active,2023-05-12,
ACCT204394,CUST102725,credit,active,2023-03-05,
ACCT204395,CUST102725,credit,active,2023-03-10,
ACCT204396,CUST102725,credit,active,2023-10-15,
ACCT204397,CUST102726,checking,active,2023-08-27,
ACCT204398,CUST102726,checking,active,2023-06-28,
ACCT204399,CUST102727,savings,active,2023-12-19,
ACCT204400,CUST102728,credit,active,2023-11-16,
ACCT204401,CUST102728,savings,active,2023-02-14,
ACCT204402,CUST102728,checking,active,2023-03-27,
ACCT204403,CUST102729,credit,active,2024-06-08,
ACCT204404,CUST102729,credit,active,2023-04-20,
ACCT204405,CUST102729,savings,active,2023-02-10,
ACCT204406,CUST102730,checking,active,2023-10-15,
ACCT204407,CUST102730,credit,active,2024-02-15,
ACCT204408,CUST102730,savings,closed,2023-03-24,2023-11-22
ACCT204409,CUST102731,savings,active,2023-11-13,
ACCT204410,CUST102732,checking,active,2023-06-09,
ACCT204411,CUST102733,checking,active,2023-09-23,
ACCT204412,CUST102734,checking,active,2024-02-25,
ACCT204413,CUST102735,checking,active,2023-02-26,
ACCT204414,CUST102735,checking,active,2023-08-27,
ACCT204415,CUST102736,credit,active,2023-03-23,
ACCT204416,CUST102737,checking,active,2024-03-27,
ACCT204417,CUST102738,checking,active,2024-06-09,
ACCT204418,CUST102739,checking,active,2023-08-01,
ACCT204419,CUST102740,checking,active,2023-03-03,
ACCT204420,CUST102740,savings,active,2024-02-20,
ACCT204421,CUST102741,savings,active,2023-12-24,
ACCT204422,CUST102741,checking,active,2023-12-05,
ACCT204423,CUST102742,checking,active,2024-05-04,
ACCT204424,CUST102743,checking,active,2024-04-19,
ACCT204425,CUST102744,checking,active,2023-10-07,
ACCT204426,CUST102744,checking,active,2023-11-03,
ACCT204427,CUST102744,checking,active,2023-10-05,
ACCT204428,CUST102745,credit,active,2024-10-06,
ACCT204429,CUST102745,savings,active,2024-07-19,
ACCT204430,CUST102746,savings,active,2023-03-17,
ACCT204431,CUST102746,savings,active,2024-07-30,
ACCT204432,CUST102747,checking,active,2023-02-21,
ACCT204433,CUST102748,checking,active,2023-03-06,
ACCT204434,CUST102748,savings,active,2024-10-26,
ACCT204435,CUST102748,checking,active,2023-12-01,
ACCT204436,CUST102749,checking,active,2024-01-11,
ACCT204437,CUST102749,checking,active,2024-10-07,
ACCT204438,CUST102750,savings,active,2024-01-18,
ACCT204439,CUST102750,checking,active,2024-11-08,
ACCT204440,CUST102751,savings,active,2023-01-06,
ACCT204441,CUST102751,checking,active,2023-06-16,
ACCT204442,CUST102752,credit,active,2023-11-30,
ACCT204443,CUST102752,checking,active,2023-09-22,
ACCT204444,CUST102753,savings,active,2023-12-22,
ACCT204445,CUST102753,checking,active,2024-09-12,
ACCT204446,CUST102754,credit,active,2023-04-25,
ACCT204447,CUST102754,credit,active,2023-03-28,
ACCT204448,CUST102755,checking,active,2023-01-02,
ACCT204449,CUST102756,checking,active,2023-10-06,
ACCT204450,CUST102757,checking,active,2023-01-03,
ACCT204451,CUST102758,checking,active,2023-11-22,
ACCT204452,CUST102759,savings,active,2024-04-12,
ACCT204453,CUST102759,credit,frozen,2023-04-11,
ACCT204454,CUST102760,checking,active,2024-11-20,
ACCT204455,CUST102760,checking,active,2024-11-16,
ACCT204456,CUST102760,checking,active,2023-07-03,
ACCT204457,CUST102761,checking,active,2023-06-15,
ACCT204458,CUST102761,checking,active,2023-09-22,
ACCT204459,CUST102762,checking,active,2024-06-17,
ACCT204460,CUST102762,checking,active,2024-04-24,
ACCT204461,CUST102762,savings,active,2023-08-04,
ACCT204462,CUST102763,checking,active,2023-09-24,
ACCT204463,CUST102763,checking,active,2024-11-28,
ACCT204464,CUST102764,credit,active,2024-05-06,
ACCT204465,CUST102764,savings,active,2024-07-11,
ACCT204466,CUST102765,checking,active,2024-09-13,
ACCT204467,CUST102766,savings,active,2024-01-29,
ACCT204468,CUST102767,checking,frozen,2023-01-28,
ACCT204469,CUST102768,checking,active,2024-06-13,
ACCT204470,CUST102768,checking,active,2024-03-16,
ACCT204471,CUST102768,checking,active,2023-09-16,
ACCT204472,CUST102769,savings,active,2023-04-22,
ACCT204473,CUST102770,savings,active,2023-11-11,
ACCT204474,CUST102770,checking,active,2023-11-30,
ACCT204475,CUST102771,checking,active,2023-02-25,
ACCT204476,CUST102771,checking,active,2024-08-07,
ACCT204477,CUST102771,checking,active,2024-03-25,
ACCT204478,CUST102772,credit,active,2023-06-02,
ACCT204479,CUST102772,credit,active,2024-07-09,
ACCT204480,CUST102772,savings,active,2023-07-08,
ACCT204481,CUST102773,checking,frozen,2023-08-08,
ACCT204482,CUST102773,checking,active,2024-09-15,
ACCT204483,CUST102774,savings,active,2023-10-14,
ACCT204484,CUST102775,checking,frozen,2024-05-23,
ACCT204485,CUST102775,checking,active,2023-04-23,
ACCT204486,CUST102775,savings,active,2024-04-26,
ACCT204487,CUST102776,savings,active,2023-11-01,
ACCT204488,CUST102777,savings,active,2024-09-24,
ACCT204489,CUST102777,savings,active,2023-06-16,
ACCT204490,CUST102778,checking,active,2023-02-14,
ACCT204491,CUST102778,checking,active,2024-05-22,
ACCT204492,CUST102778,checking,active,2024-06-22,
ACCT204493,CUST102779,savings,active,2023-07-09,
ACCT204494,CUST102780,savings,active,2023-05-26,
ACCT204495,CUST102780,checking,active,2024-02-19,
ACCT204496,CUST102780,checking,active,2023-04-24,
ACCT204497,CUST102781,checking,active,2023-06-20,
ACCT204498,CUST102782,savings,active,2023-09-22,
ACCT204499,CUST102783,checking,active,2024-07-31,
ACCT204500,CUST102784,checking,active,2024-09-12,
ACCT204501,CUST102785,checking,active,2024-01-09,
ACCT204502,CUST102786,checking,active,2024-11-24,
ACCT204503,CUST102786,savings,active,2023-01-28,
ACCT204504,CUST102787,credit,active,2023-05-09,
ACCT204505,CUST102788,credit,closed,2023-05-21,2024-02-23
ACCT204506,CUST102789,checking,active,2024-08-17,
ACCT204507,CUST102790,credit,frozen,2023-03-18,
ACCT204508,CUST102791,checking,active,2023-04-11,
ACCT204509,CUST102791,savings,active,2023-04-20,
ACCT204510,CUST102792,checking,active,2023-07-19,
ACCT204511,CUST102793,checking,active,2023-02-07,
ACCT204512,CUST102794,credit,active,2023-09-07,
ACCT204513,CUST102794,savings,active,2023-09-05,
ACCT204514,CUST102795,checking,active,2023-06-10,
ACCT204515,CUST102796,checking,active,2024-05-22,
ACCT204516,CUST102797,checking,active,2024-10-03,
ACCT204517,CUST102798,checking,closed,2023-02-02,2024-03-13
ACCT204518,CUST102798,checking,active,2023-08-18,
ACCT204519,CUST102798,checking,active,2023-08-23,
ACCT204520,CUST102799,checking,active,2023-10-22,
ACCT204521,CUST102799,credit,active,2023-05-14,
ACCT204522,CUST102799,savings,active,2023-05-04,
ACCT204523,CUST102800,savings,active,2023-05-30,
ACCT204524,CUST102801,checking,active,2023-05-02,
ACCT204525,CUST102802,savings,frozen,2024-01-08,
ACCT204526,CUST102803,savings,active,2024-04-07,
ACCT204527,CUST102804,savings,active,2023-12-13,
ACCT204528,CUST102804,savings,active,2024-08-23,
ACCT204529,CUST102804,savings,active,2023-06-12,
ACCT204530,CUST102805,checking,active,2023-01-17,
ACCT204531,CUST102805,checking,active,2023-04-19,
ACCT204532,CUST102806,credit,active,2024-05-28,
ACCT204533,CUST102807,checking,active,2024-09-15,
ACCT204534,CUST102807,savings,active,2023-08-08,
ACCT204535,CUST102807,savings,active,2024-08-05,
ACCT204536,CUST102808,checking,active,2023-01-01,
ACCT204537,CUST102809,savings,closed,2024-06-02,2025-10-05
ACCT204538,CUST102810,checking,active,2024-10-16,
ACCT204539,CUST102810,savings,active,2023-02-06,
ACCT204540,CUST102811,checking,frozen,2023-04-17,
ACCT204541,CUST102812,checking,active,2023-05-15,
ACCT204542,CUST102813,checking,active,2024-02-26,
ACCT204543,CUST102813,checking,active,2023-11-03,
ACCT204544,CUST102814,savings,closed,2023-02-05,2023-10-26
ACCT204545,CUST102814,checking,active,2024-02-06,
ACCT204546,CUST102814,checking,active,2024-04-11,
ACCT204547,CUST102815,savings,active,2024-08-18,
ACCT204548,CUST102815,savings,active,2023-04-10,
ACCT204549,CUST102816,checking,frozen,2024-01-05,
ACCT204550,CUST102817,checking,active,2023-07-06,
ACCT204551,CUST102817,savings,active,2023-07-11,
ACCT204552,CUST102817,checking,active,2023-07-23,
ACCT204553,CUST102818,checking,active,2023-09-04,
ACCT204554,CUST102819,savings,active,2024-07-06,
ACCT204555,CUST102819,checking,active,2023-01-22,
ACCT204556,CUST102820,checking,active,2024-07-09,
ACCT204557,CUST102820,checking,active,2023-10-05,
ACCT204558,CUST102820,checking,active,2024-07-21,
ACCT204559,CUST102821,checking,active,2024-01-04,
ACCT204560,CUST102821,checking,active,2023-07-10,
ACCT204561,CUST102821,checking,closed,2023-01-31,2024-01-14
ACCT204562,CUST102822,savings,active,2023-04-27,
ACCT204563,CUST102823,credit,active,2023-10-18,
ACCT204564,CUST102823,checking,active,2024-08-06,
ACCT204565,CUST102823,savings,active,2023-12-06,
ACCT204566,CUST102824,checking,frozen,2024-03-22,
ACCT204567,CUST102824,savings,active,2023-04-20,
ACCT204568,CUST102824,credit,active,2023-03-25,
ACCT204569,CUST102825,savings,active,2024-09-06,
ACCT204570,CUST102826,checking,active,2024-01-26,
ACCT204571,CUST102827,checking,active,2023-02-25,
ACCT204572,CUST102827,credit,active,2023-02-22,
ACCT204573,CUST102828,checking,active,2023-08-30,
ACCT204574,CUST102829,checking,active,2024-04-01,
ACCT204575,CUST102829,savings,active,2024-04-28,
ACCT204576,CUST102829,checking,closed,2023-08-12,2024-09-23
ACCT204577,CUST102830,checking,active,2024-10-20,
ACCT204578,CUST102830,credit,active,2024-04-09,
ACCT204579,CUST102831,checking,active,2023-02-06,
ACCT204580,CUST102832,checking,active,2024-03-20,
ACCT204581,CUST102833,savings,active,2023-08-16,
ACCT204582,CUST102834,checking,closed,2024-04-22,2024-10-20
ACCT204583,CUST102834,savings,active,2023-02-25,
ACCT204584,CUST102834,credit,active,2024-03-31,
ACCT204585,CUST102835,checking,active,2024-03-19,
ACCT204586,CUST102836,savings,active,2023-11-06,
ACCT204587,CUST102836,savings,active,2024-01-09,
ACCT204588,CUST102837,checking,active,2023-12-21,
ACCT204589,CUST102838,checking,active,2024-06-19,
ACCT204590,CUST102838,checking,active,2023-11-14,
ACCT204591,CUST102838,checking,active,2024-08-30,
ACCT204592,CUST102839,checking,active,2023-09-07,
ACCT204593,CUST102840,savings,active,2024-03-20,
ACCT204594,CUST102840,checking,active,2023-04-07,
ACCT204595,CUST102840,savings,active,2024-03-20,
ACCT204596,CUST102841,savings,active,2024-08-27,
ACCT204597,CUST102841,checking,active,2024-03-01,
ACCT204598,CUST102842,checking,active,2024-07-16,
ACCT204599,CUST102843,checking,active,2023-10-21,
ACCT204600,CUST102844,checking,active,2023-04-02,
ACCT204601,CUST102844,checking,active,2024-03-30,
ACCT204602,CUST102845,checking,active,2024-07-23,
ACCT204603,CUST102845,savings,active,2023-01-19,
ACCT204604,CUST102845,checking,active,2024-03-07,
ACCT204605,CUST102846,checking,active,2023-12-11,
ACCT204606,CUST102846,checking,active,2024-02-18,
ACCT204607,CUST102846,checking,active,2023-06-22,
ACCT204608,CUST102847,checking,active,2023-01-24,
ACCT204609,CUST102847,checking,closed,2024-11-04,2025-02-02
ACCT204610,CUST102848,savings,active,2024-09-18,
ACCT204611,CUST102848,checking,active,2024-01-14,
ACCT204612,CUST102849,savings,active,2024-02-09,
ACCT204613,CUST102849,checking,active,2024-03-13,
ACCT204614,CUST102849,checking,active,2023-01-21,
ACCT204615,CUST102850,checking,closed,2023-03-27,2023-06-23
ACCT204616,CUST102851,checking,active,2024-02-27,
ACCT204617,CUST102852,checking,active,2023-12-02,
ACCT204618,CUST102853,credit,closed,2024-08-24,2025-03-19
ACCT204619,CUST102853,savings,active,2024-09-27,
ACCT204620,CUST102854,savings,active,2023-06-18,
ACCT204621,CUST102854,credit,active,2023-03-09,
ACCT204622,CUST102855,checking,active,2024-11-04,
ACCT204623,CUST102856,credit,active,2024-07-29,
ACCT204624,CUST102857,checking,active,2023-06-21,
ACCT204625,CUST102857,checking,active,2023-08-08,
ACCT204626,CUST102857,checking,active,2023-05-26,
ACCT204627,CUST102858,savings,active,2023-03-20,
ACCT204628,CUST102859,savings,active,2024-04-02,
ACCT204629,CUST102859,checking,active,2024-11-15,
ACCT204630,CUST102860,credit,active,2024-04-24,
ACCT204631,CUST102860,credit,active,2024-10-07,
ACCT204632,CUST102861,savings,active,2023-02-08,
ACCT204633,CUST102862,savings,active,2024-04-20,
ACCT204634,CUST102862,savings,active,2024-07-07,
ACCT204635,CUST102863,checking,active,2024-06-20,
ACCT204636,CUST102864,savings,active,2024-09-02,
ACCT204637,CUST102864,savings,active,2023-01-28,
ACCT204638,CUST102865,credit,active,2023-11-19,
ACCT204639,CUST102865,savings,active,2024-03-27,
ACCT204640,CUST102865,checking,frozen,2024-02-10,
ACCT204641,CUST102866,savings,frozen,2024-10-17,
ACCT204642,CUST102866,savings,active,2024-05-17,
ACCT204643,CUST102866,savings,active,2023-07-13,
ACCT204644,CUST102867,checking,active,2024-03-16,
ACCT204645,CUST102867,credit,active,2024-08-23,
ACCT204646,CUST102867,savings,closed,2024-04-13,2024-08-26
ACCT204647,CUST102868,checking,active,2024-03-10,
ACCT204648,CUST102869,checking,active,2023-04-23,
ACCT204649,CUST102869,checking,active,2023-10-19,
ACCT204650,CUST102870,savings,active,2023-11-18,
ACCT204651,CUST102871,checking,active,2024-11-11,
ACCT204652,CUST102872,savings,active,2023-10-29,
ACCT204653,CUST102872,savings,active,2024-10-24,
ACCT204654,CUST102872,checking,active,2023-01-20,
ACCT204655,CUST102873,checking,active,2023-04-10,
ACCT204656,CUST102873,checking,active,2023-05-29,
ACCT204657,CUST102873,checking,active,2023-05-30,
ACCT204658,CUST102874,savings,active,2024-03-12,
ACCT204659,CUST102874,checking,active,2023-04-10,
ACCT204660,CUST102874,savings,active,2023-10-31,
ACCT204661,CUST102875,credit,active,2023-10-21,
ACCT204662,CUST102876,savings,active,2023-09-19,
ACCT204663,CUST102877,checking,active,2023-09-01,
ACCT204664,CUST102877,savings,active,2024-10-01,
ACCT204665,CUST102877,savings,active,2023-01-28,
ACCT204666,CUST102878,checking,active,2023-10-20,
ACCT204667,CUST102878,checking,active,2024-04-20,
ACCT204668,CUST102879,checking,active,2024-03-24,
ACCT204669,CUST102880,savings,active,2023-03-14,
ACCT204670,CUST102880,checking,active,2024-11-02,
ACCT204671,CUST102881,savings,active,2023-05-22,
ACCT204672,CUST102882,checking,active,2023-09-09,
ACCT204673,CUST102882,checking,active,2024-11-30,
ACCT204674,CUST102883,savings,active,2023-01-30,
ACCT204675,CUST102884,credit,active,2024-07-22,
ACCT204676,CUST102884,credit,closed,2023-07-08,2023-11-22
ACCT204677,CUST102885,checking,active,2023-07-26,
ACCT204678,CUST102885,checking,active,2024-10-12,
ACCT204679,CUST102886,checking,active,2023-04-20,
ACCT204680,CUST102887,checking,active,2023-07-07,
ACCT204681,CUST102888,checking,active,2023-02-02,
ACCT204682,CUST102889,savings,active,2023-09-03,
ACCT204683,CUST102890,checking,closed,2024-06-04,2024-07-04
ACCT204684,CUST102891,savings,active,2023-03-10,
ACCT204685,CUST102891,checking,active,2024-05-31,
ACCT204686,CUST102892,credit,active,2024-09-05,
ACCT204687,CUST102893,checking,active,2024-06-30,
ACCT204688,CUST102893,checking,active,2024-04-24,
ACCT204689,CUST102893,checking,frozen,2023-05-21,
ACCT204690,CUST102894,savings,frozen,2023-04-26,
ACCT204691,CUST102895,savings,active,2024-11-06,
ACCT204692,CUST102895,checking,frozen,2023-06-03,
ACCT204693,CUST102895,checking,active,2023-04-05,
ACCT204694,CUST102896,credit,active,2023-09-27,
ACCT204695,CUST102897,checking,active,2023-11-08,
ACCT204696,CUST102898,checking,active,2023-02-20,
ACCT204697,CUST102898,checking,frozen,2024-11-08,
ACCT204698,CUST102899,savings,active,2024-03-02,
ACCT204699,CUST102899,checking,active,2024-05-15,
ACCT204700,CUST102900,checking,active,2023-09-21,
ACCT204701,CUST102901,checking,active,2023-10-07,
ACCT204702,CUST102902,credit,active,2023-06-15,
ACCT204703,CUST102903,savings,active,2023-07-03,
ACCT204704,CUST102903,checking,active,2024-10-23,
ACCT204705,CUST102904,credit,active,2024-02-14,
ACCT204706,CUST102905,credit,active,2023-01-03,
ACCT204707,CUST102906,checking,active,2024-09-13,
ACCT204708,CUST102907,savings,active,2023-03-20,
ACCT204709,CUST102907,savings,active,2024-09-16,
ACCT204710,CUST102908,credit,active,2024-06-24,
ACCT204711,CUST102908,savings,active,2024-06-25,
ACCT204712,CUST102909,credit,active,2023-11-23,
ACCT204713,CUST102909,savings,closed,2024-03-04,2024-07-23
ACCT204714,CUST102909,checking,active,2023-09-30,
ACCT204715,CUST102910,savings,closed,2023-06-11,2024-04-27
ACCT204716,CUST102911,checking,active,2024-03-12,
ACCT204717,CUST102911,credit,active,2023-04-08,
ACCT204718,CUST102911,checking,active,2023-12-28,
ACCT204719,CUST102912,checking,active,2023-05-11,
ACCT204720,CUST102913,checking,active,2023-11-14,
ACCT204721,CUST102914,checking,active,2024-01-24,
ACCT204722,CUST102914,checking,active,2023-07-01,
ACCT204723,CUST102915,checking,active,2024-03-06,
ACCT204724,CUST102915,credit,active,2024-06-28,
ACCT204725,CUST102916,savings,active,2023-08-17,
ACCT204726,CUST102916,checking,active,2023-12-29,
ACCT204727,CUST102917,credit,active,2023-09-08,
ACCT204728,CUST102918,checking,active,2024-04-18,
ACCT204729,CUST102919,checking,active,2023-08-03,
ACCT204730,CUST102920,checking,active,2024-10-20,
ACCT204731,CUST102920,credit,active,2023-04-06,
ACCT204732,CUST102920,savings,active,2023-07-07,
ACCT204733,CUST102921,checking,active,2023-12-22,
ACCT204734,CUST102921,credit,closed,2024-06-11,2024-11-15
ACCT204735,CUST102922,credit,active,2023-01-23,
ACCT204736,CUST102922,savings,active,2024-10-19,
ACCT204737,CUST102923,checking,active,2024-03-27,
ACCT204738,CUST102923,savings,active,2024-10-02,
ACCT204739,CUST102924,checking,active,2024-04-23,
ACCT204740,CUST102925,checking,active,2023-02-10,
ACCT204741,CUST102925,checking,active,2024-07-09,
ACCT204742,CUST102926,savings,active,2024-04-29,
ACCT204743,CUST102927,checking,active,2023-01-08,
ACCT204744,CUST102928,credit,active,2024-01-15,
ACCT204745,CUST102928,checking,active,2023-05-18,
ACCT204746,CUST102929,savings,active,2024-03-11,
ACCT204747,CUST102929,credit,active,2023-02-11,
ACCT204748,CUST102930,checking,active,2023-12-20,
ACCT204749,CUST102931,credit,active,2024-07-13,
ACCT204750,CUST102932,checking,active,2023-05-23,
ACCT204751,CUST102932,savings,active,2023-02-23,
ACCT204752,CUST102933,savings,active,2023-10-17,
ACCT204753,CUST102933,savings,active,2023-01-06,
ACCT204754,CUST102933,savings,active,2023-06-09,
ACCT204755,CUST102934,checking,active,2024-04-03,
ACCT204756,CUST102935,credit,active,2023-07-20,
ACCT204757,CUST102936,credit,active,2023-08-06,
ACCT204758,CUST102936,checking,active,2023-10-29,
ACCT204759,CUST102937,checking,frozen,2024-08-16,
ACCT204760,CUST102938,checking,active,2023-11-01,
ACCT204761,CUST102938,checking,active,2023-05-14,
ACCT204762,CUST102939,savings,active,2023-02-18,
ACCT204763,CUST102940,savings,active,2024-09-10,
ACCT204764,CUST102941,savings,active,2023-08-16,
ACCT204765,CUST102941,savings,active,2023-07-21,
ACCT204766,CUST102941,checking,active,2023-01-24,
ACCT204767,CUST102942,checking,active,2023-09-02,
ACCT204768,CUST102942,checking,active,2023-05-24,
ACCT204769,CUST102943,checking,active,2024-07-18,
ACCT204770,CUST102944,checking,closed,2024-11-13,2025-08-05
ACCT204771,CUST102945,checking,active,2024-11-30,
ACCT204772,CUST102945,checking,active,2024-05-13,
ACCT204773,CUST102946,checking,active,2024-02-02,
ACCT204774,CUST102946,checking,active,2024-02-21,
ACCT204775,CUST102946,checking,active,2023-05-18,
ACCT204776,CUST102947,savings,active,2024-11-29,
ACCT204777,CUST102947,savings,active,2023-05-21,
ACCT204778,CUST102948,checking,active,2024-07-15,
ACCT204779,CUST102949,credit,active,2023-04-22,
ACCT204780,CUST102950,credit,active,2024-07-14,
ACCT204781,CUST102951,checking,active,2024-03-12,
ACCT204782,CUST102951,savings,active,2024-05-31,
ACCT204783,CUST102952,credit,active,2023-07-24,
ACCT204784,CUST102953,checking,active,2024-06-25,
ACCT204785,CUST102953,checking,active,2024-03-17,
ACCT204786,CUST102954,savings,active,2024-09-03,
ACCT204787,CUST102955,savings,active,2024-09-12,
ACCT204788,CUST102956,checking,active,2023-04-01,
ACCT204789,CUST102957,checking,active,2023-12-17,
ACCT204790,CUST102957,checking,active,2023-10-08,
ACCT204791,CUST102957,checking,active,2024-04-26,
ACCT204792,CUST102958,savings,active,2023-03-25,
ACCT204793,CUST102959,credit,active,2024-01-26,
ACCT204794,CUST102960,savings,active,2024-06-24,
ACCT204795,CUST102960,checking,active,2024-01-06,
ACCT204796,CUST102960,checking,active,2023-07-26,
ACCT204797,CUST102961,checking,active,2023-01-04,
ACCT204798,CUST102961,checking,active,2023-07-01,
ACCT204799,CUST102961,checking,active,2023-09-01,
ACCT204800,CUST102962,credit,active,2024-02-04,
ACCT204801,CUST102962,credit,active,2023-06-08,
ACCT204802,CUST102962,checking,active,2024-01-24,
ACCT204803,CUST102963,savings,active,2023-10-27,
ACCT204804,CUST102964,checking,active,2024-03-20,
ACCT204805,CUST102965,checking,active,2023-05-31,
ACCT204806,CUST102966,savings,active,2023-06-19,
ACCT204807,CUST102966,checking,active,2023-10-28,
ACCT204808,CUST102967,savings,active,2023-12-27,
ACCT204809,CUST102968,checking,active,2023-09-24,
ACCT204810,CUST102968,savings,active,2023-09-05,
ACCT204811,CUST102969,checking,active,2024-01-06,
ACCT204812,CUST102970,checking,active,2024-01-29,
ACCT204813,CUST102971,savings,closed,2024-06-06,2024-12-28
ACCT204814,CUST102971,checking,active,2024-05-13,
ACCT204815,CUST102972,savings,active,2023-08-21,
ACCT204816,CUST102973,checking,active,2024-08-01,
ACCT204817,CUST102974,checking,active,2024-07-19,
ACCT204818,CUST102975,checking,active,2023-11-30,
ACCT204819,CUST102976,checking,active,2024-06-24,
ACCT204820,CUST102977,checking,active,2023-06-12,
ACCT204821,CUST102978,savings,active,2023-05-17,
ACCT204822,CUST102979,savings,active,2023-05-02,
ACCT204823,CUST102980,checking,frozen,2024-08-06,
ACCT204824,CUST102981,checking,active,2024-11-24,
ACCT204825,CUST102981,checking,active,2023-06-23,
ACCT204826,CUST102982,checking,active,2023-07-03,
ACCT204827,CUST102983,savings,active,2024-08-21,
ACCT204828,CUST102983,savings,closed,2024-05-20,2024-07-23
ACCT204829,CUST102984,checking,active,2023-11-29,
ACCT204830,CUST102985,checking,active,2024-09-05,
ACCT204831,CUST102985,credit,active,2023-04-22,
ACCT204832,CUST102986,checking,active,2024-06-12,
ACCT204833,CUST102986,credit,active,2024-08-01,
ACCT204834,CUST102987,checking,active,2023-09-09,
ACCT204835,CUST102987,checking,active,2024-11-23,
ACCT204836,CUST102988,savings,active,2023-11-03,
ACCT204837,CUST102988,checking,active,2024-05-23,
ACCT204838,CUST102989,checking,active,2023-05-24,
ACCT204839,CUST102990,checking,active,2023-05-21,
ACCT204840,CUST102991,checking,active,2023-03-19,
ACCT204841,CUST102991,savings,active,2024-07-18,
ACCT204842,CUST102991,credit,closed,2023-12-21,2025-04-16
ACCT204843,CUST102992,checking,active,2023-04-21,
ACCT204844,CUST102993,credit,active,2024-06-28,
ACCT204845,CUST102993,checking,active,2023-12-25,
ACCT204846,CUST102993,savings,active,2023-01-28,
ACCT204847,CUST102994,savings,active,2024-05-11,
ACCT204848,CUST102995,savings,active,2024-09-04,
ACCT204849,CUST102996,checking,active,2023-06-23,
ACCT204850,CUST102996,checking,active,2024-04-26,
ACCT204851,CUST102997,checking,active,2024-09-18,
ACCT204852,CUST102997,savings,active,2023-12-21,
ACCT204853,CUST102998,checking,active,2023-12-12,
ACCT204854,CUST102998,checking,active,2023-05-08,
ACCT204855,CUST102999,checking,active,2024-04-04,
ACCT204856,CUST102999,savings,active,2024-03-23,
ACCT204857,CUST103000,credit,active,2023-06-01,
ACCT204858,CUST103000,checking,active,2023-08-25,
ACCT204859,CUST103000,credit,active,2023-05-16,
ACCT204860,CUST103001,checking,active,2023-11-21,
ACCT204861,CUST103001,checking,active,2023-01-17,
ACCT204862,CUST103002,checking,active,2023-07-28,
ACCT204863,CUST103002,savings,active,2024-02-18,
ACCT204864,CUST103003,checking,active,2024-05-26,
ACCT204865,CUST103004,checking,active,2023-12-19,
ACCT204866,CUST103005,checking,closed,2023-12-13,2025-01-18
ACCT204867,CUST103005,checking,active,2023-09-21,
ACCT204868,CUST103006,checking,active,2023-11-30,
ACCT204869,CUST103007,savings,active,2023-06-06,
ACCT204870,CUST103008,credit,active,2023-04-15,
ACCT204871,CUST103009,checking,active,2024-01-21,
ACCT204872,CUST103009,checking,active,2024-06-13,
ACCT204873,CUST103010,checking,active,2024-08-12,
ACCT204874,CUST103011,checking,active,2023-11-13,
ACCT204875,CUST103012,credit,active,2024-07-05,
ACCT204876,CUST103013,checking,active,2024-05-15,
ACCT204877,CUST103014,savings,active,2023-01-07,
ACCT204878,CUST103015,checking,active,2023-04-26,
ACCT204879,CUST103015,checking,closed,2024-02-23,2024-08-16
ACCT204880,CUST103016,savings,active,2023-07-27,
ACCT204881,CUST103016,credit,active,2023-06-12,
ACCT204882,CUST103017,savings,active,2023-02-06,
ACCT204883,CUST103018,checking,active,2023-11-10,
ACCT204884,CUST103018,checking,active,2024-06-19,
ACCT204885,CUST103019,checking,active,2024-10-20,
ACCT204886,CUST103019,savings,active,2024-07-28,
ACCT204887,CUST103020,credit,active,2024-10-05,
ACCT204888,CUST103020,checking,active,2023-01-17,
ACCT204889,CUST103021,credit,active,2023-02-05,
ACCT204890,CUST103022,checking,active,2024-02-26,
ACCT204891,CUST103022,checking,active,2024-05-15,
ACCT204892,CUST103023,checking,active,2024-08-25,
ACCT204893,CUST103023,checking,active,2023-11-21,
ACCT204894,CUST103024,credit,active,2023-05-18,
ACCT204895,CUST103024,savings,active,2024-06-12,
ACCT204896,CUST103025,checking,active,2024-04-15,
ACCT204897,CUST103026,savings,active,2023-09-11,
ACCT204898,CUST103026,credit,active,2024-06-04,
ACCT204899,CUST103026,checking,active,2024-09-12,
ACCT204900,CUST103027,savings,active,2024-03-07,
ACCT204901,CUST103027,credit,active,2024-06-14,
ACCT204902,CUST103028,savings,active,2024-08-08,
ACCT204903,CUST103028,savings,active,2023-11-25,
ACCT204904,CUST103028,credit,active,2023-09-01,
ACCT204905,CUST103029,checking,active,2024-10-17,
ACCT204906,CUST103030,credit,active,2023-06-19,
ACCT204907,CUST103031,savings,active,2023-12-29,
ACCT204908,CUST103031,checking,active,2024-10-15,
ACCT204909,CUST103032,credit,active,2024-03-14,
ACCT204910,CUST103032,savings,frozen,2023-03-07,
ACCT204911,CUST103032,savings,active,2024-09-24,
ACCT204912,CUST103033,checking,active,2023-06-13,
ACCT204913,CUST103034,checking,active,2024-11-06,
ACCT204914,CUST103034,checking,active,2024-05-01,
ACCT204915,CUST103034,checking,active,2023-10-28,
ACCT204916,CUST103035,checking,active,2024-09-19,
ACCT204917,CUST103036,savings,active,2023-05-07,
ACCT204918,CUST103036,savings,active,2024-02-25,
ACCT204919,CUST103036,savings,active,2023-03-12,
ACCT204920,CUST103037,savings,active,2024-10-14,
ACCT204921,CUST103037,credit,active,2024-09-27,
ACCT204922,CUST103038,savings,active,2023-05-06,
ACCT204923,CUST103039,checking,active,2024-04-26,
ACCT204924,CUST103040,savings,active,2023-03-21,
ACCT204925,CUST103040,savings,active,2024-08-19,
ACCT204926,CUST103040,checking,active,2023-11-30,
ACCT204927,CUST103041,checking,active,2023-01-23,
ACCT204928,CUST103041,savings,active,2023-01-25,
ACCT204929,CUST103042,checking,active,2023-12-10,
ACCT204930,CUST103042,credit,active,2023-12-28,
ACCT204931,CUST103042,savings,active,2023-11-10,
ACCT204932,CUST103043,checking,active,2024-11-08,
ACCT204933,CUST103044,checking,active,2024-05-04,
ACCT204934,CUST103044,savings,active,2023-08-09,
ACCT204935,CUST103045,checking,active,2023-01-09,
ACCT204936,CUST103045,checking,active,2024-01-05,
ACCT204937,CUST103046,savings,active,2023-07-24,
ACCT204938,CUST103047,savings,active,2024-08-31,
ACCT204939,CUST103048,checking,active,2024-10-25,
ACCT204940,CUST103049,credit,active,2023-05-04,
ACCT204941,CUST103049,savings,active,2023-07-08,
ACCT204942,CUST103050,checking,active,2023-03-26,
ACCT204943,CUST103050,checking,active,2023-06-05,
ACCT204944,CUST103050,savings,active,2023-04-12,
ACCT204945,CUST103051,credit,active,2023-11-01,
ACCT204946,CUST103051,checking,active,2024-07-04,
ACCT204947,CUST103052,checking,active,2023-05-11,
ACCT204948,CUST103053,credit,active,2024-11-22,
ACCT204949,CUST103054,checking,active,2024-05-19,
ACCT204950,CUST103054,savings,active,2023-11-24,
ACCT204951,CUST103055,savings,active,2024-04-26,
ACCT204952,CUST103056,checking,active,2024-10-16,
ACCT204953,CUST103057,checking,active,2023-06-11,
ACCT204954,CUST103058,savings,active,2023-02-10,
ACCT204955,CUST103058,credit,active,2024-02-27,
ACCT204956,CUST103058,checking,active,2024-07-23,
ACCT204957,CUST103059,checking,active,2023-05-05,
ACCT204958,CUST103059,credit,active,2024-04-27,
ACCT204959,CUST103059,credit,active,2023-06-05,
ACCT204960,CUST103060,savings,active,2023-01-16,
ACCT204961,CUST103060,savings,active,2023-03-20,
ACCT204962,CUST103061,checking,active,2023-06-17,
ACCT204963,CUST103061,checking,active,2023-08-29,
ACCT204964,CUST103062,credit,active,2024-09-17,
ACCT204965,CUST103062,checking,active,2024-11-03,
ACCT204966,CUST103062,checking,frozen,2024-07-05,
ACCT204967,CUST103063,checking,active,2023-11-01,
ACCT204968,CUST103064,savings,active,2023-02-17,
ACCT204969,CUST103064,savings,active,2024-07-06,
ACCT204970,CUST103064,credit,active,2023-01-13,
ACCT204971,CUST103065,checking,active,2023-07-18,
ACCT204972,CUST103066,savings,active,2023-12-05,
ACCT204973,CUST103067,savings,active,2023-08-23,
ACCT204974,CUST103067,checking,active,2024-05-12,
ACCT204975,CUST103068,savings,active,2023-07-23,
ACCT204976,CUST103069,checking,active,2024-04-10,
ACCT204977,CUST103069,checking,active,2024-01-09,
ACCT204978,CUST103069,savings,active,2023-07-04,
ACCT204979,CUST103070,credit,active,2024-02-23,
ACCT204980,CUST103071,checking,active,2023-07-23,
ACCT204981,CUST103072,credit,active,2023-04-29,
ACCT204982,CUST103073,checking,active,2024-04-08,
ACCT204983,CUST103073,savings,active,2024-05-21,
ACCT204984,CUST103074,checking,closed,2023-11-01,2024-12-17
ACCT204985,CUST103075,checking,active,2023-08-10,
ACCT204986,CUST103075,checking,active,2023-10-08,
ACCT204987,CUST103076,checking,active,2024-09-02,
ACCT204988,CUST103076,credit,active,2023-03-15,
ACCT204989,CUST103077,credit,active,2024-02-16,
ACCT204990,CUST103077,savings,active,2024-09-07,
ACCT204991,CUST103078,credit,active,2023-11-20,
ACCT204992,CUST103079,checking,active,2023-12-18,
ACCT204993,CUST103080,checking,active,2023-10-04,
ACCT204994,CUST103081,savings,active,2023-03-25,
ACCT204995,CUST103082,checking,active,2024-01-11,
ACCT204996,CUST103083,savings,active,2023-03-04,
ACCT204997,CUST103083,credit,frozen,2024-01-27,
ACCT204998,CUST103084,credit,active,2023-05-19,
ACCT204999,CUST103084,savings,closed,2023-09-12,2024-03-01
ACCT205000,CUST103084,checking,active,2024-05-06,
ACCT205001,CUST103085,checking,closed,2023-09-11,2023-12-30
ACCT205002,CUST103085,checking,active,2024-09-09,
ACCT205003,CUST103086,checking,active,2023-08-29,
ACCT205004,CUST103087,checking,active,2024-04-06,
ACCT205005,CUST103087,checking,active,2024-06-08,
ACCT205006,CUST103088,checking,active,2024-04-13,
ACCT205007,CUST103089,credit,active,2023-08-16,
ACCT205008,CUST103090,savings,active,2023-09-06,
ACCT205009,CUST103091,checking,active,2023-04-09,
ACCT205010,CUST103092,checking,active,2024-11-13,
ACCT205011,CUST103093,checking,active,2023-11-29,
ACCT205012,CUST103094,credit,active,2023-06-02,
ACCT205013,CUST103094,savings,active,2024-08-24,
ACCT205014,CUST103095,checking,active,2024-05-06,
ACCT205015,CUST103095,checking,active,2024-01-16,
ACCT205016,CUST103096,checking,closed,2023-12-24,2024-04-08
ACCT205017,CUST103097,savings,active,2023-03-21,
ACCT205018,CUST103097,checking,active,2024-01-08,
ACCT205019,CUST103098,checking,active,2024-07-12,
ACCT205020,CUST103099,savings,closed,2023-08-18,2024-09-12
ACCT205021,CUST103099,savings,active,2023-10-15,
ACCT205022,CUST103099,checking,frozen,2023-10-16,
ACCT205023,CUST103100,checking,active,2024-11-18,
ACCT205024,CUST103100,credit,active,2024-10-07,
ACCT205025,CUST103101,checking,active,2023-01-18,
ACCT205026,CUST103101,credit,active,2023-04-19,
ACCT205027,CUST103101,checking,active,2024-04-26,
ACCT205028,CUST103102,checking,active,2024-08-14,
ACCT205029,CUST103102,checking,active,2023-02-18,
ACCT205030,CUST103103,savings,active,2024-05-22,
ACCT205031,CUST103104,savings,active,2023-09-05,
ACCT205032,CUST103104,checking,active,2023-04-19,
ACCT205033,CUST103105,savings,active,2023-12-02,
ACCT205034,CUST103106,savings,frozen,2023-07-26,
ACCT205035,CUST103107,savings,active,2023-07-11,
ACCT205036,CUST103107,savings,active,2024-02-19,
ACCT205037,CUST103108,savings,active,2023-02-05,
ACCT205038,CUST103108,checking,active,2023-10-04,
ACCT205039,CUST103109,credit,active,2023-03-03,
ACCT205040,CUST103109,savings,active,2024-04-13,
ACCT205041,CUST103110,checking,active,2023-01-23,
ACCT205042,CUST103110,credit,active,2023-07-05,
ACCT205043,CUST103111,credit,active,2023-01-06,
ACCT205044,CUST103111,savings,active,2024-01-07,
ACCT205045,CUST103112,savings,active,2024-05-03,
ACCT205046,CUST103112,checking,active,2024-05-31,
ACCT205047,CUST103112,checking,closed,2024-11-26,2025-03-12
ACCT205048,CUST103113,savings,active,2024-01-26,
ACCT205049,CUST103114,savings,active,2024-05-28,
ACCT205050,CUST103115,savings,active,2024-10-14,
ACCT205051,CUST103115,credit,active,2024-08-19,
ACCT205052,CUST103115,credit,active,2023-11-10,
ACCT205053,CUST103116,savings,active,2024-10-03,
ACCT205054,CUST103117,credit,active,2023-09-29,
ACCT205055,CUST103118,checking,active,2023-11-13,
ACCT205056,CUST103119,checking,active,2024-08-14,
ACCT205057,CUST103120,credit,active,2023-11-22,
ACCT205058,CUST103120,savings,active,2023-07-18,
ACCT205059,CUST103121,checking,closed,2023-05-29,2024-01-13
ACCT205060,CUST103122,savings,active,2024-07-12,
ACCT205061,CUST103122,credit,active,2023-09-22,
ACCT205062,CUST103123,checking,active,2023-09-01,
ACCT205063,CUST103124,savings,active,2024-01-04,
ACCT205064,CUST103124,checking,active,2024-09-30,
ACCT205065,CUST103125,checking,frozen,2024-03-25,
ACCT205066,CUST103126,credit,frozen,2023-09-01,
ACCT205067,CUST103126,savings,active,2023-08-12,
ACCT205068,CUST103127,checking,active,2024-05-04,
ACCT205069,CUST103128,credit,active,2024-01-23,
ACCT205070,CUST103128,savings,active,2023-08-26,
ACCT205071,CUST103129,savings,active,2023-11-18,
ACCT205072,CUST103130,savings,active,2023-04-08,
ACCT205073,CUST103130,savings,active,2023-10-06,
ACCT205074,CUST103130,savings,active,2023-08-06,
ACCT205075,CUST103131,savings,active,2023-11-26,
ACCT205076,CUST103131,savings,active,2023-08-22,
ACCT205077,CUST103132,savings,active,2024-02-11,
ACCT205078,CUST103133,credit,frozen,2023-04-20,
ACCT205079,CUST103133,checking,active,2023-05-14,
ACCT205080,CUST103134,checking,active,2023-12-30,
ACCT205081,CUST103134,credit,active,2023-09-10,
ACCT205082,CUST103135,savings,active,2024-01-25,
ACCT205083,CUST103136,credit,active,2024-07-28,
ACCT205084,CUST103137,checking,active,2024-05-27,
ACCT205085,CUST103138,checking,active,2024-04-28,
ACCT205086,CUST103138,savings,active,2023-03-09,
ACCT205087,CUST103139,credit,closed,2023-01-17,2023-05-10
ACCT205088,CUST103140,checking,active,2024-05-31,
ACCT205089,CUST103141,savings,active,2024-06-01,
ACCT205090,CUST103141,credit,active,2023-01-17,
ACCT205091,CUST103142,checking,active,2024-05-11,
ACCT205092,CUST103143,checking,active,2024-03-29,
ACCT205093,CUST103144,checking,active,2024-09-22,
ACCT205094,CUST103144,checking,active,2023-03-26,
ACCT205095,CUST103144,checking,active,2023-08-05,
ACCT205096,CUST103145,checking,active,2024-04-14,
ACCT205097,CUST103146,checking,active,2023-10-22,
ACCT205098,CUST103146,savings,closed,2023-04-02,2024-01-27
ACCT205099,CUST103146,savings,active,2023-08-17,
ACCT205100,CUST103147,checking,active,2024-03-04,
ACCT205101,CUST103148,credit,active,2023-12-06,
ACCT205102,CUST103149,checking,active,2023-12-24,
ACCT205103,CUST103150,checking,active,2023-03-26,
ACCT205104,CUST103150,savings,active,2023-12-04,
ACCT205105,CUST103151,savings,active,2024-08-18,
ACCT205106,CUST103152,checking,active,2024-01-13,
ACCT205107,CUST103152,checking,active,2024-04-19,
ACCT205108,CUST103152,checking,active,2024-05-27,
ACCT205109,CUST103153,checking,closed,2023-06-04,2023-10-19
ACCT205110,CUST103153,checking,active,2023-04-10,
ACCT205111,CUST103154,savings,active,2023-08-19,
ACCT205112,CUST103155,checking,active,2023-11-28,
ACCT205113,CUST103156,checking,active,2024-03-25,
ACCT205114,CUST103157,checking,frozen,2024-07-13,
ACCT205115,CUST103158,checking,active,2024-07-22,
ACCT205116,CUST103159,savings,active,2024-09-09,
ACCT205117,CUST103159,checking,active,2023-02-23,
ACCT205118,CUST103160,checking,active,2024-11-09,
ACCT205119,CUST103161,checking,active,2024-03-19,
ACCT205120,CUST103162,credit,active,2024-05-12,
ACCT205121,CUST103162,credit,active,2024-11-13,
ACCT205122,CUST103163,savings,active,2023-02-18,
ACCT205123,CUST103163,checking,active,2024-05-25,
ACCT205124,CUST103164,savings,active,2023-09-23,
ACCT205125,CUST103164,credit,active,2023-10-23,
ACCT205126,CUST103165,savings,frozen,2024-08-08,
ACCT205127,CUST103165,savings,active,2023-12-24,
ACCT205128,CUST103166,savings,active,2024-09-15,
ACCT205129,CUST103166,credit,active,2024-10-11,
ACCT205130,CUST103166,checking,active,2023-02-19,
ACCT205131,CUST103167,savings,active,2023-11-27,
ACCT205132,CUST103167,savings,active,2024-10-01,
ACCT205133,CUST103168,savings,active,2023-08-13,
ACCT205134,CUST103168,credit,frozen,2023-09-19,
ACCT205135,CUST103169,credit,active,2023-12-31,
ACCT205136,CUST103169,savings,active,2023-10-17,
ACCT205137,CUST103170,savings,active,2024-09-09,
ACCT205138,CUST103170,checking,active,2024-08-06,
ACCT205139,CUST103170,checking,active,2024-11-03,
ACCT205140,CUST103171,credit,active,2023-11-17,
ACCT205141,CUST103172,savings,active,2023-08-01,
ACCT205142,CUST103173,savings,active,2023-09-23,
ACCT205143,CUST103174,checking,active,2024-05-12,
ACCT205144,CUST103175,checking,active,2023-08-31,
ACCT205145,CUST103176,checking,active,2024-10-20,
ACCT205146,CUST103176,checking,active,2024-03-07,
ACCT205147,CUST103176,checking,active,2023-06-12,
ACCT205148,CUST103177,savings,active,2023-11-18,
ACCT205149,CUST103178,credit,active,2024-05-09,
ACCT205150,CUST103179,checking,active,2023-01-28,
ACCT205151,CUST103180,checking,active,2024-01-06,
ACCT205152,CUST103180,credit,active,2024-09-08,
ACCT205153,CUST103181,savings,active,2023-12-11,
ACCT205154,CUST103181,checking,active,2023-01-15,
ACCT205155,CUST103182,savings,active,2024-07-06,
ACCT205156,CUST103182,checking,active,2023-02-05,
ACCT205157,CUST103183,checking,frozen,2023-03-29,
ACCT205158,CUST103184,checking,active,2023-04-21,
ACCT205159,CUST103184,checking,active,2023-01-24,
ACCT205160,CUST103185,checking,active,2024-11-03,
ACCT205161,CUST103186,checking,active,2023-09-01,
ACCT205162,CUST103187,savings,active,2024-05-01,
ACCT205163,CUST103187,checking,active,2023-04-17,
ACCT205164,CUST103188,checking,active,2024-08-14,
ACCT205165,CUST103188,checking,active,2023-05-28,
ACCT205166,CUST103189,savings,active,2023-04-17,
ACCT205167,CUST103190,checking,active,2024-02-19,
ACCT205168,CUST103190,savings,active,2023-05-24,
ACCT205169,CUST103191,checking,active,2024-09-28,
ACCT205170,CUST103192,checking,closed,2023-05-06,2024-01-01
ACCT205171,CUST103192,credit,active,2024-08-28,
ACCT205172,CUST103193,credit,active,2024-06-02,
ACCT205173,CUST103194,checking,active,2023-12-09,
ACCT205174,CUST103194,savings,active,2024-03-23,
ACCT205175,CUST103195,checking,active,2023-08-18,
ACCT205176,CUST103195,credit,active,2024-03-08,
ACCT205177,CUST103196,savings,active,2023-05-16,
ACCT205178,CUST103197,checking,active,2023-01-03,
ACCT205179,CUST103197,checking,active,2024-10-24,
ACCT205180,CUST103198,savings,active,2024-04-26,
ACCT205181,CUST103199,savings,active,2023-11-26,
ACCT205182,CUST103199,savings,active,2023-01-10,
ACCT205183,CUST103200,checking,active,2023-02-01,
ACCT205184,CUST103201,savings,active,2024-07-21,
ACCT205185,CUST103201,checking,active,2023-01-22,
ACCT205186,CUST103202,checking,active,2023-04-04,
ACCT205187,CUST103203,savings,active,2024-05-23,
ACCT205188,CUST103203,checking,active,2023-06-13,
ACCT205189,CUST103204,credit,active,2024-02-27,
ACCT205190,CUST103205,savings,closed,2023-05-21,2024-03-21
ACCT205191,CUST103206,checking,active,2023-06-11,
ACCT205192,CUST103207,checking,active,2024-11-08,
ACCT205193,CUST103208,checking,active,2024-08-01,
ACCT205194,CUST103209,savings,active,2024-04-13,
ACCT205195,CUST103210,savings,active,2023-08-05,
ACCT205196,CUST103211,checking,active,2023-06-02,
ACCT205197,CUST103212,checking,active,2024-02-18,
ACCT205198,CUST103212,credit,active,2024-07-26,
ACCT205199,CUST103212,credit,active,2023-12-06,
ACCT205200,CUST103213,checking,active,2024-01-03,
ACCT205201,CUST103213,credit,active,2024-10-31,
ACCT205202,CUST103214,checking,active,2023-09-09,
ACCT205203,CUST103214,savings,active,2023-10-22,
ACCT205204,CUST103215,checking,active,2024-08-19,
ACCT205205,CUST103215,credit,active,2023-09-05,
ACCT205206,CUST103215,checking,active,2023-09-02,
ACCT205207,CUST103216,checking,active,2024-08-24,
ACCT205208,CUST103217,checking,active,2023-09-19,
ACCT205209,CUST103218,checking,active,2023-01-17,
ACCT205210,CUST103219,credit,active,2023-06-10,
ACCT205211,CUST103220,credit,active,2023-11-21,
ACCT205212,CUST103221,checking,active,2024-08-30,
ACCT205213,CUST103222,savings,active,2024-09-03,
ACCT205214,CUST103223,savings,active,2024-04-07,
ACCT205215,CUST103224,checking,active,2023-12-29,
ACCT205216,CUST103224,checking,active,2023-12-04,
ACCT205217,CUST103224,checking,active,2024-05-08,
ACCT205218,CUST103225,checking,active,2023-09-20,
ACCT205219,CUST103225,credit,active,2023-03-26,
ACCT205220,CUST103226,savings,active,2024-08-20,
ACCT205221,CUST103227,savings,active,2024-08-24,
ACCT205222,CUST103227,credit,active,2023-06-17,
ACCT205223,CUST103227,savings,active,2024-06-07,
ACCT205224,CUST103228,checking,active,2023-09-27,
ACCT205225,CUST103229,checking,active,2024-10-25,
ACCT205226,CUST103230,credit,active,2024-10-08,
ACCT205227,CUST103231,credit,active,2024-02-11,
ACCT205228,CUST103232,checking,frozen,2023-07-01,
ACCT205229,CUST103232,checking,closed,2024-02-14,2025-01-09
ACCT205230,CUST103233,credit,active,2023-06-12,
ACCT205231,CUST103234,savings,active,2023-02-15,
ACCT205232,CUST103235,checking,active,2023-05-01,
ACCT205233,CUST103235,checking,active,2023-03-29,
ACCT205234,CUST103236,checking,active,2023-10-09,
ACCT205235,CUST103237,savings,active,2024-04-18,
ACCT205236,CUST103237,checking,active,2023-04-01,
ACCT205237,CUST103237,checking,active,2023-11-17,
ACCT205238,CUST103238,savings,active,2024-01-21,
ACCT205239,CUST103239,checking,active,2024-01-14,
ACCT205240,CUST103240,checking,active,2023-11-24,
ACCT205241,CUST103241,credit,active,2023-02-08,
ACCT205242,CUST103241,checking,active,2024-08-23,
ACCT205243,CUST103242,savings,active,2023-01-19,
ACCT205244,CUST103243,checking,active,2024-09-18,
ACCT205245,CUST103243,savings,active,2024-06-14,
ACCT205246,CUST103244,checking,active,2023-09-05,
ACCT205247,CUST103244,credit,active,2024-10-07,
ACCT205248,CUST103245,checking,active,2024-03-17,
ACCT205249,CUST103245,checking,active,2024-01-14,
ACCT205250,CUST103246,checking,active,2024-04-16,
ACCT205251,CUST103247,savings,active,2023-06-20,
ACCT205252,CUST103248,credit,active,2024-01-15,
ACCT205253,CUST103249,savings,active,2024-02-12,
ACCT205254,CUST103250,checking,active,2023-10-20,
ACCT205255,CUST103250,checking,active,2023-11-18,
ACCT205256,CUST103251,savings,active,2024-10-08,
ACCT205257,CUST103252,checking,active,2024-01-13,
ACCT205258,CUST103253,savings,active,2023-10-05,
ACCT205259,CUST103254,checking,active,2023-09-14,
ACCT205260,CUST103254,checking,active,2024-02-28,
ACCT205261,CUST103255,checking,active,2023-03-04,
ACCT205262,CUST103256,checking,active,2024-09-15,
ACCT205263,CUST103257,checking,active,2024-02-10,
ACCT205264,CUST103257,savings,frozen,2024-06-18,
ACCT205265,CUST103258,savings,active,2024-09-01,
ACCT205266,CUST103258,checking,active,2024-09-10,
ACCT205267,CUST103259,savings,active,2024-04-18,
ACCT205268,CUST103260,checking,active,2023-04-24,
ACCT205269,CUST103260,checking,active,2023-09-07,
ACCT205270,CUST103261,checking,closed,2023-09-16,2024-02-05
ACCT205271,CUST103262,savings,active,2024-09-22,
ACCT205272,CUST103263,savings,active,2024-10-02,
ACCT205273,CUST103263,checking,active,2023-07-18,
ACCT205274,CUST103264,credit,active,2024-11-18,
ACCT205275,CUST103265,checking,active,2023-08-18,
ACCT205276,CUST103266,checking,active,2024-02-08,
ACCT205277,CUST103267,savings,active,2024-03-29,
ACCT205278,CUST103267,checking,active,2023-03-31,
ACCT205279,CUST103268,credit,active,2024-10-10,
ACCT205280,CUST103268,savings,active,2024-09-05,
ACCT205281,CUST103269,savings,closed,2024-05-04,2024-07-24
ACCT205282,CUST103270,checking,active,2024-10-14,
ACCT205283,CUST103270,checking,active,2023-02-14,
ACCT205284,CUST103271,credit,active,2024-04-15,
ACCT205285,CUST103272,savings,active,2023-12-07,
ACCT205286,CUST103273,checking,active,2023-10-13,
ACCT205287,CUST103273,savings,closed,2023-02-27,2023-04-26
ACCT205288,CUST103274,checking,active,2023-08-25,
ACCT205289,CUST103274,savings,active,2023-01-17,
ACCT205290,CUST103275,credit,active,2023-08-08,
ACCT205291,CUST103276,checking,active,2023-11-04,
ACCT205292,CUST103276,checking,active,2024-10-30,
ACCT205293,CUST103276,credit,active,2024-09-18,
ACCT205294,CUST103277,savings,closed,2024-11-29,2026-02-24
ACCT205295,CUST103278,checking,active,2024-04-17,
ACCT205296,CUST103278,savings,active,2023-01-26,
ACCT205297,CUST103278,savings,active,2023-07-11,
ACCT205298,CUST103279,checking,active,2024-04-25,
ACCT205299,CUST103279,credit,active,2023-11-28,
ACCT205300,CUST103280,credit,active,2023-08-14,
ACCT205301,CUST103280,checking,active,2023-11-06,
ACCT205302,CUST103280,checking,active,2024-01-07,
ACCT205303,CUST103281,savings,active,2024-01-16,
ACCT205304,CUST103282,checking,active,2024-07-15,
ACCT205305,CUST103283,savings,active,2024-08-18,
ACCT205306,CUST103284,checking,active,2024-03-08,
ACCT205307,CUST103285,credit,active,2024-01-06,
ACCT205308,CUST103285,checking,active,2024-01-01,
ACCT205309,CUST103286,checking,active,2024-02-27,
ACCT205310,CUST103287,checking,active,2024-01-28,
ACCT205311,CUST103288,checking,active,2024-05-06,
ACCT205312,CUST103289,checking,active,2024-05-15,
ACCT205313,CUST103289,checking,active,2023-02-17,
ACCT205314,CUST103290,savings,active,2024-07-26,
ACCT205315,CUST103291,checking,active,2023-06-17,
ACCT205316,CUST103291,checking,active,2024-09-17,
ACCT205317,CUST103292,checking,closed,2024-04-03,2025-03-08
ACCT205318,CUST103293,checking,active,2023-03-22,
ACCT205319,CUST103293,checking,active,2024-01-26,
ACCT205320,CUST103294,checking,active,2023-02-27,
ACCT205321,CUST103295,checking,active,2024-08-23,
ACCT205322,CUST103296,credit,active,2023-01-21,
ACCT205323,CUST103296,checking,active,2024-01-30,
ACCT205324,CUST103296,checking,active,2023-07-11,
ACCT205325,CUST103297,checking,active,2023-09-18,
ACCT205326,CUST103298,credit,active,2024-02-15,
ACCT205327,CUST103299,checking,active,2024-04-08,
ACCT205328,CUST103299,checking,active,2023-07-20,
ACCT205329,CUST103299,savings,active,2024-07-08,
ACCT205330,CUST103300,checking,active,2023-09-03,
ACCT205331,CUST103300,checking,active,2023-06-28,
ACCT205332,CUST103300,savings,active,2023-06-27,
ACCT205333,CUST103301,credit,active,2023-01-22,
ACCT205334,CUST103301,checking,active,2024-04-01,
ACCT205335,CUST103301,savings,active,2023-02-01,
ACCT205336,CUST103302,checking,active,2023-07-18,
ACCT205337,CUST103303,savings,active,2024-06-15,
ACCT205338,CUST103303,credit,active,2024-03-09,
ACCT205339,CUST103304,credit,active,2023-05-29,
ACCT205340,CUST103305,checking,active,2023-10-09,
ACCT205341,CUST103305,savings,active,2024-06-24,
ACCT205342,CUST103306,savings,active,2023-11-24,
ACCT205343,CUST103307,credit,frozen,2023-09-28,
ACCT205344,CUST103308,checking,active,2024-01-26,
ACCT205345,CUST103308,savings,active,2023-06-04,
ACCT205346,CUST103309,checking,active,2023-01-05,
ACCT205347,CUST103310,checking,frozen,2024-11-10,
ACCT205348,CUST103311,credit,active,2023-06-01,
ACCT205349,CUST103312,savings,active,2024-03-23,
ACCT205350,CUST103312,credit,active,2023-03-21,
ACCT205351,CUST103313,checking,active,2024-11-03,
ACCT205352,CUST103314,savings,active,2024-11-23,
ACCT205353,CUST103315,checking,active,2024-01-03,
ACCT205354,CUST103316,credit,active,2024-10-02,
ACCT205355,CUST103317,savings,frozen,2023-04-22,
ACCT205356,CUST103318,savings,active,2024-01-02,
ACCT205357,CUST103319,savings,active,2024-02-18,
ACCT205358,CUST103320,savings,frozen,2024-09-25,
ACCT205359,CUST103321,checking,active,2024-10-11,
ACCT205360,CUST103322,checking,active,2024-07-10,
ACCT205361,CUST103323,credit,active,2024-06-22,
ACCT205362,CUST103323,checking,active,2023-08-16,
ACCT205363,CUST103323,savings,active,2023-05-02,
ACCT205364,CUST103324,checking,active,2024-11-03,
ACCT205365,CUST103324,checking,active,2024-01-02,
ACCT205366,CUST103325,checking,active,2024-02-27,
ACCT205367,CUST103326,checking,active,2023-08-26,
ACCT205368,CUST103327,checking,closed,2023-05-27,2023-06-26
ACCT205369,CUST103328,checking,active,2024-03-22,
ACCT205370,CUST103328,credit,active,2023-10-09,
ACCT205371,CUST103328,credit,active,2023-01-30,
ACCT205372,CUST103329,checking,active,2024-02-16,
ACCT205373,CUST103329,checking,active,2024-03-31,
ACCT205374,CUST103330,savings,active,2024-04-15,
ACCT205375,CUST103331,checking,active,2024-06-28,
ACCT205376,CUST103331,savings,active,2024-02-16,
ACCT205377,CUST103332,savings,active,2024-08-17,
ACCT205378,CUST103333,credit,active,2023-11-25,
ACCT205379,CUST103334,checking,active,2024-06-02,
ACCT205380,CUST103334,checking,active,2024-06-22,
ACCT205381,CUST103335,savings,active,2023-05-14,
ACCT205382,CUST103335,savings,active,2024-05-07,
ACCT205383,CUST103335,savings,active,2024-03-03,
ACCT205384,CUST103336,checking,active,2023-04-15,
ACCT205385,CUST103336,checking,active,2024-08-01,
ACCT205386,CUST103336,savings,active,2023-04-23,
ACCT205387,CUST103337,savings,active,2024-09-08,
ACCT205388,CUST103337,credit,active,2024-11-16,
ACCT205389,CUST103338,savings,active,2023-04-11,
ACCT205390,CUST103339,savings,closed,2023-10-25,2024-11-28
ACCT205391,CUST103340,checking,active,2023-07-13,
ACCT205392,CUST103340,checking,active,2024-03-30,
ACCT205393,CUST103341,credit,active,2023-04-02,
ACCT205394,CUST103342,checking,active,2023-07-11,
ACCT205395,CUST103343,savings,active,2024-03-13,
ACCT205396,CUST103344,savings,active,2023-10-28,
ACCT205397,CUST103345,credit,active,2024-11-26,
ACCT205398,CUST103346,checking,active,2024-02-27,
ACCT205399,CUST103346,checking,active,2024-06-25,
ACCT205400,CUST103347,savings,active,2024-06-08,
ACCT205401,CUST103347,checking,active,2024-07-27,
ACCT205402,CUST103348,savings,frozen,2023-04-30,
ACCT205403,CUST103349,savings,active,2024-06-18,
ACCT205404,CUST103350,savings,active,2024-07-16,
ACCT205405,CUST103351,savings,active,2023-06-18,
ACCT205406,CUST103352,checking,active,2024-04-30,
ACCT205407,CUST103353,checking,active,2024-03-23,
ACCT205408,CUST103353,checking,active,2024-10-29,
ACCT205409,CUST103353,checking,active,2023-11-02,
ACCT205410,CUST103354,credit,active,2024-09-11,
ACCT205411,CUST103355,checking,active,2023-12-27,
ACCT205412,CUST103355,checking,active,2023-09-12,
ACCT205413,CUST103355,credit,active,2023-05-24,
ACCT205414,CUST103356,savings,active,2023-07-26,
ACCT205415,CUST103356,checking,active,2024-01-26,
ACCT205416,CUST103357,checking,active,2023-01-27,
ACCT205417,CUST103357,credit,active,2023-07-31,
ACCT205418,CUST103358,savings,active,2024-08-10,
ACCT205419,CUST103358,credit,active,2023-03-06,
ACCT205420,CUST103359,savings,active,2023-10-16,
ACCT205421,CUST103359,checking,active,2023-01-12,
ACCT205422,CUST103360,checking,active,2024-09-12,
ACCT205423,CUST103360,checking,active,2023-12-04,
ACCT205424,CUST103361,savings,active,2023-05-24,
ACCT205425,CUST103362,savings,active,2023-06-17,
ACCT205426,CUST103363,savings,active,2024-08-28,
ACCT205427,CUST103364,checking,active,2023-10-19,
ACCT205428,CUST103365,checking,active,2024-07-29,
ACCT205429,CUST103366,savings,frozen,2024-03-03,
ACCT205430,CUST103367,checking,active,2024-10-29,
ACCT205431,CUST103368,credit,active,2024-10-22,
ACCT205432,CUST103369,checking,active,2024-02-14,
ACCT205433,CUST103370,credit,active,2023-02-01,
ACCT205434,CUST103371,savings,active,2024-08-24,
ACCT205435,CUST103372,credit,active,2023-07-22,
ACCT205436,CUST103372,checking,active,2023-03-14,
ACCT205437,CUST103372,credit,active,2024-05-19,
ACCT205438,CUST103373,checking,active,2023-01-16,
ACCT205439,CUST103374,checking,closed,2023-10-26,2024-08-13
ACCT205440,CUST103374,credit,active,2024-06-17,
ACCT205441,CUST103375,credit,active,2023-07-21,
ACCT205442,CUST103375,savings,active,2024-06-04,
ACCT205443,CUST103376,checking,active,2023-01-03,
ACCT205444,CUST103376,checking,active,2023-10-11,
ACCT205445,CUST103377,credit,active,2024-08-04,
ACCT205446,CUST103377,credit,active,2023-02-04,
ACCT205447,CUST103377,checking,frozen,2024-01-27,
ACCT205448,CUST103378,checking,active,2024-04-16,
ACCT205449,CUST103378,checking,active,2024-04-15,
ACCT205450,CUST103378,savings,active,2023-03-20,
ACCT205451,CUST103379,checking,active,2023-08-15,
ACCT205452,CUST103380,checking,active,2023-05-19,
ACCT205453,CUST103380,checking,active,2024-06-03,
ACCT205454,CUST103381,savings,active,2023-05-27,
ACCT205455,CUST103382,checking,active,2024-03-20,
ACCT205456,CUST103383,checking,active,2024-03-24,
ACCT205457,CUST103384,savings,active,2023-09-05,
ACCT205458,CUST103385,checking,active,2023-01-13,
ACCT205459,CUST103385,checking,active,2023-05-27,
ACCT205460,CUST103386,credit,active,2024-06-22,
ACCT205461,CUST103387,checking,active,2023-11-20,
ACCT205462,CUST103388,checking,active,2023-06-04,
ACCT205463,CUST103388,checking,active,2024-05-05,
ACCT205464,CUST103388,savings,active,2024-05-23,
ACCT205465,CUST103389,savings,active,2023-07-15,
ACCT205466,CUST103390,savings,active,2024-02-25,
ACCT205467,CUST103390,checking,active,2024-09-21,
ACCT205468,CUST103391,credit,active,2023-04-21,
ACCT205469,CUST103392,checking,active,2023-08-29,
ACCT205470,CUST103393,checking,active,2023-11-18,
ACCT205471,CUST103393,checking,active,2024-04-14,
ACCT205472,CUST103394,checking,frozen,2023-08-08,
ACCT205473,CUST103395,checking,active,2024-09-13,
ACCT205474,CUST103395,checking,active,2024-08-10,
ACCT205475,CUST103396,checking,active,2023-12-31,
ACCT205476,CUST103396,checking,active,2023-06-01,
ACCT205477,CUST103396,savings,active,2024-11-16,
ACCT205478,CUST103397,checking,active,2023-07-25,
ACCT205479,CUST103398,checking,active,2024-07-15,
ACCT205480,CUST103398,checking,active,2024-04-20,
ACCT205481,CUST103399,credit,active,2024-10-13,
ACCT205482,CUST103399,checking,active,2024-03-02,
ACCT205483,CUST103399,savings,active,2023-03-09,
ACCT205484,CUST103400,savings,active,2023-02-09,
ACCT205485,CUST103401,credit,frozen,2024-08-09,
ACCT205486,CUST103401,checking,active,2023-12-18,
ACCT205487,CUST103402,credit,closed,2024-11-25,2025-07-24
ACCT205488,CUST103402,checking,active,2023-01-31,
ACCT205489,CUST103402,checking,active,2024-08-22,
ACCT205490,CUST103403,checking,active,2023-07-16,
ACCT205491,CUST103403,credit,active,2024-01-05,
ACCT205492,CUST103404,checking,active,2024-04-09,
ACCT205493,CUST103405,checking,closed,2023-02-03,2023-03-08
ACCT205494,CUST103405,checking,active,2024-01-06,
ACCT205495,CUST103405,checking,active,2023-09-13,
ACCT205496,CUST103406,savings,active,2024-05-18,
ACCT205497,CUST103407,checking,active,2023-12-15,
ACCT205498,CUST103407,checking,active,2024-03-19,
ACCT205499,CUST103408,checking,active,2024-04-10,
ACCT205500,CUST103409,checking,active,2023-07-31,
ACCT205501,CUST103409,savings,active,2023-02-11,
ACCT205502,CUST103410,checking,frozen,2023-06-04,
ACCT205503,CUST103411,checking,closed,2024-08-15,2024-11-22
ACCT205504,CUST103412,savings,active,2023-07-28,
ACCT205505,CUST103412,checking,active,2023-02-15,
ACCT205506,CUST103413,savings,frozen,2024-03-27,
ACCT205507,CUST103414,savings,active,2023-12-02,
ACCT205508,CUST103414,checking,active,2023-12-07,
ACCT205509,CUST103414,savings,active,2023-02-21,
ACCT205510,CUST103415,checking,active,2023-06-02,
ACCT205511,CUST103416,savings,active,2024-02-21,
ACCT205512,CUST103417,checking,active,2024-02-29,
ACCT205513,CUST103418,checking,closed,2023-06-08,2024-05-18
ACCT205514,CUST103418,checking,active,2024-01-06,
ACCT205515,CUST103418,savings,active,2024-01-30,
ACCT205516,CUST103419,checking,active,2024-09-19,
ACCT205517,CUST103419,savings,active,2023-01-12,
ACCT205518,CUST103419,credit,closed,2023-04-25,2023-11-24
ACCT205519,CUST103420,savings,active,2023-08-17,
ACCT205520,CUST103421,checking,active,2024-11-01,
ACCT205521,CUST103421,savings,active,2024-04-26,
ACCT205522,CUST103422,savings,active,2024-10-14,
ACCT205523,CUST103423,savings,active,2023-03-27,
ACCT205524,CUST103423,savings,active,2023-01-23,
ACCT205525,CUST103423,credit,active,2023-08-28,
ACCT205526,CUST103424,checking,active,2024-01-21,
ACCT205527,CUST103424,savings,active,2024-07-12,
ACCT205528,CUST103425,credit,active,2023-06-07,
ACCT205529,CUST103425,savings,active,2023-04-21,
ACCT205530,CUST103426,checking,active,2024-11-14,
ACCT205531,CUST103427,checking,active,2024-09-15,
ACCT205532,CUST103428,savings,active,2024-09-21,
ACCT205533,CUST103429,checking,active,2023-11-06,
ACCT205534,CUST103430,checking,active,2023-04-09,
ACCT205535,CUST103430,savings,active,2023-07-26,
ACCT205536,CUST103431,checking,active,2024-05-28,
ACCT205537,CUST103432,credit,active,2023-01-17,
ACCT205538,CUST103433,credit,frozen,2024-10-27,
ACCT205539,CUST103434,checking,active,2023-04-23,
ACCT205540,CUST103435,checking,active,2023-11-08,
ACCT205541,CUST103435,checking,active,2024-10-13,
ACCT205542,CUST103435,checking,active,2024-09-11,
ACCT205543,CUST103436,checking,closed,2024-06-11,2024-09-25
ACCT205544,CUST103436,savings,active,2024-09-14,
ACCT205545,CUST103437,credit,active,2024-05-08,
ACCT205546,CUST103438,savings,active,2024-10-07,
ACCT205547,CUST103439,credit,active,2023-11-08,
ACCT205548,CUST103440,savings,active,2023-08-04,
ACCT205549,CUST103440,checking,closed,2024-04-02,2024-11-08
ACCT205550,CUST103441,checking,closed,2023-01-01,2024-03-13
ACCT205551,CUST103441,credit,active,2024-11-13,
ACCT205552,CUST103441,credit,active,2024-04-02,
ACCT205553,CUST103442,checking,active,2023-12-21,
ACCT205554,CUST103442,credit,active,2023-10-03,
ACCT205555,CUST103442,savings,active,2024-10-12,
ACCT205556,CUST103443,checking,active,2024-01-09,
ACCT205557,CUST103443,checking,active,2023-03-13,
ACCT205558,CUST103444,checking,active,2023-11-07,
ACCT205559,CUST103444,checking,active,2024-08-12,
ACCT205560,CUST103445,savings,active,2023-01-26,
ACCT205561,CUST103445,checking,closed,2023-04-05,2023-12-03
ACCT205562,CUST103445,credit,active,2024-09-17,
ACCT205563,CUST103446,checking,frozen,2024-10-08,
ACCT205564,CUST103446,checking,active,2024-09-05,
ACCT205565,CUST103447,checking,active,2024-09-19,
ACCT205566,CUST103447,credit,active,2023-03-07,
ACCT205567,CUST103448,checking,closed,2023-07-14,2024-07-19
ACCT205568,CUST103448,savings,active,2024-06-04,
ACCT205569,CUST103449,checking,active,2023-11-09,
ACCT205570,CUST103450,savings,active,2023-07-18,
ACCT205571,CUST103451,checking,active,2024-11-01,
ACCT205572,CUST103451,checking,active,2023-10-13,
ACCT205573,CUST103451,checking,active,2024-02-15,
ACCT205574,CUST103452,savings,active,2024-07-09,
ACCT205575,CUST103453,checking,active,2024-02-19,
ACCT205576,CUST103453,credit,active,2023-09-24,
ACCT205577,CUST103454,checking,closed,2023-07-27,2024-12-06
ACCT205578,CUST103454,savings,active,2024-06-05,
ACCT205579,CUST103454,savings,active,2024-11-01,
ACCT205580,CUST103455,savings,active,2023-02-27,
ACCT205581,CUST103455,checking,active,2023-02-03,
ACCT205582,CUST103456,checking,closed,2023-10-28,2025-01-09
ACCT205583,CUST103457,checking,active,2023-12-14,
ACCT205584,CUST103457,checking,active,2024-07-09,
ACCT205585,CUST103458,savings,active,2023-02-03,
ACCT205586,CUST103459,checking,active,2023-04-17,
ACCT205587,CUST103460,checking,active,2023-08-12,
ACCT205588,CUST103460,savings,active,2024-06-22,
ACCT205589,CUST103461,checking,active,2024-08-17,
ACCT205590,CUST103461,checking,active,2024-09-28,
ACCT205591,CUST103461,checking,active,2024-07-05,
ACCT205592,CUST103462,savings,active,2023-04-15,
ACCT205593,CUST103462,savings,active,2024-02-11,
ACCT205594,CUST103463,credit,active,2023-06-18,
ACCT205595,CUST103464,savings,active,2024-03-18,
ACCT205596,CUST103465,checking,active,2023-07-21,
ACCT205597,CUST103466,credit,closed,2024-10-01,2025-08-24
ACCT205598,CUST103467,savings,active,2023-10-27,
ACCT205599,CUST103468,checking,active,2023-01-21,
ACCT205600,CUST103468,credit,active,2024-07-23,
ACCT205601,CUST103469,checking,active,2024-10-27,
ACCT205602,CUST103469,checking,active,2023-04-29,
ACCT205603,CUST103469,checking,active,2023-05-06,
ACCT205604,CUST103470,checking,closed,2023-03-02,2023-10-24
ACCT205605,CUST103470,checking,active,2024-07-27,
ACCT205606,CUST103471,savings,active,2024-09-23,
ACCT205607,CUST103471,checking,active,2024-06-14,
ACCT205608,CUST103472,credit,active,2023-05-10,
ACCT205609,CUST103472,credit,active,2024-05-31,
ACCT205610,CUST103473,savings,active,2024-02-02,
ACCT205611,CUST103473,savings,active,2024-11-03,
ACCT205612,CUST103474,checking,active,2023-02-20,
ACCT205613,CUST103475,savings,active,2023-08-07,
ACCT205614,CUST103475,savings,active,2023-06-25,
ACCT205615,CUST103476,credit,active,2023-03-09,
ACCT205616,CUST103476,credit,active,2024-05-17,
ACCT205617,CUST103477,checking,active,2023-01-20,
ACCT205618,CUST103478,credit,active,2024-02-12,
ACCT205619,CUST103478,credit,active,2023-09-20,
ACCT205620,CUST103479,savings,active,2024-09-21,
ACCT205621,CUST103480,savings,active,2023-10-15,
ACCT205622,CUST103480,checking,active,2023-12-30,
ACCT205623,CUST103480,checking,active,2024-05-31,
ACCT205624,CUST103481,checking,active,2024-03-20,
ACCT205625,CUST103481,checking,active,2024-02-11,
ACCT205626,CUST103482,savings,active,2023-12-11,
ACCT205627,CUST103483,checking,active,2024-04-22,
ACCT205628,CUST103484,credit,active,2023-12-16,
ACCT205629,CUST103485,checking,active,2024-05-14,
ACCT205630,CUST103485,checking,active,2023-07-11,
ACCT205631,CUST103485,checking,active,2023-07-14,
ACCT205632,CUST103486,savings,active,2024-08-13,
ACCT205633,CUST103486,checking,active,2023-09-04,
ACCT205634,CUST103486,checking,active,2023-07-07,
ACCT205635,CUST103487,savings,active,2023-07-28,
ACCT205636,CUST103487,savings,active,2023-04-07,
ACCT205637,CUST103487,checking,active,2023-05-07,
ACCT205638,CUST103488,checking,active,2024-11-06,
ACCT205639,CUST103488,checking,active,2024-01-02,
ACCT205640,CUST103489,savings,active,2023-05-16,
ACCT205641,CUST103489,savings,active,2023-06-09,
ACCT205642,CUST103489,checking,active,2023-11-23,
ACCT205643,CUST103490,credit,active,2023-08-06,
ACCT205644,CUST103490,checking,active,2024-04-17,
ACCT205645,CUST103491,savings,active,2023-04-15,
ACCT205646,CUST103491,savings,active,2024-03-08,
ACCT205647,CUST103492,checking,active,2023-07-02,
ACCT205648,CUST103492,savings,frozen,2023-04-28,
ACCT205649,CUST103493,checking,active,2024-02-23,
ACCT205650,CUST103494,credit,active,2023-04-04,
ACCT205651,CUST103494,savings,active,2023-07-15,
ACCT205652,CUST103495,credit,active,2024-08-12,
ACCT205653,CUST103495,checking,active,2024-05-16,
ACCT205654,CUST103496,checking,active,2024-09-30,
ACCT205655,CUST103497,savings,active,2024-10-28,
ACCT205656,CUST103498,savings,active,2024-07-06,
ACCT205657,CUST103498,credit,active,2024-10-18,
ACCT205658,CUST103499,checking,active,2023-01-15,
ACCT205659,CUST103499,checking,active,2023-10-28,
ACCT205660,CUST103500,checking,active,2024-10-29,
ACCT205661,CUST103500,savings,active,2023-08-19,
ACCT205662,CUST103500,checking,active,2024-11-07,
ACCT205663,CUST103501,savings,active,2024-08-16,
ACCT205664,CUST103502,checking,active,2024-11-23,
ACCT205665,CUST103503,credit,active,2023-02-01,
ACCT205666,CUST103503,checking,active,2024-08-29,
ACCT205667,CUST103503,savings,active,2023-10-14,
ACCT205668,CUST103504,savings,active,2023-11-22,
ACCT205669,CUST103505,savings,active,2024-05-22,
ACCT205670,CUST103506,checking,active,2023-11-01,
ACCT205671,CUST103506,checking,active,2023-03-23,
ACCT205672,CUST103507,checking,active,2024-06-21,
ACCT205673,CUST103508,checking,active,2024-09-22,
ACCT205674,CUST103508,checking,active,2023-05-09,
ACCT205675,CUST103509,checking,active,2024-09-08,
ACCT205676,CUST103510,checking,active,2024-07-03,
ACCT205677,CUST103510,savings,active,2023-10-29,
ACCT205678,CUST103511,checking,active,2023-11-20,
ACCT205679,CUST103512,checking,active,2023-07-17,
ACCT205680,CUST103513,savings,active,2024-02-14,
ACCT205681,CUST103513,checking,active,2023-01-08,
ACCT205682,CUST103514,savings,active,2024-08-29,
ACCT205683,CUST103514,checking,closed,2024-02-06,2025-03-18
ACCT205684,CUST103514,checking,active,2023-03-05,
ACCT205685,CUST103515,savings,active,2023-06-28,
ACCT205686,CUST103515,checking,active,2024-04-26,
ACCT205687,CUST103515,savings,active,2024-04-02,
ACCT205688,CUST103516,savings,active,2023-12-13,
ACCT205689,CUST103516,checking,active,2024-01-18,
ACCT205690,CUST103517,checking,active,2024-02-09,
ACCT205691,CUST103518,checking,closed,2024-08-13,2024-11-09
ACCT205692,CUST103519,checking,active,2023-01-03,
ACCT205693,CUST103520,savings,active,2024-11-26,
ACCT205694,CUST103521,savings,active,2023-12-23,
ACCT205695,CUST103521,checking,active,2024-04-29,
ACCT205696,CUST103522,checking,active,2024-08-24,
ACCT205697,CUST103522,checking,active,2023-05-04,
ACCT205698,CUST103523,credit,frozen,2023-10-12,
ACCT205699,CUST103523,checking,active,2024-02-13,
ACCT205700,CUST103524,checking,active,2024-01-05,
ACCT205701,CUST103524,checking,closed,2024-09-28,2025-12-28
ACCT205702,CUST103525,checking,active,2024-03-02,
ACCT205703,CUST103525,savings,active,2023-10-06,
ACCT205704,CUST103525,checking,active,2023-11-17,
ACCT205705,CUST103526,credit,active,2023-12-09,
ACCT205706,CUST103526,savings,active,2024-06-07,
ACCT205707,CUST103526,checking,active,2024-08-09,
ACCT205708,CUST103527,checking,active,2023-06-04,
ACCT205709,CUST103527,savings,active,2023-03-26,
ACCT205710,CUST103527,savings,active,2024-03-13,
ACCT205711,CUST103528,checking,active,2023-03-21,
ACCT205712,CUST103529,savings,active,2023-11-27,
ACCT205713,CUST103530,checking,active,2023-07-08,
ACCT205714,CUST103530,savings,active,2023-09-07,
ACCT205715,CUST103531,checking,active,2024-07-23,
ACCT205716,CUST103532,savings,active,2024-03-23,
ACCT205717,CUST103533,checking,active,2023-12-02,
ACCT205718,CUST103534,checking,active,2023-08-12,
ACCT205719,CUST103535,checking,active,2024-04-15,
ACCT205720,CUST103536,checking,active,2023-06-18,
ACCT205721,CUST103536,savings,active,2024-11-25,
ACCT205722,CUST103537,savings,active,2023-09-08,
ACCT205723,CUST103538,savings,closed,2023-03-29,2023-07-26
ACCT205724,CUST103538,savings,active,2023-08-22,
ACCT205725,CUST103539,checking,active,2024-11-28,
ACCT205726,CUST103539,savings,active,2023-08-21,
ACCT205727,CUST103539,checking,active,2024-03-02,
ACCT205728,CUST103540,checking,active,2023-03-10,
ACCT205729,CUST103540,checking,active,2023-10-06,
ACCT205730,CUST103540,checking,active,2023-01-17,
ACCT205731,CUST103541,savings,active,2024-03-30,
ACCT205732,CUST103542,checking,active,2024-08-24,
ACCT205733,CUST103543,credit,active,2024-05-19,
ACCT205734,CUST103544,credit,active,2024-05-24,
ACCT205735,CUST103544,checking,active,2024-09-25,
ACCT205736,CUST103544,checking,active,2023-06-15,
ACCT205737,CUST103545,savings,active,2023-03-01,
ACCT205738,CUST103546,credit,frozen,2023-01-04,
ACCT205739,CUST103547,credit,active,2023-05-08,
ACCT205740,CUST103547,savings,active,2024-05-30,
ACCT205741,CUST103548,savings,active,2024-04-04,
ACCT205742,CUST103549,checking,active,2024-03-31,
ACCT205743,CUST103549,checking,active,2023-04-05,
ACCT205744,CUST103550,checking,active,2024-09-30,
ACCT205745,CUST103550,checking,active,2023-05-05,
ACCT205746,CUST103551,savings,active,2024-05-29,
ACCT205747,CUST103552,savings,active,2023-05-31,
ACCT205748,CUST103552,checking,active,2024-10-11,
ACCT205749,CUST103553,savings,active,2023-02-13,
ACCT205750,CUST103553,checking,active,2023-01-02,
ACCT205751,CUST103554,credit,closed,2023-02-21,2023-07-18
ACCT205752,CUST103554,credit,active,2024-11-04,
ACCT205753,CUST103555,checking,closed,2023-05-28,2024-07-28
ACCT205754,CUST103555,checking,closed,2024-11-23,2025-01-03
ACCT205755,CUST103556,checking,active,2024-07-21,
ACCT205756,CUST103557,checking,active,2023-06-10,
ACCT205757,CUST103557,checking,active,2023-05-14,
ACCT205758,CUST103557,savings,active,2024-04-16,
ACCT205759,CUST103558,checking,active,2023-05-30,
ACCT205760,CUST103558,checking,active,2023-02-13,
ACCT205761,CUST103559,checking,active,2023-06-24,
ACCT205762,CUST103560,savings,active,2024-11-10,
ACCT205763,CUST103560,credit,active,2023-03-27,
ACCT205764,CUST103561,checking,active,2024-05-25,
ACCT205765,CUST103561,checking,active,2023-09-24,
ACCT205766,CUST103561,checking,active,2023-03-04,
ACCT205767,CUST103562,checking,active,2023-08-31,
ACCT205768,CUST103563,checking,active,2024-10-07,
ACCT205769,CUST103563,savings,active,2024-08-15,
ACCT205770,CUST103564,checking,active,2023-11-18,
ACCT205771,CUST103564,savings,active,2023-02-04,
ACCT205772,CUST103565,checking,active,2023-08-01,
ACCT205773,CUST103565,checking,active,2024-11-30,
ACCT205774,CUST103565,savings,active,2023-09-18,
ACCT205775,CUST103566,checking,active,2024-05-11,
ACCT205776,CUST103566,savings,active,2024-02-22,
ACCT205777,CUST103566,checking,active,2024-05-30,
ACCT205778,CUST103567,credit,active,2023-12-19,
ACCT205779,CUST103568,savings,active,2023-03-20,
ACCT205780,CUST103568,checking,active,2023-12-05,
ACCT205781,CUST103569,checking,active,2024-10-16,
ACCT205782,CUST103570,savings,active,2024-11-23,
ACCT205783,CUST103571,checking,closed,2023-01-02,2023-10-04
ACCT205784,CUST103572,checking,active,2023-01-17,
ACCT205785,CUST103573,savings,active,2023-10-26,
ACCT205786,CUST103573,savings,active,2023-04-29,
ACCT205787,CUST103573,checking,active,2024-02-13,
ACCT205788,CUST103574,savings,active,2023-04-29,
ACCT205789,CUST103575,checking,active,2024-09-18,
ACCT205790,CUST103576,savings,active,2024-08-07,
ACCT205791,CUST103577,credit,active,2024-05-15,
ACCT205792,CUST103577,credit,active,2024-09-06,
ACCT205793,CUST103578,credit,active,2023-10-21,
ACCT205794,CUST103579,checking,active,2023-03-27,
ACCT205795,CUST103580,credit,active,2024-03-19,
ACCT205796,CUST103580,credit,active,2024-09-16,
ACCT205797,CUST103580,credit,active,2023-12-25,
ACCT205798,CUST103581,checking,active,2023-12-02,
ACCT205799,CUST103582,savings,active,2023-05-04,
ACCT205800,CUST103583,credit,active,2023-10-21,
ACCT205801,CUST103584,credit,active,2023-05-26,
ACCT205802,CUST103584,savings,active,2024-06-18,
ACCT205803,CUST103585,savings,active,2024-02-08,
ACCT205804,CUST103586,checking,active,2023-03-29,
ACCT205805,CUST103587,checking,active,2023-10-31,
ACCT205806,CUST103587,checking,closed,2023-11-23,2025-01-27
ACCT205807,CUST103587,checking,active,2024-05-13,
ACCT205808,CUST103588,checking,active,2023-02-23,
ACCT205809,CUST103589,checking,active,2023-07-24,
ACCT205810,CUST103590,credit,active,2024-09-13,
ACCT205811,CUST103590,checking,active,2023-07-03,
ACCT205812,CUST103591,checking,active,2024-10-03,
ACCT205813,CUST103591,credit,active,2024-09-15,
ACCT205814,CUST103592,checking,active,2023-12-21,
ACCT205815,CUST103593,checking,active,2024-07-13,
ACCT205816,CUST103594,savings,active,2023-07-25,
ACCT205817,CUST103595,checking,active,2024-05-28,
ACCT205818,CUST103595,checking,active,2023-05-25,
ACCT205819,CUST103596,savings,active,2023-01-14,
ACCT205820,CUST103596,savings,active,2024-05-08,
ACCT205821,CUST103597,checking,active,2024-03-11,
ACCT205822,CUST103598,checking,active,2024-02-01,
ACCT205823,CUST103599,savings,active,2024-10-29,
ACCT205824,CUST103599,checking,active,2023-01-03,
ACCT205825,CUST103599,checking,active,2023-09-29,
ACCT205826,CUST103600,checking,active,2024-04-26,
ACCT205827,CUST103601,checking,active,2024-10-09,
ACCT205828,CUST103601,checking,active,2024-04-21,
ACCT205829,CUST103602,credit,active,2024-01-21,
ACCT205830,CUST103603,checking,active,2023-03-03,
ACCT205831,CUST103604,credit,active,2024-08-18,
ACCT205832,CUST103605,checking,active,2024-10-07,
ACCT205833,CUST103606,savings,active,2024-01-29,
ACCT205834,CUST103607,checking,active,2023-12-23,
ACCT205835,CUST103608,checking,active,2023-05-12,
ACCT205836,CUST103609,checking,active,2024-06-22,
ACCT205837,CUST103609,checking,active,2024-11-04,
ACCT205838,CUST103610,savings,active,2024-07-11,
ACCT205839,CUST103610,checking,active,2024-01-25,
ACCT205840,CUST103610,checking,active,2023-03-16,
ACCT205841,CUST103611,savings,closed,2023-03-27,2024-01-25
ACCT205842,CUST103612,credit,active,2024-10-08,
ACCT205843,CUST103613,checking,active,2023-10-17,
ACCT205844,CUST103613,savings,active,2023-02-23,
ACCT205845,CUST103613,savings,active,2024-01-16,
ACCT205846,CUST103614,checking,active,2023-08-11,
ACCT205847,CUST103614,savings,active,2024-06-28,
ACCT205848,CUST103615,checking,active,2024-06-25,
ACCT205849,CUST103615,checking,active,2023-01-04,
ACCT205850,CUST103616,checking,active,2024-07-07,
ACCT205851,CUST103617,checking,active,2023-04-05,
ACCT205852,CUST103618,savings,active,2024-01-11,
ACCT205853,CUST103619,savings,active,2023-11-11,
ACCT205854,CUST103620,credit,active,2024-06-10,
ACCT205855,CUST103620,checking,active,2023-05-19,
ACCT205856,CUST103621,savings,active,2023-10-22,
ACCT205857,CUST103622,checking,active,2023-09-29,
ACCT205858,CUST103622,credit,active,2024-08-25,
ACCT205859,CUST103622,checking,active,2024-04-18,
ACCT205860,CUST103623,checking,active,2023-11-21,
ACCT205861,CUST103623,checking,frozen,2024-03-09,
ACCT205862,CUST103624,checking,active,2023-06-14,
ACCT205863,CUST103624,savings,active,2024-06-10,
ACCT205864,CUST103625,savings,active,2024-05-10,
ACCT205865,CUST103625,checking,active,2024-10-04,
ACCT205866,CUST103626,checking,active,2023-02-09,
ACCT205867,CUST103627,checking,active,2023-10-25,
ACCT205868,CUST103628,checking,active,2024-08-15,
ACCT205869,CUST103629,checking,active,2024-01-29,
ACCT205870,CUST103629,checking,active,2024-02-18,
ACCT205871,CUST103630,checking,active,2024-07-22,
ACCT205872,CUST103630,checking,active,2024-05-22,
ACCT205873,CUST103630,credit,active,2024-06-10,
ACCT205874,CUST103631,savings,active,2024-11-17,
ACCT205875,CUST103632,checking,active,2023-04-13,
ACCT205876,CUST103632,checking,active,2024-09-06,
ACCT205877,CUST103632,checking,active,2023-10-20,
ACCT205878,CUST103633,savings,active,2023-10-15,
ACCT205879,CUST103633,checking,active,2023-06-16,
ACCT205880,CUST103634,savings,active,2024-10-17,
ACCT205881,CUST103634,savings,active,2023-05-03,
ACCT205882,CUST103635,savings,active,2024-05-17,
ACCT205883,CUST103636,credit,active,2024-06-12,
ACCT205884,CUST103637,credit,active,2023-11-19,
ACCT205885,CUST103637,checking,active,2023-01-17,
ACCT205886,CUST103638,checking,active,2023-08-20,
ACCT205887,CUST103639,checking,active,2023-08-13,
ACCT205888,CUST103640,savings,active,2023-02-17,
ACCT205889,CUST103640,credit,active,2023-10-14,
ACCT205890,CUST103641,savings,active,2024-09-10,
ACCT205891,CUST103641,savings,active,2024-04-02,
ACCT205892,CUST103642,savings,active,2024-04-02,
ACCT205893,CUST103643,credit,active,2023-03-03,
ACCT205894,CUST103644,checking,active,2024-11-17,
ACCT205895,CUST103644,checking,active,2024-01-31,
ACCT205896,CUST103645,savings,active,2024-11-06,
ACCT205897,CUST103645,checking,active,2023-04-04,
ACCT205898,CUST103646,savings,active,2024-03-25,
ACCT205899,CUST103647,savings,active,2023-05-06,
ACCT205900,CUST103647,checking,active,2023-01-09,
ACCT205901,CUST103648,checking,active,2024-08-11,
ACCT205902,CUST103648,credit,active,2023-12-13,
ACCT205903,CUST103649,savings,active,2023-10-25,
ACCT205904,CUST103649,savings,active,2023-03-28,
ACCT205905,CUST103649,checking,active,2024-09-02,
ACCT205906,CUST103650,savings,active,2023-11-17,
ACCT205907,CUST103651,checking,active,2023-06-21,
ACCT205908,CUST103652,checking,active,2023-06-02,
ACCT205909,CUST103653,checking,active,2023-05-29,
ACCT205910,CUST103654,savings,active,2023-04-17,
ACCT205911,CUST103655,savings,active,2023-05-05,
ACCT205912,CUST103655,checking,active,2024-01-10,
ACCT205913,CUST103655,credit,active,2023-05-06,
ACCT205914,CUST103656,checking,active,2023-10-29,
ACCT205915,CUST103656,checking,active,2024-07-12,
ACCT205916,CUST103656,credit,active,2023-06-06,
ACCT205917,CUST103657,checking,active,2023-10-12,
ACCT205918,CUST103657,savings,active,2024-04-20,
ACCT205919,CUST103658,checking,active,2024-02-08,
ACCT205920,CUST103659,checking,active,2023-01-22,
ACCT205921,CUST103659,checking,active,2024-05-26,
ACCT205922,CUST103659,savings,active,2024-10-01,
ACCT205923,CUST103660,savings,active,2023-10-20,
ACCT205924,CUST103660,savings,active,2023-08-02,
ACCT205925,CUST103661,savings,active,2023-02-19,
ACCT205926,CUST103662,savings,active,2023-06-19,
ACCT205927,CUST103663,savings,active,2023-03-21,
ACCT205928,CUST103664,checking,active,2024-09-14,
ACCT205929,CUST103665,savings,frozen,2024-01-25,
ACCT205930,CUST103665,credit,active,2023-11-20,
ACCT205931,CUST103665,checking,active,2024-09-07,
ACCT205932,CUST103666,checking,active,2023-03-21,
ACCT205933,CUST103666,checking,active,2024-05-01,
ACCT205934,CUST103666,savings,active,2023-07-11,
ACCT205935,CUST103667,savings,active,2023-07-02,
ACCT205936,CUST103668,checking,active,2023-03-14,
ACCT205937,CUST103668,checking,active,2023-07-08,
ACCT205938,CUST103668,checking,frozen,2023-03-03,
ACCT205939,CUST103669,savings,active,2024-07-21,
ACCT205940,CUST103669,checking,active,2023-03-18,
ACCT205941,CUST103670,checking,active,2024-05-29,
ACCT205942,CUST103670,checking,active,2023-07-15,
ACCT205943,CUST103671,checking,active,2023-11-02,
ACCT205944,CUST103672,checking,active,2023-04-01,
ACCT205945,CUST103672,checking,active,2023-11-15,
ACCT205946,CUST103673,checking,active,2024-06-25,
ACCT205947,CUST103674,checking,active,2023-09-26,
ACCT205948,CUST103675,checking,active,2023-12-15,
ACCT205949,CUST103676,credit,active,2023-04-03,
ACCT205950,CUST103676,checking,active,2023-06-06,
ACCT205951,CUST103677,credit,active,2024-01-23,
ACCT205952,CUST103677,credit,frozen,2023-03-15,
ACCT205953,CUST103677,checking,active,2023-07-23,
ACCT205954,CUST103678,checking,active,2024-02-12,
ACCT205955,CUST103678,checking,active,2023-03-04,
ACCT205956,CUST103679,credit,active,2024-08-02,
ACCT205957,CUST103680,checking,closed,2024-02-18,2025-02-10
ACCT205958,CUST103680,savings,active,2023-03-26,
ACCT205959,CUST103680,credit,active,2024-09-05,
ACCT205960,CUST103681,checking,active,2024-09-28,
ACCT205961,CUST103682,credit,active,2023-12-07,
ACCT205962,CUST103682,savings,active,2024-07-01,
ACCT205963,CUST103683,savings,active,2024-03-13,
ACCT205964,CUST103683,credit,active,2024-09-16,
ACCT205965,CUST103684,checking,active,2024-10-17,
ACCT205966,CUST103684,credit,active,2023-07-19,
ACCT205967,CUST103685,savings,active,2023-01-08,
ACCT205968,CUST103686,savings,active,2024-03-12,
ACCT205969,CUST103686,savings,active,2023-02-27,
ACCT205970,CUST103687,checking,active,2023-12-08,
ACCT205971,CUST103688,checking,active,2023-05-07,
ACCT205972,CUST103688,checking,active,2024-09-05,
ACCT205973,CUST103689,savings,closed,2024-06-21,2025-02-01
ACCT205974,CUST103690,checking,active,2023-12-10,
ACCT205975,CUST103690,checking,active,2024-03-19,
ACCT205976,CUST103691,savings,active,2023-05-27,
ACCT205977,CUST103692,savings,active,2023-06-13,
ACCT205978,CUST103692,checking,active,2024-01-02,
ACCT205979,CUST103693,savings,active,2023-06-28,
ACCT205980,CUST103694,savings,active,2024-02-07,
ACCT205981,CUST103694,checking,active,2024-06-09,
ACCT205982,CUST103694,checking,active,2023-01-11,
ACCT205983,CUST103695,checking,active,2023-05-30,
ACCT205984,CUST103696,checking,active,2024-06-07,
ACCT205985,CUST103697,checking,active,2024-10-18,
ACCT205986,CUST103698,credit,active,2023-12-27,
ACCT205987,CUST103699,credit,active,2024-08-11,
ACCT205988,CUST103700,savings,active,2024-10-17,
ACCT205989,CUST103700,savings,active,2023-02-18,
ACCT205990,CUST103700,checking,active,2024-01-26,
ACCT205991,CUST103701,credit,active,2024-07-25,
ACCT205992,CUST103701,checking,active,2024-01-29,
ACCT205993,CUST103702,checking,active,2024-05-02,
ACCT205994,CUST103703,checking,active,2023-05-15,
ACCT205995,CUST103703,savings,active,2023-05-22,
ACCT205996,CUST103704,savings,active,2024-08-18,
ACCT205997,CUST103705,checking,active,2023-07-12,
ACCT205998,CUST103705,savings,active,2023-04-28,
ACCT205999,CUST103706,checking,active,2024-11-30,
ACCT206000,CUST103707,checking,active,2023-09-17,
ACCT206001,CUST103707,checking,active,2024-06-17,
ACCT206002,CUST103707,checking,active,2023-02-12,
ACCT206003,CUST103708,savings,active,2024-10-14,
ACCT206004,CUST103709,savings,active,2023-02-27,
ACCT206005,CUST103710,checking,active,2024-10-10,
ACCT206006,CUST103711,savings,active,2023-04-16,
ACCT206007,CUST103712,credit,active,2024-07-25,
ACCT206008,CUST103712,savings,active,2024-01-26,
ACCT206009,CUST103713,credit,frozen,2024-01-14,
ACCT206010,CUST103714,checking,active,2023-10-08,
ACCT206011,CUST103714,savings,active,2023-04-20,
ACCT206012,CUST103715,savings,active,2023-04-26,
ACCT206013,CUST103715,credit,closed,2023-01-16,2023-08-09
ACCT206014,CUST103716,savings,active,2024-03-21,
ACCT206015,CUST103716,checking,closed,2024-09-20,2024-12-19
ACCT206016,CUST103716,checking,active,2023-04-16,
ACCT206017,CUST103717,savings,active,2024-02-18,
ACCT206018,CUST103718,credit,active,2024-10-09,
ACCT206019,CUST103719,savings,active,2023-06-01,
ACCT206020,CUST103719,checking,active,2023-07-09,
ACCT206021,CUST103720,savings,active,2023-12-14,
ACCT206022,CUST103720,checking,active,2023-06-04,
ACCT206023,CUST103721,checking,active,2023-02-04,
ACCT206024,CUST103721,checking,active,2023-11-29,
ACCT206025,CUST103721,checking,active,2023-05-29,
ACCT206026,CUST103722,savings,active,2023-12-30,
ACCT206027,CUST103723,checking,active,2024-02-07,
ACCT206028,CUST103724,checking,active,2023-10-04,
ACCT206029,CUST103724,savings,active,2024-01-13,
ACCT206030,CUST103725,savings,active,2024-06-16,
ACCT206031,CUST103726,checking,active,2023-02-15,
ACCT206032,CUST103726,checking,active,2023-07-09,
ACCT206033,CUST103726,checking,active,2023-12-15,
ACCT206034,CUST103727,savings,active,2023-02-14,
ACCT206035,CUST103727,checking,active,2024-10-10,
ACCT206036,CUST103727,checking,active,2023-01-20,
ACCT206037,CUST103728,savings,active,2023-12-03,
ACCT206038,CUST103729,savings,active,2023-12-15,
ACCT206039,CUST103730,savings,active,2023-11-25,
ACCT206040,CUST103731,checking,active,2024-01-07,
ACCT206041,CUST103731,checking,active,2024-10-24,
ACCT206042,CUST103731,checking,active,2023-04-30,
ACCT206043,CUST103732,checking,active,2023-10-26,
ACCT206044,CUST103733,checking,frozen,2023-06-11,
ACCT206045,CUST103734,checking,active,2024-01-09,
ACCT206046,CUST103735,checking,frozen,2023-05-15,
ACCT206047,CUST103735,checking,active,2024-05-18,
ACCT206048,CUST103735,savings,closed,2023-05-09,2024-08-25
ACCT206049,CUST103736,checking,active,2023-07-02,
ACCT206050,CUST103736,credit,active,2023-11-17,
ACCT206051,CUST103737,credit,active,2023-03-31,
ACCT206052,CUST103737,checking,active,2023-05-20,
ACCT206053,CUST103738,checking,active,2024-01-17,
ACCT206054,CUST103738,checking,active,2023-09-19,
ACCT206055,CUST103739,checking,active,2024-07-03,
ACCT206056,CUST103740,savings,closed,2024-03-20,2024-09-30
ACCT206057,CUST103740,checking,active,2023-10-05,
ACCT206058,CUST103740,savings,active,2023-03-14,
ACCT206059,CUST103741,credit,active,2024-09-11,
ACCT206060,CUST103741,credit,active,2023-07-03,
ACCT206061,CUST103742,checking,active,2024-04-17,
ACCT206062,CUST103743,checking,active,2023-06-25,
ACCT206063,CUST103744,savings,active,2023-10-14,
ACCT206064,CUST103744,checking,active,2024-10-16,
ACCT206065,CUST103744,checking,active,2023-01-01,
ACCT206066,CUST103745,checking,active,2024-11-13,
ACCT206067,CUST103746,savings,active,2023-01-18,
ACCT206068,CUST103747,savings,active,2023-11-14,
ACCT206069,CUST103748,savings,active,2024-10-21,
ACCT206070,CUST103748,checking,active,2023-09-17,
ACCT206071,CUST103749,savings,active,2024-09-08,
ACCT206072,CUST103750,savings,active,2023-10-04,
ACCT206073,CUST103751,checking,active,2024-11-13,
ACCT206074,CUST103752,checking,active,2024-02-21,
ACCT206075,CUST103752,savings,active,2024-04-01,
ACCT206076,CUST103753,checking,active,2023-08-10,
ACCT206077,CUST103754,credit,active,2024-06-23,
ACCT206078,CUST103755,checking,active,2023-09-25,
ACCT206079,CUST103756,checking,active,2023-05-15,
ACCT206080,CUST103757,savings,active,2023-06-07,
ACCT206081,CUST103757,checking,active,2023-11-13,
ACCT206082,CUST103757,checking,active,2024-09-21,
ACCT206083,CUST103758,checking,active,2023-11-21,
ACCT206084,CUST103758,savings,active,2023-11-23,
ACCT206085,CUST103759,credit,active,2023-11-18,
ACCT206086,CUST103760,savings,active,2024-05-19,
ACCT206087,CUST103761,checking,active,2023-02-10,
ACCT206088,CUST103762,checking,active,2024-04-02,
ACCT206089,CUST103762,checking,active,2024-06-22,
ACCT206090,CUST103763,savings,active,2024-03-15,
ACCT206091,CUST103764,credit,active,2023-05-22,
ACCT206092,CUST103764,checking,active,2023-09-23,
ACCT206093,CUST103765,checking,active,2023-06-28,
ACCT206094,CUST103765,checking,active,2024-04-18,
ACCT206095,CUST103766,checking,active,2024-11-19,
ACCT206096,CUST103767,credit,active,2024-02-03,
ACCT206097,CUST103768,savings,active,2023-08-17,
ACCT206098,CUST103768,savings,active,2023-04-01,
ACCT206099,CUST103769,savings,active,2024-05-15,
ACCT206100,CUST103769,savings,active,2023-10-28,
ACCT206101,CUST103770,checking,active,2023-01-31,
ACCT206102,CUST103770,checking,active,2024-04-01,
ACCT206103,CUST103771,checking,active,2023-11-23,
ACCT206104,CUST103772,savings,active,2024-08-31,
ACCT206105,CUST103773,checking,active,2024-11-23,
ACCT206106,CUST103774,checking,active,2023-03-21,
ACCT206107,CUST103774,checking,active,2023-10-02,
ACCT206108,CUST103774,savings,active,2024-08-15,
ACCT206109,CUST103775,credit,active,2024-08-10,
ACCT206110,CUST103776,checking,active,2024-05-30,
ACCT206111,CUST103776,checking,active,2023-06-26,
ACCT206112,CUST103776,checking,active,2023-08-11,
ACCT206113,CUST103777,checking,active,2023-11-24,
ACCT206114,CUST103778,savings,active,2023-11-01,
ACCT206115,CUST103779,credit,active,2023-12-27,
ACCT206116,CUST103779,credit,active,2024-05-14,
ACCT206117,CUST103780,checking,active,2023-09-27,
ACCT206118,CUST103781,checking,active,2024-01-30,
ACCT206119,CUST103781,savings,active,2023-11-09,
ACCT206120,CUST103782,checking,active,2023-03-20,
ACCT206121,CUST103782,savings,active,2023-05-01,
ACCT206122,CUST103783,credit,active,2024-09-21,
ACCT206123,CUST103784,checking,active,2023-08-23,
ACCT206124,CUST103784,savings,active,2023-08-29,
ACCT206125,CUST103785,checking,active,2024-11-30,
ACCT206126,CUST103786,savings,active,2024-03-02,
ACCT206127,CUST103787,savings,active,2023-10-31,
ACCT206128,CUST103788,savings,active,2023-05-07,
ACCT206129,CUST103788,checking,active,2024-09-04,
ACCT206130,CUST103789,checking,active,2024-02-01,
ACCT206131,CUST103790,savings,active,2023-01-18,
ACCT206132,CUST103790,savings,active,2023-09-15,
ACCT206133,CUST103791,checking,active,2024-01-27,
ACCT206134,CUST103791,checking,active,2024-11-09,
ACCT206135,CUST103792,credit,active,2024-04-26,
ACCT206136,CUST103793,savings,active,2023-09-07,
ACCT206137,CUST103793,checking,active,2023-11-15,
ACCT206138,CUST103794,checking,active,2023-05-19,
ACCT206139,CUST103795,credit,active,2024-04-17,
ACCT206140,CUST103795,checking,active,2023-12-26,
ACCT206141,CUST103795,checking,active,2024-10-23,
ACCT206142,CUST103796,credit,frozen,2024-08-03,
ACCT206143,CUST103796,checking,active,2024-01-09,
ACCT206144,CUST103797,checking,frozen,2024-10-31,
ACCT206145,CUST103797,savings,active,2024-02-28,
ACCT206146,CUST103798,checking,active,2023-01-04,
ACCT206147,CUST103799,checking,active,2023-07-27,
ACCT206148,CUST103800,savings,active,2024-11-20,
ACCT206149,CUST103801,checking,active,2023-04-09,
ACCT206150,CUST103801,checking,active,2024-08-23,
ACCT206151,CUST103801,checking,active,2024-07-22,
ACCT206152,CUST103802,checking,active,2024-06-19,
ACCT206153,CUST103802,checking,active,2023-08-19,
ACCT206154,CUST103803,checking,active,2024-01-26,
ACCT206155,CUST103804,checking,frozen,2023-08-31,
ACCT206156,CUST103804,checking,active,2024-05-16,
ACCT206157,CUST103805,credit,frozen,2024-08-15,
ACCT206158,CUST103805,savings,frozen,2023-09-04,
ACCT206159,CUST103806,checking,active,2024-06-11,
ACCT206160,CUST103807,savings,active,2024-02-22,
ACCT206161,CUST103808,checking,active,2023-09-15,
ACCT206162,CUST103808,savings,active,2024-01-13,
ACCT206163,CUST103808,checking,active,2023-02-21,
ACCT206164,CUST103809,checking,closed,2024-08-05,2025-07-24
ACCT206165,CUST103809,checking,closed,2024-08-06,2025-04-23
ACCT206166,CUST103809,checking,active,2024-09-08,
ACCT206167,CUST103810,credit,active,2024-07-03,
ACCT206168,CUST103811,checking,active,2024-06-22,
ACCT206169,CUST103812,checking,active,2023-12-26,
ACCT206170,CUST103812,credit,active,2024-05-14,
ACCT206171,CUST103813,checking,active,2023-06-18,
ACCT206172,CUST103814,savings,active,2024-01-11,
ACCT206173,CUST103814,checking,active,2023-08-01,
ACCT206174,CUST103815,savings,active,2023-04-24,
ACCT206175,CUST103816,savings,frozen,2023-04-14,
ACCT206176,CUST103817,checking,active,2023-07-24,
ACCT206177,CUST103818,checking,active,2023-10-21,
ACCT206178,CUST103819,checking,active,2023-12-06,
ACCT206179,CUST103820,savings,active,2023-04-30,
ACCT206180,CUST103820,checking,active,2023-02-01,
ACCT206181,CUST103821,savings,active,2023-02-17,
ACCT206182,CUST103822,checking,active,2023-01-03,
ACCT206183,CUST103822,savings,active,2024-11-23,
ACCT206184,CUST103822,savings,active,2023-10-16,
ACCT206185,CUST103823,savings,active,2023-02-21,
ACCT206186,CUST103824,savings,active,2024-04-21,
ACCT206187,CUST103824,checking,active,2024-05-09,
ACCT206188,CUST103825,checking,active,2023-06-06,
ACCT206189,CUST103825,credit,active,2023-11-05,
ACCT206190,CUST103826,credit,active,2024-04-27,
ACCT206191,CUST103826,checking,active,2023-07-12,
ACCT206192,CUST103827,savings,active,2023-12-01,
ACCT206193,CUST103828,checking,active,2023-09-08,
ACCT206194,CUST103828,savings,active,2024-05-05,
ACCT206195,CUST103828,savings,active,2023-01-09,
ACCT206196,CUST103829,savings,active,2024-08-23,
ACCT206197,CUST103830,checking,active,2023-08-28,
ACCT206198,CUST103831,checking,active,2023-09-10,
ACCT206199,CUST103832,savings,active,2023-01-16,
ACCT206200,CUST103833,credit,active,2024-08-30,
ACCT206201,CUST103834,checking,active,2023-02-27,
ACCT206202,CUST103834,savings,active,2024-06-04,
ACCT206203,CUST103834,checking,active,2024-09-19,
ACCT206204,CUST103835,checking,active,2024-08-23,
ACCT206205,CUST103836,checking,active,2023-06-03,
ACCT206206,CUST103837,credit,active,2023-01-31,
ACCT206207,CUST103837,checking,active,2024-08-18,
ACCT206208,CUST103838,checking,active,2023-05-04,
ACCT206209,CUST103839,savings,active,2024-06-07,
ACCT206210,CUST103839,savings,active,2023-08-01,
ACCT206211,CUST103840,checking,active,2023-06-30,
ACCT206212,CUST103841,checking,active,2024-03-07,
ACCT206213,CUST103842,checking,active,2023-01-14,
ACCT206214,CUST103842,checking,active,2023-12-21,
ACCT206215,CUST103842,savings,active,2024-02-26,
ACCT206216,CUST103843,checking,closed,2024-03-25,2024-07-31
ACCT206217,CUST103844,credit,active,2023-04-14,
ACCT206218,CUST103844,savings,active,2024-10-18,
ACCT206219,CUST103844,credit,active,2024-02-25,
ACCT206220,CUST103845,savings,active,2023-03-01,
ACCT206221,CUST103846,checking,active,2024-09-29,
ACCT206222,CUST103847,checking,active,2024-04-08,
ACCT206223,CUST103848,savings,active,2024-06-29,
ACCT206224,CUST103849,checking,active,2024-03-05,
ACCT206225,CUST103850,checking,active,2024-10-12,
ACCT206226,CUST103851,checking,active,2024-09-07,
ACCT206227,CUST103851,savings,active,2023-08-09,
ACCT206228,CUST103851,credit,active,2024-11-22,
ACCT206229,CUST103852,checking,active,2023-08-16,
ACCT206230,CUST103852,checking,closed,2024-05-29,2025-01-22
ACCT206231,CUST103853,savings,active,2024-03-07,
ACCT206232,CUST103854,checking,active,2024-05-03,
ACCT206233,CUST103854,checking,active,2023-11-18,
ACCT206234,CUST103854,checking,active,2023-11-18,
ACCT206235,CUST103855,checking,active,2023-05-14,
ACCT206236,CUST103856,checking,active,2023-02-21,
ACCT206237,CUST103857,credit,active,2023-12-10,
ACCT206238,CUST103858,checking,active,2024-05-07,
ACCT206239,CUST103858,savings,active,2024-01-31,
ACCT206240,CUST103858,savings,active,2023-02-28,
ACCT206241,CUST103859,savings,active,2023-02-20,
ACCT206242,CUST103859,savings,active,2024-11-19,
ACCT206243,CUST103860,checking,active,2024-07-26,
ACCT206244,CUST103860,savings,active,2023-06-01,
ACCT206245,CUST103861,savings,active,2023-11-16,
ACCT206246,CUST103862,credit,active,2024-01-05,
ACCT206247,CUST103862,checking,active,2023-08-06,
ACCT206248,CUST103862,savings,active,2023-11-25,
ACCT206249,CUST103863,checking,active,2023-04-27,
ACCT206250,CUST103863,checking,active,2024-07-13,
ACCT206251,CUST103864,checking,active,2023-10-24,
ACCT206252,CUST103864,savings,active,2023-11-25,
ACCT206253,CUST103865,checking,active,2023-06-23,
ACCT206254,CUST103865,checking,active,2023-02-12,
ACCT206255,CUST103866,checking,active,2024-10-04,
ACCT206256,CUST103866,checking,active,2023-07-01,
ACCT206257,CUST103867,checking,active,2024-10-28,
ACCT206258,CUST103867,savings,active,2024-07-27,
ACCT206259,CUST103867,checking,active,2023-11-22,
ACCT206260,CUST103868,checking,active,2023-05-18,
ACCT206261,CUST103869,checking,active,2023-07-06,
ACCT206262,CUST103870,checking,active,2023-06-07,
ACCT206263,CUST103870,checking,active,2024-11-09,
ACCT206264,CUST103871,savings,active,2023-01-24,
ACCT206265,CUST103872,checking,active,2023-02-20,
ACCT206266,CUST103872,checking,active,2023-12-10,
ACCT206267,CUST103872,savings,active,2024-07-26,
ACCT206268,CUST103873,checking,active,2023-04-13,
ACCT206269,CUST103874,credit,active,2024-10-17,
ACCT206270,CUST103875,checking,active,2024-06-17,
ACCT206271,CUST103876,savings,active,2024-10-23,
ACCT206272,CUST103877,savings,active,2023-04-20,
ACCT206273,CUST103877,savings,active,2023-11-10,
ACCT206274,CUST103878,checking,active,2024-03-14,
ACCT206275,CUST103878,credit,active,2024-08-29,
ACCT206276,CUST103878,savings,active,2023-12-18,
ACCT206277,CUST103879,credit,active,2023-04-25,
ACCT206278,CUST103879,checking,active,2024-09-06,
ACCT206279,CUST103880,checking,active,2023-08-07,
ACCT206280,CUST103881,savings,active,2023-03-05,
ACCT206281,CUST103881,checking,active,2024-09-06,
ACCT206282,CUST103882,savings,active,2023-11-06,
ACCT206283,CUST103882,checking,active,2024-10-11,
ACCT206284,CUST103883,savings,active,2023-12-26,
ACCT206285,CUST103883,savings,active,2023-05-27,
ACCT206286,CUST103884,credit,active,2023-03-01,
ACCT206287,CUST103885,savings,active,2023-07-27,
ACCT206288,CUST103885,checking,active,2023-12-15,
ACCT206289,CUST103886,checking,active,2024-06-28,
ACCT206290,CUST103887,credit,active,2024-06-16,
ACCT206291,CUST103888,checking,active,2024-10-14,
ACCT206292,CUST103888,savings,active,2023-12-11,
ACCT206293,CUST103889,credit,active,2024-05-15,
ACCT206294,CUST103889,checking,active,2024-07-18,
ACCT206295,CUST103889,checking,active,2024-03-03,
ACCT206296,CUST103890,checking,active,2023-12-02,
ACCT206297,CUST103891,checking,active,2023-01-25,
ACCT206298,CUST103892,checking,active,2023-05-18,
ACCT206299,CUST103892,checking,active,2023-07-09,
ACCT206300,CUST103893,savings,active,2024-06-28,
ACCT206301,CUST103894,checking,active,2024-02-04,
ACCT206302,CUST103894,checking,active,2023-01-15,
ACCT206303,CUST103894,checking,frozen,2024-09-13,
ACCT206304,CUST103895,savings,active,2023-11-19,
ACCT206305,CUST103895,checking,active,2023-07-25,
ACCT206306,CUST103896,savings,active,2023-04-08,
ACCT206307,CUST103897,savings,active,2024-06-13,
ACCT206308,CUST103897,savings,active,2023-01-31,
ACCT206309,CUST103898,savings,active,2023-12-22,
ACCT206310,CUST103899,savings,active,2024-02-12,
ACCT206311,CUST103899,checking,frozen,2023-04-26,
ACCT206312,CUST103900,credit,active,2024-02-01,
ACCT206313,CUST103901,savings,active,2023-12-03,
ACCT206314,CUST103901,credit,active,2023-12-27,
ACCT206315,CUST103901,savings,active,2023-07-23,
ACCT206316,CUST103902,checking,active,2023-11-30,
ACCT206317,CUST103903,checking,active,2024-06-26,
ACCT206318,CUST103903,checking,frozen,2023-02-05,
ACCT206319,CUST103903,checking,active,2023-07-21,
ACCT206320,CUST103904,checking,active,2024-01-25,
ACCT206321,CUST103905,credit,active,2023-06-09,
ACCT206322,CUST103905,savings,active,2023-05-29,
ACCT206323,CUST103906,checking,active,2024-05-15,
ACCT206324,CUST103907,checking,active,2024-04-09,
ACCT206325,CUST103907,savings,active,2024-01-26,
ACCT206326,CUST103907,checking,active,2023-04-14,
ACCT206327,CUST103908,checking,active,2023-12-18,
ACCT206328,CUST103909,savings,active,2024-01-25,
ACCT206329,CUST103909,savings,active,2024-01-26,
ACCT206330,CUST103910,checking,active,2023-01-11,
ACCT206331,CUST103910,savings,active,2023-12-30,
ACCT206332,CUST103910,checking,active,2024-08-13,
ACCT206333,CUST103911,credit,active,2023-11-10,
ACCT206334,CUST103912,credit,active,2023-05-15,
ACCT206335,CUST103913,checking,active,2023-01-21,
ACCT206336,CUST103913,savings,closed,2023-05-02,2024-09-07
ACCT206337,CUST103913,checking,active,2023-07-19,
ACCT206338,CUST103914,savings,active,2024-01-30,
ACCT206339,CUST103915,checking,active,2023-11-16,
ACCT206340,CUST103916,checking,active,2023-10-12,
ACCT206341,CUST103916,checking,active,2023-11-05,
ACCT206342,CUST103916,savings,active,2023-04-23,
ACCT206343,CUST103917,checking,active,2023-09-15,
ACCT206344,CUST103917,checking,active,2024-06-16,
ACCT206345,CUST103918,credit,active,2024-01-02,
ACCT206346,CUST103919,checking,frozen,2023-10-02,
ACCT206347,CUST103920,credit,active,2024-10-27,
ACCT206348,CUST103920,savings,active,2023-09-17,
ACCT206349,CUST103921,savings,active,2024-11-20,
ACCT206350,CUST103922,checking,active,2023-07-10,
ACCT206351,CUST103923,checking,active,2023-05-06,
ACCT206352,CUST103923,savings,frozen,2023-05-10,
ACCT206353,CUST103924,savings,active,2024-09-10,
ACCT206354,CUST103925,checking,active,2023-04-18,
ACCT206355,CUST103926,savings,frozen,2023-01-29,
ACCT206356,CUST103927,checking,active,2023-05-22,
ACCT206357,CUST103927,checking,active,2024-03-23,
ACCT206358,CUST103928,savings,active,2024-10-16,
ACCT206359,CUST103929,checking,active,2024-08-09,
ACCT206360,CUST103929,checking,active,2024-05-22,
ACCT206361,CUST103930,savings,active,2024-01-08,
ACCT206362,CUST103930,checking,active,2024-05-01,
ACCT206363,CUST103930,checking,active,2023-08-20,
ACCT206364,CUST103931,checking,active,2023-10-04,
ACCT206365,CUST103932,checking,active,2024-04-15,
ACCT206366,CUST103933,checking,active,2023-08-23,
ACCT206367,CUST103933,checking,active,2023-11-22,
ACCT206368,CUST103934,credit,active,2023-04-16,
ACCT206369,CUST103934,savings,active,2024-09-02,
ACCT206370,CUST103935,checking,active,2024-03-06,
ACCT206371,CUST103936,checking,active,2024-07-11,
ACCT206372,CUST103936,credit,active,2023-02-01,
ACCT206373,CUST103936,credit,active,2024-02-01,
ACCT206374,CUST103937,checking,active,2024-01-10,
ACCT206375,CUST103938,savings,active,2023-02-22,
ACCT206376,CUST103939,checking,active,2024-08-07,
ACCT206377,CUST103940,credit,active,2024-04-18,
ACCT206378,CUST103940,checking,active,2023-01-11,
ACCT206379,CUST103941,credit,active,2024-03-22,
ACCT206380,CUST103942,checking,active,2023-04-21,
ACCT206381,CUST103943,checking,active,2023-09-03,
ACCT206382,CUST103943,savings,frozen,2023-01-27,
ACCT206383,CUST103943,checking,active,2023-05-21,
ACCT206384,CUST103944,savings,active,2024-10-12,
ACCT206385,CUST103944,checking,active,2023-04-20,
ACCT206386,CUST103945,savings,closed,2023-05-02,2023-08-12
ACCT206387,CUST103946,savings,active,2024-07-31,
ACCT206388,CUST103946,checking,active,2023-12-21,
ACCT206389,CUST103947,checking,active,2024-10-26,
ACCT206390,CUST103948,savings,active,2023-01-18,
ACCT206391,CUST103948,checking,active,2024-03-19,
ACCT206392,CUST103949,checking,active,2024-01-10,
ACCT206393,CUST103950,checking,active,2024-07-25,
ACCT206394,CUST103950,checking,active,2023-08-23,
ACCT206395,CUST103950,checking,active,2023-03-12,
ACCT206396,CUST103951,checking,active,2023-07-01,
ACCT206397,CUST103952,checking,active,2024-11-19,
ACCT206398,CUST103953,credit,active,2023-10-22,
ACCT206399,CUST103954,savings,active,2024-02-11,
ACCT206400,CUST103954,checking,active,2024-02-17,
ACCT206401,CUST103954,savings,active,2024-05-20,
ACCT206402,CUST103955,savings,active,2023-07-02,
ACCT206403,CUST103955,credit,active,2024-08-06,
ACCT206404,CUST103955,checking,active,2023-02-16,
ACCT206405,CUST103956,savings,closed,2023-01-29,2023-08-11
ACCT206406,CUST103957,savings,active,2023-08-19,
ACCT206407,CUST103958,checking,active,2024-02-07,
ACCT206408,CUST103958,savings,closed,2024-02-11,2024-10-14
ACCT206409,CUST103958,savings,active,2023-08-18,
ACCT206410,CUST103959,checking,active,2023-08-20,
ACCT206411,CUST103960,checking,active,2024-10-08,
ACCT206412,CUST103961,checking,active,2024-02-19,
ACCT206413,CUST103961,savings,active,2023-02-02,
ACCT206414,CUST103962,checking,active,2024-06-03,
ACCT206415,CUST103962,savings,active,2024-10-19,
ACCT206416,CUST103963,checking,active,2024-07-27,
ACCT206417,CUST103964,savings,active,2024-03-01,
ACCT206418,CUST103964,credit,active,2024-05-12,
ACCT206419,CUST103965,checking,active,2024-05-08,
ACCT206420,CUST103965,credit,active,2023-11-17,
ACCT206421,CUST103966,checking,active,2024-08-10,
ACCT206422,CUST103966,checking,active,2023-06-13,
ACCT206423,CUST103966,checking,active,2024-01-19,
ACCT206424,CUST103967,checking,closed,2023-09-15,2024-06-09
ACCT206425,CUST103968,checking,active,2023-11-20,
ACCT206426,CUST103968,checking,active,2023-12-18,
ACCT206427,CUST103969,checking,active,2024-09-24,
ACCT206428,CUST103969,savings,active,2024-10-23,
ACCT206429,CUST103970,checking,active,2024-08-08,
ACCT206430,CUST103971,checking,active,2023-08-15,
ACCT206431,CUST103971,checking,active,2024-04-08,
ACCT206432,CUST103972,savings,active,2023-11-26,
ACCT206433,CUST103973,checking,active,2023-06-27,
ACCT206434,CUST103974,savings,active,2023-07-20,
ACCT206435,CUST103975,credit,active,2024-06-29,
ACCT206436,CUST103975,savings,active,2024-05-24,
ACCT206437,CUST103975,checking,active,2024-09-16,
ACCT206438,CUST103976,checking,active,2023-12-24,
ACCT206439,CUST103976,savings,closed,2023-01-13,2023-07-20
ACCT206440,CUST103976,savings,active,2024-06-18,
ACCT206441,CUST103977,checking,active,2024-03-16,
ACCT206442,CUST103978,savings,active,2024-03-21,
ACCT206443,CUST103978,checking,active,2024-04-13,
ACCT206444,CUST103978,checking,active,2023-10-29,
ACCT206445,CUST103979,checking,active,2024-10-09,
ACCT206446,CUST103980,checking,active,2023-06-21,
ACCT206447,CUST103981,savings,active,2023-06-30,
ACCT206448,CUST103981,credit,active,2023-10-31,
ACCT206449,CUST103982,credit,active,2024-08-21,
ACCT206450,CUST103983,savings,active,2023-07-05,
ACCT206451,CUST103983,checking,active,2024-09-16,
ACCT206452,CUST103984,checking,active,2023-04-19,
ACCT206453,CUST103985,savings,active,2023-01-31,
ACCT206454,CUST103985,savings,active,2023-03-17,
ACCT206455,CUST103986,credit,active,2024-03-01,
ACCT206456,CUST103986,savings,active,2023-11-13,
ACCT206457,CUST103986,checking,active,2023-12-12,
ACCT206458,CUST103987,credit,active,2023-10-19,
ACCT206459,CUST103988,savings,active,2024-07-02,
ACCT206460,CUST103989,checking,active,2024-06-17,
ACCT206461,CUST103990,checking,active,2023-08-20,
ACCT206462,CUST103991,checking,active,2023-10-05,
ACCT206463,CUST103991,credit,active,2023-07-29,
ACCT206464,CUST103991,checking,active,2024-01-19,
ACCT206465,CUST103992,savings,active,2023-04-11,
ACCT206466,CUST103993,checking,active,2024-03-05,
ACCT206467,CUST103993,credit,active,2024-05-08,
ACCT206468,CUST103994,savings,active,2024-02-18,
ACCT206469,CUST103994,checking,active,2023-10-13,
ACCT206470,CUST103994,credit,active,2024-06-18,
ACCT206471,CUST103995,savings,active,2024-04-11,
ACCT206472,CUST103995,checking,active,2023-06-28,
ACCT206473,CUST103995,checking,active,2024-02-02,
ACCT206474,CUST103996,checking,active,2024-10-01,
ACCT206475,CUST103997,credit,active,2023-05-09,
ACCT206476,CUST103997,checking,active,2023-06-15,
ACCT206477,CUST103997,savings,active,2023-11-12,
ACCT206478,CUST103998,savings,active,2024-09-27,
ACCT206479,CUST103998,savings,active,2024-10-07,
ACCT206480,CUST103999,checking,active,2023-07-25,
