customer_id,first_name,last_name,email,phone,signup_date,risk_segment
CUST100000,First0,Last0,customer0@example.com,555-1000000,2024-03-28,medium
CUST100001,First1,Last1,customer1@example.com,555-1000001,2024-05-16,low
CUST100002,First2,Last2,customer2@example.com,555-1000002,2023-07-07,medium
CUST100003,First3,Last3,customer3@example.com,555-1000003,2023-09-07,low
CUST100004,First4,Last4,customer4@example.com,555-1000004,2024-10-23,low
CUST100005,First5,Last5,customer5@example.com,555-1000005,2024-08-19,high
CUST100006,First6,Last6,customer6@example.com,555-1000006,2023-10-17,medium
CUST100007,First7,Last7,customer7@example.com,555-1000007,2023-06-18,medium
CUST100008,First8,Last8,customer8@example.com,555-1000008,2023-07-30,low
CUST100009,First9,Last9,customer9@example.com,555-1000009,2024-01-12,low
CUST100010,First10,Last10,customer10@example.com,555-1000010,2024-02-01,low
CUST100011,First11,Last11,customer11@example.com,555-1000011,2023-05-09,medium
CUST100012,First12,Last12,customer12@example.com,555-1000012,2023-02-16,low
CUST100013,First13,Last13,customer13@example.com,555-1000013,2023-12-13,medium
CUST100014,First14,Last14,customer14@example.com,555-1000014,2024-07-12,low
CUST100015,First15,Last15,customer15@example.com,555-1000015,2023-04-17,low
CUST100016,First16,Last16,customer16@example.com,555-1000016,2023-10-13,low
CUST100017,First17,Last17,customer17@example.com,555-1000017,2023-04-24,low
CUST100018,First18,Last18,customer18@example.com,555-1000018,2023-06-19,medium
CUST100019,First19,Last19,customer19@example.com,555-1000019,2024-03-04,low
CUST100020,First20,Last20,customer20@example.com,555-1000020,2023-07-20,medium
CUST100021,First21,Last21,customer21@example.com,555-1000021,2023-07-04,low
CUST100022,First22,Last22,customer22@example.com,555-1000022,2024-11-27,high
CUST100023,First23,Last23,customer23@example.com,555-1000023,2023-05-01,medium
CUST100024,First24,Last24,customer24@example.com,555-1000024,2023-05-13,medium
CUST100025,First25,Last25,customer25@example.com,555-1000025,2024-10-12,low
CUST100026,First26,Last26,customer26@example.com,555-1000026,2024-01-21,low
CUST100027,First27,Last27,customer27@example.com,555-1000027,2023-01-31,low
CUST100028,First28,Last28,customer28@example.com,555-1000028,2023-10-25,low
CUST100029,First29,Last29,customer29@example.com,555-1000029,2024-01-31,low
CUST100030,First30,Last30,customer30@example.com,555-1000030,2023-06-27,medium
CUST100031,First31,Last31,customer31@example.com,555-1000031,2024-01-19,high
CUST100032,First32,Last32,customer32@example.com,555-1000032,2024-03-29,low
CUST100033,First33,Last33,customer33@example.com,555-1000033,2023-06-25,low
CUST100034,First34,Last34,customer34@example.com,555-1000034,2024-07-22,low
CUST100035,First35,Last35,customer35@example.com,555-1000035,2023-11-13,low
CUST100036,First36,Last36,customer36@example.com,555-1000036,2024-11-05,low
CUST100037,First37,Last37,customer37@example.com,555-1000037,2023-03-03,low
CUST100038,First38,Last38,customer38@example.com,555-1000038,2023-08-15,low
CUST100039,First39,Last39,customer39@example.com,555-1000039,2024-05-19,low
CUST100040,First40,Last40,customer40@example.com,555-1000040,2024-09-18,low
CUST100041,First41,Last41,customer41@example.com,555-1000041,2023-06-05,medium
CUST100042,First42,Last42,customer42@example.com,555-1000042,2024-11-17,medium
CUST100043,First43,Last43,customer43@example.com,555-1000043,2023-05-16,low
CUST100044,First44,Last44,customer44@example.com,555-1000044,2023-10-19,medium
CUST100045,First45,Last45,customer45@example.com,555-1000045,2023-08-09,medium
CUST100046,First46,Last46,customer46@example.com,555-1000046,2023-10-25,low
CUST100047,First47,Last47,customer47@example.com,555-1000047,2024-09-23,low
CUST100048,First48,Last48,customer48@example.com,555-1000048,2024-05-27,low
CUST100049,First49,Last49,customer49@example.com,555-1000049,2024-07-11,low
CUST100050,First50,Last50,customer50@example.com,555-1000050,2023-06-27,low
CUST100051,First51,Last51,customer51@example.com,555-1000051,2024-10-24,low
CUST100052,First52,Last52,customer52@example.com,555-1000052,2023-11-01,medium
CUST100053,First53,Last53,customer53@example.com,555-1000053,2024-04-01,low
CUST100054,First54,Last54,customer54@example.com,555-1000054,2024-05-03,medium
CUST100055,First55,Last55,customer55@example.com,555-1000055,2024-04-09,medium
CUST100056,First56,Last56,customer56@example.com,555-1000056,2024-02-26,low
CUST100057,First57,Last57,customer57@example.com,555-1000057,2023-12-03,low
CUST100058,First58,Last58,customer58@example.com,555-1000058,2024-03-29,low
CUST100059,First59,Last59,customer59@example.com,555-1000059,2024-09-25,low
CUST100060,First60,Last60,customer60@example.com,555-1000060,2023-09-30,low
CUST100061,First61,Last61,customer61@example.com,555-1000061,2023-12-24,low
CUST100062,First62,Last62,customer62@example.com,555-1000062,2023-05-07,low
CUST100063,First63,Last63,customer63@example.com,555-1000063,2023-09-06,medium
CUST100064,First64,Last64,customer64@example.com,555-1000064,2024-06-24,low
CUST100065,First65,Last65,customer65@example.com,555-1000065,2024-03-24,low
CUST100066,First66,Last66,customer66@example.com,555-1000066,2023-05-28,low
CUST100067,First67,Last67,customer67@example.com,555-1000067,2024-01-18,low
CUST100068,First68,Last68,customer68@example.com,555-1000068,2024-07-22,low
CUST100069,First69,Last69,customer69@example.com,555-1000069,2023-03-28,low
CUST100070,First70,Last70,customer70@example.com,555-1000070,2023-02-13,low
CUST100071,First71,Last71,customer71@example.com,555-1000071,2023-10-02,low
CUST100072,First72,Last72,customer72@example.com,555-1000072,2024-04-04,medium
CUST100073,First73,Last73,customer73@example.com,555-1000073,2023-08-08,low
CUST100074,First74,Last74,customer74@example.com,555-1000074,2024-07-28,low
CUST100075,First75,Last75,customer75@example.com,555-1000075,2024-08-15,low
CUST100076,First76,Last76,customer76@example.com,555-1000076,2024-01-08,low
CUST100077,First77,Last77,customer77@example.com,555-1000077,2023-09-23,low
CUST100078,First78,Last78,customer78@example.com,555-1000078,2023-01-30,low
CUST100079,First79,Last79,customer79@example.com,555-1000079,2024-07-29,medium
CUST100080,First80,Last80,customer80@example.com,555-1000080,2024-09-18,low
CUST100081,First81,Last81,customer81@example.com,555-1000081,2023-11-06,low
CUST100082,First82,Last82,customer82@example.com,555-1000082,2023-12-28,medium
CUST100083,First83,Last83,customer83@example.com,555-1000083,2024-06-11,low
CUST100084,First84,Last84,customer84@example.com,555-1000084,2024-05-01,low
CUST100085,First85,Last85,customer85@example.com,555-1000085,2023-04-05,low
CUST100086,First86,Last86,customer86@example.com,555-1000086,2024-04-15,medium
CUST100087,First87,Last87,customer87@example.com,555-1000087,2024-10-09,low
CUST100088,First88,Last88,customer88@example.com,555-1000088,2024-06-09,low
CUST100089,First89,Last89,customer89@example.com,555-1000089,2023-12-03,low
CUST100090,First90,Last90,customer90@example.com,555-1000090,2024-01-02,low
CUST100091,First91,Last91,customer91@example.com,555-1000091,2023-07-01,low
CUST100092,First92,Last92,customer92@example.com,555-1000092,2024-04-07,low
CUST100093,First93,Last93,customer93@example.com,555-1000093,2023-06-19,low
CUST100094,First94,Last94,customer94@example.com,555-1000094,2023-08-28,low
CUST100095,First95,Last95,customer95@example.com,555-1000095,2023-07-05,low
CUST100096,First96,Last96,customer96@example.com,555-1000096,2023-08-23,low
CUST100097,First97,Last97,customer97@example.com,555-1000097,2023-09-14,low
CUST100098,First98,Last98,customer98@example.com,555-1000098,2023-02-28,low
CUST100099,First99,Last99,customer99@example.com,555-1000099,2024-05-17,high
CUST100100,First100,Last100,customer100@example.com,555-1000100,2023-11-05,medium
CUST100101,First101,Last101,customer101@example.com,555-1000101,2024-10-26,low
CUST100102,First102,Last102,customer102@example.com,555-1000102,2023-05-07,low
CUST100103,First103,Last103,customer103@example.com,555-1000103,2024-04-13,high
CUST100104,First104,Last104,customer104@example.com,555-1000104,2023-05-06,medium
CUST100105,First105,Last105,customer105@example.com,555-1000105,2024-01-19,medium
CUST100106,First106,Last106,customer106@example.com,555-1000106,2023-12-10,low
CUST100107,First107,Last107,customer107@example.com,555-1000107,2023-11-11,low
CUST100108,First108,Last108,customer108@example.com,555-1000108,2024-04-03,low
CUST100109,First109,Last109,customer109@example.com,555-1000109,2024-08-02,medium
CUST100110,First110,Last110,customer110@example.com,555-1000110,2023-08-10,low
CUST100111,First111,Last111,customer111@example.com,555-1000111,2024-08-17,low
CUST100112,First112,Last112,customer112@example.com,555-1000112,2023-05-10,low
CUST100113,First113,Last113,customer113@example.com,555-1000113,2023-07-25,low
CUST100114,First114,Last114,customer114@example.com,555-1000114,2023-08-06,low
CUST100115,First115,Last115,customer115@example.com,555-1000115,2024-10-29,medium
CUST100116,First116,Last116,customer116@example.com,555-1000116,2023-03-25,medium
CUST100117,First117,Last117,customer117@example.com,555-1000117,2023-10-04,medium
CUST100118,First118,Last118,customer118@example.com,555-1000118,2023-10-25,low
CUST100119,First119,Last119,customer119@example.com,555-1000119,2024-07-14,low
CUST100120,First120,Last120,customer120@example.com,555-1000120,2023-12-07,low
CUST100121,First121,Last121,customer121@example.com,555-1000121,2024-11-07,low
CUST100122,First122,Last122,customer122@example.com,555-1000122,2024-06-02,low
CUST100123,First123,Last123,customer123@example.com,555-1000123,2024-05-07,low
CUST100124,First124,Last124,customer124@example.com,555-1000124,2024-06-11,low
CUST100125,First125,Last125,customer125@example.com,555-1000125,2023-04-24,low
CUST100126,First126,Last126,customer126@example.com,555-1000126,2023-11-11,low
CUST100127,First127,Last127,customer127@example.com,555-1000127,2024-02-15,low
CUST100128,First128,Last128,customer128@example.com,555-1000128,2023-05-26,low
CUST100129,First129,Last129,customer129@example.com,555-1000129,2023-03-25,low
CUST100130,First130,Last130,customer130@example.com,555-1000130,2023-04-06,low
CUST100131,First131,Last131,customer131@example.com,555-1000131,2024-07-06,medium
CUST100132,First132,Last132,customer132@example.com,555-1000132,2024-04-04,low
CUST100133,First133,Last133,customer133@example.com,555-1000133,2023-07-16,low
CUST100134,First134,Last134,customer134@example.com,555-1000134,2024-05-31,low
CUST100135,First135,Last135,customer135@example.com,555-1000135,2024-05-01,low
CUST100136,First136,Last136,customer136@example.com,555-1000136,2024-07-25,high
CUST100137,First137,Last137,customer137@example.com,555-1000137,2024-09-29,low
CUST100138,First138,Last138,customer138@example.com,555-1000138,2024-09-09,medium
CUST100139,First139,Last139,customer139@example.com,555-1000139,2023-05-07,low
CUST100140,First140,Last140,customer140@example.com,555-1000140,2024-06-22,low
CUST100141,First141,Last141,customer141@example.com,555-1000141,2023-10-03,low
CUST100142,First142,Last142,customer142@example.com,555-1000142,2023-10-10,medium
CUST100143,First143,Last143,customer143@example.com,555-1000143,2024-03-28,low
CUST100144,First144,Last144,customer144@example.com,555-1000144,2024-02-26,low
CUST100145,First145,Last145,customer145@example.com,555-1000145,2023-10-21,low
CUST100146,First146,Last146,customer146@example.com,555-1000146,2024-11-30,low
CUST100147,First147,Last147,customer147@example.com,555-1000147,2023-05-03,low
CUST100148,First148,Last148,customer148@example.com,555-1000148,2023-03-09,low
CUST100149,First149,Last149,customer149@example.com,555-1000149,2023-01-21,low
CUST100150,First150,Last150,customer150@example.com,555-1000150,2024-07-23,medium
CUST100151,First151,Last151,customer151@example.com,555-1000151,2023-10-12,medium
CUST100152,First152,Last152,customer152@example.com,555-1000152,2023-11-03,low
CUST100153,First153,Last153,customer153@example.com,555-1000153,2024-03-30,low
CUST100154,First154,Last154,customer154@example.com,555-1000154,2023-11-01,low
CUST100155,First155,Last155,customer155@example.com,555-1000155,2024-02-06,low
CUST100156,First156,Last156,customer156@example.com,555-1000156,2023-02-10,low
CUST100157,First157,Last157,customer157@example.com,555-1000157,2023-04-20,low
CUST100158,First158,Last158,customer158@example.com,555-1000158,2024-10-14,medium
CUST100159,First159,Last159,customer159@example.com,555-1000159,2023-11-12,medium
CUST100160,First160,Last160,customer160@example.com,555-1000160,2023-04-28,low
CUST100161,First161,Last161,customer161@example.com,555-1000161,2023-09-16,medium
CUST100162,First162,Last162,customer162@example.com,555-1000162,2023-08-23,low
CUST100163,First163,Last163,customer163@example.com,555-1000163,2023-07-11,low
CUST100164,First164,Last164,customer164@example.com,555-1000164,2023-07-25,low
CUST100165,First165,Last165,customer165@example.com,555-1000165,2024-05-25,low
CUST100166,First166,Last166,customer166@example.com,555-1000166,2023-03-16,medium
CUST100167,First167,Last167,customer167@example.com,555-1000167,2023-08-05,medium
CUST100168,First168,Last168,customer168@example.com,555-1000168,2023-11-24,low
CUST100169,First169,Last169,customer169@example.com,555-1000169,2024-01-14,high
CUST100170,First170,Last170,customer170@example.com,555-1000170,2024-09-08,low
CUST100171,First171,Last171,customer171@example.com,555-1000171,2024-10-08,low
CUST100172,First172,Last172,customer172@example.com,555-1000172,2023-07-28,low
CUST100173,First173,Last173,customer173@example.com,555-1000173,2024-01-13,medium
CUST100174,First174,Last174,customer174@example.com,555-1000174,2023-01-16,low
CUST100175,First175,Last175,customer175@example.com,555-1000175,2024-03-07,low
CUST100176,First176,Last176,customer176@example.com,555-1000176,2023-04-18,low
CUST100177,First177,Last177,customer177@example.com,555-1000177,2023-02-21,high
CUST100178,First178,Last178,customer178@example.com,555-1000178,2024-04-15,medium
CUST100179,First179,Last179,customer179@example.com,555-1000179,2023-05-05,medium
CUST100180,First180,Last180,customer180@example.com,555-1000180,2023-12-01,medium
CUST100181,First181,Last181,customer181@example.com,555-1000181,2023-03-12,medium
CUST100182,First182,Last182,customer182@example.com,555-1000182,2024-06-05,low
CUST100183,First183,Last183,customer183@example.com,555-1000183,2024-06-19,low
CUST100184,First184,Last184,customer184@example.com,555-1000184,2024-02-07,medium
CUST100185,First185,Last185,customer185@example.com,555-1000185,2024-08-08,low
CUST100186,First186,Last186,customer186@example.com,555-1000186,2023-11-02,low
CUST100187,First187,Last187,customer187@example.com,555-1000187,2023-05-11,low
CUST100188,First188,Last188,customer188@example.com,555-1000188,2023-04-16,medium
CUST100189,First189,Last189,customer189@example.com,555-1000189,2023-06-03,low
CUST100190,First190,Last190,customer190@example.com,555-1000190,2023-05-21,medium
CUST100191,First191,Last191,customer191@example.com,555-1000191,2023-08-15,low
CUST100192,First192,Last192,customer192@example.com,555-1000192,2023-05-31,low
CUST100193,First193,Last193,customer193@example.com,555-1000193,2024-02-18,medium
CUST100194,First194,Last194,customer194@example.com,555-1000194,2023-04-14,low
CUST100195,First195,Last195,customer195@example.com,555-1000195,2024-03-11,low
CUST100196,First196,Last196,customer196@example.com,555-1000196,2023-08-22,low
CUST100197,First197,Last197,customer197@example.com,555-1000197,2024-04-25,medium
CUST100198,First198,Last198,customer198@example.com,555-1000198,2023-12-26,low
CUST100199,First199,Last199,customer199@example.com,555-1000199,2024-09-25,low
CUST100200,First200,Last200,customer200@example.com,555-1000200,2023-11-04,medium
CUST100201,First201,Last201,customer201@example.com,555-1000201,2023-07-26,high
CUST100202,First202,Last202,customer202@example.com,555-1000202,2024-02-17,low
CUST100203,First203,Last203,customer203@example.com,555-1000203,2024-04-06,low
CUST100204,First204,Last204,customer204@example.com,555-1000204,2023-11-04,low
CUST100205,First205,Last205,customer205@example.com,555-1000205,2024-01-27,low
CUST100206,First206,Last206,customer206@example.com,555-1000206,2023-11-26,low
CUST100207,First207,Last207,customer207@example.com,555-1000207,2023-08-03,low
CUST100208,First208,Last208,customer208@example.com,555-1000208,2023-08-08,low
CUST100209,First209,Last209,customer209@example.com,555-1000209,2024-09-27,low
CUST100210,First210,Last210,customer210@example.com,555-1000210,2024-04-17,low
CUST100211,First211,Last211,customer211@example.com,555-1000211,2023-03-08,low
CUST100212,First212,Last212,customer212@example.com,555-1000212,2024-11-04,low
CUST100213,First213,Last213,customer213@example.com,555-1000213,2024-05-13,medium
CUST100214,First214,Last214,customer214@example.com,555-1000214,2023-02-05,medium
CUST100215,First215,Last215,customer215@example.com,555-1000215,2024-05-24,medium
CUST100216,First216,Last216,customer216@example.com,555-1000216,2024-02-17,low
CUST100217,First217,Last217,customer217@example.com,555-1000217,2024-10-02,low
CUST100218,First218,Last218,customer218@example.com,555-1000218,2023-12-09,medium
CUST100219,First219,Last219,customer219@example.com,555-1000219,2023-12-30,low
CUST100220,First220,Last220,customer220@example.com,555-1000220,2023-08-09,low
CUST100221,First221,Last221,customer221@example.com,555-1000221,2023-08-14,low
CUST100222,First222,Last222,customer222@example.com,555-1000222,2024-03-08,low
CUST100223,First223,Last223,customer223@example.com,555-1000223,2024-08-02,high
CUST100224,First224,Last224,customer224@example.com,555-1000224,2024-09-15,low
CUST100225,First225,Last225,customer225@example.com,555-1000225,2024-06-23,medium
CUST100226,First226,Last226,customer226@example.com,555-1000226,2024-03-02,low
CUST100227,First227,Last227,customer227@example.com,555-1000227,2023-12-17,low
CUST100228,First228,Last228,customer228@example.com,555-1000228,2023-08-26,low
CUST100229,First229,Last229,customer229@example.com,555-1000229,2024-06-21,low
CUST100230,First230,Last230,customer230@example.com,555-1000230,2023-08-11,low
CUST100231,First231,Last231,customer231@example.com,555-1000231,2023-07-07,low
CUST100232,First232,Last232,customer232@example.com,555-1000232,2024-08-30,high
CUST100233,First233,Last233,customer233@example.com,555-1000233,2024-02-17,low
CUST100234,First234,Last234,customer234@example.com,555-1000234,2023-09-05,medium
CUST100235,First235,Last235,customer235@example.com,555-1000235,2024-08-28,medium
CUST100236,First236,Last236,customer236@example.com,555-1000236,2024-11-04,low
CUST100237,First237,Last237,customer237@example.com,555-1000237,2023-08-11,medium
CUST100238,First238,Last238,customer238@example.com,555-1000238,2023-12-31,low
CUST100239,First239,Last239,customer239@example.com,555-1000239,2023-12-05,low
CUST100240,First240,Last240,customer240@example.com,555-1000240,2024-05-06,medium
CUST100241,First241,Last241,customer241@example.com,555-1000241,2024-10-27,medium
CUST100242,First242,Last242,customer242@example.com,555-1000242,2024-01-19,low
CUST100243,First243,Last243,customer243@example.com,555-1000243,2024-07-12,low
CUST100244,First244,Last244,customer244@example.com,555-1000244,2024-02-21,low
CUST100245,First245,Last245,customer245@example.com,555-1000245,2024-09-12,medium
CUST100246,First246,Last246,customer246@example.com,555-1000246,2023-10-11,low
CUST100247,First247,Last247,customer247@example.com,555-1000247,2023-09-27,low
CUST100248,First248,Last248,customer248@example.com,555-1000248,2023-10-23,low
CUST100249,First249,Last249,customer249@example.com,555-1000249,2024-11-28,low
CUST100250,First250,Last250,customer250@example.com,555-1000250,2024-03-04,low
CUST100251,First251,Last251,customer251@example.com,555-1000251,2023-04-17,medium
CUST100252,First252,Last252,customer252@example.com,555-1000252,2023-01-29,low
CUST100253,First253,Last253,customer253@example.com,555-1000253,2023-12-30,low
CUST100254,First254,Last254,customer254@example.com,555-1000254,2024-07-17,low
CUST100255,First255,Last255,customer255@example.com,555-1000255,2023-12-02,medium
CUST100256,First256,Last256,customer256@example.com,555-1000256,2024-01-28,medium
CUST100257,First257,Last257,customer257@example.com,555-1000257,2024-07-12,low
CUST100258,First258,Last258,customer258@example.com,555-1000258,2023-12-28,low
CUST100259,First259,Last259,customer259@example.com,555-1000259,2024-09-28,low
CUST100260,First260,Last260,customer260@example.com,555-1000260,2024-03-22,low
CUST100261,First261,Last261,customer261@example.com,555-1000261,2024-05-26,medium
CUST100262,First262,Last262,customer262@example.com,555-1000262,2024-07-01,low
CUST100263,First263,Last263,customer263@example.com,555-1000263,2024-03-14,low
CUST100264,First264,Last264,customer264@example.com,555-1000264,2023-02-05,medium
CUST100265,First265,Last265,customer265@example.com,555-1000265,2023-10-27,low
CUST100266,First266,Last266,customer266@example.com,555-1000266,2023-04-10,low
CUST100267,First267,Last267,customer267@example.com,555-1000267,2023-12-24,low
CUST100268,First268,Last268,customer268@example.com,555-1000268,2023-04-11,low
CUST100269,First269,Last269,customer269@example.com,555-1000269,2023-12-23,low
CUST100270,First270,Last270,customer270@example.com,555-1000270,2023-08-29,low
CUST100271,First271,Last271,customer271@example.com,555-1000271,2023-01-15,low
CUST100272,First272,Last272,customer272@example.com,555-1000272,2023-03-29,low
CUST100273,First273,Last273,customer273@example.com,555-1000273,2023-12-19,low
CUST100274,First274,Last274,customer274@example.com,555-1000274,2023-02-25,low
CUST100275,First275,Last275,customer275@example.com,555-1000275,2024-08-22,low
CUST100276,First276,Last276,customer276@example.com,555-1000276,2024-06-15,low
CUST100277,First277,Last277,customer277@example.com,555-1000277,2024-05-11,low
CUST100278,First278,Last278,customer278@example.com,555-1000278,2023-05-01,medium
CUST100279,First279,Last279,customer279@example.com,555-1000279,2024-07-10,medium
CUST100280,First280,Last280,customer280@example.com,555-1000280,2024-03-20,low
CUST100281,First281,Last281,customer281@example.com,555-1000281,2023-10-01,low
CUST100282,First282,Last282,customer282@example.com,555-1000282,2023-01-01,low
CUST100283,First283,Last283,customer283@example.com,555-1000283,2024-01-06,low
CUST100284,First284,Last284,customer284@example.com,555-1000284,2024-07-11,low
CUST100285,First285,Last285,customer285@example.com,555-1000285,2023-01-24,low
CUST100286,First286,Last286,customer286@example.com,555-1000286,2023-02-06,low
CUST100287,First287,Last287,customer287@example.com,555-1000287,2023-09-26,low
CUST100288,First288,Last288,customer288@example.com,555-1000288,2023-12-25,low
CUST100289,First289,Last289,customer289@example.com,555-1000289,2023-11-29,low
CUST100290,First290,Last290,customer290@example.com,555-1000290,2023-10-26,medium
CUST100291,First291,Last291,customer291@example.com,555-1000291,2023-06-28,low
CUST100292,First292,Last292,customer292@example.com,555-1000292,2023-02-11,medium
CUST100293,First293,Last293,customer293@example.com,555-1000293,2023-01-22,low
CUST100294,First294,Last294,customer294@example.com,555-1000294,2023-03-11,medium
CUST100295,First295,Last295,customer295@example.com,555-1000295,2024-04-28,medium
CUST100296,First296,Last296,customer296@example.com,555-1000296,2024-07-04,high
CUST100297,First297,Last297,customer297@example.com,555-1000297,2023-11-01,medium
CUST100298,First298,Last298,customer298@example.com,555-1000298,2023-02-24,medium
CUST100299,First299,Last299,customer299@example.com,555-1000299,2023-10-18,low
CUST100300,First300,Last300,customer300@example.com,555-1000300,2024-11-20,medium
CUST100301,First301,Last301,customer301@example.com,555-1000301,2023-06-24,low
CUST100302,First302,Last302,customer302@example.com,555-1000302,2023-12-10,low
CUST100303,First303,Last303,customer303@example.com,555-1000303,2024-01-12,low
CUST100304,First304,Last304,customer304@example.com,555-1000304,2023-08-19,medium
CUST100305,First305,Last305,customer305@example.com,555-1000305,2023-11-03,low
CUST100306,First306,Last306,customer306@example.com,555-1000306,2023-11-27,low
CUST100307,First307,Last307,customer307@example.com,555-1000307,2023-11-28,low
CUST100308,First308,Last308,customer308@example.com,555-1000308,2024-05-17,low
CUST100309,First309,Last309,customer309@example.com,555-1000309,2024-02-11,low
CUST100310,First310,Last310,customer310@example.com,555-1000310,2023-02-07,low
CUST100311,First311,Last311,customer311@example.com,555-1000311,2023-01-05,low
CUST100312,First312,Last312,customer312@example.com,555-1000312,2023-10-15,low
CUST100313,First313,Last313,customer313@example.com,555-1000313,2024-09-27,low
CUST100314,First314,Last314,customer314@example.com,555-1000314,2023-01-26,low
CUST100315,First315,Last315,customer315@example.com,555-1000315,2023-02-19,low
CUST100316,First316,Last316,customer316@example.com,555-1000316,2024-04-20,low
CUST100317,First317,Last317,customer317@example.com,555-1000317,2023-11-12,low
CUST100318,First318,Last318,customer318@example.com,555-1000318,2023-06-11,low
CUST100319,First319,Last319,customer319@example.com,555-1000319,2023-05-26,medium
CUST100320,First320,Last320,customer320@example.com,555-1000320,2024-04-10,medium
CUST100321,First321,Last321,customer321@example.com,555-1000321,2024-01-02,low
CUST100322,First322,Last322,customer322@example.com,555-1000322,2024-03-22,low
CUST100323,First323,Last323,customer323@example.com,555-1000323,2023-07-16,low
CUST100324,First324,Last324,customer324@example.com,555-1000324,2024-01-04,medium
CUST100325,First325,Last325,customer325@example.com,555-1000325,2024-08-25,low
CUST100326,First326,Last326,customer326@example.com,555-1000326,2023-08-10,medium
CUST100327,First327,Last327,customer327@example.com,555-1000327,2023-10-05,low
CUST100328,First328,Last328,customer328@example.com,555-1000328,2023-04-25,low
CUST100329,First329,Last329,customer329@example.com,555-1000329,2024-03-23,low
CUST100330,First330,Last330,customer330@example.com,555-1000330,2023-01-23,medium
CUST100331,First331,Last331,customer331@example.com,555-1000331,2023-06-24,low
CUST100332,First332,Last332,customer332@example.com,555-1000332,2024-05-14,low
CUST100333,First333,Last333,customer333@example.com,555-1000333,2023-01-14,medium
CUST100334,First334,Last334,customer334@example.com,555-1000334,2024-11-23,low
CUST100335,First335,Last335,customer335@example.com,555-1000335,2023-10-10,low
CUST100336,First336,Last336,customer336@example.com,555-1000336,2023-10-07,low
CUST100337,First337,Last337,customer337@example.com,555-1000337,2024-01-11,medium
CUST100338,First338,Last338,customer338@example.com,555-1000338,2024-03-23,low
CUST100339,First339,Last339,customer339@example.com,555-1000339,2023-11-18,medium
CUST100340,First340,Last340,customer340@example.com,555-1000340,2024-09-10,low
CUST100341,First341,Last341,customer341@example.com,555-1000341,2024-11-04,high
CUST100342,First342,Last342,customer342@example.com,555-1000342,2023-05-21,medium
CUST100343,First343,Last343,customer343@example.com,555-1000343,2024-05-09,low
CUST100344,First344,Last344,customer344@example.com,555-1000344,2023-07-30,medium
CUST100345,First345,Last345,customer345@example.com,555-1000345,2024-11-27,medium
CUST100346,First346,Last346,customer346@example.com,555-1000346,2023-06-27,medium
CUST100347,First347,Last347,customer347@example.com,555-1000347,2023-07-26,low
CUST100348,First348,Last348,customer348@example.com,555-1000348,2024-05-14,low
CUST100349,First349,Last349,customer349@example.com,555-1000349,2024-07-06,low
CUST100350,First350,Last350,customer350@example.com,555-1000350,2023-04-01,low
CUST100351,First351,Last351,customer351@example.com,555-1000351,2024-01-24,low
CUST100352,First352,Last352,customer352@example.com,555-1000352,2023-08-30,low
CUST100353,First353,Last353,customer353@example.com,555-1000353,2024-03-04,low
CUST100354,First354,Last354,customer354@example.com,555-1000354,2024-01-25,low
CUST100355,First355,Last355,customer355@example.com,555-1000355,2024-11-21,low
CUST100356,First356,Last356,customer356@example.com,555-1000356,2024-10-15,medium
CUST100357,First357,Last357,customer357@example.com,555-1000357,2024-04-02,medium
CUST100358,First358,Last358,customer358@example.com,555-1000358,2024-04-20,low
CUST100359,First359,Last359,customer359@example.com,555-1000359,2024-09-21,low
CUST100360,First360,Last360,customer360@example.com,555-1000360,2023-05-09,medium
CUST100361,First361,Last361,customer361@example.com,555-1000361,2024-05-23,low
CUST100362,First362,Last362,customer362@example.com,555-1000362,2024-06-24,low
CUST100363,First363,Last363,customer363@example.com,555-1000363,2023-03-31,low
CUST100364,First364,Last364,customer364@example.com,555-1000364,2024-09-08,low
CUST100365,First365,Last365,customer365@example.com,555-1000365,2024-05-04,low
CUST100366,First366,Last366,customer366@example.com,555-1000366,2023-08-31,medium
CUST100367,First367,Last367,customer367@example.com,555-1000367,2023-12-06,low
CUST100368,First368,Last368,customer368@example.com,555-1000368,2023-12-09,low
CUST100369,First369,Last369,customer369@example.com,555-1000369,2024-10-05,medium
CUST100370,First370,Last370,customer370@example.com,555-1000370,2024-11-09,medium
CUST100371,First371,Last371,customer371@example.com,555-1000371,2024-07-18,low
CUST100372,First372,Last372,customer372@example.com,555-1000372,2024-04-01,low
CUST100373,First373,Last373,customer373@example.com,555-1000373,2023-03-14,low
CUST100374,First374,Last374,customer374@example.com,555-1000374,2024-10-02,low
CUST100375,First375,Last375,customer375@example.com,555-1000375,2023-04-04,low
CUST100376,First376,Last376,customer376@example.com,555-1000376,2023-04-27,medium
CUST100377,First377,Last377,customer377@example.com,555-1000377,2023-02-18,low
CUST100378,First378,Last378,customer378@example.com,555-1000378,2024-10-25,low
CUST100379,First379,Last379,customer379@example.com,555-1000379,2023-12-12,medium
CUST100380,First380,Last380,customer380@example.com,555-1000380,2023-06-15,low
CUST100381,First381,Last381,customer381@example.com,555-1000381,2023-02-26,medium
CUST100382,First382,Last382,customer382@example.com,555-1000382,2023-10-16,medium
CUST100383,First383,Last383,customer383@example.com,555-1000383,2024-05-21,low
CUST100384,First384,Last384,customer384@example.com,555-1000384,2024-11-27,low
CUST100385,First385,Last385,customer385@example.com,555-1000385,2024-01-22,high
CUST100386,First386,Last386,customer386@example.com,555-1000386,2024-02-29,medium
CUST100387,First387,Last387,customer387@example.com,555-1000387,2024-08-08,high
CUST100388,First388,Last388,customer388@example.com,555-1000388,2024-09-23,low
CUST100389,First389,Last389,customer389@example.com,555-1000389,2023-07-15,medium
CUST100390,First390,Last390,customer390@example.com,555-1000390,2024-11-25,low
CUST100391,First391,Last391,customer391@example.com,555-1000391,2023-12-30,low
CUST100392,First392,Last392,customer392@example.com,555-1000392,2024-10-13,low
CUST100393,First393,Last393,customer393@example.com,555-1000393,2023-03-24,low
CUST100394,First394,Last394,customer394@example.com,555-1000394,2023-03-10,low
CUST100395,First395,Last395,customer395@example.com,555-1000395,2024-09-11,low
CUST100396,First396,Last396,customer396@example.com,555-1000396,2024-04-15,medium
CUST100397,First397,Last397,customer397@example.com,555-1000397,2023-05-03,low
CUST100398,First398,Last398,customer398@example.com,555-1000398,2024-09-18,low
CUST100399,First399,Last399,customer399@example.com,555-1000399,2023-03-13,low
CUST100400,First400,Last400,customer400@example.com,555-1000400,2024-04-22,low
CUST100401,First401,Last401,customer401@example.com,555-1000401,2023-05-24,medium
CUST100402,First402,Last402,customer402@example.com,555-1000402,2023-02-19,medium
CUST100403,First403,Last403,customer403@example.com,555-1000403,2024-07-18,low
CUST100404,First404,Last404,customer404@example.com,555-1000404,2024-08-16,high
CUST100405,First405,Last405,customer405@example.com,555-1000405,2023-03-16,medium
CUST100406,First406,Last406,customer406@example.com,555-1000406,2023-03-07,low
CUST100407,First407,Last407,customer407@example.com,555-1000407,2024-03-06,medium
CUST100408,First408,Last408,customer408@example.com,555-1000408,2023-01-21,low
CUST100409,First409,Last409,customer409@example.com,555-1000409,2024-06-06,high
CUST100410,First410,Last410,customer410@example.com,555-1000410,2024-10-02,low
CUST100411,First411,Last411,customer411@example.com,555-1000411,2024-06-09,low
CUST100412,First412,Last412,customer412@example.com,555-1000412,2023-06-11,low
CUST100413,First413,Last413,customer413@example.com,555-1000413,2023-05-14,medium
CUST100414,First414,Last414,customer414@example.com,555-1000414,2024-04-21,low
CUST100415,First415,Last415,customer415@example.com,555-1000415,2023-02-13,low
CUST100416,First416,Last416,customer416@example.com,555-1000416,2024-01-12,low
CUST100417,First417,Last417,customer417@example.com,555-1000417,2023-11-11,medium
CUST100418,First418,Last418,customer418@example.com,555-1000418,2024-06-05,low
CUST100419,First419,Last419,customer419@example.com,555-1000419,2023-05-22,medium
CUST100420,First420,Last420,customer420@example.com,555-1000420,2024-06-17,low
CUST100421,First421,Last421,customer421@example.com,555-1000421,2024-05-04,low
CUST100422,First422,Last422,customer422@example.com,555-1000422,2023-06-17,low
CUST100423,First423,Last423,customer423@example.com,555-1000423,2023-09-07,low
CUST100424,First424,Last424,customer424@example.com,555-1000424,2023-02-16,low
CUST100425,First425,Last425,customer425@example.com,555-1000425,2023-11-11,medium
CUST100426,First426,Last426,customer426@example.com,555-1000426,2023-07-02,low
CUST100427,First427,Last427,customer427@example.com,555-1000427,2023-03-21,medium
CUST100428,First428,Last428,customer428@example.com,555-1000428,2024-01-27,low
CUST100429,First429,Last429,customer429@example.com,555-1000429,2024-02-02,medium
CUST100430,First430,Last430,customer430@example.com,555-1000430,2023-03-02,medium
CUST100431,First431,Last431,customer431@example.com,555-1000431,2023-05-10,medium
CUST100432,First432,Last432,customer432@example.com,555-1000432,2023-02-27,low
CUST100433,First433,Last433,customer433@example.com,555-1000433,2024-04-20,medium
CUST100434,First434,Last434,customer434@example.com,555-1000434,2023-08-25,low
CUST100435,First435,Last435,customer435@example.com,555-1000435,2023-02-19,low
CUST100436,First436,Last436,customer436@example.com,555-1000436,2023-05-15,low
CUST100437,First437,Last437,customer437@example.com,555-1000437,2024-11-14,low
CUST100438,First438,Last438,customer438@example.com,555-1000438,2023-06-29,medium
CUST100439,First439,Last439,customer439@example.com,555-1000439,2024-04-24,low
CUST100440,First440,Last440,customer440@example.com,555-1000440,2023-11-24,medium
CUST100441,First441,Last441,customer441@example.com,555-1000441,2023-05-08,low
CUST100442,First442,Last442,customer442@example.com,555-1000442,2023-08-04,medium
CUST100443,First443,Last443,customer443@example.com,555-1000443,2023-01-10,low
CUST100444,First444,Last444,customer444@example.com,555-1000444,2024-06-06,low
CUST100445,First445,Last445,customer445@example.com,555-1000445,2023-08-23,medium
CUST100446,First446,Last446,customer446@example.com,555-1000446,2023-12-16,high
CUST100447,First447,Last447,customer447@example.com,555-1000447,2023-04-17,low
CUST100448,First448,Last448,customer448@example.com,555-1000448,2024-07-30,low
CUST100449,First449,Last449,customer449@example.com,555-1000449,2023-06-02,low
CUST100450,First450,Last450,customer450@example.com,555-1000450,2024-02-01,low
CUST100451,First451,Last451,customer451@example.com,555-1000451,2024-09-02,medium
CUST100452,First452,Last452,customer452@example.com,555-1000452,2024-05-14,medium
CUST100453,First453,Last453,customer453@example.com,555-1000453,2024-02-27,low
CUST100454,First454,Last454,customer454@example.com,555-1000454,2024-09-13,low
CUST100455,First455,Last455,customer455@example.com,555-1000455,2023-05-04,low
CUST100456,First456,Last456,customer456@example.com,555-1000456,2024-11-05,high
CUST100457,First457,Last457,customer457@example.com,555-1000457,2024-01-25,low
CUST100458,First458,Last458,customer458@example.com,555-1000458,2023-10-14,medium
CUST100459,First459,Last459,customer459@example.com,555-1000459,2023-06-29,low
CUST100460,First460,Last460,customer460@example.com,555-1000460,2024-06-05,low
CUST100461,First461,Last461,customer461@example.com,555-1000461,2024-11-14,low
CUST100462,First462,Last462,customer462@example.com,555-1000462,2024-04-28,medium
CUST100463,First463,Last463,customer463@example.com,555-1000463,2023-01-23,low
CUST100464,First464,Last464,customer464@example.com,555-1000464,2023-11-25,low
CUST100465,First465,Last465,customer465@example.com,555-1000465,2024-05-27,low
CUST100466,First466,Last466,customer466@example.com,555-1000466,2023-10-06,low
CUST100467,First467,Last467,customer467@example.com,555-1000467,2024-06-25,medium
CUST100468,First468,Last468,customer468@example.com,555-1000468,2024-05-10,low
CUST100469,First469,Last469,customer469@example.com,555-1000469,2023-02-17,low
CUST100470,First470,Last470,customer470@example.com,555-1000470,2024-01-26,low
CUST100471,First471,Last471,customer471@example.com,555-1000471,2023-05-01,low
CUST100472,First472,Last472,customer472@example.com,555-1000472,2023-12-07,low
CUST100473,First473,Last473,customer473@example.com,555-1000473,2023-09-27,low
CUST100474,First474,Last474,customer474@example.com,555-1000474,2024-07-18,low
CUST100475,First475,Last475,customer475@example.com,555-1000475,2024-08-30,low
CUST100476,First476,Last476,customer476@example.com,555-1000476,2023-11-20,low
CUST100477,First477,Last477,customer477@example.com,555-1000477,2024-01-11,low
CUST100478,First478,Last478,customer478@example.com,555-1000478,2024-03-14,low
CUST100479,First479,Last479,customer479@example.com,555-1000479,2024-04-03,low
CUST100480,First480,Last480,customer480@example.com,555-1000480,2024-03-20,low
CUST100481,First481,Last481,customer481@example.com,555-1000481,2024-07-02,low
CUST100482,First482,Last482,customer482@example.com,555-1000482,2024-11-18,low
CUST100483,First483,Last483,customer483@example.com,555-1000483,2024-08-02,low
CUST100484,First484,Last484,customer484@example.com,555-1000484,2023-04-05,low
CUST100485,First485,Last485,customer485@example.com,555-1000485,2023-11-30,low
CUST100486,First486,Last486,customer486@example.com,555-1000486,2023-11-19,low
CUST100487,First487,Last487,customer487@example.com,555-1000487,2023-12-23,low
CUST100488,First488,Last488,customer488@example.com,555-1000488,2024-01-05,low
CUST100489,First489,Last489,customer489@example.com,555-1000489,2024-05-17,low
CUST100490,First490,Last490,customer490@example.com,555-1000490,2023-10-22,medium
CUST100491,First491,Last491,customer491@example.com,555-1000491,2023-07-04,low
CUST100492,First492,Last492,customer492@example.com,555-1000492,2023-11-17,low
CUST100493,First493,Last493,customer493@example.com,555-1000493,2024-08-21,low
CUST100494,First494,Last494,customer494@example.com,555-1000494,2023-08-07,medium
CUST100495,First495,Last495,customer495@example.com,555-1000495,2023-01-15,low
CUST100496,First496,Last496,customer496@example.com,555-1000496,2024-11-14,low
CUST100497,First497,Last497,customer497@example.com,555-1000497,2023-05-18,low
CUST100498,First498,Last498,customer498@example.com,555-1000498,2024-02-26,low
CUST100499,First499,Last499,customer499@example.com,555-1000499,2024-07-14,low
CUST100500,First500,Last500,customer500@example.com,555-1000500,2023-07-12,medium
CUST100501,First501,Last501,customer501@example.com,555-1000501,2023-08-27,medium
CUST100502,First502,Last502,customer502@example.com,555-1000502,2023-07-16,medium
CUST100503,First503,Last503,customer503@example.com,555-1000503,2023-04-15,low
CUST100504,First504,Last504,customer504@example.com,555-1000504,2023-04-18,low
CUST100505,First505,Last505,customer505@example.com,555-1000505,2023-05-11,medium
CUST100506,First506,Last506,customer506@example.com,555-1000506,2023-11-17,low
CUST100507,First507,Last507,customer507@example.com,555-1000507,2024-01-07,medium
CUST100508,First508,Last508,customer508@example.com,555-1000508,2023-01-12,low
CUST100509,First509,Last509,customer509@example.com,555-1000509,2024-08-15,low
CUST100510,First510,Last510,customer510@example.com,555-1000510,2024-04-18,low
CUST100511,First511,Last511,customer511@example.com,555-1000511,2023-02-19,medium
CUST100512,First512,Last512,customer512@example.com,555-1000512,2024-08-12,low
CUST100513,First513,Last513,customer513@example.com,555-1000513,2023-01-22,low
CUST100514,First514,Last514,customer514@example.com,555-1000514,2024-01-28,low
CUST100515,First515,Last515,customer515@example.com,555-1000515,2023-11-22,low
CUST100516,First516,Last516,customer516@example.com,555-1000516,2023-12-18,low
CUST100517,First517,Last517,customer517@example.com,555-1000517,2024-10-31,medium
CUST100518,First518,Last518,customer518@example.com,555-1000518,2024-10-10,low
CUST100519,First519,Last519,customer519@example.com,555-1000519,2023-07-15,medium
CUST100520,First520,Last520,customer520@example.com,555-1000520,2024-02-10,medium
CUST100521,First521,Last521,customer521@example.com,555-1000521,2024-11-02,low
CUST100522,First522,Last522,customer522@example.com,555-1000522,2024-05-25,low
CUST100523,First523,Last523,customer523@example.com,555-1000523,2024-09-13,low
CUST100524,First524,Last524,customer524@example.com,555-1000524,2023-11-01,low
CUST100525,First525,Last525,customer525@example.com,555-1000525,2023-07-18,low
CUST100526,First526,Last526,customer526@example.com,555-1000526,2023-12-24,high
CUST100527,First527,Last527,customer527@example.com,555-1000527,2024-07-25,high
CUST100528,First528,Last528,customer528@example.com,555-1000528,2024-10-12,medium
CUST100529,First529,Last529,customer529@example.com,555-1000529,2024-04-25,low
CUST100530,First530,Last530,customer530@example.com,555-1000530,2024-05-09,low
CUST100531,First531,Last531,customer531@example.com,555-1000531,2023-12-25,medium
CUST100532,First532,Last532,customer532@example.com,555-1000532,2023-08-12,low
CUST100533,First533,Last533,customer533@example.com,555-1000533,2023-10-24,low
CUST100534,First534,Last534,customer534@example.com,555-1000534,2023-12-15,low
CUST100535,First535,Last535,customer535@example.com,555-1000535,2024-07-24,low
CUST100536,First536,Last536,customer536@example.com,555-1000536,2024-01-24,low
CUST100537,First537,Last537,customer537@example.com,555-1000537,2024-07-09,low
CUST100538,First538,Last538,customer538@example.com,555-1000538,2023-01-20,low
CUST100539,First539,Last539,customer539@example.com,555-1000539,2024-06-13,medium
CUST100540,First540,Last540,customer540@example.com,555-1000540,2023-12-21,high
CUST100541,First541,Last541,customer541@example.com,555-1000541,2024-11-29,low
CUST100542,First542,Last542,customer542@example.com,555-1000542,2023-11-27,medium
CUST100543,First543,Last543,customer543@example.com,555-1000543,2023-12-01,high
CUST100544,First544,Last544,customer544@example.com,555-1000544,2023-03-31,low
CUST100545,First545,Last545,customer545@example.com,555-1000545,2024-07-18,low
CUST100546,First546,Last546,customer546@example.com,555-1000546,2024-05-06,low
CUST100547,First547,Last547,customer547@example.com,555-1000547,2024-08-26,low
CUST100548,First548,Last548,customer548@example.com,555-1000548,2023-03-06,medium
CUST100549,First549,Last549,customer549@example.com,555-1000549,2023-05-29,low
CUST100550,First550,Last550,customer550@example.com,555-1000550,2024-09-05,low
CUST100551,First551,Last551,customer551@example.com,555-1000551,2023-01-30,low
CUST100552,First552,Last552,customer552@example.com,555-1000552,2023-12-22,low
CUST100553,First553,Last553,customer553@example.com,555-1000553,2023-10-11,medium
CUST100554,First554,Last554,customer554@example.com,555-1000554,2024-10-19,low
CUST100555,First555,Last555,customer555@example.com,555-1000555,2024-08-22,low
CUST100556,First556,Last556,customer556@example.com,555-1000556,2024-09-19,low
CUST100557,First557,Last557,customer557@example.com,555-1000557,2023-07-22,low
CUST100558,First558,Last558,customer558@example.com,555-1000558,2024-02-16,low
CUST100559,First559,Last559,customer559@example.com,555-1000559,2024-05-05,low
CUST100560,First560,Last560,customer560@example.com,555-1000560,2024-11-08,low
CUST100561,First561,Last561,customer561@example.com,555-1000561,2023-01-06,low
CUST100562,First562,Last562,customer562@example.com,555-1000562,2024-11-14,medium
CUST100563,First563,Last563,customer563@example.com,555-1000563,2023-09-06,low
CUST100564,First564,Last564,customer564@example.com,555-1000564,2023-03-31,low
CUST100565,First565,Last565,customer565@example.com,555-1000565,2024-03-06,low
CUST100566,First566,Last566,customer566@example.com,555-1000566,2024-07-01,medium
CUST100567,First567,Last567,customer567@example.com,555-1000567,2023-04-01,low
CUST100568,First568,Last568,customer568@example.com,555-1000568,2023-01-29,low
CUST100569,First569,Last569,customer569@example.com,555-1000569,2024-09-19,low
CUST100570,First570,Last570,customer570@example.com,555-1000570,2024-10-15,low
CUST100571,First571,Last571,customer571@example.com,555-1000571,2023-04-20,medium
CUST100572,First572,Last572,customer572@example.com,555-1000572,2024-09-24,low
CUST100573,First573,Last573,customer573@example.com,555-1000573,2024-09-28,medium
CUST100574,First574,Last574,customer574@example.com,555-1000574,2024-11-29,medium
CUST100575,First575,Last575,customer575@example.com,555-1000575,2023-06-01,low
CUST100576,First576,Last576,customer576@example.com,555-1000576,2024-02-10,medium
CUST100577,First577,Last577,customer577@example.com,555-1000577,2024-11-26,low
CUST100578,First578,Last578,customer578@example.com,555-1000578,2024-09-23,medium
CUST100579,First579,Last579,customer579@example.com,555-1000579,2024-02-28,low
CUST100580,First580,Last580,customer580@example.com,555-1000580,2023-05-18,low
CUST100581,First581,Last581,customer581@example.com,555-1000581,2023-03-01,low
CUST100582,First582,Last582,customer582@example.com,555-1000582,2023-07-01,low
CUST100583,First583,Last583,customer583@example.com,555-1000583,2023-02-15,low
CUST100584,First584,Last584,customer584@example.com,555-1000584,2023-05-17,medium
CUST100585,First585,Last585,customer585@example.com,555-1000585,2023-02-22,low
CUST100586,First586,Last586,customer586@example.com,555-1000586,2024-06-17,low
CUST100587,First587,Last587,customer587@example.com,555-1000587,2024-02-17,low
CUST100588,First588,Last588,customer588@example.com,555-1000588,2023-12-29,low
CUST100589,First589,Last589,customer589@example.com,555-1000589,2024-07-20,low
CUST100590,First590,Last590,customer590@example.com,555-1000590,2023-10-15,medium
CUST100591,First591,Last591,customer591@example.com,555-1000591,2023-10-10,low
CUST100592,First592,Last592,customer592@example.com,555-1000592,2023-05-25,low
CUST100593,First593,Last593,customer593@example.com,555-1000593,2023-11-08,low
CUST100594,First594,Last594,customer594@example.com,555-1000594,2023-05-03,low
CUST100595,First595,Last595,customer595@example.com,555-1000595,2024-02-17,low
CUST100596,First596,Last596,customer596@example.com,555-1000596,2024-11-29,medium
CUST100597,First597,Last597,customer597@example.com,555-1000597,2024-01-09,low
CUST100598,First598,Last598,customer598@example.com,555-1000598,2023-07-29,high
CUST100599,First599,Last599,customer599@example.com,555-1000599,2024-04-26,low
CUST100600,First600,Last600,customer600@example.com,555-1000600,2024-07-28,low
CUST100601,First601,Last601,customer601@example.com,555-1000601,2023-11-27,medium
CUST100602,First602,Last602,customer602@example.com,555-1000602,2023-06-25,medium
CUST100603,First603,Last603,customer603@example.com,555-1000603,2024-05-14,medium
CUST100604,First604,Last604,customer604@example.com,555-1000604,2023-05-12,high
CUST100605,First605,Last605,customer605@example.com,555-1000605,2024-11-29,medium
CUST100606,First606,Last606,customer606@example.com,555-1000606,2023-08-11,medium
CUST100607,First607,Last607,customer607@example.com,555-1000607,2023-09-03,low
CUST100608,First608,Last608,customer608@example.com,555-1000608,2024-05-23,medium
CUST100609,First609,Last609,customer609@example.com,555-1000609,2023-01-09,low
CUST100610,First610,Last610,customer610@example.com,555-1000610,2023-05-23,low
CUST100611,First611,Last611,customer611@example.com,555-1000611,2023-03-29,low
CUST100612,First612,Last612,customer612@example.com,555-1000612,2023-10-01,high
CUST100613,First613,Last613,customer613@example.com,555-1000613,2024-01-23,high
CUST100614,First614,Last614,customer614@example.com,555-1000614,2023-05-06,low
CUST100615,First615,Last615,customer615@example.com,555-1000615,2023-08-29,medium
CUST100616,First616,Last616,customer616@example.com,555-1000616,2024-06-24,medium
CUST100617,First617,Last617,customer617@example.com,555-1000617,2024-10-19,low
CUST100618,First618,Last618,customer618@example.com,555-1000618,2023-01-10,low
CUST100619,First619,Last619,customer619@example.com,555-1000619,2024-03-15,low
CUST100620,First620,Last620,customer620@example.com,555-1000620,2023-01-18,medium
CUST100621,First621,Last621,customer621@example.com,555-1000621,2023-12-31,low
CUST100622,First622,Last622,customer622@example.com,555-1000622,2024-09-07,high
CUST100623,First623,Last623,customer623@example.com,555-1000623,2024-07-12,low
CUST100624,First624,Last624,customer624@example.com,555-1000624,2023-06-12,high
CUST100625,First625,Last625,customer625@example.com,555-1000625,2023-07-01,low
CUST100626,First626,Last626,customer626@example.com,555-1000626,2024-07-02,medium
CUST100627,First627,Last627,customer627@example.com,555-1000627,2024-07-27,low
CUST100628,First628,Last628,customer628@example.com,555-1000628,2023-07-16,low
CUST100629,First629,Last629,customer629@example.com,555-1000629,2023-01-03,medium
CUST100630,First630,Last630,customer630@example.com,555-1000630,2023-11-08,medium
CUST100631,First631,Last631,customer631@example.com,555-1000631,2024-03-09,medium
CUST100632,First632,Last632,customer632@example.com,555-1000632,2023-11-07,low
CUST100633,First633,Last633,customer633@example.com,555-1000633,2024-10-16,low
CUST100634,First634,Last634,customer634@example.com,555-1000634,2024-07-23,low
CUST100635,First635,Last635,customer635@example.com,555-1000635,2024-07-05,low
CUST100636,First636,Last636,customer636@example.com,555-1000636,2023-01-15,low
CUST100637,First637,Last637,customer637@example.com,555-1000637,2024-08-20,medium
CUST100638,First638,Last638,customer638@example.com,555-1000638,2024-06-12,medium
CUST100639,First639,Last639,customer639@example.com,555-1000639,2023-10-05,medium
CUST100640,First640,Last640,customer640@example.com,555-1000640,2024-02-17,medium
CUST100641,First641,Last641,customer641@example.com,555-1000641,2024-07-30,medium
CUST100642,First642,Last642,customer642@example.com,555-1000642,2024-09-26,low
CUST100643,First643,Last643,customer643@example.com,555-1000643,2024-01-21,low
CUST100644,First644,Last644,customer644@example.com,555-1000644,2023-01-29,low
CUST100645,First645,Last645,customer645@example.com,555-1000645,2024-03-08,medium
CUST100646,First646,Last646,customer646@example.com,555-1000646,2024-04-21,low
CUST100647,First647,Last647,customer647@example.com,555-1000647,2023-02-11,low
CUST100648,First648,Last648,customer648@example.com,555-1000648,2024-07-26,low
CUST100649,First649,Last649,customer649@example.com,555-1000649,2023-05-22,low
CUST100650,First650,Last650,customer650@example.com,555-1000650,2024-09-15,low
CUST100651,First651,Last651,customer651@example.com,555-1000651,2024-01-21,medium
CUST100652,First652,Last652,customer652@example.com,555-1000652,2023-08-14,low
CUST100653,First653,Last653,customer653@example.com,555-1000653,2023-02-11,low
CUST100654,First654,Last654,customer654@example.com,555-1000654,2023-01-13,medium
CUST100655,First655,Last655,customer655@example.com,555-1000655,2024-06-03,low
CUST100656,First656,Last656,customer656@example.com,555-1000656,2023-09-22,medium
CUST100657,First657,Last657,customer657@example.com,555-1000657,2024-08-11,low
CUST100658,First658,Last658,customer658@example.com,555-1000658,2023-06-11,low
CUST100659,First659,Last659,customer659@example.com,555-1000659,2024-10-06,low
CUST100660,First660,Last660,customer660@example.com,555-1000660,2024-10-21,low
CUST100661,First661,Last661,customer661@example.com,555-1000661,2023-03-13,medium
CUST100662,First662,Last662,customer662@example.com,555-1000662,2024-03-28,low
CUST100663,First663,Last663,customer663@example.com,555-1000663,2024-10-19,low
CUST100664,First664,Last664,customer664@example.com,555-1000664,2023-08-15,low
CUST100665,First665,Last665,customer665@example.com,555-1000665,2023-02-17,medium
CUST100666,First666,Last666,customer666@example.com,555-1000666,2024-09-04,medium
CUST100667,First667,Last667,customer667@example.com,555-1000667,2023-11-28,high
CUST100668,First668,Last668,customer668@example.com,555-1000668,2023-01-19,low
CUST100669,First669,Last669,customer669@example.com,555-1000669,2024-08-11,low
CUST100670,First670,Last670,customer670@example.com,555-1000670,2024-04-20,low
CUST100671,First671,Last671,customer671@example.com,555-1000671,2023-02-19,low
CUST100672,First672,Last672,customer672@example.com,555-1000672,2023-07-01,high
CUST100673,First673,Last673,customer673@example.com,555-1000673,2023-01-13,medium
CUST100674,First674,Last674,customer674@example.com,555-1000674,2024-10-30,low
CUST100675,First675,Last675,customer675@example.com,555-1000675,2023-01-18,low
CUST100676,First676,Last676,customer676@example.com,555-1000676,2024-07-11,medium
CUST100677,First677,Last677,customer677@example.com,555-1000677,2023-12-24,low
CUST100678,First678,Last678,customer678@example.com,555-1000678,2024-02-12,low
CUST100679,First679,Last679,customer679@example.com,555-1000679,2024-07-22,low
CUST100680,First680,Last680,customer680@example.com,555-1000680,2024-09-18,low
CUST100681,First681,Last681,customer681@example.com,555-1000681,2023-03-31,low
CUST100682,First682,Last682,customer682@example.com,555-1000682,2023-01-13,low
CUST100683,First683,Last683,customer683@example.com,555-1000683,2023-03-29,low
CUST100684,First684,Last684,customer684@example.com,555-1000684,2024-04-22,low
CUST100685,First685,Last685,customer685@example.com,555-1000685,2024-02-02,low
CUST100686,First686,Last686,customer686@example.com,555-1000686,2023-02-28,low
CUST100687,First687,Last687,customer687@example.com,555-1000687,2023-06-14,high
CUST100688,First688,Last688,customer688@example.com,555-1000688,2024-01-12,medium
CUST100689,First689,Last689,customer689@example.com,555-1000689,2024-05-26,low
CUST100690,First690,Last690,customer690@example.com,555-1000690,2023-08-29,low
CUST100691,First691,Last691,customer691@example.com,555-1000691,2024-10-26,medium
CUST100692,First692,Last692,customer692@example.com,555-1000692,2024-11-25,low
CUST100693,First693,Last693,customer693@example.com,555-1000693,2024-06-20,low
CUST100694,First694,Last694,customer694@example.com,555-1000694,2023-11-14,medium
CUST100695,First695,Last695,customer695@example.com,555-1000695,2024-09-06,low
CUST100696,First696,Last696,customer696@example.com,555-1000696,2024-05-24,medium
CUST100697,First697,Last697,customer697@example.com,555-1000697,2023-12-30,low
CUST100698,First698,Last698,customer698@example.com,555-1000698,2023-11-07,low
CUST100699,First699,Last699,customer699@example.com,555-1000699,2024-08-05,low
CUST100700,First700,Last700,customer700@example.com,555-1000700,2024-01-25,low
CUST100701,First701,Last701,customer701@example.com,555-1000701,2023-05-09,low
CUST100702,First702,Last702,customer702@example.com,555-1000702,2024-11-30,low
CUST100703,First703,Last703,customer703@example.com,555-1000703,2023-02-17,medium
CUST100704,First704,Last704,customer704@example.com,555-1000704,2024-05-01,low
CUST100705,First705,Last705,customer705@example.com,555-1000705,2024-04-04,low
CUST100706,First706,Last706,customer706@example.com,555-1000706,2024-02-15,medium
CUST100707,First707,Last707,customer707@example.com,555-1000707,2023-02-06,medium
CUST100708,First708,Last708,customer708@example.com,555-1000708,2023-12-11,low
CUST100709,First709,Last709,customer709@example.com,555-1000709,2024-09-16,low
CUST100710,First710,Last710,customer710@example.com,555-1000710,2023-06-17,high
CUST100711,First711,Last711,customer711@example.com,555-1000711,2024-04-29,low
CUST100712,First712,Last712,customer712@example.com,555-1000712,2024-08-24,medium
CUST100713,First713,Last713,customer713@example.com,555-1000713,2024-10-28,medium
CUST100714,First714,Last714,customer714@example.com,555-1000714,2023-12-28,medium
CUST100715,First715,Last715,customer715@example.com,555-1000715,2023-08-08,low
CUST100716,First716,Last716,customer716@example.com,555-1000716,2024-05-04,low
CUST100717,First717,Last717,customer717@example.com,555-1000717,2023-12-07,low
CUST100718,First718,Last718,customer718@example.com,555-1000718,2024-03-14,low
CUST100719,First719,Last719,customer719@example.com,555-1000719,2024-06-03,high
CUST100720,First720,Last720,customer720@example.com,555-1000720,2024-05-12,low
CUST100721,First721,Last721,customer721@example.com,555-1000721,2023-06-19,low
CUST100722,First722,Last722,customer722@example.com,555-1000722,2024-06-13,low
CUST100723,First723,Last723,customer723@example.com,555-1000723,2024-01-15,high
CUST100724,First724,Last724,customer724@example.com,555-1000724,2024-10-13,low
CUST100725,First725,Last725,customer725@example.com,555-1000725,2024-04-06,low
CUST100726,First726,Last726,customer726@example.com,555-1000726,2024-09-16,low
CUST100727,First727,Last727,customer727@example.com,555-1000727,2024-11-16,low
CUST100728,First728,Last728,customer728@example.com,555-1000728,2024-11-27,low
CUST100729,First729,Last729,customer729@example.com,555-1000729,2024-06-05,low
CUST100730,First730,Last730,customer730@example.com,555-1000730,2024-02-23,low
CUST100731,First731,Last731,customer731@example.com,555-1000731,2023-03-24,low
CUST100732,First732,Last732,customer732@example.com,555-1000732,2023-09-28,low
CUST100733,First733,Last733,customer733@example.com,555-1000733,2023-11-29,low
CUST100734,First734,Last734,customer734@example.com,555-1000734,2024-06-30,low
CUST100735,First735,Last735,customer735@example.com,555-1000735,2024-02-17,low
CUST100736,First736,Last736,customer736@example.com,555-1000736,2023-11-04,low
CUST100737,First737,Last737,customer737@example.com,555-1000737,2023-04-13,low
CUST100738,First738,Last738,customer738@example.com,555-1000738,2024-05-16,low
CUST100739,First739,Last739,customer739@example.com,555-1000739,2023-10-30,low
CUST100740,First740,Last740,customer740@example.com,555-1000740,2023-01-26,low
CUST100741,First741,Last741,customer741@example.com,555-1000741,2023-07-18,low
CUST100742,First742,Last742,customer742@example.com,555-1000742,2024-09-07,medium
CUST100743,First743,Last743,customer743@example.com,555-1000743,2023-03-25,low
CUST100744,First744,Last744,customer744@example.com,555-1000744,2023-10-12,low
CUST100745,First745,Last745,customer745@example.com,555-1000745,2023-12-25,low
CUST100746,First746,Last746,customer746@example.com,555-1000746,2023-02-28,low
CUST100747,First747,Last747,customer747@example.com,555-1000747,2023-04-26,low
CUST100748,First748,Last748,customer748@example.com,555-1000748,2024-10-20,medium
CUST100749,First749,Last749,customer749@example.com,555-1000749,2024-02-18,medium
CUST100750,First750,Last750,customer750@example.com,555-1000750,2023-05-28,low
CUST100751,First751,Last751,customer751@example.com,555-1000751,2023-04-29,low
CUST100752,First752,Last752,customer752@example.com,555-1000752,2023-10-26,low
CUST100753,First753,Last753,customer753@example.com,555-1000753,2024-05-21,low
CUST100754,First754,Last754,customer754@example.com,555-1000754,2024-05-26,low
CUST100755,First755,Last755,customer755@example.com,555-1000755,2023-05-17,low
CUST100756,First756,Last756,customer756@example.com,555-1000756,2024-05-22,low
CUST100757,First757,Last757,customer757@example.com,555-1000757,2024-09-19,medium
CUST100758,First758,Last758,customer758@example.com,555-1000758,2023-06-08,low
CUST100759,First759,Last759,customer759@example.com,555-1000759,2023-01-19,low
CUST100760,First760,Last760,customer760@example.com,555-1000760,2024-11-02,medium
CUST100761,First761,Last761,customer761@example.com,555-1000761,2024-01-01,low
CUST100762,First762,Last762,customer762@example.com,555-1000762,2024-06-27,low
CUST100763,First763,Last763,customer763@example.com,555-1000763,2023-08-13,low
CUST100764,First764,Last764,customer764@example.com,555-1000764,2023-07-29,medium
CUST100765,First765,Last765,customer765@example.com,555-1000765,2023-06-07,low
CUST100766,First766,Last766,customer766@example.com,555-1000766,2023-06-01,low
CUST100767,First767,Last767,customer767@example.com,555-1000767,2023-11-27,low
CUST100768,First768,Last768,customer768@example.com,555-1000768,2023-03-16,low
CUST100769,First769,Last769,customer769@example.com,555-1000769,2024-08-12,low
CUST100770,First770,Last770,customer770@example.com,555-1000770,2023-12-24,low
CUST100771,First771,Last771,customer771@example.com,555-1000771,2024-10-02,low
CUST100772,First772,Last772,customer772@example.com,555-1000772,2023-12-18,low
CUST100773,First773,Last773,customer773@example.com,555-1000773,2023-08-01,medium
CUST100774,First774,Last774,customer774@example.com,555-1000774,2023-12-27,low
CUST100775,First775,Last775,customer775@example.com,555-1000775,2023-04-18,medium
CUST100776,First776,Last776,customer776@example.com,555-1000776,2024-07-30,low
CUST100777,First777,Last777,customer777@example.com,555-1000777,2024-05-19,low
CUST100778,First778,Last778,customer778@example.com,555-1000778,2023-04-14,medium
CUST100779,First779,Last779,customer779@example.com,555-1000779,2024-02-12,medium
CUST100780,First780,Last780,customer780@example.com,555-1000780,2024-01-12,low
CUST100781,First781,Last781,customer781@example.com,555-1000781,2023-05-21,medium
CUST100782,First782,Last782,customer782@example.com,555-1000782,2023-03-27,low
CUST100783,First783,Last783,customer783@example.com,555-1000783,2024-06-16,low
CUST100784,First784,Last784,customer784@example.com,555-1000784,2023-07-04,high
CUST100785,First785,Last785,customer785@example.com,555-1000785,2023-12-30,low
CUST100786,First786,Last786,customer786@example.com,555-1000786,2023-06-23,medium
CUST100787,First787,Last787,customer787@example.com,555-1000787,2024-04-02,low
CUST100788,First788,Last788,customer788@example.com,555-1000788,2023-02-04,medium
CUST100789,First789,Last789,customer789@example.com,555-1000789,2023-09-09,low
CUST100790,First790,Last790,customer790@example.com,555-1000790,2024-01-18,low
CUST100791,First791,Last791,customer791@example.com,555-1000791,2023-11-04,low
CUST100792,First792,Last792,customer792@example.com,555-1000792,2024-03-04,low
CUST100793,First793,Last793,customer793@example.com,555-1000793,2023-05-07,low
CUST100794,First794,Last794,customer794@example.com,555-1000794,2023-11-06,low
CUST100795,First795,Last795,customer795@example.com,555-1000795,2024-06-13,low
CUST100796,First796,Last796,customer796@example.com,555-1000796,2023-08-22,low
CUST100797,First797,Last797,customer797@example.com,555-1000797,2023-04-20,low
CUST100798,First798,Last798,customer798@example.com,555-1000798,2024-08-16,medium
CUST100799,First799,Last799,customer799@example.com,555-1000799,2024-06-28,medium
CUST100800,First800,Last800,customer800@example.com,555-1000800,2024-04-21,medium
CUST100801,First801,Last801,customer801@example.com,555-1000801,2024-07-12,low
CUST100802,First802,Last802,customer802@example.com,555-1000802,2024-06-29,medium
CUST100803,First803,Last803,customer803@example.com,555-1000803,2024-06-06,low
CUST100804,First804,Last804,customer804@example.com,555-1000804,2023-12-23,low
CUST100805,First805,Last805,customer805@example.com,555-1000805,2023-01-14,low
CUST100806,First806,Last806,customer806@example.com,555-1000806,2024-02-22,low
CUST100807,First807,Last807,customer807@example.com,555-1000807,2023-07-11,low
CUST100808,First808,Last808,customer808@example.com,555-1000808,2024-06-25,low
CUST100809,First809,Last809,customer809@example.com,555-1000809,2023-11-24,high
CUST100810,First810,Last810,customer810@example.com,555-1000810,2024-09-25,low
CUST100811,First811,Last811,customer811@example.com,555-1000811,2024-02-21,low
CUST100812,First812,Last812,customer812@example.com,555-1000812,2024-01-21,high
CUST100813,First813,Last813,customer813@example.com,555-1000813,2024-10-05,low
CUST100814,First814,Last814,customer814@example.com,555-1000814,2023-11-29,low
CUST100815,First815,Last815,customer815@example.com,555-1000815,2023-09-20,medium
CUST100816,First816,Last816,customer816@example.com,555-1000816,2023-09-18,medium
CUST100817,First817,Last817,customer817@example.com,555-1000817,2024-09-04,low
CUST100818,First818,Last818,customer818@example.com,555-1000818,2024-06-13,low
CUST100819,First819,Last819,customer819@example.com,555-1000819,2023-04-25,low
CUST100820,First820,Last820,customer820@example.com,555-1000820,2023-12-11,low
CUST100821,First821,Last821,customer821@example.com,555-1000821,2023-09-17,low
CUST100822,First822,Last822,customer822@example.com,555-1000822,2024-03-28,low
CUST100823,First823,Last823,customer823@example.com,555-1000823,2023-02-06,low
CUST100824,First824,Last824,customer824@example.com,555-1000824,2024-05-14,medium
CUST100825,First825,Last825,customer825@example.com,555-1000825,2024-06-03,low
CUST100826,First826,Last826,customer826@example.com,555-1000826,2023-06-08,low
CUST100827,First827,Last827,customer827@example.com,555-1000827,2023-04-16,low
CUST100828,First828,Last828,customer828@example.com,555-1000828,2024-03-15,medium
CUST100829,First829,Last829,customer829@example.com,555-1000829,2023-06-29,low
CUST100830,First830,Last830,customer830@example.com,555-1000830,2024-10-21,low
CUST100831,First831,Last831,customer831@example.com,555-1000831,2024-06-26,low
CUST100832,First832,Last832,customer832@example.com,555-1000832,2024-10-30,low
CUST100833,First833,Last833,customer833@example.com,555-1000833,2024-01-10,low
CUST100834,First834,Last834,customer834@example.com,555-1000834,2024-10-18,medium
CUST100835,First835,Last835,customer835@example.com,555-1000835,2023-01-10,low
CUST100836,First836,Last836,customer836@example.com,555-1000836,2023-07-22,medium
CUST100837,First837,Last837,customer837@example.com,555-1000837,2023-01-02,high
CUST100838,First838,Last838,customer838@example.com,555-1000838,2024-04-19,low
CUST100839,First839,Last839,customer839@example.com,555-1000839,2023-12-24,low
CUST100840,First840,Last840,customer840@example.com,555-1000840,2023-07-21,low
CUST100841,First841,Last841,customer841@example.com,555-1000841,2023-08-02,medium
CUST100842,First842,Last842,customer842@example.com,555-1000842,2024-03-26,low
CUST100843,First843,Last843,customer843@example.com,555-1000843,2023-05-07,low
CUST100844,First844,Last844,customer844@example.com,555-1000844,2023-12-27,low
CUST100845,First845,Last845,customer845@example.com,555-1000845,2024-03-05,medium
CUST100846,First846,Last846,customer846@example.com,555-1000846,2023-06-17,low
CUST100847,First847,Last847,customer847@example.com,555-1000847,2023-06-09,low
CUST100848,First848,Last848,customer848@example.com,555-1000848,2023-09-05,low
CUST100849,First849,Last849,customer849@example.com,555-1000849,2024-02-19,high
CUST100850,First850,Last850,customer850@example.com,555-1000850,2023-06-28,low
CUST100851,First851,Last851,customer851@example.com,555-1000851,2023-09-23,low
CUST100852,First852,Last852,customer852@example.com,555-1000852,2024-01-16,medium
CUST100853,First853,Last853,customer853@example.com,555-1000853,2023-05-11,medium
CUST100854,First854,Last854,customer854@example.com,555-1000854,2024-02-03,low
CUST100855,First855,Last855,customer855@example.com,555-1000855,2023-04-07,low
CUST100856,First856,Last856,customer856@example.com,555-1000856,2023-04-10,medium
CUST100857,First857,Last857,customer857@example.com,555-1000857,2023-06-15,medium
CUST100858,First858,Last858,customer858@example.com,555-1000858,2023-07-20,low
CUST100859,First859,Last859,customer859@example.com,555-1000859,2023-01-21,low
CUST100860,First860,Last860,customer860@example.com,555-1000860,2024-11-04,medium
CUST100861,First861,Last861,customer861@example.com,555-1000861,2023-08-04,medium
CUST100862,First862,Last862,customer862@example.com,555-1000862,2024-07-17,medium
CUST100863,First863,Last863,customer863@example.com,555-1000863,2024-09-23,low
CUST100864,First864,Last864,customer864@example.com,555-1000864,2024-07-14,low
CUST100865,First865,Last865,customer865@example.com,555-1000865,2024-08-04,medium
CUST100866,First866,Last866,customer866@example.com,555-1000866,2023-03-12,medium
CUST100867,First867,Last867,customer867@example.com,555-1000867,2023-09-18,medium
CUST100868,First868,Last868,customer868@example.com,555-1000868,2024-06-06,low
CUST100869,First869,Last869,customer869@example.com,555-1000869,2024-02-08,low
CUST100870,First870,Last870,customer870@example.com,555-1000870,2023-01-04,medium
CUST100871,First871,Last871,customer871@example.com,555-1000871,2024-02-02,low
CUST100872,First872,Last872,customer872@example.com,555-1000872,2024-07-17,high
CUST100873,First873,Last873,customer873@example.com,555-1000873,2024-08-03,low
CUST100874,First874,Last874,customer874@example.com,555-1000874,2023-09-26,medium
CUST100875,First875,Last875,customer875@example.com,555-1000875,2023-06-15,medium
CUST100876,First876,Last876,customer876@example.com,555-1000876,2023-08-05,low
CUST100877,First877,Last877,customer877@example.com,555-1000877,2023-07-27,low
CUST100878,First878,Last878,customer878@example.com,555-1000878,2023-08-31,low
CUST100879,First879,Last879,customer879@example.com,555-1000879,2023-07-31,low
CUST100880,First880,Last880,customer880@example.com,555-1000880,2023-11-17,low
CUST100881,First881,Last881,customer881@example.com,555-1000881,2023-01-29,low
CUST100882,First882,Last882,customer882@example.com,555-1000882,2023-07-12,medium
CUST100883,First883,Last883,customer883@example.com,555-1000883,2023-08-09,low
CUST100884,First884,Last884,customer884@example.com,555-1000884,2023-04-18,low
CUST100885,First885,Last885,customer885@example.com,555-1000885,2024-09-06,low
CUST100886,First886,Last886,customer886@example.com,555-1000886,2024-04-17,low
CUST100887,First887,Last887,customer887@example.com,555-1000887,2024-09-30,low
CUST100888,First888,Last888,customer888@example.com,555-1000888,2024-01-29,low
CUST100889,First889,Last889,customer889@example.com,555-1000889,2023-03-18,low
CUST100890,First890,Last890,customer890@example.com,555-1000890,2024-09-25,low
CUST100891,First891,Last891,customer891@example.com,555-1000891,2023-11-17,high
CUST100892,First892,Last892,customer892@example.com,555-1000892,2024-04-24,low
CUST100893,First893,Last893,customer893@example.com,555-1000893,2023-09-24,low
CUST100894,First894,Last894,customer894@example.com,555-1000894,2023-12-12,medium
CUST100895,First895,Last895,customer895@example.com,555-1000895,2023-12-09,medium
CUST100896,First896,Last896,customer896@example.com,555-1000896,2023-07-19,low
CUST100897,First897,Last897,customer897@example.com,555-1000897,2024-01-24,low
CUST100898,First898,Last898,customer898@example.com,555-1000898,2024-05-28,low
CUST100899,First899,Last899,customer899@example.com,555-1000899,2023-01-15,low
CUST100900,First900,Last900,customer900@example.com,555-1000900,2023-04-02,low
CUST100901,First901,Last901,customer901@example.com,555-1000901,2024-08-12,low
CUST100902,First902,Last902,customer902@example.com,555-1000902,2024-02-03,low
CUST100903,First903,Last903,customer903@example.com,555-1000903,2024-11-12,low
CUST100904,First904,Last904,customer904@example.com,555-1000904,2024-02-28,high
CUST100905,First905,Last905,customer905@example.com,555-1000905,2024-04-02,low
CUST100906,First906,Last906,customer906@example.com,555-1000906,2024-09-21,low
CUST100907,First907,Last907,customer907@example.com,555-1000907,2024-04-07,low
CUST100908,First908,Last908,customer908@example.com,555-1000908,2023-08-19,low
CUST100909,First909,Last909,customer909@example.com,555-1000909,2024-01-05,low
CUST100910,First910,Last910,customer910@example.com,555-1000910,2023-06-14,medium
CUST100911,First911,Last911,customer911@example.com,555-1000911,2023-08-22,medium
CUST100912,First912,Last912,customer912@example.com,555-1000912,2024-04-21,medium
CUST100913,First913,Last913,customer913@example.com,555-1000913,2023-04-15,high
CUST100914,First914,Last914,customer914@example.com,555-1000914,2024-04-15,high
CUST100915,First915,Last915,customer915@example.com,555-1000915,2024-02-13,high
CUST100916,First916,Last916,customer916@example.com,555-1000916,2023-08-04,low
CUST100917,First917,Last917,customer917@example.com,555-1000917,2023-02-01,low
CUST100918,First918,Last918,customer918@example.com,555-1000918,2024-05-08,low
CUST100919,First919,Last919,customer919@example.com,555-1000919,2024-07-31,low
CUST100920,First920,Last920,customer920@example.com,555-1000920,2024-05-26,low
CUST100921,First921,Last921,customer921@example.com,555-1000921,2023-10-22,medium
CUST100922,First922,Last922,customer922@example.com,555-1000922,2024-04-02,low
CUST100923,First923,Last923,customer923@example.com,555-1000923,2023-10-18,low
CUST100924,First924,Last924,customer924@example.com,555-1000924,2023-09-08,low
CUST100925,First925,Last925,customer925@example.com,555-1000925,2023-08-18,low
CUST100926,First926,Last926,customer926@example.com,555-1000926,2023-05-28,low
CUST100927,First927,Last927,customer927@example.com,555-1000927,2024-11-09,medium
CUST100928,First928,Last928,customer928@example.com,555-1000928,2024-04-11,low
CUST100929,First929,Last929,customer929@example.com,555-1000929,2023-05-03,medium
CUST100930,First930,Last930,customer930@example.com,555-1000930,2024-08-28,low
CUST100931,First931,Last931,customer931@example.com,555-1000931,2023-04-16,low
CUST100932,First932,Last932,customer932@example.com,555-1000932,2024-02-20,low
CUST100933,First933,Last933,customer933@example.com,555-1000933,2023-04-26,medium
CUST100934,First934,Last934,customer934@example.com,555-1000934,2023-09-10,medium
CUST100935,First935,Last935,customer935@example.com,555-1000935,2024-04-05,low
CUST100936,First936,Last936,customer936@example.com,555-1000936,2024-11-30,medium
CUST100937,First937,Last937,customer937@example.com,555-1000937,2024-11-25,low
CUST100938,First938,Last938,customer938@example.com,555-1000938,2024-09-18,medium
CUST100939,First939,Last939,customer939@example.com,555-1000939,2023-06-14,low
CUST100940,First940,Last940,customer940@example.com,555-1000940,2023-03-07,low
CUST100941,First941,Last941,customer941@example.com,555-1000941,2024-09-25,medium
CUST100942,First942,Last942,customer942@example.com,555-1000942,2024-10-08,low
CUST100943,First943,Last943,customer943@example.com,555-1000943,2023-07-15,low
CUST100944,First944,Last944,customer944@example.com,555-1000944,2023-01-14,low
CUST100945,First945,Last945,customer945@example.com,555-1000945,2024-03-29,low
CUST100946,First946,Last946,customer946@example.com,555-1000946,2023-02-23,medium
CUST100947,First947,Last947,customer947@example.com,555-1000947,2023-01-29,medium
CUST100948,First948,Last948,customer948@example.com,555-1000948,2024-10-18,medium
CUST100949,First949,Last949,customer949@example.com,555-1000949,2023-12-13,low
CUST100950,First950,Last950,customer950@example.com,555-1000950,2023-03-20,low
CUST100951,First951,Last951,customer951@example.com,555-1000951,2024-04-03,low
CUST100952,First952,Last952,customer952@example.com,555-1000952,2023-09-16,low
CUST100953,First953,Last953,customer953@example.com,555-1000953,2024-01-11,low
CUST100954,First954,Last954,customer954@example.com,555-1000954,2024-09-21,medium
CUST100955,First955,Last955,customer955@example.com,555-1000955,2023-06-16,medium
CUST100956,First956,Last956,customer956@example.com,555-1000956,2024-03-28,medium
CUST100957,First957,Last957,customer957@example.com,555-1000957,2024-08-02,low
CUST100958,First958,Last958,customer958@example.com,555-1000958,2023-10-24,low
CUST100959,First959,Last959,customer959@example.com,555-1000959,2024-11-10,low
CUST100960,First960,Last960,customer960@example.com,555-1000960,2023-11-10,low
CUST100961,First961,Last961,customer961@example.com,555-1000961,2023-11-18,low
CUST100962,First962,Last962,customer962@example.com,555-1000962,2024-09-10,low
CUST100963,First963,Last963,customer963@example.com,555-1000963,2024-03-21,low
CUST100964,First964,Last964,customer964@example.com,555-1000964,2024-08-31,high
CUST100965,First965,Last965,customer965@example.com,555-1000965,2024-07-07,low
CUST100966,First966,Last966,customer966@example.com,555-1000966,2024-05-13,high
CUST100967,First967,Last967,customer967@example.com,555-1000967,2023-06-19,low
CUST100968,First968,Last968,customer968@example.com,555-1000968,2023-10-07,low
CUST100969,First969,Last969,customer969@example.com,555-1000969,2024-08-28,low
CUST100970,First970,Last970,customer970@example.com,555-1000970,2024-03-07,low
CUST100971,First971,Last971,customer971@example.com,555-1000971,2023-07-16,low
CUST100972,First972,Last972,customer972@example.com,555-1000972,2023-08-18,low
CUST100973,First973,Last973,customer973@example.com,555-1000973,2024-06-27,medium
CUST100974,First974,Last974,customer974@example.com,555-1000974,2023-05-05,low
CUST100975,First975,Last975,customer975@example.com,555-1000975,2023-03-20,low
CUST100976,First976,Last976,customer976@example.com,555-1000976,2024-06-19,low
CUST100977,First977,Last977,customer977@example.com,555-1000977,2023-07-21,low
CUST100978,First978,Last978,customer978@example.com,555-1000978,2024-06-19,low
CUST100979,First979,Last979,customer979@example.com,555-1000979,2024-01-09,low
CUST100980,First980,Last980,customer980@example.com,555-1000980,2024-11-29,high
CUST100981,First981,Last981,customer981@example.com,555-1000981,2024-01-03,medium
CUST100982,First982,Last982,customer982@example.com,555-1000982,2024-08-30,medium
CUST100983,First983,Last983,customer983@example.com,555-1000983,2024-08-18,low
CUST100984,First984,Last984,customer984@example.com,555-1000984,2023-05-29,low
CUST100985,First985,Last985,customer985@example.com,555-1000985,2024-11-28,medium
CUST100986,First986,Last986,customer986@example.com,555-1000986,2024-06-06,low
CUST100987,First987,Last987,customer987@example.com,555-1000987,2023-03-17,low
CUST100988,First988,Last988,customer988@example.com,555-1000988,2023-01-05,low
CUST100989,First989,Last989,customer989@example.com,555-1000989,2023-07-09,medium
CUST100990,First990,Last990,customer990@example.com,555-1000990,2023-01-12,low
CUST100991,First991,Last991,customer991@example.com,555-1000991,2023-09-08,medium
CUST100992,First992,Last992,customer992@example.com,555-1000992,2024-11-28,medium
CUST100993,First993,Last993,customer993@example.com,555-1000993,2023-12-02,low
CUST100994,First994,Last994,customer994@example.com,555-1000994,2023-01-17,medium
CUST100995,First995,Last995,customer995@example.com,555-1000995,2023-12-12,low
CUST100996,First996,Last996,customer996@example.com,555-1000996,2023-06-03,low
CUST100997,First997,Last997,customer997@example.com,555-1000997,2024-08-22,low
CUST100998,First998,Last998,customer998@example.com,555-1000998,2023-03-05,high
CUST100999,First999,Last999,customer999@example.com,555-1000999,2024-06-23,low
CUST101000,First1000,Last1000,customer1000@example.com,555-1001000,2023-11-09,low
CUST101001,First1001,Last1001,customer1001@example.com,555-1001001,2023-01-14,low
CUST101002,First1002,Last1002,customer1002@example.com,555-1001002,2024-04-16,low
CUST101003,First1003,Last1003,customer1003@example.com,555-1001003,2023-11-15,low
CUST101004,First1004,Last1004,customer1004@example.com,555-1001004,2024-06-24,low
CUST101005,First1005,Last1005,customer1005@example.com,555-1001005,2024-03-08,low
CUST101006,First1006,Last1006,customer1006@example.com,555-1001006,2024-07-05,medium
CUST101007,First1007,Last1007,customer1007@example.com,555-1001007,2023-11-19,low
CUST101008,First1008,Last1008,customer1008@example.com,555-1001008,2023-01-06,medium
CUST101009,First1009,Last1009,customer1009@example.com,555-1001009,2023-04-02,low
CUST101010,First1010,Last1010,customer1010@example.com,555-1001010,2023-11-18,low
CUST101011,First1011,Last1011,customer1011@example.com,555-1001011,2023-10-06,low
CUST101012,First1012,Last1012,customer1012@example.com,555-1001012,2024-07-10,low
CUST101013,First1013,Last1013,customer1013@example.com,555-1001013,2023-10-16,high
CUST101014,First1014,Last1014,customer1014@example.com,555-1001014,2024-08-25,low
CUST101015,First1015,Last1015,customer1015@example.com,555-1001015,2023-05-12,low
CUST101016,First1016,Last1016,customer1016@example.com,555-1001016,2023-09-27,low
CUST101017,First1017,Last1017,customer1017@example.com,555-1001017,2024-06-13,medium
CUST101018,First1018,Last1018,customer1018@example.com,555-1001018,2023-03-28,low
CUST101019,First1019,Last1019,customer1019@example.com,555-1001019,2023-08-13,low
CUST101020,First1020,Last1020,customer1020@example.com,555-1001020,2024-06-10,medium
CUST101021,First1021,Last1021,customer1021@example.com,555-1001021,2024-02-17,medium
CUST101022,First1022,Last1022,customer1022@example.com,555-1001022,2024-06-28,high
CUST101023,First1023,Last1023,customer1023@example.com,555-1001023,2023-12-28,low
CUST101024,First1024,Last1024,customer1024@example.com,555-1001024,2024-08-24,low
CUST101025,First1025,Last1025,customer1025@example.com,555-1001025,2024-09-06,low
CUST101026,First1026,Last1026,customer1026@example.com,555-1001026,2024-11-13,medium
CUST101027,First1027,Last1027,customer1027@example.com,555-1001027,2023-03-27,low
CUST101028,First1028,Last1028,customer1028@example.com,555-1001028,2024-02-18,medium
CUST101029,First1029,Last1029,customer1029@example.com,555-1001029,2023-03-21,low
CUST101030,First1030,Last1030,customer1030@example.com,555-1001030,2023-06-10,low
CUST101031,First1031,Last1031,customer1031@example.com,555-1001031,2023-07-30,medium
CUST101032,First1032,Last1032,customer1032@example.com,555-1001032,2024-03-28,low
CUST101033,First1033,Last1033,customer1033@example.com,555-1001033,2023-10-29,medium
CUST101034,First1034,Last1034,customer1034@example.com,555-1001034,2024-08-28,low
CUST101035,First1035,Last1035,customer1035@example.com,555-1001035,2023-07-28,low
CUST101036,First1036,Last1036,customer1036@example.com,555-1001036,2024-03-08,low
CUST101037,First1037,Last1037,customer1037@example.com,555-1001037,2024-06-18,low
CUST101038,First1038,Last1038,customer1038@example.com,555-1001038,2024-11-17,low
CUST101039,First1039,Last1039,customer1039@example.com,555-1001039,2023-06-21,low
CUST101040,First1040,Last1040,customer1040@example.com,555-1001040,2024-05-28,low
CUST101041,First1041,Last1041,customer1041@example.com,555-1001041,2023-03-01,low
CUST101042,First1042,Last1042,customer1042@example.com,555-1001042,2024-01-16,low
CUST101043,First1043,Last1043,customer1043@example.com,555-1001043,2023-10-17,low
CUST101044,First1044,Last1044,customer1044@example.com,555-1001044,2024-11-01,low
CUST101045,First1045,Last1045,customer1045@example.com,555-1001045,2024-06-25,low
CUST101046,First1046,Last1046,customer1046@example.com,555-1001046,2024-10-11,low
CUST101047,First1047,Last1047,customer1047@example.com,555-1001047,2024-08-18,medium
CUST101048,First1048,Last1048,customer1048@example.com,555-1001048,2023-10-15,medium
CUST101049,First1049,Last1049,customer1049@example.com,555-1001049,2024-05-28,low
CUST101050,First1050,Last1050,customer1050@example.com,555-1001050,2023-01-22,low
CUST101051,First1051,Last1051,customer1051@example.com,555-1001051,2024-01-26,low
CUST101052,First1052,Last1052,customer1052@example.com,555-1001052,2023-02-03,low
CUST101053,First1053,Last1053,customer1053@example.com,555-1001053,2024-05-21,low
CUST101054,First1054,Last1054,customer1054@example.com,555-1001054,2024-11-07,low
CUST101055,First1055,Last1055,customer1055@example.com,555-1001055,2024-04-21,low
CUST101056,First1056,Last1056,customer1056@example.com,555-1001056,2024-08-10,medium
CUST101057,First1057,Last1057,customer1057@example.com,555-1001057,2023-06-14,low
CUST101058,First1058,Last1058,customer1058@example.com,555-1001058,2024-11-26,low
CUST101059,First1059,Last1059,customer1059@example.com,555-1001059,2024-01-21,medium
CUST101060,First1060,Last1060,customer1060@example.com,555-1001060,2024-04-17,high
CUST101061,First1061,Last1061,customer1061@example.com,555-1001061,2024-06-23,low
CUST101062,First1062,Last1062,customer1062@example.com,555-1001062,2024-03-23,low
CUST101063,First1063,Last1063,customer1063@example.com,555-1001063,2023-08-10,low
CUST101064,First1064,Last1064,customer1064@example.com,555-1001064,2024-03-04,low
CUST101065,First1065,Last1065,customer1065@example.com,555-1001065,2024-04-02,high
CUST101066,First1066,Last1066,customer1066@example.com,555-1001066,2024-08-23,low
CUST101067,First1067,Last1067,customer1067@example.com,555-1001067,2023-12-04,low
CUST101068,First1068,Last1068,customer1068@example.com,555-1001068,2023-12-18,low
CUST101069,First1069,Last1069,customer1069@example.com,555-1001069,2023-12-19,low
CUST101070,First1070,Last1070,customer1070@example.com,555-1001070,2023-03-22,medium
CUST101071,First1071,Last1071,customer1071@example.com,555-1001071,2023-03-05,low
CUST101072,First1072,Last1072,customer1072@example.com,555-1001072,2023-01-15,low
CUST101073,First1073,Last1073,customer1073@example.com,555-1001073,2024-04-11,medium
CUST101074,First1074,Last1074,customer1074@example.com,555-1001074,2023-10-21,medium
CUST101075,First1075,Last1075,customer1075@example.com,555-1001075,2024-08-28,low
CUST101076,First1076,Last1076,customer1076@example.com,555-1001076,2024-05-06,low
CUST101077,First1077,Last1077,customer1077@example.com,555-1001077,2023-04-10,low
CUST101078,First1078,Last1078,customer1078@example.com,555-1001078,2023-03-12,low
CUST101079,First1079,Last1079,customer1079@example.com,555-1001079,2023-09-14,low
CUST101080,First1080,Last1080,customer1080@example.com,555-1001080,2024-10-06,low
CUST101081,First1081,Last1081,customer1081@example.com,555-1001081,2023-02-04,medium
CUST101082,First1082,Last1082,customer1082@example.com,555-1001082,2023-05-12,medium
CUST101083,First1083,Last1083,customer1083@example.com,555-1001083,2023-01-21,medium
CUST101084,First1084,Last1084,customer1084@example.com,555-1001084,2023-10-17,high
CUST101085,First1085,Last1085,customer1085@example.com,555-1001085,2024-11-23,medium
CUST101086,First1086,Last1086,customer1086@example.com,555-1001086,2024-04-23,medium
CUST101087,First1087,Last1087,customer1087@example.com,555-1001087,2023-12-12,medium
CUST101088,First1088,Last1088,customer1088@example.com,555-1001088,2023-04-12,low
CUST101089,First1089,Last1089,customer1089@example.com,555-1001089,2023-09-06,low
CUST101090,First1090,Last1090,customer1090@example.com,555-1001090,2024-01-03,low
CUST101091,First1091,Last1091,customer1091@example.com,555-1001091,2023-07-12,low
CUST101092,First1092,Last1092,customer1092@example.com,555-1001092,2024-05-08,low
CUST101093,First1093,Last1093,customer1093@example.com,555-1001093,2024-11-17,low
CUST101094,First1094,Last1094,customer1094@example.com,555-1001094,2023-05-25,low
CUST101095,First1095,Last1095,customer1095@example.com,555-1001095,2023-06-26,low
CUST101096,First1096,Last1096,customer1096@example.com,555-1001096,2023-03-30,low
CUST101097,First1097,Last1097,customer1097@example.com,555-1001097,2024-05-22,medium
CUST101098,First1098,Last1098,customer1098@example.com,555-1001098,2023-11-20,medium
CUST101099,First1099,Last1099,customer1099@example.com,555-1001099,2023-07-18,low
CUST101100,First1100,Last1100,customer1100@example.com,555-1001100,2023-06-03,low
CUST101101,First1101,Last1101,customer1101@example.com,555-1001101,2023-02-19,low
CUST101102,First1102,Last1102,customer1102@example.com,555-1001102,2023-11-30,medium
CUST101103,First1103,Last1103,customer1103@example.com,555-1001103,2024-04-23,medium
CUST101104,First1104,Last1104,customer1104@example.com,555-1001104,2023-06-14,low
CUST101105,First1105,Last1105,customer1105@example.com,555-1001105,2023-01-02,medium
CUST101106,First1106,Last1106,customer1106@example.com,555-1001106,2023-11-28,low
CUST101107,First1107,Last1107,customer1107@example.com,555-1001107,2024-04-18,low
CUST101108,First1108,Last1108,customer1108@example.com,555-1001108,2023-08-30,high
CUST101109,First1109,Last1109,customer1109@example.com,555-1001109,2023-06-25,low
CUST101110,First1110,Last1110,customer1110@example.com,555-1001110,2023-04-19,low
CUST101111,First1111,Last1111,customer1111@example.com,555-1001111,2024-06-06,low
CUST101112,First1112,Last1112,customer1112@example.com,555-1001112,2024-08-26,low
CUST101113,First1113,Last1113,customer1113@example.com,555-1001113,2024-06-22,medium
CUST101114,First1114,Last1114,customer1114@example.com,555-1001114,2023-12-29,high
CUST101115,First1115,Last1115,customer1115@example.com,555-1001115,2024-05-21,low
CUST101116,First1116,Last1116,customer1116@example.com,555-1001116,2023-10-05,low
CUST101117,First1117,Last1117,customer1117@example.com,555-1001117,2023-01-18,medium
CUST101118,First1118,Last1118,customer1118@example.com,555-1001118,2023-09-15,low
CUST101119,First1119,Last1119,customer1119@example.com,555-1001119,2024-05-07,medium
CUST101120,First1120,Last1120,customer1120@example.com,555-1001120,2024-03-29,low
CUST101121,First1121,Last1121,customer1121@example.com,555-1001121,2024-11-24,low
CUST101122,First1122,Last1122,customer1122@example.com,555-1001122,2024-11-29,medium
CUST101123,First1123,Last1123,customer1123@example.com,555-1001123,2023-06-19,low
CUST101124,First1124,Last1124,customer1124@example.com,555-1001124,2023-01-07,low
CUST101125,First1125,Last1125,customer1125@example.com,555-1001125,2023-07-11,low
CUST101126,First1126,Last1126,customer1126@example.com,555-1001126,2024-09-05,low
CUST101127,First1127,Last1127,customer1127@example.com,555-1001127,2024-07-23,low
CUST101128,First1128,Last1128,customer1128@example.com,555-1001128,2023-03-11,low
CUST101129,First1129,Last1129,customer1129@example.com,555-1001129,2023-04-23,high
CUST101130,First1130,Last1130,customer1130@example.com,555-1001130,2024-01-30,high
CUST101131,First1131,Last1131,customer1131@example.com,555-1001131,2024-04-07,low
CUST101132,First1132,Last1132,customer1132@example.com,555-1001132,2024-11-18,low
CUST101133,First1133,Last1133,customer1133@example.com,555-1001133,2024-06-12,medium
CUST101134,First1134,Last1134,customer1134@example.com,555-1001134,2023-05-29,high
CUST101135,First1135,Last1135,customer1135@example.com,555-1001135,2023-01-27,low
CUST101136,First1136,Last1136,customer1136@example.com,555-1001136,2024-03-19,low
CUST101137,First1137,Last1137,customer1137@example.com,555-1001137,2024-01-23,low
CUST101138,First1138,Last1138,customer1138@example.com,555-1001138,2024-10-07,low
CUST101139,First1139,Last1139,customer1139@example.com,555-1001139,2024-02-08,low
CUST101140,First1140,Last1140,customer1140@example.com,555-1001140,2023-12-17,low
CUST101141,First1141,Last1141,customer1141@example.com,555-1001141,2023-08-01,medium
CUST101142,First1142,Last1142,customer1142@example.com,555-1001142,2023-03-02,medium
CUST101143,First1143,Last1143,customer1143@example.com,555-1001143,2024-09-05,medium
CUST101144,First1144,Last1144,customer1144@example.com,555-1001144,2024-08-01,low
CUST101145,First1145,Last1145,customer1145@example.com,555-1001145,2023-04-24,low
CUST101146,First1146,Last1146,customer1146@example.com,555-1001146,2024-05-07,medium
CUST101147,First1147,Last1147,customer1147@example.com,555-1001147,2023-09-12,medium
CUST101148,First1148,Last1148,customer1148@example.com,555-1001148,2023-11-02,low
CUST101149,First1149,Last1149,customer1149@example.com,555-1001149,2024-08-17,medium
CUST101150,First1150,Last1150,customer1150@example.com,555-1001150,2024-08-12,low
CUST101151,First1151,Last1151,customer1151@example.com,555-1001151,2023-05-14,medium
CUST101152,First1152,Last1152,customer1152@example.com,555-1001152,2023-08-04,low
CUST101153,First1153,Last1153,customer1153@example.com,555-1001153,2024-07-28,low
CUST101154,First1154,Last1154,customer1154@example.com,555-1001154,2024-10-03,low
CUST101155,First1155,Last1155,customer1155@example.com,555-1001155,2023-02-25,low
CUST101156,First1156,Last1156,customer1156@example.com,555-1001156,2024-08-06,low
CUST101157,First1157,Last1157,customer1157@example.com,555-1001157,2023-12-09,low
CUST101158,First1158,Last1158,customer1158@example.com,555-1001158,2024-02-18,low
CUST101159,First1159,Last1159,customer1159@example.com,555-1001159,2023-02-22,medium
CUST101160,First1160,Last1160,customer1160@example.com,555-1001160,2024-04-21,low
CUST101161,First1161,Last1161,customer1161@example.com,555-1001161,2024-04-19,low
CUST101162,First1162,Last1162,customer1162@example.com,555-1001162,2024-04-08,medium
CUST101163,First1163,Last1163,customer1163@example.com,555-1001163,2024-07-07,low
CUST101164,First1164,Last1164,customer1164@example.com,555-1001164,2024-10-24,low
CUST101165,First1165,Last1165,customer1165@example.com,555-1001165,2024-08-17,medium
CUST101166,First1166,Last1166,customer1166@example.com,555-1001166,2024-06-05,medium
CUST101167,First1167,Last1167,customer1167@example.com,555-1001167,2024-11-17,low
CUST101168,First1168,Last1168,customer1168@example.com,555-1001168,2024-04-17,medium
CUST101169,First1169,Last1169,customer1169@example.com,555-1001169,2024-04-15,low
CUST101170,First1170,Last1170,customer1170@example.com,555-1001170,2024-01-15,low
CUST101171,First1171,Last1171,customer1171@example.com,555-1001171,2024-06-22,medium
CUST101172,First1172,Last1172,customer1172@example.com,555-1001172,2023-02-19,low
CUST101173,First1173,Last1173,customer1173@example.com,555-1001173,2023-12-21,medium
CUST101174,First1174,Last1174,customer1174@example.com,555-1001174,2023-10-25,low
CUST101175,First1175,Last1175,customer1175@example.com,555-1001175,2024-09-30,medium
CUST101176,First1176,Last1176,customer1176@example.com,555-1001176,2023-02-20,low
CUST101177,First1177,Last1177,customer1177@example.com,555-1001177,2024-03-26,low
CUST101178,First1178,Last1178,customer1178@example.com,555-1001178,2023-05-10,low
CUST101179,First1179,Last1179,customer1179@example.com,555-1001179,2024-09-10,low
CUST101180,First1180,Last1180,customer1180@example.com,555-1001180,2024-08-19,medium
CUST101181,First1181,Last1181,customer1181@example.com,555-1001181,2023-06-14,low
CUST101182,First1182,Last1182,customer1182@example.com,555-1001182,2024-09-02,low
CUST101183,First1183,Last1183,customer1183@example.com,555-1001183,2023-12-14,low
CUST101184,First1184,Last1184,customer1184@example.com,555-1001184,2024-11-10,low
CUST101185,First1185,Last1185,customer1185@example.com,555-1001185,2024-05-25,medium
CUST101186,First1186,Last1186,customer1186@example.com,555-1001186,2023-01-25,low
CUST101187,First1187,Last1187,customer1187@example.com,555-1001187,2023-05-22,high
CUST101188,First1188,Last1188,customer1188@example.com,555-1001188,2023-10-10,low
CUST101189,First1189,Last1189,customer1189@example.com,555-1001189,2023-05-28,low
CUST101190,First1190,Last1190,customer1190@example.com,555-1001190,2023-04-03,low
CUST101191,First1191,Last1191,customer1191@example.com,555-1001191,2024-11-15,low
CUST101192,First1192,Last1192,customer1192@example.com,555-1001192,2024-08-31,medium
CUST101193,First1193,Last1193,customer1193@example.com,555-1001193,2023-11-01,high
CUST101194,First1194,Last1194,customer1194@example.com,555-1001194,2023-05-31,medium
CUST101195,First1195,Last1195,customer1195@example.com,555-1001195,2023-05-08,low
CUST101196,First1196,Last1196,customer1196@example.com,555-1001196,2024-10-03,low
CUST101197,First1197,Last1197,customer1197@example.com,555-1001197,2023-08-21,low
CUST101198,First1198,Last1198,customer1198@example.com,555-1001198,2023-01-09,low
CUST101199,First1199,Last1199,customer1199@example.com,555-1001199,2023-10-06,medium
CUST101200,First1200,Last1200,customer1200@example.com,555-1001200,2023-11-15,low
CUST101201,First1201,Last1201,customer1201@example.com,555-1001201,2024-03-12,low
CUST101202,First1202,Last1202,customer1202@example.com,555-1001202,2023-08-26,medium
CUST101203,First1203,Last1203,customer1203@example.com,555-1001203,2024-10-08,medium
CUST101204,First1204,Last1204,customer1204@example.com,555-1001204,2024-03-26,low
CUST101205,First1205,Last1205,customer1205@example.com,555-1001205,2024-11-21,low
CUST101206,First1206,Last1206,customer1206@example.com,555-1001206,2023-09-14,low
CUST101207,First1207,Last1207,customer1207@example.com,555-1001207,2024-04-01,low
CUST101208,First1208,Last1208,customer1208@example.com,555-1001208,2023-09-13,low
CUST101209,First1209,Last1209,customer1209@example.com,555-1001209,2024-05-04,low
CUST101210,First1210,Last1210,customer1210@example.com,555-1001210,2024-06-05,medium
CUST101211,First1211,Last1211,customer1211@example.com,555-1001211,2023-08-14,medium
CUST101212,First1212,Last1212,customer1212@example.com,555-1001212,2024-10-18,low
CUST101213,First1213,Last1213,customer1213@example.com,555-1001213,2024-08-23,low
CUST101214,First1214,Last1214,customer1214@example.com,555-1001214,2024-09-18,low
CUST101215,First1215,Last1215,customer1215@example.com,555-1001215,2023-06-02,low
CUST101216,First1216,Last1216,customer1216@example.com,555-1001216,2024-05-17,low
CUST101217,First1217,Last1217,customer1217@example.com,555-1001217,2023-03-16,low
CUST101218,First1218,Last1218,customer1218@example.com,555-1001218,2023-03-15,low
CUST101219,First1219,Last1219,customer1219@example.com,555-1001219,2024-11-12,low
CUST101220,First1220,Last1220,customer1220@example.com,555-1001220,2023-04-18,low
CUST101221,First1221,Last1221,customer1221@example.com,555-1001221,2024-08-27,low
CUST101222,First1222,Last1222,customer1222@example.com,555-1001222,2023-10-29,medium
CUST101223,First1223,Last1223,customer1223@example.com,555-1001223,2023-08-01,low
CUST101224,First1224,Last1224,customer1224@example.com,555-1001224,2023-02-21,low
CUST101225,First1225,Last1225,customer1225@example.com,555-1001225,2024-04-17,medium
CUST101226,First1226,Last1226,customer1226@example.com,555-1001226,2024-05-19,low
CUST101227,First1227,Last1227,customer1227@example.com,555-1001227,2023-11-23,low
CUST101228,First1228,Last1228,customer1228@example.com,555-1001228,2024-07-20,medium
CUST101229,First1229,Last1229,customer1229@example.com,555-1001229,2023-08-15,low
CUST101230,First1230,Last1230,customer1230@example.com,555-1001230,2024-01-22,low
CUST101231,First1231,Last1231,customer1231@example.com,555-1001231,2023-07-20,low
CUST101232,First1232,Last1232,customer1232@example.com,555-1001232,2024-02-12,low
CUST101233,First1233,Last1233,customer1233@example.com,555-1001233,2023-04-06,low
CUST101234,First1234,Last1234,customer1234@example.com,555-1001234,2023-11-30,low
CUST101235,First1235,Last1235,customer1235@example.com,555-1001235,2024-01-20,low
CUST101236,First1236,Last1236,customer1236@example.com,555-1001236,2024-01-25,low
CUST101237,First1237,Last1237,customer1237@example.com,555-1001237,2023-11-09,low
CUST101238,First1238,Last1238,customer1238@example.com,555-1001238,2024-03-26,low
CUST101239,First1239,Last1239,customer1239@example.com,555-1001239,2023-12-25,low
CUST101240,First1240,Last1240,customer1240@example.com,555-1001240,2023-07-18,medium
CUST101241,First1241,Last1241,customer1241@example.com,555-1001241,2023-05-31,low
CUST101242,First1242,Last1242,customer1242@example.com,555-1001242,2024-03-29,low
CUST101243,First1243,Last1243,customer1243@example.com,555-1001243,2024-10-19,low
CUST101244,First1244,Last1244,customer1244@example.com,555-1001244,2024-06-11,low
CUST101245,First1245,Last1245,customer1245@example.com,555-1001245,2024-03-23,low
CUST101246,First1246,Last1246,customer1246@example.com,555-1001246,2024-10-07,low
CUST101247,First1247,Last1247,customer1247@example.com,555-1001247,2024-09-21,low
CUST101248,First1248,Last1248,customer1248@example.com,555-1001248,2023-12-21,medium
CUST101249,First1249,Last1249,customer1249@example.com,555-1001249,2023-03-18,medium
CUST101250,First1250,Last1250,customer1250@example.com,555-1001250,2024-03-19,low
CUST101251,First1251,Last1251,customer1251@example.com,555-1001251,2024-03-11,low
CUST101252,First1252,Last1252,customer1252@example.com,555-1001252,2023-07-14,low
CUST101253,First1253,Last1253,customer1253@example.com,555-1001253,2024-08-17,low
CUST101254,First1254,Last1254,customer1254@example.com,555-1001254,2024-08-31,low
CUST101255,First1255,Last1255,customer1255@example.com,555-1001255,2023-08-20,medium
CUST101256,First1256,Last1256,customer1256@example.com,555-1001256,2023-11-30,medium
CUST101257,First1257,Last1257,customer1257@example.com,555-1001257,2023-05-17,medium
CUST101258,First1258,Last1258,customer1258@example.com,555-1001258,2023-05-05,low
CUST101259,First1259,Last1259,customer1259@example.com,555-1001259,2023-07-05,high
CUST101260,First1260,Last1260,customer1260@example.com,555-1001260,2023-09-14,low
CUST101261,First1261,Last1261,customer1261@example.com,555-1001261,2023-07-11,low
CUST101262,First1262,Last1262,customer1262@example.com,555-1001262,2023-04-17,low
CUST101263,First1263,Last1263,customer1263@example.com,555-1001263,2023-11-10,medium
CUST101264,First1264,Last1264,customer1264@example.com,555-1001264,2024-03-12,low
CUST101265,First1265,Last1265,customer1265@example.com,555-1001265,2023-08-17,medium
CUST101266,First1266,Last1266,customer1266@example.com,555-1001266,2024-01-09,low
CUST101267,First1267,Last1267,customer1267@example.com,555-1001267,2023-07-09,high
CUST101268,First1268,Last1268,customer1268@example.com,555-1001268,2024-05-07,low
CUST101269,First1269,Last1269,customer1269@example.com,555-1001269,2024-03-29,low
CUST101270,First1270,Last1270,customer1270@example.com,555-1001270,2024-11-03,high
CUST101271,First1271,Last1271,customer1271@example.com,555-1001271,2023-02-07,low
CUST101272,First1272,Last1272,customer1272@example.com,555-1001272,2024-08-20,low
CUST101273,First1273,Last1273,customer1273@example.com,555-1001273,2023-08-27,low
CUST101274,First1274,Last1274,customer1274@example.com,555-1001274,2023-02-16,low
CUST101275,First1275,Last1275,customer1275@example.com,555-1001275,2024-04-27,low
CUST101276,First1276,Last1276,customer1276@example.com,555-1001276,2023-05-01,low
CUST101277,First1277,Last1277,customer1277@example.com,555-1001277,2023-05-04,low
CUST101278,First1278,Last1278,customer1278@example.com,555-1001278,2024-11-16,medium
CUST101279,First1279,Last1279,customer1279@example.com,555-1001279,2023-06-04,low
CUST101280,First1280,Last1280,customer1280@example.com,555-1001280,2024-01-19,low
CUST101281,First1281,Last1281,customer1281@example.com,555-1001281,2023-05-21,low
CUST101282,First1282,Last1282,customer1282@example.com,555-1001282,2023-03-28,low
CUST101283,First1283,Last1283,customer1283@example.com,555-1001283,2023-01-01,low
CUST101284,First1284,Last1284,customer1284@example.com,555-1001284,2023-01-12,medium
CUST101285,First1285,Last1285,customer1285@example.com,555-1001285,2023-11-28,medium
CUST101286,First1286,Last1286,customer1286@example.com,555-1001286,2023-10-31,low
CUST101287,First1287,Last1287,customer1287@example.com,555-1001287,2023-01-28,low
CUST101288,First1288,Last1288,customer1288@example.com,555-1001288,2023-09-02,low
CUST101289,First1289,Last1289,customer1289@example.com,555-1001289,2023-07-11,low
CUST101290,First1290,Last1290,customer1290@example.com,555-1001290,2024-02-04,low
CUST101291,First1291,Last1291,customer1291@example.com,555-1001291,2024-11-27,low
CUST101292,First1292,Last1292,customer1292@example.com,555-1001292,2024-04-29,low
CUST101293,First1293,Last1293,customer1293@example.com,555-1001293,2024-10-04,low
CUST101294,First1294,Last1294,customer1294@example.com,555-1001294,2023-05-15,low
CUST101295,First1295,Last1295,customer1295@example.com,555-1001295,2023-05-31,low
CUST101296,First1296,Last1296,customer1296@example.com,555-1001296,2024-06-09,low
CUST101297,First1297,Last1297,customer1297@example.com,555-1001297,2023-08-06,low
CUST101298,First1298,Last1298,customer1298@example.com,555-1001298,2024-08-17,medium
CUST101299,First1299,Last1299,customer1299@example.com,555-1001299,2023-11-21,low
CUST101300,First1300,Last1300,customer1300@example.com,555-1001300,2023-05-21,low
CUST101301,First1301,Last1301,customer1301@example.com,555-1001301,2024-08-14,low
CUST101302,First1302,Last1302,customer1302@example.com,555-1001302,2024-01-21,medium
CUST101303,First1303,Last1303,customer1303@example.com,555-1001303,2024-07-15,low
CUST101304,First1304,Last1304,customer1304@example.com,555-1001304,2023-11-13,medium
CUST101305,First1305,Last1305,customer1305@example.com,555-1001305,2023-03-30,medium
CUST101306,First1306,Last1306,customer1306@example.com,555-1001306,2024-04-21,low
CUST101307,First1307,Last1307,customer1307@example.com,555-1001307,2023-03-29,low
CUST101308,First1308,Last1308,customer1308@example.com,555-1001308,2024-04-09,low
CUST101309,First1309,Last1309,customer1309@example.com,555-1001309,2023-10-19,medium
CUST101310,First1310,Last1310,customer1310@example.com,555-1001310,2024-07-08,low
CUST101311,First1311,Last1311,customer1311@example.com,555-1001311,2024-09-01,medium
CUST101312,First1312,Last1312,customer1312@example.com,555-1001312,2023-10-13,low
CUST101313,First1313,Last1313,customer1313@example.com,555-1001313,2024-09-09,low
CUST101314,First1314,Last1314,customer1314@example.com,555-1001314,2023-03-19,low
CUST101315,First1315,Last1315,customer1315@example.com,555-1001315,2023-03-17,low
CUST101316,First1316,Last1316,customer1316@example.com,555-1001316,2024-11-26,low
CUST101317,First1317,Last1317,customer1317@example.com,555-1001317,2024-02-07,low
CUST101318,First1318,Last1318,customer1318@example.com,555-1001318,2023-11-12,medium
CUST101319,First1319,Last1319,customer1319@example.com,555-1001319,2023-04-19,medium
CUST101320,First1320,Last1320,customer1320@example.com,555-1001320,2023-07-22,low
CUST101321,First1321,Last1321,customer1321@example.com,555-1001321,2024-04-25,low
CUST101322,First1322,Last1322,customer1322@example.com,555-1001322,2024-07-29,low
CUST101323,First1323,Last1323,customer1323@example.com,555-1001323,2024-10-03,medium
CUST101324,First1324,Last1324,customer1324@example.com,555-1001324,2023-10-13,low
CUST101325,First1325,Last1325,customer1325@example.com,555-1001325,2023-11-15,medium
CUST101326,First1326,Last1326,customer1326@example.com,555-1001326,2023-04-25,low
CUST101327,First1327,Last1327,customer1327@example.com,555-1001327,2023-02-28,low
CUST101328,First1328,Last1328,customer1328@example.com,555-1001328,2023-11-03,low
CUST101329,First1329,Last1329,customer1329@example.com,555-1001329,2024-02-10,low
CUST101330,First1330,Last1330,customer1330@example.com,555-1001330,2023-03-15,medium
CUST101331,First1331,Last1331,customer1331@example.com,555-1001331,2023-10-13,low
CUST101332,First1332,Last1332,customer1332@example.com,555-1001332,2024-03-25,low
CUST101333,First1333,Last1333,customer1333@example.com,555-1001333,2024-07-21,high
CUST101334,First1334,Last1334,customer1334@example.com,555-1001334,2024-10-18,high
CUST101335,First1335,Last1335,customer1335@example.com,555-1001335,2023-08-27,medium
CUST101336,First1336,Last1336,customer1336@example.com,555-1001336,2023-10-02,low
CUST101337,First1337,Last1337,customer1337@example.com,555-1001337,2024-09-04,low
CUST101338,First1338,Last1338,customer1338@example.com,555-1001338,2024-04-30,medium
CUST101339,First1339,Last1339,customer1339@example.com,555-1001339,2023-07-11,low
CUST101340,First1340,Last1340,customer1340@example.com,555-1001340,2024-04-24,low
CUST101341,First1341,Last1341,customer1341@example.com,555-1001341,2023-04-21,medium
CUST101342,First1342,Last1342,customer1342@example.com,555-1001342,2023-11-11,low
CUST101343,First1343,Last1343,customer1343@example.com,555-1001343,2023-08-03,low
CUST101344,First1344,Last1344,customer1344@example.com,555-1001344,2024-11-25,high
CUST101345,First1345,Last1345,customer1345@example.com,555-1001345,2023-01-25,low
CUST101346,First1346,Last1346,customer1346@example.com,555-1001346,2024-08-22,low
CUST101347,First1347,Last1347,customer1347@example.com,555-1001347,2023-07-16,low
CUST101348,First1348,Last1348,customer1348@example.com,555-1001348,2023-01-26,low
CUST101349,First1349,Last1349,customer1349@example.com,555-1001349,2024-04-07,low
CUST101350,First1350,Last1350,customer1350@example.com,555-1001350,2024-04-19,medium
CUST101351,First1351,Last1351,customer1351@example.com,555-1001351,2023-04-10,medium
CUST101352,First1352,Last1352,customer1352@example.com,555-1001352,2023-01-27,low
CUST101353,First1353,Last1353,customer1353@example.com,555-1001353,2023-03-19,low
CUST101354,First1354,Last1354,customer1354@example.com,555-1001354,2023-10-14,medium
CUST101355,First1355,Last1355,customer1355@example.com,555-1001355,2023-04-03,low
CUST101356,First1356,Last1356,customer1356@example.com,555-1001356,2024-05-07,low
CUST101357,First1357,Last1357,customer1357@example.com,555-1001357,2023-02-24,low
CUST101358,First1358,Last1358,customer1358@example.com,555-1001358,2024-07-06,low
CUST101359,First1359,Last1359,customer1359@example.com,555-1001359,2024-09-04,low
CUST101360,First1360,Last1360,customer1360@example.com,555-1001360,2024-05-16,low
CUST101361,First1361,Last1361,customer1361@example.com,555-1001361,2024-10-22,low
CUST101362,First1362,Last1362,customer1362@example.com,555-1001362,2024-10-19,low
CUST101363,First1363,Last1363,customer1363@example.com,555-1001363,2023-02-02,low
CUST101364,First1364,Last1364,customer1364@example.com,555-1001364,2023-08-28,low
CUST101365,First1365,Last1365,customer1365@example.com,555-1001365,2024-06-16,low
CUST101366,First1366,Last1366,customer1366@example.com,555-1001366,2023-08-26,low
CUST101367,First1367,Last1367,customer1367@example.com,555-1001367,2024-05-31,low
CUST101368,First1368,Last1368,customer1368@example.com,555-1001368,2024-06-26,low
CUST101369,First1369,Last1369,customer1369@example.com,555-1001369,2024-11-28,low
CUST101370,First1370,Last1370,customer1370@example.com,555-1001370,2023-08-19,low
CUST101371,First1371,Last1371,customer1371@example.com,555-1001371,2023-09-01,medium
CUST101372,First1372,Last1372,customer1372@example.com,555-1001372,2023-01-17,low
CUST101373,First1373,Last1373,customer1373@example.com,555-1001373,2023-07-19,medium
CUST101374,First1374,Last1374,customer1374@example.com,555-1001374,2023-07-16,high
CUST101375,First1375,Last1375,customer1375@example.com,555-1001375,2023-11-14,low
CUST101376,First1376,Last1376,customer1376@example.com,555-1001376,2023-10-22,low
CUST101377,First1377,Last1377,customer1377@example.com,555-1001377,2024-08-22,medium
CUST101378,First1378,Last1378,customer1378@example.com,555-1001378,2024-06-25,low
CUST101379,First1379,Last1379,customer1379@example.com,555-1001379,2024-05-25,low
CUST101380,First1380,Last1380,customer1380@example.com,555-1001380,2023-01-04,low
CUST101381,First1381,Last1381,customer1381@example.com,555-1001381,2023-11-27,low
CUST101382,First1382,Last1382,customer1382@example.com,555-1001382,2024-05-25,low
CUST101383,First1383,Last1383,customer1383@example.com,555-1001383,2023-06-21,high
CUST101384,First1384,Last1384,customer1384@example.com,555-1001384,2023-10-25,high
CUST101385,First1385,Last1385,customer1385@example.com,555-1001385,2024-05-23,low
CUST101386,First1386,Last1386,customer1386@example.com,555-1001386,2024-07-10,medium
CUST101387,First1387,Last1387,customer1387@example.com,555-1001387,2024-08-21,low
CUST101388,First1388,Last1388,customer1388@example.com,555-1001388,2023-10-28,medium
CUST101389,First1389,Last1389,customer1389@example.com,555-1001389,2023-10-07,low
CUST101390,First1390,Last1390,customer1390@example.com,555-1001390,2023-09-25,medium
CUST101391,First1391,Last1391,customer1391@example.com,555-1001391,2024-04-13,medium
CUST101392,First1392,Last1392,customer1392@example.com,555-1001392,2023-10-21,low
CUST101393,First1393,Last1393,customer1393@example.com,555-1001393,2023-10-08,low
CUST101394,First1394,Last1394,customer1394@example.com,555-1001394,2023-04-28,medium
CUST101395,First1395,Last1395,customer1395@example.com,555-1001395,2023-12-01,low
CUST101396,First1396,Last1396,customer1396@example.com,555-1001396,2023-06-16,low
CUST101397,First1397,Last1397,customer1397@example.com,555-1001397,2024-01-03,medium
CUST101398,First1398,Last1398,customer1398@example.com,555-1001398,2024-09-14,low
CUST101399,First1399,Last1399,customer1399@example.com,555-1001399,2024-06-27,low
CUST101400,First1400,Last1400,customer1400@example.com,555-1001400,2023-12-01,low
CUST101401,First1401,Last1401,customer1401@example.com,555-1001401,2024-11-15,low
CUST101402,First1402,Last1402,customer1402@example.com,555-1001402,2024-11-17,high
CUST101403,First1403,Last1403,customer1403@example.com,555-1001403,2023-11-08,low
CUST101404,First1404,Last1404,customer1404@example.com,555-1001404,2024-06-18,low
CUST101405,First1405,Last1405,customer1405@example.com,555-1001405,2023-08-28,low
CUST101406,First1406,Last1406,customer1406@example.com,555-1001406,2024-09-07,high
CUST101407,First1407,Last1407,customer1407@example.com,555-1001407,2023-09-19,low
CUST101408,First1408,Last1408,customer1408@example.com,555-1001408,2023-06-30,medium
CUST101409,First1409,Last1409,customer1409@example.com,555-1001409,2023-04-04,medium
CUST101410,First1410,Last1410,customer1410@example.com,555-1001410,2024-08-12,medium
CUST101411,First1411,Last1411,customer1411@example.com,555-1001411,2023-07-27,high
CUST101412,First1412,Last1412,customer1412@example.com,555-1001412,2024-07-23,medium
CUST101413,First1413,Last1413,customer1413@example.com,555-1001413,2023-03-02,medium
CUST101414,First1414,Last1414,customer1414@example.com,555-1001414,2023-12-17,low
CUST101415,First1415,Last1415,customer1415@example.com,555-1001415,2023-10-27,medium
CUST101416,First1416,Last1416,customer1416@example.com,555-1001416,2023-11-04,low
CUST101417,First1417,Last1417,customer1417@example.com,555-1001417,2023-04-28,low
CUST101418,First1418,Last1418,customer1418@example.com,555-1001418,2023-02-21,medium
CUST101419,First1419,Last1419,customer1419@example.com,555-1001419,2023-08-31,high
CUST101420,First1420,Last1420,customer1420@example.com,555-1001420,2023-11-26,medium
CUST101421,First1421,Last1421,customer1421@example.com,555-1001421,2024-07-09,low
CUST101422,First1422,Last1422,customer1422@example.com,555-1001422,2023-11-20,low
CUST101423,First1423,Last1423,customer1423@example.com,555-1001423,2023-06-22,low
CUST101424,First1424,Last1424,customer1424@example.com,555-1001424,2023-07-03,low
CUST101425,First1425,Last1425,customer1425@example.com,555-1001425,2024-03-04,low
CUST101426,First1426,Last1426,customer1426@example.com,555-1001426,2023-11-01,low
CUST101427,First1427,Last1427,customer1427@example.com,555-1001427,2024-09-22,low
CUST101428,First1428,Last1428,customer1428@example.com,555-1001428,2023-11-04,medium
CUST101429,First1429,Last1429,customer1429@example.com,555-1001429,2024-02-01,low
CUST101430,First1430,Last1430,customer1430@example.com,555-1001430,2023-02-14,medium
CUST101431,First1431,Last1431,customer1431@example.com,555-1001431,2023-05-16,low
CUST101432,First1432,Last1432,customer1432@example.com,555-1001432,2024-08-18,low
CUST101433,First1433,Last1433,customer1433@example.com,555-1001433,2023-08-30,low
CUST101434,First1434,Last1434,customer1434@example.com,555-1001434,2023-10-22,low
CUST101435,First1435,Last1435,customer1435@example.com,555-1001435,2024-02-18,high
CUST101436,First1436,Last1436,customer1436@example.com,555-1001436,2023-02-10,low
CUST101437,First1437,Last1437,customer1437@example.com,555-1001437,2023-12-21,low
CUST101438,First1438,Last1438,customer1438@example.com,555-1001438,2023-08-31,medium
CUST101439,First1439,Last1439,customer1439@example.com,555-1001439,2023-04-15,high
CUST101440,First1440,Last1440,customer1440@example.com,555-1001440,2023-10-20,low
CUST101441,First1441,Last1441,customer1441@example.com,555-1001441,2023-11-09,low
CUST101442,First1442,Last1442,customer1442@example.com,555-1001442,2023-05-11,low
CUST101443,First1443,Last1443,customer1443@example.com,555-1001443,2024-01-16,low
CUST101444,First1444,Last1444,customer1444@example.com,555-1001444,2024-06-06,low
CUST101445,First1445,Last1445,customer1445@example.com,555-1001445,2023-07-07,low
CUST101446,First1446,Last1446,customer1446@example.com,555-1001446,2024-11-07,medium
CUST101447,First1447,Last1447,customer1447@example.com,555-1001447,2024-03-04,low
CUST101448,First1448,Last1448,customer1448@example.com,555-1001448,2024-06-25,low
CUST101449,First1449,Last1449,customer1449@example.com,555-1001449,2023-02-19,low
CUST101450,First1450,Last1450,customer1450@example.com,555-1001450,2024-06-21,medium
CUST101451,First1451,Last1451,customer1451@example.com,555-1001451,2023-08-24,low
CUST101452,First1452,Last1452,customer1452@example.com,555-1001452,2024-05-12,medium
CUST101453,First1453,Last1453,customer1453@example.com,555-1001453,2024-07-16,medium
CUST101454,First1454,Last1454,customer1454@example.com,555-1001454,2023-06-25,low
CUST101455,First1455,Last1455,customer1455@example.com,555-1001455,2023-07-01,low
CUST101456,First1456,Last1456,customer1456@example.com,555-1001456,2023-02-11,low
CUST101457,First1457,Last1457,customer1457@example.com,555-1001457,2024-02-28,low
CUST101458,First1458,Last1458,customer1458@example.com,555-1001458,2024-06-25,medium
CUST101459,First1459,Last1459,customer1459@example.com,555-1001459,2023-10-15,low
CUST101460,First1460,Last1460,customer1460@example.com,555-1001460,2023-04-23,medium
CUST101461,First1461,Last1461,customer1461@example.com,555-1001461,2023-08-10,low
CUST101462,First1462,Last1462,customer1462@example.com,555-1001462,2023-10-09,low
CUST101463,First1463,Last1463,customer1463@example.com,555-1001463,2024-10-03,low
CUST101464,First1464,Last1464,customer1464@example.com,555-1001464,2023-03-28,low
CUST101465,First1465,Last1465,customer1465@example.com,555-1001465,2023-08-29,low
CUST101466,First1466,Last1466,customer1466@example.com,555-1001466,2024-03-22,low
CUST101467,First1467,Last1467,customer1467@example.com,555-1001467,2023-06-15,low
CUST101468,First1468,Last1468,customer1468@example.com,555-1001468,2024-09-11,medium
CUST101469,First1469,Last1469,customer1469@example.com,555-1001469,2024-09-28,low
CUST101470,First1470,Last1470,customer1470@example.com,555-1001470,2023-09-24,medium
CUST101471,First1471,Last1471,customer1471@example.com,555-1001471,2024-06-06,low
CUST101472,First1472,Last1472,customer1472@example.com,555-1001472,2024-06-13,low
CUST101473,First1473,Last1473,customer1473@example.com,555-1001473,2024-04-22,low
CUST101474,First1474,Last1474,customer1474@example.com,555-1001474,2023-05-11,low
CUST101475,First1475,Last1475,customer1475@example.com,555-1001475,2023-02-04,low
CUST101476,First1476,Last1476,customer1476@example.com,555-1001476,2023-09-01,low
CUST101477,First1477,Last1477,customer1477@example.com,555-1001477,2023-04-02,high
CUST101478,First1478,Last1478,customer1478@example.com,555-1001478,2023-07-24,low
CUST101479,First1479,Last1479,customer1479@example.com,555-1001479,2024-03-22,low
CUST101480,First1480,Last1480,customer1480@example.com,555-1001480,2024-02-17,low
CUST101481,First1481,Last1481,customer1481@example.com,555-1001481,2023-05-27,low
CUST101482,First1482,Last1482,customer1482@example.com,555-1001482,2023-01-13,low
CUST101483,First1483,Last1483,customer1483@example.com,555-1001483,2023-06-07,low
CUST101484,First1484,Last1484,customer1484@example.com,555-1001484,2023-11-15,low
CUST101485,First1485,Last1485,customer1485@example.com,555-1001485,2024-06-29,low
CUST101486,First1486,Last1486,customer1486@example.com,555-1001486,2023-09-13,high
CUST101487,First1487,Last1487,customer1487@example.com,555-1001487,2023-07-20,low
CUST101488,First1488,Last1488,customer1488@example.com,555-1001488,2024-01-21,medium
CUST101489,First1489,Last1489,customer1489@example.com,555-1001489,2023-02-20,low
CUST101490,First1490,Last1490,customer1490@example.com,555-1001490,2023-06-07,low
CUST101491,First1491,Last1491,customer1491@example.com,555-1001491,2023-01-26,medium
CUST101492,First1492,Last1492,customer1492@example.com,555-1001492,2024-01-03,low
CUST101493,First1493,Last1493,customer1493@example.com,555-1001493,2023-11-07,medium
CUST101494,First1494,Last1494,customer1494@example.com,555-1001494,2024-02-12,low
CUST101495,First1495,Last1495,customer1495@example.com,555-1001495,2024-03-07,low
CUST101496,First1496,Last1496,customer1496@example.com,555-1001496,2023-10-04,medium
CUST101497,First1497,Last1497,customer1497@example.com,555-1001497,2024-08-31,low
CUST101498,First1498,Last1498,customer1498@example.com,555-1001498,2024-10-04,low
CUST101499,First1499,Last1499,customer1499@example.com,555-1001499,2023-03-19,low
CUST101500,First1500,Last1500,customer1500@example.com,555-1001500,2024-10-06,low
CUST101501,First1501,Last1501,customer1501@example.com,555-1001501,2023-05-18,high
CUST101502,First1502,Last1502,customer1502@example.com,555-1001502,2023-06-23,low
CUST101503,First1503,Last1503,customer1503@example.com,555-1001503,2024-01-06,low
CUST101504,First1504,Last1504,customer1504@example.com,555-1001504,2023-01-21,medium
CUST101505,First1505,Last1505,customer1505@example.com,555-1001505,2023-09-12,low
CUST101506,First1506,Last1506,customer1506@example.com,555-1001506,2023-05-17,medium
CUST101507,First1507,Last1507,customer1507@example.com,555-1001507,2023-12-04,low
CUST101508,First1508,Last1508,customer1508@example.com,555-1001508,2024-07-24,low
CUST101509,First1509,Last1509,customer1509@example.com,555-1001509,2024-10-08,medium
CUST101510,First1510,Last1510,customer1510@example.com,555-1001510,2023-05-29,low
CUST101511,First1511,Last1511,customer1511@example.com,555-1001511,2024-01-17,low
CUST101512,First1512,Last1512,customer1512@example.com,555-1001512,2023-11-29,low
CUST101513,First1513,Last1513,customer1513@example.com,555-1001513,2023-10-18,medium
CUST101514,First1514,Last1514,customer1514@example.com,555-1001514,2024-03-18,medium
CUST101515,First1515,Last1515,customer1515@example.com,555-1001515,2024-11-23,low
CUST101516,First1516,Last1516,customer1516@example.com,555-1001516,2023-10-11,low
CUST101517,First1517,Last1517,customer1517@example.com,555-1001517,2023-02-15,high
CUST101518,First1518,Last1518,customer1518@example.com,555-1001518,2024-10-03,low
CUST101519,First1519,Last1519,customer1519@example.com,555-1001519,2024-10-14,low
CUST101520,First1520,Last1520,customer1520@example.com,555-1001520,2023-08-14,low
CUST101521,First1521,Last1521,customer1521@example.com,555-1001521,2023-12-18,low
CUST101522,First1522,Last1522,customer1522@example.com,555-1001522,2024-08-26,medium
CUST101523,First1523,Last1523,customer1523@example.com,555-1001523,2023-12-19,medium
CUST101524,First1524,Last1524,customer1524@example.com,555-1001524,2023-12-03,medium
CUST101525,First1525,Last1525,customer1525@example.com,555-1001525,2024-10-07,low
CUST101526,First1526,Last1526,customer1526@example.com,555-1001526,2024-08-03,low
CUST101527,First1527,Last1527,customer1527@example.com,555-1001527,2023-12-22,low
CUST101528,First1528,Last1528,customer1528@example.com,555-1001528,2023-04-24,low
CUST101529,First1529,Last1529,customer1529@example.com,555-1001529,2023-11-03,low
CUST101530,First1530,Last1530,customer1530@example.com,555-1001530,2024-04-18,low
CUST101531,First1531,Last1531,customer1531@example.com,555-1001531,2023-07-10,low
CUST101532,First1532,Last1532,customer1532@example.com,555-1001532,2024-01-12,low
CUST101533,First1533,Last1533,customer1533@example.com,555-1001533,2024-04-06,medium
CUST101534,First1534,Last1534,customer1534@example.com,555-1001534,2023-03-01,low
CUST101535,First1535,Last1535,customer1535@example.com,555-1001535,2024-02-03,low
CUST101536,First1536,Last1536,customer1536@example.com,555-1001536,2024-05-31,medium
CUST101537,First1537,Last1537,customer1537@example.com,555-1001537,2023-05-31,medium
CUST101538,First1538,Last1538,customer1538@example.com,555-1001538,2024-01-19,medium
CUST101539,First1539,Last1539,customer1539@example.com,555-1001539,2024-05-11,low
CUST101540,First1540,Last1540,customer1540@example.com,555-1001540,2023-02-01,medium
CUST101541,First1541,Last1541,customer1541@example.com,555-1001541,2024-03-26,low
CUST101542,First1542,Last1542,customer1542@example.com,555-1001542,2023-07-01,low
CUST101543,First1543,Last1543,customer1543@example.com,555-1001543,2023-10-06,low
CUST101544,First1544,Last1544,customer1544@example.com,555-1001544,2024-03-29,low
CUST101545,First1545,Last1545,customer1545@example.com,555-1001545,2023-01-04,low
CUST101546,First1546,Last1546,customer1546@example.com,555-1001546,2023-01-12,low
CUST101547,First1547,Last1547,customer1547@example.com,555-1001547,2023-11-09,medium
CUST101548,First1548,Last1548,customer1548@example.com,555-1001548,2024-10-26,low
CUST101549,First1549,Last1549,customer1549@example.com,555-1001549,2023-01-05,low
CUST101550,First1550,Last1550,customer1550@example.com,555-1001550,2024-07-06,low
CUST101551,First1551,Last1551,customer1551@example.com,555-1001551,2023-02-22,low
CUST101552,First1552,Last1552,customer1552@example.com,555-1001552,2023-12-09,low
CUST101553,First1553,Last1553,customer1553@example.com,555-1001553,2023-10-29,low
CUST101554,First1554,Last1554,customer1554@example.com,555-1001554,2023-11-24,low
CUST101555,First1555,Last1555,customer1555@example.com,555-1001555,2023-02-27,medium
CUST101556,First1556,Last1556,customer1556@example.com,555-1001556,2024-06-11,medium
CUST101557,First1557,Last1557,customer1557@example.com,555-1001557,2023-07-12,low
CUST101558,First1558,Last1558,customer1558@example.com,555-1001558,2024-06-23,low
CUST101559,First1559,Last1559,customer1559@example.com,555-1001559,2024-04-03,medium
CUST101560,First1560,Last1560,customer1560@example.com,555-1001560,2024-01-21,high
CUST101561,First1561,Last1561,customer1561@example.com,555-1001561,2023-08-05,low
CUST101562,First1562,Last1562,customer1562@example.com,555-1001562,2024-04-01,medium
CUST101563,First1563,Last1563,customer1563@example.com,555-1001563,2024-11-29,medium
CUST101564,First1564,Last1564,customer1564@example.com,555-1001564,2024-10-08,medium
CUST101565,First1565,Last1565,customer1565@example.com,555-1001565,2024-10-03,low
CUST101566,First1566,Last1566,customer1566@example.com,555-1001566,2023-06-03,low
CUST101567,First1567,Last1567,customer1567@example.com,555-1001567,2024-02-14,low
CUST101568,First1568,Last1568,customer1568@example.com,555-1001568,2023-10-06,low
CUST101569,First1569,Last1569,customer1569@example.com,555-1001569,2024-11-07,low
CUST101570,First1570,Last1570,customer1570@example.com,555-1001570,2024-10-27,low
CUST101571,First1571,Last1571,customer1571@example.com,555-1001571,2024-08-30,low
CUST101572,First1572,Last1572,customer1572@example.com,555-1001572,2023-04-24,low
CUST101573,First1573,Last1573,customer1573@example.com,555-1001573,2023-08-12,medium
CUST101574,First1574,Last1574,customer1574@example.com,555-1001574,2024-05-12,low
CUST101575,First1575,Last1575,customer1575@example.com,555-1001575,2024-06-08,low
CUST101576,First1576,Last1576,customer1576@example.com,555-1001576,2023-09-03,medium
CUST101577,First1577,Last1577,customer1577@example.com,555-1001577,2023-04-06,medium
CUST101578,First1578,Last1578,customer1578@example.com,555-1001578,2023-04-06,high
CUST101579,First1579,Last1579,customer1579@example.com,555-1001579,2024-04-24,medium
CUST101580,First1580,Last1580,customer1580@example.com,555-1001580,2023-11-14,medium
CUST101581,First1581,Last1581,customer1581@example.com,555-1001581,2023-12-10,low
CUST101582,First1582,Last1582,customer1582@example.com,555-1001582,2024-07-24,low
CUST101583,First1583,Last1583,customer1583@example.com,555-1001583,2023-01-12,low
CUST101584,First1584,Last1584,customer1584@example.com,555-1001584,2024-06-12,low
CUST101585,First1585,Last1585,customer1585@example.com,555-1001585,2023-07-11,medium
CUST101586,First1586,Last1586,customer1586@example.com,555-1001586,2024-10-13,low
CUST101587,First1587,Last1587,customer1587@example.com,555-1001587,2024-10-30,low
CUST101588,First1588,Last1588,customer1588@example.com,555-1001588,2023-12-18,low
CUST101589,First1589,Last1589,customer1589@example.com,555-1001589,2023-08-10,low
CUST101590,First1590,Last1590,customer1590@example.com,555-1001590,2023-06-13,low
CUST101591,First1591,Last1591,customer1591@example.com,555-1001591,2023-05-08,low
CUST101592,First1592,Last1592,customer1592@example.com,555-1001592,2024-11-30,medium
CUST101593,First1593,Last1593,customer1593@example.com,555-1001593,2023-05-12,low
CUST101594,First1594,Last1594,customer1594@example.com,555-1001594,2023-11-09,medium
CUST101595,First1595,Last1595,customer1595@example.com,555-1001595,2023-12-02,low
CUST101596,First1596,Last1596,customer1596@example.com,555-1001596,2024-04-20,low
CUST101597,First1597,Last1597,customer1597@example.com,555-1001597,2024-08-12,low
CUST101598,First1598,Last1598,customer1598@example.com,555-1001598,2024-01-26,medium
CUST101599,First1599,Last1599,customer1599@example.com,555-1001599,2024-06-14,low
CUST101600,First1600,Last1600,customer1600@example.com,555-1001600,2024-02-01,medium
CUST101601,First1601,Last1601,customer1601@example.com,555-1001601,2023-11-02,low
CUST101602,First1602,Last1602,customer1602@example.com,555-1001602,2023-04-21,low
CUST101603,First1603,Last1603,customer1603@example.com,555-1001603,2023-05-27,medium
CUST101604,First1604,Last1604,customer1604@example.com,555-1001604,2023-10-30,low
CUST101605,First1605,Last1605,customer1605@example.com,555-1001605,2023-02-02,low
CUST101606,First1606,Last1606,customer1606@example.com,555-1001606,2023-08-10,high
CUST101607,First1607,Last1607,customer1607@example.com,555-1001607,2023-11-20,low
CUST101608,First1608,Last1608,customer1608@example.com,555-1001608,2023-11-27,low
CUST101609,First1609,Last1609,customer1609@example.com,555-1001609,2024-07-24,low
CUST101610,First1610,Last1610,customer1610@example.com,555-1001610,2024-11-08,low
CUST101611,First1611,Last1611,customer1611@example.com,555-1001611,2024-05-25,medium
CUST101612,First1612,Last1612,customer1612@example.com,555-1001612,2023-02-25,medium
CUST101613,First1613,Last1613,customer1613@example.com,555-1001613,2023-10-14,low
CUST101614,First1614,Last1614,customer1614@example.com,555-1001614,2024-05-25,medium
CUST101615,First1615,Last1615,customer1615@example.com,555-1001615,2024-02-21,low
CUST101616,First1616,Last1616,customer1616@example.com,555-1001616,2023-11-17,low
CUST101617,First1617,Last1617,customer1617@example.com,555-1001617,2023-11-02,low
CUST101618,First1618,Last1618,customer1618@example.com,555-1001618,2023-10-12,high
CUST101619,First1619,Last1619,customer1619@example.com,555-1001619,2024-02-10,low
CUST101620,First1620,Last1620,customer1620@example.com,555-1001620,2023-05-06,low
CUST101621,First1621,Last1621,customer1621@example.com,555-1001621,2023-12-29,low
CUST101622,First1622,Last1622,customer1622@example.com,555-1001622,2023-05-25,medium
CUST101623,First1623,Last1623,customer1623@example.com,555-1001623,2024-04-21,low
CUST101624,First1624,Last1624,customer1624@example.com,555-1001624,2024-08-28,low
CUST101625,First1625,Last1625,customer1625@example.com,555-1001625,2023-12-22,medium
CUST101626,First1626,Last1626,customer1626@example.com,555-1001626,2023-09-29,low
CUST101627,First1627,Last1627,customer1627@example.com,555-1001627,2024-10-20,low
CUST101628,First1628,Last1628,customer1628@example.com,555-1001628,2024-04-06,low
CUST101629,First1629,Last1629,customer1629@example.com,555-1001629,2023-10-27,low
CUST101630,First1630,Last1630,customer1630@example.com,555-1001630,2023-01-21,low
CUST101631,First1631,Last1631,customer1631@example.com,555-1001631,2023-01-12,medium
CUST101632,First1632,Last1632,customer1632@example.com,555-1001632,2023-06-05,low
CUST101633,First1633,Last1633,customer1633@example.com,555-1001633,2023-06-15,low
CUST101634,First1634,Last1634,customer1634@example.com,555-1001634,2024-05-19,high
CUST101635,First1635,Last1635,customer1635@example.com,555-1001635,2023-12-17,low
CUST101636,First1636,Last1636,customer1636@example.com,555-1001636,2024-11-30,low
CUST101637,First1637,Last1637,customer1637@example.com,555-1001637,2024-01-14,medium
CUST101638,First1638,Last1638,customer1638@example.com,555-1001638,2024-09-24,low
CUST101639,First1639,Last1639,customer1639@example.com,555-1001639,2024-01-22,medium
CUST101640,First1640,Last1640,customer1640@example.com,555-1001640,2023-09-08,medium
CUST101641,First1641,Last1641,customer1641@example.com,555-1001641,2024-05-15,low
CUST101642,First1642,Last1642,customer1642@example.com,555-1001642,2023-11-11,low
CUST101643,First1643,Last1643,customer1643@example.com,555-1001643,2023-07-12,low
CUST101644,First1644,Last1644,customer1644@example.com,555-1001644,2023-11-28,low
CUST101645,First1645,Last1645,customer1645@example.com,555-1001645,2024-04-10,low
CUST101646,First1646,Last1646,customer1646@example.com,555-1001646,2023-09-20,low
CUST101647,First1647,Last1647,customer1647@example.com,555-1001647,2024-05-07,medium
CUST101648,First1648,Last1648,customer1648@example.com,555-1001648,2024-11-17,medium
CUST101649,First1649,Last1649,customer1649@example.com,555-1001649,2023-10-15,medium
CUST101650,First1650,Last1650,customer1650@example.com,555-1001650,2023-07-26,low
CUST101651,First1651,Last1651,customer1651@example.com,555-1001651,2023-10-09,low
CUST101652,First1652,Last1652,customer1652@example.com,555-1001652,2024-08-09,low
CUST101653,First1653,Last1653,customer1653@example.com,555-1001653,2023-05-06,low
CUST101654,First1654,Last1654,customer1654@example.com,555-1001654,2024-11-12,medium
CUST101655,First1655,Last1655,customer1655@example.com,555-1001655,2023-10-17,low
CUST101656,First1656,Last1656,customer1656@example.com,555-1001656,2024-08-12,low
CUST101657,First1657,Last1657,customer1657@example.com,555-1001657,2024-07-04,medium
CUST101658,First1658,Last1658,customer1658@example.com,555-1001658,2024-07-02,low
CUST101659,First1659,Last1659,customer1659@example.com,555-1001659,2024-09-28,low
CUST101660,First1660,Last1660,customer1660@example.com,555-1001660,2023-05-10,low
CUST101661,First1661,Last1661,customer1661@example.com,555-1001661,2024-02-20,low
CUST101662,First1662,Last1662,customer1662@example.com,555-1001662,2023-03-11,medium
CUST101663,First1663,Last1663,customer1663@example.com,555-1001663,2023-07-29,low
CUST101664,First1664,Last1664,customer1664@example.com,555-1001664,2023-01-29,medium
CUST101665,First1665,Last1665,customer1665@example.com,555-1001665,2024-04-22,medium
CUST101666,First1666,Last1666,customer1666@example.com,555-1001666,2024-03-01,medium
CUST101667,First1667,Last1667,customer1667@example.com,555-1001667,2024-06-02,low
CUST101668,First1668,Last1668,customer1668@example.com,555-1001668,2023-05-04,low
CUST101669,First1669,Last1669,customer1669@example.com,555-1001669,2023-08-21,medium
CUST101670,First1670,Last1670,customer1670@example.com,555-1001670,2024-04-18,low
CUST101671,First1671,Last1671,customer1671@example.com,555-1001671,2024-08-01,low
CUST101672,First1672,Last1672,customer1672@example.com,555-1001672,2024-09-11,medium
CUST101673,First1673,Last1673,customer1673@example.com,555-1001673,2023-02-21,low
CUST101674,First1674,Last1674,customer1674@example.com,555-1001674,2023-10-09,medium
CUST101675,First1675,Last1675,customer1675@example.com,555-1001675,2023-01-08,medium
CUST101676,First1676,Last1676,customer1676@example.com,555-1001676,2024-07-26,medium
CUST101677,First1677,Last1677,customer1677@example.com,555-1001677,2023-03-28,low
CUST101678,First1678,Last1678,customer1678@example.com,555-1001678,2024-07-29,medium
CUST101679,First1679,Last1679,customer1679@example.com,555-1001679,2023-04-20,low
CUST101680,First1680,Last1680,customer1680@example.com,555-1001680,2023-01-11,medium
CUST101681,First1681,Last1681,customer1681@example.com,555-1001681,2024-09-07,medium
CUST101682,First1682,Last1682,customer1682@example.com,555-1001682,2023-11-04,medium
CUST101683,First1683,Last1683,customer1683@example.com,555-1001683,2023-10-25,low
CUST101684,First1684,Last1684,customer1684@example.com,555-1001684,2024-03-28,low
CUST101685,First1685,Last1685,customer1685@example.com,555-1001685,2023-07-12,low
CUST101686,First1686,Last1686,customer1686@example.com,555-1001686,2024-04-28,low
CUST101687,First1687,Last1687,customer1687@example.com,555-1001687,2023-10-28,low
CUST101688,First1688,Last1688,customer1688@example.com,555-1001688,2023-07-10,low
CUST101689,First1689,Last1689,customer1689@example.com,555-1001689,2023-10-04,low
CUST101690,First1690,Last1690,customer1690@example.com,555-1001690,2023-01-05,medium
CUST101691,First1691,Last1691,customer1691@example.com,555-1001691,2023-07-31,medium
CUST101692,First1692,Last1692,customer1692@example.com,555-1001692,2024-02-19,low
CUST101693,First1693,Last1693,customer1693@example.com,555-1001693,2023-04-07,medium
CUST101694,First1694,Last1694,customer1694@example.com,555-1001694,2023-03-24,low
CUST101695,First1695,Last1695,customer1695@example.com,555-1001695,2024-04-04,low
CUST101696,First1696,Last1696,customer1696@example.com,555-1001696,2023-10-27,low
CUST101697,First1697,Last1697,customer1697@example.com,555-1001697,2023-04-06,medium
CUST101698,First1698,Last1698,customer1698@example.com,555-1001698,2024-06-07,high
CUST101699,First1699,Last1699,customer1699@example.com,555-1001699,2024-06-26,medium
CUST101700,First1700,Last1700,customer1700@example.com,555-1001700,2023-01-25,medium
CUST101701,First1701,Last1701,customer1701@example.com,555-1001701,2023-05-22,high
CUST101702,First1702,Last1702,customer1702@example.com,555-1001702,2023-09-17,low
CUST101703,First1703,Last1703,customer1703@example.com,555-1001703,2024-05-26,low
CUST101704,First1704,Last1704,customer1704@example.com,555-1001704,2023-02-21,low
CUST101705,First1705,Last1705,customer1705@example.com,555-1001705,2024-07-17,high
CUST101706,First1706,Last1706,customer1706@example.com,555-1001706,2023-08-12,low
CUST101707,First1707,Last1707,customer1707@example.com,555-1001707,2023-03-29,low
CUST101708,First1708,Last1708,customer1708@example.com,555-1001708,2024-08-27,medium
CUST101709,First1709,Last1709,customer1709@example.com,555-1001709,2023-03-02,low
CUST101710,First1710,Last1710,customer1710@example.com,555-1001710,2023-04-01,medium
CUST101711,First1711,Last1711,customer1711@example.com,555-1001711,2024-10-26,low
CUST101712,First1712,Last1712,customer1712@example.com,555-1001712,2023-12-30,high
CUST101713,First1713,Last1713,customer1713@example.com,555-1001713,2023-11-21,medium
CUST101714,First1714,Last1714,customer1714@example.com,555-1001714,2024-04-26,low
CUST101715,First1715,Last1715,customer1715@example.com,555-1001715,2024-03-17,medium
CUST101716,First1716,Last1716,customer1716@example.com,555-1001716,2024-03-05,low
CUST101717,First1717,Last1717,customer1717@example.com,555-1001717,2023-01-17,low
CUST101718,First1718,Last1718,customer1718@example.com,555-1001718,2024-01-22,low
CUST101719,First1719,Last1719,customer1719@example.com,555-1001719,2023-07-15,medium
CUST101720,First1720,Last1720,customer1720@example.com,555-1001720,2024-07-19,low
CUST101721,First1721,Last1721,customer1721@example.com,555-1001721,2023-12-20,low
CUST101722,First1722,Last1722,customer1722@example.com,555-1001722,2023-03-28,medium
CUST101723,First1723,Last1723,customer1723@example.com,555-1001723,2024-09-12,low
CUST101724,First1724,Last1724,customer1724@example.com,555-1001724,2023-07-18,low
CUST101725,First1725,Last1725,customer1725@example.com,555-1001725,2023-07-10,low
CUST101726,First1726,Last1726,customer1726@example.com,555-1001726,2024-10-17,low
CUST101727,First1727,Last1727,customer1727@example.com,555-1001727,2024-06-26,medium
CUST101728,First1728,Last1728,customer1728@example.com,555-1001728,2024-08-24,low
CUST101729,First1729,Last1729,customer1729@example.com,555-1001729,2024-04-08,low
CUST101730,First1730,Last1730,customer1730@example.com,555-1001730,2024-09-29,medium
CUST101731,First1731,Last1731,customer1731@example.com,555-1001731,2023-03-22,low
CUST101732,First1732,Last1732,customer1732@example.com,555-1001732,2024-02-24,medium
CUST101733,First1733,Last1733,customer1733@example.com,555-1001733,2023-07-25,low
CUST101734,First1734,Last1734,customer1734@example.com,555-1001734,2023-10-06,medium
CUST101735,First1735,Last1735,customer1735@example.com,555-1001735,2023-06-16,medium
CUST101736,First1736,Last1736,customer1736@example.com,555-1001736,2023-05-24,medium
CUST101737,First1737,Last1737,customer1737@example.com,555-1001737,2023-11-06,low
CUST101738,First1738,Last1738,customer1738@example.com,555-1001738,2024-10-04,low
CUST101739,First1739,Last1739,customer1739@example.com,555-1001739,2024-03-20,medium
CUST101740,First1740,Last1740,customer1740@example.com,555-1001740,2023-09-02,low
CUST101741,First1741,Last1741,customer1741@example.com,555-1001741,2023-10-31,low
CUST101742,First1742,Last1742,customer1742@example.com,555-1001742,2024-01-06,low
CUST101743,First1743,Last1743,customer1743@example.com,555-1001743,2023-06-21,high
CUST101744,First1744,Last1744,customer1744@example.com,555-1001744,2023-12-31,medium
CUST101745,First1745,Last1745,customer1745@example.com,555-1001745,2024-05-02,low
CUST101746,First1746,Last1746,customer1746@example.com,555-1001746,2023-06-20,medium
CUST101747,First1747,Last1747,customer1747@example.com,555-1001747,2024-02-14,low
CUST101748,First1748,Last1748,customer1748@example.com,555-1001748,2024-05-10,low
CUST101749,First1749,Last1749,customer1749@example.com,555-1001749,2023-12-30,low
CUST101750,First1750,Last1750,customer1750@example.com,555-1001750,2023-07-24,low
CUST101751,First1751,Last1751,customer1751@example.com,555-1001751,2024-01-24,low
CUST101752,First1752,Last1752,customer1752@example.com,555-1001752,2024-07-09,medium
CUST101753,First1753,Last1753,customer1753@example.com,555-1001753,2023-06-05,medium
CUST101754,First1754,Last1754,customer1754@example.com,555-1001754,2024-02-07,low
CUST101755,First1755,Last1755,customer1755@example.com,555-1001755,2024-04-21,low
CUST101756,First1756,Last1756,customer1756@example.com,555-1001756,2023-08-14,low
CUST101757,First1757,Last1757,customer1757@example.com,555-1001757,2023-09-29,high
CUST101758,First1758,Last1758,customer1758@example.com,555-1001758,2024-09-14,medium
CUST101759,First1759,Last1759,customer1759@example.com,555-1001759,2023-09-12,medium
CUST101760,First1760,Last1760,customer1760@example.com,555-1001760,2024-02-23,low
CUST101761,First1761,Last1761,customer1761@example.com,555-1001761,2023-04-15,low
CUST101762,First1762,Last1762,customer1762@example.com,555-1001762,2024-10-10,low
CUST101763,First1763,Last1763,customer1763@example.com,555-1001763,2024-02-22,low
CUST101764,First1764,Last1764,customer1764@example.com,555-1001764,2024-06-16,low
CUST101765,First1765,Last1765,customer1765@example.com,555-1001765,2024-02-26,low
CUST101766,First1766,Last1766,customer1766@example.com,555-1001766,2023-09-06,high
CUST101767,First1767,Last1767,customer1767@example.com,555-1001767,2023-08-27,low
CUST101768,First1768,Last1768,customer1768@example.com,555-1001768,2024-05-05,low
CUST101769,First1769,Last1769,customer1769@example.com,555-1001769,2024-08-24,medium
CUST101770,First1770,Last1770,customer1770@example.com,555-1001770,2023-03-31,low
CUST101771,First1771,Last1771,customer1771@example.com,555-1001771,2024-08-14,medium
CUST101772,First1772,Last1772,customer1772@example.com,555-1001772,2024-08-04,low
CUST101773,First1773,Last1773,customer1773@example.com,555-1001773,2023-03-18,medium
CUST101774,First1774,Last1774,customer1774@example.com,555-1001774,2023-03-17,low
CUST101775,First1775,Last1775,customer1775@example.com,555-1001775,2024-05-01,low
CUST101776,First1776,Last1776,customer1776@example.com,555-1001776,2024-08-12,medium
CUST101777,First1777,Last1777,customer1777@example.com,555-1001777,2023-10-03,low
CUST101778,First1778,Last1778,customer1778@example.com,555-1001778,2024-03-24,low
CUST101779,First1779,Last1779,customer1779@example.com,555-1001779,2024-11-30,low
CUST101780,First1780,Last1780,customer1780@example.com,555-1001780,2023-08-14,low
CUST101781,First1781,Last1781,customer1781@example.com,555-1001781,2023-06-07,medium
CUST101782,First1782,Last1782,customer1782@example.com,555-1001782,2024-11-25,low
CUST101783,First1783,Last1783,customer1783@example.com,555-1001783,2023-07-16,low
CUST101784,First1784,Last1784,customer1784@example.com,555-1001784,2023-11-27,low
CUST101785,First1785,Last1785,customer1785@example.com,555-1001785,2023-11-06,medium
CUST101786,First1786,Last1786,customer1786@example.com,555-1001786,2024-01-02,low
CUST101787,First1787,Last1787,customer1787@example.com,555-1001787,2023-07-08,low
CUST101788,First1788,Last1788,customer1788@example.com,555-1001788,2024-04-20,medium
CUST101789,First1789,Last1789,customer1789@example.com,555-1001789,2024-04-29,low
CUST101790,First1790,Last1790,customer1790@example.com,555-1001790,2023-05-21,medium
CUST101791,First1791,Last1791,customer1791@example.com,555-1001791,2023-12-03,low
CUST101792,First1792,Last1792,customer1792@example.com,555-1001792,2023-02-10,low
CUST101793,First1793,Last1793,customer1793@example.com,555-1001793,2023-06-04,low
CUST101794,First1794,Last1794,customer1794@example.com,555-1001794,2024-11-22,medium
CUST101795,First1795,Last1795,customer1795@example.com,555-1001795,2023-12-21,low
CUST101796,First1796,Last1796,customer1796@example.com,555-1001796,2024-03-11,low
CUST101797,First1797,Last1797,customer1797@example.com,555-1001797,2024-09-14,low
CUST101798,First1798,Last1798,customer1798@example.com,555-1001798,2024-05-14,low
CUST101799,First1799,Last1799,customer1799@example.com,555-1001799,2024-07-08,low
CUST101800,First1800,Last1800,customer1800@example.com,555-1001800,2024-05-13,low
CUST101801,First1801,Last1801,customer1801@example.com,555-1001801,2023-12-16,low
CUST101802,First1802,Last1802,customer1802@example.com,555-1001802,2024-03-18,low
CUST101803,First1803,Last1803,customer1803@example.com,555-1001803,2023-07-21,low
CUST101804,First1804,Last1804,customer1804@example.com,555-1001804,2024-09-15,low
CUST101805,First1805,Last1805,customer1805@example.com,555-1001805,2023-05-06,low
CUST101806,First1806,Last1806,customer1806@example.com,555-1001806,2024-09-10,low
CUST101807,First1807,Last1807,customer1807@example.com,555-1001807,2024-09-06,low
CUST101808,First1808,Last1808,customer1808@example.com,555-1001808,2023-04-10,low
CUST101809,First1809,Last1809,customer1809@example.com,555-1001809,2024-05-12,low
CUST101810,First1810,Last1810,customer1810@example.com,555-1001810,2024-11-23,low
CUST101811,First1811,Last1811,customer1811@example.com,555-1001811,2024-02-05,low
CUST101812,First1812,Last1812,customer1812@example.com,555-1001812,2023-08-27,medium
CUST101813,First1813,Last1813,customer1813@example.com,555-1001813,2024-09-07,low
CUST101814,First1814,Last1814,customer1814@example.com,555-1001814,2023-12-25,medium
CUST101815,First1815,Last1815,customer1815@example.com,555-1001815,2023-03-27,low
CUST101816,First1816,Last1816,customer1816@example.com,555-1001816,2023-06-24,medium
CUST101817,First1817,Last1817,customer1817@example.com,555-1001817,2024-04-22,low
CUST101818,First1818,Last1818,customer1818@example.com,555-1001818,2023-11-15,low
CUST101819,First1819,Last1819,customer1819@example.com,555-1001819,2023-06-01,low
CUST101820,First1820,Last1820,customer1820@example.com,555-1001820,2024-07-13,medium
CUST101821,First1821,Last1821,customer1821@example.com,555-1001821,2023-03-26,low
CUST101822,First1822,Last1822,customer1822@example.com,555-1001822,2023-06-03,low
CUST101823,First1823,Last1823,customer1823@example.com,555-1001823,2023-11-22,low
CUST101824,First1824,Last1824,customer1824@example.com,555-1001824,2023-01-28,medium
CUST101825,First1825,Last1825,customer1825@example.com,555-1001825,2023-09-29,low
CUST101826,First1826,Last1826,customer1826@example.com,555-1001826,2024-09-28,low
CUST101827,First1827,Last1827,customer1827@example.com,555-1001827,2024-10-20,low
CUST101828,First1828,Last1828,customer1828@example.com,555-1001828,2024-09-02,medium
CUST101829,First1829,Last1829,customer1829@example.com,555-1001829,2023-08-15,low
CUST101830,First1830,Last1830,customer1830@example.com,555-1001830,2023-02-15,low
CUST101831,First1831,Last1831,customer1831@example.com,555-1001831,2024-07-24,high
CUST101832,First1832,Last1832,customer1832@example.com,555-1001832,2023-09-19,low
CUST101833,First1833,Last1833,customer1833@example.com,555-1001833,2024-06-08,low
CUST101834,First1834,Last1834,customer1834@example.com,555-1001834,2023-03-25,low
CUST101835,First1835,Last1835,customer1835@example.com,555-1001835,2024-04-12,low
CUST101836,First1836,Last1836,customer1836@example.com,555-1001836,2024-02-15,low
CUST101837,First1837,Last1837,customer1837@example.com,555-1001837,2024-10-06,low
CUST101838,First1838,Last1838,customer1838@example.com,555-1001838,2023-03-13,medium
CUST101839,First1839,Last1839,customer1839@example.com,555-1001839,2023-10-13,medium
CUST101840,First1840,Last1840,customer1840@example.com,555-1001840,2024-11-23,low
CUST101841,First1841,Last1841,customer1841@example.com,555-1001841,2023-09-30,low
CUST101842,First1842,Last1842,customer1842@example.com,555-1001842,2024-04-05,low
CUST101843,First1843,Last1843,customer1843@example.com,555-1001843,2023-04-23,medium
CUST101844,First1844,Last1844,customer1844@example.com,555-1001844,2024-05-24,low
CUST101845,First1845,Last1845,customer1845@example.com,555-1001845,2023-07-13,low
CUST101846,First1846,Last1846,customer1846@example.com,555-1001846,2024-02-05,low
CUST101847,First1847,Last1847,customer1847@example.com,555-1001847,2024-09-07,low
CUST101848,First1848,Last1848,customer1848@example.com,555-1001848,2024-04-07,low
CUST101849,First1849,Last1849,customer1849@example.com,555-1001849,2023-11-29,medium
CUST101850,First1850,Last1850,customer1850@example.com,555-1001850,2023-05-14,low
CUST101851,First1851,Last1851,customer1851@example.com,555-1001851,2023-08-27,medium
CUST101852,First1852,Last1852,customer1852@example.com,555-1001852,2024-08-17,low
CUST101853,First1853,Last1853,customer1853@example.com,555-1001853,2023-06-01,medium
CUST101854,First1854,Last1854,customer1854@example.com,555-1001854,2024-04-04,medium
CUST101855,First1855,Last1855,customer1855@example.com,555-1001855,2023-12-06,high
CUST101856,First1856,Last1856,customer1856@example.com,555-1001856,2023-08-13,low
CUST101857,First1857,Last1857,customer1857@example.com,555-1001857,2024-05-16,low
CUST101858,First1858,Last1858,customer1858@example.com,555-1001858,2023-09-11,low
CUST101859,First1859,Last1859,customer1859@example.com,555-1001859,2023-07-20,low
CUST101860,First1860,Last1860,customer1860@example.com,555-1001860,2024-01-06,low
CUST101861,First1861,Last1861,customer1861@example.com,555-1001861,2024-06-14,high
CUST101862,First1862,Last1862,customer1862@example.com,555-1001862,2024-08-27,high
CUST101863,First1863,Last1863,customer1863@example.com,555-1001863,2024-03-16,low
CUST101864,First1864,Last1864,customer1864@example.com,555-1001864,2024-04-08,low
CUST101865,First1865,Last1865,customer1865@example.com,555-1001865,2024-07-05,medium
CUST101866,First1866,Last1866,customer1866@example.com,555-1001866,2023-07-08,medium
CUST101867,First1867,Last1867,customer1867@example.com,555-1001867,2023-06-25,low
CUST101868,First1868,Last1868,customer1868@example.com,555-1001868,2023-12-05,low
CUST101869,First1869,Last1869,customer1869@example.com,555-1001869,2024-03-17,medium
CUST101870,First1870,Last1870,customer1870@example.com,555-1001870,2024-03-28,low
CUST101871,First1871,Last1871,customer1871@example.com,555-1001871,2023-04-18,low
CUST101872,First1872,Last1872,customer1872@example.com,555-1001872,2024-06-30,high
CUST101873,First1873,Last1873,customer1873@example.com,555-1001873,2023-09-12,high
CUST101874,First1874,Last1874,customer1874@example.com,555-1001874,2024-09-06,medium
CUST101875,First1875,Last1875,customer1875@example.com,555-1001875,2024-05-22,medium
CUST101876,First1876,Last1876,customer1876@example.com,555-1001876,2024-11-19,low
CUST101877,First1877,Last1877,customer1877@example.com,555-1001877,2024-03-18,low
CUST101878,First1878,Last1878,customer1878@example.com,555-1001878,2024-01-05,low
CUST101879,First1879,Last1879,customer1879@example.com,555-1001879,2023-05-12,low
CUST101880,First1880,Last1880,customer1880@example.com,555-1001880,2023-10-07,low
CUST101881,First1881,Last1881,customer1881@example.com,555-1001881,2024-08-23,low
CUST101882,First1882,Last1882,customer1882@example.com,555-1001882,2023-09-25,low
CUST101883,First1883,Last1883,customer1883@example.com,555-1001883,2023-02-07,medium
CUST101884,First1884,Last1884,customer1884@example.com,555-1001884,2023-06-21,low
CUST101885,First1885,Last1885,customer1885@example.com,555-1001885,2024-02-21,low
CUST101886,First1886,Last1886,customer1886@example.com,555-1001886,2024-03-16,low
CUST101887,First1887,Last1887,customer1887@example.com,555-1001887,2024-11-19,low
CUST101888,First1888,Last1888,customer1888@example.com,555-1001888,2024-10-15,medium
CUST101889,First1889,Last1889,customer1889@example.com,555-1001889,2024-01-08,low
CUST101890,First1890,Last1890,customer1890@example.com,555-1001890,2024-01-24,low
CUST101891,First1891,Last1891,customer1891@example.com,555-1001891,2024-07-14,medium
CUST101892,First1892,Last1892,customer1892@example.com,555-1001892,2023-02-04,low
CUST101893,First1893,Last1893,customer1893@example.com,555-1001893,2024-02-21,low
CUST101894,First1894,Last1894,customer1894@example.com,555-1001894,2023-11-28,low
CUST101895,First1895,Last1895,customer1895@example.com,555-1001895,2024-07-02,low
CUST101896,First1896,Last1896,customer1896@example.com,555-1001896,2024-07-14,low
CUST101897,First1897,Last1897,customer1897@example.com,555-1001897,2024-04-03,low
CUST101898,First1898,Last1898,customer1898@example.com,555-1001898,2024-04-05,low
CUST101899,First1899,Last1899,customer1899@example.com,555-1001899,2024-04-28,low
CUST101900,First1900,Last1900,customer1900@example.com,555-1001900,2024-02-11,low
CUST101901,First1901,Last1901,customer1901@example.com,555-1001901,2023-06-09,low
CUST101902,First1902,Last1902,customer1902@example.com,555-1001902,2023-07-19,medium
CUST101903,First1903,Last1903,customer1903@example.com,555-1001903,2024-06-03,low
CUST101904,First1904,Last1904,customer1904@example.com,555-1001904,2024-03-08,low
CUST101905,First1905,Last1905,customer1905@example.com,555-1001905,2023-06-16,low
CUST101906,First1906,Last1906,customer1906@example.com,555-1001906,2024-09-06,low
CUST101907,First1907,Last1907,customer1907@example.com,555-1001907,2024-11-17,low
CUST101908,First1908,Last1908,customer1908@example.com,555-1001908,2024-03-14,medium
CUST101909,First1909,Last1909,customer1909@example.com,555-1001909,2023-06-09,medium
CUST101910,First1910,Last1910,customer1910@example.com,555-1001910,2024-10-18,low
CUST101911,First1911,Last1911,customer1911@example.com,555-1001911,2023-06-15,low
CUST101912,First1912,Last1912,customer1912@example.com,555-1001912,2023-10-30,medium
CUST101913,First1913,Last1913,customer1913@example.com,555-1001913,2024-08-24,low
CUST101914,First1914,Last1914,customer1914@example.com,555-1001914,2023-12-31,low
CUST101915,First1915,Last1915,customer1915@example.com,555-1001915,2023-06-20,low
CUST101916,First1916,Last1916,customer1916@example.com,555-1001916,2023-02-26,low
CUST101917,First1917,Last1917,customer1917@example.com,555-1001917,2023-09-10,medium
CUST101918,First1918,Last1918,customer1918@example.com,555-1001918,2024-04-15,low
CUST101919,First1919,Last1919,customer1919@example.com,555-1001919,2024-05-15,high
CUST101920,First1920,Last1920,customer1920@example.com,555-1001920,2023-06-06,low
CUST101921,First1921,Last1921,customer1921@example.com,555-1001921,2023-04-22,low
CUST101922,First1922,Last1922,customer1922@example.com,555-1001922,2024-05-06,low
CUST101923,First1923,Last1923,customer1923@example.com,555-1001923,2023-04-22,low
CUST101924,First1924,Last1924,customer1924@example.com,555-1001924,2023-02-14,low
CUST101925,First1925,Last1925,customer1925@example.com,555-1001925,2023-12-07,low
CUST101926,First1926,Last1926,customer1926@example.com,555-1001926,2024-02-04,low
CUST101927,First1927,Last1927,customer1927@example.com,555-1001927,2023-06-20,medium
CUST101928,First1928,Last1928,customer1928@example.com,555-1001928,2023-05-28,low
CUST101929,First1929,Last1929,customer1929@example.com,555-1001929,2023-06-14,low
CUST101930,First1930,Last1930,customer1930@example.com,555-1001930,2023-08-28,low
CUST101931,First1931,Last1931,customer1931@example.com,555-1001931,2023-01-07,low
CUST101932,First1932,Last1932,customer1932@example.com,555-1001932,2023-01-09,medium
CUST101933,First1933,Last1933,customer1933@example.com,555-1001933,2023-09-17,medium
CUST101934,First1934,Last1934,customer1934@example.com,555-1001934,2023-01-14,medium
CUST101935,First1935,Last1935,customer1935@example.com,555-1001935,2023-08-11,low
CUST101936,First1936,Last1936,customer1936@example.com,555-1001936,2024-02-11,low
CUST101937,First1937,Last1937,customer1937@example.com,555-1001937,2023-01-22,low
CUST101938,First1938,Last1938,customer1938@example.com,555-1001938,2024-03-08,low
CUST101939,First1939,Last1939,customer1939@example.com,555-1001939,2024-03-10,low
CUST101940,First1940,Last1940,customer1940@example.com,555-1001940,2024-02-06,low
CUST101941,First1941,Last1941,customer1941@example.com,555-1001941,2024-03-14,low
CUST101942,First1942,Last1942,customer1942@example.com,555-1001942,2024-07-20,low
CUST101943,First1943,Last1943,customer1943@example.com,555-1001943,2023-02-19,low
CUST101944,First1944,Last1944,customer1944@example.com,555-1001944,2023-04-29,medium
CUST101945,First1945,Last1945,customer1945@example.com,555-1001945,2023-08-10,medium
CUST101946,First1946,Last1946,customer1946@example.com,555-1001946,2024-04-26,low
CUST101947,First1947,Last1947,customer1947@example.com,555-1001947,2024-09-02,medium
CUST101948,First1948,Last1948,customer1948@example.com,555-1001948,2024-10-05,low
CUST101949,First1949,Last1949,customer1949@example.com,555-1001949,2024-02-12,medium
CUST101950,First1950,Last1950,customer1950@example.com,555-1001950,2023-10-15,high
CUST101951,First1951,Last1951,customer1951@example.com,555-1001951,2023-10-16,low
CUST101952,First1952,Last1952,customer1952@example.com,555-1001952,2023-02-11,medium
CUST101953,First1953,Last1953,customer1953@example.com,555-1001953,2023-11-22,high
CUST101954,First1954,Last1954,customer1954@example.com,555-1001954,2023-12-25,medium
CUST101955,First1955,Last1955,customer1955@example.com,555-1001955,2023-05-26,high
CUST101956,First1956,Last1956,customer1956@example.com,555-1001956,2024-06-21,low
CUST101957,First1957,Last1957,customer1957@example.com,555-1001957,2024-07-22,low
CUST101958,First1958,Last1958,customer1958@example.com,555-1001958,2023-07-31,medium
CUST101959,First1959,Last1959,customer1959@example.com,555-1001959,2024-10-01,low
CUST101960,First1960,Last1960,customer1960@example.com,555-1001960,2023-03-16,low
CUST101961,First1961,Last1961,customer1961@example.com,555-1001961,2024-09-29,low
CUST101962,First1962,Last1962,customer1962@example.com,555-1001962,2024-06-21,low
CUST101963,First1963,Last1963,customer1963@example.com,555-1001963,2023-06-06,low
CUST101964,First1964,Last1964,customer1964@example.com,555-1001964,2024-03-31,medium
CUST101965,First1965,Last1965,customer1965@example.com,555-1001965,2023-08-06,low
CUST101966,First1966,Last1966,customer1966@example.com,555-1001966,2024-07-13,medium
CUST101967,First1967,Last1967,customer1967@example.com,555-1001967,2023-04-23,medium
CUST101968,First1968,Last1968,customer1968@example.com,555-1001968,2023-06-21,low
CUST101969,First1969,Last1969,customer1969@example.com,555-1001969,2023-08-04,low
CUST101970,First1970,Last1970,customer1970@example.com,555-1001970,2023-05-20,low
CUST101971,First1971,Last1971,customer1971@example.com,555-1001971,2023-08-21,high
CUST101972,First1972,Last1972,customer1972@example.com,555-1001972,2024-02-26,medium
CUST101973,First1973,Last1973,customer1973@example.com,555-1001973,2024-03-19,low
CUST101974,First1974,Last1974,customer1974@example.com,555-1001974,2024-01-23,low
CUST101975,First1975,Last1975,customer1975@example.com,555-1001975,2023-05-13,low
CUST101976,First1976,Last1976,customer1976@example.com,555-1001976,2023-05-22,low
CUST101977,First1977,Last1977,customer1977@example.com,555-1001977,2024-10-05,medium
CUST101978,First1978,Last1978,customer1978@example.com,555-1001978,2023-06-25,medium
CUST101979,First1979,Last1979,customer1979@example.com,555-1001979,2023-03-14,low
CUST101980,First1980,Last1980,customer1980@example.com,555-1001980,2023-11-14,medium
CUST101981,First1981,Last1981,customer1981@example.com,555-1001981,2023-01-05,low
CUST101982,First1982,Last1982,customer1982@example.com,555-1001982,2023-08-28,medium
CUST101983,First1983,Last1983,customer1983@example.com,555-1001983,2024-08-21,low
CUST101984,First1984,Last1984,customer1984@example.com,555-1001984,2023-07-07,low
CUST101985,First1985,Last1985,customer1985@example.com,555-1001985,2024-05-07,medium
CUST101986,First1986,Last1986,customer1986@example.com,555-1001986,2023-12-09,low
CUST101987,First1987,Last1987,customer1987@example.com,555-1001987,2023-09-06,low
CUST101988,First1988,Last1988,customer1988@example.com,555-1001988,2024-04-08,high
CUST101989,First1989,Last1989,customer1989@example.com,555-1001989,2024-02-21,low
CUST101990,First1990,Last1990,customer1990@example.com,555-1001990,2023-08-11,low
CUST101991,First1991,Last1991,customer1991@example.com,555-1001991,2023-06-06,low
CUST101992,First1992,Last1992,customer1992@example.com,555-1001992,2024-10-03,low
CUST101993,First1993,Last1993,customer1993@example.com,555-1001993,2023-04-28,low
CUST101994,First1994,Last1994,customer1994@example.com,555-1001994,2024-11-02,low
CUST101995,First1995,Last1995,customer1995@example.com,555-1001995,2023-11-26,medium
CUST101996,First1996,Last1996,customer1996@example.com,555-1001996,2024-11-28,low
CUST101997,First1997,Last1997,customer1997@example.com,555-1001997,2023-09-05,low
CUST101998,First1998,Last1998,customer1998@example.com,555-1001998,2024-01-31,medium
CUST101999,First1999,Last1999,customer1999@example.com,555-1001999,2024-03-06,low
CUST102000,First2000,Last2000,customer2000@example.com,555-1002000,2023-08-26,medium
CUST102001,First2001,Last2001,customer2001@example.com,555-1002001,2023-06-02,low
CUST102002,First2002,Last2002,customer2002@example.com,555-1002002,2023-12-31,high
CUST102003,First2003,Last2003,customer2003@example.com,555-1002003,2024-04-09,low
CUST102004,First2004,Last2004,customer2004@example.com,555-1002004,2023-07-02,low
CUST102005,First2005,Last2005,customer2005@example.com,555-1002005,2024-06-20,medium
CUST102006,First2006,Last2006,customer2006@example.com,555-1002006,2024-03-23,low
CUST102007,First2007,Last2007,customer2007@example.com,555-1002007,2023-04-27,low
CUST102008,First2008,Last2008,customer2008@example.com,555-1002008,2024-10-19,low
CUST102009,First2009,Last2009,customer2009@example.com,555-1002009,2023-01-31,low
CUST102010,First2010,Last2010,customer2010@example.com,555-1002010,2024-04-02,low
CUST102011,First2011,Last2011,customer2011@example.com,555-1002011,2023-11-04,low
CUST102012,First2012,Last2012,customer2012@example.com,555-1002012,2024-04-02,low
CUST102013,First2013,Last2013,customer2013@example.com,555-1002013,2024-06-25,low
CUST102014,First2014,Last2014,customer2014@example.com,555-1002014,2024-04-26,low
CUST102015,First2015,Last2015,customer2015@example.com,555-1002015,2024-03-31,low
CUST102016,First2016,Last2016,customer2016@example.com,555-1002016,2024-08-11,low
CUST102017,First2017,Last2017,customer2017@example.com,555-1002017,2024-05-06,low
CUST102018,First2018,Last2018,customer2018@example.com,555-1002018,2024-07-23,low
CUST102019,First2019,Last2019,customer2019@example.com,555-1002019,2023-10-09,low
CUST102020,First2020,Last2020,customer2020@example.com,555-1002020,2023-05-22,low
CUST102021,First2021,Last2021,customer2021@example.com,555-1002021,2023-06-14,low
CUST102022,First2022,Last2022,customer2022@example.com,555-1002022,2024-03-04,low
CUST102023,First2023,Last2023,customer2023@example.com,555-1002023,2024-01-08,low
CUST102024,First2024,Last2024,customer2024@example.com,555-1002024,2023-02-24,low
CUST102025,First2025,Last2025,customer2025@example.com,555-1002025,2023-05-24,low
CUST102026,First2026,Last2026,customer2026@example.com,555-1002026,2024-11-08,medium
CUST102027,First2027,Last2027,customer2027@example.com,555-1002027,2024-05-23,low
CUST102028,First2028,Last2028,customer2028@example.com,555-1002028,2024-06-12,low
CUST102029,First2029,Last2029,customer2029@example.com,555-1002029,2023-05-18,low
CUST102030,First2030,Last2030,customer2030@example.com,555-1002030,2023-02-14,low
CUST102031,First2031,Last2031,customer2031@example.com,555-1002031,2023-07-23,low
CUST102032,First2032,Last2032,customer2032@example.com,555-1002032,2024-08-22,low
CUST102033,First2033,Last2033,customer2033@example.com,555-1002033,2023-12-21,low
CUST102034,First2034,Last2034,customer2034@example.com,555-1002034,2024-07-03,low
CUST102035,First2035,Last2035,customer2035@example.com,555-1002035,2023-12-07,medium
CUST102036,First2036,Last2036,customer2036@example.com,555-1002036,2023-12-10,medium
CUST102037,First2037,Last2037,customer2037@example.com,555-1002037,2024-02-25,low
CUST102038,First2038,Last2038,customer2038@example.com,555-1002038,2024-11-02,low
CUST102039,First2039,Last2039,customer2039@example.com,555-1002039,2023-11-03,medium
CUST102040,First2040,Last2040,customer2040@example.com,555-1002040,2024-02-22,low
CUST102041,First2041,Last2041,customer2041@example.com,555-1002041,2024-10-05,medium
CUST102042,First2042,Last2042,customer2042@example.com,555-1002042,2023-09-18,low
CUST102043,First2043,Last2043,customer2043@example.com,555-1002043,2024-08-10,medium
CUST102044,First2044,Last2044,customer2044@example.com,555-1002044,2024-01-10,high
CUST102045,First2045,Last2045,customer2045@example.com,555-1002045,2024-09-07,low
CUST102046,First2046,Last2046,customer2046@example.com,555-1002046,2023-11-24,low
CUST102047,First2047,Last2047,customer2047@example.com,555-1002047,2024-03-16,low
CUST102048,First2048,Last2048,customer2048@example.com,555-1002048,2023-08-15,low
CUST102049,First2049,Last2049,customer2049@example.com,555-1002049,2024-03-20,low
CUST102050,First2050,Last2050,customer2050@example.com,555-1002050,2023-08-17,high
CUST102051,First2051,Last2051,customer2051@example.com,555-1002051,2024-03-02,low
CUST102052,First2052,Last2052,customer2052@example.com,555-1002052,2024-07-06,low
CUST102053,First2053,Last2053,customer2053@example.com,555-1002053,2023-11-01,medium
CUST102054,First2054,Last2054,customer2054@example.com,555-1002054,2023-10-28,low
CUST102055,First2055,Last2055,customer2055@example.com,555-1002055,2023-08-14,low
CUST102056,First2056,Last2056,customer2056@example.com,555-1002056,2024-05-26,high
CUST102057,First2057,Last2057,customer2057@example.com,555-1002057,2024-02-19,low
CUST102058,First2058,Last2058,customer2058@example.com,555-1002058,2023-12-28,low
CUST102059,First2059,Last2059,customer2059@example.com,555-1002059,2023-01-18,low
CUST102060,First2060,Last2060,customer2060@example.com,555-1002060,2023-03-19,medium
CUST102061,First2061,Last2061,customer2061@example.com,555-1002061,2023-01-06,low
CUST102062,First2062,Last2062,customer2062@example.com,555-1002062,2024-08-18,low
CUST102063,First2063,Last2063,customer2063@example.com,555-1002063,2024-08-19,low
CUST102064,First2064,Last2064,customer2064@example.com,555-1002064,2023-02-17,low
CUST102065,First2065,Last2065,customer2065@example.com,555-1002065,2023-02-02,medium
CUST102066,First2066,Last2066,customer2066@example.com,555-1002066,2024-07-01,low
CUST102067,First2067,Last2067,customer2067@example.com,555-1002067,2024-01-03,high
CUST102068,First2068,Last2068,customer2068@example.com,555-1002068,2023-08-05,low
CUST102069,First2069,Last2069,customer2069@example.com,555-1002069,2024-03-06,low
CUST102070,First2070,Last2070,customer2070@example.com,555-1002070,2023-06-15,medium
CUST102071,First2071,Last2071,customer2071@example.com,555-1002071,2023-05-19,low
CUST102072,First2072,Last2072,customer2072@example.com,555-1002072,2023-09-15,low
CUST102073,First2073,Last2073,customer2073@example.com,555-1002073,2024-09-19,medium
CUST102074,First2074,Last2074,customer2074@example.com,555-1002074,2024-06-21,low
CUST102075,First2075,Last2075,customer2075@example.com,555-1002075,2023-05-14,low
CUST102076,First2076,Last2076,customer2076@example.com,555-1002076,2024-01-29,high
CUST102077,First2077,Last2077,customer2077@example.com,555-1002077,2024-09-11,low
CUST102078,First2078,Last2078,customer2078@example.com,555-1002078,2024-10-28,low
CUST102079,First2079,Last2079,customer2079@example.com,555-1002079,2024-06-18,low
CUST102080,First2080,Last2080,customer2080@example.com,555-1002080,2023-04-01,low
CUST102081,First2081,Last2081,customer2081@example.com,555-1002081,2023-06-18,low
CUST102082,First2082,Last2082,customer2082@example.com,555-1002082,2023-06-03,low
CUST102083,First2083,Last2083,customer2083@example.com,555-1002083,2023-04-16,low
CUST102084,First2084,Last2084,customer2084@example.com,555-1002084,2023-05-03,low
CUST102085,First2085,Last2085,customer2085@example.com,555-1002085,2023-08-10,low
CUST102086,First2086,Last2086,customer2086@example.com,555-1002086,2024-01-24,low
CUST102087,First2087,Last2087,customer2087@example.com,555-1002087,2023-10-06,low
CUST102088,First2088,Last2088,customer2088@example.com,555-1002088,2023-10-22,medium
CUST102089,First2089,Last2089,customer2089@example.com,555-1002089,2023-06-22,low
CUST102090,First2090,Last2090,customer2090@example.com,555-1002090,2023-04-16,low
CUST102091,First2091,Last2091,customer2091@example.com,555-1002091,2024-11-30,medium
CUST102092,First2092,Last2092,customer2092@example.com,555-1002092,2024-02-24,low
CUST102093,First2093,Last2093,customer2093@example.com,555-1002093,2023-06-10,low
CUST102094,First2094,Last2094,customer2094@example.com,555-1002094,2024-07-20,medium
CUST102095,First2095,Last2095,customer2095@example.com,555-1002095,2024-08-04,low
CUST102096,First2096,Last2096,customer2096@example.com,555-1002096,2024-11-07,low
CUST102097,First2097,Last2097,customer2097@example.com,555-1002097,2023-04-22,low
CUST102098,First2098,Last2098,customer2098@example.com,555-1002098,2024-03-23,low
CUST102099,First2099,Last2099,customer2099@example.com,555-1002099,2024-11-17,low
CUST102100,First2100,Last2100,customer2100@example.com,555-1002100,2024-07-18,medium
CUST102101,First2101,Last2101,customer2101@example.com,555-1002101,2023-06-07,low
CUST102102,First2102,Last2102,customer2102@example.com,555-1002102,2024-09-17,medium
CUST102103,First2103,Last2103,customer2103@example.com,555-1002103,2023-10-23,medium
CUST102104,First2104,Last2104,customer2104@example.com,555-1002104,2023-12-09,low
CUST102105,First2105,Last2105,customer2105@example.com,555-1002105,2024-01-26,medium
CUST102106,First2106,Last2106,customer2106@example.com,555-1002106,2024-06-23,medium
CUST102107,First2107,Last2107,customer2107@example.com,555-1002107,2023-03-26,high
CUST102108,First2108,Last2108,customer2108@example.com,555-1002108,2024-01-13,low
CUST102109,First2109,Last2109,customer2109@example.com,555-1002109,2024-07-25,low
CUST102110,First2110,Last2110,customer2110@example.com,555-1002110,2024-01-19,low
CUST102111,First2111,Last2111,customer2111@example.com,555-1002111,2023-07-12,low
CUST102112,First2112,Last2112,customer2112@example.com,555-1002112,2023-02-09,low
CUST102113,First2113,Last2113,customer2113@example.com,555-1002113,2024-01-20,low
CUST102114,First2114,Last2114,customer2114@example.com,555-1002114,2024-05-07,low
CUST102115,First2115,Last2115,customer2115@example.com,555-1002115,2024-01-20,medium
CUST102116,First2116,Last2116,customer2116@example.com,555-1002116,2024-11-16,low
CUST102117,First2117,Last2117,customer2117@example.com,555-1002117,2024-02-26,low
CUST102118,First2118,Last2118,customer2118@example.com,555-1002118,2023-12-22,low
CUST102119,First2119,Last2119,customer2119@example.com,555-1002119,2023-02-08,low
CUST102120,First2120,Last2120,customer2120@example.com,555-1002120,2024-01-27,low
CUST102121,First2121,Last2121,customer2121@example.com,555-1002121,2023-04-29,low
CUST102122,First2122,Last2122,customer2122@example.com,555-1002122,2024-05-22,low
CUST102123,First2123,Last2123,customer2123@example.com,555-1002123,2023-04-23,low
CUST102124,First2124,Last2124,customer2124@example.com,555-1002124,2024-09-26,low
CUST102125,First2125,Last2125,customer2125@example.com,555-1002125,2023-07-31,low
CUST102126,First2126,Last2126,customer2126@example.com,555-1002126,2023-10-31,low
CUST102127,First2127,Last2127,customer2127@example.com,555-1002127,2023-04-12,low
CUST102128,First2128,Last2128,customer2128@example.com,555-1002128,2023-05-28,low
CUST102129,First2129,Last2129,customer2129@example.com,555-1002129,2024-10-07,low
CUST102130,First2130,Last2130,customer2130@example.com,555-1002130,2023-07-18,low
CUST102131,First2131,Last2131,customer2131@example.com,555-1002131,2023-12-26,medium
CUST102132,First2132,Last2132,customer2132@example.com,555-1002132,2024-11-17,high
CUST102133,First2133,Last2133,customer2133@example.com,555-1002133,2024-03-12,medium
CUST102134,First2134,Last2134,customer2134@example.com,555-1002134,2023-01-30,low
CUST102135,First2135,Last2135,customer2135@example.com,555-1002135,2023-09-08,low
CUST102136,First2136,Last2136,customer2136@example.com,555-1002136,2023-09-28,low
CUST102137,First2137,Last2137,customer2137@example.com,555-1002137,2023-07-13,medium
CUST102138,First2138,Last2138,customer2138@example.com,555-1002138,2023-06-18,medium
CUST102139,First2139,Last2139,customer2139@example.com,555-1002139,2023-12-19,medium
CUST102140,First2140,Last2140,customer2140@example.com,555-1002140,2023-09-21,medium
CUST102141,First2141,Last2141,customer2141@example.com,555-1002141,2023-07-26,low
CUST102142,First2142,Last2142,customer2142@example.com,555-1002142,2023-10-17,medium
CUST102143,First2143,Last2143,customer2143@example.com,555-1002143,2023-08-29,medium
CUST102144,First2144,Last2144,customer2144@example.com,555-1002144,2023-06-10,low
CUST102145,First2145,Last2145,customer2145@example.com,555-1002145,2023-11-13,medium
CUST102146,First2146,Last2146,customer2146@example.com,555-1002146,2024-10-21,low
CUST102147,First2147,Last2147,customer2147@example.com,555-1002147,2023-12-21,high
CUST102148,First2148,Last2148,customer2148@example.com,555-1002148,2024-02-23,medium
CUST102149,First2149,Last2149,customer2149@example.com,555-1002149,2024-11-20,low
CUST102150,First2150,Last2150,customer2150@example.com,555-1002150,2024-03-05,low
CUST102151,First2151,Last2151,customer2151@example.com,555-1002151,2023-06-06,low
CUST102152,First2152,Last2152,customer2152@example.com,555-1002152,2023-10-06,medium
CUST102153,First2153,Last2153,customer2153@example.com,555-1002153,2023-12-08,medium
CUST102154,First2154,Last2154,customer2154@example.com,555-1002154,2023-11-29,low
CUST102155,First2155,Last2155,customer2155@example.com,555-1002155,2023-04-15,medium
CUST102156,First2156,Last2156,customer2156@example.com,555-1002156,2023-03-16,low
CUST102157,First2157,Last2157,customer2157@example.com,555-1002157,2023-09-02,low
CUST102158,First2158,Last2158,customer2158@example.com,555-1002158,2024-10-01,low
CUST102159,First2159,Last2159,customer2159@example.com,555-1002159,2024-05-17,low
CUST102160,First2160,Last2160,customer2160@example.com,555-1002160,2024-08-12,low
CUST102161,First2161,Last2161,customer2161@example.com,555-1002161,2023-05-03,low
CUST102162,First2162,Last2162,customer2162@example.com,555-1002162,2023-10-17,low
CUST102163,First2163,Last2163,customer2163@example.com,555-1002163,2024-02-11,low
CUST102164,First2164,Last2164,customer2164@example.com,555-1002164,2023-11-01,medium
CUST102165,First2165,Last2165,customer2165@example.com,555-1002165,2023-10-19,low
CUST102166,First2166,Last2166,customer2166@example.com,555-1002166,2023-09-09,medium
CUST102167,First2167,Last2167,customer2167@example.com,555-1002167,2023-02-06,low
CUST102168,First2168,Last2168,customer2168@example.com,555-1002168,2024-08-23,low
CUST102169,First2169,Last2169,customer2169@example.com,555-1002169,2024-10-15,low
CUST102170,First2170,Last2170,customer2170@example.com,555-1002170,2023-02-26,low
CUST102171,First2171,Last2171,customer2171@example.com,555-1002171,2023-10-17,low
CUST102172,First2172,Last2172,customer2172@example.com,555-1002172,2023-12-29,low
CUST102173,First2173,Last2173,customer2173@example.com,555-1002173,2024-07-02,low
CUST102174,First2174,Last2174,customer2174@example.com,555-1002174,2024-11-21,low
CUST102175,First2175,Last2175,customer2175@example.com,555-1002175,2023-10-19,low
CUST102176,First2176,Last2176,customer2176@example.com,555-1002176,2024-06-08,low
CUST102177,First2177,Last2177,customer2177@example.com,555-1002177,2024-10-18,medium
CUST102178,First2178,Last2178,customer2178@example.com,555-1002178,2024-08-04,low
CUST102179,First2179,Last2179,customer2179@example.com,555-1002179,2023-07-23,high
CUST102180,First2180,Last2180,customer2180@example.com,555-1002180,2024-07-26,medium
CUST102181,First2181,Last2181,customer2181@example.com,555-1002181,2023-10-16,high
CUST102182,First2182,Last2182,customer2182@example.com,555-1002182,2023-01-13,medium
CUST102183,First2183,Last2183,customer2183@example.com,555-1002183,2024-06-15,low
CUST102184,First2184,Last2184,customer2184@example.com,555-1002184,2024-08-07,low
CUST102185,First2185,Last2185,customer2185@example.com,555-1002185,2023-08-29,low
CUST102186,First2186,Last2186,customer2186@example.com,555-1002186,2023-11-12,medium
CUST102187,First2187,Last2187,customer2187@example.com,555-1002187,2023-09-13,low
CUST102188,First2188,Last2188,customer2188@example.com,555-1002188,2023-03-23,low
CUST102189,First2189,Last2189,customer2189@example.com,555-1002189,2024-11-27,medium
CUST102190,First2190,Last2190,customer2190@example.com,555-1002190,2023-01-16,low
CUST102191,First2191,Last2191,customer2191@example.com,555-1002191,2024-01-24,low
CUST102192,First2192,Last2192,customer2192@example.com,555-1002192,2023-01-11,medium
CUST102193,First2193,Last2193,customer2193@example.com,555-1002193,2024-04-27,low
CUST102194,First2194,Last2194,customer2194@example.com,555-1002194,2024-09-22,low
CUST102195,First2195,Last2195,customer2195@example.com,555-1002195,2024-03-26,medium
CUST102196,First2196,Last2196,customer2196@example.com,555-1002196,2024-02-29,low
CUST102197,First2197,Last2197,customer2197@example.com,555-1002197,2024-08-02,low
CUST102198,First2198,Last2198,customer2198@example.com,555-1002198,2024-11-12,low
CUST102199,First2199,Last2199,customer2199@example.com,555-1002199,2024-08-26,low
CUST102200,First2200,Last2200,customer2200@example.com,555-1002200,2023-06-11,low
CUST102201,First2201,Last2201,customer2201@example.com,555-1002201,2024-01-30,medium
CUST102202,First2202,Last2202,customer2202@example.com,555-1002202,2024-07-27,medium
CUST102203,First2203,Last2203,customer2203@example.com,555-1002203,2023-07-26,low
CUST102204,First2204,Last2204,customer2204@example.com,555-1002204,2024-04-17,low
CUST102205,First2205,Last2205,customer2205@example.com,555-1002205,2023-01-16,low
CUST102206,First2206,Last2206,customer2206@example.com,555-1002206,2024-09-06,medium
CUST102207,First2207,Last2207,customer2207@example.com,555-1002207,2024-03-06,low
CUST102208,First2208,Last2208,customer2208@example.com,555-1002208,2024-06-04,low
CUST102209,First2209,Last2209,customer2209@example.com,555-1002209,2024-07-31,low
CUST102210,First2210,Last2210,customer2210@example.com,555-1002210,2023-06-03,high
CUST102211,First2211,Last2211,customer2211@example.com,555-1002211,2023-11-12,low
CUST102212,First2212,Last2212,customer2212@example.com,555-1002212,2024-08-24,medium
CUST102213,First2213,Last2213,customer2213@example.com,555-1002213,2023-04-26,low
CUST102214,First2214,Last2214,customer2214@example.com,555-1002214,2024-07-29,medium
CUST102215,First2215,Last2215,customer2215@example.com,555-1002215,2023-07-21,low
CUST102216,First2216,Last2216,customer2216@example.com,555-1002216,2024-02-07,low
CUST102217,First2217,Last2217,customer2217@example.com,555-1002217,2023-12-23,medium
CUST102218,First2218,Last2218,customer2218@example.com,555-1002218,2024-04-25,medium
CUST102219,First2219,Last2219,customer2219@example.com,555-1002219,2024-08-08,low
CUST102220,First2220,Last2220,customer2220@example.com,555-1002220,2023-09-02,low
CUST102221,First2221,Last2221,customer2221@example.com,555-1002221,2023-05-01,low
CUST102222,First2222,Last2222,customer2222@example.com,555-1002222,2023-10-23,low
CUST102223,First2223,Last2223,customer2223@example.com,555-1002223,2024-03-04,low
CUST102224,First2224,Last2224,customer2224@example.com,555-1002224,2024-06-09,medium
CUST102225,First2225,Last2225,customer2225@example.com,555-1002225,2024-06-11,low
CUST102226,First2226,Last2226,customer2226@example.com,555-1002226,2023-08-26,medium
CUST102227,First2227,Last2227,customer2227@example.com,555-1002227,2024-10-17,low
CUST102228,First2228,Last2228,customer2228@example.com,555-1002228,2023-02-28,low
CUST102229,First2229,Last2229,customer2229@example.com,555-1002229,2023-03-23,low
CUST102230,First2230,Last2230,customer2230@example.com,555-1002230,2023-01-18,low
CUST102231,First2231,Last2231,customer2231@example.com,555-1002231,2024-10-10,low
CUST102232,First2232,Last2232,customer2232@example.com,555-1002232,2023-05-07,low
CUST102233,First2233,Last2233,customer2233@example.com,555-1002233,2024-02-26,medium
CUST102234,First2234,Last2234,customer2234@example.com,555-1002234,2024-07-23,medium
CUST102235,First2235,Last2235,customer2235@example.com,555-1002235,2024-06-20,medium
CUST102236,First2236,Last2236,customer2236@example.com,555-1002236,2024-10-26,low
CUST102237,First2237,Last2237,customer2237@example.com,555-1002237,2023-02-07,low
CUST102238,First2238,Last2238,customer2238@example.com,555-1002238,2023-10-12,low
CUST102239,First2239,Last2239,customer2239@example.com,555-1002239,2023-12-21,low
CUST102240,First2240,Last2240,customer2240@example.com,555-1002240,2024-05-02,low
CUST102241,First2241,Last2241,customer2241@example.com,555-1002241,2024-03-11,low
CUST102242,First2242,Last2242,customer2242@example.com,555-1002242,2024-01-27,low
CUST102243,First2243,Last2243,customer2243@example.com,555-1002243,2023-08-03,low
CUST102244,First2244,Last2244,customer2244@example.com,555-1002244,2023-03-16,low
CUST102245,First2245,Last2245,customer2245@example.com,555-1002245,2023-10-30,low
CUST102246,First2246,Last2246,customer2246@example.com,555-1002246,2023-07-01,low
CUST102247,First2247,Last2247,customer2247@example.com,555-1002247,2024-01-24,low
CUST102248,First2248,Last2248,customer2248@example.com,555-1002248,2024-07-11,low
CUST102249,First2249,Last2249,customer2249@example.com,555-1002249,2024-01-22,low
CUST102250,First2250,Last2250,customer2250@example.com,555-1002250,2024-02-13,low
CUST102251,First2251,Last2251,customer2251@example.com,555-1002251,2023-01-30,medium
CUST102252,First2252,Last2252,customer2252@example.com,555-1002252,2024-03-27,low
CUST102253,First2253,Last2253,customer2253@example.com,555-1002253,2023-11-04,low
CUST102254,First2254,Last2254,customer2254@example.com,555-1002254,2023-03-28,high
CUST102255,First2255,Last2255,customer2255@example.com,555-1002255,2023-05-30,low
CUST102256,First2256,Last2256,customer2256@example.com,555-1002256,2024-06-30,medium
CUST102257,First2257,Last2257,customer2257@example.com,555-1002257,2024-10-03,medium
CUST102258,First2258,Last2258,customer2258@example.com,555-1002258,2023-12-22,low
CUST102259,First2259,Last2259,customer2259@example.com,555-1002259,2024-11-14,low
CUST102260,First2260,Last2260,customer2260@example.com,555-1002260,2023-05-07,low
CUST102261,First2261,Last2261,customer2261@example.com,555-1002261,2023-07-29,high
CUST102262,First2262,Last2262,customer2262@example.com,555-1002262,2024-10-13,low
CUST102263,First2263,Last2263,customer2263@example.com,555-1002263,2023-05-03,low
CUST102264,First2264,Last2264,customer2264@example.com,555-1002264,2024-04-06,low
CUST102265,First2265,Last2265,customer2265@example.com,555-1002265,2023-06-03,low
CUST102266,First2266,Last2266,customer2266@example.com,555-1002266,2023-08-20,medium
CUST102267,First2267,Last2267,customer2267@example.com,555-1002267,2023-12-01,low
CUST102268,First2268,Last2268,customer2268@example.com,555-1002268,2023-09-09,medium
CUST102269,First2269,Last2269,customer2269@example.com,555-1002269,2024-09-04,medium
CUST102270,First2270,Last2270,customer2270@example.com,555-1002270,2024-11-11,low
CUST102271,First2271,Last2271,customer2271@example.com,555-1002271,2023-12-17,low
CUST102272,First2272,Last2272,customer2272@example.com,555-1002272,2024-01-03,medium
CUST102273,First2273,Last2273,customer2273@example.com,555-1002273,2023-02-08,medium
CUST102274,First2274,Last2274,customer2274@example.com,555-1002274,2023-06-13,medium
CUST102275,First2275,Last2275,customer2275@example.com,555-1002275,2023-01-28,low
CUST102276,First2276,Last2276,customer2276@example.com,555-1002276,2024-08-22,low
CUST102277,First2277,Last2277,customer2277@example.com,555-1002277,2023-06-09,low
CUST102278,First2278,Last2278,customer2278@example.com,555-1002278,2023-08-27,medium
CUST102279,First2279,Last2279,customer2279@example.com,555-1002279,2024-08-12,low
CUST102280,First2280,Last2280,customer2280@example.com,555-1002280,2024-05-14,low
CUST102281,First2281,Last2281,customer2281@example.com,555-1002281,2024-03-11,low
CUST102282,First2282,Last2282,customer2282@example.com,555-1002282,2023-01-27,low
CUST102283,First2283,Last2283,customer2283@example.com,555-1002283,2024-01-30,medium
CUST102284,First2284,Last2284,customer2284@example.com,555-1002284,2024-01-28,low
CUST102285,First2285,Last2285,customer2285@example.com,555-1002285,2023-08-12,low
CUST102286,First2286,Last2286,customer2286@example.com,555-1002286,2024-06-05,medium
CUST102287,First2287,Last2287,customer2287@example.com,555-1002287,2024-10-12,medium
CUST102288,First2288,Last2288,customer2288@example.com,555-1002288,2023-07-01,low
CUST102289,First2289,Last2289,customer2289@example.com,555-1002289,2023-08-20,low
CUST102290,First2290,Last2290,customer2290@example.com,555-1002290,2023-08-14,high
CUST102291,First2291,Last2291,customer2291@example.com,555-1002291,2024-08-07,medium
CUST102292,First2292,Last2292,customer2292@example.com,555-1002292,2023-02-24,low
CUST102293,First2293,Last2293,customer2293@example.com,555-1002293,2024-09-19,low
CUST102294,First2294,Last2294,customer2294@example.com,555-1002294,2024-06-26,low
CUST102295,First2295,Last2295,customer2295@example.com,555-1002295,2023-12-05,low
CUST102296,First2296,Last2296,customer2296@example.com,555-1002296,2024-02-13,medium
CUST102297,First2297,Last2297,customer2297@example.com,555-1002297,2024-09-18,low
CUST102298,First2298,Last2298,customer2298@example.com,555-1002298,2024-06-22,low
CUST102299,First2299,Last2299,customer2299@example.com,555-1002299,2023-07-13,medium
CUST102300,First2300,Last2300,customer2300@example.com,555-1002300,2023-02-05,medium
CUST102301,First2301,Last2301,customer2301@example.com,555-1002301,2024-04-05,medium
CUST102302,First2302,Last2302,customer2302@example.com,555-1002302,2023-04-13,low
CUST102303,First2303,Last2303,customer2303@example.com,555-1002303,2023-03-03,low
CUST102304,First2304,Last2304,customer2304@example.com,555-1002304,2024-11-18,low
CUST102305,First2305,Last2305,customer2305@example.com,555-1002305,2023-11-28,low
CUST102306,First2306,Last2306,customer2306@example.com,555-1002306,2024-03-31,low
CUST102307,First2307,Last2307,customer2307@example.com,555-1002307,2023-06-02,low
CUST102308,First2308,Last2308,customer2308@example.com,555-1002308,2023-03-13,low
CUST102309,First2309,Last2309,customer2309@example.com,555-1002309,2023-02-13,medium
CUST102310,First2310,Last2310,customer2310@example.com,555-1002310,2023-09-06,high
CUST102311,First2311,Last2311,customer2311@example.com,555-1002311,2023-01-03,low
CUST102312,First2312,Last2312,customer2312@example.com,555-1002312,2023-10-22,low
CUST102313,First2313,Last2313,customer2313@example.com,555-1002313,2023-08-16,low
CUST102314,First2314,Last2314,customer2314@example.com,555-1002314,2024-01-04,low
CUST102315,First2315,Last2315,customer2315@example.com,555-1002315,2024-02-17,low
CUST102316,First2316,Last2316,customer2316@example.com,555-1002316,2023-08-04,low
CUST102317,First2317,Last2317,customer2317@example.com,555-1002317,2023-11-15,medium
CUST102318,First2318,Last2318,customer2318@example.com,555-1002318,2023-02-24,low
CUST102319,First2319,Last2319,customer2319@example.com,555-1002319,2023-07-31,medium
CUST102320,First2320,Last2320,customer2320@example.com,555-1002320,2024-11-15,low
CUST102321,First2321,Last2321,customer2321@example.com,555-1002321,2024-11-24,low
CUST102322,First2322,Last2322,customer2322@example.com,555-1002322,2023-12-07,low
CUST102323,First2323,Last2323,customer2323@example.com,555-1002323,2024-10-19,low
CUST102324,First2324,Last2324,customer2324@example.com,555-1002324,2023-12-17,low
CUST102325,First2325,Last2325,customer2325@example.com,555-1002325,2023-03-29,high
CUST102326,First2326,Last2326,customer2326@example.com,555-1002326,2024-08-30,low
CUST102327,First2327,Last2327,customer2327@example.com,555-1002327,2023-10-18,low
CUST102328,First2328,Last2328,customer2328@example.com,555-1002328,2024-03-04,low
CUST102329,First2329,Last2329,customer2329@example.com,555-1002329,2024-03-30,low
CUST102330,First2330,Last2330,customer2330@example.com,555-1002330,2023-08-04,low
CUST102331,First2331,Last2331,customer2331@example.com,555-1002331,2024-05-28,low
CUST102332,First2332,Last2332,customer2332@example.com,555-1002332,2023-12-17,medium
CUST102333,First2333,Last2333,customer2333@example.com,555-1002333,2023-09-14,low
CUST102334,First2334,Last2334,customer2334@example.com,555-1002334,2023-07-28,low
CUST102335,First2335,Last2335,customer2335@example.com,555-1002335,2024-06-06,low
CUST102336,First2336,Last2336,customer2336@example.com,555-1002336,2023-06-24,medium
CUST102337,First2337,Last2337,customer2337@example.com,555-1002337,2023-03-28,low
CUST102338,First2338,Last2338,customer2338@example.com,555-1002338,2024-09-09,low
CUST102339,First2339,Last2339,customer2339@example.com,555-1002339,2023-08-21,low
CUST102340,First2340,Last2340,customer2340@example.com,555-1002340,2024-03-24,low
CUST102341,First2341,Last2341,customer2341@example.com,555-1002341,2024-05-16,low
CUST102342,First2342,Last2342,customer2342@example.com,555-1002342,2024-08-09,medium
CUST102343,First2343,Last2343,customer2343@example.com,555-1002343,2024-03-13,low
CUST102344,First2344,Last2344,customer2344@example.com,555-1002344,2024-05-10,medium
CUST102345,First2345,Last2345,customer2345@example.com,555-1002345,2024-08-09,low
CUST102346,First2346,Last2346,customer2346@example.com,555-1002346,2024-10-22,medium
CUST102347,First2347,Last2347,customer2347@example.com,555-1002347,2023-02-02,medium
CUST102348,First2348,Last2348,customer2348@example.com,555-1002348,2024-06-04,low
CUST102349,First2349,Last2349,customer2349@example.com,555-1002349,2023-05-03,low
CUST102350,First2350,Last2350,customer2350@example.com,555-1002350,2024-09-15,low
CUST102351,First2351,Last2351,customer2351@example.com,555-1002351,2023-02-03,medium
CUST102352,First2352,Last2352,customer2352@example.com,555-1002352,2023-06-22,low
CUST102353,First2353,Last2353,customer2353@example.com,555-1002353,2023-05-15,low
CUST102354,First2354,Last2354,customer2354@example.com,555-1002354,2024-02-27,low
CUST102355,First2355,Last2355,customer2355@example.com,555-1002355,2023-01-03,medium
CUST102356,First2356,Last2356,customer2356@example.com,555-1002356,2023-01-12,low
CUST102357,First2357,Last2357,customer2357@example.com,555-1002357,2023-12-19,low
CUST102358,First2358,Last2358,customer2358@example.com,555-1002358,2024-11-11,high
CUST102359,First2359,Last2359,customer2359@example.com,555-1002359,2024-01-05,low
CUST102360,First2360,Last2360,customer2360@example.com,555-1002360,2023-11-09,medium
CUST102361,First2361,Last2361,customer2361@example.com,555-1002361,2024-04-05,low
CUST102362,First2362,Last2362,customer2362@example.com,555-1002362,2024-01-22,low
CUST102363,First2363,Last2363,customer2363@example.com,555-1002363,2023-09-27,medium
CUST102364,First2364,Last2364,customer2364@example.com,555-1002364,2024-02-16,low
CUST102365,First2365,Last2365,customer2365@example.com,555-1002365,2023-01-03,low
CUST102366,First2366,Last2366,customer2366@example.com,555-1002366,2023-06-21,low
CUST102367,First2367,Last2367,customer2367@example.com,555-1002367,2024-04-16,low
CUST102368,First2368,Last2368,customer2368@example.com,555-1002368,2023-08-28,low
CUST102369,First2369,Last2369,customer2369@example.com,555-1002369,2023-02-08,low
CUST102370,First2370,Last2370,customer2370@example.com,555-1002370,2023-03-29,low
CUST102371,First2371,Last2371,customer2371@example.com,555-1002371,2024-08-29,low
CUST102372,First2372,Last2372,customer2372@example.com,555-1002372,2023-08-19,low
CUST102373,First2373,Last2373,customer2373@example.com,555-1002373,2023-01-16,low
CUST102374,First2374,Last2374,customer2374@example.com,555-1002374,2024-05-25,low
CUST102375,First2375,Last2375,customer2375@example.com,555-1002375,2024-01-07,low
CUST102376,First2376,Last2376,customer2376@example.com,555-1002376,2023-11-12,medium
CUST102377,First2377,Last2377,customer2377@example.com,555-1002377,2024-09-18,low
CUST102378,First2378,Last2378,customer2378@example.com,555-1002378,2023-08-08,low
CUST102379,First2379,Last2379,customer2379@example.com,555-1002379,2024-02-05,low
CUST102380,First2380,Last2380,customer2380@example.com,555-1002380,2024-06-05,medium
CUST102381,First2381,Last2381,customer2381@example.com,555-1002381,2024-03-01,low
CUST102382,First2382,Last2382,customer2382@example.com,555-1002382,2023-05-26,low
CUST102383,First2383,Last2383,customer2383@example.com,555-1002383,2024-04-22,low
CUST102384,First2384,Last2384,customer2384@example.com,555-1002384,2024-06-04,low
CUST102385,First2385,Last2385,customer2385@example.com,555-1002385,2023-03-27,medium
CUST102386,First2386,Last2386,customer2386@example.com,555-1002386,2023-04-26,high
CUST102387,First2387,Last2387,customer2387@example.com,555-1002387,2024-04-17,low
CUST102388,First2388,Last2388,customer2388@example.com,555-1002388,2023-03-25,medium
CUST102389,First2389,Last2389,customer2389@example.com,555-1002389,2024-09-08,low
CUST102390,First2390,Last2390,customer2390@example.com,555-1002390,2023-03-18,low
CUST102391,First2391,Last2391,customer2391@example.com,555-1002391,2024-11-12,medium
CUST102392,First2392,Last2392,customer2392@example.com,555-1002392,2024-04-15,low
CUST102393,First2393,Last2393,customer2393@example.com,555-1002393,2023-11-07,low
CUST102394,First2394,Last2394,customer2394@example.com,555-1002394,2023-07-07,low
CUST102395,First2395,Last2395,customer2395@example.com,555-1002395,2023-08-30,high
CUST102396,First2396,Last2396,customer2396@example.com,555-1002396,2024-06-07,low
CUST102397,First2397,Last2397,customer2397@example.com,555-1002397,2024-06-11,low
CUST102398,First2398,Last2398,customer2398@example.com,555-1002398,2023-05-27,low
CUST102399,First2399,Last2399,customer2399@example.com,555-1002399,2024-01-16,low
CUST102400,First2400,Last2400,customer2400@example.com,555-1002400,2024-11-26,low
CUST102401,First2401,Last2401,customer2401@example.com,555-1002401,2023-06-30,medium
CUST102402,First2402,Last2402,customer2402@example.com,555-1002402,2024-04-30,medium
CUST102403,First2403,Last2403,customer2403@example.com,555-1002403,2023-05-01,medium
CUST102404,First2404,Last2404,customer2404@example.com,555-1002404,2024-08-06,medium
CUST102405,First2405,Last2405,customer2405@example.com,555-1002405,2023-04-30,low
CUST102406,First2406,Last2406,customer2406@example.com,555-1002406,2023-07-28,low
CUST102407,First2407,Last2407,customer2407@example.com,555-1002407,2023-11-18,low
CUST102408,First2408,Last2408,customer2408@example.com,555-1002408,2023-09-17,low
CUST102409,First2409,Last2409,customer2409@example.com,555-1002409,2023-04-30,medium
CUST102410,First2410,Last2410,customer2410@example.com,555-1002410,2024-03-24,low
CUST102411,First2411,Last2411,customer2411@example.com,555-1002411,2023-01-14,high
CUST102412,First2412,Last2412,customer2412@example.com,555-1002412,2024-11-19,low
CUST102413,First2413,Last2413,customer2413@example.com,555-1002413,2023-02-06,low
CUST102414,First2414,Last2414,customer2414@example.com,555-1002414,2023-08-22,low
CUST102415,First2415,Last2415,customer2415@example.com,555-1002415,2024-10-12,low
CUST102416,First2416,Last2416,customer2416@example.com,555-1002416,2023-04-19,low
CUST102417,First2417,Last2417,customer2417@example.com,555-1002417,2023-02-21,low
CUST102418,First2418,Last2418,customer2418@example.com,555-1002418,2024-06-04,low
CUST102419,First2419,Last2419,customer2419@example.com,555-1002419,2023-02-21,medium
CUST102420,First2420,Last2420,customer2420@example.com,555-1002420,2024-09-21,low
CUST102421,First2421,Last2421,customer2421@example.com,555-1002421,2023-11-12,low
CUST102422,First2422,Last2422,customer2422@example.com,555-1002422,2024-08-31,medium
CUST102423,First2423,Last2423,customer2423@example.com,555-1002423,2023-06-21,low
CUST102424,First2424,Last2424,customer2424@example.com,555-1002424,2023-04-09,medium
CUST102425,First2425,Last2425,customer2425@example.com,555-1002425,2024-11-04,medium
CUST102426,First2426,Last2426,customer2426@example.com,555-1002426,2024-06-17,low
CUST102427,First2427,Last2427,customer2427@example.com,555-1002427,2024-09-29,low
CUST102428,First2428,Last2428,customer2428@example.com,555-1002428,2023-08-12,low
CUST102429,First2429,Last2429,customer2429@example.com,555-1002429,2023-10-11,medium
CUST102430,First2430,Last2430,customer2430@example.com,555-1002430,2024-02-09,medium
CUST102431,First2431,Last2431,customer2431@example.com,555-1002431,2023-11-11,medium
CUST102432,First2432,Last2432,customer2432@example.com,555-1002432,2023-06-19,low
CUST102433,First2433,Last2433,customer2433@example.com,555-1002433,2023-09-20,low
CUST102434,First2434,Last2434,customer2434@example.com,555-1002434,2024-03-02,low
CUST102435,First2435,Last2435,customer2435@example.com,555-1002435,2023-01-27,high
CUST102436,First2436,Last2436,customer2436@example.com,555-1002436,2023-08-24,low
CUST102437,First2437,Last2437,customer2437@example.com,555-1002437,2023-07-24,low
CUST102438,First2438,Last2438,customer2438@example.com,555-1002438,2023-02-19,low
CUST102439,First2439,Last2439,customer2439@example.com,555-1002439,2023-03-27,medium
CUST102440,First2440,Last2440,customer2440@example.com,555-1002440,2023-12-13,high
CUST102441,First2441,Last2441,customer2441@example.com,555-1002441,2023-03-13,low
CUST102442,First2442,Last2442,customer2442@example.com,555-1002442,2023-08-30,low
CUST102443,First2443,Last2443,customer2443@example.com,555-1002443,2024-01-28,low
CUST102444,First2444,Last2444,customer2444@example.com,555-1002444,2024-09-03,low
CUST102445,First2445,Last2445,customer2445@example.com,555-1002445,2023-03-11,low
CUST102446,First2446,Last2446,customer2446@example.com,555-1002446,2023-11-01,low
CUST102447,First2447,Last2447,customer2447@example.com,555-1002447,2023-03-14,low
CUST102448,First2448,Last2448,customer2448@example.com,555-1002448,2023-10-28,low
CUST102449,First2449,Last2449,customer2449@example.com,555-1002449,2023-12-03,low
CUST102450,First2450,Last2450,customer2450@example.com,555-1002450,2024-07-13,low
CUST102451,First2451,Last2451,customer2451@example.com,555-1002451,2023-11-06,medium
CUST102452,First2452,Last2452,customer2452@example.com,555-1002452,2024-10-16,low
CUST102453,First2453,Last2453,customer2453@example.com,555-1002453,2023-04-07,medium
CUST102454,First2454,Last2454,customer2454@example.com,555-1002454,2023-02-07,low
CUST102455,First2455,Last2455,customer2455@example.com,555-1002455,2023-01-04,low
CUST102456,First2456,Last2456,customer2456@example.com,555-1002456,2023-09-07,low
CUST102457,First2457,Last2457,customer2457@example.com,555-1002457,2023-05-16,low
CUST102458,First2458,Last2458,customer2458@example.com,555-1002458,2023-03-06,low
CUST102459,First2459,Last2459,customer2459@example.com,555-1002459,2023-06-15,low
CUST102460,First2460,Last2460,customer2460@example.com,555-1002460,2024-11-13,medium
CUST102461,First2461,Last2461,customer2461@example.com,555-1002461,2024-07-14,low
CUST102462,First2462,Last2462,customer2462@example.com,555-1002462,2023-01-14,low
CUST102463,First2463,Last2463,customer2463@example.com,555-1002463,2024-10-02,low
CUST102464,First2464,Last2464,customer2464@example.com,555-1002464,2023-05-24,low
CUST102465,First2465,Last2465,customer2465@example.com,555-1002465,2023-10-12,medium
CUST102466,First2466,Last2466,customer2466@example.com,555-1002466,2023-08-18,medium
CUST102467,First2467,Last2467,customer2467@example.com,555-1002467,2023-10-11,low
CUST102468,First2468,Last2468,customer2468@example.com,555-1002468,2024-06-16,low
CUST102469,First2469,Last2469,customer2469@example.com,555-1002469,2024-05-13,low
CUST102470,First2470,Last2470,customer2470@example.com,555-1002470,2024-02-20,low
CUST102471,First2471,Last2471,customer2471@example.com,555-1002471,2024-03-14,medium
CUST102472,First2472,Last2472,customer2472@example.com,555-1002472,2024-05-24,medium
CUST102473,First2473,Last2473,customer2473@example.com,555-1002473,2023-05-09,low
CUST102474,First2474,Last2474,customer2474@example.com,555-1002474,2023-10-04,low
CUST102475,First2475,Last2475,customer2475@example.com,555-1002475,2023-03-17,low
CUST102476,First2476,Last2476,customer2476@example.com,555-1002476,2024-05-07,low
CUST102477,First2477,Last2477,customer2477@example.com,555-1002477,2023-11-03,low
CUST102478,First2478,Last2478,customer2478@example.com,555-1002478,2024-03-22,low
CUST102479,First2479,Last2479,customer2479@example.com,555-1002479,2024-01-31,medium
CUST102480,First2480,Last2480,customer2480@example.com,555-1002480,2023-07-11,low
CUST102481,First2481,Last2481,customer2481@example.com,555-1002481,2023-04-08,low
CUST102482,First2482,Last2482,customer2482@example.com,555-1002482,2024-11-12,low
CUST102483,First2483,Last2483,customer2483@example.com,555-1002483,2023-07-25,low
CUST102484,First2484,Last2484,customer2484@example.com,555-1002484,2023-03-18,medium
CUST102485,First2485,Last2485,customer2485@example.com,555-1002485,2023-08-03,low
CUST102486,First2486,Last2486,customer2486@example.com,555-1002486,2024-09-23,medium
CUST102487,First2487,Last2487,customer2487@example.com,555-1002487,2023-07-02,medium
CUST102488,First2488,Last2488,customer2488@example.com,555-1002488,2024-11-21,low
CUST102489,First2489,Last2489,customer2489@example.com,555-1002489,2023-11-19,low
CUST102490,First2490,Last2490,customer2490@example.com,555-1002490,2024-08-26,high
CUST102491,First2491,Last2491,customer2491@example.com,555-1002491,2024-04-02,low
CUST102492,First2492,Last2492,customer2492@example.com,555-1002492,2023-01-31,low
CUST102493,First2493,Last2493,customer2493@example.com,555-1002493,2023-12-23,medium
CUST102494,First2494,Last2494,customer2494@example.com,555-1002494,2023-10-19,medium
CUST102495,First2495,Last2495,customer2495@example.com,555-1002495,2023-05-22,low
CUST102496,First2496,Last2496,customer2496@example.com,555-1002496,2024-01-20,low
CUST102497,First2497,Last2497,customer2497@example.com,555-1002497,2023-03-14,low
CUST102498,First2498,Last2498,customer2498@example.com,555-1002498,2024-05-03,medium
CUST102499,First2499,Last2499,customer2499@example.com,555-1002499,2024-07-29,low
CUST102500,First2500,Last2500,customer2500@example.com,555-1002500,2023-03-06,low
CUST102501,First2501,Last2501,customer2501@example.com,555-1002501,2023-12-02,low
CUST102502,First2502,Last2502,customer2502@example.com,555-1002502,2024-04-03,high
CUST102503,First2503,Last2503,customer2503@example.com,555-1002503,2023-02-13,medium
CUST102504,First2504,Last2504,customer2504@example.com,555-1002504,2023-09-30,low
CUST102505,First2505,Last2505,customer2505@example.com,555-1002505,2023-06-30,low
CUST102506,First2506,Last2506,customer2506@example.com,555-1002506,2023-01-28,medium
CUST102507,First2507,Last2507,customer2507@example.com,555-1002507,2024-07-16,medium
CUST102508,First2508,Last2508,customer2508@example.com,555-1002508,2023-11-08,low
CUST102509,First2509,Last2509,customer2509@example.com,555-1002509,2024-06-10,low
CUST102510,First2510,Last2510,customer2510@example.com,555-1002510,2024-02-15,low
CUST102511,First2511,Last2511,customer2511@example.com,555-1002511,2024-09-05,low
CUST102512,First2512,Last2512,customer2512@example.com,555-1002512,2024-11-28,low
CUST102513,First2513,Last2513,customer2513@example.com,555-1002513,2024-02-26,low
CUST102514,First2514,Last2514,customer2514@example.com,555-1002514,2023-09-04,low
CUST102515,First2515,Last2515,customer2515@example.com,555-1002515,2023-10-24,medium
CUST102516,First2516,Last2516,customer2516@example.com,555-1002516,2024-07-31,low
CUST102517,First2517,Last2517,customer2517@example.com,555-1002517,2023-10-26,low
CUST102518,First2518,Last2518,customer2518@example.com,555-1002518,2023-12-30,low
CUST102519,First2519,Last2519,customer2519@example.com,555-1002519,2023-05-16,low
CUST102520,First2520,Last2520,customer2520@example.com,555-1002520,2024-11-24,low
CUST102521,First2521,Last2521,customer2521@example.com,555-1002521,2024-03-31,low
CUST102522,First2522,Last2522,customer2522@example.com,555-1002522,2023-08-20,low
CUST102523,First2523,Last2523,customer2523@example.com,555-1002523,2024-02-14,low
CUST102524,First2524,Last2524,customer2524@example.com,555-1002524,2023-10-08,medium
CUST102525,First2525,Last2525,customer2525@example.com,555-1002525,2023-04-19,low
CUST102526,First2526,Last2526,customer2526@example.com,555-1002526,2024-09-04,medium
CUST102527,First2527,Last2527,customer2527@example.com,555-1002527,2024-09-11,medium
CUST102528,First2528,Last2528,customer2528@example.com,555-1002528,2024-08-07,medium
CUST102529,First2529,Last2529,customer2529@example.com,555-1002529,2023-09-15,low
CUST102530,First2530,Last2530,customer2530@example.com,555-1002530,2023-06-29,low
CUST102531,First2531,Last2531,customer2531@example.com,555-1002531,2023-02-04,low
CUST102532,First2532,Last2532,customer2532@example.com,555-1002532,2024-05-27,low
CUST102533,First2533,Last2533,customer2533@example.com,555-1002533,2023-08-18,low
CUST102534,First2534,Last2534,customer2534@example.com,555-1002534,2024-09-16,high
CUST102535,First2535,Last2535,customer2535@example.com,555-1002535,2024-08-31,low
CUST102536,First2536,Last2536,customer2536@example.com,555-1002536,2023-03-31,medium
CUST102537,First2537,Last2537,customer2537@example.com,555-1002537,2024-10-03,low
CUST102538,First2538,Last2538,customer2538@example.com,555-1002538,2023-04-09,low
CUST102539,First2539,Last2539,customer2539@example.com,555-1002539,2023-12-10,low
CUST102540,First2540,Last2540,customer2540@example.com,555-1002540,2023-11-28,low
CUST102541,First2541,Last2541,customer2541@example.com,555-1002541,2024-10-31,low
CUST102542,First2542,Last2542,customer2542@example.com,555-1002542,2024-04-05,low
CUST102543,First2543,Last2543,customer2543@example.com,555-1002543,2024-09-04,low
CUST102544,First2544,Last2544,customer2544@example.com,555-1002544,2024-02-22,low
CUST102545,First2545,Last2545,customer2545@example.com,555-1002545,2024-07-31,low
CUST102546,First2546,Last2546,customer2546@example.com,555-1002546,2024-08-19,high
CUST102547,First2547,Last2547,customer2547@example.com,555-1002547,2024-08-24,low
CUST102548,First2548,Last2548,customer2548@example.com,555-1002548,2023-10-16,low
CUST102549,First2549,Last2549,customer2549@example.com,555-1002549,2023-09-25,low
CUST102550,First2550,Last2550,customer2550@example.com,555-1002550,2024-11-20,low
CUST102551,First2551,Last2551,customer2551@example.com,555-1002551,2024-06-13,low
CUST102552,First2552,Last2552,customer2552@example.com,555-1002552,2024-10-04,low
CUST102553,First2553,Last2553,customer2553@example.com,555-1002553,2024-02-09,high
CUST102554,First2554,Last2554,customer2554@example.com,555-1002554,2024-10-12,low
CUST102555,First2555,Last2555,customer2555@example.com,555-1002555,2024-05-18,low
CUST102556,First2556,Last2556,customer2556@example.com,555-1002556,2024-06-03,low
CUST102557,First2557,Last2557,customer2557@example.com,555-1002557,2023-05-05,low
CUST102558,First2558,Last2558,customer2558@example.com,555-1002558,2024-02-01,low
CUST102559,First2559,Last2559,customer2559@example.com,555-1002559,2024-05-26,low
CUST102560,First2560,Last2560,customer2560@example.com,555-1002560,2024-06-16,low
CUST102561,First2561,Last2561,customer2561@example.com,555-1002561,2024-11-01,low
CUST102562,First2562,Last2562,customer2562@example.com,555-1002562,2023-08-17,medium
CUST102563,First2563,Last2563,customer2563@example.com,555-1002563,2023-07-31,low
CUST102564,First2564,Last2564,customer2564@example.com,555-1002564,2024-11-09,low
CUST102565,First2565,Last2565,customer2565@example.com,555-1002565,2024-11-21,low
CUST102566,First2566,Last2566,customer2566@example.com,555-1002566,2023-05-06,low
CUST102567,First2567,Last2567,customer2567@example.com,555-1002567,2023-09-22,low
CUST102568,First2568,Last2568,customer2568@example.com,555-1002568,2024-10-25,low
CUST102569,First2569,Last2569,customer2569@example.com,555-1002569,2023-05-20,high
CUST102570,First2570,Last2570,customer2570@example.com,555-1002570,2024-07-02,low
CUST102571,First2571,Last2571,customer2571@example.com,555-1002571,2023-03-20,low
CUST102572,First2572,Last2572,customer2572@example.com,555-1002572,2023-05-05,medium
CUST102573,First2573,Last2573,customer2573@example.com,555-1002573,2024-07-03,medium
CUST102574,First2574,Last2574,customer2574@example.com,555-1002574,2024-03-01,low
CUST102575,First2575,Last2575,customer2575@example.com,555-1002575,2024-01-24,low
CUST102576,First2576,Last2576,customer2576@example.com,555-1002576,2024-08-22,low
CUST102577,First2577,Last2577,customer2577@example.com,555-1002577,2023-08-03,medium
CUST102578,First2578,Last2578,customer2578@example.com,555-1002578,2023-12-19,low
CUST102579,First2579,Last2579,customer2579@example.com,555-1002579,2024-03-01,medium
CUST102580,First2580,Last2580,customer2580@example.com,555-1002580,2024-06-01,low
CUST102581,First2581,Last2581,customer2581@example.com,555-1002581,2023-08-21,medium
CUST102582,First2582,Last2582,customer2582@example.com,555-1002582,2024-03-19,low
CUST102583,First2583,Last2583,customer2583@example.com,555-1002583,2023-11-10,low
CUST102584,First2584,Last2584,customer2584@example.com,555-1002584,2024-01-15,low
CUST102585,First2585,Last2585,customer2585@example.com,555-1002585,2024-08-26,low
CUST102586,First2586,Last2586,customer2586@example.com,555-1002586,2023-10-03,low
CUST102587,First2587,Last2587,customer2587@example.com,555-1002587,2024-04-12,low
CUST102588,First2588,Last2588,customer2588@example.com,555-1002588,2024-10-21,low
CUST102589,First2589,Last2589,customer2589@example.com,555-1002589,2024-06-17,low
CUST102590,First2590,Last2590,customer2590@example.com,555-1002590,2024-11-23,medium
CUST102591,First2591,Last2591,customer2591@example.com,555-1002591,2024-02-13,medium
CUST102592,First2592,Last2592,customer2592@example.com,555-1002592,2023-07-17,low
CUST102593,First2593,Last2593,customer2593@example.com,555-1002593,2024-11-24,low
CUST102594,First2594,Last2594,customer2594@example.com,555-1002594,2024-03-27,low
CUST102595,First2595,Last2595,customer2595@example.com,555-1002595,2023-06-18,medium
CUST102596,First2596,Last2596,customer2596@example.com,555-1002596,2023-08-11,low
CUST102597,First2597,Last2597,customer2597@example.com,555-1002597,2023-07-03,low
CUST102598,First2598,Last2598,customer2598@example.com,555-1002598,2024-08-06,medium
CUST102599,First2599,Last2599,customer2599@example.com,555-1002599,2023-03-06,high
CUST102600,First2600,Last2600,customer2600@example.com,555-1002600,2024-06-01,low
CUST102601,First2601,Last2601,customer2601@example.com,555-1002601,2024-01-23,low
CUST102602,First2602,Last2602,customer2602@example.com,555-1002602,2023-02-21,low
CUST102603,First2603,Last2603,customer2603@example.com,555-1002603,2024-03-05,medium
CUST102604,First2604,Last2604,customer2604@example.com,555-1002604,2024-06-11,low
CUST102605,First2605,Last2605,customer2605@example.com,555-1002605,2024-05-23,low
CUST102606,First2606,Last2606,customer2606@example.com,555-1002606,2024-01-05,low
CUST102607,First2607,Last2607,customer2607@example.com,555-1002607,2023-08-23,low
CUST102608,First2608,Last2608,customer2608@example.com,555-1002608,2023-04-25,low
CUST102609,First2609,Last2609,customer2609@example.com,555-1002609,2023-01-09,low
CUST102610,First2610,Last2610,customer2610@example.com,555-1002610,2023-09-09,medium
CUST102611,First2611,Last2611,customer2611@example.com,555-1002611,2024-03-18,medium
CUST102612,First2612,Last2612,customer2612@example.com,555-1002612,2023-01-27,low
CUST102613,First2613,Last2613,customer2613@example.com,555-1002613,2024-11-30,medium
CUST102614,First2614,Last2614,customer2614@example.com,555-1002614,2024-02-15,low
CUST102615,First2615,Last2615,customer2615@example.com,555-1002615,2023-07-26,low
CUST102616,First2616,Last2616,customer2616@example.com,555-1002616,2024-11-04,low
CUST102617,First2617,Last2617,customer2617@example.com,555-1002617,2023-05-09,medium
CUST102618,First2618,Last2618,customer2618@example.com,555-1002618,2024-11-01,medium
CUST102619,First2619,Last2619,customer2619@example.com,555-1002619,2023-07-17,medium
CUST102620,First2620,Last2620,customer2620@example.com,555-1002620,2023-09-23,medium
CUST102621,First2621,Last2621,customer2621@example.com,555-1002621,2023-10-25,high
CUST102622,First2622,Last2622,customer2622@example.com,555-1002622,2024-11-27,low
CUST102623,First2623,Last2623,customer2623@example.com,555-1002623,2023-06-25,medium
CUST102624,First2624,Last2624,customer2624@example.com,555-1002624,2024-11-12,low
CUST102625,First2625,Last2625,customer2625@example.com,555-1002625,2023-08-31,low
CUST102626,First2626,Last2626,customer2626@example.com,555-1002626,2023-07-19,low
CUST102627,First2627,Last2627,customer2627@example.com,555-1002627,2024-03-22,low
CUST102628,First2628,Last2628,customer2628@example.com,555-1002628,2024-04-30,low
CUST102629,First2629,Last2629,customer2629@example.com,555-1002629,2023-08-30,low
CUST102630,First2630,Last2630,customer2630@example.com,555-1002630,2023-04-04,low
CUST102631,First2631,Last2631,customer2631@example.com,555-1002631,2023-10-05,low
CUST102632,First2632,Last2632,customer2632@example.com,555-1002632,2024-01-14,medium
CUST102633,First2633,Last2633,customer2633@example.com,555-1002633,2023-01-29,low
CUST102634,First2634,Last2634,customer2634@example.com,555-1002634,2023-02-25,low
CUST102635,First2635,Last2635,customer2635@example.com,555-1002635,2024-10-04,low
CUST102636,First2636,Last2636,customer2636@example.com,555-1002636,2023-01-26,low
CUST102637,First2637,Last2637,customer2637@example.com,555-1002637,2023-10-12,low
CUST102638,First2638,Last2638,customer2638@example.com,555-1002638,2024-06-18,medium
CUST102639,First2639,Last2639,customer2639@example.com,555-1002639,2023-08-18,low
CUST102640,First2640,Last2640,customer2640@example.com,555-1002640,2023-12-13,medium
CUST102641,First2641,Last2641,customer2641@example.com,555-1002641,2023-03-02,medium
CUST102642,First2642,Last2642,customer2642@example.com,555-1002642,2024-07-10,low
CUST102643,First2643,Last2643,customer2643@example.com,555-1002643,2024-03-19,medium
CUST102644,First2644,Last2644,customer2644@example.com,555-1002644,2024-08-19,low
CUST102645,First2645,Last2645,customer2645@example.com,555-1002645,2024-08-27,medium
CUST102646,First2646,Last2646,customer2646@example.com,555-1002646,2023-09-03,medium
CUST102647,First2647,Last2647,customer2647@example.com,555-1002647,2023-01-29,medium
CUST102648,First2648,Last2648,customer2648@example.com,555-1002648,2023-08-31,low
CUST102649,First2649,Last2649,customer2649@example.com,555-1002649,2023-04-12,medium
CUST102650,First2650,Last2650,customer2650@example.com,555-1002650,2024-01-09,high
CUST102651,First2651,Last2651,customer2651@example.com,555-1002651,2023-04-13,low
CUST102652,First2652,Last2652,customer2652@example.com,555-1002652,2024-10-07,medium
CUST102653,First2653,Last2653,customer2653@example.com,555-1002653,2024-02-26,medium
CUST102654,First2654,Last2654,customer2654@example.com,555-1002654,2023-06-27,low
CUST102655,First2655,Last2655,customer2655@example.com,555-1002655,2024-10-06,medium
CUST102656,First2656,Last2656,customer2656@example.com,555-1002656,2024-06-22,low
CUST102657,First2657,Last2657,customer2657@example.com,555-1002657,2023-11-03,low
CUST102658,First2658,Last2658,customer2658@example.com,555-1002658,2023-04-13,low
CUST102659,First2659,Last2659,customer2659@example.com,555-1002659,2023-08-29,low
CUST102660,First2660,Last2660,customer2660@example.com,555-1002660,2024-02-13,medium
CUST102661,First2661,Last2661,customer2661@example.com,555-1002661,2024-06-20,low
CUST102662,First2662,Last2662,customer2662@example.com,555-1002662,2023-07-03,low
CUST102663,First2663,Last2663,customer2663@example.com,555-1002663,2024-06-03,low
CUST102664,First2664,Last2664,customer2664@example.com,555-1002664,2023-07-17,low
CUST102665,First2665,Last2665,customer2665@example.com,555-1002665,2023-06-22,medium
CUST102666,First2666,Last2666,customer2666@example.com,555-1002666,2023-11-09,medium
CUST102667,First2667,Last2667,customer2667@example.com,555-1002667,2023-04-23,low
CUST102668,First2668,Last2668,customer2668@example.com,555-1002668,2023-10-11,low
CUST102669,First2669,Last2669,customer2669@example.com,555-1002669,2023-09-08,low
CUST102670,First2670,Last2670,customer2670@example.com,555-1002670,2023-07-16,low
CUST102671,First2671,Last2671,customer2671@example.com,555-1002671,2024-06-26,low
CUST102672,First2672,Last2672,customer2672@example.com,555-1002672,2023-08-21,low
CUST102673,First2673,Last2673,customer2673@example.com,555-1002673,2024-05-01,low
CUST102674,First2674,Last2674,customer2674@example.com,555-1002674,2024-05-19,low
CUST102675,First2675,Last2675,customer2675@example.com,555-1002675,2024-04-11,low
CUST102676,First2676,Last2676,customer2676@example.com,555-1002676,2023-07-08,low
CUST102677,First2677,Last2677,customer2677@example.com,555-1002677,2024-08-03,medium
CUST102678,First2678,Last2678,customer2678@example.com,555-1002678,2023-06-15,medium
CUST102679,First2679,Last2679,customer2679@example.com,555-1002679,2023-07-13,low
CUST102680,First2680,Last2680,customer2680@example.com,555-1002680,2024-09-04,medium
CUST102681,First2681,Last2681,customer2681@example.com,555-1002681,2023-08-26,medium
CUST102682,First2682,Last2682,customer2682@example.com,555-1002682,2024-05-02,low
CUST102683,First2683,Last2683,customer2683@example.com,555-1002683,2023-01-30,low
CUST102684,First2684,Last2684,customer2684@example.com,555-1002684,2024-03-06,low
CUST102685,First2685,Last2685,customer2685@example.com,555-1002685,2024-08-31,medium
CUST102686,First2686,Last2686,customer2686@example.com,555-1002686,2024-05-11,low
CUST102687,First2687,Last2687,customer2687@example.com,555-1002687,2024-02-12,low
CUST102688,First2688,Last2688,customer2688@example.com,555-1002688,2024-08-17,low
CUST102689,First2689,Last2689,customer2689@example.com,555-1002689,2023-07-28,low
CUST102690,First2690,Last2690,customer2690@example.com,555-1002690,2023-09-21,medium
CUST102691,First2691,Last2691,customer2691@example.com,555-1002691,2023-02-18,low
CUST102692,First2692,Last2692,customer2692@example.com,555-1002692,2024-05-03,medium
CUST102693,First2693,Last2693,customer2693@example.com,555-1002693,2024-05-21,high
CUST102694,First2694,Last2694,customer2694@example.com,555-1002694,2024-06-09,medium
CUST102695,First2695,Last2695,customer2695@example.com,555-1002695,2024-06-08,low
CUST102696,First2696,Last2696,customer2696@example.com,555-1002696,2023-03-31,medium
CUST102697,First2697,Last2697,customer2697@example.com,555-1002697,2024-04-11,low
CUST102698,First2698,Last2698,customer2698@example.com,555-1002698,2024-06-18,low
CUST102699,First2699,Last2699,customer2699@example.com,555-1002699,2023-05-23,medium
CUST102700,First2700,Last2700,customer2700@example.com,555-1002700,2023-11-30,low
CUST102701,First2701,Last2701,customer2701@example.com,555-1002701,2024-10-01,low
CUST102702,First2702,Last2702,customer2702@example.com,555-1002702,2023-10-18,low
CUST102703,First2703,Last2703,customer2703@example.com,555-1002703,2024-06-11,medium
CUST102704,First2704,Last2704,customer2704@example.com,555-1002704,2024-01-07,medium
CUST102705,First2705,Last2705,customer2705@example.com,555-1002705,2024-04-05,low
CUST102706,First2706,Last2706,customer2706@example.com,555-1002706,2024-03-14,medium
CUST102707,First2707,Last2707,customer2707@example.com,555-1002707,2024-03-31,low
CUST102708,First2708,Last2708,customer2708@example.com,555-1002708,2024-06-29,low
CUST102709,First2709,Last2709,customer2709@example.com,555-1002709,2024-09-25,low
CUST102710,First2710,Last2710,customer2710@example.com,555-1002710,2023-07-26,high
CUST102711,First2711,Last2711,customer2711@example.com,555-1002711,2024-10-11,low
CUST102712,First2712,Last2712,customer2712@example.com,555-1002712,2024-03-15,low
CUST102713,First2713,Last2713,customer2713@example.com,555-1002713,2024-02-21,low
CUST102714,First2714,Last2714,customer2714@example.com,555-1002714,2023-08-18,medium
CUST102715,First2715,Last2715,customer2715@example.com,555-1002715,2023-10-19,low
CUST102716,First2716,Last2716,customer2716@example.com,555-1002716,2024-04-01,low
CUST102717,First2717,Last2717,customer2717@example.com,555-1002717,2023-09-12,high
CUST102718,First2718,Last2718,customer2718@example.com,555-1002718,2023-07-21,low
CUST102719,First2719,Last2719,customer2719@example.com,555-1002719,2024-07-27,low
CUST102720,First2720,Last2720,customer2720@example.com,555-1002720,2023-10-18,low
CUST102721,First2721,Last2721,customer2721@example.com,555-1002721,2024-03-27,medium
CUST102722,First2722,Last2722,customer2722@example.com,555-1002722,2023-01-22,low
CUST102723,First2723,Last2723,customer2723@example.com,555-1002723,2023-02-24,low
CUST102724,First2724,Last2724,customer2724@example.com,555-1002724,2024-08-16,low
CUST102725,First2725,Last2725,customer2725@example.com,555-1002725,2023-04-10,medium
CUST102726,First2726,Last2726,customer2726@example.com,555-1002726,2024-07-11,medium
CUST102727,First2727,Last2727,customer2727@example.com,555-1002727,2024-09-22,low
CUST102728,First2728,Last2728,customer2728@example.com,555-1002728,2023-12-03,low
CUST102729,First2729,Last2729,customer2729@example.com,555-1002729,2024-09-11,medium
CUST102730,First2730,Last2730,customer2730@example.com,555-1002730,2023-10-27,low
CUST102731,First2731,Last2731,customer2731@example.com,555-1002731,2024-10-28,low
CUST102732,First2732,Last2732,customer2732@example.com,555-1002732,2023-06-15,low
CUST102733,First2733,Last2733,customer2733@example.com,555-1002733,2023-10-27,low
CUST102734,First2734,Last2734,customer2734@example.com,555-1002734,2023-09-30,low
CUST102735,First2735,Last2735,customer2735@example.com,555-1002735,2024-07-02,low
CUST102736,First2736,Last2736,customer2736@example.com,555-1002736,2023-01-31,low
CUST102737,First2737,Last2737,customer2737@example.com,555-1002737,2024-08-02,low
CUST102738,First2738,Last2738,customer2738@example.com,555-1002738,2023-01-17,medium
CUST102739,First2739,Last2739,customer2739@example.com,555-1002739,2023-08-09,low
CUST102740,First2740,Last2740,customer2740@example.com,555-1002740,2024-02-22,low
CUST102741,First2741,Last2741,customer2741@example.com,555-1002741,2023-04-12,medium
CUST102742,First2742,Last2742,customer2742@example.com,555-1002742,2023-12-10,low
CUST102743,First2743,Last2743,customer2743@example.com,555-1002743,2024-11-28,medium
CUST102744,First2744,Last2744,customer2744@example.com,555-1002744,2024-07-30,low
CUST102745,First2745,Last2745,customer2745@example.com,555-1002745,2023-01-22,medium
CUST102746,First2746,Last2746,customer2746@example.com,555-1002746,2024-02-19,low
CUST102747,First2747,Last2747,customer2747@example.com,555-1002747,2024-02-23,low
CUST102748,First2748,Last2748,customer2748@example.com,555-1002748,2023-02-17,low
CUST102749,First2749,Last2749,customer2749@example.com,555-1002749,2024-03-31,low
CUST102750,First2750,Last2750,customer2750@example.com,555-1002750,2023-12-31,low
CUST102751,First2751,Last2751,customer2751@example.com,555-1002751,2024-04-22,medium
CUST102752,First2752,Last2752,customer2752@example.com,555-1002752,2023-07-28,medium
CUST102753,First2753,Last2753,customer2753@example.com,555-1002753,2023-06-28,low
CUST102754,First2754,Last2754,customer2754@example.com,555-1002754,2024-05-30,medium
CUST102755,First2755,Last2755,customer2755@example.com,555-1002755,2024-05-20,medium
CUST102756,First2756,Last2756,customer2756@example.com,555-1002756,2023-04-24,medium
CUST102757,First2757,Last2757,customer2757@example.com,555-1002757,2023-06-01,low
CUST102758,First2758,Last2758,customer2758@example.com,555-1002758,2024-02-15,low
CUST102759,First2759,Last2759,customer2759@example.com,555-1002759,2024-08-03,low
CUST102760,First2760,Last2760,customer2760@example.com,555-1002760,2023-05-22,low
CUST102761,First2761,Last2761,customer2761@example.com,555-1002761,2023-06-03,medium
CUST102762,First2762,Last2762,customer2762@example.com,555-1002762,2024-07-19,low
CUST102763,First2763,Last2763,customer2763@example.com,555-1002763,2024-05-02,low
CUST102764,First2764,Last2764,customer2764@example.com,555-1002764,2024-09-23,low
CUST102765,First2765,Last2765,customer2765@example.com,555-1002765,2024-07-02,medium
CUST102766,First2766,Last2766,customer2766@example.com,555-1002766,2024-10-29,low
CUST102767,First2767,Last2767,customer2767@example.com,555-1002767,2023-05-13,low
CUST102768,First2768,Last2768,customer2768@example.com,555-1002768,2023-07-10,medium
CUST102769,First2769,Last2769,customer2769@example.com,555-1002769,2023-06-16,high
CUST102770,First2770,Last2770,customer2770@example.com,555-1002770,2023-02-08,low
CUST102771,First2771,Last2771,customer2771@example.com,555-1002771,2024-06-29,medium
CUST102772,First2772,Last2772,customer2772@example.com,555-1002772,2024-04-08,medium
CUST102773,First2773,Last2773,customer2773@example.com,555-1002773,2023-03-02,low
CUST102774,First2774,Last2774,customer2774@example.com,555-1002774,2023-05-19,medium
CUST102775,First2775,Last2775,customer2775@example.com,555-1002775,2023-05-14,low
CUST102776,First2776,Last2776,customer2776@example.com,555-1002776,2023-10-10,low
CUST102777,First2777,Last2777,customer2777@example.com,555-1002777,2023-11-15,low
CUST102778,First2778,Last2778,customer2778@example.com,555-1002778,2023-07-22,low
CUST102779,First2779,Last2779,customer2779@example.com,555-1002779,2024-10-13,low
CUST102780,First2780,Last2780,customer2780@example.com,555-1002780,2023-05-29,low
CUST102781,First2781,Last2781,customer2781@example.com,555-1002781,2024-01-29,low
CUST102782,First2782,Last2782,customer2782@example.com,555-1002782,2023-11-03,low
CUST102783,First2783,Last2783,customer2783@example.com,555-1002783,2023-09-29,low
CUST102784,First2784,Last2784,customer2784@example.com,555-1002784,2024-08-01,low
CUST102785,First2785,Last2785,customer2785@example.com,555-1002785,2024-11-15,low
CUST102786,First2786,Last2786,customer2786@example.com,555-1002786,2023-01-05,low
CUST102787,First2787,Last2787,customer2787@example.com,555-1002787,2023-11-21,low
CUST102788,First2788,Last2788,customer2788@example.com,555-1002788,2023-03-25,medium
CUST102789,First2789,Last2789,customer2789@example.com,555-1002789,2023-10-31,low
CUST102790,First2790,Last2790,customer2790@example.com,555-1002790,2024-03-07,medium
CUST102791,First2791,Last2791,customer2791@example.com,555-1002791,2023-10-16,low
CUST102792,First2792,Last2792,customer2792@example.com,555-1002792,2023-08-05,medium
CUST102793,First2793,Last2793,customer2793@example.com,555-1002793,2023-08-07,high
CUST102794,First2794,Last2794,customer2794@example.com,555-1002794,2023-07-29,medium
CUST102795,First2795,Last2795,customer2795@example.com,555-1002795,2023-08-16,low
CUST102796,First2796,Last2796,customer2796@example.com,555-1002796,2023-09-19,low
CUST102797,First2797,Last2797,customer2797@example.com,555-1002797,2024-04-26,low
CUST102798,First2798,Last2798,customer2798@example.com,555-1002798,2023-03-09,low
CUST102799,First2799,Last2799,customer2799@example.com,555-1002799,2023-01-29,medium
CUST102800,First2800,Last2800,customer2800@example.com,555-1002800,2023-12-28,high
CUST102801,First2801,Last2801,customer2801@example.com,555-1002801,2024-04-22,low
CUST102802,First2802,Last2802,customer2802@example.com,555-1002802,2023-07-01,low
CUST102803,First2803,Last2803,customer2803@example.com,555-1002803,2023-05-21,low
CUST102804,First2804,Last2804,customer2804@example.com,555-1002804,2024-03-13,low
CUST102805,First2805,Last2805,customer2805@example.com,555-1002805,2023-09-26,low
CUST102806,First2806,Last2806,customer2806@example.com,555-1002806,2024-05-30,low
CUST102807,First2807,Last2807,customer2807@example.com,555-1002807,2023-04-13,medium
CUST102808,First2808,Last2808,customer2808@example.com,555-1002808,2023-03-26,low
CUST102809,First2809,Last2809,customer2809@example.com,555-1002809,2024-01-22,low
CUST102810,First2810,Last2810,customer2810@example.com,555-1002810,2023-10-02,low
CUST102811,First2811,Last2811,customer2811@example.com,555-1002811,2024-05-25,medium
CUST102812,First2812,Last2812,customer2812@example.com,555-1002812,2023-12-21,low
CUST102813,First2813,Last2813,customer2813@example.com,555-1002813,2023-09-06,low
CUST102814,First2814,Last2814,customer2814@example.com,555-1002814,2023-04-22,low
CUST102815,First2815,Last2815,customer2815@example.com,555-1002815,2023-04-25,low
CUST102816,First2816,Last2816,customer2816@example.com,555-1002816,2024-06-13,low
CUST102817,First2817,Last2817,customer2817@example.com,555-1002817,2023-06-08,low
CUST102818,First2818,Last2818,customer2818@example.com,555-1002818,2023-12-18,low
CUST102819,First2819,Last2819,customer2819@example.com,555-1002819,2024-07-26,medium
CUST102820,First2820,Last2820,customer2820@example.com,555-1002820,2024-09-20,low
CUST102821,First2821,Last2821,customer2821@example.com,555-1002821,2023-07-07,low
CUST102822,First2822,Last2822,customer2822@example.com,555-1002822,2023-03-18,low
CUST102823,First2823,Last2823,customer2823@example.com,555-1002823,2024-06-26,high
CUST102824,First2824,Last2824,customer2824@example.com,555-1002824,2024-04-26,high
CUST102825,First2825,Last2825,customer2825@example.com,555-1002825,2023-08-20,medium
CUST102826,First2826,Last2826,customer2826@example.com,555-1002826,2024-02-20,low
CUST102827,First2827,Last2827,customer2827@example.com,555-1002827,2023-05-13,low
CUST102828,First2828,Last2828,customer2828@example.com,555-1002828,2024-05-05,medium
CUST102829,First2829,Last2829,customer2829@example.com,555-1002829,2024-05-24,medium
CUST102830,First2830,Last2830,customer2830@example.com,555-1002830,2023-07-29,low
CUST102831,First2831,Last2831,customer2831@example.com,555-1002831,2023-11-24,low
CUST102832,First2832,Last2832,customer2832@example.com,555-1002832,2023-08-22,low
CUST102833,First2833,Last2833,customer2833@example.com,555-1002833,2023-01-22,medium
CUST102834,First2834,Last2834,customer2834@example.com,555-1002834,2023-03-31,low
CUST102835,First2835,Last2835,customer2835@example.com,555-1002835,2024-11-02,low
CUST102836,First2836,Last2836,customer2836@example.com,555-1002836,2023-11-16,low
CUST102837,First2837,Last2837,customer2837@example.com,555-1002837,2023-04-14,low
CUST102838,First2838,Last2838,customer2838@example.com,555-1002838,2023-01-31,low
CUST102839,First2839,Last2839,customer2839@example.com,555-1002839,2023-09-05,low
CUST102840,First2840,Last2840,customer2840@example.com,555-1002840,2024-11-18,medium
CUST102841,First2841,Last2841,customer2841@example.com,555-1002841,2023-09-27,low
CUST102842,First2842,Last2842,customer2842@example.com,555-1002842,2024-11-30,low
CUST102843,First2843,Last2843,customer2843@example.com,555-1002843,2023-12-09,low
CUST102844,First2844,Last2844,customer2844@example.com,555-1002844,2024-06-18,low
CUST102845,First2845,Last2845,customer2845@example.com,555-1002845,2024-07-03,low
CUST102846,First2846,Last2846,customer2846@example.com,555-1002846,2023-01-20,low
CUST102847,First2847,Last2847,customer2847@example.com,555-1002847,2023-01-05,low
CUST102848,First2848,Last2848,customer2848@example.com,555-1002848,2024-10-07,medium
CUST102849,First2849,Last2849,customer2849@example.com,555-1002849,2024-10-14,low
CUST102850,First2850,Last2850,customer2850@example.com,555-1002850,2023-04-03,low
CUST102851,First2851,Last2851,customer2851@example.com,555-1002851,2024-03-28,low
CUST102852,First2852,Last2852,customer2852@example.com,555-1002852,2024-10-08,medium
CUST102853,First2853,Last2853,customer2853@example.com,555-1002853,2024-10-27,low
CUST102854,First2854,Last2854,customer2854@example.com,555-1002854,2023-07-27,medium
CUST102855,First2855,Last2855,customer2855@example.com,555-1002855,2024-07-26,medium
CUST102856,First2856,Last2856,customer2856@example.com,555-1002856,2024-03-28,low
CUST102857,First2857,Last2857,customer2857@example.com,555-1002857,2024-10-11,low
CUST102858,First2858,Last2858,customer2858@example.com,555-1002858,2023-04-13,medium
CUST102859,First2859,Last2859,customer2859@example.com,555-1002859,2024-02-25,low
CUST102860,First2860,Last2860,customer2860@example.com,555-1002860,2023-01-18,low
CUST102861,First2861,Last2861,customer2861@example.com,555-1002861,2023-09-08,low
CUST102862,First2862,Last2862,customer2862@example.com,555-1002862,2023-01-08,low
CUST102863,First2863,Last2863,customer2863@example.com,555-1002863,2023-11-07,low
CUST102864,First2864,Last2864,customer2864@example.com,555-1002864,2024-07-21,low
CUST102865,First2865,Last2865,customer2865@example.com,555-1002865,2024-04-05,low
CUST102866,First2866,Last2866,customer2866@example.com,555-1002866,2023-08-10,low
CUST102867,First2867,Last2867,customer2867@example.com,555-1002867,2023-10-26,low
CUST102868,First2868,Last2868,customer2868@example.com,555-1002868,2023-09-15,medium
CUST102869,First2869,Last2869,customer2869@example.com,555-1002869,2024-05-27,low
CUST102870,First2870,Last2870,customer2870@example.com,555-1002870,2023-07-06,low
CUST102871,First2871,Last2871,customer2871@example.com,555-1002871,2023-03-06,low
CUST102872,First2872,Last2872,customer2872@example.com,555-1002872,2023-12-21,low
CUST102873,First2873,Last2873,customer2873@example.com,555-1002873,2024-08-03,low
CUST102874,First2874,Last2874,customer2874@example.com,555-1002874,2023-11-30,low
CUST102875,First2875,Last2875,customer2875@example.com,555-1002875,2023-05-23,low
CUST102876,First2876,Last2876,customer2876@example.com,555-1002876,2023-02-02,low
CUST102877,First2877,Last2877,customer2877@example.com,555-1002877,2024-10-22,low
CUST102878,First2878,Last2878,customer2878@example.com,555-1002878,2024-06-16,low
CUST102879,First2879,Last2879,customer2879@example.com,555-1002879,2023-04-19,low
CUST102880,First2880,Last2880,customer2880@example.com,555-1002880,2023-02-21,low
CUST102881,First2881,Last2881,customer2881@example.com,555-1002881,2023-04-01,low
CUST102882,First2882,Last2882,customer2882@example.com,555-1002882,2023-09-21,low
CUST102883,First2883,Last2883,customer2883@example.com,555-1002883,2024-07-22,low
CUST102884,First2884,Last2884,customer2884@example.com,555-1002884,2023-04-22,low
CUST102885,First2885,Last2885,customer2885@example.com,555-1002885,2024-07-27,low
CUST102886,First2886,Last2886,customer2886@example.com,555-1002886,2023-01-02,low
CUST102887,First2887,Last2887,customer2887@example.com,555-1002887,2024-06-01,medium
CUST102888,First2888,Last2888,customer2888@example.com,555-1002888,2023-07-17,low
CUST102889,First2889,Last2889,customer2889@example.com,555-1002889,2024-11-03,low
CUST102890,First2890,Last2890,customer2890@example.com,555-1002890,2023-11-30,low
CUST102891,First2891,Last2891,customer2891@example.com,555-1002891,2023-07-09,high
CUST102892,First2892,Last2892,customer2892@example.com,555-1002892,2023-06-20,low
CUST102893,First2893,Last2893,customer2893@example.com,555-1002893,2024-08-01,low
CUST102894,First2894,Last2894,customer2894@example.com,555-1002894,2023-10-10,high
CUST102895,First2895,Last2895,customer2895@example.com,555-1002895,2023-09-04,low
CUST102896,First2896,Last2896,customer2896@example.com,555-1002896,2024-05-29,high
CUST102897,First2897,Last2897,customer2897@example.com,555-1002897,2024-01-12,low
CUST102898,First2898,Last2898,customer2898@example.com,555-1002898,2024-04-09,low
CUST102899,First2899,Last2899,customer2899@example.com,555-1002899,2023-11-08,low
CUST102900,First2900,Last2900,customer2900@example.com,555-1002900,2023-02-14,low
CUST102901,First2901,Last2901,customer2901@example.com,555-1002901,2023-01-05,medium
CUST102902,First2902,Last2902,customer2902@example.com,555-1002902,2023-01-28,low
CUST102903,First2903,Last2903,customer2903@example.com,555-1002903,2024-02-07,high
CUST102904,First2904,Last2904,customer2904@example.com,555-1002904,2023-12-26,low
CUST102905,First2905,Last2905,customer2905@example.com,555-1002905,2024-06-07,low
CUST102906,First2906,Last2906,customer2906@example.com,555-1002906,2024-09-18,high
CUST102907,First2907,Last2907,customer2907@example.com,555-1002907,2023-05-03,low
CUST102908,First2908,Last2908,customer2908@example.com,555-1002908,2024-11-01,medium
CUST102909,First2909,Last2909,customer2909@example.com,555-1002909,2024-10-14,low
CUST102910,First2910,Last2910,customer2910@example.com,555-1002910,2024-03-07,medium
CUST102911,First2911,Last2911,customer2911@example.com,555-1002911,2024-01-07,low
CUST102912,First2912,Last2912,customer2912@example.com,555-1002912,2023-05-04,low
CUST102913,First2913,Last2913,customer2913@example.com,555-1002913,2023-05-05,low
CUST102914,First2914,Last2914,customer2914@example.com,555-1002914,2023-01-14,low
CUST102915,First2915,Last2915,customer2915@example.com,555-1002915,2024-03-28,low
CUST102916,First2916,Last2916,customer2916@example.com,555-1002916,2023-10-31,low
CUST102917,First2917,Last2917,customer2917@example.com,555-1002917,2023-05-15,medium
CUST102918,First2918,Last2918,customer2918@example.com,555-1002918,2023-04-04,low
CUST102919,First2919,Last2919,customer2919@example.com,555-1002919,2023-02-14,medium
CUST102920,First2920,Last2920,customer2920@example.com,555-1002920,2024-03-24,high
CUST102921,First2921,Last2921,customer2921@example.com,555-1002921,2024-04-24,low
CUST102922,First2922,Last2922,customer2922@example.com,555-1002922,2024-03-18,low
CUST102923,First2923,Last2923,customer2923@example.com,555-1002923,2023-03-19,low
CUST102924,First2924,Last2924,customer2924@example.com,555-1002924,2023-01-29,low
CUST102925,First2925,Last2925,customer2925@example.com,555-1002925,2023-03-16,low
CUST102926,First2926,Last2926,customer2926@example.com,555-1002926,2024-06-10,low
CUST102927,First2927,Last2927,customer2927@example.com,555-1002927,2024-06-01,low
CUST102928,First2928,Last2928,customer2928@example.com,555-1002928,2023-07-26,low
CUST102929,First2929,Last2929,customer2929@example.com,555-1002929,2023-02-08,low
CUST102930,First2930,Last2930,customer2930@example.com,555-1002930,2023-08-12,low
CUST102931,First2931,Last2931,customer2931@example.com,555-1002931,2024-07-20,low
CUST102932,First2932,Last2932,customer2932@example.com,555-1002932,2023-04-11,low
CUST102933,First2933,Last2933,customer2933@example.com,555-1002933,2024-07-11,medium
CUST102934,First2934,Last2934,customer2934@example.com,555-1002934,2023-11-21,low
CUST102935,First2935,Last2935,customer2935@example.com,555-1002935,2023-04-09,low
CUST102936,First2936,Last2936,customer2936@example.com,555-1002936,2024-10-15,low
CUST102937,First2937,Last2937,customer2937@example.com,555-1002937,2023-12-29,low
CUST102938,First2938,Last2938,customer2938@example.com,555-1002938,2024-04-15,low
CUST102939,First2939,Last2939,customer2939@example.com,555-1002939,2023-03-09,low
CUST102940,First2940,Last2940,customer2940@example.com,555-1002940,2023-09-18,high
CUST102941,First2941,Last2941,customer2941@example.com,555-1002941,2024-03-18,low
CUST102942,First2942,Last2942,customer2942@example.com,555-1002942,2024-03-27,medium
CUST102943,First2943,Last2943,customer2943@example.com,555-1002943,2023-02-14,low
CUST102944,First2944,Last2944,customer2944@example.com,555-1002944,2024-02-27,low
CUST102945,First2945,Last2945,customer2945@example.com,555-1002945,2024-10-23,low
CUST102946,First2946,Last2946,customer2946@example.com,555-1002946,2024-07-04,low
CUST102947,First2947,Last2947,customer2947@example.com,555-1002947,2023-05-26,medium
CUST102948,First2948,Last2948,customer2948@example.com,555-1002948,2024-09-30,high
CUST102949,First2949,Last2949,customer2949@example.com,555-1002949,2024-04-23,medium
CUST102950,First2950,Last2950,customer2950@example.com,555-1002950,2023-02-09,low
CUST102951,First2951,Last2951,customer2951@example.com,555-1002951,2023-03-31,medium
CUST102952,First2952,Last2952,customer2952@example.com,555-1002952,2024-10-06,low
CUST102953,First2953,Last2953,customer2953@example.com,555-1002953,2023-05-27,medium
CUST102954,First2954,Last2954,customer2954@example.com,555-1002954,2023-03-09,low
CUST102955,First2955,Last2955,customer2955@example.com,555-1002955,2023-11-12,low
CUST102956,First2956,Last2956,customer2956@example.com,555-1002956,2024-01-03,low
CUST102957,First2957,Last2957,customer2957@example.com,555-1002957,2024-02-06,low
CUST102958,First2958,Last2958,customer2958@example.com,555-1002958,2024-04-06,low
CUST102959,First2959,Last2959,customer2959@example.com,555-1002959,2024-11-30,medium
CUST102960,First2960,Last2960,customer2960@example.com,555-1002960,2024-06-15,medium
CUST102961,First2961,Last2961,customer2961@example.com,555-1002961,2023-01-19,high
CUST102962,First2962,Last2962,customer2962@example.com,555-1002962,2023-03-04,low
CUST102963,First2963,Last2963,customer2963@example.com,555-1002963,2023-01-01,low
CUST102964,First2964,Last2964,customer2964@example.com,555-1002964,2023-10-04,low
CUST102965,First2965,Last2965,customer2965@example.com,555-1002965,2023-09-03,low
CUST102966,First2966,Last2966,customer2966@example.com,555-1002966,2024-10-15,low
CUST102967,First2967,Last2967,customer2967@example.com,555-1002967,2023-09-14,low
CUST102968,First2968,Last2968,customer2968@example.com,555-1002968,2023-01-22,low
CUST102969,First2969,Last2969,customer2969@example.com,555-1002969,2024-09-10,low
CUST102970,First2970,Last2970,customer2970@example.com,555-1002970,2023-07-02,low
CUST102971,First2971,Last2971,customer2971@example.com,555-1002971,2024-09-30,low
CUST102972,First2972,Last2972,customer2972@example.com,555-1002972,2024-06-26,low
CUST102973,First2973,Last2973,customer2973@example.com,555-1002973,2024-09-08,medium
CUST102974,First2974,Last2974,customer2974@example.com,555-1002974,2024-07-27,low
CUST102975,First2975,Last2975,customer2975@example.com,555-1002975,2023-04-11,medium
CUST102976,First2976,Last2976,customer2976@example.com,555-1002976,2024-03-14,low
CUST102977,First2977,Last2977,customer2977@example.com,555-1002977,2023-10-16,medium
CUST102978,First2978,Last2978,customer2978@example.com,555-1002978,2024-03-16,medium
CUST102979,First2979,Last2979,customer2979@example.com,555-1002979,2024-06-06,medium
CUST102980,First2980,Last2980,customer2980@example.com,555-1002980,2023-12-17,low
CUST102981,First2981,Last2981,customer2981@example.com,555-1002981,2023-08-07,low
CUST102982,First2982,Last2982,customer2982@example.com,555-1002982,2024-10-03,low
CUST102983,First2983,Last2983,customer2983@example.com,555-1002983,2024-04-09,low
CUST102984,First2984,Last2984,customer2984@example.com,555-1002984,2024-09-11,low
CUST102985,First2985,Last2985,customer2985@example.com,555-1002985,2023-06-16,low
CUST102986,First2986,Last2986,customer2986@example.com,555-1002986,2024-08-09,low
CUST102987,First2987,Last2987,customer2987@example.com,555-1002987,2023-08-15,low
CUST102988,First2988,Last2988,customer2988@example.com,555-1002988,2023-11-19,low
CUST102989,First2989,Last2989,customer2989@example.com,555-1002989,2024-08-25,low
CUST102990,First2990,Last2990,customer2990@example.com,555-1002990,2023-09-06,medium
CUST102991,First2991,Last2991,customer2991@example.com,555-1002991,2023-06-25,medium
CUST102992,First2992,Last2992,customer2992@example.com,555-1002992,2024-10-02,low
CUST102993,First2993,Last2993,customer2993@example.com,555-1002993,2024-11-06,low
CUST102994,First2994,Last2994,customer2994@example.com,555-1002994,2023-08-06,low
CUST102995,First2995,Last2995,customer2995@example.com,555-1002995,2023-08-03,low
CUST102996,First2996,Last2996,customer2996@example.com,555-1002996,2023-06-09,low
CUST102997,First2997,Last2997,customer2997@example.com,555-1002997,2023-01-17,low
CUST102998,First2998,Last2998,customer2998@example.com,555-1002998,2024-01-23,high
CUST102999,First2999,Last2999,customer2999@example.com,555-1002999,2023-06-28,low
CUST103000,First3000,Last3000,customer3000@example.com,555-1003000,2024-08-17,medium
CUST103001,First3001,Last3001,customer3001@example.com,555-1003001,2023-04-30,low
CUST103002,First3002,Last3002,customer3002@example.com,555-1003002,2024-03-20,low
CUST103003,First3003,Last3003,customer3003@example.com,555-1003003,2023-12-21,medium
CUST103004,First3004,Last3004,customer3004@example.com,555-1003004,2024-03-04,low
CUST103005,First3005,Last3005,customer3005@example.com,555-1003005,2023-03-20,medium
CUST103006,First3006,Last3006,customer3006@example.com,555-1003006,2023-11-23,low
CUST103007,First3007,Last3007,customer3007@example.com,555-1003007,2024-03-14,low
CUST103008,First3008,Last3008,customer3008@example.com,555-1003008,2023-08-27,low
CUST103009,First3009,Last3009,customer3009@example.com,555-1003009,2024-09-04,medium
CUST103010,First3010,Last3010,customer3010@example.com,555-1003010,2024-01-06,low
CUST103011,First3011,Last3011,customer3011@example.com,555-1003011,2023-09-11,medium
CUST103012,First3012,Last3012,customer3012@example.com,555-1003012,2023-01-22,medium
CUST103013,First3013,Last3013,customer3013@example.com,555-1003013,2023-04-28,low
CUST103014,First3014,Last3014,customer3014@example.com,555-1003014,2023-11-30,low
CUST103015,First3015,Last3015,customer3015@example.com,555-1003015,2023-10-08,medium
CUST103016,First3016,Last3016,customer3016@example.com,555-1003016,2024-09-02,medium
CUST103017,First3017,Last3017,customer3017@example.com,555-1003017,2024-07-04,low
CUST103018,First3018,Last3018,customer3018@example.com,555-1003018,2023-04-22,low
CUST103019,First3019,Last3019,customer3019@example.com,555-1003019,2024-02-19,low
CUST103020,First3020,Last3020,customer3020@example.com,555-1003020,2023-11-15,low
CUST103021,First3021,Last3021,customer3021@example.com,555-1003021,2023-03-12,medium
CUST103022,First3022,Last3022,customer3022@example.com,555-1003022,2024-04-11,low
CUST103023,First3023,Last3023,customer3023@example.com,555-1003023,2024-01-12,low
CUST103024,First3024,Last3024,customer3024@example.com,555-1003024,2023-03-03,low
CUST103025,First3025,Last3025,customer3025@example.com,555-1003025,2023-11-24,low
CUST103026,First3026,Last3026,customer3026@example.com,555-1003026,2024-05-27,low
CUST103027,First3027,Last3027,customer3027@example.com,555-1003027,2023-08-17,medium
CUST103028,First3028,Last3028,customer3028@example.com,555-1003028,2023-09-07,low
CUST103029,First3029,Last3029,customer3029@example.com,555-1003029,2023-03-19,low
CUST103030,First3030,Last3030,customer3030@example.com,555-1003030,2023-05-24,medium
CUST103031,First3031,Last3031,customer3031@example.com,555-1003031,2024-11-17,low
CUST103032,First3032,Last3032,customer3032@example.com,555-1003032,2024-03-10,low
CUST103033,First3033,Last3033,customer3033@example.com,555-1003033,2023-05-04,low
CUST103034,First3034,Last3034,customer3034@example.com,555-1003034,2023-12-04,high
CUST103035,First3035,Last3035,customer3035@example.com,555-1003035,2023-05-15,medium
CUST103036,First3036,Last3036,customer3036@example.com,555-1003036,2023-11-06,low
CUST103037,First3037,Last3037,customer3037@example.com,555-1003037,2023-04-12,low
CUST103038,First3038,Last3038,customer3038@example.com,555-1003038,2024-03-09,low
CUST103039,First3039,Last3039,customer3039@example.com,555-1003039,2024-02-04,low
CUST103040,First3040,Last3040,customer3040@example.com,555-1003040,2024-03-19,low
CUST103041,First3041,Last3041,customer3041@example.com,555-1003041,2023-11-07,medium
CUST103042,First3042,Last3042,customer3042@example.com,555-1003042,2023-07-20,medium
CUST103043,First3043,Last3043,customer3043@example.com,555-1003043,2023-06-24,low
CUST103044,First3044,Last3044,customer3044@example.com,555-1003044,2023-05-31,medium
CUST103045,First3045,Last3045,customer3045@example.com,555-1003045,2023-10-28,high
CUST103046,First3046,Last3046,customer3046@example.com,555-1003046,2023-11-13,low
CUST103047,First3047,Last3047,customer3047@example.com,555-1003047,2024-04-16,low
CUST103048,First3048,Last3048,customer3048@example.com,555-1003048,2023-02-06,medium
CUST103049,First3049,Last3049,customer3049@example.com,555-1003049,2023-07-17,low
CUST103050,First3050,Last3050,customer3050@example.com,555-1003050,2024-08-19,medium
CUST103051,First3051,Last3051,customer3051@example.com,555-1003051,2024-10-02,low
CUST103052,First3052,Last3052,customer3052@example.com,555-1003052,2024-10-13,low
CUST103053,First3053,Last3053,customer3053@example.com,555-1003053,2023-08-03,medium
CUST103054,First3054,Last3054,customer3054@example.com,555-1003054,2023-04-06,low
CUST103055,First3055,Last3055,customer3055@example.com,555-1003055,2023-05-19,low
CUST103056,First3056,Last3056,customer3056@example.com,555-1003056,2023-04-03,low
CUST103057,First3057,Last3057,customer3057@example.com,555-1003057,2024-10-30,low
CUST103058,First3058,Last3058,customer3058@example.com,555-1003058,2024-09-10,low
CUST103059,First3059,Last3059,customer3059@example.com,555-1003059,2024-07-21,low
CUST103060,First3060,Last3060,customer3060@example.com,555-1003060,2024-05-25,low
CUST103061,First3061,Last3061,customer3061@example.com,555-1003061,2023-08-29,low
CUST103062,First3062,Last3062,customer3062@example.com,555-1003062,2023-11-29,low
CUST103063,First3063,Last3063,customer3063@example.com,555-1003063,2024-08-12,medium
CUST103064,First3064,Last3064,customer3064@example.com,555-1003064,2024-07-24,low
CUST103065,First3065,Last3065,customer3065@example.com,555-1003065,2023-12-30,low
CUST103066,First3066,Last3066,customer3066@example.com,555-1003066,2024-08-09,low
CUST103067,First3067,Last3067,customer3067@example.com,555-1003067,2023-08-31,low
CUST103068,First3068,Last3068,customer3068@example.com,555-1003068,2023-10-17,medium
CUST103069,First3069,Last3069,customer3069@example.com,555-1003069,2024-08-10,low
CUST103070,First3070,Last3070,customer3070@example.com,555-1003070,2023-09-21,low
CUST103071,First3071,Last3071,customer3071@example.com,555-1003071,2024-06-10,high
CUST103072,First3072,Last3072,customer3072@example.com,555-1003072,2023-11-14,medium
CUST103073,First3073,Last3073,customer3073@example.com,555-1003073,2023-07-28,medium
CUST103074,First3074,Last3074,customer3074@example.com,555-1003074,2023-06-03,medium
CUST103075,First3075,Last3075,customer3075@example.com,555-1003075,2024-02-29,medium
CUST103076,First3076,Last3076,customer3076@example.com,555-1003076,2023-12-02,low
CUST103077,First3077,Last3077,customer3077@example.com,555-1003077,2023-09-16,low
CUST103078,First3078,Last3078,customer3078@example.com,555-1003078,2024-06-04,low
CUST103079,First3079,Last3079,customer3079@example.com,555-1003079,2023-01-01,low
CUST103080,First3080,Last3080,customer3080@example.com,555-1003080,2023-03-06,low
CUST103081,First3081,Last3081,customer3081@example.com,555-1003081,2024-11-04,low
CUST103082,First3082,Last3082,customer3082@example.com,555-1003082,2024-04-09,low
CUST103083,First3083,Last3083,customer3083@example.com,555-1003083,2024-01-20,medium
CUST103084,First3084,Last3084,customer3084@example.com,555-1003084,2023-01-11,medium
CUST103085,First3085,Last3085,customer3085@example.com,555-1003085,2024-02-23,low
CUST103086,First3086,Last3086,customer3086@example.com,555-1003086,2023-11-01,low
CUST103087,First3087,Last3087,customer3087@example.com,555-1003087,2024-02-24,low
CUST103088,First3088,Last3088,customer3088@example.com,555-1003088,2023-01-29,low
CUST103089,First3089,Last3089,customer3089@example.com,555-1003089,2024-01-21,medium
CUST103090,First3090,Last3090,customer3090@example.com,555-1003090,2024-02-09,medium
CUST103091,First3091,Last3091,customer3091@example.com,555-1003091,2023-07-23,medium
CUST103092,First3092,Last3092,customer3092@example.com,555-1003092,2023-02-08,medium
CUST103093,First3093,Last3093,customer3093@example.com,555-1003093,2024-11-11,high
CUST103094,First3094,Last3094,customer3094@example.com,555-1003094,2024-05-11,low
CUST103095,First3095,Last3095,customer3095@example.com,555-1003095,2024-03-11,low
CUST103096,First3096,Last3096,customer3096@example.com,555-1003096,2024-06-20,low
CUST103097,First3097,Last3097,customer3097@example.com,555-1003097,2024-04-14,low
CUST103098,First3098,Last3098,customer3098@example.com,555-1003098,2023-04-05,low
CUST103099,First3099,Last3099,customer3099@example.com,555-1003099,2023-11-15,low
CUST103100,First3100,Last3100,customer3100@example.com,555-1003100,2024-09-14,high
CUST103101,First3101,Last3101,customer3101@example.com,555-1003101,2023-07-21,low
CUST103102,First3102,Last3102,customer3102@example.com,555-1003102,2024-11-11,high
CUST103103,First3103,Last3103,customer3103@example.com,555-1003103,2023-02-15,medium
CUST103104,First3104,Last3104,customer3104@example.com,555-1003104,2023-08-20,low
CUST103105,First3105,Last3105,customer3105@example.com,555-1003105,2023-09-03,low
CUST103106,First3106,Last3106,customer3106@example.com,555-1003106,2024-03-08,low
CUST103107,First3107,Last3107,customer3107@example.com,555-1003107,2023-05-04,low
CUST103108,First3108,Last3108,customer3108@example.com,555-1003108,2023-06-10,low
CUST103109,First3109,Last3109,customer3109@example.com,555-1003109,2024-04-08,medium
CUST103110,First3110,Last3110,customer3110@example.com,555-1003110,2023-07-19,low
CUST103111,First3111,Last3111,customer3111@example.com,555-1003111,2024-09-07,low
CUST103112,First3112,Last3112,customer3112@example.com,555-1003112,2024-09-01,medium
CUST103113,First3113,Last3113,customer3113@example.com,555-1003113,2023-07-31,low
CUST103114,First3114,Last3114,customer3114@example.com,555-1003114,2024-01-27,low
CUST103115,First3115,Last3115,customer3115@example.com,555-1003115,2023-08-22,low
CUST103116,First3116,Last3116,customer3116@example.com,555-1003116,2023-08-30,low
CUST103117,First3117,Last3117,customer3117@example.com,555-1003117,2024-04-14,low
CUST103118,First3118,Last3118,customer3118@example.com,555-1003118,2023-07-25,low
CUST103119,First3119,Last3119,customer3119@example.com,555-1003119,2023-04-15,low
CUST103120,First3120,Last3120,customer3120@example.com,555-1003120,2023-07-01,low
CUST103121,First3121,Last3121,customer3121@example.com,555-1003121,2024-10-12,low
CUST103122,First3122,Last3122,customer3122@example.com,555-1003122,2023-07-01,low
CUST103123,First3123,Last3123,customer3123@example.com,555-1003123,2023-09-12,low
CUST103124,First3124,Last3124,customer3124@example.com,555-1003124,2024-03-16,low
CUST103125,First3125,Last3125,customer3125@example.com,555-1003125,2023-03-12,low
CUST103126,First3126,Last3126,customer3126@example.com,555-1003126,2023-07-07,low
CUST103127,First3127,Last3127,customer3127@example.com,555-1003127,2023-05-03,low
CUST103128,First3128,Last3128,customer3128@example.com,555-1003128,2024-10-09,low
CUST103129,First3129,Last3129,customer3129@example.com,555-1003129,2024-10-14,medium
CUST103130,First3130,Last3130,customer3130@example.com,555-1003130,2024-06-13,low
CUST103131,First3131,Last3131,customer3131@example.com,555-1003131,2023-06-22,medium
CUST103132,First3132,Last3132,customer3132@example.com,555-1003132,2024-03-07,low
CUST103133,First3133,Last3133,customer3133@example.com,555-1003133,2024-04-08,low
CUST103134,First3134,Last3134,customer3134@example.com,555-1003134,2024-08-31,medium
CUST103135,First3135,Last3135,customer3135@example.com,555-1003135,2023-04-20,medium
CUST103136,First3136,Last3136,customer3136@example.com,555-1003136,2024-05-30,medium
CUST103137,First3137,Last3137,customer3137@example.com,555-1003137,2023-05-16,low
CUST103138,First3138,Last3138,customer3138@example.com,555-1003138,2024-02-03,medium
CUST103139,First3139,Last3139,customer3139@example.com,555-1003139,2024-09-07,low
CUST103140,First3140,Last3140,customer3140@example.com,555-1003140,2023-02-13,low
CUST103141,First3141,Last3141,customer3141@example.com,555-1003141,2023-04-14,low
CUST103142,First3142,Last3142,customer3142@example.com,555-1003142,2024-07-23,high
CUST103143,First3143,Last3143,customer3143@example.com,555-1003143,2023-01-14,low
CUST103144,First3144,Last3144,customer3144@example.com,555-1003144,2024-04-24,medium
CUST103145,First3145,Last3145,customer3145@example.com,555-1003145,2023-12-17,low
CUST103146,First3146,Last3146,customer3146@example.com,555-1003146,2023-08-31,medium
CUST103147,First3147,Last3147,customer3147@example.com,555-1003147,2024-08-26,medium
CUST103148,First3148,Last3148,customer3148@example.com,555-1003148,2024-08-17,medium
CUST103149,First3149,Last3149,customer3149@example.com,555-1003149,2023-08-17,low
CUST103150,First3150,Last3150,customer3150@example.com,555-1003150,2023-01-04,low
CUST103151,First3151,Last3151,customer3151@example.com,555-1003151,2023-03-31,low
CUST103152,First3152,Last3152,customer3152@example.com,555-1003152,2023-03-17,low
CUST103153,First3153,Last3153,customer3153@example.com,555-1003153,2024-11-18,low
CUST103154,First3154,Last3154,customer3154@example.com,555-1003154,2024-02-22,low
CUST103155,First3155,Last3155,customer3155@example.com,555-1003155,2024-04-18,low
CUST103156,First3156,Last3156,customer3156@example.com,555-1003156,2023-06-11,low
CUST103157,First3157,Last3157,customer3157@example.com,555-1003157,2024-08-18,low
CUST103158,First3158,Last3158,customer3158@example.com,555-1003158,2024-05-20,medium
CUST103159,First3159,Last3159,customer3159@example.com,555-1003159,2024-06-10,low
CUST103160,First3160,Last3160,customer3160@example.com,555-1003160,2023-11-24,high
CUST103161,First3161,Last3161,customer3161@example.com,555-1003161,2024-05-03,high
CUST103162,First3162,Last3162,customer3162@example.com,555-1003162,2024-01-16,low
CUST103163,First3163,Last3163,customer3163@example.com,555-1003163,2023-09-27,medium
CUST103164,First3164,Last3164,customer3164@example.com,555-1003164,2024-02-21,low
CUST103165,First3165,Last3165,customer3165@example.com,555-1003165,2023-08-16,low
CUST103166,First3166,Last3166,customer3166@example.com,555-1003166,2024-10-28,low
CUST103167,First3167,Last3167,customer3167@example.com,555-1003167,2024-05-16,low
CUST103168,First3168,Last3168,customer3168@example.com,555-1003168,2024-06-01,low
CUST103169,First3169,Last3169,customer3169@example.com,555-1003169,2024-05-16,low
CUST103170,First3170,Last3170,customer3170@example.com,555-1003170,2023-11-10,high
CUST103171,First3171,Last3171,customer3171@example.com,555-1003171,2024-10-27,low
CUST103172,First3172,Last3172,customer3172@example.com,555-1003172,2023-05-26,medium
CUST103173,First3173,Last3173,customer3173@example.com,555-1003173,2024-02-03,high
CUST103174,First3174,Last3174,customer3174@example.com,555-1003174,2023-02-18,low
CUST103175,First3175,Last3175,customer3175@example.com,555-1003175,2023-07-26,low
CUST103176,First3176,Last3176,customer3176@example.com,555-1003176,2024-02-07,medium
CUST103177,First3177,Last3177,customer3177@example.com,555-1003177,2023-12-09,low
CUST103178,First3178,Last3178,customer3178@example.com,555-1003178,2024-10-20,low
CUST103179,First3179,Last3179,customer3179@example.com,555-1003179,2024-03-05,low
CUST103180,First3180,Last3180,customer3180@example.com,555-1003180,2023-10-16,medium
CUST103181,First3181,Last3181,customer3181@example.com,555-1003181,2023-10-26,low
CUST103182,First3182,Last3182,customer3182@example.com,555-1003182,2024-03-04,low
CUST103183,First3183,Last3183,customer3183@example.com,555-1003183,2024-07-07,low
CUST103184,First3184,Last3184,customer3184@example.com,555-1003184,2023-07-13,low
CUST103185,First3185,Last3185,customer3185@example.com,555-1003185,2024-02-14,low
CUST103186,First3186,Last3186,customer3186@example.com,555-1003186,2024-02-07,medium
CUST103187,First3187,Last3187,customer3187@example.com,555-1003187,2023-01-07,medium
CUST103188,First3188,Last3188,customer3188@example.com,555-1003188,2024-09-30,low
CUST103189,First3189,Last3189,customer3189@example.com,555-1003189,2024-02-03,low
CUST103190,First3190,Last3190,customer3190@example.com,555-1003190,2023-06-19,low
CUST103191,First3191,Last3191,customer3191@example.com,555-1003191,2024-03-19,low
CUST103192,First3192,Last3192,customer3192@example.com,555-1003192,2024-04-19,low
CUST103193,First3193,Last3193,customer3193@example.com,555-1003193,2024-10-02,low
CUST103194,First3194,Last3194,customer3194@example.com,555-1003194,2023-01-24,low
CUST103195,First3195,Last3195,customer3195@example.com,555-1003195,2023-10-17,low
CUST103196,First3196,Last3196,customer3196@example.com,555-1003196,2023-05-07,low
CUST103197,First3197,Last3197,customer3197@example.com,555-1003197,2024-02-07,low
CUST103198,First3198,Last3198,customer3198@example.com,555-1003198,2023-12-18,low
CUST103199,First3199,Last3199,customer3199@example.com,555-1003199,2023-11-29,medium
CUST103200,First3200,Last3200,customer3200@example.com,555-1003200,2024-11-18,medium
CUST103201,First3201,Last3201,customer3201@example.com,555-1003201,2024-01-08,medium
CUST103202,First3202,Last3202,customer3202@example.com,555-1003202,2023-10-15,medium
CUST103203,First3203,Last3203,customer3203@example.com,555-1003203,2023-02-17,low
CUST103204,First3204,Last3204,customer3204@example.com,555-1003204,2023-07-22,medium
CUST103205,First3205,Last3205,customer3205@example.com,555-1003205,2024-09-20,low
CUST103206,First3206,Last3206,customer3206@example.com,555-1003206,2023-11-13,low
CUST103207,First3207,Last3207,customer3207@example.com,555-1003207,2024-09-29,low
CUST103208,First3208,Last3208,customer3208@example.com,555-1003208,2024-01-08,low
CUST103209,First3209,Last3209,customer3209@example.com,555-1003209,2024-01-19,low
CUST103210,First3210,Last3210,customer3210@example.com,555-1003210,2023-10-28,low
CUST103211,First3211,Last3211,customer3211@example.com,555-1003211,2024-01-25,medium
CUST103212,First3212,Last3212,customer3212@example.com,555-1003212,2023-02-16,medium
CUST103213,First3213,Last3213,customer3213@example.com,555-1003213,2023-02-10,low
CUST103214,First3214,Last3214,customer3214@example.com,555-1003214,2023-11-30,low
CUST103215,First3215,Last3215,customer3215@example.com,555-1003215,2024-02-23,medium
CUST103216,First3216,Last3216,customer3216@example.com,555-1003216,2024-01-21,low
CUST103217,First3217,Last3217,customer3217@example.com,555-1003217,2023-10-28,low
CUST103218,First3218,Last3218,customer3218@example.com,555-1003218,2023-07-25,low
CUST103219,First3219,Last3219,customer3219@example.com,555-1003219,2024-05-11,low
CUST103220,First3220,Last3220,customer3220@example.com,555-1003220,2024-02-28,low
CUST103221,First3221,Last3221,customer3221@example.com,555-1003221,2023-02-02,medium
CUST103222,First3222,Last3222,customer3222@example.com,555-1003222,2023-11-13,medium
CUST103223,First3223,Last3223,customer3223@example.com,555-1003223,2024-05-12,low
CUST103224,First3224,Last3224,customer3224@example.com,555-1003224,2024-07-02,low
CUST103225,First3225,Last3225,customer3225@example.com,555-1003225,2023-07-20,medium
CUST103226,First3226,Last3226,customer3226@example.com,555-1003226,2024-10-09,low
CUST103227,First3227,Last3227,customer3227@example.com,555-1003227,2024-04-01,low
CUST103228,First3228,Last3228,customer3228@example.com,555-1003228,2023-11-03,low
CUST103229,First3229,Last3229,customer3229@example.com,555-1003229,2024-03-14,low
CUST103230,First3230,Last3230,customer3230@example.com,555-1003230,2024-09-02,low
CUST103231,First3231,Last3231,customer3231@example.com,555-1003231,2023-06-08,low
CUST103232,First3232,Last3232,customer3232@example.com,555-1003232,2023-04-16,low
CUST103233,First3233,Last3233,customer3233@example.com,555-1003233,2023-11-05,low
CUST103234,First3234,Last3234,customer3234@example.com,555-1003234,2023-02-28,low
CUST103235,First3235,Last3235,customer3235@example.com,555-1003235,2024-08-07,low
CUST103236,First3236,Last3236,customer3236@example.com,555-1003236,2024-11-10,high
CUST103237,First3237,Last3237,customer3237@example.com,555-1003237,2024-02-28,low
CUST103238,First3238,Last3238,customer3238@example.com,555-1003238,2024-11-16,low
CUST103239,First3239,Last3239,customer3239@example.com,555-1003239,2023-02-18,low
CUST103240,First3240,Last3240,customer3240@example.com,555-1003240,2024-03-18,medium
CUST103241,First3241,Last3241,customer3241@example.com,555-1003241,2023-11-07,low
CUST103242,First3242,Last3242,customer3242@example.com,555-1003242,2023-07-14,medium
CUST103243,First3243,Last3243,customer3243@example.com,555-1003243,2023-08-07,low
CUST103244,First3244,Last3244,customer3244@example.com,555-1003244,2024-01-17,low
CUST103245,First3245,Last3245,customer3245@example.com,555-1003245,2024-03-25,low
CUST103246,First3246,Last3246,customer3246@example.com,555-1003246,2023-04-25,low
CUST103247,First3247,Last3247,customer3247@example.com,555-1003247,2024-03-06,medium
CUST103248,First3248,Last3248,customer3248@example.com,555-1003248,2024-10-10,medium
CUST103249,First3249,Last3249,customer3249@example.com,555-1003249,2023-01-08,low
CUST103250,First3250,Last3250,customer3250@example.com,555-1003250,2024-09-06,high
CUST103251,First3251,Last3251,customer3251@example.com,555-1003251,2024-03-01,low
CUST103252,First3252,Last3252,customer3252@example.com,555-1003252,2023-08-28,low
CUST103253,First3253,Last3253,customer3253@example.com,555-1003253,2024-05-29,low
CUST103254,First3254,Last3254,customer3254@example.com,555-1003254,2024-03-08,low
CUST103255,First3255,Last3255,customer3255@example.com,555-1003255,2024-06-22,medium
CUST103256,First3256,Last3256,customer3256@example.com,555-1003256,2023-02-26,low
CUST103257,First3257,Last3257,customer3257@example.com,555-1003257,2023-02-11,low
CUST103258,First3258,Last3258,customer3258@example.com,555-1003258,2024-03-25,low
CUST103259,First3259,Last3259,customer3259@example.com,555-1003259,2023-08-01,low
CUST103260,First3260,Last3260,customer3260@example.com,555-1003260,2023-06-16,low
CUST103261,First3261,Last3261,customer3261@example.com,555-1003261,2023-10-22,low
CUST103262,First3262,Last3262,customer3262@example.com,555-1003262,2024-05-22,low
CUST103263,First3263,Last3263,customer3263@example.com,555-1003263,2023-05-06,low
CUST103264,First3264,Last3264,customer3264@example.com,555-1003264,2024-11-12,low
CUST103265,First3265,Last3265,customer3265@example.com,555-1003265,2023-10-22,low
CUST103266,First3266,Last3266,customer3266@example.com,555-1003266,2023-04-16,low
CUST103267,First3267,Last3267,customer3267@example.com,555-1003267,2023-02-19,medium
CUST103268,First3268,Last3268,customer3268@example.com,555-1003268,2024-08-23,high
CUST103269,First3269,Last3269,customer3269@example.com,555-1003269,2023-03-21,low
CUST103270,First3270,Last3270,customer3270@example.com,555-1003270,2023-10-21,high
CUST103271,First3271,Last3271,customer3271@example.com,555-1003271,2024-04-13,low
CUST103272,First3272,Last3272,customer3272@example.com,555-1003272,2023-12-26,low
CUST103273,First3273,Last3273,customer3273@example.com,555-1003273,2023-07-03,medium
CUST103274,First3274,Last3274,customer3274@example.com,555-1003274,2023-03-17,medium
CUST103275,First3275,Last3275,customer3275@example.com,555-1003275,2024-05-12,medium
CUST103276,First3276,Last3276,customer3276@example.com,555-1003276,2023-12-10,low
CUST103277,First3277,Last3277,customer3277@example.com,555-1003277,2023-02-03,low
CUST103278,First3278,Last3278,customer3278@example.com,555-1003278,2023-05-07,low
CUST103279,First3279,Last3279,customer3279@example.com,555-1003279,2024-01-29,low
CUST103280,First3280,Last3280,customer3280@example.com,555-1003280,2023-04-28,low
CUST103281,First3281,Last3281,customer3281@example.com,555-1003281,2023-10-02,low
CUST103282,First3282,Last3282,customer3282@example.com,555-1003282,2023-03-29,low
CUST103283,First3283,Last3283,customer3283@example.com,555-1003283,2024-07-11,low
CUST103284,First3284,Last3284,customer3284@example.com,555-1003284,2024-03-17,low
CUST103285,First3285,Last3285,customer3285@example.com,555-1003285,2024-07-02,low
CUST103286,First3286,Last3286,customer3286@example.com,555-1003286,2023-02-06,low
CUST103287,First3287,Last3287,customer3287@example.com,555-1003287,2023-09-20,low
CUST103288,First3288,Last3288,customer3288@example.com,555-1003288,2023-07-07,low
CUST103289,First3289,Last3289,customer3289@example.com,555-1003289,2024-03-11,low
CUST103290,First3290,Last3290,customer3290@example.com,555-1003290,2024-07-29,low
CUST103291,First3291,Last3291,customer3291@example.com,555-1003291,2023-06-09,medium
CUST103292,First3292,Last3292,customer3292@example.com,555-1003292,2024-06-22,low
CUST103293,First3293,Last3293,customer3293@example.com,555-1003293,2024-02-11,low
CUST103294,First3294,Last3294,customer3294@example.com,555-1003294,2024-07-30,low
CUST103295,First3295,Last3295,customer3295@example.com,555-1003295,2023-02-26,high
CUST103296,First3296,Last3296,customer3296@example.com,555-1003296,2024-11-24,medium
CUST103297,First3297,Last3297,customer3297@example.com,555-1003297,2023-11-01,low
CUST103298,First3298,Last3298,customer3298@example.com,555-1003298,2023-07-16,low
CUST103299,First3299,Last3299,customer3299@example.com,555-1003299,2023-05-08,low
CUST103300,First3300,Last3300,customer3300@example.com,555-1003300,2024-11-20,medium
CUST103301,First3301,Last3301,customer3301@example.com,555-1003301,2024-09-10,low
CUST103302,First3302,Last3302,customer3302@example.com,555-1003302,2023-04-02,low
CUST103303,First3303,Last3303,customer3303@example.com,555-1003303,2023-11-08,high
CUST103304,First3304,Last3304,customer3304@example.com,555-1003304,2024-05-28,medium
CUST103305,First3305,Last3305,customer3305@example.com,555-1003305,2024-02-18,low
CUST103306,First3306,Last3306,customer3306@example.com,555-1003306,2023-05-13,low
CUST103307,First3307,Last3307,customer3307@example.com,555-1003307,2023-09-10,low
CUST103308,First3308,Last3308,customer3308@example.com,555-1003308,2023-09-15,low
CUST103309,First3309,Last3309,customer3309@example.com,555-1003309,2023-07-22,low
CUST103310,First3310,Last3310,customer3310@example.com,555-1003310,2024-11-03,medium
CUST103311,First3311,Last3311,customer3311@example.com,555-1003311,2023-05-23,medium
CUST103312,First3312,Last3312,customer3312@example.com,555-1003312,2024-05-09,low
CUST103313,First3313,Last3313,customer3313@example.com,555-1003313,2024-09-30,low
CUST103314,First3314,Last3314,customer3314@example.com,555-1003314,2024-07-10,low
CUST103315,First3315,Last3315,customer3315@example.com,555-1003315,2024-07-13,low
CUST103316,First3316,Last3316,customer3316@example.com,555-1003316,2023-04-22,medium
CUST103317,First3317,Last3317,customer3317@example.com,555-1003317,2023-04-04,low
CUST103318,First3318,Last3318,customer3318@example.com,555-1003318,2024-07-02,low
CUST103319,First3319,Last3319,customer3319@example.com,555-1003319,2024-06-06,low
CUST103320,First3320,Last3320,customer3320@example.com,555-1003320,2024-06-03,low
CUST103321,First3321,Last3321,customer3321@example.com,555-1003321,2023-10-20,low
CUST103322,First3322,Last3322,customer3322@example.com,555-1003322,2024-01-02,medium
CUST103323,First3323,Last3323,customer3323@example.com,555-1003323,2023-01-11,medium
CUST103324,First3324,Last3324,customer3324@example.com,555-1003324,2023-07-23,low
CUST103325,First3325,Last3325,customer3325@example.com,555-1003325,2024-01-05,medium
CUST103326,First3326,Last3326,customer3326@example.com,555-1003326,2023-03-30,low
CUST103327,First3327,Last3327,customer3327@example.com,555-1003327,2023-04-02,medium
CUST103328,First3328,Last3328,customer3328@example.com,555-1003328,2023-02-01,low
CUST103329,First3329,Last3329,customer3329@example.com,555-1003329,2023-05-27,low
CUST103330,First3330,Last3330,customer3330@example.com,555-1003330,2024-11-26,medium
CUST103331,First3331,Last3331,customer3331@example.com,555-1003331,2024-05-02,low
CUST103332,First3332,Last3332,customer3332@example.com,555-1003332,2024-10-25,low
CUST103333,First3333,Last3333,customer3333@example.com,555-1003333,2023-06-29,low
CUST103334,First3334,Last3334,customer3334@example.com,555-1003334,2024-02-24,low
CUST103335,First3335,Last3335,customer3335@example.com,555-1003335,2024-09-16,low
CUST103336,First3336,Last3336,customer3336@example.com,555-1003336,2023-09-04,low
CUST103337,First3337,Last3337,customer3337@example.com,555-1003337,2024-04-05,medium
CUST103338,First3338,Last3338,customer3338@example.com,555-1003338,2024-04-29,low
CUST103339,First3339,Last3339,customer3339@example.com,555-1003339,2024-08-05,low
CUST103340,First3340,Last3340,customer3340@example.com,555-1003340,2024-11-09,low
CUST103341,First3341,Last3341,customer3341@example.com,555-1003341,2024-03-06,medium
CUST103342,First3342,Last3342,customer3342@example.com,555-1003342,2024-02-12,low
CUST103343,First3343,Last3343,customer3343@example.com,555-1003343,2024-08-31,low
CUST103344,First3344,Last3344,customer3344@example.com,555-1003344,2024-04-24,low
CUST103345,First3345,Last3345,customer3345@example.com,555-1003345,2023-09-11,low
CUST103346,First3346,Last3346,customer3346@example.com,555-1003346,2024-03-17,medium
CUST103347,First3347,Last3347,customer3347@example.com,555-1003347,2024-01-20,low
CUST103348,First3348,Last3348,customer3348@example.com,555-1003348,2023-06-10,medium
CUST103349,First3349,Last3349,customer3349@example.com,555-1003349,2023-12-28,low
CUST103350,First3350,Last3350,customer3350@example.com,555-1003350,2024-03-12,low
CUST103351,First3351,Last3351,customer3351@example.com,555-1003351,2024-09-24,low
CUST103352,First3352,Last3352,customer3352@example.com,555-1003352,2024-02-11,low
CUST103353,First3353,Last3353,customer3353@example.com,555-1003353,2023-04-26,low
CUST103354,First3354,Last3354,customer3354@example.com,555-1003354,2024-11-22,low
CUST103355,First3355,Last3355,customer3355@example.com,555-1003355,2024-02-09,low
CUST103356,First3356,Last3356,customer3356@example.com,555-1003356,2023-07-20,low
CUST103357,First3357,Last3357,customer3357@example.com,555-1003357,2024-06-12,low
CUST103358,First3358,Last3358,customer3358@example.com,555-1003358,2023-09-27,low
CUST103359,First3359,Last3359,customer3359@example.com,555-1003359,2023-09-17,low
CUST103360,First3360,Last3360,customer3360@example.com,555-1003360,2024-08-10,low
CUST103361,First3361,Last3361,customer3361@example.com,555-1003361,2024-08-30,low
CUST103362,First3362,Last3362,customer3362@example.com,555-1003362,2024-01-02,low
CUST103363,First3363,Last3363,customer3363@example.com,555-1003363,2023-09-19,low
CUST103364,First3364,Last3364,customer3364@example.com,555-1003364,2024-08-27,low
CUST103365,First3365,Last3365,customer3365@example.com,555-1003365,2023-05-02,low
CUST103366,First3366,Last3366,customer3366@example.com,555-1003366,2024-06-07,low
CUST103367,First3367,Last3367,customer3367@example.com,555-1003367,2024-02-13,low
CUST103368,First3368,Last3368,customer3368@example.com,555-1003368,2024-08-20,low
CUST103369,First3369,Last3369,customer3369@example.com,555-1003369,2023-10-22,low
CUST103370,First3370,Last3370,customer3370@example.com,555-1003370,2024-08-05,medium
CUST103371,First3371,Last3371,customer3371@example.com,555-1003371,2023-01-11,low
CUST103372,First3372,Last3372,customer3372@example.com,555-1003372,2024-06-14,medium
CUST103373,First3373,Last3373,customer3373@example.com,555-1003373,2023-02-18,low
CUST103374,First3374,Last3374,customer3374@example.com,555-1003374,2024-03-25,low
CUST103375,First3375,Last3375,customer3375@example.com,555-1003375,2023-05-17,low
CUST103376,First3376,Last3376,customer3376@example.com,555-1003376,2024-11-05,low
CUST103377,First3377,Last3377,customer3377@example.com,555-1003377,2024-06-22,medium
CUST103378,First3378,Last3378,customer3378@example.com,555-1003378,2023-03-15,low
CUST103379,First3379,Last3379,customer3379@example.com,555-1003379,2024-09-16,high
CUST103380,First3380,Last3380,customer3380@example.com,555-1003380,2023-06-26,low
CUST103381,First3381,Last3381,customer3381@example.com,555-1003381,2024-01-17,medium
CUST103382,First3382,Last3382,customer3382@example.com,555-1003382,2023-03-01,medium
CUST103383,First3383,Last3383,customer3383@example.com,555-1003383,2023-03-15,low
CUST103384,First3384,Last3384,customer3384@example.com,555-1003384,2023-06-18,low
CUST103385,First3385,Last3385,customer3385@example.com,555-1003385,2024-01-10,low
CUST103386,First3386,Last3386,customer3386@example.com,555-1003386,2024-01-16,low
CUST103387,First3387,Last3387,customer3387@example.com,555-1003387,2024-08-21,medium
CUST103388,First3388,Last3388,customer3388@example.com,555-1003388,2023-04-26,low
CUST103389,First3389,Last3389,customer3389@example.com,555-1003389,2024-06-08,low
CUST103390,First3390,Last3390,customer3390@example.com,555-1003390,2023-01-05,low
CUST103391,First3391,Last3391,customer3391@example.com,555-1003391,2023-07-23,low
CUST103392,First3392,Last3392,customer3392@example.com,555-1003392,2023-05-03,high
CUST103393,First3393,Last3393,customer3393@example.com,555-1003393,2023-03-28,low
CUST103394,First3394,Last3394,customer3394@example.com,555-1003394,2024-02-14,medium
CUST103395,First3395,Last3395,customer3395@example.com,555-1003395,2024-09-22,medium
CUST103396,First3396,Last3396,customer3396@example.com,555-1003396,2024-04-11,low
CUST103397,First3397,Last3397,customer3397@example.com,555-1003397,2024-08-20,low
CUST103398,First3398,Last3398,customer3398@example.com,555-1003398,2024-02-19,low
CUST103399,First3399,Last3399,customer3399@example.com,555-1003399,2023-02-07,low
CUST103400,First3400,Last3400,customer3400@example.com,555-1003400,2023-08-31,low
CUST103401,First3401,Last3401,customer3401@example.com,555-1003401,2024-07-30,medium
CUST103402,First3402,Last3402,customer3402@example.com,555-1003402,2023-01-31,low
CUST103403,First3403,Last3403,customer3403@example.com,555-1003403,2023-03-10,medium
CUST103404,First3404,Last3404,customer3404@example.com,555-1003404,2024-08-06,medium
CUST103405,First3405,Last3405,customer3405@example.com,555-1003405,2023-02-14,medium
CUST103406,First3406,Last3406,customer3406@example.com,555-1003406,2024-11-02,low
CUST103407,First3407,Last3407,customer3407@example.com,555-1003407,2024-06-15,low
CUST103408,First3408,Last3408,customer3408@example.com,555-1003408,2024-04-10,low
CUST103409,First3409,Last3409,customer3409@example.com,555-1003409,2024-01-11,low
CUST103410,First3410,Last3410,customer3410@example.com,555-1003410,2023-03-04,low
CUST103411,First3411,Last3411,customer3411@example.com,555-1003411,2023-10-18,low
CUST103412,First3412,Last3412,customer3412@example.com,555-1003412,2024-07-19,low
CUST103413,First3413,Last3413,customer3413@example.com,555-1003413,2024-09-24,low
CUST103414,First3414,Last3414,customer3414@example.com,555-1003414,2023-11-09,low
CUST103415,First3415,Last3415,customer3415@example.com,555-1003415,2024-08-10,low
CUST103416,First3416,Last3416,customer3416@example.com,555-1003416,2024-06-27,low
CUST103417,First3417,Last3417,customer3417@example.com,555-1003417,2023-02-10,medium
CUST103418,First3418,Last3418,customer3418@example.com,555-1003418,2024-03-10,low
CUST103419,First3419,Last3419,customer3419@example.com,555-1003419,2024-03-07,medium
CUST103420,First3420,Last3420,customer3420@example.com,555-1003420,2024-01-16,medium
CUST103421,First3421,Last3421,customer3421@example.com,555-1003421,2024-06-24,low
CUST103422,First3422,Last3422,customer3422@example.com,555-1003422,2024-09-14,low
CUST103423,First3423,Last3423,customer3423@example.com,555-1003423,2024-01-21,low
CUST103424,First3424,Last3424,customer3424@example.com,555-1003424,2023-08-13,low
CUST103425,First3425,Last3425,customer3425@example.com,555-1003425,2024-11-19,low
CUST103426,First3426,Last3426,customer3426@example.com,555-1003426,2024-11-05,low
CUST103427,First3427,Last3427,customer3427@example.com,555-1003427,2024-04-25,medium
CUST103428,First3428,Last3428,customer3428@example.com,555-1003428,2024-03-24,medium
CUST103429,First3429,Last3429,customer3429@example.com,555-1003429,2023-03-14,medium
CUST103430,First3430,Last3430,customer3430@example.com,555-1003430,2023-10-09,low
CUST103431,First3431,Last3431,customer3431@example.com,555-1003431,2023-05-19,low
CUST103432,First3432,Last3432,customer3432@example.com,555-1003432,2023-12-27,high
CUST103433,First3433,Last3433,customer3433@example.com,555-1003433,2024-08-01,low
CUST103434,First3434,Last3434,customer3434@example.com,555-1003434,2023-06-07,low
CUST103435,First3435,Last3435,customer3435@example.com,555-1003435,2024-11-28,low
CUST103436,First3436,Last3436,customer3436@example.com,555-1003436,2023-04-01,low
CUST103437,First3437,Last3437,customer3437@example.com,555-1003437,2023-03-10,low
CUST103438,First3438,Last3438,customer3438@example.com,555-1003438,2024-11-13,low
CUST103439,First3439,Last3439,customer3439@example.com,555-1003439,2023-03-12,low
CUST103440,First3440,Last3440,customer3440@example.com,555-1003440,2024-05-29,low
CUST103441,First3441,Last3441,customer3441@example.com,555-1003441,2024-06-18,low
CUST103442,First3442,Last3442,customer3442@example.com,555-1003442,2023-08-20,low
CUST103443,First3443,Last3443,customer3443@example.com,555-1003443,2023-02-15,low
CUST103444,First3444,Last3444,customer3444@example.com,555-1003444,2023-08-04,medium
CUST103445,First3445,Last3445,customer3445@example.com,555-1003445,2023-02-17,low
CUST103446,First3446,Last3446,customer3446@example.com,555-1003446,2024-04-15,low
CUST103447,First3447,Last3447,customer3447@example.com,555-1003447,2024-09-14,medium
CUST103448,First3448,Last3448,customer3448@example.com,555-1003448,2024-11-28,low
CUST103449,First3449,Last3449,customer3449@example.com,555-1003449,2024-07-14,medium
CUST103450,First3450,Last3450,customer3450@example.com,555-1003450,2024-06-26,low
CUST103451,First3451,Last3451,customer3451@example.com,555-1003451,2024-09-09,low
CUST103452,First3452,Last3452,customer3452@example.com,555-1003452,2024-06-22,low
CUST103453,First3453,Last3453,customer3453@example.com,555-1003453,2024-03-31,low
CUST103454,First3454,Last3454,customer3454@example.com,555-1003454,2024-11-28,high
CUST103455,First3455,Last3455,customer3455@example.com,555-1003455,2023-08-14,medium
CUST103456,First3456,Last3456,customer3456@example.com,555-1003456,2023-10-16,medium
CUST103457,First3457,Last3457,customer3457@example.com,555-1003457,2024-09-26,medium
CUST103458,First3458,Last3458,customer3458@example.com,555-1003458,2023-08-06,low
CUST103459,First3459,Last3459,customer3459@example.com,555-1003459,2023-07-29,medium
CUST103460,First3460,Last3460,customer3460@example.com,555-1003460,2023-04-17,low
CUST103461,First3461,Last3461,customer3461@example.com,555-1003461,2023-07-12,medium
CUST103462,First3462,Last3462,customer3462@example.com,555-1003462,2024-02-20,low
CUST103463,First3463,Last3463,customer3463@example.com,555-1003463,2024-09-12,low
CUST103464,First3464,Last3464,customer3464@example.com,555-1003464,2023-04-06,medium
CUST103465,First3465,Last3465,customer3465@example.com,555-1003465,2024-04-21,medium
CUST103466,First3466,Last3466,customer3466@example.com,555-1003466,2024-06-20,low
CUST103467,First3467,Last3467,customer3467@example.com,555-1003467,2024-09-18,low
CUST103468,First3468,Last3468,customer3468@example.com,555-1003468,2024-06-09,low
CUST103469,First3469,Last3469,customer3469@example.com,555-1003469,2023-04-20,high
CUST103470,First3470,Last3470,customer3470@example.com,555-1003470,2023-12-09,low
CUST103471,First3471,Last3471,customer3471@example.com,555-1003471,2024-10-28,low
CUST103472,First3472,Last3472,customer3472@example.com,555-1003472,2024-09-27,low
CUST103473,First3473,Last3473,customer3473@example.com,555-1003473,2024-03-04,low
CUST103474,First3474,Last3474,customer3474@example.com,555-1003474,2024-11-05,low
CUST103475,First3475,Last3475,customer3475@example.com,555-1003475,2024-04-12,low
CUST103476,First3476,Last3476,customer3476@example.com,555-1003476,2023-02-15,medium
CUST103477,First3477,Last3477,customer3477@example.com,555-1003477,2024-10-01,medium
CUST103478,First3478,Last3478,customer3478@example.com,555-1003478,2023-04-28,medium
CUST103479,First3479,Last3479,customer3479@example.com,555-1003479,2023-09-24,low
CUST103480,First3480,Last3480,customer3480@example.com,555-1003480,2023-06-16,low
CUST103481,First3481,Last3481,customer3481@example.com,555-1003481,2024-05-18,medium
CUST103482,First3482,Last3482,customer3482@example.com,555-1003482,2023-01-21,medium
CUST103483,First3483,Last3483,customer3483@example.com,555-1003483,2024-03-24,low
CUST103484,First3484,Last3484,customer3484@example.com,555-1003484,2024-08-28,low
CUST103485,First3485,Last3485,customer3485@example.com,555-1003485,2024-07-05,medium
CUST103486,First3486,Last3486,customer3486@example.com,555-1003486,2023-08-03,low
CUST103487,First3487,Last3487,customer3487@example.com,555-1003487,2024-09-19,medium
CUST103488,First3488,Last3488,customer3488@example.com,555-1003488,2023-09-11,low
CUST103489,First3489,Last3489,customer3489@example.com,555-1003489,2024-04-21,low
CUST103490,First3490,Last3490,customer3490@example.com,555-1003490,2023-12-21,low
CUST103491,First3491,Last3491,customer3491@example.com,555-1003491,2023-02-17,low
CUST103492,First3492,Last3492,customer3492@example.com,555-1003492,2023-01-03,medium
CUST103493,First3493,Last3493,customer3493@example.com,555-1003493,2023-05-09,low
CUST103494,First3494,Last3494,customer3494@example.com,555-1003494,2024-10-16,low
CUST103495,First3495,Last3495,customer3495@example.com,555-1003495,2024-10-29,medium
CUST103496,First3496,Last3496,customer3496@example.com,555-1003496,2023-10-15,medium
CUST103497,First3497,Last3497,customer3497@example.com,555-1003497,2024-11-09,medium
CUST103498,First3498,Last3498,customer3498@example.com,555-1003498,2023-02-04,low
CUST103499,First3499,Last3499,customer3499@example.com,555-1003499,2024-11-08,medium
CUST103500,First3500,Last3500,customer3500@example.com,555-1003500,2023-06-11,low
CUST103501,First3501,Last3501,customer3501@example.com,555-1003501,2023-01-26,low
CUST103502,First3502,Last3502,customer3502@example.com,555-1003502,2024-06-14,low
CUST103503,First3503,Last3503,customer3503@example.com,555-1003503,2023-09-25,low
CUST103504,First3504,Last3504,customer3504@example.com,555-1003504,2023-07-24,medium
CUST103505,First3505,Last3505,customer3505@example.com,555-1003505,2024-06-15,low
CUST103506,First3506,Last3506,customer3506@example.com,555-1003506,2023-08-22,low
CUST103507,First3507,Last3507,customer3507@example.com,555-1003507,2024-06-11,medium
CUST103508,First3508,Last3508,customer3508@example.com,555-1003508,2023-05-17,low
CUST103509,First3509,Last3509,customer3509@example.com,555-1003509,2023-03-02,low
CUST103510,First3510,Last3510,customer3510@example.com,555-1003510,2023-08-16,high
CUST103511,First3511,Last3511,customer3511@example.com,555-1003511,2024-03-02,medium
CUST103512,First3512,Last3512,customer3512@example.com,555-1003512,2023-06-07,high
CUST103513,First3513,Last3513,customer3513@example.com,555-1003513,2023-04-11,high
CUST103514,First3514,Last3514,customer3514@example.com,555-1003514,2024-06-08,medium
CUST103515,First3515,Last3515,customer3515@example.com,555-1003515,2023-12-12,medium
CUST103516,First3516,Last3516,customer3516@example.com,555-1003516,2023-10-30,low
CUST103517,First3517,Last3517,customer3517@example.com,555-1003517,2023-06-17,low
CUST103518,First3518,Last3518,customer3518@example.com,555-1003518,2023-01-13,low
CUST103519,First3519,Last3519,customer3519@example.com,555-1003519,2023-02-07,medium
CUST103520,First3520,Last3520,customer3520@example.com,555-1003520,2024-04-22,low
CUST103521,First3521,Last3521,customer3521@example.com,555-1003521,2023-02-26,medium
CUST103522,First3522,Last3522,customer3522@example.com,555-1003522,2023-06-22,low
CUST103523,First3523,Last3523,customer3523@example.com,555-1003523,2024-09-29,low
CUST103524,First3524,Last3524,customer3524@example.com,555-1003524,2023-08-29,low
CUST103525,First3525,Last3525,customer3525@example.com,555-1003525,2024-06-05,low
CUST103526,First3526,Last3526,customer3526@example.com,555-1003526,2023-08-29,low
CUST103527,First3527,Last3527,customer3527@example.com,555-1003527,2024-10-14,low
CUST103528,First3528,Last3528,customer3528@example.com,555-1003528,2024-07-29,medium
CUST103529,First3529,Last3529,customer3529@example.com,555-1003529,2023-11-25,low
CUST103530,First3530,Last3530,customer3530@example.com,555-1003530,2024-04-24,low
CUST103531,First3531,Last3531,customer3531@example.com,555-1003531,2023-10-17,low
CUST103532,First3532,Last3532,customer3532@example.com,555-1003532,2024-10-23,low
CUST103533,First3533,Last3533,customer3533@example.com,555-1003533,2023-09-08,low
CUST103534,First3534,Last3534,customer3534@example.com,555-1003534,2024-08-08,medium
CUST103535,First3535,Last3535,customer3535@example.com,555-1003535,2024-03-07,medium
CUST103536,First3536,Last3536,customer3536@example.com,555-1003536,2024-03-26,low
CUST103537,First3537,Last3537,customer3537@example.com,555-1003537,2023-09-04,low
CUST103538,First3538,Last3538,customer3538@example.com,555-1003538,2024-08-06,low
CUST103539,First3539,Last3539,customer3539@example.com,555-1003539,2024-06-06,low
CUST103540,First3540,Last3540,customer3540@example.com,555-1003540,2024-07-24,medium
CUST103541,First3541,Last3541,customer3541@example.com,555-1003541,2024-07-14,low
CUST103542,First3542,Last3542,customer3542@example.com,555-1003542,2023-04-21,medium
CUST103543,First3543,Last3543,customer3543@example.com,555-1003543,2024-09-05,low
CUST103544,First3544,Last3544,customer3544@example.com,555-1003544,2024-08-12,low
CUST103545,First3545,Last3545,customer3545@example.com,555-1003545,2023-06-19,low
CUST103546,First3546,Last3546,customer3546@example.com,555-1003546,2024-11-18,low
CUST103547,First3547,Last3547,customer3547@example.com,555-1003547,2024-01-04,high
CUST103548,First3548,Last3548,customer3548@example.com,555-1003548,2023-08-14,low
CUST103549,First3549,Last3549,customer3549@example.com,555-1003549,2023-06-06,medium
CUST103550,First3550,Last3550,customer3550@example.com,555-1003550,2023-09-13,medium
CUST103551,First3551,Last3551,customer3551@example.com,555-1003551,2023-01-27,low
CUST103552,First3552,Last3552,customer3552@example.com,555-1003552,2024-04-28,low
CUST103553,First3553,Last3553,customer3553@example.com,555-1003553,2024-05-10,low
CUST103554,First3554,Last3554,customer3554@example.com,555-1003554,2024-04-12,low
CUST103555,First3555,Last3555,customer3555@example.com,555-1003555,2024-01-20,medium
CUST103556,First3556,Last3556,customer3556@example.com,555-1003556,2023-09-11,low
CUST103557,First3557,Last3557,customer3557@example.com,555-1003557,2024-05-21,medium
CUST103558,First3558,Last3558,customer3558@example.com,555-1003558,2024-09-01,low
CUST103559,First3559,Last3559,customer3559@example.com,555-1003559,2023-03-03,low
CUST103560,First3560,Last3560,customer3560@example.com,555-1003560,2023-09-26,medium
CUST103561,First3561,Last3561,customer3561@example.com,555-1003561,2024-11-27,low
CUST103562,First3562,Last3562,customer3562@example.com,555-1003562,2024-08-26,medium
CUST103563,First3563,Last3563,customer3563@example.com,555-1003563,2024-11-27,low
CUST103564,First3564,Last3564,customer3564@example.com,555-1003564,2023-05-09,high
CUST103565,First3565,Last3565,customer3565@example.com,555-1003565,2023-11-22,medium
CUST103566,First3566,Last3566,customer3566@example.com,555-1003566,2023-04-02,medium
CUST103567,First3567,Last3567,customer3567@example.com,555-1003567,2024-08-29,low
CUST103568,First3568,Last3568,customer3568@example.com,555-1003568,2023-12-30,medium
CUST103569,First3569,Last3569,customer3569@example.com,555-1003569,2023-06-20,low
CUST103570,First3570,Last3570,customer3570@example.com,555-1003570,2023-03-05,medium
CUST103571,First3571,Last3571,customer3571@example.com,555-1003571,2024-05-31,low
CUST103572,First3572,Last3572,customer3572@example.com,555-1003572,2024-07-22,low
CUST103573,First3573,Last3573,customer3573@example.com,555-1003573,2024-09-07,low
CUST103574,First3574,Last3574,customer3574@example.com,555-1003574,2024-11-10,low
CUST103575,First3575,Last3575,customer3575@example.com,555-1003575,2024-07-24,low
CUST103576,First3576,Last3576,customer3576@example.com,555-1003576,2024-07-04,medium
CUST103577,First3577,Last3577,customer3577@example.com,555-1003577,2024-07-22,low
CUST103578,First3578,Last3578,customer3578@example.com,555-1003578,2024-11-30,medium
CUST103579,First3579,Last3579,customer3579@example.com,555-1003579,2023-11-21,low
CUST103580,First3580,Last3580,customer3580@example.com,555-1003580,2024-06-15,medium
CUST103581,First3581,Last3581,customer3581@example.com,555-1003581,2024-07-27,medium
CUST103582,First3582,Last3582,customer3582@example.com,555-1003582,2023-03-23,low
CUST103583,First3583,Last3583,customer3583@example.com,555-1003583,2024-04-28,medium
CUST103584,First3584,Last3584,customer3584@example.com,555-1003584,2023-08-26,medium
CUST103585,First3585,Last3585,customer3585@example.com,555-1003585,2023-04-03,medium
CUST103586,First3586,Last3586,customer3586@example.com,555-1003586,2023-04-30,low
CUST103587,First3587,Last3587,customer3587@example.com,555-1003587,2023-03-21,low
CUST103588,First3588,Last3588,customer3588@example.com,555-1003588,2024-09-20,medium
CUST103589,First3589,Last3589,customer3589@example.com,555-1003589,2024-06-24,low
CUST103590,First3590,Last3590,customer3590@example.com,555-1003590,2023-03-13,medium
CUST103591,First3591,Last3591,customer3591@example.com,555-1003591,2024-03-13,low
CUST103592,First3592,Last3592,customer3592@example.com,555-1003592,2024-04-07,medium
CUST103593,First3593,Last3593,customer3593@example.com,555-1003593,2023-12-30,low
CUST103594,First3594,Last3594,customer3594@example.com,555-1003594,2024-02-29,low
CUST103595,First3595,Last3595,customer3595@example.com,555-1003595,2024-09-27,high
CUST103596,First3596,Last3596,customer3596@example.com,555-1003596,2023-12-30,medium
CUST103597,First3597,Last3597,customer3597@example.com,555-1003597,2024-04-06,medium
CUST103598,First3598,Last3598,customer3598@example.com,555-1003598,2024-02-04,high
CUST103599,First3599,Last3599,customer3599@example.com,555-1003599,2023-10-05,low
CUST103600,First3600,Last3600,customer3600@example.com,555-1003600,2024-09-15,low
CUST103601,First3601,Last3601,customer3601@example.com,555-1003601,2023-10-17,low
CUST103602,First3602,Last3602,customer3602@example.com,555-1003602,2024-07-13,low
CUST103603,First3603,Last3603,customer3603@example.com,555-1003603,2024-02-28,low
CUST103604,First3604,Last3604,customer3604@example.com,555-1003604,2024-04-24,medium
CUST103605,First3605,Last3605,customer3605@example.com,555-1003605,2024-06-16,low
CUST103606,First3606,Last3606,customer3606@example.com,555-1003606,2024-05-30,low
CUST103607,First3607,Last3607,customer3607@example.com,555-1003607,2024-01-31,low
CUST103608,First3608,Last3608,customer3608@example.com,555-1003608,2024-03-06,low
CUST103609,First3609,Last3609,customer3609@example.com,555-1003609,2023-12-23,low
CUST103610,First3610,Last3610,customer3610@example.com,555-1003610,2023-08-26,low
CUST103611,First3611,Last3611,customer3611@example.com,555-1003611,2024-05-23,low
CUST103612,First3612,Last3612,customer3612@example.com,555-1003612,2024-09-07,low
CUST103613,First3613,Last3613,customer3613@example.com,555-1003613,2024-05-08,medium
CUST103614,First3614,Last3614,customer3614@example.com,555-1003614,2024-06-24,low
CUST103615,First3615,Last3615,customer3615@example.com,555-1003615,2024-08-04,low
CUST103616,First3616,Last3616,customer3616@example.com,555-1003616,2023-09-15,low
CUST103617,First3617,Last3617,customer3617@example.com,555-1003617,2023-02-13,low
CUST103618,First3618,Last3618,customer3618@example.com,555-1003618,2023-08-25,low
CUST103619,First3619,Last3619,customer3619@example.com,555-1003619,2024-06-12,high
CUST103620,First3620,Last3620,customer3620@example.com,555-1003620,2024-07-25,low
CUST103621,First3621,Last3621,customer3621@example.com,555-1003621,2023-12-26,low
CUST103622,First3622,Last3622,customer3622@example.com,555-1003622,2024-06-29,low
CUST103623,First3623,Last3623,customer3623@example.com,555-1003623,2023-02-22,medium
CUST103624,First3624,Last3624,customer3624@example.com,555-1003624,2024-03-26,low
CUST103625,First3625,Last3625,customer3625@example.com,555-1003625,2024-04-20,low
CUST103626,First3626,Last3626,customer3626@example.com,555-1003626,2023-12-22,medium
CUST103627,First3627,Last3627,customer3627@example.com,555-1003627,2024-05-16,low
CUST103628,First3628,Last3628,customer3628@example.com,555-1003628,2023-12-11,low
CUST103629,First3629,Last3629,customer3629@example.com,555-1003629,2024-01-02,low
CUST103630,First3630,Last3630,customer3630@example.com,555-1003630,2024-02-27,low
CUST103631,First3631,Last3631,customer3631@example.com,555-1003631,2024-07-09,high
CUST103632,First3632,Last3632,customer3632@example.com,555-1003632,2023-06-24,low
CUST103633,First3633,Last3633,customer3633@example.com,555-1003633,2023-07-30,low
CUST103634,First3634,Last3634,customer3634@example.com,555-1003634,2023-10-21,low
CUST103635,First3635,Last3635,customer3635@example.com,555-1003635,2023-05-22,low
CUST103636,First3636,Last3636,customer3636@example.com,555-1003636,2023-08-22,medium
CUST103637,First3637,Last3637,customer3637@example.com,555-1003637,2023-09-03,low
CUST103638,First3638,Last3638,customer3638@example.com,555-1003638,2023-08-08,medium
CUST103639,First3639,Last3639,customer3639@example.com,555-1003639,2023-10-15,low
CUST103640,First3640,Last3640,customer3640@example.com,555-1003640,2023-12-20,low
CUST103641,First3641,Last3641,customer3641@example.com,555-1003641,2024-05-02,low
CUST103642,First3642,Last3642,customer3642@example.com,555-1003642,2023-08-01,medium
CUST103643,First3643,Last3643,customer3643@example.com,555-1003643,2024-08-14,low
CUST103644,First3644,Last3644,customer3644@example.com,555-1003644,2023-12-02,low
CUST103645,First3645,Last3645,customer3645@example.com,555-1003645,2024-05-19,medium
CUST103646,First3646,Last3646,customer3646@example.com,555-1003646,2023-03-22,low
CUST103647,First3647,Last3647,customer3647@example.com,555-1003647,2023-05-02,low
CUST103648,First3648,Last3648,customer3648@example.com,555-1003648,2023-11-14,low
CUST103649,First3649,Last3649,customer3649@example.com,555-1003649,2023-09-14,medium
CUST103650,First3650,Last3650,customer3650@example.com,555-1003650,2023-12-14,low
CUST103651,First3651,Last3651,customer3651@example.com,555-1003651,2023-04-21,low
CUST103652,First3652,Last3652,customer3652@example.com,555-1003652,2023-11-28,low
CUST103653,First3653,Last3653,customer3653@example.com,555-1003653,2024-04-25,low
CUST103654,First3654,Last3654,customer3654@example.com,555-1003654,2024-05-24,low
CUST103655,First3655,Last3655,customer3655@example.com,555-1003655,2023-06-23,low
CUST103656,First3656,Last3656,customer3656@example.com,555-1003656,2023-08-30,low
CUST103657,First3657,Last3657,customer3657@example.com,555-1003657,2024-01-03,low
CUST103658,First3658,Last3658,customer3658@example.com,555-1003658,2023-12-29,medium
CUST103659,First3659,Last3659,customer3659@example.com,555-1003659,2024-07-08,low
CUST103660,First3660,Last3660,customer3660@example.com,555-1003660,2023-10-01,low
CUST103661,First3661,Last3661,customer3661@example.com,555-1003661,2024-04-14,medium
CUST103662,First3662,Last3662,customer3662@example.com,555-1003662,2024-09-10,medium
CUST103663,First3663,Last3663,customer3663@example.com,555-1003663,2023-07-28,low
CUST103664,First3664,Last3664,customer3664@example.com,555-1003664,2024-07-30,low
CUST103665,First3665,Last3665,customer3665@example.com,555-1003665,2023-08-22,low
CUST103666,First3666,Last3666,customer3666@example.com,555-1003666,2023-08-23,low
CUST103667,First3667,Last3667,customer3667@example.com,555-1003667,2024-04-02,low
CUST103668,First3668,Last3668,customer3668@example.com,555-1003668,2024-03-11,low
CUST103669,First3669,Last3669,customer3669@example.com,555-1003669,2024-01-20,low
CUST103670,First3670,Last3670,customer3670@example.com,555-1003670,2023-06-11,low
CUST103671,First3671,Last3671,customer3671@example.com,555-1003671,2023-03-09,low
CUST103672,First3672,Last3672,customer3672@example.com,555-1003672,2024-09-28,low
CUST103673,First3673,Last3673,customer3673@example.com,555-1003673,2024-09-03,low
CUST103674,First3674,Last3674,customer3674@example.com,555-1003674,2024-09-12,medium
CUST103675,First3675,Last3675,customer3675@example.com,555-1003675,2023-12-25,medium
CUST103676,First3676,Last3676,customer3676@example.com,555-1003676,2024-09-11,low
CUST103677,First3677,Last3677,customer3677@example.com,555-1003677,2023-11-28,low
CUST103678,First3678,Last3678,customer3678@example.com,555-1003678,2023-02-22,low
CUST103679,First3679,Last3679,customer3679@example.com,555-1003679,2023-05-19,low
CUST103680,First3680,Last3680,customer3680@example.com,555-1003680,2023-07-10,medium
CUST103681,First3681,Last3681,customer3681@example.com,555-1003681,2023-09-21,low
CUST103682,First3682,Last3682,customer3682@example.com,555-1003682,2024-10-19,low
CUST103683,First3683,Last3683,customer3683@example.com,555-1003683,2023-08-21,low
CUST103684,First3684,Last3684,customer3684@example.com,555-1003684,2024-03-04,low
CUST103685,First3685,Last3685,customer3685@example.com,555-1003685,2023-07-09,low
CUST103686,First3686,Last3686,customer3686@example.com,555-1003686,2024-03-26,low
CUST103687,First3687,Last3687,customer3687@example.com,555-1003687,2024-02-02,high
CUST103688,First3688,Last3688,customer3688@example.com,555-1003688,2023-04-16,low
CUST103689,First3689,Last3689,customer3689@example.com,555-1003689,2023-11-20,low
CUST103690,First3690,Last3690,customer3690@example.com,555-1003690,2023-03-15,low
CUST103691,First3691,Last3691,customer3691@example.com,555-1003691,2024-09-14,low
CUST103692,First3692,Last3692,customer3692@example.com,555-1003692,2024-05-07,low
CUST103693,First3693,Last3693,customer3693@example.com,555-1003693,2024-10-20,low
CUST103694,First3694,Last3694,customer3694@example.com,555-1003694,2024-09-04,medium
CUST103695,First3695,Last3695,customer3695@example.com,555-1003695,2023-06-03,low
CUST103696,First3696,Last3696,customer3696@example.com,555-1003696,2024-05-10,low
CUST103697,First3697,Last3697,customer3697@example.com,555-1003697,2023-03-12,low
CUST103698,First3698,Last3698,customer3698@example.com,555-1003698,2024-11-03,low
CUST103699,First3699,Last3699,customer3699@example.com,555-1003699,2024-07-03,low
CUST103700,First3700,Last3700,customer3700@example.com,555-1003700,2024-04-21,medium
CUST103701,First3701,Last3701,customer3701@example.com,555-1003701,2024-11-27,low
CUST103702,First3702,Last3702,customer3702@example.com,555-1003702,2024-08-15,low
CUST103703,First3703,Last3703,customer3703@example.com,555-1003703,2024-08-27,low
CUST103704,First3704,Last3704,customer3704@example.com,555-1003704,2023-03-12,low
CUST103705,First3705,Last3705,customer3705@example.com,555-1003705,2023-01-17,low
CUST103706,First3706,Last3706,customer3706@example.com,555-1003706,2024-11-03,low
CUST103707,First3707,Last3707,customer3707@example.com,555-1003707,2023-06-25,low
CUST103708,First3708,Last3708,customer3708@example.com,555-1003708,2023-10-26,low
CUST103709,First3709,Last3709,customer3709@example.com,555-1003709,2023-01-31,medium
CUST103710,First3710,Last3710,customer3710@example.com,555-1003710,2024-03-12,medium
CUST103711,First3711,Last3711,customer3711@example.com,555-1003711,2024-07-28,medium
CUST103712,First3712,Last3712,customer3712@example.com,555-1003712,2024-08-12,high
CUST103713,First3713,Last3713,customer3713@example.com,555-1003713,2024-02-11,medium
CUST103714,First3714,Last3714,customer3714@example.com,555-1003714,2024-04-07,medium
CUST103715,First3715,Last3715,customer3715@example.com,555-1003715,2023-12-26,medium
CUST103716,First3716,Last3716,customer3716@example.com,555-1003716,2023-11-09,medium
CUST103717,First3717,Last3717,customer3717@example.com,555-1003717,2024-01-24,medium
CUST103718,First3718,Last3718,customer3718@example.com,555-1003718,2024-10-17,medium
CUST103719,First3719,Last3719,customer3719@example.com,555-1003719,2023-06-26,low
CUST103720,First3720,Last3720,customer3720@example.com,555-1003720,2023-11-26,low
CUST103721,First3721,Last3721,customer3721@example.com,555-1003721,2024-02-26,low
CUST103722,First3722,Last3722,customer3722@example.com,555-1003722,2024-02-04,medium
CUST103723,First3723,Last3723,customer3723@example.com,555-1003723,2023-01-22,low
CUST103724,First3724,Last3724,customer3724@example.com,555-1003724,2023-07-21,medium
CUST103725,First3725,Last3725,customer3725@example.com,555-1003725,2024-03-28,medium
CUST103726,First3726,Last3726,customer3726@example.com,555-1003726,2024-04-30,high
CUST103727,First3727,Last3727,customer3727@example.com,555-1003727,2024-05-29,low
CUST103728,First3728,Last3728,customer3728@example.com,555-1003728,2024-11-24,medium
CUST103729,First3729,Last3729,customer3729@example.com,555-1003729,2024-04-16,medium
CUST103730,First3730,Last3730,customer3730@example.com,555-1003730,2024-02-10,medium
CUST103731,First3731,Last3731,customer3731@example.com,555-1003731,2023-08-21,medium
CUST103732,First3732,Last3732,customer3732@example.com,555-1003732,2023-09-17,low
CUST103733,First3733,Last3733,customer3733@example.com,555-1003733,2024-08-01,low
CUST103734,First3734,Last3734,customer3734@example.com,555-1003734,2023-11-25,low
CUST103735,First3735,Last3735,customer3735@example.com,555-1003735,2024-05-15,high
CUST103736,First3736,Last3736,customer3736@example.com,555-1003736,2023-03-28,low
CUST103737,First3737,Last3737,customer3737@example.com,555-1003737,2023-03-31,medium
CUST103738,First3738,Last3738,customer3738@example.com,555-1003738,2023-05-31,medium
CUST103739,First3739,Last3739,customer3739@example.com,555-1003739,2023-05-17,low
CUST103740,First3740,Last3740,customer3740@example.com,555-1003740,2024-02-29,low
CUST103741,First3741,Last3741,customer3741@example.com,555-1003741,2024-03-21,low
CUST103742,First3742,Last3742,customer3742@example.com,555-1003742,2024-01-26,medium
CUST103743,First3743,Last3743,customer3743@example.com,555-1003743,2023-07-22,low
CUST103744,First3744,Last3744,customer3744@example.com,555-1003744,2024-02-08,low
CUST103745,First3745,Last3745,customer3745@example.com,555-1003745,2023-03-25,medium
CUST103746,First3746,Last3746,customer3746@example.com,555-1003746,2023-11-27,low
CUST103747,First3747,Last3747,customer3747@example.com,555-1003747,2023-04-19,medium
CUST103748,First3748,Last3748,customer3748@example.com,555-1003748,2023-02-23,low
CUST103749,First3749,Last3749,customer3749@example.com,555-1003749,2023-04-26,low
CUST103750,First3750,Last3750,customer3750@example.com,555-1003750,2023-03-19,low
CUST103751,First3751,Last3751,customer3751@example.com,555-1003751,2023-12-01,low
CUST103752,First3752,Last3752,customer3752@example.com,555-1003752,2024-01-18,low
CUST103753,First3753,Last3753,customer3753@example.com,555-1003753,2024-03-01,medium
CUST103754,First3754,Last3754,customer3754@example.com,555-1003754,2023-11-04,low
CUST103755,First3755,Last3755,customer3755@example.com,555-1003755,2023-05-04,low
CUST103756,First3756,Last3756,customer3756@example.com,555-1003756,2023-01-15,low
CUST103757,First3757,Last3757,customer3757@example.com,555-1003757,2024-05-13,low
CUST103758,First3758,Last3758,customer3758@example.com,555-1003758,2024-11-18,medium
CUST103759,First3759,Last3759,customer3759@example.com,555-1003759,2023-07-16,low
CUST103760,First3760,Last3760,customer3760@example.com,555-1003760,2023-05-24,high
CUST103761,First3761,Last3761,customer3761@example.com,555-1003761,2023-08-07,low
CUST103762,First3762,Last3762,customer3762@example.com,555-1003762,2023-05-31,low
CUST103763,First3763,Last3763,customer3763@example.com,555-1003763,2023-06-06,low
CUST103764,First3764,Last3764,customer3764@example.com,555-1003764,2023-12-13,low
CUST103765,First3765,Last3765,customer3765@example.com,555-1003765,2024-07-03,medium
CUST103766,First3766,Last3766,customer3766@example.com,555-1003766,2024-05-13,low
CUST103767,First3767,Last3767,customer3767@example.com,555-1003767,2024-11-02,low
CUST103768,First3768,Last3768,customer3768@example.com,555-1003768,2023-09-08,low
CUST103769,First3769,Last3769,customer3769@example.com,555-1003769,2023-12-11,low
CUST103770,First3770,Last3770,customer3770@example.com,555-1003770,2023-09-24,medium
CUST103771,First3771,Last3771,customer3771@example.com,555-1003771,2023-01-30,high
CUST103772,First3772,Last3772,customer3772@example.com,555-1003772,2023-09-29,low
CUST103773,First3773,Last3773,customer3773@example.com,555-1003773,2023-07-02,medium
CUST103774,First3774,Last3774,customer3774@example.com,555-1003774,2023-12-02,medium
CUST103775,First3775,Last3775,customer3775@example.com,555-1003775,2023-04-21,low
CUST103776,First3776,Last3776,customer3776@example.com,555-1003776,2024-06-03,medium
CUST103777,First3777,Last3777,customer3777@example.com,555-1003777,2024-08-12,low
CUST103778,First3778,Last3778,customer3778@example.com,555-1003778,2024-11-03,medium
CUST103779,First3779,Last3779,customer3779@example.com,555-1003779,2023-03-01,high
CUST103780,First3780,Last3780,customer3780@example.com,555-1003780,2023-03-24,low
CUST103781,First3781,Last3781,customer3781@example.com,555-1003781,2024-11-07,medium
CUST103782,First3782,Last3782,customer3782@example.com,555-1003782,2024-08-16,medium
CUST103783,First3783,Last3783,customer3783@example.com,555-1003783,2024-02-16,low
CUST103784,First3784,Last3784,customer3784@example.com,555-1003784,2023-08-14,low
CUST103785,First3785,Last3785,customer3785@example.com,555-1003785,2023-12-29,medium
CUST103786,First3786,Last3786,customer3786@example.com,555-1003786,2024-01-10,high
CUST103787,First3787,Last3787,customer3787@example.com,555-1003787,2024-08-16,low
CUST103788,First3788,Last3788,customer3788@example.com,555-1003788,2024-01-06,low
CUST103789,First3789,Last3789,customer3789@example.com,555-1003789,2023-01-20,low
CUST103790,First3790,Last3790,customer3790@example.com,555-1003790,2024-05-04,low
CUST103791,First3791,Last3791,customer3791@example.com,555-1003791,2024-06-28,low
CUST103792,First3792,Last3792,customer3792@example.com,555-1003792,2023-07-28,low
CUST103793,First3793,Last3793,customer3793@example.com,555-1003793,2023-03-23,low
CUST103794,First3794,Last3794,customer3794@example.com,555-1003794,2023-04-10,low
CUST103795,First3795,Last3795,customer3795@example.com,555-1003795,2024-08-11,low
CUST103796,First3796,Last3796,customer3796@example.com,555-1003796,2023-11-10,low
CUST103797,First3797,Last3797,customer3797@example.com,555-1003797,2024-01-06,medium
CUST103798,First3798,Last3798,customer3798@example.com,555-1003798,2024-11-03,low
CUST103799,First3799,Last3799,customer3799@example.com,555-1003799,2023-02-12,low
CUST103800,First3800,Last3800,customer3800@example.com,555-1003800,2023-05-25,low
CUST103801,First3801,Last3801,customer3801@example.com,555-1003801,2024-08-06,low
CUST103802,First3802,Last3802,customer3802@example.com,555-1003802,2024-01-14,low
CUST103803,First3803,Last3803,customer3803@example.com,555-1003803,2023-01-20,low
CUST103804,First3804,Last3804,customer3804@example.com,555-1003804,2024-05-07,low
CUST103805,First3805,Last3805,customer3805@example.com,555-1003805,2023-04-07,low
CUST103806,First3806,Last3806,customer3806@example.com,555-1003806,2024-07-01,low
CUST103807,First3807,Last3807,customer3807@example.com,555-1003807,2024-07-12,low
CUST103808,First3808,Last3808,customer3808@example.com,555-1003808,2024-07-31,medium
CUST103809,First3809,Last3809,customer3809@example.com,555-1003809,2023-11-22,medium
CUST103810,First3810,Last3810,customer3810@example.com,555-1003810,2023-07-07,low
CUST103811,First3811,Last3811,customer3811@example.com,555-1003811,2024-09-08,low
CUST103812,First3812,Last3812,customer3812@example.com,555-1003812,2024-01-27,low
CUST103813,First3813,Last3813,customer3813@example.com,555-1003813,2024-03-20,low
CUST103814,First3814,Last3814,customer3814@example.com,555-1003814,2023-04-06,low
CUST103815,First3815,Last3815,customer3815@example.com,555-1003815,2024-03-12,low
CUST103816,First3816,Last3816,customer3816@example.com,555-1003816,2024-02-11,low
CUST103817,First3817,Last3817,customer3817@example.com,555-1003817,2023-07-24,low
CUST103818,First3818,Last3818,customer3818@example.com,555-1003818,2024-06-20,low
CUST103819,First3819,Last3819,customer3819@example.com,555-1003819,2023-04-04,medium
CUST103820,First3820,Last3820,customer3820@example.com,555-1003820,2024-05-18,medium
CUST103821,First3821,Last3821,customer3821@example.com,555-1003821,2024-11-03,low
CUST103822,First3822,Last3822,customer3822@example.com,555-1003822,2024-02-02,low
CUST103823,First3823,Last3823,customer3823@example.com,555-1003823,2023-03-15,low
CUST103824,First3824,Last3824,customer3824@example.com,555-1003824,2024-01-23,medium
CUST103825,First3825,Last3825,customer3825@example.com,555-1003825,2024-01-06,low
CUST103826,First3826,Last3826,customer3826@example.com,555-1003826,2024-01-22,low
CUST103827,First3827,Last3827,customer3827@example.com,555-1003827,2023-07-10,low
CUST103828,First3828,Last3828,customer3828@example.com,555-1003828,2024-03-14,medium
CUST103829,First3829,Last3829,customer3829@example.com,555-1003829,2023-07-04,low
CUST103830,First3830,Last3830,customer3830@example.com,555-1003830,2024-01-26,low
CUST103831,First3831,Last3831,customer3831@example.com,555-1003831,2024-02-21,low
CUST103832,First3832,Last3832,customer3832@example.com,555-1003832,2024-03-28,low
CUST103833,First3833,Last3833,customer3833@example.com,555-1003833,2024-07-12,low
CUST103834,First3834,Last3834,customer3834@example.com,555-1003834,2024-09-09,low
CUST103835,First3835,Last3835,customer3835@example.com,555-1003835,2024-06-28,low
CUST103836,First3836,Last3836,customer3836@example.com,555-1003836,2024-07-11,low
CUST103837,First3837,Last3837,customer3837@example.com,555-1003837,2024-08-31,low
CUST103838,First3838,Last3838,customer3838@example.com,555-1003838,2023-06-19,medium
CUST103839,First3839,Last3839,customer3839@example.com,555-1003839,2023-07-25,low
CUST103840,First3840,Last3840,customer3840@example.com,555-1003840,2024-01-09,low
CUST103841,First3841,Last3841,customer3841@example.com,555-1003841,2023-11-23,low
CUST103842,First3842,Last3842,customer3842@example.com,555-1003842,2024-05-06,low
CUST103843,First3843,Last3843,customer3843@example.com,555-1003843,2023-01-07,low
CUST103844,First3844,Last3844,customer3844@example.com,555-1003844,2023-04-08,high
CUST103845,First3845,Last3845,customer3845@example.com,555-1003845,2024-06-06,low
CUST103846,First3846,Last3846,customer3846@example.com,555-1003846,2024-07-29,medium
CUST103847,First3847,Last3847,customer3847@example.com,555-1003847,2023-07-31,medium
CUST103848,First3848,Last3848,customer3848@example.com,555-1003848,2023-08-06,low
CUST103849,First3849,Last3849,customer3849@example.com,555-1003849,2024-01-29,low
CUST103850,First3850,Last3850,customer3850@example.com,555-1003850,2023-11-30,low
CUST103851,First3851,Last3851,customer3851@example.com,555-1003851,2023-04-29,low
CUST103852,First3852,Last3852,customer3852@example.com,555-1003852,2023-12-17,low
CUST103853,First3853,Last3853,customer3853@example.com,555-1003853,2024-07-27,low
CUST103854,First3854,Last3854,customer3854@example.com,555-1003854,2024-05-25,low
CUST103855,First3855,Last3855,customer3855@example.com,555-1003855,2024-07-26,low
CUST103856,First3856,Last3856,customer3856@example.com,555-1003856,2024-03-26,medium
CUST103857,First3857,Last3857,customer3857@example.com,555-1003857,2024-09-06,low
CUST103858,First3858,Last3858,customer3858@example.com,555-1003858,2023-06-24,medium
CUST103859,First3859,Last3859,customer3859@example.com,555-1003859,2023-02-02,low
CUST103860,First3860,Last3860,customer3860@example.com,555-1003860,2023-03-21,low
CUST103861,First3861,Last3861,customer3861@example.com,555-1003861,2024-11-25,low
CUST103862,First3862,Last3862,customer3862@example.com,555-1003862,2024-03-24,low
CUST103863,First3863,Last3863,customer3863@example.com,555-1003863,2023-06-23,low
CUST103864,First3864,Last3864,customer3864@example.com,555-1003864,2024-08-20,medium
CUST103865,First3865,Last3865,customer3865@example.com,555-1003865,2023-08-05,low
CUST103866,First3866,Last3866,customer3866@example.com,555-1003866,2024-02-23,low
CUST103867,First3867,Last3867,customer3867@example.com,555-1003867,2023-06-24,low
CUST103868,First3868,Last3868,customer3868@example.com,555-1003868,2023-03-08,low
CUST103869,First3869,Last3869,customer3869@example.com,555-1003869,2023-07-07,low
CUST103870,First3870,Last3870,customer3870@example.com,555-1003870,2023-06-09,low
CUST103871,First3871,Last3871,customer3871@example.com,555-1003871,2024-01-22,low
CUST103872,First3872,Last3872,customer3872@example.com,555-1003872,2023-01-15,low
CUST103873,First3873,Last3873,customer3873@example.com,555-1003873,2023-06-17,low
CUST103874,First3874,Last3874,customer3874@example.com,555-1003874,2024-02-02,high
CUST103875,First3875,Last3875,customer3875@example.com,555-1003875,2023-10-03,low
CUST103876,First3876,Last3876,customer3876@example.com,555-1003876,2024-03-21,low
CUST103877,First3877,Last3877,customer3877@example.com,555-1003877,2024-04-03,high
CUST103878,First3878,Last3878,customer3878@example.com,555-1003878,2024-11-06,low
CUST103879,First3879,Last3879,customer3879@example.com,555-1003879,2024-08-08,low
CUST103880,First3880,Last3880,customer3880@example.com,555-1003880,2023-06-09,medium
CUST103881,First3881,Last3881,customer3881@example.com,555-1003881,2024-04-29,medium
CUST103882,First3882,Last3882,customer3882@example.com,555-1003882,2024-03-15,medium
CUST103883,First3883,Last3883,customer3883@example.com,555-1003883,2024-02-21,low
CUST103884,First3884,Last3884,customer3884@example.com,555-1003884,2024-07-13,high
CUST103885,First3885,Last3885,customer3885@example.com,555-1003885,2023-04-14,low
CUST103886,First3886,Last3886,customer3886@example.com,555-1003886,2023-09-20,high
CUST103887,First3887,Last3887,customer3887@example.com,555-1003887,2024-07-25,medium
CUST103888,First3888,Last3888,customer3888@example.com,555-1003888,2024-09-16,medium
CUST103889,First3889,Last3889,customer3889@example.com,555-1003889,2023-01-27,low
CUST103890,First3890,Last3890,customer3890@example.com,555-1003890,2023-11-27,low
CUST103891,First3891,Last3891,customer3891@example.com,555-1003891,2023-07-04,low
CUST103892,First3892,Last3892,customer3892@example.com,555-1003892,2023-04-28,low
CUST103893,First3893,Last3893,customer3893@example.com,555-1003893,2023-02-09,low
CUST103894,First3894,Last3894,customer3894@example.com,555-1003894,2024-01-12,medium
CUST103895,First3895,Last3895,customer3895@example.com,555-1003895,2024-04-12,low
CUST103896,First3896,Last3896,customer3896@example.com,555-1003896,2024-01-07,low
CUST103897,First3897,Last3897,customer3897@example.com,555-1003897,2023-09-15,low
CUST103898,First3898,Last3898,customer3898@example.com,555-1003898,2024-06-23,low
CUST103899,First3899,Last3899,customer3899@example.com,555-1003899,2024-04-01,low
CUST103900,First3900,Last3900,customer3900@example.com,555-1003900,2024-09-27,low
CUST103901,First3901,Last3901,customer3901@example.com,555-1003901,2023-08-31,medium
CUST103902,First3902,Last3902,customer3902@example.com,555-1003902,2023-06-17,medium
CUST103903,First3903,Last3903,customer3903@example.com,555-1003903,2023-11-16,low
CUST103904,First3904,Last3904,customer3904@example.com,555-1003904,2023-12-21,low
CUST103905,First3905,Last3905,customer3905@example.com,555-1003905,2023-11-17,low
CUST103906,First3906,Last3906,customer3906@example.com,555-1003906,2024-08-05,medium
CUST103907,First3907,Last3907,customer3907@example.com,555-1003907,2023-02-01,medium
CUST103908,First3908,Last3908,customer3908@example.com,555-1003908,2024-01-05,low
CUST103909,First3909,Last3909,customer3909@example.com,555-1003909,2023-10-29,medium
CUST103910,First3910,Last3910,customer3910@example.com,555-1003910,2023-05-28,low
CUST103911,First3911,Last3911,customer3911@example.com,555-1003911,2024-03-24,low
CUST103912,First3912,Last3912,customer3912@example.com,555-1003912,2024-07-14,medium
CUST103913,First3913,Last3913,customer3913@example.com,555-1003913,2024-01-18,low
CUST103914,First3914,Last3914,customer3914@example.com,555-1003914,2023-03-01,low
CUST103915,First3915,Last3915,customer3915@example.com,555-1003915,2023-02-22,low
CUST103916,First3916,Last3916,customer3916@example.com,555-1003916,2023-10-23,low
CUST103917,First3917,Last3917,customer3917@example.com,555-1003917,2024-04-12,low
CUST103918,First3918,Last3918,customer3918@example.com,555-1003918,2023-08-08,low
CUST103919,First3919,Last3919,customer3919@example.com,555-1003919,2023-08-05,low
CUST103920,First3920,Last3920,customer3920@example.com,555-1003920,2024-08-25,low
CUST103921,First3921,Last3921,customer3921@example.com,555-1003921,2023-01-11,medium
CUST103922,First3922,Last3922,customer3922@example.com,555-1003922,2023-02-25,low
CUST103923,First3923,Last3923,customer3923@example.com,555-1003923,2023-04-19,medium
CUST103924,First3924,Last3924,customer3924@example.com,555-1003924,2024-11-19,low
CUST103925,First3925,Last3925,customer3925@example.com,555-1003925,2023-12-15,low
CUST103926,First3926,Last3926,customer3926@example.com,555-1003926,2023-04-21,low
CUST103927,First3927,Last3927,customer3927@example.com,555-1003927,2023-08-06,medium
CUST103928,First3928,Last3928,customer3928@example.com,555-1003928,2024-11-09,low
CUST103929,First3929,Last3929,customer3929@example.com,555-1003929,2024-05-01,medium
CUST103930,First3930,Last3930,customer3930@example.com,555-1003930,2023-06-06,low
CUST103931,First3931,Last3931,customer3931@example.com,555-1003931,2023-06-18,low
CUST103932,First3932,Last3932,customer3932@example.com,555-1003932,2023-02-22,low
CUST103933,First3933,Last3933,customer3933@example.com,555-1003933,2024-06-24,low
CUST103934,First3934,Last3934,customer3934@example.com,555-1003934,2023-04-07,low
CUST103935,First3935,Last3935,customer3935@example.com,555-1003935,2023-07-20,low
CUST103936,First3936,Last3936,customer3936@example.com,555-1003936,2023-09-01,low
CUST103937,First3937,Last3937,customer3937@example.com,555-1003937,2024-03-10,low
CUST103938,First3938,Last3938,customer3938@example.com,555-1003938,2024-02-29,low
CUST103939,First3939,Last3939,customer3939@example.com,555-1003939,2024-07-13,low
CUST103940,First3940,Last3940,customer3940@example.com,555-1003940,2023-07-28,low
CUST103941,First3941,Last3941,customer3941@example.com,555-1003941,2023-09-27,low
CUST103942,First3942,Last3942,customer3942@example.com,555-1003942,2023-09-30,low
CUST103943,First3943,Last3943,customer3943@example.com,555-1003943,2023-02-02,low
CUST103944,First3944,Last3944,customer3944@example.com,555-1003944,2024-05-31,low
CUST103945,First3945,Last3945,customer3945@example.com,555-1003945,2024-01-10,medium
CUST103946,First3946,Last3946,customer3946@example.com,555-1003946,2023-11-29,low
CUST103947,First3947,Last3947,customer3947@example.com,555-1003947,2024-11-27,low
CUST103948,First3948,Last3948,customer3948@example.com,555-1003948,2023-05-06,medium
CUST103949,First3949,Last3949,customer3949@example.com,555-1003949,2024-11-09,low
CUST103950,First3950,Last3950,customer3950@example.com,555-1003950,2024-04-21,low
CUST103951,First3951,Last3951,customer3951@example.com,555-1003951,2023-06-04,high
CUST103952,First3952,Last3952,customer3952@example.com,555-1003952,2024-04-19,medium
CUST103953,First3953,Last3953,customer3953@example.com,555-1003953,2024-06-12,medium
CUST103954,First3954,Last3954,customer3954@example.com,555-1003954,2023-09-11,low
CUST103955,First3955,Last3955,customer3955@example.com,555-1003955,2023-08-30,low
CUST103956,First3956,Last3956,customer3956@example.com,555-1003956,2024-08-07,high
CUST103957,First3957,Last3957,customer3957@example.com,555-1003957,2023-04-23,medium
CUST103958,First3958,Last3958,customer3958@example.com,555-1003958,2023-01-10,low
CUST103959,First3959,Last3959,customer3959@example.com,555-1003959,2024-04-11,low
CUST103960,First3960,Last3960,customer3960@example.com,555-1003960,2024-09-26,low
CUST103961,First3961,Last3961,customer3961@example.com,555-1003961,2023-12-17,low
CUST103962,First3962,Last3962,customer3962@example.com,555-1003962,2023-04-05,low
CUST103963,First3963,Last3963,customer3963@example.com,555-1003963,2024-01-13,low
CUST103964,First3964,Last3964,customer3964@example.com,555-1003964,2023-06-26,low
CUST103965,First3965,Last3965,customer3965@example.com,555-1003965,2024-08-02,low
CUST103966,First3966,Last3966,customer3966@example.com,555-1003966,2024-03-04,low
CUST103967,First3967,Last3967,customer3967@example.com,555-1003967,2023-08-24,low
CUST103968,First3968,Last3968,customer3968@example.com,555-1003968,2024-03-13,low
CUST103969,First3969,Last3969,customer3969@example.com,555-1003969,2024-04-11,low
CUST103970,First3970,Last3970,customer3970@example.com,555-1003970,2024-04-20,high
CUST103971,First3971,Last3971,customer3971@example.com,555-1003971,2023-09-14,low
CUST103972,First3972,Last3972,customer3972@example.com,555-1003972,2024-02-04,low
CUST103973,First3973,Last3973,customer3973@example.com,555-1003973,2023-01-30,low
CUST103974,First3974,Last3974,customer3974@example.com,555-1003974,2023-10-10,low
CUST103975,First3975,Last3975,customer3975@example.com,555-1003975,2023-09-22,low
CUST103976,First3976,Last3976,customer3976@example.com,555-1003976,2024-01-10,low
CUST103977,First3977,Last3977,customer3977@example.com,555-1003977,2024-10-27,low
CUST103978,First3978,Last3978,customer3978@example.com,555-1003978,2024-10-29,low
CUST103979,First3979,Last3979,customer3979@example.com,555-1003979,2023-12-05,low
CUST103980,First3980,Last3980,customer3980@example.com,555-1003980,2024-03-28,low
CUST103981,First3981,Last3981,customer3981@example.com,555-1003981,2023-03-17,low
CUST103982,First3982,Last3982,customer3982@example.com,555-1003982,2023-12-04,low
CUST103983,First3983,Last3983,customer3983@example.com,555-1003983,2024-04-26,low
CUST103984,First3984,Last3984,customer3984@example.com,555-1003984,2024-04-22,low
CUST103985,First3985,Last3985,customer3985@example.com,555-1003985,2024-11-05,low
CUST103986,First3986,Last3986,customer3986@example.com,555-1003986,2023-11-23,low
CUST103987,First3987,Last3987,customer3987@example.com,555-1003987,2024-09-27,low
CUST103988,First3988,Last3988,customer3988@example.com,555-1003988,2024-11-16,high
CUST103989,First3989,Last3989,customer3989@example.com,555-1003989,2024-02-05,high
CUST103990,First3990,Last3990,customer3990@example.com,555-1003990,2023-03-06,high
CUST103991,First3991,Last3991,customer3991@example.com,555-1003991,2023-09-21,low
CUST103992,First3992,Last3992,customer3992@example.com,555-1003992,2024-06-19,low
CUST103993,First3993,Last3993,customer3993@example.com,555-1003993,2024-02-11,low
CUST103994,First3994,Last3994,customer3994@example.com,555-1003994,2024-10-17,low
CUST103995,First3995,Last3995,customer3995@example.com,555-1003995,2024-07-25,low
CUST103996,First3996,Last3996,customer3996@example.com,555-1003996,2023-02-14,low
CUST103997,First3997,Last3997,customer3997@example.com,555-1003997,2024-08-25,low
CUST103998,First3998,Last3998,customer3998@example.com,555-1003998,2023-09-08,low
CUST103999,First3999,Last3999,customer3999@example.com,555-1003999,2024-07-27,low
